Running: Aha-floor-Qwen3.5-4B-6karmA  (aha_beta=4.0, floor_alpha=0.1)
Teacher: frozen init copy (source=legacy, update_rate=0.0)
2026-09-09 22:03:41,680	INFO worker.py:1998 -- Started a local Ray instance. View the dashboard at [1m[32mhttp://127.0.0.1:8265 [39m[22m
/sfs/weka/scratch/nkw3mr/envs/vision-opd/lib/python3.12/site-packages/ray/_private/worker.py:2046: FutureWarning: Tip: In future versions of Ray, Ray will no longer override accelerator visible devices env var if num_gpus=0 or num_gpus=None (default). To enable this behavior and turn off this error message, set RAY_ACCEL_ENV_VAR_OVERRIDE_ON_ZERO=0
  warnings.warn(
[36m(TaskRunner pid=168327)[0m /sfs/weka/scratch/nkw3mr/Vision-OPD-OPSA/verl/trainer/main_ppo.py:320: UserWarning: Disabled critic as algorithm.adv_estimator != gae. If it is not intended, please set critic.enable=True
[36m(TaskRunner pid=168327)[0m   use_critic=need_critic(config),
[36m(TaskRunner pid=168327)[0m /sfs/weka/scratch/nkw3mr/Vision-OPD-OPSA/verl/utils/profiler/config.py:52: UserWarning: Torch profiler tool config is not fully supported now.
[36m(TaskRunner pid=168327)[0m   warnings.warn("Torch profiler tool config is not fully supported now.", stacklevel=1)
ray init kwargs: {'num_cpus': None, 'runtime_env': {'env_vars': {'TOKENIZERS_PARALLELISM': 'true', 'NCCL_DEBUG': 'WARN', 'VLLM_LOGGING_LEVEL': 'WARN', 'VLLM_ALLOW_RUNTIME_LORA_UPDATING': 'true', 'VLLM_ALLREDUCE_USE_SYMM_MEM': '0', 'CUDA_DEVICE_MAX_CONNECTIONS': '1', 'NCCL_CUMEM_ENABLE': '0'}, 'working_dir': None}}
[36m(TaskRunner pid=168327)[0m TaskRunner hostname: udc-aw37-6, PID: 168327
[36m(TaskRunner pid=168327)[0m {'actor_rollout_ref': {'actor': {'_target_': 'verl.workers.config.FSDPActorConfig',
[36m(TaskRunner pid=168327)[0m                                  'calculate_entropy': False,
[36m(TaskRunner pid=168327)[0m                                  'calculate_sum_pi_squared': False,
[36m(TaskRunner pid=168327)[0m                                  'checkpoint': {'_target_': 'verl.trainer.config.CheckpointConfig',
[36m(TaskRunner pid=168327)[0m                                                 'async_save': False,
[36m(TaskRunner pid=168327)[0m                                                 'load_contents': ['model',
[36m(TaskRunner pid=168327)[0m                                                                   'optimizer',
[36m(TaskRunner pid=168327)[0m                                                                   'extra'],
[36m(TaskRunner pid=168327)[0m                                                 'save_contents': ['model',
[36m(TaskRunner pid=168327)[0m                                                                   'optimizer',
[36m(TaskRunner pid=168327)[0m                                                                   'extra']},
[36m(TaskRunner pid=168327)[0m                                  'clip_ratio': 0.2,
[36m(TaskRunner pid=168327)[0m                                  'clip_ratio_c': 3.0,
[36m(TaskRunner pid=168327)[0m                                  'clip_ratio_high': 0.3,
[36m(TaskRunner pid=168327)[0m                                  'clip_ratio_low': 0.2,
[36m(TaskRunner pid=168327)[0m                                  'data_loader_seed': 42,
[36m(TaskRunner pid=168327)[0m                                  'entropy_checkpointing': False,
[36m(TaskRunner pid=168327)[0m                                  'entropy_coeff': 0,
[36m(TaskRunner pid=168327)[0m                                  'entropy_from_logits_with_chunking': False,
[36m(TaskRunner pid=168327)[0m                                  'freeze_vision_tower': False,
[36m(TaskRunner pid=168327)[0m                                  'fsdp_config': {'_target_': 'verl.workers.config.FSDPEngineConfig',
[36m(TaskRunner pid=168327)[0m                                                  'dtype': 'bfloat16',
[36m(TaskRunner pid=168327)[0m                                                  'entropy_checkpointing': False,
[36m(TaskRunner pid=168327)[0m                                                  'entropy_from_logits_with_chunking': False,
[36m(TaskRunner pid=168327)[0m                                                  'forward_only': False,
[36m(TaskRunner pid=168327)[0m                                                  'forward_prefetch': False,
[36m(TaskRunner pid=168327)[0m                                                  'fsdp_size': -1,
[36m(TaskRunner pid=168327)[0m                                                  'full_determinism': False,
[36m(TaskRunner pid=168327)[0m                                                  'model_dtype': 'fp32',
[36m(TaskRunner pid=168327)[0m                                                  'offload_policy': False,
[36m(TaskRunner pid=168327)[0m                                                  'optimizer_offload': True,
[36m(TaskRunner pid=168327)[0m                                                  'param_offload': True,
[36m(TaskRunner pid=168327)[0m                                                  'reshard_after_forward': True,
[36m(TaskRunner pid=168327)[0m                                                  'seed': 42,
[36m(TaskRunner pid=168327)[0m                                                  'strategy': 'fsdp',
[36m(TaskRunner pid=168327)[0m                                                  'ulysses_sequence_parallel_size': 1,
[36m(TaskRunner pid=168327)[0m                                                  'use_orig_params': False,
[36m(TaskRunner pid=168327)[0m                                                  'use_torch_compile': True,
[36m(TaskRunner pid=168327)[0m                                                  'wrap_policy': {'min_num_params': 0}},
[36m(TaskRunner pid=168327)[0m                                  'grad_clip': 1.0,
[36m(TaskRunner pid=168327)[0m                                  'kl_loss_coef': 0.001,
[36m(TaskRunner pid=168327)[0m                                  'kl_loss_type': 'low_var_kl',
[36m(TaskRunner pid=168327)[0m                                  'loss_agg_mode': 'token-mean',
[36m(TaskRunner pid=168327)[0m                                  'loss_scale_factor': None,
[36m(TaskRunner pid=168327)[0m                                  'optim': {'_target_': 'verl.workers.config.FSDPOptimizerConfig',
[36m(TaskRunner pid=168327)[0m                                            'betas': [0.9, 0.999],
[36m(TaskRunner pid=168327)[0m                                            'clip_grad': 1.0,
[36m(TaskRunner pid=168327)[0m                                            'lr': 2e-06,
[36m(TaskRunner pid=168327)[0m                                            'lr_scheduler_type': 'constant',
[36m(TaskRunner pid=168327)[0m                                            'lr_warmup_steps': 10,
[36m(TaskRunner pid=168327)[0m                                            'lr_warmup_steps_ratio': 0.0,
[36m(TaskRunner pid=168327)[0m                                            'min_lr_ratio': 0.0,
[36m(TaskRunner pid=168327)[0m                                            'num_cycles': 0.5,
[36m(TaskRunner pid=168327)[0m                                            'optimizer': 'AdamW',
[36m(TaskRunner pid=168327)[0m                                            'optimizer_impl': 'torch.optim',
[36m(TaskRunner pid=168327)[0m                                            'override_optimizer_config': None,
[36m(TaskRunner pid=168327)[0m                                            'total_training_steps': -1,
[36m(TaskRunner pid=168327)[0m                                            'warmup_style': None,
[36m(TaskRunner pid=168327)[0m                                            'weight_decay': 0.01},
[36m(TaskRunner pid=168327)[0m                                  'policy_loss': {'_target_': 'verl.workers.config.PolicyLossConfig',
[36m(TaskRunner pid=168327)[0m                                                  'clip_cov_lb': 1.0,
[36m(TaskRunner pid=168327)[0m                                                  'clip_cov_ratio': 0.0002,
[36m(TaskRunner pid=168327)[0m                                                  'clip_cov_ub': 5.0,
[36m(TaskRunner pid=168327)[0m                                                  'kl_cov_ratio': 0.0002,
[36m(TaskRunner pid=168327)[0m                                                  'loss_mode': 'vopd',
[36m(TaskRunner pid=168327)[0m                                                  'ppo_kl_coef': 0.1},
[36m(TaskRunner pid=168327)[0m                                  'ppo_epochs': 1,
[36m(TaskRunner pid=168327)[0m                                  'ppo_max_token_len_per_gpu': 9216,
[36m(TaskRunner pid=168327)[0m                                  'ppo_micro_batch_size': None,
[36m(TaskRunner pid=168327)[0m                                  'ppo_micro_batch_size_per_gpu': 1,
[36m(TaskRunner pid=168327)[0m                                  'ppo_mini_batch_size': 48,
[36m(TaskRunner pid=168327)[0m                                  'profiler': {'_target_': 'verl.utils.profiler.ProfilerConfig',
[36m(TaskRunner pid=168327)[0m                                               'all_ranks': False,
[36m(TaskRunner pid=168327)[0m                                               'enable': False,
[36m(TaskRunner pid=168327)[0m                                               'ranks': [],
[36m(TaskRunner pid=168327)[0m                                               'save_path': 'outputs/profile',
[36m(TaskRunner pid=168327)[0m                                               'tool': None,
[36m(TaskRunner pid=168327)[0m                                               'tool_config': {'npu': {'_target_': 'verl.utils.profiler.config.NPUToolConfig',
[36m(TaskRunner pid=168327)[0m                                                                       'analysis': True,
[36m(TaskRunner pid=168327)[0m                                                                       'contents': [],
[36m(TaskRunner pid=168327)[0m                                                                       'discrete': False,
[36m(TaskRunner pid=168327)[0m                                                                       'level': 'level0'},
[36m(TaskRunner pid=168327)[0m                                                               'nsys': {'_target_': 'verl.utils.profiler.config.NsightToolConfig',
[36m(TaskRunner pid=168327)[0m                                                                        'discrete': False},
[36m(TaskRunner pid=168327)[0m                                                               'torch': {'_target_': 'verl.utils.profiler.config.TorchProfilerToolConfig',
[36m(TaskRunner pid=168327)[0m                                                                         'step_end': None,
[36m(TaskRunner pid=168327)[0m                                                                         'step_start': 0},
[36m(TaskRunner pid=168327)[0m                                                               'torch_memory': {'_target_': 'verl.utils.profiler.config.TorchMemoryToolConfig',
[36m(TaskRunner pid=168327)[0m                                                                                'stack_depth': 32,
[36m(TaskRunner pid=168327)[0m                                                                                'trace_alloc_max_entries': 100000}}},
[36m(TaskRunner pid=168327)[0m                                  'rollout_n': 2,
[36m(TaskRunner pid=168327)[0m                                  'router_replay': {'_target_': 'verl.workers.config.RouterReplayConfig',
[36m(TaskRunner pid=168327)[0m                                                    'mode': 'disabled',
[36m(TaskRunner pid=168327)[0m                                                    'record_file': None,
[36m(TaskRunner pid=168327)[0m                                                    'replay_file': None},
[36m(TaskRunner pid=168327)[0m                                  'self_distillation': {'_target_': 'verl.workers.config.SelfDistillationConfig',
[36m(TaskRunner pid=168327)[0m                                                        'aha_beta': 4.0,
[36m(TaskRunner pid=168327)[0m                                                        'aha_center_u': False,
[36m(TaskRunner pid=168327)[0m                                                        'aha_enable': True,
[36m(TaskRunner pid=168327)[0m                                                        'aha_floor_alpha': 0.1,
[36m(TaskRunner pid=168327)[0m                                                        'alpha': 0.5,
[36m(TaskRunner pid=168327)[0m                                                        'answer_hint_template': '\n'
[36m(TaskRunner pid=168327)[0m                                                                                '\n'
[36m(TaskRunner pid=168327)[0m                                                                                'Here '
[36m(TaskRunner pid=168327)[0m                                                                                'is '
[36m(TaskRunner pid=168327)[0m                                                                                'a '
[36m(TaskRunner pid=168327)[0m                                                                                'reference '
[36m(TaskRunner pid=168327)[0m                                                                                'solution '
[36m(TaskRunner pid=168327)[0m                                                                                'to '
[36m(TaskRunner pid=168327)[0m                                                                                'this '
[36m(TaskRunner pid=168327)[0m                                                                                'problem:\n'
[36m(TaskRunner pid=168327)[0m                                                                                '{answer}\n'
[36m(TaskRunner pid=168327)[0m                                                                                '\n'
[36m(TaskRunner pid=168327)[0m                                                                                'After '
[36m(TaskRunner pid=168327)[0m                                                                                'understanding '
[36m(TaskRunner pid=168327)[0m                                                                                'the '
[36m(TaskRunner pid=168327)[0m                                                                                'reference '
[36m(TaskRunner pid=168327)[0m                                                                                'solution, '
[36m(TaskRunner pid=168327)[0m                                                                                'please '
[36m(TaskRunner pid=168327)[0m                                                                                'try '
[36m(TaskRunner pid=168327)[0m                                                                                'to '
[36m(TaskRunner pid=168327)[0m                                                                                'solve '
[36m(TaskRunner pid=168327)[0m                                                                                'this '
[36m(TaskRunner pid=168327)[0m                                                                                'problem '
[36m(TaskRunner pid=168327)[0m                                                                                'using '
[36m(TaskRunner pid=168327)[0m                                                                                'your '
[36m(TaskRunner pid=168327)[0m                                                                                'own '
[36m(TaskRunner pid=168327)[0m                                                                                'approach '
[36m(TaskRunner pid=168327)[0m                                                                                'below:',
[36m(TaskRunner pid=168327)[0m                                                        'distillation_add_tail': True,
[36m(TaskRunner pid=168327)[0m                                                        'distillation_topk': 100,
[36m(TaskRunner pid=168327)[0m                                                        'dont_reprompt_on_self_success': True,
[36m(TaskRunner pid=168327)[0m                                                        'environment_feedback_only_without_solution': True,
[36m(TaskRunner pid=168327)[0m                                                        'evt_clip_neg': 2.0,
[36m(TaskRunner pid=168327)[0m                                                        'evt_clip_pos': 1.0,
[36m(TaskRunner pid=168327)[0m                                                        'evt_ema_eta': 0.05,
[36m(TaskRunner pid=168327)[0m                                                        'evt_enable': False,
[36m(TaskRunner pid=168327)[0m                                                        'evt_negative_only': False,
[36m(TaskRunner pid=168327)[0m                                                        'evt_neutral_base': 0.0,
[36m(TaskRunner pid=168327)[0m                                                        'evt_token_fraction': 0.2,
[36m(TaskRunner pid=168327)[0m                                                        'evt_ubar_init': None,
[36m(TaskRunner pid=168327)[0m                                                        'fallback_to_policy_loss_on_missing_teacher': False,
[36m(TaskRunner pid=168327)[0m                                                        'feedback_template': '\n'
[36m(TaskRunner pid=168327)[0m                                                                             'The '
[36m(TaskRunner pid=168327)[0m                                                                             'following '
[36m(TaskRunner pid=168327)[0m                                                                             'is '
[36m(TaskRunner pid=168327)[0m                                                                             'feedback '
[36m(TaskRunner pid=168327)[0m                                                                             'from '
[36m(TaskRunner pid=168327)[0m                                                                             'your '
[36m(TaskRunner pid=168327)[0m                                                                             'unsuccessful '
[36m(TaskRunner pid=168327)[0m                                                                             'earlier '
[36m(TaskRunner pid=168327)[0m                                                                             'attempt:\n'
[36m(TaskRunner pid=168327)[0m                                                                             '\n'
[36m(TaskRunner pid=168327)[0m                                                                             '{feedback_raw}',
[36m(TaskRunner pid=168327)[0m                                                        'full_logit_distillation': True,
[36m(TaskRunner pid=168327)[0m                                                        'gamma': 1.0,
[36m(TaskRunner pid=168327)[0m                                                        'include_environment_feedback': False,
[36m(TaskRunner pid=168327)[0m                                                        'is_clip': 2.0,
[36m(TaskRunner pid=168327)[0m                                                        'log_prob_dump_dir': None,
[36m(TaskRunner pid=168327)[0m                                                        'max_reprompt_len': 10240,
[36m(TaskRunner pid=168327)[0m                                                        'null_image_key': 'null_images',
[36m(TaskRunner pid=168327)[0m                                                        'opsa_advantage_max': -0.5,
[36m(TaskRunner pid=168327)[0m                                                        'opsa_advantage_min': -1.0,
[36m(TaskRunner pid=168327)[0m                                                        'opsa_enable': False,
[36m(TaskRunner pid=168327)[0m                                                        'opsa_fixed_advantage': None,
[36m(TaskRunner pid=168327)[0m                                                        'opsa_mode': 'entropy',
[36m(TaskRunner pid=168327)[0m                                                        'opsa_token_fraction': 0.2,
[36m(TaskRunner pid=168327)[0m                                                        'remove_thinking_from_demonstration': True,
[36m(TaskRunner pid=168327)[0m                                                        'reprompt_template': '{prompt}{solution}{feedback}\n'
[36m(TaskRunner pid=168327)[0m                                                                             '\n'
[36m(TaskRunner pid=168327)[0m                                                                             'Correctly '
[36m(TaskRunner pid=168327)[0m                                                                             'solve '
[36m(TaskRunner pid=168327)[0m                                                                             'the '
[36m(TaskRunner pid=168327)[0m                                                                             'original '
[36m(TaskRunner pid=168327)[0m                                                                             'question.',
[36m(TaskRunner pid=168327)[0m                                                        'reprompt_truncation': 'right',
[36m(TaskRunner pid=168327)[0m                                                        'sa_beta_max': 8.0,
[36m(TaskRunner pid=168327)[0m                                                        'sa_binary_iters': 8,
[36m(TaskRunner pid=168327)[0m                                                        'sa_center_u': False,
[36m(TaskRunner pid=168327)[0m                                                        'sa_eps_max': 0.5,
[36m(TaskRunner pid=168327)[0m                                                        'sa_lambda': 1.0,
[36m(TaskRunner pid=168327)[0m                                                        'sa_rho': 0.9,
[36m(TaskRunner pid=168327)[0m                                                        'sa_tau_e': 0.03,
[36m(TaskRunner pid=168327)[0m                                                        'sa_temp_e': 0.015,
[36m(TaskRunner pid=168327)[0m                                                        'sa_u_clip': None,
[36m(TaskRunner pid=168327)[0m                                                        'sa_zero_floor': False,
[36m(TaskRunner pid=168327)[0m                                                        'solution_template': '\n'
[36m(TaskRunner pid=168327)[0m                                                                             'Correct '
[36m(TaskRunner pid=168327)[0m                                                                             'solution:\n'
[36m(TaskRunner pid=168327)[0m                                                                             '\n'
[36m(TaskRunner pid=168327)[0m                                                                             '{successful_previous_attempt}',
[36m(TaskRunner pid=168327)[0m                                                        'state_adaptive': False,
[36m(TaskRunner pid=168327)[0m                                                        'success_reward_threshold': 0.5,
[36m(TaskRunner pid=168327)[0m                                                        'teacher_always_on': True,
[36m(TaskRunner pid=168327)[0m                                                        'teacher_image_key': 'bbox_images',
[36m(TaskRunner pid=168327)[0m                                                        'teacher_model_path': None,
[36m(TaskRunner pid=168327)[0m                                                        'teacher_model_source': 'legacy',
[36m(TaskRunner pid=168327)[0m                                                        'teacher_prompt_mode': None,
[36m(TaskRunner pid=168327)[0m                                                        'teacher_regularization': 'ema',
[36m(TaskRunner pid=168327)[0m                                                        'teacher_update_interval': None,
[36m(TaskRunner pid=168327)[0m                                                        'teacher_update_rate': 0.0},
[36m(TaskRunner pid=168327)[0m                                  'shuffle': False,
[36m(TaskRunner pid=168327)[0m                                  'strategy': 'fsdp',
[36m(TaskRunner pid=168327)[0m                                  'sum_pi_squared_checkpointing': False,
[36m(TaskRunner pid=168327)[0m                                  'tau_neg': 1.05,
[36m(TaskRunner pid=168327)[0m                                  'tau_pos': 1.0,
[36m(TaskRunner pid=168327)[0m                                  'ulysses_sequence_parallel_size': 2,
[36m(TaskRunner pid=168327)[0m                                  'use_dynamic_bsz': False,
[36m(TaskRunner pid=168327)[0m                                  'use_fused_kernels': False,
[36m(TaskRunner pid=168327)[0m                                  'use_kl_loss': False,
[36m(TaskRunner pid=168327)[0m                                  'use_prefix_grouper': False,
[36m(TaskRunner pid=168327)[0m                                  'use_remove_padding': True,
[36m(TaskRunner pid=168327)[0m                                  'use_torch_compile': True},
[36m(TaskRunner pid=168327)[0m                        'hybrid_engine': True,
[36m(TaskRunner pid=168327)[0m                        'model': {'_target_': 'verl.workers.config.HFModelConfig',
[36m(TaskRunner pid=168327)[0m                                  'custom_chat_template': None,
[36m(TaskRunner pid=168327)[0m                                  'custom_chat_template_file': '/sfs/weka/scratch/nkw3mr/Vision-OPD-OPSA/chat_templates/perception_chat_template_qwen35.jinja',
[36m(TaskRunner pid=168327)[0m                                  'enable_activation_offload': True,
[36m(TaskRunner pid=168327)[0m                                  'enable_gradient_checkpointing': True,
[36m(TaskRunner pid=168327)[0m                                  'exclude_modules': None,
[36m(TaskRunner pid=168327)[0m                                  'external_lib': None,
[36m(TaskRunner pid=168327)[0m                                  'fused_kernel_options': {'impl_backend': 'torch'},
[36m(TaskRunner pid=168327)[0m                                  'hf_config_path': None,
[36m(TaskRunner pid=168327)[0m                                  'lora_adapter_path': None,
[36m(TaskRunner pid=168327)[0m                                  'lora_alpha': 16,
[36m(TaskRunner pid=168327)[0m                                  'lora_rank': 0,
[36m(TaskRunner pid=168327)[0m                                  'override_config': {},
[36m(TaskRunner pid=168327)[0m                                  'path': 'Qwen/Qwen3.5-4B',
[36m(TaskRunner pid=168327)[0m                                  'target_modules': 'all-linear',
[36m(TaskRunner pid=168327)[0m                                  'tiled_mlp': {'enabled': False,
[36m(TaskRunner pid=168327)[0m                                                'num_shards': 4},
[36m(TaskRunner pid=168327)[0m                                  'tokenizer_path': None,
[36m(TaskRunner pid=168327)[0m                                  'trust_remote_code': True,
[36m(TaskRunner pid=168327)[0m                                  'use_fused_kernels': False,
[36m(TaskRunner pid=168327)[0m                                  'use_liger': False,
[36m(TaskRunner pid=168327)[0m                                  'use_remove_padding': True,
[36m(TaskRunner pid=168327)[0m                                  'use_shm': False},
[36m(TaskRunner pid=168327)[0m                        'nccl_timeout': 600,
[36m(TaskRunner pid=168327)[0m                        'ref': {'_target_': 'verl.workers.config.FSDPActorConfig',
[36m(TaskRunner pid=168327)[0m                                'entropy_checkpointing': False,
[36m(TaskRunner pid=168327)[0m                                'entropy_from_logits_with_chunking': False,
[36m(TaskRunner pid=168327)[0m                                'fsdp_config': {'_target_': 'verl.workers.config.FSDPEngineConfig',
[36m(TaskRunner pid=168327)[0m                                                'dtype': 'bfloat16',
[36m(TaskRunner pid=168327)[0m                                                'entropy_checkpointing': False,
[36m(TaskRunner pid=168327)[0m                                                'entropy_from_logits_with_chunking': False,
[36m(TaskRunner pid=168327)[0m                                                'forward_only': True,
[36m(TaskRunner pid=168327)[0m                                                'forward_prefetch': False,
[36m(TaskRunner pid=168327)[0m                                                'fsdp_size': -1,
[36m(TaskRunner pid=168327)[0m                                                'full_determinism': False,
[36m(TaskRunner pid=168327)[0m                                                'model_dtype': 'fp32',
[36m(TaskRunner pid=168327)[0m                                                'offload_policy': False,
[36m(TaskRunner pid=168327)[0m                                                'optimizer_offload': False,
[36m(TaskRunner pid=168327)[0m                                                'param_offload': True,
[36m(TaskRunner pid=168327)[0m                                                'reshard_after_forward': True,
[36m(TaskRunner pid=168327)[0m                                                'seed': 42,
[36m(TaskRunner pid=168327)[0m                                                'strategy': 'fsdp',
[36m(TaskRunner pid=168327)[0m                                                'ulysses_sequence_parallel_size': 1,
[36m(TaskRunner pid=168327)[0m                                                'use_orig_params': False,
[36m(TaskRunner pid=168327)[0m                                                'use_torch_compile': True,
[36m(TaskRunner pid=168327)[0m                                                'wrap_policy': {'min_num_params': 0}},
[36m(TaskRunner pid=168327)[0m                                'log_prob_max_token_len_per_gpu': 9216,
[36m(TaskRunner pid=168327)[0m                                'log_prob_micro_batch_size': None,
[36m(TaskRunner pid=168327)[0m                                'log_prob_micro_batch_size_per_gpu': 1,
[36m(TaskRunner pid=168327)[0m                                'log_prob_use_dynamic_bsz': False,
[36m(TaskRunner pid=168327)[0m                                'profiler': {'_target_': 'verl.utils.profiler.ProfilerConfig',
[36m(TaskRunner pid=168327)[0m                                             'all_ranks': False,
[36m(TaskRunner pid=168327)[0m                                             'enable': False,
[36m(TaskRunner pid=168327)[0m                                             'ranks': [],
[36m(TaskRunner pid=168327)[0m                                             'save_path': 'outputs/profile',
[36m(TaskRunner pid=168327)[0m                                             'tool': None,
[36m(TaskRunner pid=168327)[0m                                             'tool_config': {'npu': {'_target_': 'verl.utils.profiler.config.NPUToolConfig',
[36m(TaskRunner pid=168327)[0m                                                                     'analysis': True,
[36m(TaskRunner pid=168327)[0m                                                                     'contents': [],
[36m(TaskRunner pid=168327)[0m                                                                     'discrete': False,
[36m(TaskRunner pid=168327)[0m                                                                     'level': 'level0'},
[36m(TaskRunner pid=168327)[0m                                                             'nsys': {'_target_': 'verl.utils.profiler.config.NsightToolConfig',
[36m(TaskRunner pid=168327)[0m                                                                      'discrete': False},
[36m(TaskRunner pid=168327)[0m                                                             'torch': {'_target_': 'verl.utils.profiler.config.TorchProfilerToolConfig',
[36m(TaskRunner pid=168327)[0m                                                                       'step_end': None,
[36m(TaskRunner pid=168327)[0m                                                                       'step_start': 0},
[36m(TaskRunner pid=168327)[0m                                                             'torch_memory': {'_target_': 'verl.utils.profiler.config.TorchMemoryToolConfig',
[36m(TaskRunner pid=168327)[0m                                                                              'stack_depth': 32,
[36m(TaskRunner pid=168327)[0m                                                                              'trace_alloc_max_entries': 100000}}},
[36m(TaskRunner pid=168327)[0m                                'rollout_n': 2,
[36m(TaskRunner pid=168327)[0m                                'router_replay': {'_target_': 'verl.workers.config.RouterReplayConfig',
[36m(TaskRunner pid=168327)[0m                                                  'mode': 'disabled',
[36m(TaskRunner pid=168327)[0m                                                  'record_file': None,
[36m(TaskRunner pid=168327)[0m                                                  'replay_file': None},
[36m(TaskRunner pid=168327)[0m                                'strategy': 'fsdp',
[36m(TaskRunner pid=168327)[0m                                'ulysses_sequence_parallel_size': 2,
[36m(TaskRunner pid=168327)[0m                                'use_torch_compile': True},
[36m(TaskRunner pid=168327)[0m                        'rollout': {'_target_': 'verl.workers.config.RolloutConfig',
[36m(TaskRunner pid=168327)[0m                                    'agent': {'_target_': 'verl.workers.config.AgentLoopConfig',
[36m(TaskRunner pid=168327)[0m                                              'agent_loop_config_path': None,
[36m(TaskRunner pid=168327)[0m                                              'custom_async_server': {'_target_': 'verl.workers.config.CustomAsyncServerConfig',
[36m(TaskRunner pid=168327)[0m                                                                      'name': None,
[36m(TaskRunner pid=168327)[0m                                                                      'path': None},
[36m(TaskRunner pid=168327)[0m                                              'default_agent_loop': 'single_turn_agent',
[36m(TaskRunner pid=168327)[0m                                              'num_workers': 8},
[36m(TaskRunner pid=168327)[0m                                    'calculate_log_probs': True,
[36m(TaskRunner pid=168327)[0m                                    'cudagraph_capture_sizes': None,
[36m(TaskRunner pid=168327)[0m                                    'data_parallel_size': 1,
[36m(TaskRunner pid=168327)[0m                                    'disable_log_stats': True,
[36m(TaskRunner pid=168327)[0m                                    'do_sample': True,
[36m(TaskRunner pid=168327)[0m                                    'dtype': 'bfloat16',
[36m(TaskRunner pid=168327)[0m                                    'enable_chunked_prefill': True,
[36m(TaskRunner pid=168327)[0m                                    'enable_prefix_caching': True,
[36m(TaskRunner pid=168327)[0m                                    'enable_rollout_routing_replay': False,
[36m(TaskRunner pid=168327)[0m                                    'enforce_eager': False,
[36m(TaskRunner pid=168327)[0m                                    'engine_kwargs': {'sglang': {},
[36m(TaskRunner pid=168327)[0m                                                      'vllm': {'compilation_config': {'pass_config': {'fuse_allreduce_rms': False}},
[36m(TaskRunner pid=168327)[0m                                                               'kernel_config': {'enable_flashinfer_autotune': False}}},
[36m(TaskRunner pid=168327)[0m                                    'expert_parallel_size': 1,
[36m(TaskRunner pid=168327)[0m                                    'free_cache_engine': True,
[36m(TaskRunner pid=168327)[0m                                    'gpu_memory_utilization': 0.45,
[36m(TaskRunner pid=168327)[0m                                    'ignore_eos': False,
[36m(TaskRunner pid=168327)[0m                                    'layered_summon': False,
[36m(TaskRunner pid=168327)[0m                                    'load_format': 'dummy',
[36m(TaskRunner pid=168327)[0m                                    'log_prob_max_token_len_per_gpu': 9216,
[36m(TaskRunner pid=168327)[0m                                    'log_prob_micro_batch_size': None,
[36m(TaskRunner pid=168327)[0m                                    'log_prob_micro_batch_size_per_gpu': 1,
[36m(TaskRunner pid=168327)[0m                                    'log_prob_use_dynamic_bsz': False,
[36m(TaskRunner pid=168327)[0m                                    'logprobs_mode': 'processed_logprobs',
[36m(TaskRunner pid=168327)[0m                                    'max_model_len': 9216,
[36m(TaskRunner pid=168327)[0m                                    'max_num_batched_tokens': 9216,
[36m(TaskRunner pid=168327)[0m                                    'max_num_seqs': 1024,
[36m(TaskRunner pid=168327)[0m                                    'mode': 'async',
[36m(TaskRunner pid=168327)[0m                                    'multi_stage_wake_up': False,
[36m(TaskRunner pid=168327)[0m                                    'multi_turn': {'_target_': 'verl.workers.config.MultiTurnConfig',
[36m(TaskRunner pid=168327)[0m                                                   'enable': False,
[36m(TaskRunner pid=168327)[0m                                                   'format': 'hermes',
[36m(TaskRunner pid=168327)[0m                                                   'interaction_config_path': None,
[36m(TaskRunner pid=168327)[0m                                                   'max_assistant_turns': None,
[36m(TaskRunner pid=168327)[0m                                                   'max_parallel_calls': 1,
[36m(TaskRunner pid=168327)[0m                                                   'max_tool_response_length': 256,
[36m(TaskRunner pid=168327)[0m                                                   'max_user_turns': None,
[36m(TaskRunner pid=168327)[0m                                                   'num_repeat_rollouts': None,
[36m(TaskRunner pid=168327)[0m                                                   'tokenization_sanity_check_mode': 'strict',
[36m(TaskRunner pid=168327)[0m                                                   'tool_config_path': None,
[36m(TaskRunner pid=168327)[0m                                                   'tool_response_truncate_side': 'middle',
[36m(TaskRunner pid=168327)[0m                                                   'use_inference_chat_template': False},
[36m(TaskRunner pid=168327)[0m                                    'n': 2,
[36m(TaskRunner pid=168327)[0m                                    'name': 'vllm',
[36m(TaskRunner pid=168327)[0m                                    'over_sample_rate': 0,
[36m(TaskRunner pid=168327)[0m                                    'pipeline_model_parallel_size': 1,
[36m(TaskRunner pid=168327)[0m                                    'profiler': {'_target_': 'verl.utils.profiler.ProfilerConfig',
[36m(TaskRunner pid=168327)[0m                                                 'all_ranks': False,
[36m(TaskRunner pid=168327)[0m                                                 'enable': False,
[36m(TaskRunner pid=168327)[0m                                                 'ranks': [],
[36m(TaskRunner pid=168327)[0m                                                 'save_path': 'outputs/profile',
[36m(TaskRunner pid=168327)[0m                                                 'tool': None,
[36m(TaskRunner pid=168327)[0m                                                 'tool_config': {'npu': {'_target_': 'verl.utils.profiler.config.NPUToolConfig',
[36m(TaskRunner pid=168327)[0m                                                                         'analysis': True,
[36m(TaskRunner pid=168327)[0m                                                                         'contents': [],
[36m(TaskRunner pid=168327)[0m                                                                         'discrete': False,
[36m(TaskRunner pid=168327)[0m                                                                         'level': 'level0'},
[36m(TaskRunner pid=168327)[0m                                                                 'nsys': {'_target_': 'verl.utils.profiler.config.NsightToolConfig',
[36m(TaskRunner pid=168327)[0m                                                                          'discrete': False},
[36m(TaskRunner pid=168327)[0m                                                                 'torch': {'_target_': 'verl.utils.profiler.config.TorchProfilerToolConfig',
[36m(TaskRunner pid=168327)[0m                                                                           'step_end': None,
[36m(TaskRunner pid=168327)[0m                                                                           'step_start': 0},
[36m(TaskRunner pid=168327)[0m                                                                 'torch_memory': {'_target_': 'verl.utils.profiler.config.TorchMemoryToolConfig',
[36m(TaskRunner pid=168327)[0m                                                                                  'stack_depth': 32,
[36m(TaskRunner pid=168327)[0m                                                                                  'trace_alloc_max_entries': 100000}}},
[36m(TaskRunner pid=168327)[0m                                    'prometheus': {'_target_': 'verl.workers.config.PrometheusConfig',
[36m(TaskRunner pid=168327)[0m                                                   'enable': False,
[36m(TaskRunner pid=168327)[0m                                                   'file': '/tmp/ray/session_latest/metrics/prometheus/prometheus.yml',
[36m(TaskRunner pid=168327)[0m                                                   'port': 9090,
[36m(TaskRunner pid=168327)[0m                                                   'served_model_name': 'Qwen/Qwen3.5-4B'},
[36m(TaskRunner pid=168327)[0m                                    'prompt_length': 8192,
[36m(TaskRunner pid=168327)[0m                                    'quantization': None,
[36m(TaskRunner pid=168327)[0m                                    'quantization_config_file': None,
[36m(TaskRunner pid=168327)[0m                                    'response_length': 1024,
[36m(TaskRunner pid=168327)[0m                                    'scheduling_policy': 'fcfs',
[36m(TaskRunner pid=168327)[0m                                    'skip_dump_dir': '/tmp/rollout_dump',
[36m(TaskRunner pid=168327)[0m                                    'skip_rollout': False,
[36m(TaskRunner pid=168327)[0m                                    'skip_tokenizer_init': True,
[36m(TaskRunner pid=168327)[0m                                    'temperature': 1.0,
[36m(TaskRunner pid=168327)[0m                                    'tensor_model_parallel_size': 1,
[36m(TaskRunner pid=168327)[0m                                    'top_k': -1,
[36m(TaskRunner pid=168327)[0m                                    'top_p': 1,
[36m(TaskRunner pid=168327)[0m                                    'trace': {'_target_': 'verl.workers.config.TraceConfig',
[36m(TaskRunner pid=168327)[0m                                              'backend': None,
[36m(TaskRunner pid=168327)[0m                                              'max_samples_per_step_per_worker': None,
[36m(TaskRunner pid=168327)[0m                                              'token2text': False},
[36m(TaskRunner pid=168327)[0m                                    'update_weights_bucket_megabytes': 512,
[36m(TaskRunner pid=168327)[0m                                    'val_kwargs': {'_target_': 'verl.workers.config.SamplingConfig',
[36m(TaskRunner pid=168327)[0m                                                   'do_sample': False,
[36m(TaskRunner pid=168327)[0m                                                   'n': 1,
[36m(TaskRunner pid=168327)[0m                                                   'temperature': 0,
[36m(TaskRunner pid=168327)[0m                                                   'top_k': -1,
[36m(TaskRunner pid=168327)[0m                                                   'top_p': 1.0}}},
[36m(TaskRunner pid=168327)[0m  'algorithm': {'_target_': 'verl.trainer.config.AlgoConfig',
[36m(TaskRunner pid=168327)[0m                'adv_estimator': 'grpo',
[36m(TaskRunner pid=168327)[0m                'gamma': 1.0,
[36m(TaskRunner pid=168327)[0m                'kl_ctrl': {'_target_': 'verl.trainer.config.KLControlConfig',
[36m(TaskRunner pid=168327)[0m                            'horizon': 10000,
[36m(TaskRunner pid=168327)[0m                            'kl_coef': 0.001,
[36m(TaskRunner pid=168327)[0m                            'target_kl': 0.1,
[36m(TaskRunner pid=168327)[0m                            'type': 'fixed'},
[36m(TaskRunner pid=168327)[0m                'kl_penalty': 'kl',
[36m(TaskRunner pid=168327)[0m                'lam': 1.0,
[36m(TaskRunner pid=168327)[0m                'norm_adv_by_std_in_grpo': False,
[36m(TaskRunner pid=168327)[0m                'pf_ppo': {'reweight_method': 'pow', 'weight_pow': 2.0},
[36m(TaskRunner pid=168327)[0m                'rollout_correction': {'bypass_mode': False,
[36m(TaskRunner pid=168327)[0m                                       'loss_type': 'ppo_clip',
[36m(TaskRunner pid=168327)[0m                                       'rollout_is': 'token',
[36m(TaskRunner pid=168327)[0m                                       'rollout_is_batch_normalize': False,
[36m(TaskRunner pid=168327)[0m                                       'rollout_is_threshold': 2.0,
[36m(TaskRunner pid=168327)[0m                                       'rollout_rs': None,
[36m(TaskRunner pid=168327)[0m                                       'rollout_rs_threshold': None},
[36m(TaskRunner pid=168327)[0m                'use_kl_in_reward': False,
[36m(TaskRunner pid=168327)[0m                'use_pf_ppo': False},
[36m(TaskRunner pid=168327)[0m  'critic': {'_target_': 'verl.workers.config.FSDPCriticConfig',
[36m(TaskRunner pid=168327)[0m             'checkpoint': {'_target_': 'verl.trainer.config.CheckpointConfig',
[36m(TaskRunner pid=168327)[0m                            'async_save': False,
[36m(TaskRunner pid=168327)[0m                            'load_contents': ['model', 'optimizer', 'extra'],
[36m(TaskRunner pid=168327)[0m                            'save_contents': ['model', 'optimizer', 'extra']},
[36m(TaskRunner pid=168327)[0m             'cliprange_value': 0.5,
[36m(TaskRunner pid=168327)[0m             'data_loader_seed': 42,
[36m(TaskRunner pid=168327)[0m             'enable': None,
[36m(TaskRunner pid=168327)[0m             'forward_max_token_len_per_gpu': 32768,
[36m(TaskRunner pid=168327)[0m             'forward_micro_batch_size': None,
[36m(TaskRunner pid=168327)[0m             'forward_micro_batch_size_per_gpu': None,
[36m(TaskRunner pid=168327)[0m             'grad_clip': 1.0,
[36m(TaskRunner pid=168327)[0m             'loss_agg_mode': 'token-mean',
[36m(TaskRunner pid=168327)[0m             'model': {'_target_': 'verl.workers.config.FSDPCriticModelCfg',
[36m(TaskRunner pid=168327)[0m                       'enable_activation_offload': False,
[36m(TaskRunner pid=168327)[0m                       'enable_gradient_checkpointing': True,
[36m(TaskRunner pid=168327)[0m                       'external_lib': None,
[36m(TaskRunner pid=168327)[0m                       'fsdp_config': {'_target_': 'verl.workers.config.FSDPEngineConfig',
[36m(TaskRunner pid=168327)[0m                                       'dtype': 'bfloat16',
[36m(TaskRunner pid=168327)[0m                                       'entropy_checkpointing': False,
[36m(TaskRunner pid=168327)[0m                                       'entropy_from_logits_with_chunking': False,
[36m(TaskRunner pid=168327)[0m                                       'forward_only': False,
[36m(TaskRunner pid=168327)[0m                                       'forward_prefetch': False,
[36m(TaskRunner pid=168327)[0m                                       'fsdp_size': -1,
[36m(TaskRunner pid=168327)[0m                                       'full_determinism': False,
[36m(TaskRunner pid=168327)[0m                                       'model_dtype': 'fp32',
[36m(TaskRunner pid=168327)[0m                                       'offload_policy': False,
[36m(TaskRunner pid=168327)[0m                                       'optimizer_offload': False,
[36m(TaskRunner pid=168327)[0m                                       'param_offload': False,
[36m(TaskRunner pid=168327)[0m                                       'reshard_after_forward': True,
[36m(TaskRunner pid=168327)[0m                                       'seed': 42,
[36m(TaskRunner pid=168327)[0m                                       'strategy': 'fsdp',
[36m(TaskRunner pid=168327)[0m                                       'ulysses_sequence_parallel_size': 1,
[36m(TaskRunner pid=168327)[0m                                       'use_orig_params': False,
[36m(TaskRunner pid=168327)[0m                                       'use_torch_compile': True,
[36m(TaskRunner pid=168327)[0m                                       'wrap_policy': {'min_num_params': 0}},
[36m(TaskRunner pid=168327)[0m                       'lora_alpha': 16,
[36m(TaskRunner pid=168327)[0m                       'lora_rank': 0,
[36m(TaskRunner pid=168327)[0m                       'override_config': {},
[36m(TaskRunner pid=168327)[0m                       'path': 'Qwen/Qwen3.5-4B',
[36m(TaskRunner pid=168327)[0m                       'target_modules': 'all-linear',
[36m(TaskRunner pid=168327)[0m                       'tiled_mlp': {'enabled': False, 'num_shards': 4},
[36m(TaskRunner pid=168327)[0m                       'tokenizer_path': 'Qwen/Qwen3.5-4B',
[36m(TaskRunner pid=168327)[0m                       'trust_remote_code': True,
[36m(TaskRunner pid=168327)[0m                       'use_remove_padding': False,
[36m(TaskRunner pid=168327)[0m                       'use_shm': False},
[36m(TaskRunner pid=168327)[0m             'optim': {'_target_': 'verl.workers.config.FSDPOptimizerConfig',
[36m(TaskRunner pid=168327)[0m                       'betas': [0.9, 0.999],
[36m(TaskRunner pid=168327)[0m                       'clip_grad': 1.0,
[36m(TaskRunner pid=168327)[0m                       'lr': 1e-05,
[36m(TaskRunner pid=168327)[0m                       'lr_scheduler_type': 'constant',
[36m(TaskRunner pid=168327)[0m                       'lr_warmup_steps': -1,
[36m(TaskRunner pid=168327)[0m                       'lr_warmup_steps_ratio': 0.0,
[36m(TaskRunner pid=168327)[0m                       'min_lr_ratio': 0.0,
[36m(TaskRunner pid=168327)[0m                       'num_cycles': 0.5,
[36m(TaskRunner pid=168327)[0m                       'optimizer': 'AdamW',
[36m(TaskRunner pid=168327)[0m                       'optimizer_impl': 'torch.optim',
[36m(TaskRunner pid=168327)[0m                       'override_optimizer_config': None,
[36m(TaskRunner pid=168327)[0m                       'total_training_steps': -1,
[36m(TaskRunner pid=168327)[0m                       'warmup_style': None,
[36m(TaskRunner pid=168327)[0m                       'weight_decay': 0.01},
[36m(TaskRunner pid=168327)[0m             'ppo_epochs': 1,
[36m(TaskRunner pid=168327)[0m             'ppo_max_token_len_per_gpu': 32768,
[36m(TaskRunner pid=168327)[0m             'ppo_micro_batch_size': None,
[36m(TaskRunner pid=168327)[0m             'ppo_micro_batch_size_per_gpu': None,
[36m(TaskRunner pid=168327)[0m             'ppo_mini_batch_size': 48,
[36m(TaskRunner pid=168327)[0m             'profiler': {'_target_': 'verl.utils.profiler.ProfilerConfig',
[36m(TaskRunner pid=168327)[0m                          'all_ranks': False,
[36m(TaskRunner pid=168327)[0m                          'enable': False,
[36m(TaskRunner pid=168327)[0m                          'ranks': [],
[36m(TaskRunner pid=168327)[0m                          'save_path': 'outputs/profile',
[36m(TaskRunner pid=168327)[0m                          'tool': None,
[36m(TaskRunner pid=168327)[0m                          'tool_config': {'npu': {'_target_': 'verl.utils.profiler.config.NPUToolConfig',
[36m(TaskRunner pid=168327)[0m                                                  'analysis': True,
[36m(TaskRunner pid=168327)[0m                                                  'contents': [],
[36m(TaskRunner pid=168327)[0m                                                  'discrete': False,
[36m(TaskRunner pid=168327)[0m                                                  'level': 'level0'},
[36m(TaskRunner pid=168327)[0m                                          'nsys': {'_target_': 'verl.utils.profiler.config.NsightToolConfig',
[36m(TaskRunner pid=168327)[0m                                                   'discrete': False},
[36m(TaskRunner pid=168327)[0m                                          'torch': {'_target_': 'verl.utils.profiler.config.TorchProfilerToolConfig',
[36m(TaskRunner pid=168327)[0m                                                    'step_end': None,
[36m(TaskRunner pid=168327)[0m                                                    'step_start': 0},
[36m(TaskRunner pid=168327)[0m                                          'torch_memory': {'_target_': 'verl.utils.profiler.config.TorchMemoryToolConfig',
[36m(TaskRunner pid=168327)[0m                                                           'stack_depth': 32,
[36m(TaskRunner pid=168327)[0m                                                           'trace_alloc_max_entries': 100000}}},
[36m(TaskRunner pid=168327)[0m             'rollout_n': 2,
[36m(TaskRunner pid=168327)[0m             'shuffle': False,
[36m(TaskRunner pid=168327)[0m             'strategy': 'fsdp',
[36m(TaskRunner pid=168327)[0m             'ulysses_sequence_parallel_size': 1,
[36m(TaskRunner pid=168327)[0m             'use_dynamic_bsz': False},
[36m(TaskRunner pid=168327)[0m  'custom_reward_function': {'name': 'compute_score', 'path': None},
[36m(TaskRunner pid=168327)[0m  'data': {'apply_chat_template_kwargs': {},
[36m(TaskRunner pid=168327)[0m           'custom_cls': {'name': None, 'path': None},
[36m(TaskRunner pid=168327)[0m           'datagen': {'name': None, 'path': None},
[36m(TaskRunner pid=168327)[0m           'dataloader_num_workers': 8,
[36m(TaskRunner pid=168327)[0m           'filter_overlong_prompts': False,
[36m(TaskRunner pid=168327)[0m           'filter_overlong_prompts_workers': 1,
[36m(TaskRunner pid=168327)[0m           'image_key': 'images',
[36m(TaskRunner pid=168327)[0m           'image_patch_size': 14,
[36m(TaskRunner pid=168327)[0m           'max_prompt_length': 8192,
[36m(TaskRunner pid=168327)[0m           'max_response_length': 1024,
[36m(TaskRunner pid=168327)[0m           'prompt_key': 'prompt',
[36m(TaskRunner pid=168327)[0m           'return_full_prompt': False,
[36m(TaskRunner pid=168327)[0m           'return_multi_modal_inputs': True,
[36m(TaskRunner pid=168327)[0m           'return_raw_chat': True,
[36m(TaskRunner pid=168327)[0m           'return_raw_input_ids': False,
[36m(TaskRunner pid=168327)[0m           'reward_fn_key': 'data_source',
[36m(TaskRunner pid=168327)[0m           'sampler': {'class_name': None, 'class_path': None},
[36m(TaskRunner pid=168327)[0m           'seed': None,
[36m(TaskRunner pid=168327)[0m           'shuffle': True,
[36m(TaskRunner pid=168327)[0m           'tokenizer': None,
[36m(TaskRunner pid=168327)[0m           'tool_config_path': None,
[36m(TaskRunner pid=168327)[0m           'train_batch_size': 48,
[36m(TaskRunner pid=168327)[0m           'train_files': ['/sfs/weka/scratch/nkw3mr/Vision-OPD-OPSA/data/TreeVGR-RL-37K/train_6karmA_aha.parquet'],
[36m(TaskRunner pid=168327)[0m           'train_max_samples': -1,
[36m(TaskRunner pid=168327)[0m           'truncation': 'error',
[36m(TaskRunner pid=168327)[0m           'trust_remote_code': True,
[36m(TaskRunner pid=168327)[0m           'use_shm': False,
[36m(TaskRunner pid=168327)[0m           'val_batch_size': None,
[36m(TaskRunner pid=168327)[0m           'val_files': [],
[36m(TaskRunner pid=168327)[0m           'val_max_samples': -1,
[36m(TaskRunner pid=168327)[0m           'validation_shuffle': False,
[36m(TaskRunner pid=168327)[0m           'video_key': 'videos'},
[36m(TaskRunner pid=168327)[0m  'global_profiler': {'_target_': 'verl.utils.profiler.ProfilerConfig',
[36m(TaskRunner pid=168327)[0m                      'global_tool_config': {'nsys': {'_target_': 'verl.utils.profiler.config.NsightToolConfig',
[36m(TaskRunner pid=168327)[0m                                                      'controller_nsight_options': {'cuda-graph-trace': 'graph',
[36m(TaskRunner pid=168327)[0m                                                                                    'cuda-memory-usage': 'true',
[36m(TaskRunner pid=168327)[0m                                                                                    'trace': 'cuda,nvtx,cublas,ucx'},
[36m(TaskRunner pid=168327)[0m                                                      'discrete': False,
[36m(TaskRunner pid=168327)[0m                                                      'worker_nsight_options': {'capture-range': 'cudaProfilerApi',
[36m(TaskRunner pid=168327)[0m                                                                                'capture-range-end': None,
[36m(TaskRunner pid=168327)[0m                                                                                'cuda-graph-trace': 'graph',
[36m(TaskRunner pid=168327)[0m                                                                                'cuda-memory-usage': 'true',
[36m(TaskRunner pid=168327)[0m                                                                                'kill': 'none',
[36m(TaskRunner pid=168327)[0m                                                                                'trace': 'cuda,nvtx,cublas,ucx'}},
[36m(TaskRunner pid=168327)[0m                                             'torch_memory': {'context': 'all',
[36m(TaskRunner pid=168327)[0m                                                              'kw_args': {},
[36m(TaskRunner pid=168327)[0m                                                              'stack_depth': 32,
[36m(TaskRunner pid=168327)[0m                                                              'stacks': 'all',
[36m(TaskRunner pid=168327)[0m                                                              'trace_alloc_max_entries': 100000}},
[36m(TaskRunner pid=168327)[0m                      'profile_continuous_steps': False,
[36m(TaskRunner pid=168327)[0m                      'save_path': 'outputs/profile',
[36m(TaskRunner pid=168327)[0m                      'steps': None,
[36m(TaskRunner pid=168327)[0m                      'tool': None},
[36m(TaskRunner pid=168327)[0m  'max_model_len': 18944,
[36m(TaskRunner pid=168327)[0m  'ray_kwargs': {'ray_init': {'num_cpus': None}, 'timeline_json_file': None},
[36m(TaskRunner pid=168327)[0m  'reward_manager': {'_target_': 'verl.trainer.config.config.RewardManagerConfig',
[36m(TaskRunner pid=168327)[0m                     'module': {'_target_': 'verl.trainer.config.config.ModuleConfig',
[36m(TaskRunner pid=168327)[0m                                'name': 'custom_reward_manager',
[36m(TaskRunner pid=168327)[0m                                'path': None},
[36m(TaskRunner pid=168327)[0m                     'name': 'naive',
[36m(TaskRunner pid=168327)[0m                     'source': 'register'},
[36m(TaskRunner pid=168327)[0m  'reward_model': {'enable': False,
[36m(TaskRunner pid=168327)[0m                   'enable_resource_pool': False,
[36m(TaskRunner pid=168327)[0m                   'forward_max_token_len_per_gpu': 32768,
[36m(TaskRunner pid=168327)[0m                   'launch_reward_fn_async': False,
[36m(TaskRunner pid=168327)[0m                   'max_length': None,
[36m(TaskRunner pid=168327)[0m                   'micro_batch_size': None,
[36m(TaskRunner pid=168327)[0m                   'micro_batch_size_per_gpu': None,
[36m(TaskRunner pid=168327)[0m                   'model': {'external_lib': None,
[36m(TaskRunner pid=168327)[0m                             'fsdp_config': {'_target_': 'verl.workers.config.FSDPEngineConfig',
[36m(TaskRunner pid=168327)[0m                                             'forward_prefetch': False,
[36m(TaskRunner pid=168327)[0m                                             'fsdp_size': -1,
[36m(TaskRunner pid=168327)[0m                                             'param_offload': False,
[36m(TaskRunner pid=168327)[0m                                             'reshard_after_forward': True,
[36m(TaskRunner pid=168327)[0m                                             'wrap_policy': {'min_num_params': 0}},
[36m(TaskRunner pid=168327)[0m                             'input_tokenizer': 'Qwen/Qwen3.5-4B',
[36m(TaskRunner pid=168327)[0m                             'override_config': {},
[36m(TaskRunner pid=168327)[0m                             'path': '~/models/FsfairX-LLaMA3-RM-v0.1',
[36m(TaskRunner pid=168327)[0m                             'trust_remote_code': False,
[36m(TaskRunner pid=168327)[0m                             'use_fused_kernels': False,
[36m(TaskRunner pid=168327)[0m                             'use_remove_padding': False,
[36m(TaskRunner pid=168327)[0m                             'use_shm': False},
[36m(TaskRunner pid=168327)[0m                   'n_gpus_per_node': 8,
[36m(TaskRunner pid=168327)[0m                   'nnodes': 0,
[36m(TaskRunner pid=168327)[0m                   'num_workers': 1,
[36m(TaskRunner pid=168327)[0m                   'profiler': {'_target_': 'verl.utils.profiler.ProfilerConfig',
[36m(TaskRunner pid=168327)[0m                                'all_ranks': False,
[36m(TaskRunner pid=168327)[0m                                'enable': False,
[36m(TaskRunner pid=168327)[0m                                'ranks': [],
[36m(TaskRunner pid=168327)[0m                                'save_path': 'outputs/profile',
[36m(TaskRunner pid=168327)[0m                                'tool': None,
[36m(TaskRunner pid=168327)[0m                                'tool_config': {'npu': {'_target_': 'verl.utils.profiler.config.NPUToolConfig',
[36m(TaskRunner pid=168327)[0m                                                        'analysis': True,
[36m(TaskRunner pid=168327)[0m                                                        'contents': [],
[36m(TaskRunner pid=168327)[0m                                                        'discrete': False,
[36m(TaskRunner pid=168327)[0m                                                        'level': 'level0'},
[36m(TaskRunner pid=168327)[0m                                                'nsys': {'_target_': 'verl.utils.profiler.config.NsightToolConfig',
[36m(TaskRunner pid=168327)[0m                                                         'discrete': False},
[36m(TaskRunner pid=168327)[0m                                                'torch': {'_target_': 'verl.utils.profiler.config.TorchProfilerToolConfig',
[36m(TaskRunner pid=168327)[0m                                                          'step_end': None,
[36m(TaskRunner pid=168327)[0m                                                          'step_start': 0},
[36m(TaskRunner pid=168327)[0m                                                'torch_memory': {'_target_': 'verl.utils.profiler.config.TorchMemoryToolConfig',
[36m(TaskRunner pid=168327)[0m                                                                 'stack_depth': 32,
[36m(TaskRunner pid=168327)[0m                                                                 'trace_alloc_max_entries': 100000}}},
[36m(TaskRunner pid=168327)[0m                   'reward_loop_class_name': None,
[36m(TaskRunner pid=168327)[0m                   'reward_loop_module_path': None,
[36m(TaskRunner pid=168327)[0m                   'reward_loop_source': 'register',
[36m(TaskRunner pid=168327)[0m                   'reward_manager': 'naive',
[36m(TaskRunner pid=168327)[0m                   'rollout': {'_target_': 'verl.workers.config.RolloutConfig',
[36m(TaskRunner pid=168327)[0m                               'cudagraph_capture_sizes': None,
[36m(TaskRunner pid=168327)[0m                               'data_parallel_size': 1,
[36m(TaskRunner pid=168327)[0m                               'disable_log_stats': True,
[36m(TaskRunner pid=168327)[0m                               'dtype': 'bfloat16',
[36m(TaskRunner pid=168327)[0m                               'enable_chunked_prefill': True,
[36m(TaskRunner pid=168327)[0m                               'enable_prefix_caching': True,
[36m(TaskRunner pid=168327)[0m                               'enforce_eager': True,
[36m(TaskRunner pid=168327)[0m                               'engine_kwargs': {},
[36m(TaskRunner pid=168327)[0m                               'expert_parallel_size': 1,
[36m(TaskRunner pid=168327)[0m                               'free_cache_engine': True,
[36m(TaskRunner pid=168327)[0m                               'gpu_memory_utilization': 0.5,
[36m(TaskRunner pid=168327)[0m                               'limit_images': None,
[36m(TaskRunner pid=168327)[0m                               'load_format': 'auto',
[36m(TaskRunner pid=168327)[0m                               'max_model_len': None,
[36m(TaskRunner pid=168327)[0m                               'max_num_batched_tokens': 8192,
[36m(TaskRunner pid=168327)[0m                               'max_num_seqs': 1024,
[36m(TaskRunner pid=168327)[0m                               'name': '???',
[36m(TaskRunner pid=168327)[0m                               'prompt_length': 2048,
[36m(TaskRunner pid=168327)[0m                               'response_length': 2048,
[36m(TaskRunner pid=168327)[0m                               'skip_tokenizer_init': False,
[36m(TaskRunner pid=168327)[0m Warning: You are sending unauthenticated requests to the HF Hub. Please set a HF_TOKEN to enable higher rate limits and faster downloads.
[36m(TaskRunner pid=168327)[0m WARNING:2026-09-09 22:03:56,087:Warning: You are sending unauthenticated requests to the HF Hub. Please set a HF_TOKEN to enable higher rate limits and faster downloads.
[36m(TaskRunner pid=168327)[0m The `use_fast` parameter is deprecated and will be removed in a future version. Use `backend="torchvision"` instead of `use_fast=True`, or `backend="pil"` instead of `use_fast=False`.
[36m(TaskRunner pid=168327)[0m /sfs/weka/scratch/nkw3mr/Vision-OPD-OPSA/verl/trainer/ppo/ray_trainer.py:389: UserWarning: Disabled critic as algorithm.adv_estimator != gae. If it is not intended, please set critic.enable=True
[36m(TaskRunner pid=168327)[0m   self.use_critic = need_critic(self.config)
[36m(WorkerDict pid=203273)[0m [W909 22:04:06.144444272 socket.cpp:764] [c10d] The client socket cannot be initialized to connect to [udc-aw37-6-s.hpc.virginia.edu]:55773 (errno: 97 - Address family not supported by protocol).
[36m(WorkerDict pid=203273)[0m Warning: You are sending unauthenticated requests to the HF Hub. Please set a HF_TOKEN to enable higher rate limits and faster downloads.
[36m(WorkerDict pid=203273)[0m WARNING:2026-09-09 22:04:06,995:Warning: You are sending unauthenticated requests to the HF Hub. Please set a HF_TOKEN to enable higher rate limits and faster downloads.
[36m(TaskRunner pid=168327)[0m                               'tensor_model_parallel_size': 2},
[36m(TaskRunner pid=168327)[0m                   'sandbox_fusion': {'max_concurrent': 64,
[36m(TaskRunner pid=168327)[0m                                      'memory_limit_mb': 1024,
[36m(TaskRunner pid=168327)[0m                                      'url': None},
[36m(TaskRunner pid=168327)[0m                   'strategy': 'fsdp',
[36m(TaskRunner pid=168327)[0m                   'ulysses_sequence_parallel_size': 1,
[36m(TaskRunner pid=168327)[0m                   'use_dynamic_bsz': False,
[36m(TaskRunner pid=168327)[0m                   'use_reward_loop': False},
[36m(TaskRunner pid=168327)[0m  'trainer': {'balance_batch': True,
[36m(TaskRunner pid=168327)[0m              'critic_warmup': 0,
[36m(TaskRunner pid=168327)[0m              'default_hdfs_dir': None,
[36m(TaskRunner pid=168327)[0m              'default_local_dir': '/sfs/weka/scratch/nkw3mr/Vision-OPD-OPSA/checkpoints/Aha-floor-Qwen3.5-4B-6karmA',
[36m(TaskRunner pid=168327)[0m              'del_local_ckpt_after_load': False,
[36m(TaskRunner pid=168327)[0m              'device': 'cuda',
[36m(TaskRunner pid=168327)[0m              'esi_redundant_time': 0,
[36m(TaskRunner pid=168327)[0m              'experiment_name': 'Aha-floor-Qwen3.5-4B-6karmA',
[36m(TaskRunner pid=168327)[0m              'group_name': 'Aha-floor-Qwen3.5-4B-6karmA',
[36m(TaskRunner pid=168327)[0m              'log_val_generations': 0,
[36m(TaskRunner pid=168327)[0m              'logger': ['console'],
[36m(TaskRunner pid=168327)[0m              'max_actor_ckpt_to_keep': None,
[36m(TaskRunner pid=168327)[0m              'max_critic_ckpt_to_keep': None,
[36m(TaskRunner pid=168327)[0m              'n_gpus_per_node': 2,
[36m(TaskRunner pid=168327)[0m              'nnodes': 1,
[36m(TaskRunner pid=168327)[0m              'project_name': 'Vision-OPD-StateAdaptive',
[36m(TaskRunner pid=168327)[0m              'ray_wait_register_center_timeout': 300,
[36m(TaskRunner pid=168327)[0m              'resume_from_path': None,
[36m(TaskRunner pid=168327)[0m              'resume_mode': 'auto',
[36m(TaskRunner pid=168327)[0m              'rollout_data_dir': '/sfs/weka/scratch/nkw3mr/Vision-OPD-OPSA/rollouts/Aha-floor-Qwen3.5-4B-6karmA',
[36m(TaskRunner pid=168327)[0m              'save_freq': -1,
[36m(TaskRunner pid=168327)[0m              'test_freq': -1,
[36m(TaskRunner pid=168327)[0m              'total_epochs': 1,
[36m(TaskRunner pid=168327)[0m              'total_training_steps': 2,
[36m(TaskRunner pid=168327)[0m              'use_legacy_worker_impl': 'auto',
[36m(TaskRunner pid=168327)[0m              'val_before_train': False,
[36m(TaskRunner pid=168327)[0m              'val_only': False,
[36m(TaskRunner pid=168327)[0m              'validation_data_dir': None},
[36m(TaskRunner pid=168327)[0m  'transfer_queue': {'enable': False},
[36m(TaskRunner pid=168327)[0m  'vars': {'ckpt_dir': './checkpoints', 'dir': './data', 'log_dir': './output'}}
[36m(TaskRunner pid=168327)[0m [validate_config] All configuration checks passed successfully!
[36m(TaskRunner pid=168327)[0m Using dataset class: RLHFDataset
[36m(TaskRunner pid=168327)[0m dataset len: 2459
[36m(TaskRunner pid=168327)[0m Size of train dataloader: 51, Size of val dataloader: 0
[36m(TaskRunner pid=168327)[0m Total training steps: 2
[36m(TaskRunner pid=168327)[0m colocated worker base class <class 'verl.single_controller.base.worker.Worker'>
[36m(TaskRunner pid=168327)[0m bind role actor_rollout_ref method chat_completion to class <class 'verl.single_controller.ray.base.create_colocated_worker_cls.<locals>.WorkerDict'>
[36m(TaskRunner pid=168327)[0m bind role actor_rollout_ref method generate to class <class 'verl.single_controller.ray.base.create_colocated_worker_cls.<locals>.WorkerDict'>
[36m(TaskRunner pid=168327)[0m bind role actor_rollout_ref method get_zeromq_address to class <class 'verl.single_controller.ray.base.create_colocated_worker_cls.<locals>.WorkerDict'>
[36m(TaskRunner pid=168327)[0m bind role actor_rollout_ref method sleep to class <class 'verl.single_controller.ray.base.create_colocated_worker_cls.<locals>.WorkerDict'>
[36m(TaskRunner pid=168327)[0m bind role actor_rollout_ref method wake_up to class <class 'verl.single_controller.ray.base.create_colocated_worker_cls.<locals>.WorkerDict'>
[36m(WorkerDict pid=203273)[0m [Gloo] Rank 0 is connected to 1 peer ranks. Expected number of connected peer ranks is : 1
[36m(WorkerDict pid=203273)[0m Model config after override: Qwen3_5Config {
[36m(WorkerDict pid=203273)[0m   "architectures": [
[36m(WorkerDict pid=203273)[0m     "Qwen3_5ForConditionalGeneration"
[36m(WorkerDict pid=203273)[0m   ],
[36m(WorkerDict pid=203273)[0m   "bos_token_id": null,
[36m(WorkerDict pid=203273)[0m   "eos_token_id": 248046,
[36m(WorkerDict pid=203273)[0m   "image_token_id": 248056,
[36m(WorkerDict pid=203273)[0m   "model_type": "qwen3_5",
[36m(WorkerDict pid=203273)[0m   "pad_token_id": 248044,
[36m(WorkerDict pid=203273)[0m   "text_config": {
[36m(WorkerDict pid=203273)[0m     "attention_bias": false,
[36m(WorkerDict pid=203273)[0m     "attention_dropout": 0.0,
[36m(WorkerDict pid=203273)[0m     "attn_output_gate": true,
[36m(WorkerDict pid=203273)[0m     "bos_token_id": null,
[36m(WorkerDict pid=203273)[0m     "dtype": "bfloat16",
[36m(WorkerDict pid=203273)[0m     "eos_token_id": 248044,
[36m(WorkerDict pid=203273)[0m     "full_attention_interval": 4,
[36m(WorkerDict pid=203273)[0m     "head_dim": 256,
[36m(WorkerDict pid=203273)[0m     "hidden_act": "silu",
[36m(WorkerDict pid=203273)[0m     "hidden_size": 2560,
[36m(WorkerDict pid=203273)[0m     "initializer_range": 0.02,
[36m(WorkerDict pid=203273)[0m     "intermediate_size": 9216,
[36m(WorkerDict pid=203273)[0m     "layer_types": [
[36m(WorkerDict pid=203273)[0m       "linear_attention",
[36m(WorkerDict pid=203273)[0m       "linear_attention",
[36m(WorkerDict pid=203273)[0m       "linear_attention",
[36m(WorkerDict pid=203273)[0m       "full_attention",
[36m(WorkerDict pid=203273)[0m       "linear_attention",
[36m(WorkerDict pid=203273)[0m       "linear_attention",
[36m(WorkerDict pid=203273)[0m       "linear_attention",
[36m(WorkerDict pid=203273)[0m       "full_attention",
[36m(WorkerDict pid=203273)[0m       "linear_attention",
[36m(WorkerDict pid=203273)[0m       "linear_attention",
[36m(WorkerDict pid=203273)[0m       "linear_attention",
[36m(WorkerDict pid=203273)[0m       "full_attention",
[36m(WorkerDict pid=203273)[0m       "linear_attention",
[36m(WorkerDict pid=203273)[0m       "linear_attention",
[36m(WorkerDict pid=203273)[0m       "linear_attention",
[36m(WorkerDict pid=203273)[0m       "full_attention",
[36m(WorkerDict pid=203273)[0m       "linear_attention",
[36m(WorkerDict pid=203273)[0m       "linear_attention",
[36m(WorkerDict pid=203273)[0m       "linear_attention",
[36m(WorkerDict pid=203273)[0m       "full_attention",
[36m(WorkerDict pid=203273)[0m       "linear_attention",
[36m(WorkerDict pid=203273)[0m       "linear_attention",
[36m(WorkerDict pid=203273)[0m       "linear_attention",
[36m(WorkerDict pid=203273)[0m       "full_attention",
[36m(WorkerDict pid=203273)[0m       "linear_attention",
[36m(WorkerDict pid=203273)[0m       "linear_attention",
[36m(WorkerDict pid=203273)[0m       "linear_attention",
[36m(WorkerDict pid=203273)[0m       "full_attention",
[36m(WorkerDict pid=203273)[0m       "linear_attention",
[36m(WorkerDict pid=203273)[0m       "linear_attention",
[36m(WorkerDict pid=203273)[0m       "linear_attention",
[36m(WorkerDict pid=203273)[0m       "full_attention"
[36m(WorkerDict pid=203273)[0m     ],
[36m(WorkerDict pid=203273)[0m     "linear_conv_kernel_dim": 4,
[36m(WorkerDict pid=203273)[0m     "linear_key_head_dim": 128,
[36m(WorkerDict pid=203273)[0m     "linear_num_key_heads": 16,
[36m(WorkerDict pid=203273)[0m     "linear_num_value_heads": 32,
[36m(WorkerDict pid=203273)[0m     "linear_value_head_dim": 128,
[36m(WorkerDict pid=203273)[0m     "mamba_ssm_dtype": "float32",
[36m(WorkerDict pid=203273)[0m Flash Attention 2 only supports torch.float16 and torch.bfloat16 dtypes, but the current dype in Qwen3_5ForConditionalGeneration is torch.float32. You should run training or inference using Automatic Mixed-Precision via the `with torch.autocast(device_type='torch_device'):` decorator, or load the model with the `dtype` argument. Example: `model = AutoModel.from_pretrained("meta-llama/Llama-3.2-1B", attn_implementation="flash_attention_2", dtype=torch.float16)`
[36m(WorkerDict pid=203273)[0m Flash Attention 2 only supports torch.float16 and torch.bfloat16 dtypes, but the current dype in Qwen3_5Model is torch.float32. You should run training or inference using Automatic Mixed-Precision via the `with torch.autocast(device_type='torch_device'):` decorator, or load the model with the `dtype` argument. Example: `model = AutoModel.from_pretrained("meta-llama/Llama-3.2-1B", attn_implementation="flash_attention_2", dtype=torch.float16)`
[36m(WorkerDict pid=203273)[0m Flash Attention 2 only supports torch.float16 and torch.bfloat16 dtypes, but the current dype in Qwen3_5VisionModel is torch.float32. You should run training or inference using Automatic Mixed-Precision via the `with torch.autocast(device_type='torch_device'):` decorator, or load the model with the `dtype` argument. Example: `model = AutoModel.from_pretrained("meta-llama/Llama-3.2-1B", attn_implementation="flash_attention_2", dtype=torch.float16)`
[36m(WorkerDict pid=203273)[0m Flash Attention 2 only supports torch.float16 and torch.bfloat16 dtypes, but the current dype in Qwen3_5TextModel is torch.float32. You should run training or inference using Automatic Mixed-Precision via the `with torch.autocast(device_type='torch_device'):` decorator, or load the model with the `dtype` argument. Example: `model = AutoModel.from_pretrained("meta-llama/Llama-3.2-1B", attn_implementation="flash_attention_2", dtype=torch.float16)`
[36m(WorkerDict pid=203273)[0m Loading weights:   0%|          | 0/723 [00:00<?, ?it/s]
[36m(WorkerDict pid=203273)[0m Loading weights:   0%|          | 1/723 [00:00<06:58,  1.72it/s]
[36m(WorkerDict pid=203278)[0m [W909 22:04:06.141925084 socket.cpp:764] [c10d] The client socket cannot be initialized to connect to [udc-aw37-6-s.hpc.virginia.edu]:55773 (errno: 97 - Address family not supported by protocol).
[36m(WorkerDict pid=203273)[0m Loading weights:  29%|██▉       | 212/723 [00:00<00:01, 405.47it/s]
[36m(WorkerDict pid=203278)[0m Warning: You are sending unauthenticated requests to the HF Hub. Please set a HF_TOKEN to enable higher rate limits and faster downloads.
[36m(WorkerDict pid=203278)[0m WARNING:2026-09-09 22:04:07,047:Warning: You are sending unauthenticated requests to the HF Hub. Please set a HF_TOKEN to enable higher rate limits and faster downloads.
[36m(WorkerDict pid=203273)[0m Loading weights:  93%|█████████▎| 670/723 [00:01<00:00, 743.29it/s]Loading weights: 100%|██████████| 723/723 [00:01<00:00, 523.09it/s]
[36m(WorkerDict pid=203273)[0m /sfs/weka/scratch/nkw3mr/Vision-OPD-OPSA/verl/utils/profiler/config.py:52: UserWarning: Torch profiler tool config is not fully supported now.
[36m(WorkerDict pid=203273)[0m   warnings.warn("Torch profiler tool config is not fully supported now.", stacklevel=1)
[36m(WorkerDict pid=203278)[0m Flash Attention 2 only supports torch.float16 and torch.bfloat16 dtypes, but the current dype in Qwen3_5TextModel is torch.float32. You should run training or inference using Automatic Mixed-Precision via the `with torch.autocast(device_type='torch_device'):` decorator, or load the model with the `dtype` argument. Example: `model = AutoModel.from_pretrained("meta-llama/Llama-3.2-1B", attn_implementation="flash_attention_2", dtype=torch.float16)`[32m [repeated 4x across cluster][0m
[36m(WorkerDict pid=203278)[0m Loading weights:   0%|          | 0/723 [00:00<?, ?it/s]
[36m(WorkerDict pid=203278)[0m Loading weights:  62%|██████▏   | 449/723 [00:01<00:00, 453.62it/s][32m [repeated 7x across cluster][0m
[36m(WorkerDict pid=203273)[0m /sfs/weka/scratch/nkw3mr/Vision-OPD-OPSA/verl/workers/fsdp_workers.py:666: FutureWarning: FSDP.state_dict_type() and FSDP.set_state_dict_type() are being deprecated. Please use APIs, get_state_dict() and set_state_dict(), which can support different parallelisms, FSDP1, FSDP2, DDP. API doc: https://pytorch.org/docs/stable/distributed.checkpoint.html#torch.distributed.checkpoint.state_dict.get_state_dict .Tutorial: https://pytorch.org/tutorials/recipes/distributed_checkpoint_recipe.html .
[36m(WorkerDict pid=203273)[0m   FSDP.set_state_dict_type(
[36m(WorkerDict pid=203278)[0m Loading weights:  96%|█████████▋| 696/723 [00:01<00:00, 811.72it/s]Loading weights: 100%|██████████| 723/723 [00:01<00:00, 526.96it/s]
[36m(WorkerDict pid=203278)[0m /sfs/weka/scratch/nkw3mr/Vision-OPD-OPSA/verl/utils/profiler/config.py:52: UserWarning: Torch profiler tool config is not fully supported now.
[36m(WorkerDict pid=203278)[0m   warnings.warn("Torch profiler tool config is not fully supported now.", stacklevel=1)
[36m(WorkerDict pid=203273)[0m     "max_position_embeddings": 262144,
[36m(WorkerDict pid=203273)[0m     "mlp_only_layers": [],
[36m(WorkerDict pid=203273)[0m     "model_type": "qwen3_5_text",
[36m(WorkerDict pid=203273)[0m     "mtp_num_hidden_layers": 1,
[36m(WorkerDict pid=203273)[0m     "mtp_use_dedicated_embeddings": false,
[36m(WorkerDict pid=203273)[0m     "num_attention_heads": 16,
[36m(WorkerDict pid=203273)[0m     "num_hidden_layers": 32,
[36m(WorkerDict pid=203273)[0m     "num_key_value_heads": 4,
[36m(WorkerDict pid=203273)[0m     "pad_token_id": null,
[36m(WorkerDict pid=203273)[0m     "partial_rotary_factor": 0.25,
[36m(WorkerDict pid=203273)[0m     "rms_norm_eps": 1e-06,
[36m(WorkerDict pid=203273)[0m     "rope_parameters": {
[36m(WorkerDict pid=203273)[0m       "mrope_interleaved": true,
[36m(WorkerDict pid=203273)[0m       "mrope_section": [
[36m(WorkerDict pid=203273)[0m         11,
[36m(WorkerDict pid=203273)[0m         11,
[36m(WorkerDict pid=203273)[0m         10
[36m(WorkerDict pid=203273)[0m       ],
[36m(WorkerDict pid=203273)[0m       "partial_rotary_factor": 0.25,
[36m(WorkerDict pid=203273)[0m       "rope_theta": 10000000,
[36m(WorkerDict pid=203273)[0m       "rope_type": "default"
[36m(WorkerDict pid=203273)[0m     },
[36m(WorkerDict pid=203273)[0m     "tie_word_embeddings": true,
[36m(WorkerDict pid=203273)[0m     "use_cache": true,
[36m(WorkerDict pid=203273)[0m     "vocab_size": 248320
[36m(WorkerDict pid=203273)[0m   },
[36m(WorkerDict pid=203273)[0m   "tie_word_embeddings": true,
[36m(WorkerDict pid=203273)[0m   "transformers_version": "5.5.0",
[36m(WorkerDict pid=203273)[0m   "video_token_id": 248057,
[36m(WorkerDict pid=203273)[0m   "vision_config": {
[36m(WorkerDict pid=203273)[0m     "deepstack_visual_indexes": [],
[36m(WorkerDict pid=203273)[0m     "depth": 24,
[36m(WorkerDict pid=203273)[0m     "hidden_act": "gelu_pytorch_tanh",
[36m(WorkerDict pid=203273)[0m     "hidden_size": 1024,
[36m(WorkerDict pid=203273)[0m     "in_channels": 3,
[36m(WorkerDict pid=203273)[0m     "initializer_range": 0.02,
[36m(WorkerDict pid=203273)[0m     "intermediate_size": 4096,
[36m(WorkerDict pid=203273)[0m     "model_type": "qwen3_5",
[36m(WorkerDict pid=203273)[0m     "num_heads": 16,
[36m(WorkerDict pid=203273)[0m     "num_position_embeddings": 2304,
[36m(WorkerDict pid=203273)[0m     "out_hidden_size": 2560,
[36m(WorkerDict pid=203273)[0m     "patch_size": 16,
[36m(WorkerDict pid=203273)[0m     "spatial_merge_size": 2,
[36m(WorkerDict pid=203273)[0m     "temporal_patch_size": 2
[36m(WorkerDict pid=203273)[0m   },
[36m(WorkerDict pid=203273)[0m   "vision_end_token_id": 248054,
[36m(WorkerDict pid=203273)[0m   "vision_start_token_id": 248053
[36m(WorkerDict pid=203273)[0m }
[36m(WorkerDict pid=203273)[0m 
[36m(WorkerDict pid=203273)[0m Monkey patch Qwen3_5TextModel.forward for Ulysses SP input slicing.
[36m(WorkerDict pid=203273)[0m Monkey patch Qwen3_5ForConditionalGeneration model forward
[36m(WorkerDict pid=203273)[0m Monkey patch _flash_attention_forward in transformers.integrations.flash_attention
[36m(WorkerDict pid=203273)[0m Skipping monkey patch for Qwen3_5ForConditionalGeneration as use_fused_kernels is False or fused_kernels_backend is torch
[36m(WorkerDict pid=203273)[0m Qwen3_5ForConditionalGeneration contains 4.54B parameters
[36m(WorkerDict pid=203273)[0m wrap_policy: functools.partial(<function _or_policy at 0x14bdb67963e0>, policies=[functools.partial(<function transformer_auto_wrap_policy at 0x14bdb67962a0>, transformer_layer_cls={<class 'transformers.models.qwen3_5.modeling_qwen3_5.Qwen3_5DecoderLayer'>, <class 'transformers.models.qwen3_5.modeling_qwen3_5.Qwen3_5VisionBlock'>})])
[36m(WorkerDict pid=203278)[0m [Gloo] Rank 0 is connected to 0 peer ranks. Expected number of connected peer ranks is : 0[32m [repeated 3x across cluster] (Ray deduplicates logs by default. Set RAY_DEDUP_LOGS=0 to disable log deduplication, or see https://docs.ray.io/en/master/ray-observability/user-guides/configure-logging.html#log-deduplication for more options.)[0m
[36m(WorkerDict pid=203273)[0m Total steps: 2, num_warmup_steps: 10
[36m(WorkerDict pid=203273)[0m Actor use_remove_padding=True
[36m(WorkerDict pid=203273)[0m Actor use_fused_kernels=False
[36m(WorkerDict pid=203273)[0m Actor use_prefix_grouper=False
[36m(WorkerDict pid=203273)[0m NCCL version 2.27.5+cuda12.9
[36m(WorkerDict pid=203273)[0m 
[36m(WorkerDict pid=203273)[0m [2026-09-09 22:04:13] udc-aw37-6:203273:245166 [0] ras/client_support.cc:160 NCCL WARN Call to bind failed: Address already in use
[36m(WorkerDict pid=203278)[0m Monkey patch Qwen3_5TextModel.forward for Ulysses SP input slicing.
[36m(WorkerDict pid=203278)[0m Monkey patch Qwen3_5ForConditionalGeneration model forward
[36m(WorkerDict pid=203278)[0m Monkey patch _flash_attention_forward in transformers.integrations.flash_attention
[36m(WorkerDict pid=203278)[0m Skipping monkey patch for Qwen3_5ForConditionalGeneration as use_fused_kernels is False or fused_kernels_backend is torch
[36m(WorkerDict pid=203273)[0m [Gloo] Rank 0 is connected to 0 peer ranks. Expected number of connected peer ranks is : 0[32m [repeated 2x across cluster][0m
[36m(WorkerDict pid=203278)[0m 
[36m(WorkerDict pid=203273)[0m reference model: Qwen/Qwen3.5-4B
[36m(WorkerDict pid=203273)[0m Model config after override: Qwen3_5Config {
[36m(WorkerDict pid=203273)[0m   "architectures": [
[36m(WorkerDict pid=203273)[0m     "Qwen3_5ForConditionalGeneration"
[36m(WorkerDict pid=203273)[0m   ],
[36m(WorkerDict pid=203273)[0m   "bos_token_id": null,
[36m(WorkerDict pid=203273)[0m   "eos_token_id": 248046,
[36m(WorkerDict pid=203273)[0m   "image_token_id": 248056,
[36m(WorkerDict pid=203273)[0m   "model_type": "qwen3_5",
[36m(WorkerDict pid=203273)[0m   "pad_token_id": 248044,
[36m(WorkerDict pid=203273)[0m   "text_config": {
[36m(WorkerDict pid=203273)[0m     "attention_bias": false,
[36m(WorkerDict pid=203273)[0m     "attention_dropout": 0.0,
[36m(WorkerDict pid=203273)[0m     "attn_output_gate": true,
[36m(WorkerDict pid=203273)[0m     "bos_token_id": null,
[36m(WorkerDict pid=203273)[0m     "dtype": "bfloat16",
[36m(WorkerDict pid=203273)[0m     "eos_token_id": 248044,
[36m(WorkerDict pid=203273)[0m     "full_attention_interval": 4,
[36m(WorkerDict pid=203273)[0m     "head_dim": 256,
[36m(WorkerDict pid=203273)[0m     "hidden_act": "silu",
[36m(WorkerDict pid=203273)[0m     "hidden_size": 2560,
[36m(WorkerDict pid=203273)[0m     "initializer_range": 0.02,
[36m(WorkerDict pid=203273)[0m     "intermediate_size": 9216,
[36m(WorkerDict pid=203273)[0m     "layer_types": [
[36m(WorkerDict pid=203273)[0m       "linear_attention",
[36m(WorkerDict pid=203273)[0m       "linear_attention",
[36m(WorkerDict pid=203273)[0m       "linear_attention",
[36m(WorkerDict pid=203273)[0m       "full_attention",
[36m(WorkerDict pid=203273)[0m       "linear_attention",
[36m(WorkerDict pid=203273)[0m       "linear_attention",
[36m(WorkerDict pid=203273)[0m       "linear_attention",
[36m(WorkerDict pid=203273)[0m       "full_attention",
[36m(WorkerDict pid=203273)[0m       "linear_attention",
[36m(WorkerDict pid=203273)[0m       "linear_attention",
[36m(WorkerDict pid=203273)[0m       "linear_attention",
[36m(WorkerDict pid=203273)[0m       "full_attention",
[36m(WorkerDict pid=203273)[0m       "linear_attention",
[36m(WorkerDict pid=203273)[0m       "linear_attention",
[36m(WorkerDict pid=203273)[0m       "linear_attention",
[36m(WorkerDict pid=203273)[0m       "full_attention",
[36m(WorkerDict pid=203273)[0m       "linear_attention",
[36m(WorkerDict pid=203273)[0m       "linear_attention",
[36m(WorkerDict pid=203273)[0m       "linear_attention",
[36m(WorkerDict pid=203273)[0m       "full_attention",
[36m(WorkerDict pid=203273)[0m       "linear_attention",
[36m(WorkerDict pid=203273)[0m       "linear_attention",
[36m(WorkerDict pid=203273)[0m       "linear_attention",
[36m(WorkerDict pid=203273)[0m       "full_attention",
[36m(WorkerDict pid=203273)[0m       "linear_attention",
[36m(WorkerDict pid=203278)[0m Loading weights:   0%|          | 0/723 [00:00<?, ?it/s]
[36m(WorkerDict pid=203278)[0m Loading weights:   0%|          | 1/723 [00:00<05:08,  2.34it/s]
[36m(WorkerDict pid=203278)[0m Loading weights:  28%|██▊       | 201/723 [00:00<00:01, 500.24it/s]
[36m(WorkerDict pid=203278)[0m Loading weights:  55%|█████▍    | 397/723 [00:00<00:00, 455.60it/s]Loading weights:  70%|██████▉   | 504/723 [00:01<00:00, 577.12it/s]
[36m(WorkerDict pid=203278)[0m Loading weights:  98%|█████████▊| 710/723 [00:01<00:00, 902.04it/s]Loading weights: 100%|██████████| 723/723 [00:01<00:00, 597.36it/s]
[36m(WorkerDict pid=203273)[0m Loading weights:  59%|█████▉    | 430/723 [00:01<00:00, 465.63it/s]Loading weights: 100%|██████████| 723/723 [00:01<00:00, 602.33it/s]
[36m(WorkerDict pid=203278)[0m /sfs/weka/scratch/nkw3mr/Vision-OPD-OPSA/verl/workers/fsdp_workers.py:666: FutureWarning: FSDP.state_dict_type() and FSDP.set_state_dict_type() are being deprecated. Please use APIs, get_state_dict() and set_state_dict(), which can support different parallelisms, FSDP1, FSDP2, DDP. API doc: https://pytorch.org/docs/stable/distributed.checkpoint.html#torch.distributed.checkpoint.state_dict.get_state_dict .Tutorial: https://pytorch.org/tutorials/recipes/distributed_checkpoint_recipe.html .
[36m(WorkerDict pid=203278)[0m   FSDP.set_state_dict_type(
[36m(TaskRunner pid=168327)[0m W0909 22:04:33.539000 168327 site-packages/torch/utils/cpp_extension.py:118] No CUDA runtime is found, using CUDA_HOME='/apps/software/standard/core/cuda/12.8.0'
[36m(WorkerDict pid=203273)[0m Loading weights:   0%|          | 0/723 [00:00<?, ?it/s]
[36m(WorkerDict pid=203273)[0m Loading weights:  48%|████▊     | 350/723 [00:00<00:00, 426.42it/s][32m [repeated 4x across cluster][0m
[36m(TaskRunner pid=168327)[0m /sfs/weka/scratch/nkw3mr/Vision-OPD-OPSA/verl/utils/profiler/config.py:52: UserWarning: Torch profiler tool config is not fully supported now.
[36m(TaskRunner pid=168327)[0m   warnings.warn("Torch profiler tool config is not fully supported now.", stacklevel=1)
[36m(pid=313835)[0m W0909 22:04:42.706000 313835 site-packages/torch/utils/cpp_extension.py:118] No CUDA runtime is found, using CUDA_HOME='/apps/software/standard/core/cuda/12.8.0'
[36m(pid=313883)[0m W0909 22:04:42.706000 313883 site-packages/torch/utils/cpp_extension.py:118] No CUDA runtime is found, using CUDA_HOME='/apps/software/standard/core/cuda/12.8.0'
[36m(vLLMHttpServer pid=313835)[0m Warning: You are sending unauthenticated requests to the HF Hub. Please set a HF_TOKEN to enable higher rate limits and faster downloads.
[36m(vLLMHttpServer pid=313835)[0m Using blocking ray.get inside async actor. This blocks the event loop. Please use `await` on object ref with asyncio.gather if you want to yield execution to the event loop instead.
[36m(vLLMHttpServer pid=313883)[0m The argument `trust_remote_code` is to be used with Auto classes. It has no effect here and is ignored.
[36m(vLLMHttpServer pid=313835)[0m `layer_type_validation` is deprecated and will be removed in v5.20. Use `PreTrainedConfig.validate_layer_type` instead
[36m(vLLMHttpServer pid=313835)[0m `layer_type_validation` is deprecated and will be removed in v5.20. Use `PreTrainedConfig.validate_layer_type` instead
[36m(vLLMHttpServer pid=313835)[0m `layer_type_validation` is deprecated and will be removed in v5.20. Use `PreTrainedConfig.validate_layer_type` instead
[36m(vLLMHttpServer pid=313883)[0m `Qwen2VLImageProcessorFast` is deprecated. The `Fast` suffix for image processors has been removed; use `Qwen2VLImageProcessor` instead.
[36m(WorkerDict pid=203273)[0m       "linear_attention",
[36m(WorkerDict pid=203273)[0m       "linear_attention",
[36m(WorkerDict pid=203273)[0m       "full_attention",
[36m(WorkerDict pid=203273)[0m       "linear_attention",
[36m(WorkerDict pid=203273)[0m       "linear_attention",
[36m(WorkerDict pid=203273)[0m       "linear_attention",
[36m(WorkerDict pid=203273)[0m       "full_attention"
[36m(WorkerDict pid=203273)[0m     ],
[36m(WorkerDict pid=203273)[0m     "linear_conv_kernel_dim": 4,
[36m(WorkerDict pid=203273)[0m     "linear_key_head_dim": 128,
[36m(WorkerDict pid=203273)[0m     "linear_num_key_heads": 16,
[36m(WorkerDict pid=203273)[0m     "linear_num_value_heads": 32,
[36m(WorkerDict pid=203273)[0m     "linear_value_head_dim": 128,
[36m(WorkerDict pid=203273)[0m     "mamba_ssm_dtype": "float32",
[36m(WorkerDict pid=203273)[0m     "max_position_embeddings": 262144,
[36m(WorkerDict pid=203273)[0m     "mlp_only_layers": [],
[36m(WorkerDict pid=203273)[0m     "model_type": "qwen3_5_text",
[36m(WorkerDict pid=203273)[0m     "mtp_num_hidden_layers": 1,
[36m(WorkerDict pid=203273)[0m     "mtp_use_dedicated_embeddings": false,
[36m(WorkerDict pid=203273)[0m     "num_attention_heads": 16,
[36m(WorkerDict pid=203273)[0m     "num_hidden_layers": 32,
[36m(WorkerDict pid=203273)[0m     "num_key_value_heads": 4,
[36m(WorkerDict pid=203273)[0m     "pad_token_id": null,
[36m(WorkerDict pid=203273)[0m     "partial_rotary_factor": 0.25,
[36m(WorkerDict pid=203273)[0m     "rms_norm_eps": 1e-06,
[36m(WorkerDict pid=203273)[0m     "rope_parameters": {
[36m(WorkerDict pid=203273)[0m       "mrope_interleaved": true,
[36m(WorkerDict pid=203273)[0m       "mrope_section": [
[36m(WorkerDict pid=203273)[0m         11,
[36m(WorkerDict pid=203273)[0m         11,
[36m(WorkerDict pid=203273)[0m         10
[36m(WorkerDict pid=203273)[0m       ],
[36m(WorkerDict pid=203273)[0m       "partial_rotary_factor": 0.25,
[36m(WorkerDict pid=203273)[0m       "rope_theta": 10000000,
[36m(WorkerDict pid=203273)[0m       "rope_type": "default"
[36m(WorkerDict pid=203273)[0m     },
[36m(WorkerDict pid=203273)[0m     "tie_word_embeddings": true,
[36m(WorkerDict pid=203273)[0m     "use_cache": true,
[36m(WorkerDict pid=203273)[0m     "vocab_size": 248320
[36m(WorkerDict pid=203273)[0m   },
[36m(WorkerDict pid=203273)[0m   "tie_word_embeddings": true,
[36m(WorkerDict pid=203273)[0m   "transformers_version": "5.5.0",
[36m(WorkerDict pid=203273)[0m   "video_token_id": 248057,
[36m(WorkerDict pid=203273)[0m   "vision_config": {
[36m(WorkerDict pid=203273)[0m     "deepstack_visual_indexes": [],
[36m(WorkerDict pid=203273)[0m     "depth": 24,
[36m(WorkerDict pid=203273)[0m     "hidden_act": "gelu_pytorch_tanh",
[36m(WorkerDict pid=203273)[0m     "hidden_size": 1024,
[36m(WorkerDict pid=203273)[0m     "in_channels": 3,
[36m(WorkerDict pid=203273)[0m     "initializer_range": 0.02,
[36m(WorkerDict pid=203273)[0m     "intermediate_size": 4096,
[36m(WorkerDict pid=203273)[0m     "model_type": "qwen3_5",
[36m(WorkerDict pid=203273)[0m     "num_heads": 16,
[36m(WorkerDict pid=203273)[0m     "num_position_embeddings": 2304,
[36m(WorkerDict pid=203273)[0m     "out_hidden_size": 2560,
[36m(WorkerDict pid=203273)[0m     "patch_size": 16,
[36m(WorkerDict pid=203273)[0m     "spatial_merge_size": 2,
[36m(WorkerDict pid=203273)[0m     "temporal_patch_size": 2
[36m(WorkerDict pid=203273)[0m   },
[36m(WorkerDict pid=203273)[0m   "vision_end_token_id": 248054,
[36m(WorkerDict pid=203273)[0m   "vision_start_token_id": 248053
[36m(WorkerDict pid=203273)[0m }
[36m(WorkerDict pid=203273)[0m 
[36m(WorkerDict pid=203278)[0m [2026-09-09 22:04:13] udc-aw37-6:203278:245170 [0] ras/client_support.cc:160 NCCL WARN Call to bind failed: Address already in use
[36m(WorkerDict pid=203278)[0m [Gloo] Rank 0 is connected to 0 peer ranks. Expected number of connected peer ranks is : 0[32m [repeated 2x across cluster][0m
[36m(WorkerDict pid=203278)[0m Monkey patch Qwen3_5TextModel.forward for Ulysses SP input slicing.
[36m(WorkerDict pid=203278)[0m Monkey patch Qwen3_5ForConditionalGeneration model forward
[36m(WorkerDict pid=203278)[0m Monkey patch _flash_attention_forward in transformers.integrations.flash_attention
[36m(WorkerDict pid=203278)[0m Skipping monkey patch for Qwen3_5ForConditionalGeneration as use_fused_kernels is False or fused_kernels_backend is torch
[36m(WorkerDict pid=203273)[0m Qwen3_5ForConditionalGeneration contains 4.54B parameters
[36m(WorkerDict pid=203273)[0m wrap_policy: functools.partial(<function _or_policy at 0x14bdb67963e0>, policies=[functools.partial(<function transformer_auto_wrap_policy at 0x14bdb67962a0>, transformer_layer_cls={<class 'transformers.models.qwen3_5.modeling_qwen3_5.Qwen3_5DecoderLayer'>, <class 'transformers.models.qwen3_5.modeling_qwen3_5.Qwen3_5VisionBlock'>})])
[36m(WorkerDict pid=203273)[0m Ref use_remove_padding=True
[36m(WorkerDict pid=203273)[0m Ref use_fused_kernels=False
[36m(WorkerDict pid=203273)[0m Ref use_prefix_grouper=False
[36m(vLLMHttpServer pid=313883)[0m ['serve',
[36m(vLLMHttpServer pid=313883)[0m  'Qwen/Qwen3.5-4B',
[36m(vLLMHttpServer pid=313883)[0m  '--dtype',
[36m(vLLMHttpServer pid=313883)[0m  'bfloat16',
[36m(vLLMHttpServer pid=313883)[0m  '--load_format',
[36m(vLLMHttpServer pid=313883)[0m  'dummy',
[36m(vLLMHttpServer pid=313883)[0m  '--trust_remote_code',
[36m(vLLMHttpServer pid=313883)[0m  '--max_model_len',
[36m(vLLMHttpServer pid=313883)[0m  '262144',
[36m(vLLMHttpServer pid=313883)[0m  '--max_num_seqs',
[36m(vLLMHttpServer pid=313883)[0m  '1024',
[36m(vLLMHttpServer pid=313883)[0m  '--enable_chunked_prefill',
[36m(vLLMHttpServer pid=313883)[0m  '--max_num_batched_tokens',
[36m(vLLMHttpServer pid=313883)[0m  '9216',
[36m(vLLMHttpServer pid=313883)[0m  '--enable_prefix_caching',
[36m(vLLMHttpServer pid=313883)[0m  '--enable_sleep_mode',
[36m(vLLMHttpServer pid=313883)[0m  '--logprobs_mode',
[36m(vLLMHttpServer pid=313883)[0m  'processed_logprobs',
[36m(vLLMHttpServer pid=313883)[0m  '--disable_custom_all_reduce',
[36m(vLLMHttpServer pid=313883)[0m  '--gpu_memory_utilization',
[36m(vLLMHttpServer pid=313883)[0m  '0.45',
[36m(vLLMHttpServer pid=313883)[0m  '--disable_log_stats',
[36m(vLLMHttpServer pid=313883)[0m  '--tensor_parallel_size',
[36m(vLLMHttpServer pid=313883)[0m  '1',
[36m(vLLMHttpServer pid=313883)[0m  '--seed',
[36m(vLLMHttpServer pid=313883)[0m  '0',
[36m(vLLMHttpServer pid=313883)[0m  '--override_generation_config',
[36m(vLLMHttpServer pid=313883)[0m  '{"temperature": 1.0, "top_k": -1, "top_p": 1, "repetition_penalty": 1.0, '
[36m(vLLMHttpServer pid=313883)[0m  '"max_new_tokens": 1024}',
[36m(vLLMHttpServer pid=313883)[0m  '--hf_overrides',
[36m(vLLMHttpServer pid=313883)[0m  '{}',
[36m(vLLMHttpServer pid=313883)[0m  '--scheduling_policy',
[36m(vLLMHttpServer pid=313883)[0m  'fcfs',
[36m(vLLMHttpServer pid=313883)[0m  '--compilation_config',
[36m(vLLMHttpServer pid=313883)[0m  '{"pass_config": {"fuse_allreduce_rms": false}}',
[36m(vLLMHttpServer pid=313883)[0m  '--kernel_config',
[36m(vLLMHttpServer pid=313883)[0m  '{"enable_flashinfer_autotune": false}']
[36m(WorkerDict pid=203273)[0m Monkey patch Qwen3_5TextModel.forward for Ulysses SP input slicing.
[36m(WorkerDict pid=203273)[0m Monkey patch Qwen3_5ForConditionalGeneration model forward
[36m(WorkerDict pid=203273)[0m Monkey patch _flash_attention_forward in transformers.integrations.flash_attention
[36m(WorkerDict pid=203273)[0m Skipping monkey patch for Qwen3_5ForConditionalGeneration as use_fused_kernels is False or fused_kernels_backend is torch
[36m(vLLMHttpServer pid=313835)[0m WARNING 09-09 22:04:48 [envs.py:1717] Unknown vLLM environment variable detected: VLLM_USE_V1
[36m(vLLMHttpServer pid=313835)[0m WARNING 09-09 22:04:48 [config.py:372] Mamba cache mode is set to 'align' for Qwen3_5ForConditionalGeneration by default when prefix caching is enabled
[36m(vLLMHttpServer pid=313883)[0m Warning: You are sending unauthenticated requests to the HF Hub. Please set a HF_TOKEN to enable higher rate limits and faster downloads.
[36m(vLLMHttpServer pid=313883)[0m The `use_fast` parameter is deprecated and will be removed in a future version. Use `backend="torchvision"` instead of `use_fast=True`, or `backend="pil"` instead of `use_fast=False`.
[36m(vLLMHttpServer pid=313883)[0m Using blocking ray.get inside async actor. This blocks the event loop. Please use `await` on object ref with asyncio.gather if you want to yield execution to the event loop instead.
[36m(vLLMHttpServer pid=313835)[0m The argument `trust_remote_code` is to be used with Auto classes. It has no effect here and is ignored.[32m [repeated 3x across cluster][0m
[36m(vLLMHttpServer pid=313835)[0m `layer_type_validation` is deprecated and will be removed in v5.20. Use `PreTrainedConfig.validate_layer_type` instead[32m [repeated 9x across cluster][0m
[36m(vLLMHttpServer pid=313835)[0m `Qwen2VLImageProcessorFast` is deprecated. The `Fast` suffix for image processors has been removed; use `Qwen2VLImageProcessor` instead.
[36m(vLLMHttpServer pid=313835)[0m W0909 22:05:05.977000 388692 site-packages/torch/utils/cpp_extension.py:118] No CUDA runtime is found, using CUDA_HOME='/apps/software/standard/core/cuda/12.8.0'
[36m(vLLMHttpServer pid=313835)[0m The `use_fast` parameter is deprecated and will be removed in a future version. Use `backend="torchvision"` instead of `use_fast=True`, or `backend="pil"` instead of `use_fast=False`.
[36m(WorkerDict pid=203273)[0m `Qwen2VLImageProcessorFast` is deprecated. The `Fast` suffix for image processors has been removed; use `Qwen2VLImageProcessor` instead.
[36m(WorkerDict pid=203273)[0m The `use_fast` parameter is deprecated and will be removed in a future version. Use `backend="torchvision"` instead of `use_fast=True`, or `backend="pil"` instead of `use_fast=False`.
[36m(vLLMHttpServer pid=313883)[0m W0909 22:05:05.977000 388771 site-packages/torch/utils/cpp_extension.py:118] No CUDA runtime is found, using CUDA_HOME='/apps/software/standard/core/cuda/12.8.0'
[36m(WorkerDict pid=203278)[0m `Qwen2VLImageProcessorFast` is deprecated. The `Fast` suffix for image processors has been removed; use `Qwen2VLImageProcessor` instead.
[36m(WorkerDict pid=203273)[0m <frozen importlib._bootstrap_external>:1301: FutureWarning: The cuda.cudart module is deprecated and will be removed in a future release, please switch to use the cuda.bindings.runtime module instead.
[36m(WorkerDict pid=203273)[0m <frozen importlib._bootstrap_external>:1301: FutureWarning: The cuda.nvrtc module is deprecated and will be removed in a future release, please switch to use the cuda.bindings.nvrtc module instead.
[36m(WorkerDict pid=203278)[0m Exception ignored in: <function CompiledFxGraph.__del__ at 0x14aea5daa660>
[36m(WorkerDict pid=203278)[0m Traceback (most recent call last):
[36m(WorkerDict pid=203278)[0m   File "/sfs/weka/scratch/nkw3mr/envs/vision-opd/lib/python3.12/site-packages/torch/_inductor/output_code.py", line 603, in __del__
[36m(WorkerDict pid=203278)[0m     if self.compiled_fn_runner is not None:
[36m(WorkerDict pid=203278)[0m        ^^^^^^^^^^^^^^^^^^^^^^^
[36m(WorkerDict pid=203278)[0m AttributeError: 'CompiledFxGraph' object has no attribute 'compiled_fn_runner'
[36m(WorkerDict pid=203278)[0m [rank1]:W0909 22:05:23.409000 203278 site-packages/torch/_inductor/codecache.py:1040] fx graph cache unable to load compiled graph
[36m(WorkerDict pid=203278)[0m [rank1]:W0909 22:05:23.409000 203278 site-packages/torch/_inductor/codecache.py:1040] Traceback (most recent call last):
[36m(WorkerDict pid=203278)[0m [rank1]:W0909 22:05:23.409000 203278 site-packages/torch/_inductor/codecache.py:1040]   File "/sfs/weka/scratch/nkw3mr/envs/vision-opd/lib/python3.12/site-packages/torch/_inductor/codecache.py", line 1038, in iterate_over_candidates
[36m(WorkerDict pid=203278)[0m [rank1]:W0909 22:05:23.409000 203278 site-packages/torch/_inductor/codecache.py:1040]     yield pickle.loads(content), content
[36m(WorkerDict pid=203278)[0m [rank1]:W0909 22:05:23.409000 203278 site-packages/torch/_inductor/codecache.py:1040]           ^^^^^^^^^^^^^^^^^^^^^
[36m(WorkerDict pid=203278)[0m [rank1]:W0909 22:05:23.409000 203278 site-packages/torch/_inductor/codecache.py:1040] _pickle.UnpicklingError: pickle data was truncated
[36m(WorkerDict pid=203278)[0m The `use_fast` parameter is deprecated and will be removed in a future version. Use `backend="torchvision"` instead of `use_fast=True`, or `backend="pil"` instead of `use_fast=False`.
[36m(WorkerDict pid=203273)[0m /sfs/weka/scratch/nkw3mr/envs/vision-opd/lib/python3.12/site-packages/vllm/model_executor/layers/fla/ops/utils.py:113: UserWarning: Input tensor shape suggests potential format mismatch: seq_len (16) < num_heads (32). This may indicate the inputs were passed in head-first format [B, H, T, ...] when head_first=False was specified. Please verify your input tensor format matches the expected shape [B, T, H, ...].
[36m(WorkerDict pid=203273)[0m   return fn(*contiguous_args, **contiguous_kwargs)
[36m(WorkerDict pid=203273)[0m Capturing CUDA graphs (mixed prefill-decode, PIECEWISE):   0%|          | 0/51 [00:00<?, ?it/s]
[36m(WorkerDict pid=203278)[0m <frozen importlib._bootstrap_external>:1301: FutureWarning: The cuda.cudart module is deprecated and will be removed in a future release, please switch to use the cuda.bindings.runtime module instead.
[36m(WorkerDict pid=203278)[0m <frozen importlib._bootstrap_external>:1301: FutureWarning: The cuda.nvrtc module is deprecated and will be removed in a future release, please switch to use the cuda.bindings.nvrtc module instead.
[36m(WorkerDict pid=203278)[0m /sfs/weka/scratch/nkw3mr/envs/vision-opd/lib/python3.12/site-packages/vllm/model_executor/layers/fla/ops/utils.py:113: UserWarning: Input tensor shape suggests potential format mismatch: seq_len (16) < num_heads (32). This may indicate the inputs were passed in head-first format [B, H, T, ...] when head_first=False was specified. Please verify your input tensor format matches the expected shape [B, T, H, ...].
[36m(WorkerDict pid=203278)[0m   return fn(*contiguous_args, **contiguous_kwargs)
[36m(WorkerDict pid=203273)[0m Capturing CUDA graphs (mixed prefill-decode, PIECEWISE):   8%|▊         | 4/51 [00:00<00:01, 36.52it/s]
[36m(WorkerDict pid=203273)[0m Capturing CUDA graphs (mixed prefill-decode, PIECEWISE):  18%|█▊        | 9/51 [00:00<00:01, 39.17it/s]
[36m(WorkerDict pid=203273)[0m Capturing CUDA graphs (mixed prefill-decode, PIECEWISE):  27%|██▋       | 14/51 [00:00<00:00, 40.76it/s]
[36m(WorkerDict pid=203273)[0m Capturing CUDA graphs (mixed prefill-decode, PIECEWISE):  37%|███▋      | 19/51 [00:00<00:00, 43.16it/s]
[36m(WorkerDict pid=203273)[0m Capturing CUDA graphs (mixed prefill-decode, PIECEWISE):  47%|████▋     | 24/51 [00:00<00:00, 45.41it/s]
[36m(WorkerDict pid=203273)[0m Capturing CUDA graphs (mixed prefill-decode, PIECEWISE):  59%|█████▉    | 30/51 [00:00<00:00, 47.11it/s]
[36m(WorkerDict pid=203273)[0m Capturing CUDA graphs (mixed prefill-decode, PIECEWISE):  69%|██████▊   | 35/51 [00:00<00:00, 45.52it/s]
[36m(WorkerDict pid=203273)[0m Capturing CUDA graphs (mixed prefill-decode, PIECEWISE):  80%|████████  | 41/51 [00:00<00:00, 47.47it/s]
[36m(WorkerDict pid=203273)[0m Capturing CUDA graphs (mixed prefill-decode, PIECEWISE):  92%|█████████▏| 47/51 [00:01<00:00, 49.75it/s]
[36m(WorkerDict pid=203273)[0m Capturing CUDA graphs (mixed prefill-decode, PIECEWISE): 100%|██████████| 51/51 [00:01<00:00, 46.22it/s]
[36m(WorkerDict pid=203273)[0m Capturing CUDA graphs (decode, FULL):   0%|          | 0/51 [00:00<?, ?it/s]
[36m(WorkerDict pid=203273)[0m Capturing CUDA graphs (decode, FULL):   2%|▏         | 1/51 [00:00<00:06,  8.17it/s]
[36m(WorkerDict pid=203273)[0m Capturing CUDA graphs (decode, FULL):  10%|▉         | 5/51 [00:00<00:02, 21.85it/s]
[36m(WorkerDict pid=203273)[0m Capturing CUDA graphs (decode, FULL):  18%|█▊        | 9/51 [00:00<00:01, 26.64it/s]
[36m(WorkerDict pid=203273)[0m Capturing CUDA graphs (decode, FULL):  25%|██▌       | 13/51 [00:00<00:01, 29.86it/s]Capturing CUDA graphs (decode, FULL):  33%|███▎      | 17/51 [00:00<00:01, 32.59it/s]
[36m(WorkerDict pid=203273)[0m Capturing CUDA graphs (decode, FULL):  41%|████      | 21/51 [00:00<00:01, 27.74it/s]
[36m(WorkerDict pid=203273)[0m Capturing CUDA graphs (decode, FULL):  51%|█████     | 26/51 [00:00<00:00, 32.64it/s]
[36m(WorkerDict pid=203273)[0m Capturing CUDA graphs (decode, FULL):  61%|██████    | 31/51 [00:00<00:00, 36.47it/s]
[36m(WorkerDict pid=203273)[0m Capturing CUDA graphs (decode, FULL):  71%|███████   | 36/51 [00:01<00:00, 39.27it/s]
[36m(WorkerDict pid=203273)[0m Capturing CUDA graphs (decode, FULL):  82%|████████▏ | 42/51 [00:01<00:00, 43.37it/s]
[36m(WorkerDict pid=203273)[0m Capturing CUDA graphs (decode, FULL):  94%|█████████▍| 48/51 [00:01<00:00, 47.54it/s]
[36m(WorkerDict pid=203273)[0m Capturing CUDA graphs (decode, FULL): 100%|██████████| 51/51 [00:01<00:00, 34.91it/s]
[36m(vLLMHttpServer pid=313835)[0m (EngineCore pid=388692) Warning: You are sending unauthenticated requests to the HF Hub. Please set a HF_TOKEN to enable higher rate limits and faster downloads.
[36m(vLLMHttpServer pid=313835)[0m (EngineCore pid=388692) `Qwen2VLImageProcessorFast` is deprecated. The `Fast` suffix for image processors has been removed; use `Qwen2VLImageProcessor` instead.
[36m(vLLMHttpServer pid=313883)[0m (EngineCore pid=388771) The `use_fast` parameter is deprecated and will be removed in a future version. Use `backend="torchvision"` instead of `use_fast=True`, or `backend="pil"` instead of `use_fast=False`.
[36m(vLLMHttpServer pid=313835)[0m The argument `trust_remote_code` is to be used with Auto classes. It has no effect here and is ignored.
[36m(vLLMHttpServer pid=313883)[0m (EngineCore pid=388771) Warning: You are sending unauthenticated requests to the HF Hub. Please set a HF_TOKEN to enable higher rate limits and faster downloads.
[36m(vLLMHttpServer pid=313883)[0m (EngineCore pid=388771) `Qwen2VLImageProcessorFast` is deprecated. The `Fast` suffix for image processors has been removed; use `Qwen2VLImageProcessor` instead.
[36m(vLLMHttpServer pid=313835)[0m `layer_type_validation` is deprecated and will be removed in v5.20. Use `PreTrainedConfig.validate_layer_type` instead
[36m(vLLMHttpServer pid=313835)[0m `layer_type_validation` is deprecated and will be removed in v5.20. Use `PreTrainedConfig.validate_layer_type` instead
[36m(vLLMHttpServer pid=313835)[0m `layer_type_validation` is deprecated and will be removed in v5.20. Use `PreTrainedConfig.validate_layer_type` instead
[36m(vLLMHttpServer pid=313835)[0m (EngineCore pid=388692) The `use_fast` parameter is deprecated and will be removed in a future version. Use `backend="torchvision"` instead of `use_fast=True`, or `backend="pil"` instead of `use_fast=False`.
[36m(vLLMHttpServer pid=313883)[0m The argument `trust_remote_code` is to be used with Auto classes. It has no effect here and is ignored.[32m [repeated 7x across cluster][0m
[36m(vLLMHttpServer pid=313883)[0m `layer_type_validation` is deprecated and will be removed in v5.20. Use `PreTrainedConfig.validate_layer_type` instead[32m [repeated 21x across cluster][0m
[36m(WorkerDict pid=203278)[0m /sfs/weka/scratch/nkw3mr/Vision-OPD-OPSA/verl/utils/device.py:134: FutureWarning: torch.cuda._set_allocator_settings is deprecated. Use torch._C._accelerator_setAllocatorSettings instead.
[36m(WorkerDict pid=203278)[0m   torch.cuda.memory._set_allocator_settings(f"expandable_segments:{enable}")
[36m(TaskRunner pid=168327)[0m Training Progress:   0%|          | 0/2 [00:00<?, ?it/s]
[36m(AgentLoopWorker pid=586369)[0m W0909 22:06:13.667000 586369 site-packages/torch/utils/cpp_extension.py:118] No CUDA runtime is found, using CUDA_HOME='/apps/software/standard/core/cuda/12.8.0'
[36m(vLLMHttpServer pid=313835)[0m The argument `trust_remote_code` is to be used with Auto classes. It has no effect here and is ignored.[32m [repeated 2x across cluster][0m
[36m(vLLMHttpServer pid=313835)[0m `layer_type_validation` is deprecated and will be removed in v5.20. Use `PreTrainedConfig.validate_layer_type` instead[32m [repeated 6x across cluster][0m
[36m(WorkerDict pid=203273)[0m /sfs/weka/scratch/nkw3mr/Vision-OPD-OPSA/verl/utils/device.py:134: FutureWarning: torch.cuda._set_allocator_settings is deprecated. Use torch._C._accelerator_setAllocatorSettings instead.
[36m(WorkerDict pid=203273)[0m   torch.cuda.memory._set_allocator_settings(f"expandable_segments:{enable}")
[36m(AgentLoopWorker pid=586337)[0m Warning: You are sending unauthenticated requests to the HF Hub. Please set a HF_TOKEN to enable higher rate limits and faster downloads.
[36m(AgentLoopWorker pid=586337)[0m Keyword argument `video_metadatas` is not a valid argument for this processor and will be ignored.
[36m(AgentLoopWorker pid=586337)[0m W0909 22:06:13.767000 586337 site-packages/torch/utils/cpp_extension.py:118] No CUDA runtime is found, using CUDA_HOME='/apps/software/standard/core/cuda/12.8.0'[32m [repeated 7x across cluster][0m
[36m(AgentLoopWorker pid=586321)[0m Warning: You are sending unauthenticated requests to the HF Hub. Please set a HF_TOKEN to enable higher rate limits and faster downloads.[32m [repeated 7x across cluster][0m
[36m(WorkerDict pid=203273)[0m /sfs/weka/scratch/nkw3mr/Vision-OPD-OPSA/verl/utils/device.py:134: FutureWarning: torch.cuda._set_allocator_settings is deprecated. Use torch._C._accelerator_setAllocatorSettings instead.
[36m(WorkerDict pid=203273)[0m   torch.cuda.memory._set_allocator_settings(f"expandable_segments:{enable}")
[36m(AgentLoopWorker pid=586369)[0m Keyword argument `video_metadatas` is not a valid argument for this processor and will be ignored.[32m [repeated 7x across cluster][0m
[36m(TaskRunner pid=168327)[0m Training Progress:  50%|█████     | 1/2 [06:23<06:23, 383.96s/it]
[36m(WorkerDict pid=203278)[0m /sfs/weka/scratch/nkw3mr/Vision-OPD-OPSA/verl/utils/device.py:134: FutureWarning: torch.cuda._set_allocator_settings is deprecated. Use torch._C._accelerator_setAllocatorSettings instead.
[36m(WorkerDict pid=203278)[0m   torch.cuda.memory._set_allocator_settings(f"expandable_segments:{enable}")
[36m(vLLMHttpServer pid=313883)[0m WARNING 09-09 22:04:48 [vllm.py:743] Async scheduling will be disabled because it is not supported with the `<class 'verl.workers.rollout.vllm_rollout.vllm_async_server.ExternalZeroMQDistributedExecutor'>` distributed executor backend (only `mp`, `uni`, and `external_launcher` are supported).
[36m(vLLMHttpServer pid=313835)[0m WARNING 09-09 22:04:59 [system_utils.py:152] We must use the `spawn` multiprocessing start method. Overriding VLLM_WORKER_MULTIPROC_METHOD to 'spawn'. See https://docs.vllm.ai/en/latest/usage/troubleshooting.html#python-multiprocessing for more information. Reasons: In a Ray actor and can only be spawned
[36m(vLLMHttpServer pid=313883)[0m WARNING 09-09 22:04:48 [envs.py:1717] Unknown vLLM environment variable detected: VLLM_USE_V1
[36m(vLLMHttpServer pid=313883)[0m WARNING 09-09 22:04:48 [config.py:372] Mamba cache mode is set to 'align' for Qwen3_5ForConditionalGeneration by default when prefix caching is enabled
[36m(vLLMHttpServer pid=313835)[0m WARNING 09-09 22:04:48 [vllm.py:743] Async scheduling will be disabled because it is not supported with the `<class 'verl.workers.rollout.vllm_rollout.vllm_async_server.ExternalZeroMQDistributedExecutor'>` distributed executor backend (only `mp`, `uni`, and `external_launcher` are supported).
[36m(WorkerDict pid=203273)[0m WARNING 09-09 22:05:09 [worker_base.py:287] Missing `shared_worker_lock` argument from executor. This argument is needed for mm_processor_cache_type='shm'.
[36m(vLLMHttpServer pid=313883)[0m WARNING 09-09 22:04:59 [system_utils.py:152] We must use the `spawn` multiprocessing start method. Overriding VLLM_WORKER_MULTIPROC_METHOD to 'spawn'. See https://docs.vllm.ai/en/latest/usage/troubleshooting.html#python-multiprocessing for more information. Reasons: In a Ray actor and can only be spawned
[36m(vLLMHttpServer pid=313835)[0m WARNING 09-09 22:05:53 [api_router.py:30] LoRA dynamic loading & unloading is enabled in the API server. This should ONLY be used for local development!
[36m(WorkerDict pid=203278)[0m WARNING 09-09 22:05:09 [worker_base.py:287] Missing `shared_worker_lock` argument from executor. This argument is needed for mm_processor_cache_type='shm'.
[36m(vLLMHttpServer pid=313835)[0m WARNING 09-09 22:05:54 [model.py:1376] Default vLLM sampling parameters have been overridden by the model's `generation_config.json`: `{'repetition_penalty': 1.0, 'temperature': 1.0, 'top_k': -1, 'top_p': 1, 'max_tokens': 1024}`. If this is not intended, please relaunch vLLM instance with `--generation-config vllm`.
[36m(TaskRunner pid=168327)[0m AgentLoopManager: ['10.250.133.122:37131', '10.250.133.122:40013']
[36m(vLLMHttpServer pid=313883)[0m WARNING 09-09 22:05:53 [api_router.py:30] LoRA dynamic loading & unloading is enabled in the API server. This should ONLY be used for local development!
[36m(vLLMHttpServer pid=313883)[0m WARNING 09-09 22:05:54 [model.py:1376] Default vLLM sampling parameters have been overridden by the model's `generation_config.json`: `{'repetition_penalty': 1.0, 'temperature': 1.0, 'top_k': -1, 'top_p': 1, 'max_tokens': 1024}`. If this is not intended, please relaunch vLLM instance with `--generation-config vllm`.
[36m(TaskRunner pid=168327)[0m Checkpoint tracker file does not exist: /sfs/weka/scratch/nkw3mr/Vision-OPD-OPSA/checkpoints/Aha-floor-Qwen3.5-4B-6karmA/latest_checkpointed_iteration.txt
[36m(TaskRunner pid=168327)[0m Training from scratch
[36m(AgentLoopWorker pid=586337)[0m Using dataset class: RLHFDataset
[36m(vLLMHttpServer pid=313835)[0m WARNING 09-09 22:06:21 [input_processor.py:227] Passing raw prompts to InputProcessor is deprecated and will be removed in v0.18. You should instead pass the outputs of Renderer.render_cmpl() or Renderer.render_chat().
[36m(TaskRunner pid=168327)[0m Dumped generations to /sfs/weka/scratch/nkw3mr/Vision-OPD-OPSA/rollouts/Aha-floor-Qwen3.5-4B-6karmA/1.jsonl
[36m(TaskRunner pid=168327)[0m step:1 - global_seqlen/min:341633 - global_seqlen/max:341633 - global_seqlen/minmax_diff:0 - global_seqlen/balanced_min:341633 - global_seqlen/balanced_max:341633 - global_seqlen/mean:341633.0 - self_distillation/teacher_always_on_fraction:1.0 - self_distillation/teacher_image_swap_fraction:1.0 - self_distillation/policy_fallback_fraction:0.0 - self_distillation/grpo_fallback_count:0.0 - rollout_corr/rollout_is_mean:1.0 - rollout_corr/rollout_is_ratio_fraction_high:0.0 - rollout_corr/rollout_is_ratio_fraction_low:0.0 - rollout_corr/rollout_is_max:1.0 - rollout_corr/rollout_is_min:1.0 - rollout_corr/rollout_is_std:0.0 - rollout_corr/rollout_is_eff_sample_size:1.0 - rollout_corr/rollout_is_seq_mean:1.0 - rollout_corr/rollout_is_seq_std:0.0 - rollout_corr/rollout_is_seq_max:1.0 - rollout_corr/rollout_is_seq_min:1.0 - rollout_corr/rollout_is_seq_max_deviation:0.0 - rollout_corr/rollout_is_seq_fraction_high:0.0 - rollout_corr/rollout_is_seq_fraction_low:0.0 - rollout_corr/training_ppl:1.9929489741722743 - rollout_corr/training_log_ppl:0.5873569565980384 - rollout_corr/kl:-0.009466867022031996 - rollout_corr/k3_kl:0.1022938917352197 - rollout_corr/rollout_ppl:2.0483617385228476 - rollout_corr/rollout_log_ppl:0.5968238199129701 - rollout_corr/log_ppl_diff:-0.009466863314931592 - rollout_corr/log_ppl_abs_diff:0.08396656850042443 - rollout_corr/log_ppl_diff_max:0.13914811611175537 - rollout_corr/log_ppl_diff_min:-0.620758056640625 - rollout_corr/ppl_ratio:0.9992786763856808 - rollout_corr/chi2_token:0.8422379611680905 - rollout_corr/chi2_seq:2.4970344081521034 - actor/pg_loss:0.2398065605666489 - actor/kl_loss:0.0 - actor/grpo_loss:0.0 - actor/vopd_loss:0.2398065605666489 - actor/vopd_loss_weighted:0.2398065605666489 - actor/policy_fallback_fraction:0.0 - aha/u_mean:-1.128657117097949 - aha/u_neg_valley_frac:0.7080540775010983 - aha/floor_clamped_frac:0.7080540775010983 - aha/q_tail_mass:0.0026559052127838414 - aha/argmax_conf:0.9841991662979126 - self_distillation/raw_jsd_token_mean:0.23980656056664884 - self_distillation/weighted_jsd_token_mean:0.23980656056664884 - self_distillation/self_distillation_mask.mean():1.0 - self_distillation/num_distill_tokens:134.36458333333334 - self_distillation/empty_target_batch:0.0 - actor/grad_norm:7.124395847320557 - timing_s/update_actor/student_forward:48.3951105530723 - timing_s/update_actor/teacher_forward:60.65663114306517 - timing_s/update_actor/teacher_full_forward:0.0 - timing_s/update_actor/teacher_null_forward:54.57379775401205 - timing_s/update_actor/loss_compute:0.07069692004006356 - timing_s/update_actor/backward:98.02781380689703 - timing_s/update_actor/optimizer_step:0.1821850929991342 - timing_s/update_actor/teacher_ema_update:5.128001794219017e-05 - perf/mfu/actor:0.0 - perf/max_memory_allocated_gb:79.07138061523438 - perf/max_memory_reserved_gb:89.966796875 - perf/cpu_memory_used_gb:286.4790916442871 - actor/lr:0.0 - training/global_step:1 - training/epoch:0 - response_length/mean:134.3645782470703 - response_length/max:1024.0 - response_length/min:2.0 - response_length/clip_ratio:0.02083333395421505 - response_length_non_aborted/mean:134.3645782470703 - response_length_non_aborted/max:1024.0 - response_length_non_aborted/min:2.0 - response_length_non_aborted/clip_ratio:0.02083333395421505 - response/aborted_ratio:0.0 - prompt_length/mean:3424.3125 - prompt_length/max:5330.0 - prompt_length/min:3158.0 - prompt_length/clip_ratio:0.0 - num_turns/min:2 - num_turns/max:2 - num_turns/mean:2.0 - timing_s/start_profile:0.0001399119501002133 - timing_s/agent_loop/generate_sequences/min:13.963940447953064 - timing_s/agent_loop/generate_sequences/max:32.88102075998904 - timing_s/agent_loop/generate_sequences/mean:22.756422352918282 - timing_s/agent_loop/tool_calls/min:0.0 - timing_s/agent_loop/tool_calls/max:0.0 - timing_s/agent_loop/tool_calls/mean:0.0 - timing_s/agent_loop/slowest/generate_sequences:32.88102075998904 - timing_s/agent_loop/slowest/tool_calls:0.0 - timing_s/agent_loop/slowest/prompt_length:3355 - timing_s/agent_loop/slowest/response_l[36m(WorkerDict pid=203273)[0m /sfs/weka/scratch/nkw3mr/Vision-OPD-OPSA/verl/utils/device.py:134: FutureWarning: torch.cuda._set_allocator_settings is deprecated. Use torch._C._accelerator_setAllocatorSettings instead.
[36m(WorkerDict pid=203273)[0m   torch.cuda.memory._set_allocator_settings(f"expandable_segments:{enable}")
ength:1024 - timing_s/gen:55.93140607496025 - timing_s/adv:23.258569870027713 - timing_s/update_actor:304.442223787948 - timing_s/dump_rollout_generations:0.05487638496560976 - timing_s/step:383.7180968269822 - timing_s/stop_profile:2.92810145765543e-05 - timing_per_token_ms/adv:0.068080571461269 - timing_per_token_ms/gen:4.336104044884119 - timing_per_token_ms/update_actor:0.8911382208040441 - perf/total_num_tokens:341633 - perf/time_per_step:383.7180968269822 - perf/throughput:445.16143859907874
[36m(AgentLoopWorker pid=586321)[0m Using dataset class: RLHFDataset[32m [repeated 7x across cluster][0m
[36m(vLLMHttpServer pid=313883)[0m WARNING 09-09 22:06:21 [input_processor.py:227] Passing raw prompts to InputProcessor is deprecated and will be removed in v0.18. You should instead pass the outputs of Renderer.render_cmpl() or Renderer.render_chat().
[36m(TaskRunner pid=168327)[0m Dumped generations to /sfs/weka/scratch/nkw3mr/Vision-OPD-OPSA/rollouts/Aha-floor-Qwen3.5-4B-6karmA/2.jsonl
[36m(TaskRunner pid=168327)[0m local_global_step_folder: /sfs/weka/scratch/nkw3mr/Vision-OPD-OPSA/checkpoints/Aha-floor-Qwen3.5-4B-6karmA/global_step_2
[36m(TaskRunner pid=168327)[0m Training Progress: 100%|██████████| 2/2 [12:40<00:00, 379.84s/it]Training Progress: 100%|██████████| 2/2 [12:40<00:00, 380.46s/it]
[36m(WorkerDict pid=203278)[0m /sfs/weka/scratch/nkw3mr/Vision-OPD-OPSA/verl/utils/device.py:134: FutureWarning: torch.cuda._set_allocator_settings is deprecated. Use torch._C._accelerator_setAllocatorSettings instead.
[36m(WorkerDict pid=203278)[0m   torch.cuda.memory._set_allocator_settings(f"expandable_segments:{enable}")
[36m(TaskRunner pid=168327)[0m step:2 - global_seqlen/min:340042 - global_seqlen/max:340042 - global_seqlen/minmax_diff:0 - global_seqlen/balanced_min:340042 - global_seqlen/balanced_max:340042 - global_seqlen/mean:340042.0 - self_distillation/teacher_always_on_fraction:1.0 - self_distillation/teacher_image_swap_fraction:1.0 - self_distillation/policy_fallback_fraction:0.0 - self_distillation/grpo_fallback_count:0.0 - rollout_corr/rollout_is_mean:1.0 - rollout_corr/rollout_is_ratio_fraction_high:0.0 - rollout_corr/rollout_is_ratio_fraction_low:0.0 - rollout_corr/rollout_is_max:1.0 - rollout_corr/rollout_is_min:1.0 - rollout_corr/rollout_is_std:0.0 - rollout_corr/rollout_is_eff_sample_size:1.0 - rollout_corr/rollout_is_seq_mean:1.0 - rollout_corr/rollout_is_seq_std:0.0 - rollout_corr/rollout_is_seq_max:1.0 - rollout_corr/rollout_is_seq_min:1.0 - rollout_corr/rollout_is_seq_max_deviation:0.0 - rollout_corr/rollout_is_seq_fraction_high:0.0 - rollout_corr/rollout_is_seq_fraction_low:0.0 - rollout_corr/training_ppl:1.9294588540991147 - rollout_corr/training_log_ppl:0.6200020198399822 - rollout_corr/kl:0.002118422767428759 - rollout_corr/k3_kl:0.1429546810007499 - rollout_corr/rollout_ppl:2.003014449030161 - rollout_corr/rollout_log_ppl:0.6178835912918051 - rollout_corr/log_ppl_diff:0.0021184285481770835 - rollout_corr/log_ppl_abs_diff:0.08510090286533038 - rollout_corr/log_ppl_diff_max:0.16507425904273987 - rollout_corr/log_ppl_diff_min:-0.9908590316772461 - rollout_corr/ppl_ratio:1.0130259118353326 - rollout_corr/chi2_token:3.3099667516847453 - rollout_corr/chi2_seq:14.582099587966999 - actor/pg_loss:0.2405604461673647 - actor/kl_loss:0.0 - actor/grpo_loss:0.0 - actor/vopd_loss:0.2405604461673647 - actor/vopd_loss_weighted:0.2405604461673647 - actor/policy_fallback_fraction:0.0 - aha/u_mean:-1.0063392982507746 - aha/u_neg_valley_frac:0.6882362803444266 - aha/floor_clamped_frac:0.6882362803444266 - aha/q_tail_mass:0.004572774172065808 - aha/argmax_conf:0.9460051655769348 - self_distillation/raw_jsd_token_mean:0.24056044616736472 - self_distillation/weighted_jsd_token_mean:0.24056044616736472 - self_distillation/self_distillation_mask.mean():1.0 - self_distillation/num_distill_tokens:167.8125 - self_distillation/empty_target_batch:0.0 - actor/grad_norm:3.9934732913970947 - timing_s/update_actor/student_forward:46.58849502686644 - timing_s/update_actor/teacher_forward:56.24998701229924 - timing_s/update_actor/teacher_full_forward:0.0 - timing_s/update_actor/teacher_null_forward:63.82562302402221 - timing_s/update_actor/loss_compute:0.07432961429003626 - timing_s/update_actor/backward:91.68835196306463 - timing_s/update_actor/optimizer_step:0.0848473539808765 - timing_s/update_actor/teacher_ema_update:4.7084002289921045e-05 - perf/mfu/actor:0.0 - perf/max_memory_allocated_gb:81.76594114303589 - perf/max_memory_reserved_gb:92.67578125 - perf/cpu_memory_used_gb:353.50550842285156 - actor/lr:2e-07 - training/global_step:2 - training/epoch:0 - response_length/mean:167.8125 - response_length/max:1024.0 - response_length/min:2.0 - response_length/clip_ratio:0.0416666679084301 - response_length_non_aborted/mean:167.8125 - response_length_non_aborted/max:1024.0 - response_length_non_aborted/min:2.0 - response_length_non_aborted/clip_ratio:0.0416666679084301 - response/aborted_ratio:0.0 - prompt_length/mean:3374.291748046875 - prompt_length/max:3971.0 - prompt_length/min:3161.0 - prompt_length/clip_ratio:0.0 - num_turns/min:2 - num_turns/max:2 - num_turns/mean:2.0 - timing_s/start_profile:4.677398828789592e-05 - timing_s/agent_loop/generate_sequences/min:4.366947699047159 - timing_s/agent_loop/generate_sequences/max:25.216381578997243 - timing_s/agent_loop/generate_sequences/mean:14.366562709284457 - timing_s/agent_loop/tool_calls/min:0.0 - timing_s/agent_loop/tool_calls/max:0.0 - timing_s/agent_loop/tool_calls/mean:0.0 - timing_s/agent_loop/slowest/generate_sequences:25.216381578997243 - timing_s/agent_loop/slowest/tool_calls:0.0 - timing_s/agent_loop/slowest/prompt_length:3350 - timing_s/agent_loop/slowest/response_length:1024 - timing_s/gen:35.99793277098797 - timing_s/adv:22.549721555958968 - timing_s/update_actor:300.8684001460206 - timing_s/dump_rollout_generations:0.058214318996760994 - timing_s/step:359.4965064939461 - timing_s/save_checkpoint:17.254421075980645 - timing_s/stop_profile:3.505800850689411e-05 - timing_per_token_ms/adv:0.06631451866522067 - timing_per_token_ms/gen:2.2345085518924876 - timing_per_token_ms/update_actor:0.884797760706091 - perf/total_num_tokens:340042 - perf/time_per_step:359.4965064939461 - perf/throughput:472.9420089729388
[36m(TaskRunner pid=168327)[0m 'Final validation metrics: None'
