Running: Aha-floor-Qwen3.5-4B-6karmA  (aha_beta=4.0, floor_alpha=0.1)
Teacher: frozen init copy (source=legacy, update_rate=0.0)
2026-09-09 21:58:31,864	INFO worker.py:1998 -- Started a local Ray instance. View the dashboard at [1m[32mhttp://127.0.0.1:8265 [39m[22m
/sfs/weka/scratch/nkw3mr/envs/vision-opd/lib/python3.12/site-packages/ray/_private/worker.py:2046: FutureWarning: Tip: In future versions of Ray, Ray will no longer override accelerator visible devices env var if num_gpus=0 or num_gpus=None (default). To enable this behavior and turn off this error message, set RAY_ACCEL_ENV_VAR_OVERRIDE_ON_ZERO=0
  warnings.warn(
ray init kwargs: {'num_cpus': None, 'runtime_env': {'env_vars': {'TOKENIZERS_PARALLELISM': 'true', 'NCCL_DEBUG': 'WARN', 'VLLM_LOGGING_LEVEL': 'WARN', 'VLLM_ALLOW_RUNTIME_LORA_UPDATING': 'true', 'VLLM_ALLREDUCE_USE_SYMM_MEM': '0', 'CUDA_DEVICE_MAX_CONNECTIONS': '1', 'NCCL_CUMEM_ENABLE': '0'}, 'working_dir': None}}
[36m(TaskRunner pid=204133)[0m TaskRunner hostname: udc-aw37-6, PID: 204133
[36m(TaskRunner pid=204133)[0m {'actor_rollout_ref': {'actor': {'_target_': 'verl.workers.config.FSDPActorConfig',
[36m(TaskRunner pid=204133)[0m                                  'calculate_entropy': False,
[36m(TaskRunner pid=204133)[0m                                  'calculate_sum_pi_squared': False,
[36m(TaskRunner pid=204133)[0m                                  'checkpoint': {'_target_': 'verl.trainer.config.CheckpointConfig',
[36m(TaskRunner pid=204133)[0m                                                 'async_save': False,
[36m(TaskRunner pid=204133)[0m                                                 'load_contents': ['model',
[36m(TaskRunner pid=204133)[0m                                                                   'optimizer',
[36m(TaskRunner pid=204133)[0m                                                                   'extra'],
[36m(TaskRunner pid=204133)[0m                                                 'save_contents': ['model',
[36m(TaskRunner pid=204133)[0m                                                                   'optimizer',
[36m(TaskRunner pid=204133)[0m                                                                   'extra']},
[36m(TaskRunner pid=204133)[0m                                  'clip_ratio': 0.2,
[36m(TaskRunner pid=204133)[0m                                  'clip_ratio_c': 3.0,
[36m(TaskRunner pid=204133)[0m                                  'clip_ratio_high': 0.3,
[36m(TaskRunner pid=204133)[0m                                  'clip_ratio_low': 0.2,
[36m(TaskRunner pid=204133)[0m                                  'data_loader_seed': 42,
[36m(TaskRunner pid=204133)[0m                                  'entropy_checkpointing': False,
[36m(TaskRunner pid=204133)[0m                                  'entropy_coeff': 0,
[36m(TaskRunner pid=204133)[0m                                  'entropy_from_logits_with_chunking': False,
[36m(TaskRunner pid=204133)[0m                                  'freeze_vision_tower': False,
[36m(TaskRunner pid=204133)[0m                                  'fsdp_config': {'_target_': 'verl.workers.config.FSDPEngineConfig',
[36m(TaskRunner pid=204133)[0m                                                  'dtype': 'bfloat16',
[36m(TaskRunner pid=204133)[0m                                                  'entropy_checkpointing': False,
[36m(TaskRunner pid=204133)[0m                                                  'entropy_from_logits_with_chunking': False,
[36m(TaskRunner pid=204133)[0m                                                  'forward_only': False,
[36m(TaskRunner pid=204133)[0m                                                  'forward_prefetch': False,
[36m(TaskRunner pid=204133)[0m                                                  'fsdp_size': -1,
[36m(TaskRunner pid=204133)[0m                                                  'full_determinism': False,
[36m(TaskRunner pid=204133)[0m                                                  'model_dtype': 'fp32',
[36m(TaskRunner pid=204133)[0m                                                  'offload_policy': False,
[36m(TaskRunner pid=204133)[0m                                                  'optimizer_offload': True,
[36m(TaskRunner pid=204133)[0m                                                  'param_offload': True,
[36m(TaskRunner pid=204133)[0m                                                  'reshard_after_forward': True,
[36m(TaskRunner pid=204133)[0m                                                  'seed': 42,
[36m(TaskRunner pid=204133)[0m                                                  'strategy': 'fsdp',
[36m(TaskRunner pid=204133)[0m                                                  'ulysses_sequence_parallel_size': 1,
[36m(TaskRunner pid=204133)[0m                                                  'use_orig_params': False,
[36m(TaskRunner pid=204133)[0m                                                  'use_torch_compile': True,
[36m(TaskRunner pid=204133)[0m                                                  'wrap_policy': {'min_num_params': 0}},
[36m(TaskRunner pid=204133)[0m                                  'grad_clip': 1.0,
[36m(TaskRunner pid=204133)[0m                                  'kl_loss_coef': 0.001,
[36m(TaskRunner pid=204133)[0m                                  'kl_loss_type': 'low_var_kl',
[36m(TaskRunner pid=204133)[0m                                  'loss_agg_mode': 'token-mean',
[36m(TaskRunner pid=204133)[0m                                  'loss_scale_factor': None,
[36m(TaskRunner pid=204133)[0m                                  'optim': {'_target_': 'verl.workers.config.FSDPOptimizerConfig',
[36m(TaskRunner pid=204133)[0m                                            'betas': [0.9, 0.999],
[36m(TaskRunner pid=204133)[0m                                            'clip_grad': 1.0,
[36m(TaskRunner pid=204133)[0m                                            'lr': 2e-06,
[36m(TaskRunner pid=204133)[0m                                            'lr_scheduler_type': 'constant',
[36m(TaskRunner pid=204133)[0m                                            'lr_warmup_steps': 10,
[36m(TaskRunner pid=204133)[0m                                            'lr_warmup_steps_ratio': 0.0,
[36m(TaskRunner pid=204133)[0m                                            'min_lr_ratio': 0.0,
[36m(TaskRunner pid=204133)[0m                                            'num_cycles': 0.5,
[36m(TaskRunner pid=204133)[0m                                            'optimizer': 'AdamW',
[36m(TaskRunner pid=204133)[0m                                            'optimizer_impl': 'torch.optim',
[36m(TaskRunner pid=204133)[0m                                            'override_optimizer_config': None,
[36m(TaskRunner pid=204133)[0m                                            'total_training_steps': -1,
[36m(TaskRunner pid=204133)[0m                                            'warmup_style': None,
[36m(TaskRunner pid=204133)[0m                                            'weight_decay': 0.01},
[36m(TaskRunner pid=204133)[0m                                  'policy_loss': {'_target_': 'verl.workers.config.PolicyLossConfig',
[36m(TaskRunner pid=204133)[0m                                                  'clip_cov_lb': 1.0,
[36m(TaskRunner pid=204133)[0m                                                  'clip_cov_ratio': 0.0002,
[36m(TaskRunner pid=204133)[0m                                                  'clip_cov_ub': 5.0,
[36m(TaskRunner pid=204133)[0m                                                  'kl_cov_ratio': 0.0002,
[36m(TaskRunner pid=204133)[0m                                                  'loss_mode': 'vopd',
[36m(TaskRunner pid=204133)[0m                                                  'ppo_kl_coef': 0.1},
[36m(TaskRunner pid=204133)[0m                                  'ppo_epochs': 1,
[36m(TaskRunner pid=204133)[0m                                  'ppo_max_token_len_per_gpu': 9216,
[36m(TaskRunner pid=204133)[0m                                  'ppo_micro_batch_size': None,
[36m(TaskRunner pid=204133)[0m                                  'ppo_micro_batch_size_per_gpu': 1,
[36m(TaskRunner pid=204133)[0m                                  'ppo_mini_batch_size': 16,
[36m(TaskRunner pid=204133)[0m                                  'profiler': {'_target_': 'verl.utils.profiler.ProfilerConfig',
[36m(TaskRunner pid=204133)[0m                                               'all_ranks': False,
[36m(TaskRunner pid=204133)[0m                                               'enable': False,
[36m(TaskRunner pid=204133)[0m                                               'ranks': [],
[36m(TaskRunner pid=204133)[0m                                               'save_path': 'outputs/profile',
[36m(TaskRunner pid=204133)[0m                                               'tool': None,
[36m(TaskRunner pid=204133)[0m                                               'tool_config': {'npu': {'_target_': 'verl.utils.profiler.config.NPUToolConfig',
[36m(TaskRunner pid=204133)[0m                                                                       'analysis': True,
[36m(TaskRunner pid=204133)[0m                                                                       'contents': [],
[36m(TaskRunner pid=204133)[0m                                                                       'discrete': False,
[36m(TaskRunner pid=204133)[0m                                                                       'level': 'level0'},
[36m(TaskRunner pid=204133)[0m                                                               'nsys': {'_target_': 'verl.utils.profiler.config.NsightToolConfig',
[36m(TaskRunner pid=204133)[0m                                                                        'discrete': False},
[36m(TaskRunner pid=204133)[0m                                                               'torch': {'_target_': 'verl.utils.profiler.config.TorchProfilerToolConfig',
[36m(TaskRunner pid=204133)[0m                                                                         'step_end': None,
[36m(TaskRunner pid=204133)[0m                                                                         'step_start': 0},
[36m(TaskRunner pid=204133)[0m                                                               'torch_memory': {'_target_': 'verl.utils.profiler.config.TorchMemoryToolConfig',
[36m(TaskRunner pid=204133)[0m                                                                                'stack_depth': 32,
[36m(TaskRunner pid=204133)[0m                                                                                'trace_alloc_max_entries': 100000}}},
[36m(TaskRunner pid=204133)[0m                                  'rollout_n': 2,
[36m(TaskRunner pid=204133)[0m                                  'router_replay': {'_target_': 'verl.workers.config.RouterReplayConfig',
[36m(TaskRunner pid=204133)[0m                                                    'mode': 'disabled',
[36m(TaskRunner pid=204133)[0m                                                    'record_file': None,
[36m(TaskRunner pid=204133)[0m                                                    'replay_file': None},
[36m(TaskRunner pid=204133)[0m                                  'self_distillation': {'_target_': 'verl.workers.config.SelfDistillationConfig',
[36m(TaskRunner pid=204133)[0m                                                        'aha_beta': 4.0,
[36m(TaskRunner pid=204133)[0m                                                        'aha_center_u': False,
[36m(TaskRunner pid=204133)[0m                                                        'aha_enable': True,
[36m(TaskRunner pid=204133)[0m                                                        'aha_floor_alpha': 0.1,
[36m(TaskRunner pid=204133)[0m                                                        'alpha': 0.5,
[36m(TaskRunner pid=204133)[0m                                                        'answer_hint_template': '\n'
[36m(TaskRunner pid=204133)[0m                                                                                '\n'
[36m(TaskRunner pid=204133)[0m                                                                                'Here '
[36m(TaskRunner pid=204133)[0m                                                                                'is '
[36m(TaskRunner pid=204133)[0m                                                                                'a '
[36m(TaskRunner pid=204133)[0m                                                                                'reference '
[36m(TaskRunner pid=204133)[0m                                                                                'solution '
[36m(TaskRunner pid=204133)[0m                                                                                'to '
[36m(TaskRunner pid=204133)[0m                                                                                'this '
[36m(TaskRunner pid=204133)[0m                                                                                'problem:\n'
[36m(TaskRunner pid=204133)[0m                                                                                '{answer}\n'
[36m(TaskRunner pid=204133)[0m                                                                                '\n'
[36m(TaskRunner pid=204133)[0m                                                                                'After '
[36m(TaskRunner pid=204133)[0m                                                                                'understanding '
[36m(TaskRunner pid=204133)[0m                                                                                'the '
[36m(TaskRunner pid=204133)[0m                                                                                'reference '
[36m(TaskRunner pid=204133)[0m                                                                                'solution, '
[36m(TaskRunner pid=204133)[0m                                                                                'please '
[36m(TaskRunner pid=204133)[0m                                                                                'try '
[36m(TaskRunner pid=204133)[0m                                                                                'to '
[36m(TaskRunner pid=204133)[0m                                                                                'solve '
[36m(TaskRunner pid=204133)[0m                                                                                'this '
[36m(TaskRunner pid=204133)[0m                                                                                'problem '
[36m(TaskRunner pid=204133)[0m                                                                                'using '
[36m(TaskRunner pid=204133)[0m                                                                                'your '
[36m(TaskRunner pid=204133)[0m                                                                                'own '
[36m(TaskRunner pid=204133)[0m                                                                                'approach '
[36m(TaskRunner pid=204133)[0m                                                                                'below:',
[36m(TaskRunner pid=204133)[0m                                                        'distillation_add_tail': True,
[36m(TaskRunner pid=204133)[0m                                                        'distillation_topk': 100,
[36m(TaskRunner pid=204133)[0m                                                        'dont_reprompt_on_self_success': True,
[36m(TaskRunner pid=204133)[0m                                                        'environment_feedback_only_without_solution': True,
[36m(TaskRunner pid=204133)[0m                                                        'evt_clip_neg': 2.0,
[36m(TaskRunner pid=204133)[0m                                                        'evt_clip_pos': 1.0,
[36m(TaskRunner pid=204133)[0m                                                        'evt_ema_eta': 0.05,
[36m(TaskRunner pid=204133)[0m                                                        'evt_enable': False,
[36m(TaskRunner pid=204133)[0m                                                        'evt_negative_only': False,
[36m(TaskRunner pid=204133)[0m                                                        'evt_neutral_base': 0.0,
[36m(TaskRunner pid=204133)[0m                                                        'evt_token_fraction': 0.2,
[36m(TaskRunner pid=204133)[0m                                                        'evt_ubar_init': None,
[36m(TaskRunner pid=204133)[0m                                                        'fallback_to_policy_loss_on_missing_teacher': False,
[36m(TaskRunner pid=204133)[0m                                                        'feedback_template': '\n'
[36m(TaskRunner pid=204133)[0m                                                                             'The '
[36m(TaskRunner pid=204133)[0m                                                                             'following '
[36m(TaskRunner pid=204133)[0m                                                                             'is '
[36m(TaskRunner pid=204133)[0m                                                                             'feedback '
[36m(TaskRunner pid=204133)[0m                                                                             'from '
[36m(TaskRunner pid=204133)[0m                                                                             'your '
[36m(TaskRunner pid=204133)[0m                                                                             'unsuccessful '
[36m(TaskRunner pid=204133)[0m                                                                             'earlier '
[36m(TaskRunner pid=204133)[0m                                                                             'attempt:\n'
[36m(TaskRunner pid=204133)[0m                                                                             '\n'
[36m(TaskRunner pid=204133)[0m                                                                             '{feedback_raw}',
[36m(TaskRunner pid=204133)[0m                                                        'full_logit_distillation': True,
[36m(TaskRunner pid=204133)[0m                                                        'gamma': 1.0,
[36m(TaskRunner pid=204133)[0m                                                        'include_environment_feedback': False,
[36m(TaskRunner pid=204133)[0m                                                        'is_clip': 2.0,
[36m(TaskRunner pid=204133)[0m                                                        'log_prob_dump_dir': None,
[36m(TaskRunner pid=204133)[0m                                                        'max_reprompt_len': 10240,
[36m(TaskRunner pid=204133)[0m                                                        'null_image_key': 'null_images',
[36m(TaskRunner pid=204133)[0m                                                        'opsa_advantage_max': -0.5,
[36m(TaskRunner pid=204133)[0m                                                        'opsa_advantage_min': -1.0,
[36m(TaskRunner pid=204133)[0m                                                        'opsa_enable': False,
[36m(TaskRunner pid=204133)[0m                                                        'opsa_fixed_advantage': None,
[36m(TaskRunner pid=204133)[0m                                                        'opsa_mode': 'entropy',
[36m(TaskRunner pid=204133)[0m                                                        'opsa_token_fraction': 0.2,
[36m(TaskRunner pid=204133)[0m                                                        'remove_thinking_from_demonstration': True,
[36m(TaskRunner pid=204133)[0m                                                        'reprompt_template': '{prompt}{solution}{feedback}\n'
[36m(TaskRunner pid=204133)[0m                                                                             '\n'
[36m(TaskRunner pid=204133)[0m                                                                             'Correctly '
[36m(TaskRunner pid=204133)[0m                                                                             'solve '
[36m(TaskRunner pid=204133)[0m                                                                             'the '
[36m(TaskRunner pid=204133)[0m                                                                             'original '
[36m(TaskRunner pid=204133)[0m                                                                             'question.',
[36m(TaskRunner pid=204133)[0m                                                        'reprompt_truncation': 'right',
[36m(TaskRunner pid=204133)[0m                                                        'sa_beta_max': 8.0,
[36m(TaskRunner pid=204133)[0m                                                        'sa_binary_iters': 8,
[36m(TaskRunner pid=204133)[0m                                                        'sa_center_u': False,
[36m(TaskRunner pid=204133)[0m                                                        'sa_eps_max': 0.5,
[36m(TaskRunner pid=204133)[0m                                                        'sa_lambda': 1.0,
[36m(TaskRunner pid=204133)[0m                                                        'sa_rho': 0.9,
[36m(TaskRunner pid=204133)[0m                                                        'sa_tau_e': 0.03,
[36m(TaskRunner pid=204133)[0m                                                        'sa_temp_e': 0.015,
[36m(TaskRunner pid=204133)[0m                                                        'sa_u_clip': None,
[36m(TaskRunner pid=204133)[0m                                                        'sa_zero_floor': False,
[36m(TaskRunner pid=204133)[0m                                                        'solution_template': '\n'
[36m(TaskRunner pid=204133)[0m                                                                             'Correct '
[36m(TaskRunner pid=204133)[0m                                                                             'solution:\n'
[36m(TaskRunner pid=204133)[0m                                                                             '\n'
[36m(TaskRunner pid=204133)[0m                                                                             '{successful_previous_attempt}',
[36m(TaskRunner pid=204133)[0m                                                        'state_adaptive': False,
[36m(TaskRunner pid=204133)[0m                                                        'success_reward_threshold': 0.5,
[36m(TaskRunner pid=204133)[0m                                                        'teacher_always_on': True,
[36m(TaskRunner pid=204133)[0m                                                        'teacher_image_key': 'bbox_images',
[36m(TaskRunner pid=204133)[0m                                                        'teacher_model_path': None,
[36m(TaskRunner pid=204133)[0m                                                        'teacher_model_source': 'legacy',
[36m(TaskRunner pid=204133)[0m                                                        'teacher_prompt_mode': None,
[36m(TaskRunner pid=204133)[0m                                                        'teacher_regularization': 'ema',
[36m(TaskRunner pid=204133)[0m                                                        'teacher_update_interval': None,
[36m(TaskRunner pid=204133)[0m                                                        'teacher_update_rate': 0.0},
[36m(TaskRunner pid=204133)[0m                                  'shuffle': False,
[36m(TaskRunner pid=204133)[0m                                  'strategy': 'fsdp',
[36m(TaskRunner pid=204133)[0m                                  'sum_pi_squared_checkpointing': False,
[36m(TaskRunner pid=204133)[0m                                  'tau_neg': 1.05,
[36m(TaskRunner pid=204133)[0m                                  'tau_pos': 1.0,
[36m(TaskRunner pid=204133)[0m                                  'ulysses_sequence_parallel_size': 2,
[36m(TaskRunner pid=204133)[0m                                  'use_dynamic_bsz': False,
[36m(TaskRunner pid=204133)[0m                                  'use_fused_kernels': False,
[36m(TaskRunner pid=204133)[0m                                  'use_kl_loss': False,
[36m(TaskRunner pid=204133)[0m                                  'use_prefix_grouper': False,
[36m(TaskRunner pid=204133)[0m                                  'use_remove_padding': True,
[36m(TaskRunner pid=204133)[0m                                  'use_torch_compile': True},
[36m(TaskRunner pid=204133)[0m                        'hybrid_engine': True,
[36m(TaskRunner pid=204133)[0m                        'model': {'_target_': 'verl.workers.config.HFModelConfig',
[36m(TaskRunner pid=204133)[0m                                  'custom_chat_template': None,
[36m(TaskRunner pid=204133)[0m                                  'custom_chat_template_file': '/sfs/weka/scratch/nkw3mr/Vision-OPD-OPSA/chat_templates/perception_chat_template_qwen35.jinja',
[36m(TaskRunner pid=204133)[0m                                  'enable_activation_offload': True,
[36m(TaskRunner pid=204133)[0m                                  'enable_gradient_checkpointing': True,
[36m(TaskRunner pid=204133)[0m                                  'exclude_modules': None,
[36m(TaskRunner pid=204133)[0m                                  'external_lib': None,
[36m(TaskRunner pid=204133)[0m                                  'fused_kernel_options': {'impl_backend': 'torch'},
[36m(TaskRunner pid=204133)[0m                                  'hf_config_path': None,
[36m(TaskRunner pid=204133)[0m                                  'lora_adapter_path': None,
[36m(TaskRunner pid=204133)[0m                                  'lora_alpha': 16,
[36m(TaskRunner pid=204133)[0m                                  'lora_rank': 0,
[36m(TaskRunner pid=204133)[0m                                  'override_config': {},
[36m(TaskRunner pid=204133)[0m                                  'path': 'Qwen/Qwen3.5-4B',
[36m(TaskRunner pid=204133)[0m                                  'target_modules': 'all-linear',
[36m(TaskRunner pid=204133)[0m                                  'tiled_mlp': {'enabled': False,
[36m(TaskRunner pid=204133)[0m                                                'num_shards': 4},
[36m(TaskRunner pid=204133)[0m                                  'tokenizer_path': None,
[36m(TaskRunner pid=204133)[0m                                  'trust_remote_code': True,
[36m(TaskRunner pid=204133)[0m                                  'use_fused_kernels': False,
[36m(TaskRunner pid=204133)[0m                                  'use_liger': False,
[36m(TaskRunner pid=204133)[0m                                  'use_remove_padding': True,
[36m(TaskRunner pid=204133)[0m                                  'use_shm': False},
[36m(TaskRunner pid=204133)[0m                        'nccl_timeout': 600,
[36m(TaskRunner pid=204133)[0m                        'ref': {'_target_': 'verl.workers.config.FSDPActorConfig',
[36m(TaskRunner pid=204133)[0m                                'entropy_checkpointing': False,
[36m(TaskRunner pid=204133)[0m                                'entropy_from_logits_with_chunking': False,
[36m(TaskRunner pid=204133)[0m                                'fsdp_config': {'_target_': 'verl.workers.config.FSDPEngineConfig',
[36m(TaskRunner pid=204133)[0m                                                'dtype': 'bfloat16',
[36m(TaskRunner pid=204133)[0m                                                'entropy_checkpointing': False,
[36m(TaskRunner pid=204133)[0m                                                'entropy_from_logits_with_chunking': False,
[36m(TaskRunner pid=204133)[0m                                                'forward_only': True,
[36m(TaskRunner pid=204133)[0m                                                'forward_prefetch': False,
[36m(TaskRunner pid=204133)[0m                                                'fsdp_size': -1,
[36m(TaskRunner pid=204133)[0m                                                'full_determinism': False,
[36m(TaskRunner pid=204133)[0m                                                'model_dtype': 'fp32',
[36m(TaskRunner pid=204133)[0m                                                'offload_policy': False,
[36m(TaskRunner pid=204133)[0m                                                'optimizer_offload': False,
[36m(TaskRunner pid=204133)[0m                                                'param_offload': True,
[36m(TaskRunner pid=204133)[0m                                                'reshard_after_forward': True,
[36m(TaskRunner pid=204133)[0m                                                'seed': 42,
[36m(TaskRunner pid=204133)[0m                                                'strategy': 'fsdp',
[36m(TaskRunner pid=204133)[0m                                                'ulysses_sequence_parallel_size': 1,
[36m(TaskRunner pid=204133)[0m                                                'use_orig_params': False,
[36m(TaskRunner pid=204133)[0m                                                'use_torch_compile': True,
[36m(TaskRunner pid=204133)[0m                                                'wrap_policy': {'min_num_params': 0}},
[36m(TaskRunner pid=204133)[0m                                'log_prob_max_token_len_per_gpu': 9216,
[36m(TaskRunner pid=204133)[0m                                'log_prob_micro_batch_size': None,
[36m(TaskRunner pid=204133)[0m                                'log_prob_micro_batch_size_per_gpu': 1,
[36m(TaskRunner pid=204133)[0m                                'log_prob_use_dynamic_bsz': False,
[36m(TaskRunner pid=204133)[0m                                'profiler': {'_target_': 'verl.utils.profiler.ProfilerConfig',
[36m(TaskRunner pid=204133)[0m                                             'all_ranks': False,
[36m(TaskRunner pid=204133)[0m                                             'enable': False,
[36m(TaskRunner pid=204133)[0m                                             'ranks': [],
[36m(TaskRunner pid=204133)[0m                                             'save_path': 'outputs/profile',
[36m(TaskRunner pid=204133)[0m                                             'tool': None,
[36m(TaskRunner pid=204133)[0m                                             'tool_config': {'npu': {'_target_': 'verl.utils.profiler.config.NPUToolConfig',
[36m(TaskRunner pid=204133)[0m                                                                     'analysis': True,
[36m(TaskRunner pid=204133)[0m                                                                     'contents': [],
[36m(TaskRunner pid=204133)[0m                                                                     'discrete': False,
[36m(TaskRunner pid=204133)[0m                                                                     'level': 'level0'},
[36m(TaskRunner pid=204133)[0m                                                             'nsys': {'_target_': 'verl.utils.profiler.config.NsightToolConfig',
[36m(TaskRunner pid=204133)[0m                                                                      'discrete': False},
[36m(TaskRunner pid=204133)[0m                                                             'torch': {'_target_': 'verl.utils.profiler.config.TorchProfilerToolConfig',
[36m(TaskRunner pid=204133)[0m                                                                       'step_end': None,
[36m(TaskRunner pid=204133)[0m                                                                       'step_start': 0},
[36m(TaskRunner pid=204133)[0m                                                             'torch_memory': {'_target_': 'verl.utils.profiler.config.TorchMemoryToolConfig',
[36m(TaskRunner pid=204133)[0m                                                                              'stack_depth': 32,
[36m(TaskRunner pid=204133)[0m                                                                              'trace_alloc_max_entries': 100000}}},
[36m(TaskRunner pid=204133)[0m                                'rollout_n': 2,
[36m(TaskRunner pid=204133)[0m                                'router_replay': {'_target_': 'verl.workers.config.RouterReplayConfig',
[36m(TaskRunner pid=204133)[0m                                                  'mode': 'disabled',
[36m(TaskRunner pid=204133)[0m                                                  'record_file': None,
[36m(TaskRunner pid=204133)[0m                                                  'replay_file': None},
[36m(TaskRunner pid=204133)[0m                                'strategy': 'fsdp',
[36m(TaskRunner pid=204133)[0m                                'ulysses_sequence_parallel_size': 2,
[36m(TaskRunner pid=204133)[0m                                'use_torch_compile': True},
[36m(TaskRunner pid=204133)[0m                        'rollout': {'_target_': 'verl.workers.config.RolloutConfig',
[36m(TaskRunner pid=204133)[0m                                    'agent': {'_target_': 'verl.workers.config.AgentLoopConfig',
[36m(TaskRunner pid=204133)[0m                                              'agent_loop_config_path': None,
[36m(TaskRunner pid=204133)[0m                                              'custom_async_server': {'_target_': 'verl.workers.config.CustomAsyncServerConfig',
[36m(TaskRunner pid=204133)[0m                                                                      'name': None,
[36m(TaskRunner pid=204133)[0m                                                                      'path': None},
[36m(TaskRunner pid=204133)[0m                                              'default_agent_loop': 'single_turn_agent',
[36m(TaskRunner pid=204133)[0m                                              'num_workers': 8},
[36m(TaskRunner pid=204133)[0m                                    'calculate_log_probs': True,
[36m(TaskRunner pid=204133)[0m                                    'cudagraph_capture_sizes': None,
[36m(TaskRunner pid=204133)[0m                                    'data_parallel_size': 1,
[36m(TaskRunner pid=204133)[0m                                    'disable_log_stats': True,
[36m(TaskRunner pid=204133)[0m                                    'do_sample': True,
[36m(TaskRunner pid=204133)[0m                                    'dtype': 'bfloat16',
[36m(TaskRunner pid=204133)[0m                                    'enable_chunked_prefill': True,
[36m(TaskRunner pid=204133)[0m                                    'enable_prefix_caching': True,
[36m(TaskRunner pid=204133)[0m                                    'enable_rollout_routing_replay': False,
[36m(TaskRunner pid=204133)[0m                                    'enforce_eager': False,
[36m(TaskRunner pid=204133)[0m                                    'engine_kwargs': {'sglang': {},
[36m(TaskRunner pid=204133)[0m                                                      'vllm': {'compilation_config': {'pass_config': {'fuse_allreduce_rms': False}},
[36m(TaskRunner pid=204133)[0m                                                               'kernel_config': {'enable_flashinfer_autotune': False}}},
[36m(TaskRunner pid=204133)[0m                                    'expert_parallel_size': 1,
[36m(TaskRunner pid=204133)[0m                                    'free_cache_engine': True,
[36m(TaskRunner pid=204133)[0m                                    'gpu_memory_utilization': 0.45,
[36m(TaskRunner pid=204133)[0m                                    'ignore_eos': False,
[36m(TaskRunner pid=204133)[0m                                    'layered_summon': False,
[36m(TaskRunner pid=204133)[0m                                    'load_format': 'dummy',
[36m(TaskRunner pid=204133)[0m                                    'log_prob_max_token_len_per_gpu': 9216,
[36m(TaskRunner pid=204133)[0m                                    'log_prob_micro_batch_size': None,
[36m(TaskRunner pid=204133)[0m                                    'log_prob_micro_batch_size_per_gpu': 1,
[36m(TaskRunner pid=204133)[0m                                    'log_prob_use_dynamic_bsz': False,
[36m(TaskRunner pid=204133)[0m                                    'logprobs_mode': 'processed_logprobs',
[36m(TaskRunner pid=204133)[0m                                    'max_model_len': 9216,
[36m(TaskRunner pid=204133)[0m                                    'max_num_batched_tokens': 9216,
[36m(TaskRunner pid=204133)[0m                                    'max_num_seqs': 1024,
[36m(TaskRunner pid=204133)[0m                                    'mode': 'async',
[36m(TaskRunner pid=204133)[0m                                    'multi_stage_wake_up': False,
[36m(TaskRunner pid=204133)[0m                                    'multi_turn': {'_target_': 'verl.workers.config.MultiTurnConfig',
[36m(TaskRunner pid=204133)[0m                                                   'enable': False,
[36m(TaskRunner pid=204133)[0m                                                   'format': 'hermes',
[36m(TaskRunner pid=204133)[0m                                                   'interaction_config_path': None,
[36m(TaskRunner pid=204133)[0m                                                   'max_assistant_turns': None,
[36m(TaskRunner pid=204133)[0m                                                   'max_parallel_calls': 1,
[36m(TaskRunner pid=204133)[0m                                                   'max_tool_response_length': 256,
[36m(TaskRunner pid=204133)[0m                                                   'max_user_turns': None,
[36m(TaskRunner pid=204133)[0m                                                   'num_repeat_rollouts': None,
[36m(TaskRunner pid=204133)[0m                                                   'tokenization_sanity_check_mode': 'strict',
[36m(TaskRunner pid=204133)[0m                                                   'tool_config_path': None,
[36m(TaskRunner pid=204133)[0m                                                   'tool_response_truncate_side': 'middle',
[36m(TaskRunner pid=204133)[0m                                                   'use_inference_chat_template': False},
[36m(TaskRunner pid=204133)[0m                                    'n': 2,
[36m(TaskRunner pid=204133)[0m                                    'name': 'vllm',
[36m(TaskRunner pid=204133)[0m                                    'over_sample_rate': 0,
[36m(TaskRunner pid=204133)[0m                                    'pipeline_model_parallel_size': 1,
[36m(TaskRunner pid=204133)[0m                                    'profiler': {'_target_': 'verl.utils.profiler.ProfilerConfig',
[36m(TaskRunner pid=204133)[0m                                                 'all_ranks': False,
[36m(TaskRunner pid=204133)[0m                                                 'enable': False,
[36m(TaskRunner pid=204133)[0m                                                 'ranks': [],
[36m(TaskRunner pid=204133)[0m                                                 'save_path': 'outputs/profile',
[36m(TaskRunner pid=204133)[0m                                                 'tool': None,
[36m(TaskRunner pid=204133)[0m                                                 'tool_config': {'npu': {'_target_': 'verl.utils.profiler.config.NPUToolConfig',
[36m(TaskRunner pid=204133)[0m                                                                         'analysis': True,
[36m(TaskRunner pid=204133)[0m                                                                         'contents': [],
[36m(TaskRunner pid=204133)[0m                                                                         'discrete': False,
[36m(TaskRunner pid=204133)[0m                                                                         'level': 'level0'},
[36m(TaskRunner pid=204133)[0m                                                                 'nsys': {'_target_': 'verl.utils.profiler.config.NsightToolConfig',
[36m(TaskRunner pid=204133)[0m                                                                          'discrete': False},
[36m(TaskRunner pid=204133)[0m                                                                 'torch': {'_target_': 'verl.utils.profiler.config.TorchProfilerToolConfig',
[36m(TaskRunner pid=204133)[0m                                                                           'step_end': None,
[36m(TaskRunner pid=204133)[0m                                                                           'step_start': 0},
[36m(TaskRunner pid=204133)[0m                                                                 'torch_memory': {'_target_': 'verl.utils.profiler.config.TorchMemoryToolConfig',
[36m(TaskRunner pid=204133)[0m                                                                                  'stack_depth': 32,
[36m(TaskRunner pid=204133)[0m                                                                                  'trace_alloc_max_entries': 100000}}},
[36m(TaskRunner pid=204133)[0m                                    'prometheus': {'_target_': 'verl.workers.config.PrometheusConfig',
[36m(TaskRunner pid=204133)[0m                                                   'enable': False,
[36m(TaskRunner pid=204133)[0m                                                   'file': '/tmp/ray/session_latest/metrics/prometheus/prometheus.yml',
[36m(TaskRunner pid=204133)[0m                                                   'port': 9090,
[36m(TaskRunner pid=204133)[0m                                                   'served_model_name': 'Qwen/Qwen3.5-4B'},
[36m(TaskRunner pid=204133)[0m                                    'prompt_length': 8192,
[36m(TaskRunner pid=204133)[0m                                    'quantization': None,
[36m(TaskRunner pid=204133)[0m                                    'quantization_config_file': None,
[36m(TaskRunner pid=204133)[0m                                    'response_length': 1024,
[36m(TaskRunner pid=204133)[0m                                    'scheduling_policy': 'fcfs',
[36m(TaskRunner pid=204133)[0m                                    'skip_dump_dir': '/tmp/rollout_dump',
[36m(TaskRunner pid=204133)[0m                                    'skip_rollout': False,
[36m(TaskRunner pid=204133)[0m                                    'skip_tokenizer_init': True,
[36m(TaskRunner pid=204133)[0m                                    'temperature': 1.0,
[36m(TaskRunner pid=204133)[0m                                    'tensor_model_parallel_size': 1,
[36m(TaskRunner pid=204133)[0m                                    'top_k': -1,
[36m(TaskRunner pid=204133)[0m                                    'top_p': 1,
[36m(TaskRunner pid=204133)[0m                                    'trace': {'_target_': 'verl.workers.config.TraceConfig'
[36m(TaskRunner pid=204133)[0m ,
[36m(TaskRunner pid=204133)[0m                                              'backend': None,
[36m(TaskRunner pid=204133)[0m                                              'max_samples_per_step_per_worker': None,
[36m(TaskRunner pid=204133)[0m                                              'token2text': False},
[36m(TaskRunner pid=204133)[0m                                    'update_weights_bucket_megabytes': 512,
[36m(TaskRunner pid=204133)[0m                                    'val_kwargs': {'_target_': 'verl.workers.config.SamplingConfig',
[36m(TaskRunner pid=204133)[0m                                                   'do_sample': False,
[36m(TaskRunner pid=204133)[0m                                                   'n': 1,
[36m(TaskRunner pid=204133)[0m                                                   'temperature': 0,
[36m(TaskRunner pid=204133)[0m                                                   'top_k': -1,
[36m(TaskRunner pid=204133)[0m                                                   'top_p': 1.0}}},
[36m(TaskRunner pid=204133)[0m  'algorithm': {'_target_': 'verl.trainer.config.AlgoConfig',
[36m(TaskRunner pid=204133)[0m                'adv_estimator': 'grpo',
[36m(TaskRunner pid=204133)[0m                'gamma': 1.0,
[36m(TaskRunner pid=204133)[0m                'kl_ctrl': {'_target_': 'verl.trainer.config.KLControlConfig',
[36m(TaskRunner pid=204133)[0m                            'horizon': 10000,
[36m(TaskRunner pid=204133)[0m                            'kl_coef': 0.001,
[36m(TaskRunner pid=204133)[0m                            'target_kl': 0.1,
[36m(TaskRunner pid=204133)[0m                            'type': 'fixed'},
[36m(TaskRunner pid=204133)[0m                'kl_penalty': 'kl',
[36m(TaskRunner pid=204133)[0m                'lam': 1.0,
[36m(TaskRunner pid=204133)[0m                'norm_adv_by_std_in_grpo': False,
[36m(TaskRunner pid=204133)[0m                'pf_ppo': {'reweight_method': 'pow', 'weight_pow': 2.0},
[36m(TaskRunner pid=204133)[0m                'rollout_correction': {'bypass_mode': False,
[36m(TaskRunner pid=204133)[0m                                       'loss_type': 'ppo_clip',
[36m(TaskRunner pid=204133)[0m                                       'rollout_is': 'token',
[36m(TaskRunner pid=204133)[0m                                       'rollout_is_batch_normalize': False,
[36m(TaskRunner pid=204133)[0m                                       'rollout_is_threshold': 2.0,
[36m(TaskRunner pid=204133)[0m                                       'rollout_rs': None,
[36m(TaskRunner pid=204133)[0m                                       'rollout_rs_threshold': None},
[36m(TaskRunner pid=204133)[0m                'use_kl_in_reward': False,
[36m(TaskRunner pid=204133)[0m                'use_pf_ppo': False},
[36m(TaskRunner pid=204133)[0m  'critic': {'_target_': 'verl.workers.config.FSDPCriticConfig',
[36m(TaskRunner pid=204133)[0m             'checkpoint': {'_target_': 'verl.trainer.config.CheckpointConfig',
[36m(TaskRunner pid=204133)[0m                            'async_save': False,
[36m(TaskRunner pid=204133)[0m                            'load_contents': ['model', 'optimizer', 'extra'],
[36m(TaskRunner pid=204133)[0m                            'save_contents': ['model', 'optimizer', 'extra']},
[36m(TaskRunner pid=204133)[0m             'cliprange_value': 0.5,
[36m(TaskRunner pid=204133)[0m             'data_loader_seed': 42,
[36m(TaskRunner pid=204133)[0m             'enable': None,
[36m(TaskRunner pid=204133)[0m             'forward_max_token_len_per_gpu': 32768,
[36m(TaskRunner pid=204133)[0m             'forward_micro_batch_size': None,
[36m(TaskRunner pid=204133)[0m             'forward_micro_batch_size_per_gpu': None,
[36m(TaskRunner pid=204133)[0m             'grad_clip': 1.0,
[36m(TaskRunner pid=204133)[0m             'loss_agg_mode': 'token-mean',
[36m(TaskRunner pid=204133)[0m             'model': {'_target_': 'verl.workers.config.FSDPCriticModelCfg',
[36m(TaskRunner pid=204133)[0m                       'enable_activation_offload': False,
[36m(TaskRunner pid=204133)[0m                       'enable_gradient_checkpointing': True,
[36m(TaskRunner pid=204133)[0m                       'external_lib': None,
[36m(TaskRunner pid=204133)[0m                       'fsdp_config': {'_target_': 'verl.workers.config.FSDPEngineConfig',
[36m(TaskRunner pid=204133)[0m                                       'dtype': 'bfloat16',
[36m(TaskRunner pid=204133)[0m                                       'entropy_checkpointing': False,
[36m(TaskRunner pid=204133)[0m                                       'entropy_from_logits_with_chunking': False,
[36m(TaskRunner pid=204133)[0m                                       'forward_only': False,
[36m(TaskRunner pid=204133)[0m                                       'forward_prefetch': False,
[36m(TaskRunner pid=204133)[0m                                       'fsdp_size': -1,
[36m(TaskRunner pid=204133)[0m                                       'full_determinism': False,
[36m(TaskRunner pid=204133)[0m                                       'model_dtype': 'fp32',
[36m(TaskRunner pid=204133)[0m                                       'offload_policy': False,
[36m(TaskRunner pid=204133)[0m                                       'optimizer_offload': False,
[36m(TaskRunner pid=204133)[0m                                       'param_offload': False,
[36m(TaskRunner pid=204133)[0m                                       'reshard_after_forward': True,
[36m(TaskRunner pid=204133)[0m                                       'seed': 42,
[36m(TaskRunner pid=204133)[0m                                       'strategy': 'fsdp',
[36m(TaskRunner pid=204133)[0m                                       'ulysses_sequence_parallel_size': 1,
[36m(TaskRunner pid=204133)[0m                                       'use_orig_params': False,
[36m(TaskRunner pid=204133)[0m                                       'use_torch_compile': True,
[36m(TaskRunner pid=204133)[0m                                       'wrap_policy': {'min_num_params': 0}},
[36m(TaskRunner pid=204133)[0m                       'lora_alpha': 16,
[36m(TaskRunner pid=204133)[0m                       'lora_rank': 0,
[36m(TaskRunner pid=204133)[0m                       'override_config': {},
[36m(TaskRunner pid=204133)[0m                       'path': 'Qwen/Qwen3.5-4B',
[36m(TaskRunner pid=204133)[0m                       'target_modules': 'all-linear',
[36m(TaskRunner pid=204133)[0m                       'tiled_mlp': {'enabled': False, 'num_shards': 4},
[36m(TaskRunner pid=204133)[0m                       'tokenizer_path': 'Qwen/Qwen3.5-4B',
[36m(TaskRunner pid=204133)[0m                       'trust_remote_code': True,
[36m(TaskRunner pid=204133)[0m                       'use_remove_padding': False,
[36m(TaskRunner pid=204133)[0m                       'use_shm': False},
[36m(TaskRunner pid=204133)[0m             'optim': {'_target_': 'verl.workers.config.FSDPOptimizerConfig',
[36m(TaskRunner pid=204133)[0m                       'betas': [0.9, 0.999],
[36m(TaskRunner pid=204133)[0m                       'clip_grad': 1.0,
[36m(TaskRunner pid=204133)[0m                       'lr': 1e-05,
[36m(TaskRunner pid=204133)[0m                       'lr_scheduler_type': 'constant',
[36m(TaskRunner pid=204133)[0m                       'lr_warmup_steps': -1,
[36m(TaskRunner pid=204133)[0m                       'lr_warmup_steps_ratio': 0.0,
[36m(TaskRunner pid=204133)[0m                       'min_lr_ratio': 0.0,
[36m(TaskRunner pid=204133)[0m                       'num_cycles': 0.5,
[36m(TaskRunner pid=204133)[0m                       'optimizer': 'AdamW',
[36m(TaskRunner pid=204133)[0m                       'optimizer_impl': 'torch.optim',
[36m(TaskRunner pid=204133)[0m                       'override_optimizer_config': None,
[36m(TaskRunner pid=204133)[0m                       'total_training_steps': -1,
[36m(TaskRunner pid=204133)[0m                       'warmup_style': None,
[36m(TaskRunner pid=204133)[0m                       'weight_decay': 0.01},
[36m(TaskRunner pid=204133)[0m             'ppo_epochs': 1,
[36m(TaskRunner pid=204133)[0m             'ppo_max_token_len_per_gpu': 32768,
[36m(TaskRunner pid=204133)[0m             'ppo_micro_batch_size': None,
[36m(TaskRunner pid=204133)[0m             'ppo_micro_batch_size_per_gpu': None,
[36m(TaskRunner pid=204133)[0m             'ppo_mini_batch_size': 16,
[36m(TaskRunner pid=204133)[0m             'profiler': {'_target_': 'verl.utils.profiler.ProfilerConfig',
[36m(TaskRunner pid=204133)[0m                          'all_ranks': False,
[36m(TaskRunner pid=204133)[0m                          'enable': False,
[36m(TaskRunner pid=204133)[0m                          'ranks': [],
[36m(TaskRunner pid=204133)[0m                          'save_path': 'outputs/profile',
[36m(TaskRunner pid=204133)[0m                          'tool': None,
[36m(TaskRunner pid=204133)[0m                          'tool_config': {'npu': {'_target_': 'verl.utils.profiler.config.NPUToolConfig',
[36m(TaskRunner pid=204133)[0m                                                  'analysis': True,
[36m(TaskRunner pid=204133)[0m                                                  'contents': [],
[36m(TaskRunner pid=204133)[0m                                                  'discrete': False,
[36m(TaskRunner pid=204133)[0m                                                  'level': 'level0'},
[36m(TaskRunner pid=204133)[0m                                          'nsys': {'_target_': 'verl.utils.profiler.config.NsightToolConfig',
[36m(TaskRunner pid=204133)[0m                                                   'discrete': False},
[36m(TaskRunner pid=204133)[0m                                          'torch': {'_target_': 'verl.utils.profiler.config.TorchProfilerToolConfig',
[36m(TaskRunner pid=204133)[0m                                                    'step_end': None,
[36m(TaskRunner pid=204133)[0m                                                    'step_start': 0},
[36m(TaskRunner pid=204133)[0m                                          'torch_memory': {'_target_': 'verl.utils.profiler.config.TorchMemoryToolConfig',
[36m(TaskRunner pid=204133)[0m                                                           'stack_depth': 32,
[36m(TaskRunner pid=204133)[0m                                                           'trace_alloc_max_entries': 100000}}},
[36m(TaskRunner pid=204133)[0m             'rollout_n': 2,
[36m(TaskRunner pid=204133)[0m             'shuffle': False,
[36m(TaskRunner pid=204133)[0m             'strategy': 'fsdp',
[36m(TaskRunner pid=204133)[0m             'ulysses_sequence_parallel_size': 1,
[36m(TaskRunner pid=204133)[0m             'use_dynamic_bsz': False},
[36m(TaskRunner pid=204133)[0m  'custom_reward_function': {'name': 'compute_score', 'path': None},
[36m(TaskRunner pid=204133)[0m  'data': {'apply_chat_template_kwargs': {},
[36m(TaskRunner pid=204133)[0m           'custom_cls': {'name': None, 'path': None},
[36m(TaskRunner pid=204133)[0m           'datagen': {'name': None, 'path': None},
[36m(TaskRunner pid=204133)[0m           'dataloader_num_workers': 8,
[36m(TaskRunner pid=204133)[0m           'filter_overlong_prompts': False,
[36m(TaskRunner pid=204133)[0m           'filter_overlong_prompts_workers': 1,
[36m(TaskRunner pid=204133)[0m           'image_key': 'images',
[36m(TaskRunner pid=204133)[0m           'image_patch_size': 14,
[36m(TaskRunner pid=204133)[0m           'max_prompt_length': 8192,
[36m(TaskRunner pid=204133)[0m           'max_response_length': 1024,
[36m(TaskRunner pid=204133)[0m           'prompt_key': 'prompt',
[36m(TaskRunner pid=204133)[0m           'return_full_prompt': False,
[36m(TaskRunner pid=204133)[0m           'return_multi_modal_inputs': True,
[36m(TaskRunner pid=204133)[0m           'return_raw_chat': True,
[36m(TaskRunner pid=204133)[0m           'return_raw_input_ids': False,
[36m(TaskRunner pid=204133)[0m           'reward_fn_key': 'data_source',
[36m(TaskRunner pid=204133)[0m           'sampler': {'class_name': None, 'class_path': None},
[36m(TaskRunner pid=204133)[0m           'seed': None,
[36m(TaskRunner pid=204133)[0m           'shuffle': True,
[36m(TaskRunner pid=204133)[0m           'tokenizer': None,
[36m(TaskRunner pid=204133)[0m           'tool_config_path': None,
[36m(TaskRunner pid=204133)[0m           'train_batch_size': 16,
[36m(TaskRunner pid=204133)[0m           'train_files': ['/sfs/weka/scratch/nkw3mr/Vision-OPD-OPSA/data/TreeVGR-RL-37K/train_6karmA_aha.parquet'],
[36m(TaskRunner pid=204133)[0m           'train_max_samples': -1,
[36m(TaskRunner pid=204133)[0m           'truncation': 'error',
[36m(TaskRunner pid=204133)[0m           'trust_remote_code': True,
[36m(TaskRunner pid=204133)[0m           'use_shm': False,
[36m(TaskRunner pid=204133)[0m           'val_batch_size': None,
[36m(TaskRunner pid=204133)[0m           'val_files': [],
[36m(TaskRunner pid=204133)[0m           'val_max_samples': -1,
[36m(TaskRunner pid=204133)[0m           'validation_shuffle': False,
[36m(TaskRunner pid=204133)[0m           'video_key': 'videos'},
[36m(TaskRunner pid=204133)[0m  'global_profiler': {'_target_': 'verl.utils.profiler.ProfilerConfig',
[36m(TaskRunner pid=204133)[0m                      'global_tool_config': {'nsys': {'_target_': 'verl.utils.profiler.config.NsightToolConfig',
[36m(TaskRunner pid=204133)[0m                                                      'controller_nsight_options': {'cuda-graph-trace': 'graph',
[36m(TaskRunner pid=204133)[0m                                                                                    'cuda-memory-usage': 'true',
[36m(TaskRunner pid=204133)[0m                                                                                    'trace': 'cuda,nvtx,cublas,ucx'},
[36m(TaskRunner pid=204133)[0m                                                      'discrete': False,
[36m(TaskRunner pid=204133)[0m                                                      'worker_nsight_options': {'capture-range': 'cudaProfilerApi',
[36m(TaskRunner pid=204133)[0m                                                                                'capture-range-end': None,
[36m(TaskRunner pid=204133)[0m                                                                                'cuda-graph-trace': 'graph',
[36m(TaskRunner pid=204133)[0m                                                                                'cuda-memory-usage': 'true',
[36m(TaskRunner pid=204133)[0m                                                                                'kill': 'none',
[36m(TaskRunner pid=204133)[0m                                                                                'trace': 'cuda,nvtx,cublas,ucx'}},
[36m(TaskRunner pid=204133)[0m                                             'torch_memory': {'context': 'all',
[36m(TaskRunner pid=204133)[0m                                                              'kw_args': {},
[36m(TaskRunner pid=204133)[0m                                                              'stack_depth': 32,
[36m(TaskRunner pid=204133)[0m                                                              'stacks': 'all',
[36m(TaskRunner pid=204133)[0m                                                              'trace_alloc_max_entries': 100000}},
[36m(TaskRunner pid=204133)[0m                      'profile_continuous_steps': False,
[36m(TaskRunner pid=204133)[0m                      'save_path': 'outputs/profile',
[36m(TaskRunner pid=204133)[0m                      'steps': None,
[36m(TaskRunner pid=204133)[0m                      'tool': None},
[36m(TaskRunner pid=204133)[0m  'max_model_len': 18944,
[36m(TaskRunner pid=204133)[0m  'ray_kwargs': {'ray_init': {'num_cpus': None}, 'timeline_json_file': None},
[36m(TaskRunner pid=204133)[0m  'reward_manager': {'_target_': 'verl.trainer.config.config.RewardManagerConfig',
[36m(TaskRunner pid=204133)[0m                     'module': {'_target_': 'verl.trainer.config.config.ModuleConfig',
[36m(TaskRunner pid=204133)[0m                                'name': 'custom_reward_manager',
[36m(TaskRunner pid=204133)[0m                                'path': None},
[36m(TaskRunner pid=204133)[0m                     'name': 'naive',
[36m(TaskRunner pid=204133)[0m                     'source': 'register'},
[36m(TaskRunner pid=204133)[0m  'reward_model': {'enable': False,
[36m(TaskRunner pid=204133)[0m                   'enable_resource_pool': False,
[36m(TaskRunner pid=204133)[0m                   'forward_max_token_len_per_gpu': 32768,
[36m(TaskRunner pid=204133)[0m                   'launch_reward_fn_async': False,
[36m(TaskRunner pid=204133)[0m                   'max_length': None,
[36m(TaskRunner pid=204133)[0m                   'micro_batch_size': None,
[36m(TaskRunner pid=204133)[0m                   'micro_batch_size_per_gpu': None,
[36m(TaskRunner pid=204133)[0m                   'model': {'external_lib': None,
[36m(TaskRunner pid=204133)[0m                             'fsdp_config': {'_target_': 'verl.workers.config.FSDPEngineConfig',
[36m(TaskRunner pid=204133)[0m                                             'forward_prefetch': False,
[36m(TaskRunner pid=204133)[0m                                             'fsdp_size': -1,
[36m(TaskRunner pid=204133)[0m                                             'param_offload': False,
[36m(TaskRunner pid=204133)[0m                                             'reshard_after_forward': True,
[36m(TaskRunner pid=204133)[0m                                             'wrap_policy': {'min_num_params': 0}},
[36m(TaskRunner pid=204133)[0m                             'input_tokenizer': 'Qwen/Qwen3.5-4B',
[36m(TaskRunner pid=204133)[0m                             'override_config': {},
[36m(TaskRunner pid=204133)[0m                             'path': '~/models/FsfairX-LLaMA3-RM-v0.1',
[36m(TaskRunner pid=204133)[0m                             'trust_remote_code': False,
[36m(TaskRunner pid=204133)[0m                             'use_fused_kernels': False,
[36m(TaskRunner pid=204133)[0m                             'use_remove_padding': False,
[36m(TaskRunner pid=204133)[0m                             'use_shm': False},
[36m(TaskRunner pid=204133)[0m                   'n_gpus_per_node': 8,
[36m(TaskRunner pid=204133)[0m                   'nnodes': 0,
[36m(TaskRunner pid=204133)[0m                   'num_workers': 1,
[36m(TaskRunner pid=204133)[0m                   'profiler': {'_target_': 'verl.utils.profiler.ProfilerConfig',
[36m(TaskRunner pid=204133)[0m                                'all_ranks': False,
[36m(TaskRunner pid=204133)[0m                                'enable': False,
[36m(TaskRunner pid=204133)[0m                                'ranks': [],
[36m(TaskRunner pid=204133)[0m                                'save_path': 'outputs/profile',
[36m(TaskRunner pid=204133)[0m                                'tool': None,
[36m(TaskRunner pid=204133)[0m                                'tool_config': {'npu': {'_target_': 'verl.utils.profiler.config.NPUToolConfig',
[36m(TaskRunner pid=204133)[0m                                                        'analysis': True,
[36m(TaskRunner pid=204133)[0m                                                        'contents': [],
[36m(TaskRunner pid=204133)[0m                                                        'discrete': False,
[36m(TaskRunner pid=204133)[0m                                                        'level': 'level0'},
[36m(TaskRunner pid=204133)[0m                                                'nsys': {'_target_': 'verl.utils.profiler.config.NsightToolConfig',
[36m(TaskRunner pid=204133)[0m                                                         'discrete': False},
[36m(TaskRunner pid=204133)[0m                                                'torch': {'_target_': 'verl.utils.profiler.config.TorchProfilerToolConfig',
[36m(TaskRunner pid=204133)[0m                                                          'step_end': None,
[36m(TaskRunner pid=204133)[0m                                                          'step_start': 0},
[36m(TaskRunner pid=204133)[0m                                                'torch_memory': {'_target_': 'verl.utils.profiler.config.TorchMemoryToolConfig',
[36m(TaskRunner pid=204133)[0m                                                                 'stack_depth': 32,
[36m(TaskRunner pid=204133)[0m                                                                 'trace_alloc_max_entries': 100000}}},
[36m(TaskRunner pid=204133)[0m                   'reward_loop_class_name': None,
[36m(TaskRunner pid=204133)[0m                   'reward_loop_module_path': None,
[36m(TaskRunner pid=204133)[0m                   'reward_loop_source': 'register',
[36m(TaskRunner pid=204133)[0m                   'reward_manager': 'naive',
[36m(TaskRunner pid=204133)[0m                   'rollout': {'_target_': 'verl.workers.config.RolloutConfig',
[36m(TaskRunner pid=204133)[0m                               'cudagraph_capture_sizes': None,
[36m(TaskRunner pid=204133)[0m                               'data_parallel_size': 1,
[36m(TaskRunner pid=204133)[0m                               'disable_log_stats': True,
[36m(TaskRunner pid=204133)[0m                               'dtype': 'bfloat16',
[36m(TaskRunner pid=204133)[0m                               'enable_chunked_prefill': True,
[36m(TaskRunner pid=204133)[0m                               'enable_prefix_caching': True,
[36m(TaskRunner pid=204133)[0m                               'enforce_eager': True,
[36m(TaskRunner pid=204133)[0m                               'engine_kwargs': {},
[36m(TaskRunner pid=204133)[0m                               'expert_parallel_size': 1,
[36m(TaskRunner pid=204133)[0m                               'free_cache_engine': True,
[36m(TaskRunner pid=204133)[0m                               'gpu_memory_utilization': 0.5,
[36m(TaskRunner pid=204133)[0m                               'limit_images': None,
[36m(TaskRunner pid=204133)[0m                               'load_format': 'auto',
[36m(TaskRunner pid=204133)[0m                               'max_model_len': None,
[36m(TaskRunner pid=204133)[0m                               'max_num_batched_tokens': 8192,
[36m(TaskRunner pid=204133)[0m                               'max_num_seqs': 1024,
[36m(TaskRunner pid=204133)[0m                               'name': '???',
[36m(TaskRunner pid=204133)[0m                               'prompt_length': 2048,
[36m(TaskRunner pid=204133)[0m                               'response_length': 2048,
[36m(TaskRunner pid=204133)[0m                               'skip_tokenizer_init': False,
[36m(TaskRunner pid=204133)[0m /sfs/weka/scratch/nkw3mr/Vision-OPD-OPSA/verl/trainer/main_ppo.py:320: UserWarning: Disabled critic as algorithm.adv_estimator != gae. If it is not intended, please set critic.enable=True
[36m(TaskRunner pid=204133)[0m   use_critic=need_critic(config),
[36m(TaskRunner pid=204133)[0m /sfs/weka/scratch/nkw3mr/Vision-OPD-OPSA/verl/utils/profiler/config.py:52: UserWarning: Torch profiler tool config is not fully supported now.
[36m(TaskRunner pid=204133)[0m   warnings.warn("Torch profiler tool config is not fully supported now.", stacklevel=1)
[36m(TaskRunner pid=204133)[0m Warning: You are sending unauthenticated requests to the HF Hub. Please set a HF_TOKEN to enable higher rate limits and faster downloads.
[36m(TaskRunner pid=204133)[0m WARNING:2026-09-09 21:58:51,945:Warning: You are sending unauthenticated requests to the HF Hub. Please set a HF_TOKEN to enable higher rate limits and faster downloads.
[36m(TaskRunner pid=204133)[0m The `use_fast` parameter is deprecated and will be removed in a future version. Use `backend="torchvision"` instead of `use_fast=True`, or `backend="pil"` instead of `use_fast=False`.
[36m(TaskRunner pid=204133)[0m Generating train split: 0 examples [00:00, ? examples/s]Generating train split: 2459 examples [00:00, 284087.41 examples/s]
[36m(TaskRunner pid=204133)[0m /sfs/weka/scratch/nkw3mr/Vision-OPD-OPSA/verl/trainer/ppo/ray_trainer.py:389: UserWarning: Disabled critic as algorithm.adv_estimator != gae. If it is not intended, please set critic.enable=True
[36m(TaskRunner pid=204133)[0m   self.use_critic = need_critic(self.config)
[36m(WorkerDict pid=267404)[0m [W909 21:59:04.800111222 socket.cpp:764] [c10d] The client socket cannot be initialized to connect to [udc-aw37-6-s.hpc.virginia.edu]:50813 (errno: 97 - Address family not supported by protocol).
[36m(WorkerDict pid=267404)[0m Warning: You are sending unauthenticated requests to the HF Hub. Please set a HF_TOKEN to enable higher rate limits and faster downloads.
[36m(WorkerDict pid=267404)[0m WARNING:2026-09-09 21:59:04,687:Warning: You are sending unauthenticated requests to the HF Hub. Please set a HF_TOKEN to enable higher rate limits and faster downloads.
[36m(TaskRunner pid=204133)[0m                               'tensor_model_parallel_size': 2},
[36m(TaskRunner pid=204133)[0m                   'sandbox_fusion': {'max_concurrent': 64,
[36m(TaskRunner pid=204133)[0m                                      'memory_limit_mb': 1024,
[36m(TaskRunner pid=204133)[0m                                      'url': None},
[36m(TaskRunner pid=204133)[0m                   'strategy': 'fsdp',
[36m(TaskRunner pid=204133)[0m                   'ulysses_sequence_parallel_size': 1,
[36m(TaskRunner pid=204133)[0m                   'use_dynamic_bsz': False,
[36m(TaskRunner pid=204133)[0m                   'use_reward_loop': False},
[36m(TaskRunner pid=204133)[0m  'trainer': {'balance_batch': True,
[36m(TaskRunner pid=204133)[0m              'critic_warmup': 0,
[36m(TaskRunner pid=204133)[0m              'default_hdfs_dir': None,
[36m(TaskRunner pid=204133)[0m              'default_local_dir': '/sfs/weka/scratch/nkw3mr/Vision-OPD-OPSA/checkpoints/Aha-floor-Qwen3.5-4B-6karmA',
[36m(TaskRunner pid=204133)[0m              'del_local_ckpt_after_load': False,
[36m(TaskRunner pid=204133)[0m              'device': 'cuda',
[36m(TaskRunner pid=204133)[0m              'esi_redundant_time': 0,
[36m(TaskRunner pid=204133)[0m              'experiment_name': 'Aha-floor-Qwen3.5-4B-6karmA',
[36m(TaskRunner pid=204133)[0m              'group_name': 'Aha-floor-Qwen3.5-4B-6karmA',
[36m(TaskRunner pid=204133)[0m              'log_val_generations': 0,
[36m(TaskRunner pid=204133)[0m              'logger': ['console'],
[36m(TaskRunner pid=204133)[0m              'max_actor_ckpt_to_keep': None,
[36m(TaskRunner pid=204133)[0m              'max_critic_ckpt_to_keep': None,
[36m(TaskRunner pid=204133)[0m              'n_gpus_per_node': 2,
[36m(TaskRunner pid=204133)[0m              'nnodes': 1,
[36m(TaskRunner pid=204133)[0m              'project_name': 'Vision-OPD-StateAdaptive',
[36m(TaskRunner pid=204133)[0m              'ray_wait_register_center_timeout': 300,
[36m(TaskRunner pid=204133)[0m              'resume_from_path': None,
[36m(TaskRunner pid=204133)[0m              'resume_mode': 'auto',
[36m(TaskRunner pid=204133)[0m              'rollout_data_dir': '/sfs/weka/scratch/nkw3mr/Vision-OPD-OPSA/rollouts/Aha-floor-Qwen3.5-4B-6karmA',
[36m(TaskRunner pid=204133)[0m              'save_freq': -1,
[36m(TaskRunner pid=204133)[0m              'test_freq': -1,
[36m(TaskRunner pid=204133)[0m              'total_epochs': 1,
[36m(TaskRunner pid=204133)[0m              'total_training_steps': 2,
[36m(TaskRunner pid=204133)[0m              'use_legacy_worker_impl': 'auto',
[36m(TaskRunner pid=204133)[0m              'val_before_train': False,
[36m(TaskRunner pid=204133)[0m              'val_only': False,
[36m(TaskRunner pid=204133)[0m              'validation_data_dir': None},
[36m(TaskRunner pid=204133)[0m  'transfer_queue': {'enable': False},
[36m(TaskRunner pid=204133)[0m  'vars': {'ckpt_dir': './checkpoints', 'dir': './data', 'log_dir': './output'}}
[36m(TaskRunner pid=204133)[0m [validate_config] All configuration checks passed successfully!
[36m(TaskRunner pid=204133)[0m Using dataset class: RLHFDataset
[36m(TaskRunner pid=204133)[0m dataset len: 2459
[36m(TaskRunner pid=204133)[0m Size of train dataloader: 153, Size of val dataloader: 0
[36m(TaskRunner pid=204133)[0m Total training steps: 2
[36m(TaskRunner pid=204133)[0m colocated worker base class <class 'verl.single_controller.base.worker.Worker'>
[36m(TaskRunner pid=204133)[0m bind role actor_rollout_ref method chat_completion to class <class 'verl.single_controller.ray.base.create_colocated_worker_cls.<locals>.WorkerDict'>
[36m(TaskRunner pid=204133)[0m bind role actor_rollout_ref method generate to class <class 'verl.single_controller.ray.base.create_colocated_worker_cls.<locals>.WorkerDict'>
[36m(TaskRunner pid=204133)[0m bind role actor_rollout_ref method get_zeromq_address to class <class 'verl.single_controller.ray.base.create_colocated_worker_cls.<locals>.WorkerDict'>
[36m(TaskRunner pid=204133)[0m bind role actor_rollout_ref method sleep to class <class 'verl.single_controller.ray.base.create_colocated_worker_cls.<locals>.WorkerDict'>
[36m(TaskRunner pid=204133)[0m bind role actor_rollout_ref method wake_up to class <class 'verl.single_controller.ray.base.create_colocated_worker_cls.<locals>.WorkerDict'>
[36m(WorkerDict pid=267393)[0m [Gloo] Rank 0 is connected to 1 peer ranks. Expected number of connected peer ranks is : 1
[36m(WorkerDict pid=267393)[0m Model config after override: Qwen3_5Config {
[36m(WorkerDict pid=267393)[0m   "architectures": [
[36m(WorkerDict pid=267393)[0m     "Qwen3_5ForConditionalGeneration"
[36m(WorkerDict pid=267393)[0m   ],
[36m(WorkerDict pid=267393)[0m   "bos_token_id": null,
[36m(WorkerDict pid=267393)[0m   "eos_token_id": 248046,
[36m(WorkerDict pid=267393)[0m   "image_token_id": 248056,
[36m(WorkerDict pid=267393)[0m   "model_type": "qwen3_5",
[36m(WorkerDict pid=267393)[0m   "pad_token_id": 248044,
[36m(WorkerDict pid=267393)[0m   "text_config": {
[36m(WorkerDict pid=267393)[0m     "attention_bias": false,
[36m(WorkerDict pid=267393)[0m     "attention_dropout": 0.0,
[36m(WorkerDict pid=267393)[0m     "attn_output_gate": true,
[36m(WorkerDict pid=267393)[0m     "bos_token_id": null,
[36m(WorkerDict pid=267393)[0m     "dtype": "bfloat16",
[36m(WorkerDict pid=267393)[0m     "eos_token_id": 248044,
[36m(WorkerDict pid=267393)[0m     "full_attention_interval": 4,
[36m(WorkerDict pid=267393)[0m     "head_dim": 256,
[36m(WorkerDict pid=267393)[0m     "hidden_act": "silu",
[36m(WorkerDict pid=267393)[0m     "hidden_size": 2560,
[36m(WorkerDict pid=267393)[0m     "initializer_range": 0.02,
[36m(WorkerDict pid=267393)[0m     "intermediate_size": 9216,
[36m(WorkerDict pid=267393)[0m     "layer_types": [
[36m(WorkerDict pid=267393)[0m       "linear_attention",
[36m(WorkerDict pid=267393)[0m       "linear_attention",
[36m(WorkerDict pid=267393)[0m       "linear_attention",
[36m(WorkerDict pid=267393)[0m       "full_attention",
[36m(WorkerDict pid=267393)[0m       "linear_attention",
[36m(WorkerDict pid=267393)[0m       "linear_attention",
[36m(WorkerDict pid=267393)[0m       "linear_attention",
[36m(WorkerDict pid=267393)[0m       "full_attention",
[36m(WorkerDict pid=267393)[0m       "linear_attention",
[36m(WorkerDict pid=267393)[0m       "linear_attention",
[36m(WorkerDict pid=267393)[0m       "linear_attention",
[36m(WorkerDict pid=267393)[0m       "full_attention",
[36m(WorkerDict pid=267393)[0m       "linear_attention",
[36m(WorkerDict pid=267393)[0m       "linear_attention",
[36m(WorkerDict pid=267393)[0m       "linear_attention",
[36m(WorkerDict pid=267393)[0m       "full_attention",
[36m(WorkerDict pid=267393)[0m       "linear_attention",
[36m(WorkerDict pid=267393)[0m       "linear_attention",
[36m(WorkerDict pid=267393)[0m       "linear_attention",
[36m(WorkerDict pid=267393)[0m       "full_attention",
[36m(WorkerDict pid=267393)[0m       "linear_attention",
[36m(WorkerDict pid=267393)[0m       "linear_attention",
[36m(WorkerDict pid=267393)[0m       "linear_attention",
[36m(WorkerDict pid=267393)[0m       "full_attention",
[36m(WorkerDict pid=267393)[0m       "linear_attention",
[36m(WorkerDict pid=267393)[0m       "linear_attention",
[36m(WorkerDict pid=267393)[0m       "linear_attention",
[36m(WorkerDict pid=267393)[0m       "full_attention",
[36m(WorkerDict pid=267393)[0m       "linear_attention",
[36m(WorkerDict pid=267393)[0m       "linear_attention",
[36m(WorkerDict pid=267393)[0m       "linear_attention",
[36m(WorkerDict pid=267393)[0m       "full_attention"
[36m(WorkerDict pid=267393)[0m     ],
[36m(WorkerDict pid=267393)[0m     "linear_conv_kernel_dim": 4,
[36m(WorkerDict pid=267393)[0m     "linear_key_head_dim": 128,
[36m(WorkerDict pid=267393)[0m     "linear_num_key_heads": 16,
[36m(WorkerDict pid=267393)[0m     "linear_num_value_heads": 32,
[36m(WorkerDict pid=267393)[0m     "linear_value_head_dim": 128,
[36m(WorkerDict pid=267393)[0m     "mamba_ssm_dtype": "float32",
[36m(WorkerDict pid=267404)[0m Flash Attention 2 only supports torch.float16 and torch.bfloat16 dtypes, but the current dype in Qwen3_5ForConditionalGeneration is torch.float32. You should run training or inference using Automatic Mixed-Precision via the `with torch.autocast(device_type='torch_device'):` decorator, or load the model with the `dtype` argument. Example: `model = AutoModel.from_pretrained("meta-llama/Llama-3.2-1B", attn_implementation="flash_attention_2", dtype=torch.float16)`
[36m(WorkerDict pid=267404)[0m Flash Attention 2 only supports torch.float16 and torch.bfloat16 dtypes, but the current dype in Qwen3_5Model is torch.float32. You should run training or inference using Automatic Mixed-Precision via the `with torch.autocast(device_type='torch_device'):` decorator, or load the model with the `dtype` argument. Example: `model = AutoModel.from_pretrained("meta-llama/Llama-3.2-1B", attn_implementation="flash_attention_2", dtype=torch.float16)`
[36m(WorkerDict pid=267404)[0m Flash Attention 2 only supports torch.float16 and torch.bfloat16 dtypes, but the current dype in Qwen3_5VisionModel is torch.float32. You should run training or inference using Automatic Mixed-Precision via the `with torch.autocast(device_type='torch_device'):` decorator, or load the model with the `dtype` argument. Example: `model = AutoModel.from_pretrained("meta-llama/Llama-3.2-1B", attn_implementation="flash_attention_2", dtype=torch.float16)`
[36m(WorkerDict pid=267404)[0m Flash Attention 2 only supports torch.float16 and torch.bfloat16 dtypes, but the current dype in Qwen3_5TextModel is torch.float32. You should run training or inference using Automatic Mixed-Precision via the `with torch.autocast(device_type='torch_device'):` decorator, or load the model with the `dtype` argument. Example: `model = AutoModel.from_pretrained("meta-llama/Llama-3.2-1B", attn_implementation="flash_attention_2", dtype=torch.float16)`
[36m(WorkerDict pid=267393)[0m [W909 21:59:04.800892805 socket.cpp:764] [c10d] The client socket cannot be initialized to connect to [udc-aw37-6-s.hpc.virginia.edu]:50813 (errno: 97 - Address family not supported by protocol).
[36m(WorkerDict pid=267404)[0m Loading weights:   0%|          | 0/723 [00:00<?, ?it/s]
[36m(WorkerDict pid=267393)[0m Warning: You are sending unauthenticated requests to the HF Hub. Please set a HF_TOKEN to enable higher rate limits and faster downloads.
[36m(WorkerDict pid=267393)[0m WARNING:2026-09-09 21:59:04,738:Warning: You are sending unauthenticated requests to the HF Hub. Please set a HF_TOKEN to enable higher rate limits and faster downloads.
[36m(WorkerDict pid=267404)[0m Loading weights:   0%|          | 1/723 [00:00<07:02,  1.71it/s]
[36m(WorkerDict pid=267404)[0m Loading weights:  18%|█▊        | 133/723 [00:00<00:02, 249.85it/s]
[36m(WorkerDict pid=267393)[0m Loading weights:   0%|          | 1/723 [00:00<07:33,  1.59it/s]Loading weights:  17%|█▋        | 120/723 [00:00<00:02, 221.05it/s]
[36m(WorkerDict pid=267404)[0m Loading weights:  27%|██▋       | 198/723 [00:00<00:01, 277.44it/s]
[36m(WorkerDict pid=267404)[0m Loading weights:  34%|███▍      | 248/723 [00:01<00:01, 290.72it/s]
[36m(WorkerDict pid=267404)[0m Loading weights:  82%|████████▏ | 590/723 [00:01<00:00, 555.48it/s]Loading weights: 100%|██████████| 723/723 [00:01<00:00, 368.85it/s]
[36m(WorkerDict pid=267404)[0m /sfs/weka/scratch/nkw3mr/Vision-OPD-OPSA/verl/utils/profiler/config.py:52: UserWarning: Torch profiler tool config is not fully supported now.
[36m(WorkerDict pid=267404)[0m   warnings.warn("Torch profiler tool config is not fully supported now.", stacklevel=1)
[36m(WorkerDict pid=267393)[0m Flash Attention 2 only supports torch.float16 and torch.bfloat16 dtypes, but the current dype in Qwen3_5TextModel is torch.float32. You should run training or inference using Automatic Mixed-Precision via the `with torch.autocast(device_type='torch_device'):` decorator, or load the model with the `dtype` argument. Example: `model = AutoModel.from_pretrained("meta-llama/Llama-3.2-1B", attn_implementation="flash_attention_2", dtype=torch.float16)`[32m [repeated 4x across cluster][0m
[36m(WorkerDict pid=267393)[0m Loading weights:   0%|          | 0/723 [00:00<?, ?it/s]
[36m(WorkerDict pid=267393)[0m Loading weights:  63%|██████▎   | 456/723 [00:01<00:00, 368.17it/s][32m [repeated 10x across cluster][0m
[36m(WorkerDict pid=267404)[0m Loading weights:  51%|█████     | 366/723 [00:01<00:01, 246.41it/s]Loading weights:  55%|█████▍    | 397/723 [00:01<00:01, 257.91it/s]
[36m(WorkerDict pid=267393)[0m Loading weights:  90%|████████▉ | 650/723 [00:01<00:00, 752.53it/s]Loading weights: 100%|██████████| 723/723 [00:01<00:00, 373.75it/s]
[36m(WorkerDict pid=267404)[0m /sfs/weka/scratch/nkw3mr/Vision-OPD-OPSA/verl/workers/fsdp_workers.py:666: FutureWarning: FSDP.state_dict_type() and FSDP.set_state_dict_type() are being deprecated. Please use APIs, get_state_dict() and set_state_dict(), which can support different parallelisms, FSDP1, FSDP2, DDP. API doc: https://pytorch.org/docs/stable/distributed.checkpoint.html#torch.distributed.checkpoint.state_dict.get_state_dict .Tutorial: https://pytorch.org/tutorials/recipes/distributed_checkpoint_recipe.html .
[36m(WorkerDict pid=267404)[0m   FSDP.set_state_dict_type(
[36m(WorkerDict pid=267393)[0m /sfs/weka/scratch/nkw3mr/Vision-OPD-OPSA/verl/utils/profiler/config.py:52: UserWarning: Torch profiler tool config is not fully supported now.
[36m(WorkerDict pid=267393)[0m   warnings.warn("Torch profiler tool config is not fully supported now.", stacklevel=1)
[36m(WorkerDict pid=267393)[0m     "max_position_embeddings": 262144,
[36m(WorkerDict pid=267393)[0m     "mlp_only_layers": [],
[36m(WorkerDict pid=267393)[0m     "model_type": "qwen3_5_text",
[36m(WorkerDict pid=267393)[0m     "mtp_num_hidden_layers": 1,
[36m(WorkerDict pid=267393)[0m     "mtp_use_dedicated_embeddings": false,
[36m(WorkerDict pid=267393)[0m     "num_attention_heads": 16,
[36m(WorkerDict pid=267393)[0m     "num_hidden_layers": 32,
[36m(WorkerDict pid=267393)[0m     "num_key_value_heads": 4,
[36m(WorkerDict pid=267393)[0m     "pad_token_id": null,
[36m(WorkerDict pid=267393)[0m     "partial_rotary_factor": 0.25,
[36m(WorkerDict pid=267393)[0m     "rms_norm_eps": 1e-06,
[36m(WorkerDict pid=267393)[0m     "rope_parameters": {
[36m(WorkerDict pid=267393)[0m       "mrope_interleaved": true,
[36m(WorkerDict pid=267393)[0m       "mrope_section": [
[36m(WorkerDict pid=267393)[0m         11,
[36m(WorkerDict pid=267393)[0m         11,
[36m(WorkerDict pid=267393)[0m         10
[36m(WorkerDict pid=267393)[0m       ],
[36m(WorkerDict pid=267393)[0m       "partial_rotary_factor": 0.25,
[36m(WorkerDict pid=267393)[0m       "rope_theta": 10000000,
[36m(WorkerDict pid=267393)[0m       "rope_type": "default"
[36m(WorkerDict pid=267393)[0m     },
[36m(WorkerDict pid=267393)[0m     "tie_word_embeddings": true,
[36m(WorkerDict pid=267393)[0m     "use_cache": true,
[36m(WorkerDict pid=267393)[0m     "vocab_size": 248320
[36m(WorkerDict pid=267393)[0m   },
[36m(WorkerDict pid=267393)[0m   "tie_word_embeddings": true,
[36m(WorkerDict pid=267393)[0m   "transformers_version": "5.5.0",
[36m(WorkerDict pid=267393)[0m   "video_token_id": 248057,
[36m(WorkerDict pid=267393)[0m   "vision_config": {
[36m(WorkerDict pid=267393)[0m     "deepstack_visual_indexes": [],
[36m(WorkerDict pid=267393)[0m     "depth": 24,
[36m(WorkerDict pid=267393)[0m     "hidden_act": "gelu_pytorch_tanh",
[36m(WorkerDict pid=267393)[0m     "hidden_size": 1024,
[36m(WorkerDict pid=267393)[0m     "in_channels": 3,
[36m(WorkerDict pid=267393)[0m     "initializer_range": 0.02,
[36m(WorkerDict pid=267393)[0m     "intermediate_size": 4096,
[36m(WorkerDict pid=267393)[0m     "model_type": "qwen3_5",
[36m(WorkerDict pid=267393)[0m     "num_heads": 16,
[36m(WorkerDict pid=267393)[0m     "num_position_embeddings": 2304,
[36m(WorkerDict pid=267393)[0m     "out_hidden_size": 2560,
[36m(WorkerDict pid=267393)[0m     "patch_size": 16,
[36m(WorkerDict pid=267393)[0m     "spatial_merge_size": 2,
[36m(WorkerDict pid=267393)[0m     "temporal_patch_size": 2
[36m(WorkerDict pid=267393)[0m   },
[36m(WorkerDict pid=267393)[0m   "vision_end_token_id": 248054,
[36m(WorkerDict pid=267393)[0m   "vision_start_token_id": 248053
[36m(WorkerDict pid=267393)[0m }
[36m(WorkerDict pid=267393)[0m 
[36m(WorkerDict pid=267393)[0m Monkey patch Qwen3_5TextModel.forward for Ulysses SP input slicing.
[36m(WorkerDict pid=267393)[0m Monkey patch Qwen3_5ForConditionalGeneration model forward
[36m(WorkerDict pid=267393)[0m Monkey patch _flash_attention_forward in transformers.integrations.flash_attention
[36m(WorkerDict pid=267393)[0m Skipping monkey patch for Qwen3_5ForConditionalGeneration as use_fused_kernels is False or fused_kernels_backend is torch
[36m(WorkerDict pid=267404)[0m [Gloo] Rank 0 is connected to 0 peer ranks. Expected number of connected peer ranks is : 0[32m [repeated 3x across cluster] (Ray deduplicates logs by default. Set RAY_DEDUP_LOGS=0 to disable log deduplication, or see https://docs.ray.io/en/master/ray-observability/user-guides/configure-logging.html#log-deduplication for more options.)[0m
[36m(WorkerDict pid=267393)[0m Qwen3_5ForConditionalGeneration contains 4.54B parameters
[36m(WorkerDict pid=267393)[0m wrap_policy: functools.partial(<function _or_policy at 0x1471ae8be520>, policies=[functools.partial(<function transformer_auto_wrap_policy at 0x1471ae8be3e0>, transformer_layer_cls={<class 'transformers.models.qwen3_5.modeling_qwen3_5.Qwen3_5DecoderLayer'>, <class 'transformers.models.qwen3_5.modeling_qwen3_5.Qwen3_5VisionBlock'>})])
[36m(WorkerDict pid=267393)[0m Total steps: 2, num_warmup_steps: 10
[36m(WorkerDict pid=267393)[0m Actor use_remove_padding=True
[36m(WorkerDict pid=267393)[0m Actor use_fused_kernels=False
[36m(WorkerDict pid=267393)[0m Actor use_prefix_grouper=False
[36m(WorkerDict pid=267393)[0m NCCL version 2.27.5+cuda12.9
[36m(WorkerDict pid=267393)[0m 
[36m(WorkerDict pid=267393)[0m [2026-09-09 21:59:12] udc-aw37-6:267393:317495 [0] ras/client_support.cc:160 NCCL WARN Call to bind failed: Address already in use
[36m(WorkerDict pid=267404)[0m Monkey patch Qwen3_5TextModel.forward for Ulysses SP input slicing.
[36m(WorkerDict pid=267404)[0m Monkey patch Qwen3_5ForConditionalGeneration model forward
[36m(WorkerDict pid=267404)[0m Monkey patch _flash_attention_forward in transformers.integrations.flash_attention
[36m(WorkerDict pid=267404)[0m Skipping monkey patch for Qwen3_5ForConditionalGeneration as use_fused_kernels is False or fused_kernels_backend is torch
[36m(WorkerDict pid=267393)[0m [Gloo] Rank 0 is connected to 0 peer ranks. Expected number of connected peer ranks is : 0[32m [repeated 2x across cluster][0m
[36m(WorkerDict pid=267404)[0m 
[36m(WorkerDict pid=267393)[0m reference model: Qwen/Qwen3.5-4B
[36m(WorkerDict pid=267393)[0m Model config after override: Qwen3_5Config {
[36m(WorkerDict pid=267393)[0m   "architectures": [
[36m(WorkerDict pid=267393)[0m     "Qwen3_5ForConditionalGeneration"
[36m(WorkerDict pid=267393)[0m   ],
[36m(WorkerDict pid=267393)[0m   "bos_token_id": null,
[36m(WorkerDict pid=267393)[0m   "eos_token_id": 248046,
[36m(WorkerDict pid=267393)[0m   "image_token_id": 248056,
[36m(WorkerDict pid=267393)[0m   "model_type": "qwen3_5",
[36m(WorkerDict pid=267393)[0m   "pad_token_id": 248044,
[36m(WorkerDict pid=267393)[0m   "text_config": {
[36m(WorkerDict pid=267393)[0m     "attention_bias": false,
[36m(WorkerDict pid=267393)[0m     "attention_dropout": 0.0,
[36m(WorkerDict pid=267393)[0m     "attn_output_gate": true,
[36m(WorkerDict pid=267393)[0m     "bos_token_id": null,
[36m(WorkerDict pid=267393)[0m     "dtype": "bfloat16",
[36m(WorkerDict pid=267393)[0m     "eos_token_id": 248044,
[36m(WorkerDict pid=267393)[0m     "full_attention_interval": 4,
[36m(WorkerDict pid=267393)[0m     "head_dim": 256,
[36m(WorkerDict pid=267393)[0m     "hidden_act": "silu",
[36m(WorkerDict pid=267393)[0m     "hidden_size": 2560,
[36m(WorkerDict pid=267393)[0m     "initializer_range": 0.02,
[36m(WorkerDict pid=267393)[0m     "intermediate_size": 9216,
[36m(WorkerDict pid=267393)[0m     "layer_types": [
[36m(WorkerDict pid=267393)[0m       "linear_attention",
[36m(WorkerDict pid=267393)[0m       "linear_attention",
[36m(WorkerDict pid=267393)[0m       "linear_attention",
[36m(WorkerDict pid=267393)[0m       "full_attention",
[36m(WorkerDict pid=267393)[0m       "linear_attention",
[36m(WorkerDict pid=267393)[0m       "linear_attention",
[36m(WorkerDict pid=267393)[0m       "linear_attention",
[36m(WorkerDict pid=267393)[0m       "full_attention",
[36m(WorkerDict pid=267393)[0m       "linear_attention",
[36m(WorkerDict pid=267393)[0m       "linear_attention",
[36m(WorkerDict pid=267393)[0m       "linear_attention",
[36m(WorkerDict pid=267393)[0m       "full_attention",
[36m(WorkerDict pid=267393)[0m       "linear_attention",
[36m(WorkerDict pid=267393)[0m       "linear_attention",
[36m(WorkerDict pid=267393)[0m       "linear_attention",
[36m(WorkerDict pid=267393)[0m       "full_attention",
[36m(WorkerDict pid=267393)[0m       "linear_attention",
[36m(WorkerDict pid=267393)[0m       "linear_attention",
[36m(WorkerDict pid=267393)[0m       "linear_attention",
[36m(WorkerDict pid=267393)[0m       "full_attention",
[36m(WorkerDict pid=267393)[0m       "linear_attention",
[36m(WorkerDict pid=267393)[0m       "linear_attention",
[36m(WorkerDict pid=267393)[0m       "linear_attention",
[36m(WorkerDict pid=267393)[0m       "full_attention",
[36m(WorkerDict pid=267393)[0m       "linear_attention",
[36m(WorkerDict pid=267404)[0m Loading weights:   0%|          | 0/723 [00:00<?, ?it/s]
[36m(WorkerDict pid=267404)[0m Loading weights:   0%|          | 1/723 [00:00<05:45,  2.09it/s]
[36m(WorkerDict pid=267404)[0m Loading weights:  16%|█▋        | 118/723 [00:00<00:02, 264.14it/s]
[36m(WorkerDict pid=267404)[0m Loading weights:  25%|██▌       | 181/723 [00:00<00:01, 295.00it/s]
[36m(WorkerDict pid=267393)[0m /sfs/weka/scratch/nkw3mr/Vision-OPD-OPSA/verl/workers/fsdp_workers.py:666: FutureWarning: FSDP.state_dict_type() and FSDP.set_state_dict_type() are being deprecated. Please use APIs, get_state_dict() and set_state_dict(), which can support different parallelisms, FSDP1, FSDP2, DDP. API doc: https://pytorch.org/docs/stable/distributed.checkpoint.html#torch.distributed.checkpoint.state_dict.get_state_dict .Tutorial: https://pytorch.org/tutorials/recipes/distributed_checkpoint_recipe.html .
[36m(WorkerDict pid=267393)[0m   FSDP.set_state_dict_type(
[36m(WorkerDict pid=267393)[0m Loading weights:  87%|████████▋ | 626/723 [00:01<00:00, 598.52it/s]Loading weights: 100%|██████████| 723/723 [00:01<00:00, 399.51it/s]
[36m(WorkerDict pid=267404)[0m Loading weights:  98%|█████████▊| 710/723 [00:02<00:00, 778.30it/s]Loading weights: 100%|██████████| 723/723 [00:02<00:00, 332.36it/s]
[36m(TaskRunner pid=204133)[0m W0909 21:59:36.289000 204133 site-packages/torch/utils/cpp_extension.py:118] No CUDA runtime is found, using CUDA_HOME='/apps/software/standard/core/cuda/12.8.0'
[36m(WorkerDict pid=267393)[0m Loading weights:   0%|          | 0/723 [00:00<?, ?it/s]
[36m(WorkerDict pid=267404)[0m Loading weights:  68%|██████▊   | 492/723 [00:02<00:00, 342.64it/s][32m [repeated 14x across cluster][0m
[36m(TaskRunner pid=204133)[0m /sfs/weka/scratch/nkw3mr/Vision-OPD-OPSA/verl/utils/profiler/config.py:52: UserWarning: Torch profiler tool config is not fully supported now.
[36m(TaskRunner pid=204133)[0m   warnings.warn("Torch profiler tool config is not fully supported now.", stacklevel=1)
[36m(pid=399131)[0m W0909 21:59:48.298000 399131 site-packages/torch/utils/cpp_extension.py:118] No CUDA runtime is found, using CUDA_HOME='/apps/software/standard/core/cuda/12.8.0'
[36m(pid=399082)[0m W0909 21:59:48.298000 399082 site-packages/torch/utils/cpp_extension.py:118] No CUDA runtime is found, using CUDA_HOME='/apps/software/standard/core/cuda/12.8.0'
[36m(vLLMHttpServer pid=399131)[0m Warning: You are sending unauthenticated requests to the HF Hub. Please set a HF_TOKEN to enable higher rate limits and faster downloads.
[36m(vLLMHttpServer pid=399131)[0m Using blocking ray.get inside async actor. This blocks the event loop. Please use `await` on object ref with asyncio.gather if you want to yield execution to the event loop instead.
[36m(vLLMHttpServer pid=399131)[0m The argument `trust_remote_code` is to be used with Auto classes. It has no effect here and is ignored.
[36m(vLLMHttpServer pid=399131)[0m `layer_type_validation` is deprecated and will be removed in v5.20. Use `PreTrainedConfig.validate_layer_type` instead
[36m(vLLMHttpServer pid=399131)[0m `layer_type_validation` is deprecated and will be removed in v5.20. Use `PreTrainedConfig.validate_layer_type` instead
[36m(vLLMHttpServer pid=399131)[0m `layer_type_validation` is deprecated and will be removed in v5.20. Use `PreTrainedConfig.validate_layer_type` instead
[36m(vLLMHttpServer pid=399131)[0m `Qwen2VLImageProcessorFast` is deprecated. The `Fast` suffix for image processors has been removed; use `Qwen2VLImageProcessor` instead.
[36m(WorkerDict pid=267393)[0m       "linear_attention",
[36m(WorkerDict pid=267393)[0m       "linear_attention",
[36m(WorkerDict pid=267393)[0m       "full_attention",
[36m(WorkerDict pid=267393)[0m       "linear_attention",
[36m(WorkerDict pid=267393)[0m       "linear_attention",
[36m(WorkerDict pid=267393)[0m       "linear_attention",
[36m(WorkerDict pid=267393)[0m       "full_attention"
[36m(WorkerDict pid=267393)[0m     ],
[36m(WorkerDict pid=267393)[0m     "linear_conv_kernel_dim": 4,
[36m(WorkerDict pid=267393)[0m     "linear_key_head_dim": 128,
[36m(WorkerDict pid=267393)[0m     "linear_num_key_heads": 16,
[36m(WorkerDict pid=267393)[0m     "linear_num_value_heads": 32,
[36m(WorkerDict pid=267393)[0m     "linear_value_head_dim": 128,
[36m(WorkerDict pid=267393)[0m     "mamba_ssm_dtype": "float32",
[36m(WorkerDict pid=267393)[0m     "max_position_embeddings": 262144,
[36m(WorkerDict pid=267393)[0m     "mlp_only_layers": [],
[36m(WorkerDict pid=267393)[0m     "model_type": "qwen3_5_text",
[36m(WorkerDict pid=267393)[0m     "mtp_num_hidden_layers": 1,
[36m(WorkerDict pid=267393)[0m     "mtp_use_dedicated_embeddings": false,
[36m(WorkerDict pid=267393)[0m     "num_attention_heads": 16,
[36m(WorkerDict pid=267393)[0m     "num_hidden_layers": 32,
[36m(WorkerDict pid=267393)[0m     "num_key_value_heads": 4,
[36m(WorkerDict pid=267393)[0m     "pad_token_id": null,
[36m(WorkerDict pid=267393)[0m     "partial_rotary_factor": 0.25,
[36m(WorkerDict pid=267393)[0m     "rms_norm_eps": 1e-06,
[36m(WorkerDict pid=267393)[0m     "rope_parameters": {
[36m(WorkerDict pid=267393)[0m       "mrope_interleaved": true,
[36m(WorkerDict pid=267393)[0m       "mrope_section": [
[36m(WorkerDict pid=267393)[0m         11,
[36m(WorkerDict pid=267393)[0m         11,
[36m(WorkerDict pid=267393)[0m         10
[36m(WorkerDict pid=267393)[0m       ],
[36m(WorkerDict pid=267393)[0m       "partial_rotary_factor": 0.25,
[36m(WorkerDict pid=267393)[0m       "rope_theta": 10000000,
[36m(WorkerDict pid=267393)[0m       "rope_type": "default"
[36m(WorkerDict pid=267393)[0m     },
[36m(WorkerDict pid=267393)[0m     "tie_word_embeddings": true,
[36m(WorkerDict pid=267393)[0m     "use_cache": true,
[36m(WorkerDict pid=267393)[0m     "vocab_size": 248320
[36m(WorkerDict pid=267393)[0m   },
[36m(WorkerDict pid=267393)[0m   "tie_word_embeddings": true,
[36m(WorkerDict pid=267393)[0m   "transformers_version": "5.5.0",
[36m(WorkerDict pid=267393)[0m   "video_token_id": 248057,
[36m(WorkerDict pid=267393)[0m   "vision_config": {
[36m(WorkerDict pid=267393)[0m     "deepstack_visual_indexes": [],
[36m(WorkerDict pid=267393)[0m     "depth": 24,
[36m(WorkerDict pid=267393)[0m     "hidden_act": "gelu_pytorch_tanh",
[36m(WorkerDict pid=267393)[0m     "hidden_size": 1024,
[36m(WorkerDict pid=267393)[0m     "in_channels": 3,
[36m(WorkerDict pid=267393)[0m     "initializer_range": 0.02,
[36m(WorkerDict pid=267393)[0m     "intermediate_size": 4096,
[36m(WorkerDict pid=267393)[0m     "model_type": "qwen3_5",
[36m(WorkerDict pid=267393)[0m     "num_heads": 16,
[36m(WorkerDict pid=267393)[0m     "num_position_embeddings": 2304,
[36m(WorkerDict pid=267393)[0m     "out_hidden_size": 2560,
[36m(WorkerDict pid=267393)[0m     "patch_size": 16,
[36m(WorkerDict pid=267393)[0m     "spatial_merge_size": 2,
[36m(WorkerDict pid=267393)[0m     "temporal_patch_size": 2
[36m(WorkerDict pid=267393)[0m   },
[36m(WorkerDict pid=267393)[0m   "vision_end_token_id": 248054,
[36m(WorkerDict pid=267393)[0m   "vision_start_token_id": 248053
[36m(WorkerDict pid=267393)[0m }
[36m(WorkerDict pid=267393)[0m 
[36m(WorkerDict pid=267404)[0m [2026-09-09 21:59:12] udc-aw37-6:267404:317493 [0] ras/client_support.cc:160 NCCL WARN Call to bind failed: Address already in use
[36m(WorkerDict pid=267404)[0m [Gloo] Rank 0 is connected to 0 peer ranks. Expected number of connected peer ranks is : 0[32m [repeated 2x across cluster][0m
[36m(WorkerDict pid=267393)[0m Monkey patch Qwen3_5TextModel.forward for Ulysses SP input slicing.
[36m(WorkerDict pid=267393)[0m Monkey patch Qwen3_5ForConditionalGeneration model forward
[36m(WorkerDict pid=267393)[0m Monkey patch _flash_attention_forward in transformers.integrations.flash_attention
[36m(WorkerDict pid=267393)[0m Skipping monkey patch for Qwen3_5ForConditionalGeneration as use_fused_kernels is False or fused_kernels_backend is torch
[36m(WorkerDict pid=267393)[0m Qwen3_5ForConditionalGeneration contains 4.54B parameters
[36m(WorkerDict pid=267393)[0m wrap_policy: functools.partial(<function _or_policy at 0x1471ae8be520>, policies=[functools.partial(<function transformer_auto_wrap_policy at 0x1471ae8be3e0>, transformer_layer_cls={<class 'transformers.models.qwen3_5.modeling_qwen3_5.Qwen3_5DecoderLayer'>, <class 'transformers.models.qwen3_5.modeling_qwen3_5.Qwen3_5VisionBlock'>})])
[36m(WorkerDict pid=267393)[0m Ref use_remove_padding=True
[36m(WorkerDict pid=267393)[0m Ref use_fused_kernels=False
[36m(WorkerDict pid=267393)[0m Ref use_prefix_grouper=False
[36m(vLLMHttpServer pid=399131)[0m ['serve',
[36m(vLLMHttpServer pid=399131)[0m  'Qwen/Qwen3.5-4B',
[36m(vLLMHttpServer pid=399131)[0m  '--dtype',
[36m(vLLMHttpServer pid=399131)[0m  'bfloat16',
[36m(vLLMHttpServer pid=399131)[0m  '--load_format',
[36m(vLLMHttpServer pid=399131)[0m  'dummy',
[36m(vLLMHttpServer pid=399131)[0m  '--trust_remote_code',
[36m(vLLMHttpServer pid=399131)[0m  '--max_model_len',
[36m(vLLMHttpServer pid=399131)[0m  '262144',
[36m(vLLMHttpServer pid=399131)[0m  '--max_num_seqs',
[36m(vLLMHttpServer pid=399131)[0m  '1024',
[36m(vLLMHttpServer pid=399131)[0m  '--enable_chunked_prefill',
[36m(vLLMHttpServer pid=399131)[0m  '--max_num_batched_tokens',
[36m(vLLMHttpServer pid=399131)[0m  '9216',
[36m(vLLMHttpServer pid=399131)[0m  '--enable_prefix_caching',
[36m(vLLMHttpServer pid=399131)[0m  '--enable_sleep_mode',
[36m(vLLMHttpServer pid=399131)[0m  '--logprobs_mode',
[36m(vLLMHttpServer pid=399131)[0m  'processed_logprobs',
[36m(vLLMHttpServer pid=399131)[0m  '--disable_custom_all_reduce',
[36m(vLLMHttpServer pid=399131)[0m  '--gpu_memory_utilization',
[36m(vLLMHttpServer pid=399131)[0m  '0.45',
[36m(vLLMHttpServer pid=399131)[0m  '--disable_log_stats',
[36m(vLLMHttpServer pid=399131)[0m  '--tensor_parallel_size',
[36m(vLLMHttpServer pid=399131)[0m  '1',
[36m(vLLMHttpServer pid=399131)[0m  '--seed',
[36m(vLLMHttpServer pid=399131)[0m  '0',
[36m(vLLMHttpServer pid=399131)[0m  '--override_generation_config',
[36m(vLLMHttpServer pid=399131)[0m  '{"temperature": 1.0, "top_k": -1, "top_p": 1, "repetition_penalty": 1.0, '
[36m(vLLMHttpServer pid=399131)[0m  '"max_new_tokens": 1024}',
[36m(vLLMHttpServer pid=399131)[0m  '--hf_overrides',
[36m(vLLMHttpServer pid=399131)[0m  '{}',
[36m(vLLMHttpServer pid=399131)[0m  '--scheduling_policy',
[36m(vLLMHttpServer pid=399131)[0m  'fcfs',
[36m(vLLMHttpServer pid=399131)[0m  '--compilation_config',
[36m(vLLMHttpServer pid=399131)[0m  '{"pass_config": {"fuse_allreduce_rms": false}}',
[36m(vLLMHttpServer pid=399131)[0m  '--kernel_config',
[36m(vLLMHttpServer pid=399131)[0m  '{"enable_flashinfer_autotune": false}']
[36m(WorkerDict pid=267404)[0m Monkey patch Qwen3_5TextModel.forward for Ulysses SP input slicing.
[36m(WorkerDict pid=267404)[0m Monkey patch Qwen3_5ForConditionalGeneration model forward
[36m(WorkerDict pid=267404)[0m Monkey patch _flash_attention_forward in transformers.integrations.flash_attention
[36m(WorkerDict pid=267404)[0m Skipping monkey patch for Qwen3_5ForConditionalGeneration as use_fused_kernels is False or fused_kernels_backend is torch
[36m(vLLMHttpServer pid=399082)[0m WARNING 09-09 21:59:54 [envs.py:1717] Unknown vLLM environment variable detected: VLLM_USE_V1
[36m(vLLMHttpServer pid=399082)[0m WARNING 09-09 21:59:54 [config.py:372] Mamba cache mode is set to 'align' for Qwen3_5ForConditionalGeneration by default when prefix caching is enabled
[36m(vLLMHttpServer pid=399082)[0m Warning: You are sending unauthenticated requests to the HF Hub. Please set a HF_TOKEN to enable higher rate limits and faster downloads.
[36m(vLLMHttpServer pid=399082)[0m Using blocking ray.get inside async actor. This blocks the event loop. Please use `await` on object ref with asyncio.gather if you want to yield execution to the event loop instead.
[36m(vLLMHttpServer pid=399082)[0m The argument `trust_remote_code` is to be used with Auto classes. It has no effect here and is ignored.[32m [repeated 3x across cluster][0m
[36m(vLLMHttpServer pid=399131)[0m The `use_fast` parameter is deprecated and will be removed in a future version. Use `backend="torchvision"` instead of `use_fast=True`, or `backend="pil"` instead of `use_fast=False`.
[36m(vLLMHttpServer pid=399082)[0m `layer_type_validation` is deprecated and will be removed in v5.20. Use `PreTrainedConfig.validate_layer_type` instead[32m [repeated 9x across cluster][0m
[36m(vLLMHttpServer pid=399082)[0m `Qwen2VLImageProcessorFast` is deprecated. The `Fast` suffix for image processors has been removed; use `Qwen2VLImageProcessor` instead.
[36m(vLLMHttpServer pid=399131)[0m W0909 22:00:14.249000 485526 site-packages/torch/utils/cpp_extension.py:118] No CUDA runtime is found, using CUDA_HOME='/apps/software/standard/core/cuda/12.8.0'
[36m(vLLMHttpServer pid=399082)[0m The `use_fast` parameter is deprecated and will be removed in a future version. Use `backend="torchvision"` instead of `use_fast=True`, or `backend="pil"` instead of `use_fast=False`.
[36m(WorkerDict pid=267404)[0m `Qwen2VLImageProcessorFast` is deprecated. The `Fast` suffix for image processors has been removed; use `Qwen2VLImageProcessor` instead.
[36m(WorkerDict pid=267404)[0m The `use_fast` parameter is deprecated and will be removed in a future version. Use `backend="torchvision"` instead of `use_fast=True`, or `backend="pil"` instead of `use_fast=False`.
[36m(vLLMHttpServer pid=399082)[0m W0909 22:00:14.249000 486467 site-packages/torch/utils/cpp_extension.py:118] No CUDA runtime is found, using CUDA_HOME='/apps/software/standard/core/cuda/12.8.0'
[36m(WorkerDict pid=267393)[0m `Qwen2VLImageProcessorFast` is deprecated. The `Fast` suffix for image processors has been removed; use `Qwen2VLImageProcessor` instead.
[36m(WorkerDict pid=267404)[0m <frozen importlib._bootstrap_external>:1301: FutureWarning: The cuda.cudart module is deprecated and will be removed in a future release, please switch to use the cuda.bindings.runtime module instead.
[36m(WorkerDict pid=267404)[0m <frozen importlib._bootstrap_external>:1301: FutureWarning: The cuda.nvrtc module is deprecated and will be removed in a future release, please switch to use the cuda.bindings.nvrtc module instead.
[36m(WorkerDict pid=267393)[0m The `use_fast` parameter is deprecated and will be removed in a future version. Use `backend="torchvision"` instead of `use_fast=True`, or `backend="pil"` instead of `use_fast=False`.
[36m(WorkerDict pid=267404)[0m /sfs/weka/scratch/nkw3mr/envs/vision-opd/lib/python3.12/site-packages/vllm/model_executor/layers/fla/ops/utils.py:113: UserWarning: Input tensor shape suggests potential format mismatch: seq_len (16) < num_heads (32). This may indicate the inputs were passed in head-first format [B, H, T, ...] when head_first=False was specified. Please verify your input tensor format matches the expected shape [B, T, H, ...].
[36m(WorkerDict pid=267404)[0m   return fn(*contiguous_args, **contiguous_kwargs)
[36m(WorkerDict pid=267393)[0m <frozen importlib._bootstrap_external>:1301: FutureWarning: The cuda.cudart module is deprecated and will be removed in a future release, please switch to use the cuda.bindings.runtime module instead.
[36m(WorkerDict pid=267393)[0m <frozen importlib._bootstrap_external>:1301: FutureWarning: The cuda.nvrtc module is deprecated and will be removed in a future release, please switch to use the cuda.bindings.nvrtc module instead.
[36m(WorkerDict pid=267393)[0m Capturing CUDA graphs (mixed prefill-decode, PIECEWISE):   0%|          | 0/51 [00:00<?, ?it/s]
[36m(WorkerDict pid=267393)[0m /sfs/weka/scratch/nkw3mr/envs/vision-opd/lib/python3.12/site-packages/vllm/model_executor/layers/fla/ops/utils.py:113: UserWarning: Input tensor shape suggests potential format mismatch: seq_len (16) < num_heads (32). This may indicate the inputs were passed in head-first format [B, H, T, ...] when head_first=False was specified. Please verify your input tensor format matches the expected shape [B, T, H, ...].
[36m(WorkerDict pid=267393)[0m   return fn(*contiguous_args, **contiguous_kwargs)
[36m(WorkerDict pid=267393)[0m Capturing CUDA graphs (mixed prefill-decode, PIECEWISE):   2%|▏         | 1/51 [00:00<00:06,  7.65it/s]
[36m(WorkerDict pid=267393)[0m Capturing CUDA graphs (mixed prefill-decode, PIECEWISE):   4%|▍         | 2/51 [00:00<00:05,  8.46it/s]
[36m(WorkerDict pid=267393)[0m Capturing CUDA graphs (mixed prefill-decode, PIECEWISE):   8%|▊         | 4/51 [00:00<00:04, 10.13it/s]
[36m(WorkerDict pid=267393)[0m Capturing CUDA graphs (mixed prefill-decode, PIECEWISE):  10%|▉         | 5/51 [00:00<00:04,  9.82it/s]
[36m(WorkerDict pid=267393)[0m Capturing CUDA graphs (mixed prefill-decode, PIECEWISE):  14%|█▎        | 7/51 [00:00<00:04, 10.63it/s]
[36m(WorkerDict pid=267393)[0m Capturing CUDA graphs (mixed prefill-decode, PIECEWISE):  18%|█▊        | 9/51 [00:00<00:03, 10.53it/s]
[36m(WorkerDict pid=267393)[0m Capturing CUDA graphs (mixed prefill-decode, PIECEWISE):  22%|██▏       | 11/51 [00:01<00:03, 10.50it/s]
[36m(WorkerDict pid=267393)[0m Capturing CUDA graphs (mixed prefill-decode, PIECEWISE):  25%|██▌       | 13/51 [00:01<00:03, 10.50it/s]
[36m(WorkerDict pid=267393)[0m Capturing CUDA graphs (mixed prefill-decode, PIECEWISE):  29%|██▉       | 15/51 [00:01<00:03, 10.72it/s]
[36m(WorkerDict pid=267393)[0m Capturing CUDA graphs (mixed prefill-decode, PIECEWISE):  33%|███▎      | 17/51 [00:01<00:02, 12.27it/s]
[36m(WorkerDict pid=267393)[0m Capturing CUDA graphs (mixed prefill-decode, PIECEWISE):  43%|████▎     | 22/51 [00:01<00:01, 19.91it/s]
[36m(WorkerDict pid=267393)[0m Capturing CUDA graphs (mixed prefill-decode, PIECEWISE):  51%|█████     | 26/51 [00:01<00:01, 21.61it/s]
[36m(WorkerDict pid=267393)[0m Capturing CUDA graphs (mixed prefill-decode, PIECEWISE):  57%|█████▋    | 29/51 [00:02<00:01, 20.21it/s]
[36m(WorkerDict pid=267393)[0m Capturing CUDA graphs (mixed prefill-decode, PIECEWISE):  63%|██████▎   | 32/51 [00:02<00:01, 16.90it/s]
[36m(WorkerDict pid=267393)[0m Capturing CUDA graphs (mixed prefill-decode, PIECEWISE):  67%|██████▋   | 34/51 [00:02<00:01, 16.14it/s]
[36m(WorkerDict pid=267393)[0m Capturing CUDA graphs (mixed prefill-decode, PIECEWISE):  71%|███████   | 36/51 [00:02<00:00, 15.14it/s]
[36m(WorkerDict pid=267393)[0m Capturing CUDA graphs (mixed prefill-decode, PIECEWISE):  75%|███████▍  | 38/51 [00:02<00:00, 14.48it/s]
[36m(WorkerDict pid=267393)[0m Capturing CUDA graphs (mixed prefill-decode, PIECEWISE):  82%|████████▏ | 42/51 [00:02<00:00, 18.93it/s]
[36m(WorkerDict pid=267393)[0m Capturing CUDA graphs (mixed prefill-decode, PIECEWISE):  90%|█████████ | 46/51 [00:02<00:00, 22.44it/s]
[36m(WorkerDict pid=267393)[0m Capturing CUDA graphs (mixed prefill-decode, PIECEWISE):  98%|█████████▊| 50/51 [00:03<00:00, 25.85it/s]
[36m(WorkerDict pid=267393)[0m Capturing CUDA graphs (mixed prefill-decode, PIECEWISE): 100%|██████████| 51/51 [00:03<00:00, 16.41it/s]
[36m(WorkerDict pid=267393)[0m Capturing CUDA graphs (decode, FULL):   0%|          | 0/51 [00:00<?, ?it/s]
[36m(WorkerDict pid=267393)[0m Capturing CUDA graphs (decode, FULL):   6%|▌         | 3/51 [00:00<00:02, 23.21it/s]
[36m(WorkerDict pid=267393)[0m Capturing CUDA graphs (decode, FULL):  12%|█▏        | 6/51 [00:00<00:02, 21.20it/s]
[36m(WorkerDict pid=267393)[0m Capturing CUDA graphs (decode, FULL):  18%|█▊        | 9/51 [00:00<00:01, 23.48it/s]
[36m(WorkerDict pid=267393)[0m Capturing CUDA graphs (decode, FULL):  25%|██▌       | 13/51 [00:00<00:01, 26.53it/s]
[36m(WorkerDict pid=267393)[0m Capturing CUDA graphs (decode, FULL):  33%|███▎      | 17/51 [00:00<00:01, 28.83it/s]
[36m(WorkerDict pid=267393)[0m Capturing CUDA graphs (decode, FULL):  39%|███▉      | 20/51 [00:00<00:01, 24.11it/s]Capturing CUDA graphs (decode, FULL):  47%|████▋     | 24/51 [00:00<00:00, 28.15it/s]
[36m(WorkerDict pid=267393)[0m Capturing CUDA graphs (decode, FULL):  55%|█████▍    | 28/51 [00:01<00:01, 19.86it/s]
[36m(WorkerDict pid=267393)[0m Capturing CUDA graphs (decode, FULL):  61%|██████    | 31/51 [00:01<00:00, 21.74it/s]
[36m(WorkerDict pid=267393)[0m Capturing CUDA graphs (decode, FULL):  69%|██████▊   | 35/51 [00:01<00:00, 25.11it/s]Capturing CUDA graphs (decode, FULL):  78%|███████▊  | 40/51 [00:01<00:00, 30.30it/s]
[36m(WorkerDict pid=267393)[0m Capturing CUDA graphs (decode, FULL):  86%|████████▋ | 44/51 [00:01<00:00, 31.81it/s]
[36m(WorkerDict pid=267393)[0m Capturing CUDA graphs (decode, FULL):  96%|█████████▌| 49/51 [00:01<00:00, 33.99it/s]
[36m(WorkerDict pid=267393)[0m Capturing CUDA graphs (decode, FULL): 100%|██████████| 51/51 [00:01<00:00, 26.48it/s]
[36m(vLLMHttpServer pid=399131)[0m (EngineCore pid=485526) Warning: You are sending unauthenticated requests to the HF Hub. Please set a HF_TOKEN to enable higher rate limits and faster downloads.
[36m(vLLMHttpServer pid=399082)[0m (EngineCore pid=486467) `Qwen2VLImageProcessorFast` is deprecated. The `Fast` suffix for image processors has been removed; use `Qwen2VLImageProcessor` instead.
[36m(vLLMHttpServer pid=399082)[0m (EngineCore pid=486467) The `use_fast` parameter is deprecated and will be removed in a future version. Use `backend="torchvision"` instead of `use_fast=True`, or `backend="pil"` instead of `use_fast=False`.
[36m(vLLMHttpServer pid=399131)[0m The argument `trust_remote_code` is to be used with Auto classes. It has no effect here and is ignored.
[36m(vLLMHttpServer pid=399131)[0m `layer_type_validation` is deprecated and will be removed in v5.20. Use `PreTrainedConfig.validate_layer_type` instead
[36m(vLLMHttpServer pid=399131)[0m `layer_type_validation` is deprecated and will be removed in v5.20. Use `PreTrainedConfig.validate_layer_type` instead
[36m(vLLMHttpServer pid=399131)[0m `layer_type_validation` is deprecated and will be removed in v5.20. Use `PreTrainedConfig.validate_layer_type` instead
[36m(vLLMHttpServer pid=399082)[0m (EngineCore pid=486467) Warning: You are sending unauthenticated requests to the HF Hub. Please set a HF_TOKEN to enable higher rate limits and faster downloads.
[36m(vLLMHttpServer pid=399131)[0m (EngineCore pid=485526) `Qwen2VLImageProcessorFast` is deprecated. The `Fast` suffix for image processors has been removed; use `Qwen2VLImageProcessor` instead.
[36m(vLLMHttpServer pid=399131)[0m `layer_type_validation` is deprecated and will be removed in v5.20. Use `PreTrainedConfig.validate_layer_type` instead
[36m(vLLMHttpServer pid=399131)[0m `layer_type_validation` is deprecated and will be removed in v5.20. Use `PreTrainedConfig.validate_layer_type` instead
[36m(vLLMHttpServer pid=399131)[0m `layer_type_validation` is deprecated and will be removed in v5.20. Use `PreTrainedConfig.validate_layer_type` instead
[36m(vLLMHttpServer pid=399131)[0m (EngineCore pid=485526) The `use_fast` parameter is deprecated and will be removed in a future version. Use `backend="torchvision"` instead of `use_fast=True`, or `backend="pil"` instead of `use_fast=False`.
[36m(vLLMHttpServer pid=399131)[0m The argument `trust_remote_code` is to be used with Auto classes. It has no effect here and is ignored.[32m [repeated 6x across cluster][0m
[36m(vLLMHttpServer pid=399131)[0m `layer_type_validation` is deprecated and will be removed in v5.20. Use `PreTrainedConfig.validate_layer_type` instead[32m [repeated 15x across cluster][0m
[36m(TaskRunner pid=204133)[0m Training Progress:   0%|          | 0/2 [00:00<?, ?it/s]
[36m(WorkerDict pid=267404)[0m /sfs/weka/scratch/nkw3mr/Vision-OPD-OPSA/verl/utils/device.py:134: FutureWarning: torch.cuda._set_allocator_settings is deprecated. Use torch._C._accelerator_setAllocatorSettings instead.
[36m(WorkerDict pid=267404)[0m   torch.cuda.memory._set_allocator_settings(f"expandable_segments:{enable}")
[36m(AgentLoopWorker pid=742806)[0m W0909 22:01:40.542000 742806 site-packages/torch/utils/cpp_extension.py:118] No CUDA runtime is found, using CUDA_HOME='/apps/software/standard/core/cuda/12.8.0'
[36m(vLLMHttpServer pid=399082)[0m The argument `trust_remote_code` is to be used with Auto classes. It has no effect here and is ignored.[32m [repeated 3x across cluster][0m
[36m(vLLMHttpServer pid=399082)[0m `layer_type_validation` is deprecated and will be removed in v5.20. Use `PreTrainedConfig.validate_layer_type` instead[32m [repeated 9x across cluster][0m
[36m(WorkerDict pid=267393)[0m /sfs/weka/scratch/nkw3mr/Vision-OPD-OPSA/verl/utils/device.py:134: FutureWarning: torch.cuda._set_allocator_settings is deprecated. Use torch._C._accelerator_setAllocatorSettings instead.
[36m(WorkerDict pid=267393)[0m   torch.cuda.memory._set_allocator_settings(f"expandable_segments:{enable}")
[36m(AgentLoopWorker pid=742806)[0m Warning: You are sending unauthenticated requests to the HF Hub. Please set a HF_TOKEN to enable higher rate limits and faster downloads.
[36m(AgentLoopWorker pid=742806)[0m Keyword argument `video_metadatas` is not a valid argument for this processor and will be ignored.
[36m(AgentLoopWorker pid=742757)[0m W0909 22:01:40.746000 742757 site-packages/torch/utils/cpp_extension.py:118] No CUDA runtime is found, using CUDA_HOME='/apps/software/standard/core/cuda/12.8.0'[32m [repeated 7x across cluster][0m
[36m(AgentLoopWorker pid=742825)[0m Warning: You are sending unauthenticated requests to the HF Hub. Please set a HF_TOKEN to enable higher rate limits and faster downloads.[32m [repeated 7x across cluster][0m
[36m(WorkerDict pid=267404)[0m /sfs/weka/scratch/nkw3mr/Vision-OPD-OPSA/verl/utils/device.py:134: FutureWarning: torch.cuda._set_allocator_settings is deprecated. Use torch._C._accelerator_setAllocatorSettings instead.
[36m(WorkerDict pid=267404)[0m   torch.cuda.memory._set_allocator_settings(f"expandable_segments:{enable}")
[36m(AgentLoopWorker pid=742779)[0m Keyword argument `video_metadatas` is not a valid argument for this processor and will be ignored.[32m [repeated 7x across cluster][0m
*** SIGTERM received at time=1789005791 on cpu 3 ***
PC: @     0x145a46cd6628  (unknown)  pthread_cond_timedwait@@GLIBC_2.3.2
    @     0x145a46cda990  (unknown)  (unknown)
    @        0x100000000  (unknown)  (unknown)
[2026-09-09 22:03:11,098 E 118497 118497] logging.cc:474: *** SIGTERM received at time=1789005791 on cpu 3 ***
[2026-09-09 22:03:11,098 E 118497 118497] logging.cc:474: PC: @     0x145a46cd6628  (unknown)  pthread_cond_timedwait@@GLIBC_2.3.2
[2026-09-09 22:03:11,121 E 118497 118497] logging.cc:474:     @     0x145a46cda990  (unknown)  (unknown)
[2026-09-09 22:03:11,123 E 118497 118497] logging.cc:474:     @        0x100000000  (unknown)  (unknown)
opsa/aha/run_aha_4b.sh: line 200: 118497 Aborted                 (core dumped) python3 -m verl.trainer.main_ppo --config-name "$CONFIG_NAME" data.train_files="[\"$TASK_TRAIN_FILE\"]" data.val_files="[]" data.filter_overlong_prompts=False data.max_prompt_length=$MAX_PROMPT_LENGTH data.max_response_length=$MAX_RESPONSE_LENGTH data.truncation=error data.shuffle=True data.trust_remote_code=True data.return_multi_modal_inputs=True data.image_key=images data.train_batch_size=$TRAIN_BATCH_SIZE data.dataloader_num_workers=$DATA_DATALOADER_NUM_WORKERS actor_rollout_ref.model.path=$MODEL_PATH actor_rollout_ref.model.trust_remote_code=True actor_rollout_ref.model.use_remove_padding=True actor_rollout_ref.model.enable_gradient_checkpointing=True actor_rollout_ref.rollout.n=$ROLLOUT_N actor_rollout_ref.actor.optim.lr=$LR actor_rollout_ref.actor.ppo_mini_batch_size=$PPO_MINI_BATCH_SIZE actor_rollout_ref.actor.use_dynamic_bsz=$ACTOR_USE_DYNAMIC_BSZ actor_rollout_ref.actor.ppo_micro_batch_size_per_gpu=$ACTOR_PPO_MICRO_BS actor_rollout_ref.actor.ppo_max_token_len_per_gpu=$PPO_MAX_TOKEN_LEN_PER_GPU actor_rollout_ref.actor.fsdp_config.param_offload=$ACTOR_PARAM_OFFLOAD actor_rollout_ref.actor.fsdp_config.optimizer_offload=$ACTOR_OPTIMIZER_OFFLOAD actor_rollout_ref.model.enable_activation_offload=$ACTIVATION_OFFLOAD actor_rollout_ref.actor.ulysses_sequence_parallel_size=$ULYSSES_SP actor_rollout_ref.ref.ulysses_sequence_parallel_size=$ULYSSES_SP actor_rollout_ref.actor.clip_ratio_high=0.3 actor_rollout_ref.actor.clip_ratio_low=0.2 actor_rollout_ref.actor.use_kl_loss=False actor_rollout_ref.actor.policy_loss.loss_mode=vopd actor_rollout_ref.actor.calculate_entropy=False actor_rollout_ref.actor.self_distillation.full_logit_distillation=$FULL_LOGIT actor_rollout_ref.actor.self_distillation.distillation_topk=$TOPK actor_rollout_ref.actor.self_distillation.state_adaptive=False actor_rollout_ref.actor.self_distillation.evt_enable=False actor_rollout_ref.actor.self_distillation.aha_enable=True actor_rollout_ref.actor.self_distillation.aha_beta=$AHA_BETA actor_rollout_ref.actor.self_distillation.aha_floor_alpha=$AHA_FLOOR_ALPHA actor_rollout_ref.actor.self_distillation.aha_center_u=$AHA_CENTER_U actor_rollout_ref.actor.self_distillation.null_image_key=null_images actor_rollout_ref.actor.self_distillation.max_reprompt_len=10240 actor_rollout_ref.actor.self_distillation.is_clip=2.0 actor_rollout_ref.actor.self_distillation.teacher_always_on=True actor_rollout_ref.actor.self_distillation.teacher_model_source=$TEACHER_MODEL_SOURCE actor_rollout_ref.actor.self_distillation.teacher_regularization=$TEACHER_REGULARIZATION actor_rollout_ref.actor.self_distillation.teacher_update_rate=$TEACHER_UPDATE_RATE actor_rollout_ref.actor.self_distillation.teacher_image_key=bbox_images algorithm.rollout_correction.rollout_is=token algorithm.rollout_correction.rollout_is_threshold=2.0 algorithm.adv_estimator=grpo algorithm.norm_adv_by_std_in_grpo=False algorithm.use_kl_in_reward=False actor_rollout_ref.actor.self_distillation.dont_reprompt_on_self_success=True actor_rollout_ref.actor.self_distillation.alpha=$ALPHA actor_rollout_ref.actor.self_distillation.include_environment_feedback=False actor_rollout_ref.actor.optim.lr_warmup_steps=10 actor_rollout_ref.rollout.name=vllm actor_rollout_ref.rollout.tensor_model_parallel_size=$ROLLOUT_TENSOR_MODEL_PARALLEL_SIZE actor_rollout_ref.rollout.gpu_memory_utilization=$ROLLOUT_GPU_MEMORY_UTILIZATION actor_rollout_ref.rollout.log_prob_micro_batch_size_per_gpu=$ROLLOUT_LOGPROB_MICRO_BATCH_SIZE_PER_GPU actor_rollout_ref.rollout.max_num_batched_tokens=$MAX_MODEL_LEN actor_rollout_ref.rollout.max_model_len=$MAX_MODEL_LEN +actor_rollout_ref.rollout.engine_kwargs.vllm.compilation_config.pass_config.fuse_allreduce_rms=False +actor_rollout_ref.rollout.engine_kwargs.vllm.kernel_config.enable_flashinfer_autotune=False actor_rollout_ref.rollout.response_length=$MAX_RESPONSE_LENGTH actor_rollout_ref.rollout.calculate_log_probs=True actor_rollout_ref.rollout.agent.num_workers=$ROLLOUT_AGENT_NUM_WORKERS actor_rollout_ref.ref.log_prob_micro_batch_size_per_gpu=$REF_LOGPROB_MICRO_BATCH_SIZE_PER_GPU actor_rollout_ref.ref.fsdp_config.param_offload=$REF_PARAM_OFFLOAD reward_model.enable=False critic.model.path=$MODEL_PATH reward_model.use_reward_loop=False custom_reward_function.path=null trainer.project_name=$PROJECT_NAME trainer.group_name=$EXPERIMENT_NAME trainer.experiment_name=$EXPERIMENT_NAME trainer.logger="$TRAINER_LOGGER" trainer.n_gpus_per_node=$TRAINER_N_GPUS_PER_NODE trainer.nnodes=$TRAINER_NNODES trainer.save_freq=$TRAINER_SAVE_FREQ trainer.test_freq=-1 trainer.max_actor_ckpt_to_keep=$TRAINER_MAX_ACTOR_CKPT_TO_KEEP trainer.total_epochs=$TRAINER_TOTAL_EPOCHS trainer.val_before_train=False trainer.default_local_dir=$TRAINER_DEFAULT_LOCAL_DIR trainer.rollout_data_dir="$TRAINER_ROLLOUT_DATA_DIR" "${CHAT_TEMPLATE_ARGS[@]}" "${EXTRA_ARGS[@]}"
[36m(vLLMHttpServer pid=399082)[0m WARNING 09-09 21:59:55 [vllm.py:743] Async scheduling will be disabled because it is not supported with the `<class 'verl.workers.rollout.vllm_rollout.vllm_async_server.ExternalZeroMQDistributedExecutor'>` distributed executor backend (only `mp`, `uni`, and `external_launcher` are supported).srun: error: udc-aw37-6: task 0: Exited with exit code 134
srun: Terminating StepId=19505772.5
