Running: OPSA-Qwen3.5-4B-v2a  (mode=entropy frac=0.2 adv=[-1.0,-0.5])
2026-09-07 13:40:15,521	INFO worker.py:1998 -- Started a local Ray instance. View the dashboard at [1m[32mhttp://127.0.0.1:8265 [39m[22m
/sfs/weka/scratch/nkw3mr/envs/vision-opd/lib/python3.12/site-packages/ray/_private/worker.py:2046: FutureWarning: Tip: In future versions of Ray, Ray will no longer override accelerator visible devices env var if num_gpus=0 or num_gpus=None (default). To enable this behavior and turn off this error message, set RAY_ACCEL_ENV_VAR_OVERRIDE_ON_ZERO=0
  warnings.warn(
ray init kwargs: {'num_cpus': None, 'runtime_env': {'env_vars': {'TOKENIZERS_PARALLELISM': 'true', 'NCCL_DEBUG': 'WARN', 'VLLM_LOGGING_LEVEL': 'WARN', 'VLLM_ALLOW_RUNTIME_LORA_UPDATING': 'true', 'VLLM_ALLREDUCE_USE_SYMM_MEM': '0', 'CUDA_DEVICE_MAX_CONNECTIONS': '1', 'NCCL_CUMEM_ENABLE': '0'}, 'working_dir': None}}
[36m(TaskRunner pid=728081)[0m TaskRunner hostname: udc-aw37-6, PID: 728081
[36m(TaskRunner pid=728081)[0m {'actor_rollout_ref': {'actor': {'_target_': 'verl.workers.config.FSDPActorConfig',
[36m(TaskRunner pid=728081)[0m                                  'calculate_entropy': True,
[36m(TaskRunner pid=728081)[0m                                  'calculate_sum_pi_squared': False,
[36m(TaskRunner pid=728081)[0m                                  'checkpoint': {'_target_': 'verl.trainer.config.CheckpointConfig',
[36m(TaskRunner pid=728081)[0m                                                 'async_save': False,
[36m(TaskRunner pid=728081)[0m                                                 'load_contents': ['model',
[36m(TaskRunner pid=728081)[0m                                                                   'optimizer',
[36m(TaskRunner pid=728081)[0m                                                                   'extra'],
[36m(TaskRunner pid=728081)[0m                                                 'save_contents': ['model',
[36m(TaskRunner pid=728081)[0m                                                                   'optimizer',
[36m(TaskRunner pid=728081)[0m                                                                   'extra']},
[36m(TaskRunner pid=728081)[0m                                  'clip_ratio': 0.2,
[36m(TaskRunner pid=728081)[0m                                  'clip_ratio_c': 3.0,
[36m(TaskRunner pid=728081)[0m                                  'clip_ratio_high': 0.3,
[36m(TaskRunner pid=728081)[0m                                  'clip_ratio_low': 0.2,
[36m(TaskRunner pid=728081)[0m                                  'data_loader_seed': 42,
[36m(TaskRunner pid=728081)[0m                                  'entropy_checkpointing': False,
[36m(TaskRunner pid=728081)[0m                                  'entropy_coeff': 0,
[36m(TaskRunner pid=728081)[0m                                  'entropy_from_logits_with_chunking': False,
[36m(TaskRunner pid=728081)[0m                                  'freeze_vision_tower': False,
[36m(TaskRunner pid=728081)[0m                                  'fsdp_config': {'_target_': 'verl.workers.config.FSDPEngineConfig',
[36m(TaskRunner pid=728081)[0m                                                  'dtype': 'bfloat16',
[36m(TaskRunner pid=728081)[0m                                                  'entropy_checkpointing': False,
[36m(TaskRunner pid=728081)[0m                                                  'entropy_from_logits_with_chunking': False,
[36m(TaskRunner pid=728081)[0m                                                  'forward_only': False,
[36m(TaskRunner pid=728081)[0m                                                  'forward_prefetch': False,
[36m(TaskRunner pid=728081)[0m                                                  'fsdp_size': -1,
[36m(TaskRunner pid=728081)[0m                                                  'full_determinism': False,
[36m(TaskRunner pid=728081)[0m                                                  'model_dtype': 'fp32',
[36m(TaskRunner pid=728081)[0m                                                  'offload_policy': False,
[36m(TaskRunner pid=728081)[0m                                                  'optimizer_offload': True,
[36m(TaskRunner pid=728081)[0m                                                  'param_offload': True,
[36m(TaskRunner pid=728081)[0m                                                  'reshard_after_forward': True,
[36m(TaskRunner pid=728081)[0m                                                  'seed': 42,
[36m(TaskRunner pid=728081)[0m                                                  'strategy': 'fsdp',
[36m(TaskRunner pid=728081)[0m                                                  'ulysses_sequence_parallel_size': 1,
[36m(TaskRunner pid=728081)[0m                                                  'use_orig_params': False,
[36m(TaskRunner pid=728081)[0m                                                  'use_torch_compile': True,
[36m(TaskRunner pid=728081)[0m                                                  'wrap_policy': {'min_num_params': 0}},
[36m(TaskRunner pid=728081)[0m                                  'grad_clip': 1.0,
[36m(TaskRunner pid=728081)[0m                                  'kl_loss_coef': 0.001,
[36m(TaskRunner pid=728081)[0m                                  'kl_loss_type': 'low_var_kl',
[36m(TaskRunner pid=728081)[0m                                  'loss_agg_mode': 'token-mean',
[36m(TaskRunner pid=728081)[0m                                  'loss_scale_factor': None,
[36m(TaskRunner pid=728081)[0m                                  'optim': {'_target_': 'verl.workers.config.FSDPOptimizerConfig',
[36m(TaskRunner pid=728081)[0m                                            'betas': [0.9, 0.98],
[36m(TaskRunner pid=728081)[0m                                            'clip_grad': 1.0,
[36m(TaskRunner pid=728081)[0m                                            'lr': 1e-06,
[36m(TaskRunner pid=728081)[0m                                            'lr_scheduler_type': 'constant',
[36m(TaskRunner pid=728081)[0m                                            'lr_warmup_steps': 0,
[36m(TaskRunner pid=728081)[0m                                            'lr_warmup_steps_ratio': 0.0,
[36m(TaskRunner pid=728081)[0m                                            'min_lr_ratio': 0.0,
[36m(TaskRunner pid=728081)[0m                                            'num_cycles': 0.5,
[36m(TaskRunner pid=728081)[0m                                            'optimizer': 'AdamW',
[36m(TaskRunner pid=728081)[0m                                            'optimizer_impl': 'torch.optim',
[36m(TaskRunner pid=728081)[0m                                            'override_optimizer_config': None,
[36m(TaskRunner pid=728081)[0m                                            'total_training_steps': -1,
[36m(TaskRunner pid=728081)[0m                                            'warmup_style': None,
[36m(TaskRunner pid=728081)[0m                                            'weight_decay': 0.1},
[36m(TaskRunner pid=728081)[0m                                  'policy_loss': {'_target_': 'verl.workers.config.PolicyLossConfig',
[36m(TaskRunner pid=728081)[0m                                                  'clip_cov_lb': 1.0,
[36m(TaskRunner pid=728081)[0m                                                  'clip_cov_ratio': 0.0002,
[36m(TaskRunner pid=728081)[0m                                                  'clip_cov_ub': 5.0,
[36m(TaskRunner pid=728081)[0m                                                  'kl_cov_ratio': 0.0002,
[36m(TaskRunner pid=728081)[0m                                                  'loss_mode': 'vopd',
[36m(TaskRunner pid=728081)[0m                                                  'ppo_kl_coef': 0.1},
[36m(TaskRunner pid=728081)[0m                                  'ppo_epochs': 1,
[36m(TaskRunner pid=728081)[0m                                  'ppo_max_token_len_per_gpu': 10240,
[36m(TaskRunner pid=728081)[0m                                  'ppo_micro_batch_size': None,
[36m(TaskRunner pid=728081)[0m                                  'ppo_micro_batch_size_per_gpu': 1,
[36m(TaskRunner pid=728081)[0m                                  'ppo_mini_batch_size': 64,
[36m(TaskRunner pid=728081)[0m                                  'profiler': {'_target_': 'verl.utils.profiler.ProfilerConfig',
[36m(TaskRunner pid=728081)[0m                                               'all_ranks': False,
[36m(TaskRunner pid=728081)[0m                                               'enable': False,
[36m(TaskRunner pid=728081)[0m                                               'ranks': [],
[36m(TaskRunner pid=728081)[0m                                               'save_path': 'outputs/profile',
[36m(TaskRunner pid=728081)[0m                                               'tool': None,
[36m(TaskRunner pid=728081)[0m                                               'tool_config': {'npu': {'_target_': 'verl.utils.profiler.config.NPUToolConfig',
[36m(TaskRunner pid=728081)[0m                                                                       'analysis': True,
[36m(TaskRunner pid=728081)[0m                                                                       'contents': [],
[36m(TaskRunner pid=728081)[0m                                                                       'discrete': False,
[36m(TaskRunner pid=728081)[0m                                                                       'level': 'level0'},
[36m(TaskRunner pid=728081)[0m                                                               'nsys': {'_target_': 'verl.utils.profiler.config.NsightToolConfig',
[36m(TaskRunner pid=728081)[0m                                                                        'discrete': False},
[36m(TaskRunner pid=728081)[0m                                                               'torch': {'_target_': 'verl.utils.profiler.config.TorchProfilerToolConfig',
[36m(TaskRunner pid=728081)[0m                                                                         'step_end': None,
[36m(TaskRunner pid=728081)[0m                                                                         'step_start': 0},
[36m(TaskRunner pid=728081)[0m                                                               'torch_memory': {'_target_': 'verl.utils.profiler.config.TorchMemoryToolConfig',
[36m(TaskRunner pid=728081)[0m                                                                                'stack_depth': 32,
[36m(TaskRunner pid=728081)[0m                                                                                'trace_alloc_max_entries': 100000}}},
[36m(TaskRunner pid=728081)[0m                                  'rollout_n': 1,
[36m(TaskRunner pid=728081)[0m                                  'router_replay': {'_target_': 'verl.workers.config.RouterReplayConfig',
[36m(TaskRunner pid=728081)[0m                                                    'mode': 'disabled',
[36m(TaskRunner pid=728081)[0m                                                    'record_file': None,
[36m(TaskRunner pid=728081)[0m                                                    'replay_file': None},
[36m(TaskRunner pid=728081)[0m                                  'self_distillation': {'_target_': 'verl.workers.config.SelfDistillationConfig',
[36m(TaskRunner pid=728081)[0m                                                        'alpha': 0.5,
[36m(TaskRunner pid=728081)[0m                                                        'answer_hint_template': '\n'
[36m(TaskRunner pid=728081)[0m                                                                                '\n'
[36m(TaskRunner pid=728081)[0m                                                                                'Here '
[36m(TaskRunner pid=728081)[0m                                                                                'is '
[36m(TaskRunner pid=728081)[0m                                                                                'a '
[36m(TaskRunner pid=728081)[0m                                                                                'reference '
[36m(TaskRunner pid=728081)[0m                                                                                'solution '
[36m(TaskRunner pid=728081)[0m                                                                                'to '
[36m(TaskRunner pid=728081)[0m                                                                                'this '
[36m(TaskRunner pid=728081)[0m                                                                                'problem:\n'
[36m(TaskRunner pid=728081)[0m                                                                                '{answer}\n'
[36m(TaskRunner pid=728081)[0m                                                                                '\n'
[36m(TaskRunner pid=728081)[0m                                                                                'After '
[36m(TaskRunner pid=728081)[0m                                                                                'understanding '
[36m(TaskRunner pid=728081)[0m                                                                                'the '
[36m(TaskRunner pid=728081)[0m                                                                                'reference '
[36m(TaskRunner pid=728081)[0m                                                                                'solution, '
[36m(TaskRunner pid=728081)[0m                                                                                'please '
[36m(TaskRunner pid=728081)[0m                                                                                'try '
[36m(TaskRunner pid=728081)[0m                                                                                'to '
[36m(TaskRunner pid=728081)[0m                                                                                'solve '
[36m(TaskRunner pid=728081)[0m                                                                                'this '
[36m(TaskRunner pid=728081)[0m                                                                                'problem '
[36m(TaskRunner pid=728081)[0m                                                                                'using '
[36m(TaskRunner pid=728081)[0m                                                                                'your '
[36m(TaskRunner pid=728081)[0m                                                                                'own '
[36m(TaskRunner pid=728081)[0m                                                                                'approach '
[36m(TaskRunner pid=728081)[0m                                                                                'below:',
[36m(TaskRunner pid=728081)[0m                                                        'distillation_add_tail': True,
[36m(TaskRunner pid=728081)[0m                                                        'distillation_topk': None,
[36m(TaskRunner pid=728081)[0m                                                        'dont_reprompt_on_self_success': True,
[36m(TaskRunner pid=728081)[0m                                                        'environment_feedback_only_without_solution': True,
[36m(TaskRunner pid=728081)[0m                                                        'evt_clip_neg': 2.0,
[36m(TaskRunner pid=728081)[0m                                                        'evt_clip_pos': 1.0,
[36m(TaskRunner pid=728081)[0m                                                        'evt_ema_eta': 0.05,
[36m(TaskRunner pid=728081)[0m                                                        'evt_enable': False,
[36m(TaskRunner pid=728081)[0m                                                        'evt_negative_only': False,
[36m(TaskRunner pid=728081)[0m                                                        'evt_neutral_base': 0.0,
[36m(TaskRunner pid=728081)[0m                                                        'evt_token_fraction': 0.2,
[36m(TaskRunner pid=728081)[0m                                                        'evt_ubar_init': None,
[36m(TaskRunner pid=728081)[0m                                                        'fallback_to_policy_loss_on_missing_teacher': False,
[36m(TaskRunner pid=728081)[0m                                                        'feedback_template': '\n'
[36m(TaskRunner pid=728081)[0m                                                                             'The '
[36m(TaskRunner pid=728081)[0m                                                                             'following '
[36m(TaskRunner pid=728081)[0m                                                                             'is '
[36m(TaskRunner pid=728081)[0m                                                                             'feedback '
[36m(TaskRunner pid=728081)[0m                                                                             'from '
[36m(TaskRunner pid=728081)[0m                                                                             'your '
[36m(TaskRunner pid=728081)[0m                                                                             'unsuccessful '
[36m(TaskRunner pid=728081)[0m                                                                             'earlier '
[36m(TaskRunner pid=728081)[0m                                                                             'attempt:\n'
[36m(TaskRunner pid=728081)[0m                                                                             '\n'
[36m(TaskRunner pid=728081)[0m                                                                             '{feedback_raw}',
[36m(TaskRunner pid=728081)[0m                                                        'full_logit_distillation': False,
[36m(TaskRunner pid=728081)[0m                                                        'gamma': 1.0,
[36m(TaskRunner pid=728081)[0m                                                        'include_environment_feedback': False,
[36m(TaskRunner pid=728081)[0m                                                        'is_clip': None,
[36m(TaskRunner pid=728081)[0m                                                        'log_prob_dump_dir': None,
[36m(TaskRunner pid=728081)[0m                                                        'max_reprompt_len': 10240,
[36m(TaskRunner pid=728081)[0m                                                        'opsa_advantage_max': -0.5,
[36m(TaskRunner pid=728081)[0m                                                        'opsa_advantage_min': -1.0,
[36m(TaskRunner pid=728081)[0m                                                        'opsa_enable': True,
[36m(TaskRunner pid=728081)[0m                                                        'opsa_fixed_advantage': None,
[36m(TaskRunner pid=728081)[0m                                                        'opsa_mode': 'entropy',
[36m(TaskRunner pid=728081)[0m                                                        'opsa_token_fraction': 0.2,
[36m(TaskRunner pid=728081)[0m                                                        'remove_thinking_from_demonstration': True,
[36m(TaskRunner pid=728081)[0m                                                        'reprompt_template': '{prompt}{solution}{feedback}\n'
[36m(TaskRunner pid=728081)[0m                                                                             '\n'
[36m(TaskRunner pid=728081)[0m                                                                             'Correctly '
[36m(TaskRunner pid=728081)[0m                                                                             'solve '
[36m(TaskRunner pid=728081)[0m                                                                             'the '
[36m(TaskRunner pid=728081)[0m                                                                             'original '
[36m(TaskRunner pid=728081)[0m                                                                             'question.',
[36m(TaskRunner pid=728081)[0m                                                        'reprompt_truncation': 'right',
[36m(TaskRunner pid=728081)[0m                                                        'sa_beta_max': 8.0,
[36m(TaskRunner pid=728081)[0m                                                        'sa_binary_iters': 8,
[36m(TaskRunner pid=728081)[0m                                                        'sa_center_u': False,
[36m(TaskRunner pid=728081)[0m                                                        'sa_eps_max': 0.5,
[36m(TaskRunner pid=728081)[0m                                                        'sa_lambda': 1.0,
[36m(TaskRunner pid=728081)[0m                                                        'sa_rho': 0.9,
[36m(TaskRunner pid=728081)[0m                                                        'sa_tau_e': 0.03,
[36m(TaskRunner pid=728081)[0m                                                        'sa_temp_e': 0.015,
[36m(TaskRunner pid=728081)[0m                                                        'sa_u_clip': None,
[36m(TaskRunner pid=728081)[0m                                                        'sa_zero_floor': False,
[36m(TaskRunner pid=728081)[0m                                                        'solution_template': '\n'
[36m(TaskRunner pid=728081)[0m                                                                             'Correct '
[36m(TaskRunner pid=728081)[0m                                                                             'solution:\n'
[36m(TaskRunner pid=728081)[0m                                                                             '\n'
[36m(TaskRunner pid=728081)[0m                                                                             '{successful_previous_attempt}',
[36m(TaskRunner pid=728081)[0m                                                        'state_adaptive': False,
[36m(TaskRunner pid=728081)[0m                                                        'success_reward_threshold': 0.5,
[36m(TaskRunner pid=728081)[0m                                                        'teacher_always_on': False,
[36m(TaskRunner pid=728081)[0m                                                        'teacher_image_key': None,
[36m(TaskRunner pid=728081)[0m                                                        'teacher_model_path': None,
[36m(TaskRunner pid=728081)[0m                                                        'teacher_model_source': 'legacy',
[36m(TaskRunner pid=728081)[0m                                                        'teacher_prompt_mode': None,
[36m(TaskRunner pid=728081)[0m                                                        'teacher_regularization': 'ema',
[36m(TaskRunner pid=728081)[0m                                                        'teacher_update_interval': None,
[36m(TaskRunner pid=728081)[0m                                                        'teacher_update_rate': 0.05},
[36m(TaskRunner pid=728081)[0m                                  'shuffle': False,
[36m(TaskRunner pid=728081)[0m                                  'strategy': 'fsdp',
[36m(TaskRunner pid=728081)[0m                                  'sum_pi_squared_checkpointing': False,
[36m(TaskRunner pid=728081)[0m                                  'tau_neg': 1.05,
[36m(TaskRunner pid=728081)[0m                                  'tau_pos': 1.0,
[36m(TaskRunner pid=728081)[0m                                  'ulysses_sequence_parallel_size': 2,
[36m(TaskRunner pid=728081)[0m                                  'use_dynamic_bsz': False,
[36m(TaskRunner pid=728081)[0m                                  'use_fused_kernels': False,
[36m(TaskRunner pid=728081)[0m                                  'use_kl_loss': False,
[36m(TaskRunner pid=728081)[0m                                  'use_prefix_grouper': False,
[36m(TaskRunner pid=728081)[0m                                  'use_remove_padding': True,
[36m(TaskRunner pid=728081)[0m                                  'use_torch_compile': True},
[36m(TaskRunner pid=728081)[0m                        'hybrid_engine': True,
[36m(TaskRunner pid=728081)[0m                        'model': {'_target_': 'verl.workers.config.HFModelConfig',
[36m(TaskRunner pid=728081)[0m                                  'custom_chat_template': None,
[36m(TaskRunner pid=728081)[0m                                  'custom_chat_template_file': '/scratch/nkw3mr/Vision-OPD-OPSA/chat_templates/perception_chat_template_qwen35.jinja',
[36m(TaskRunner pid=728081)[0m                                  'enable_activation_offload': True,
[36m(TaskRunner pid=728081)[0m                                  'enable_gradient_checkpointing': True,
[36m(TaskRunner pid=728081)[0m                                  'exclude_modules': None,
[36m(TaskRunner pid=728081)[0m                                  'external_lib': None,
[36m(TaskRunner pid=728081)[0m                                  'fused_kernel_options': {'impl_backend': 'torch'},
[36m(TaskRunner pid=728081)[0m                                  'hf_config_path': None,
[36m(TaskRunner pid=728081)[0m                                  'lora_adapter_path': None,
[36m(TaskRunner pid=728081)[0m                                  'lora_alpha': 16,
[36m(TaskRunner pid=728081)[0m                                  'lora_rank': 0,
[36m(TaskRunner pid=728081)[0m                                  'override_config': {},
[36m(TaskRunner pid=728081)[0m                                  'path': 'Qwen/Qwen3.5-4B',
[36m(TaskRunner pid=728081)[0m                                  'target_modules': 'all-linear',
[36m(TaskRunner pid=728081)[0m                                  'tiled_mlp': {'enabled': False,
[36m(TaskRunner pid=728081)[0m                                                'num_shards': 4},
[36m(TaskRunner pid=728081)[0m                                  'tokenizer_path': None,
[36m(TaskRunner pid=728081)[0m                                  'trust_remote_code': True,
[36m(TaskRunner pid=728081)[0m                                  'use_fused_kernels': False,
[36m(TaskRunner pid=728081)[0m                                  'use_liger': False,
[36m(TaskRunner pid=728081)[0m                                  'use_remove_padding': True,
[36m(TaskRunner pid=728081)[0m                                  'use_shm': False},
[36m(TaskRunner pid=728081)[0m                        'nccl_timeout': 600,
[36m(TaskRunner pid=728081)[0m                        'ref': {'_target_': 'verl.workers.config.FSDPActorConfig',
[36m(TaskRunner pid=728081)[0m                                'entropy_checkpointing': False,
[36m(TaskRunner pid=728081)[0m                                'entropy_from_logits_with_chunking': False,
[36m(TaskRunner pid=728081)[0m                                'fsdp_config': {'_target_': 'verl.workers.config.FSDPEngineConfig',
[36m(TaskRunner pid=728081)[0m                                                'dtype': 'bfloat16',
[36m(TaskRunner pid=728081)[0m                                                'entropy_checkpointing': False,
[36m(TaskRunner pid=728081)[0m                                                'entropy_from_logits_with_chunking': False,
[36m(TaskRunner pid=728081)[0m                                                'forward_only': True,
[36m(TaskRunner pid=728081)[0m                                                'forward_prefetch': False,
[36m(TaskRunner pid=728081)[0m                                                'fsdp_size': -1,
[36m(TaskRunner pid=728081)[0m                                                'full_determinism': False,
[36m(TaskRunner pid=728081)[0m                                                'model_dtype': 'fp32',
[36m(TaskRunner pid=728081)[0m                                                'offload_policy': False,
[36m(TaskRunner pid=728081)[0m                                                'optimizer_offload': False,
[36m(TaskRunner pid=728081)[0m                                                'param_offload': True,
[36m(TaskRunner pid=728081)[0m                                                'reshard_after_forward': True,
[36m(TaskRunner pid=728081)[0m                                                'seed': 42,
[36m(TaskRunner pid=728081)[0m                                                'strategy': 'fsdp',
[36m(TaskRunner pid=728081)[0m                                                'ulysses_sequence_parallel_size': 1,
[36m(TaskRunner pid=728081)[0m                                                'use_orig_params': False,
[36m(TaskRunner pid=728081)[0m                                                'use_torch_compile': True,
[36m(TaskRunner pid=728081)[0m                                                'wrap_policy': {'min_num_params': 0}},
[36m(TaskRunner pid=728081)[0m                                'log_prob_max_token_len_per_gpu': 10240,
[36m(TaskRunner pid=728081)[0m                                'log_prob_micro_batch_size': None,
[36m(TaskRunner pid=728081)[0m                                'log_prob_micro_batch_size_per_gpu': 1,
[36m(TaskRunner pid=728081)[0m                                'log_prob_use_dynamic_bsz': False,
[36m(TaskRunner pid=728081)[0m                                'profiler': {'_target_': 'verl.utils.profiler.ProfilerConfig',
[36m(TaskRunner pid=728081)[0m                                             'all_ranks': False,
[36m(TaskRunner pid=728081)[0m                                             'enable': False,
[36m(TaskRunner pid=728081)[0m                                             'ranks': [],
[36m(TaskRunner pid=728081)[0m                                             'save_path': 'outputs/profile',
[36m(TaskRunner pid=728081)[0m                                             'tool': None,
[36m(TaskRunner pid=728081)[0m                                             'tool_config': {'npu': {'_target_': 'verl.utils.profiler.config.NPUToolConfig',
[36m(TaskRunner pid=728081)[0m                                                                     'analysis': True,
[36m(TaskRunner pid=728081)[0m                                                                     'contents': [],
[36m(TaskRunner pid=728081)[0m                                                                     'discrete': False,
[36m(TaskRunner pid=728081)[0m                                                                     'level': 'level0'},
[36m(TaskRunner pid=728081)[0m                                                             'nsys': {'_target_': 'verl.utils.profiler.config.NsightToolConfig',
[36m(TaskRunner pid=728081)[0m                                                                      'discrete': False},
[36m(TaskRunner pid=728081)[0m                                                             'torch': {'_target_': 'verl.utils.profiler.config.TorchProfilerToolConfig',
[36m(TaskRunner pid=728081)[0m                                                                       'step_end': None,
[36m(TaskRunner pid=728081)[0m                                                                       'step_start': 0},
[36m(TaskRunner pid=728081)[0m                                                             'torch_memory': {'_target_': 'verl.utils.profiler.config.TorchMemoryToolConfig',
[36m(TaskRunner pid=728081)[0m                                                                              'stack_depth': 32,
[36m(TaskRunner pid=728081)[0m                                                                              'trace_alloc_max_entries': 100000}}},
[36m(TaskRunner pid=728081)[0m                                'rollout_n': 1,
[36m(TaskRunner pid=728081)[0m                                'router_replay': {'_target_': 'verl.workers.config.RouterReplayConfig',
[36m(TaskRunner pid=728081)[0m                                                  'mode': 'disabled',
[36m(TaskRunner pid=728081)[0m                                                  'record_file': None,
[36m(TaskRunner pid=728081)[0m                                                  'replay_file': None},
[36m(TaskRunner pid=728081)[0m                                'strategy': 'fsdp',
[36m(TaskRunner pid=728081)[0m                                'ulysses_sequence_parallel_size': 2,
[36m(TaskRunner pid=728081)[0m                                'use_torch_compile': True},
[36m(TaskRunner pid=728081)[0m                        'rollout': {'_target_': 'verl.workers.config.RolloutConfig',
[36m(TaskRunner pid=728081)[0m                                    'agent': {'_target_': 'verl.workers.config.AgentLoopConfig',
[36m(TaskRunner pid=728081)[0m                                              'agent_loop_config_path': None,
[36m(TaskRunner pid=728081)[0m                                              'custom_async_server': {'_target_': 'verl.workers.config.CustomAsyncServerConfig',
[36m(TaskRunner pid=728081)[0m                                                                      'name': None,
[36m(TaskRunner pid=728081)[0m                                                                      'path': None},
[36m(TaskRunner pid=728081)[0m                                              'default_agent_loop': 'single_turn_agent',
[36m(TaskRunner pid=728081)[0m                                              'num_workers': 8},
[36m(TaskRunner pid=728081)[0m                                    'calculate_log_probs': True,
[36m(TaskRunner pid=728081)[0m                                    'cudagraph_capture_sizes': None,
[36m(TaskRunner pid=728081)[0m                                    'data_parallel_size': 1,
[36m(TaskRunner pid=728081)[0m                                    'disable_log_stats': True,
[36m(TaskRunner pid=728081)[0m                                    'do_sample': True,
[36m(TaskRunner pid=728081)[0m                                    'dtype': 'bfloat16',
[36m(TaskRunner pid=728081)[0m                                    'enable_chunked_prefill': True,
[36m(TaskRunner pid=728081)[0m                                    'enable_prefix_caching': True,
[36m(TaskRunner pid=728081)[0m                                    'enable_rollout_routing_replay': False,
[36m(TaskRunner pid=728081)[0m                                    'enforce_eager': False,
[36m(TaskRunner pid=728081)[0m                                    'engine_kwargs': {'sglang': {},
[36m(TaskRunner pid=728081)[0m                                                      'vllm': {'compilation_config': {'pass_config': {'fuse_allreduce_rms': False}},
[36m(TaskRunner pid=728081)[0m                                                               'kernel_config': {'enable_flashinfer_autotune': False}}},
[36m(TaskRunner pid=728081)[0m                                    'expert_parallel_size': 1,
[36m(TaskRunner pid=728081)[0m                                    'free_cache_engine': True,
[36m(TaskRunner pid=728081)[0m                                    'gpu_memory_utilization': 0.45,
[36m(TaskRunner pid=728081)[0m                                    'ignore_eos': False,
[36m(TaskRunner pid=728081)[0m                                    'layered_summon': False,
[36m(TaskRunner pid=728081)[0m                                    'load_format': 'dummy',
[36m(TaskRunner pid=728081)[0m                                    'log_prob_max_token_len_per_gpu': 10240,
[36m(TaskRunner pid=728081)[0m                                    'log_prob_micro_batch_size': None,
[36m(TaskRunner pid=728081)[0m                                    'log_prob_micro_batch_size_per_gpu': 1,
[36m(TaskRunner pid=728081)[0m                                    'log_prob_use_dynamic_bsz': False,
[36m(TaskRunner pid=728081)[0m                                    'logprobs_mode': 'processed_logprobs',
[36m(TaskRunner pid=728081)[0m                                    'max_model_len': 10240,
[36m(TaskRunner pid=728081)[0m                                    'max_num_batched_tokens': 10240,
[36m(TaskRunner pid=728081)[0m                                    'max_num_seqs': 1024,
[36m(TaskRunner pid=728081)[0m                                    'mode': 'async',
[36m(TaskRunner pid=728081)[0m                                    'multi_stage_wake_up': False,
[36m(TaskRunner pid=728081)[0m                                    'multi_turn': {'_target_': 'verl.workers.config.MultiTurnConfig',
[36m(TaskRunner pid=728081)[0m                                                   'enable': False,
[36m(TaskRunner pid=728081)[0m                                                   'format': 'hermes',
[36m(TaskRunner pid=728081)[0m                                                   'interaction_config_path': None,
[36m(TaskRunner pid=728081)[0m                                                   'max_assistant_turns': None,
[36m(TaskRunner pid=728081)[0m                                                   'max_parallel_calls': 1,
[36m(TaskRunner pid=728081)[0m                                                   'max_tool_response_length': 256,
[36m(TaskRunner pid=728081)[0m                                                   'max_user_turns': None,
[36m(TaskRunner pid=728081)[0m                                                   'num_repeat_rollouts': None,
[36m(TaskRunner pid=728081)[0m                                                   'tokenization_sanity_check_mode': 'strict',
[36m(TaskRunner pid=728081)[0m                                                   'tool_config_path': None,
[36m(TaskRunner pid=728081)[0m                                                   'tool_response_truncate_side': 'middle',
[36m(TaskRunner pid=728081)[0m                                                   'use_inference_chat_template': False},
[36m(TaskRunner pid=728081)[0m                                    'n': 1,
[36m(TaskRunner pid=728081)[0m                                    'name': 'vllm',
[36m(TaskRunner pid=728081)[0m                                    'over_sample_rate': 0,
[36m(TaskRunner pid=728081)[0m                                    'pipeline_model_parallel_size': 1,
[36m(TaskRunner pid=728081)[0m                                    'profiler': {'_target_': 'verl.utils.profiler.ProfilerConfig',
[36m(TaskRunner pid=728081)[0m                                                 'all_ranks': False,
[36m(TaskRunner pid=728081)[0m                                                 'enable': False,
[36m(TaskRunner pid=728081)[0m                                                 'ranks': [],
[36m(TaskRunner pid=728081)[0m                                                 'save_path': 'outputs/profile',
[36m(TaskRunner pid=728081)[0m                                                 'tool': None,
[36m(TaskRunner pid=728081)[0m                                                 'tool_config': {'npu': {'_target_': 'verl.utils.profiler.config.NPUToolConfig',
[36m(TaskRunner pid=728081)[0m                                                                         'analysis': True,
[36m(TaskRunner pid=728081)[0m                                                                         'contents': [],
[36m(TaskRunner pid=728081)[0m                                                                         'discrete': False,
[36m(TaskRunner pid=728081)[0m                                                                         'level': 'level0'},
[36m(TaskRunner pid=728081)[0m                                                                 'nsys': {'_target_': 'verl.utils.profiler.config.NsightToolConfig',
[36m(TaskRunner pid=728081)[0m                                                                          'discrete': False},
[36m(TaskRunner pid=728081)[0m                                                                 'torch': {'_target_': 'verl.utils.profiler.config.TorchProfilerToolConfig',
[36m(TaskRunner pid=728081)[0m                                                                           'step_end': None,
[36m(TaskRunner pid=728081)[0m                                                                           'step_start': 0},
[36m(TaskRunner pid=728081)[0m                                                                 'torch_memory': {'_target_': 'verl.utils.profiler.config.TorchMemoryToolConfig',
[36m(TaskRunner pid=728081)[0m                                                                                  'stack_depth': 32,
[36m(TaskRunner pid=728081)[0m                                                                                  'trace_alloc_max_entries': 100000}}},
[36m(TaskRunner pid=728081)[0m                                    'prometheus': {'_target_': 'verl.workers.config.PrometheusConfig',
[36m(TaskRunner pid=728081)[0m                                                   'enable': False,
[36m(TaskRunner pid=728081)[0m                                                   'file': '/tmp/ray/session_latest/metrics/prometheus/prometheus.yml',
[36m(TaskRunner pid=728081)[0m                                                   'port': 9090,
[36m(TaskRunner pid=728081)[0m                                                   'served_model_name': 'Qwen/Qwen3.5-4B'},
[36m(TaskRunner pid=728081)[0m                                    'prompt_length': 8192,
[36m(TaskRunner pid=728081)[0m                                    'quantization': None,
[36m(TaskRunner pid=728081)[0m                                    'quantization_config_file': None,
[36m(TaskRunner pid=728081)[0m                                    'response_length': 2048,
[36m(TaskRunner pid=728081)[0m                                    'scheduling_policy': 'fcfs',
[36m(TaskRunner pid=728081)[0m                                    'skip_dump_dir': '/tmp/rollout_dump',
[36m(TaskRunner pid=728081)[0m                                    'skip_rollout': False,
[36m(TaskRunner pid=728081)[0m                                    'skip_tokenizer_init': True,
[36m(TaskRunner pid=728081)[0m                                    'temperature': 1.0,
[36m(TaskRunner pid=728081)[0m                                    'tensor_model_parallel_size': 1,
[36m(TaskRunner pid=728081)[0m                                    'top_k': -1,
[36m(TaskRunner pid=728081)[0m                                    'top_p': 1,
[36m(TaskRunner pid=728081)[0m                                    'trace': {'_target_': 'verl.workers.config.TraceConfig',
[36m(TaskRunner pid=728081)[0m                                              'backend': None,
[36m(TaskRunner pid=728081)[0m                                              'max_samples_per_step_per_worker': None,
[36m(TaskRunner pid=728081)[0m                                              'token2text': False},
[36m(TaskRunner pid=728081)[0m                                    'update_weights_bucket_megabytes': 512,
[36m(TaskRunner pid=728081)[0m                                    'val_kwargs': {'_target_': 'verl.workers.config.SamplingConfig',
[36m(TaskRunner pid=728081)[0m                                                   'do_sample': False,
[36m(TaskRunner pid=728081)[0m                                                   'n': 1,
[36m(TaskRunner pid=728081)[0m                                                   'temperature': 0,
[36m(TaskRunner pid=728081)[0m                                                   'top_k': -1,
[36m(TaskRunner pid=728081)[0m                                                   'top_p': 1.0}}},
[36m(TaskRunner pid=728081)[0m  'algorithm': {'_target_': 'verl.trainer.config.AlgoConfig',
[36m(TaskRunner pid=728081)[0m                'adv_estimator': 'grpo',
[36m(TaskRunner pid=728081)[0m                'gamma': 1.0,
[36m(TaskRunner pid=728081)[0m                'kl_ctrl': {'_target_': 'verl.trainer.config.KLControlConfig',
[36m(TaskRunner pid=728081)[0m                            'horizon': 10000,
[36m(TaskRunner pid=728081)[0m                            'kl_coef': 0.001,
[36m(TaskRunner pid=728081)[0m                            'target_kl': 0.1,
[36m(TaskRunner pid=728081)[0m                            'type': 'fixed'},
[36m(TaskRunner pid=728081)[0m                'kl_penalty': 'kl',
[36m(TaskRunner pid=728081)[0m                'lam': 1.0,
[36m(TaskRunner pid=728081)[0m                'norm_adv_by_std_in_grpo': False,
[36m(TaskRunner pid=728081)[0m                'pf_ppo': {'reweight_method': 'pow', 'weight_pow': 2.0},
[36m(TaskRunner pid=728081)[0m                'rollout_correction': {'bypass_mode': False,
[36m(TaskRunner pid=728081)[0m                                       'loss_type': 'ppo_clip',
[36m(TaskRunner pid=728081)[0m                                       'rollout_is': None,
[36m(TaskRunner pid=728081)[0m                                       'rollout_is_batch_normalize': False,
[36m(TaskRunner pid=728081)[0m                                       'rollout_is_threshold': 2.0,
[36m(TaskRunner pid=728081)[0m                                       'rollout_rs': None,
[36m(TaskRunner pid=728081)[0m                                       'rollout_rs_threshold': None},
[36m(TaskRunner pid=728081)[0m                'use_kl_in_reward': False,
[36m(TaskRunner pid=728081)[0m                'use_pf_ppo': False},
[36m(TaskRunner pid=728081)[0m  'critic': {'_target_': 'verl.workers.config.FSDPCriticConfig',
[36m(TaskRunner pid=728081)[0m             'checkpoint': {'_target_': 'verl.trainer.config.CheckpointConfig',
[36m(TaskRunner pid=728081)[0m                            'async_save': False,
[36m(TaskRunner pid=728081)[0m                            'load_contents': ['model', 'optimizer', 'extra'],
[36m(TaskRunner pid=728081)[0m                            'save_contents': ['model', 'optimizer', 'extra']},
[36m(TaskRunner pid=728081)[0m             'cliprange_value': 0.5,
[36m(TaskRunner pid=728081)[0m             'data_loader_seed': 42,
[36m(TaskRunner pid=728081)[0m             'enable': None,
[36m(TaskRunner pid=728081)[0m             'forward_max_token_len_per_gpu': 32768,
[36m(TaskRunner pid=728081)[0m             'forward_micro_batch_size': None,
[36m(TaskRunner pid=728081)[0m             'forward_micro_batch_size_per_gpu': None,
[36m(TaskRunner pid=728081)[0m             'grad_clip': 1.0,
[36m(TaskRunner pid=728081)[0m             'loss_agg_mode': 'token-mean',
[36m(TaskRunner pid=728081)[0m             'model': {'_target_': 'verl.workers.config.FSDPCriticModelCfg',
[36m(TaskRunner pid=728081)[0m                       'enable_activation_offload': False,
[36m(TaskRunner pid=728081)[0m                       'enable_gradient_checkpointing': True,
[36m(TaskRunner pid=728081)[0m                       'external_lib': None,
[36m(TaskRunner pid=728081)[0m                       'fsdp_config': {'_target_': 'verl.workers.config.FSDPEngineConfig',
[36m(TaskRunner pid=728081)[0m                                       'dtype': 'bfloat16',
[36m(TaskRunner pid=728081)[0m                                       'entropy_checkpointing': False,
[36m(TaskRunner pid=728081)[0m                                       'entropy_from_logits_with_chunking': False,
[36m(TaskRunner pid=728081)[0m                                       'forward_only': False,
[36m(TaskRunner pid=728081)[0m                                       'forward_prefetch': False,
[36m(TaskRunner pid=728081)[0m                                       'fsdp_size': -1,
[36m(TaskRunner pid=728081)[0m                                       'full_determinism': False,
[36m(TaskRunner pid=728081)[0m                                       'model_dtype': 'fp32',
[36m(TaskRunner pid=728081)[0m                                       'offload_policy': False,
[36m(TaskRunner pid=728081)[0m                                       'optimizer_offload': False,
[36m(TaskRunner pid=728081)[0m                                       'param_offload': False,
[36m(TaskRunner pid=728081)[0m                                       'reshard_after_forward': True,
[36m(TaskRunner pid=728081)[0m                                       'seed': 42,
[36m(TaskRunner pid=728081)[0m                                       'strategy': 'fsdp',
[36m(TaskRunner pid=728081)[0m                                       'ulysses_sequence_parallel_size': 1,
[36m(TaskRunner pid=728081)[0m                                       'use_orig_params': False,
[36m(TaskRunner pid=728081)[0m                                       'use_torch_compile': True,
[36m(TaskRunner pid=728081)[0m                                       'wrap_policy': {'min_num_params': 0}},
[36m(TaskRunner pid=728081)[0m                       'lora_alpha': 16,
[36m(TaskRunner pid=728081)[0m                       'lora_rank': 0,
[36m(TaskRunner pid=728081)[0m                       'override_config': {},
[36m(TaskRunner pid=728081)[0m                       'path': 'Qwen/Qwen3.5-4B',
[36m(TaskRunner pid=728081)[0m                       'target_modules': 'all-linear',
[36m(TaskRunner pid=728081)[0m                       'tiled_mlp': {'enabled': False, 'num_shards': 4},
[36m(TaskRunner pid=728081)[0m                       'tokenizer_path': 'Qwen/Qwen3.5-4B',
[36m(TaskRunner pid=728081)[0m                       'trust_remote_code': True,
[36m(TaskRunner pid=728081)[0m                       'use_remove_padding': False,
[36m(TaskRunner pid=728081)[0m                       'use_shm': False},
[36m(TaskRunner pid=728081)[0m             'optim': {'_target_': 'verl.workers.config.FSDPOptimizerConfig',
[36m(TaskRunner pid=728081)[0m                       'betas': [0.9, 0.999],
[36m(TaskRunner pid=728081)[0m                       'clip_grad': 1.0,
[36m(TaskRunner pid=728081)[0m                       'lr': 1e-05,
[36m(TaskRunner pid=728081)[0m                       'lr_scheduler_type': 'constant',
[36m(TaskRunner pid=728081)[0m                       'lr_warmup_steps': -1,
[36m(TaskRunner pid=728081)[0m                       'lr_warmup_steps_ratio': 0.0,
[36m(TaskRunner pid=728081)[0m                       'min_lr_ratio': 0.0,
[36m(TaskRunner pid=728081)[0m                       'num_cycles': 0.5,
[36m(TaskRunner pid=728081)[0m                       'optimizer': 'AdamW',
[36m(TaskRunner pid=728081)[0m                       'optimizer_impl': 'torch.optim',
[36m(TaskRunner pid=728081)[0m                       'override_optimizer_config': None,
[36m(TaskRunner pid=728081)[0m                       'total_training_steps': -1,
[36m(TaskRunner pid=728081)[0m                       'warmup_style': None,
[36m(TaskRunner pid=728081)[0m                       'weight_decay': 0.01},
[36m(TaskRunner pid=728081)[0m             'ppo_epochs': 1,
[36m(TaskRunner pid=728081)[0m             'ppo_max_token_len_per_gpu': 32768,
[36m(TaskRunner pid=728081)[0m             'ppo_micro_batch_size': None,
[36m(TaskRunner pid=728081)[0m             'ppo_micro_batch_size_per_gpu': None,
[36m(TaskRunner pid=728081)[0m             'ppo_mini_batch_size': 64,
[36m(TaskRunner pid=728081)[0m             'profiler': {'_target_': 'verl.utils.profiler.ProfilerConfig',
[36m(TaskRunner pid=728081)[0m                          'all_ranks': False,
[36m(TaskRunner pid=728081)[0m                          'enable': False,
[36m(TaskRunner pid=728081)[0m                          'ranks': [],
[36m(TaskRunner pid=728081)[0m                          'save_path': 'outputs/profile',
[36m(TaskRunner pid=728081)[0m                          'tool': None,
[36m(TaskRunner pid=728081)[0m                          'tool_config': {'npu': {'_target_': 'verl.utils.profiler.config.NPUToolConfig',
[36m(TaskRunner pid=728081)[0m                                                  'analysis': True,
[36m(TaskRunner pid=728081)[0m                                                  'contents': [],
[36m(TaskRunner pid=728081)[0m                                                  'discrete': False,
[36m(TaskRunner pid=728081)[0m                                                  'level': 'level0'},
[36m(TaskRunner pid=728081)[0m                                          'nsys': {'_target_': 'verl.utils.profiler.config.NsightToolConfig',
[36m(TaskRunner pid=728081)[0m                                                   'discrete': False},
[36m(TaskRunner pid=728081)[0m                                          'torch': {'_target_': 'verl.utils.profiler.config.TorchProfilerToolConfig',
[36m(TaskRunner pid=728081)[0m                                                    'step_end': None,
[36m(TaskRunner pid=728081)[0m                                                    'step_start': 0},
[36m(TaskRunner pid=728081)[0m                                          'torch_memory': {'_target_': 'verl.utils.profiler.config.TorchMemoryToolConfig',
[36m(TaskRunner pid=728081)[0m                                                           'stack_depth': 32,
[36m(TaskRunner pid=728081)[0m                                                           'trace_alloc_max_entries': 100000}}},
[36m(TaskRunner pid=728081)[0m             'rollout_n': 1,
[36m(TaskRunner pid=728081)[0m             'shuffle': False,
[36m(TaskRunner pid=728081)[0m             'strategy': 'fsdp',
[36m(TaskRunner pid=728081)[0m             'ulysses_sequence_parallel_size': 1,
[36m(TaskRunner pid=728081)[0m             'use_dynamic_bsz': False},
[36m(TaskRunner pid=728081)[0m  'custom_reward_function': {'name': 'compute_score', 'path': None},
[36m(TaskRunner pid=728081)[0m  'data': {'apply_chat_template_kwargs': {},
[36m(TaskRunner pid=728081)[0m           'custom_cls': {'name': None, 'path': None},
[36m(TaskRunner pid=728081)[0m           'datagen': {'name': None, 'path': None},
[36m(TaskRunner pid=728081)[0m           'dataloader_num_workers': 8,
[36m(TaskRunner pid=728081)[0m           'filter_overlong_prompts': False,
[36m(TaskRunner pid=728081)[0m           'filter_overlong_prompts_workers': 1,
[36m(TaskRunner pid=728081)[0m           'image_key': 'images',
[36m(TaskRunner pid=728081)[0m           'image_patch_size': 14,
[36m(TaskRunner pid=728081)[0m           'max_prompt_length': 8192,
[36m(TaskRunner pid=728081)[0m           'max_response_length': 2048,
[36m(TaskRunner pid=728081)[0m           'prompt_key': 'prompt',
[36m(TaskRunner pid=728081)[0m           'return_full_prompt': False,
[36m(TaskRunner pid=728081)[0m           'return_multi_modal_inputs': True,
[36m(TaskRunner pid=728081)[0m           'return_raw_chat': True,
[36m(TaskRunner pid=728081)[0m           'return_raw_input_ids': False,
[36m(TaskRunner pid=728081)[0m           'reward_fn_key': 'data_source',
[36m(TaskRunner pid=728081)[0m           'sampler': {'class_name': None, 'class_path': None},
[36m(TaskRunner pid=728081)[0m           'seed': None,
[36m(TaskRunner pid=728081)[0m           'shuffle': True,
[36m(TaskRunner pid=728081)[0m           'tokenizer': None,
[36m(TaskRunner pid=728081)[0m           'tool_config_path': None,
[36m(TaskRunner pid=728081)[0m           'train_batch_size': 64,
[36m(TaskRunner pid=728081)[0m           'train_files': ['/scratch/nkw3mr/Vision-OPD-OPSA/data/TreeVGR-RL-37K/train_6k_armA_hide.parquet'],
[36m(TaskRunner pid=728081)[0m           'train_max_samples': -1,
[36m(TaskRunner pid=728081)[0m           'truncation': 'error',
[36m(TaskRunner pid=728081)[0m           'trust_remote_code': True,
[36m(TaskRunner pid=728081)[0m           'use_shm': False,
[36m(TaskRunner pid=728081)[0m           'val_batch_size': None,
[36m(TaskRunner pid=728081)[0m           'val_files': [],
[36m(TaskRunner pid=728081)[0m           'val_max_samples': -1,
[36m(TaskRunner pid=728081)[0m           'validation_shuffle': False,
[36m(TaskRunner pid=728081)[0m           'video_key': 'videos'},
[36m(TaskRunner pid=728081)[0m  'global_profiler': {'_target_': 'verl.utils.profiler.ProfilerConfig',
[36m(TaskRunner pid=728081)[0m                      'global_tool_config': {'nsys': {'_target_': 'verl.utils.profiler.config.NsightToolConfig',
[36m(TaskRunner pid=728081)[0m                                                      'controller_nsight_options': {'cuda-graph-trace': 'graph',
[36m(TaskRunner pid=728081)[0m                                                                                    'cuda-memory-usage': 'true',
[36m(TaskRunner pid=728081)[0m                                                                                    'trace': 'cuda,nvtx,cublas,ucx'},
[36m(TaskRunner pid=728081)[0m                                                      'discrete': False,
[36m(TaskRunner pid=728081)[0m                                                      'worker_nsight_options': {'capture-range': 'cudaProfilerApi',
[36m(TaskRunner pid=728081)[0m                                                                                'capture-range-end': None,
[36m(TaskRunner pid=728081)[0m                                                                                'cuda-graph-trace': 'graph',
[36m(TaskRunner pid=728081)[0m                                                                                'cuda-memory-usage': 'true',
[36m(TaskRunner pid=728081)[0m                                                                                'kill': 'none',
[36m(TaskRunner pid=728081)[0m                                                                                'trace': 'cuda,nvtx,cublas,ucx'}},
[36m(TaskRunner pid=728081)[0m                                             'torch_memory': {'context': 'all',
[36m(TaskRunner pid=728081)[0m                                                              'kw_args': {},
[36m(TaskRunner pid=728081)[0m                                                              'stack_depth': 32,
[36m(TaskRunner pid=728081)[0m                                                              'stacks': 'all',
[36m(TaskRunner pid=728081)[0m                                                              'trace_alloc_max_entries': 100000}},
[36m(TaskRunner pid=728081)[0m                      'profile_continuous_steps': False,
[36m(TaskRunner pid=728081)[0m                      'save_path': 'outputs/profile',
[36m(TaskRunner pid=728081)[0m                      'steps': None,
[36m(TaskRunner pid=728081)[0m                      'tool': None},
[36m(TaskRunner pid=728081)[0m  'max_model_len': 18944,
[36m(TaskRunner pid=728081)[0m  'ray_kwargs': {'ray_init': {'num_cpus': None}, 'timeline_json_file': None},
[36m(TaskRunner pid=728081)[0m  'reward_manager': {'_target_': 'verl.trainer.config.config.RewardManagerConfig',
[36m(TaskRunner pid=728081)[0m                     'module': {'_target_': 'verl.trainer.config.config.ModuleConfig',
[36m(TaskRunner pid=728081)[0m                                'name': 'custom_reward_manager',
[36m(TaskRunner pid=728081)[0m                                'path': None},
[36m(TaskRunner pid=728081)[0m                     'name': 'naive',
[36m(TaskRunner pid=728081)[0m                     'source': 'register'},
[36m(TaskRunner pid=728081)[0m  'reward_model': {'enable': False,
[36m(TaskRunner pid=728081)[0m                   'enable_resource_pool': False,
[36m(TaskRunner pid=728081)[0m                   'forward_max_token_len_per_gpu': 32768,
[36m(TaskRunner pid=728081)[0m                   'launch_reward_fn_async': False,
[36m(TaskRunner pid=728081)[0m                   'max_length': None,
[36m(TaskRunner pid=728081)[0m                   'micro_batch_size': None,
[36m(TaskRunner pid=728081)[0m                   'micro_batch_size_per_gpu': None,
[36m(TaskRunner pid=728081)[0m                   'model': {'external_lib': None,
[36m(TaskRunner pid=728081)[0m                             'fsdp_config': {'_target_': 'verl.workers.config.FSDPEngineConfig',
[36m(TaskRunner pid=728081)[0m                                             'forward_prefetch': False,
[36m(TaskRunner pid=728081)[0m                                             'fsdp_size': -1,
[36m(TaskRunner pid=728081)[0m                                             'param_offload': False,
[36m(TaskRunner pid=728081)[0m                                             'reshard_after_forward': True,
[36m(TaskRunner pid=728081)[0m                                             'wrap_policy': {'min_num_params': 0}},
[36m(TaskRunner pid=728081)[0m                             'input_tokenizer': 'Qwen/Qwen3.5-4B',
[36m(TaskRunner pid=728081)[0m                             'override_config': {},
[36m(TaskRunner pid=728081)[0m                             'path': '~/models/FsfairX-LLaMA3-RM-v0.1',
[36m(TaskRunner pid=728081)[0m                             'trust_remote_code': False,
[36m(TaskRunner pid=728081)[0m                             'use_fused_kernels': False,
[36m(TaskRunner pid=728081)[0m                             'use_remove_padding': False,
[36m(TaskRunner pid=728081)[0m                             'use_shm': False},
[36m(TaskRunner pid=728081)[0m                   'n_gpus_per_node': 8,
[36m(TaskRunner pid=728081)[0m                   'nnodes': 0,
[36m(TaskRunner pid=728081)[0m                   'num_workers': 1,
[36m(TaskRunner pid=728081)[0m                   'profiler': {'_target_': 'verl.utils.profiler.ProfilerConfig',
[36m(TaskRunner pid=728081)[0m                                'all_ranks': False,
[36m(TaskRunner pid=728081)[0m                                'enable': False,
[36m(TaskRunner pid=728081)[0m                                'ranks': [],
[36m(TaskRunner pid=728081)[0m                                'save_path': 'outputs/profile',
[36m(TaskRunner pid=728081)[0m                                'tool': None,
[36m(TaskRunner pid=728081)[0m                                'tool_config': {'npu': {'_target_': 'verl.utils.profiler.config.NPUToolConfig',
[36m(TaskRunner pid=728081)[0m                                                        'analysis': True,
[36m(TaskRunner pid=728081)[0m                                                        'contents': [],
[36m(TaskRunner pid=728081)[0m                                                        'discrete': False,
[36m(TaskRunner pid=728081)[0m                                                        'level': 'level0'},
[36m(TaskRunner pid=728081)[0m                                                'nsys': {'_target_': 'verl.utils.profiler.config.NsightToolConfig',
[36m(TaskRunner pid=728081)[0m                                                         'discrete': False},
[36m(TaskRunner pid=728081)[0m                                                'torch': {'_target_': 'verl.utils.profiler.config.TorchProfilerToolConfig',
[36m(TaskRunner pid=728081)[0m                                                          'step_end': None,
[36m(TaskRunner pid=728081)[0m                                                          'step_start': 0},
[36m(TaskRunner pid=728081)[0m                                                'torch_memory': {'_target_': 'verl.utils.profiler.config.TorchMemoryToolConfig',
[36m(TaskRunner pid=728081)[0m                                                                 'stack_depth': 32,
[36m(TaskRunner pid=728081)[0m                                                                 'trace_alloc_max_entries': 100000}}},
[36m(TaskRunner pid=728081)[0m                   'reward_loop_class_name': None,
[36m(TaskRunner pid=728081)[0m                   'reward_loop_module_path': None,
[36m(TaskRunner pid=728081)[0m                   'reward_loop_source': 'register',
[36m(TaskRunner pid=728081)[0m                   'reward_manager': 'naive',
[36m(TaskRunner pid=728081)[0m                   'rollout': {'_target_': 'verl.workers.config.RolloutConfig',
[36m(TaskRunner pid=728081)[0m                               'cudagraph_capture_sizes': None,
[36m(TaskRunner pid=728081)[0m                               'data_parallel_size': 1,
[36m(TaskRunner pid=728081)[0m                               'disable_log_stats': True,
[36m(TaskRunner pid=728081)[0m                               'dtype': 'bfloat16',
[36m(TaskRunner pid=728081)[0m                               'enable_chunked_prefill': True,
[36m(TaskRunner pid=728081)[0m                               'enable_prefix_caching': True,
[36m(TaskRunner pid=728081)[0m                               'enforce_eager': True,
[36m(TaskRunner pid=728081)[0m                               'engine_kwargs': {},
[36m(TaskRunner pid=728081)[0m                               'expert_parallel_size': 1,
[36m(TaskRunner pid=728081)[0m                               'free_cache_engine': True,
[36m(TaskRunner pid=728081)[0m                               'gpu_memory_utilization': 0.5,
[36m(TaskRunner pid=728081)[0m                               'limit_images': None,
[36m(TaskRunner pid=728081)[0m                               'load_format': 'auto',
[36m(TaskRunner pid=728081)[0m                               'max_model_len': None,
[36m(TaskRunner pid=728081)[0m                               'max_num_batched_tokens': 8192,
[36m(TaskRunner pid=728081)[0m                               'max_num_seqs': 1024,
[36m(TaskRunner pid=728081)[0m                               'name': '???',
[36m(TaskRunner pid=728081)[0m                               'prompt_length': 2048,
[36m(TaskRunner pid=728081)[0m                               'response_length': 2048,
[36m(TaskRunner pid=728081)[0m                               'skip_tokenizer_init': False,
[36m(TaskRunner pid=728081)[0m                               'tensor_model_parallel_size': 2},
[36m(TaskRunner pid=728081)[0m                   'sandbox_fusion': {'max_concurrent': 64,
[36m(TaskRunner pid=728081)[0m                                      'memory_limit_mb': 1024,
[36m(TaskRunner pid=728081)[0m                                      'url': None},
[36m(TaskRunner pid=728081)[0m                   'strategy': 'fsdp',
[36m(TaskRunner pid=728081)[0m                   'ulysses_sequence_parallel_size': 1,
[36m(TaskRunner pid=728081)[0m                   'use_dynamic_bsz': False,[36m(TaskRunner pid=728081)[0m /sfs/weka/scratch/nkw3mr/Vision-OPD-OPSA/verl/trainer/main_ppo.py:320: UserWarning: Disabled critic as algorithm.adv_estimator != gae. If it is not intended, please set critic.enable=True
[36m(TaskRunner pid=728081)[0m   use_critic=need_critic(config),
[36m(TaskRunner pid=728081)[0m /sfs/weka/scratch/nkw3mr/Vision-OPD-OPSA/verl/utils/profiler/config.py:52: UserWarning: Torch profiler tool config is not fully supported now.
[36m(TaskRunner pid=728081)[0m   warnings.warn("Torch profiler tool config is not fully supported now.", stacklevel=1)
[36m(TaskRunner pid=728081)[0m Warning: You are sending unauthenticated requests to the HF Hub. Please set a HF_TOKEN to enable higher rate limits and faster downloads.
[36m(TaskRunner pid=728081)[0m WARNING:2026-09-07 13:40:28,349:Warning: You are sending unauthenticated requests to the HF Hub. Please set a HF_TOKEN to enable higher rate limits and faster downloads.
[36m(TaskRunner pid=728081)[0m The `use_fast` parameter is deprecated and will be removed in a future version. Use `backend="torchvision"` instead of `use_fast=True`, or `backend="pil"` instead of `use_fast=False`.
[36m(TaskRunner pid=728081)[0m /sfs/weka/scratch/nkw3mr/Vision-OPD-OPSA/verl/trainer/ppo/ray_trainer.py:389: UserWarning: Disabled critic as algorithm.adv_estimator != gae. If it is not intended, please set critic.enable=True
[36m(TaskRunner pid=728081)[0m   self.use_critic = need_critic(self.config)
[36m(WorkerDict pid=742588)[0m [W907 13:40:39.582688582 socket.cpp:764] [c10d] The client socket cannot be initialized to connect to [udc-aw37-6-s.hpc.virginia.edu]:36927 (errno: 97 - Address family not supported by protocol).
[36m(WorkerDict pid=742588)[0m Warning: You are sending unauthenticated requests to the HF Hub. Please set a HF_TOKEN to enable higher rate limits and faster downloads.
[36m(WorkerDict pid=742588)[0m WARNING:2026-09-07 13:40:39,467:Warning: You are sending unauthenticated requests to the HF Hub. Please set a HF_TOKEN to enable higher rate limits and faster downloads.

[36m(TaskRunner pid=728081)[0m                   'use_reward_loop': False},
[36m(TaskRunner pid=728081)[0m  'trainer': {'balance_batch': True,
[36m(TaskRunner pid=728081)[0m              'critic_warmup': 0,
[36m(TaskRunner pid=728081)[0m              'default_hdfs_dir': None,
[36m(TaskRunner pid=728081)[0m              'default_local_dir': '/scratch/nkw3mr/Vision-OPD-OPSA/checkpoints/OPSA-Qwen3.5-4B-v2a',
[36m(TaskRunner pid=728081)[0m              'del_local_ckpt_after_load': False,
[36m(TaskRunner pid=728081)[0m              'device': 'cuda',
[36m(TaskRunner pid=728081)[0m              'esi_redundant_time': 0,
[36m(TaskRunner pid=728081)[0m              'experiment_name': 'OPSA-Qwen3.5-4B-v2a',
[36m(TaskRunner pid=728081)[0m              'group_name': 'OPSA-Qwen3.5-4B-v2a',
[36m(TaskRunner pid=728081)[0m              'log_val_generations': 0,
[36m(TaskRunner pid=728081)[0m              'logger': ['console', 'tensorboard', 'wandb'],
[36m(TaskRunner pid=728081)[0m              'max_actor_ckpt_to_keep': None,
[36m(TaskRunner pid=728081)[0m              'max_critic_ckpt_to_keep': None,
[36m(TaskRunner pid=728081)[0m              'n_gpus_per_node': 2,
[36m(TaskRunner pid=728081)[0m              'nnodes': 1,
[36m(TaskRunner pid=728081)[0m              'project_name': 'Vision-OPD-StateAdaptive',
[36m(TaskRunner pid=728081)[0m              'ray_wait_register_center_timeout': 300,
[36m(TaskRunner pid=728081)[0m              'resume_from_path': None,
[36m(TaskRunner pid=728081)[0m              'resume_mode': 'auto',
[36m(TaskRunner pid=728081)[0m              'rollout_data_dir': '/scratch/nkw3mr/Vision-OPD-OPSA/rollouts/OPSA-Qwen3.5-4B-v2a',
[36m(TaskRunner pid=728081)[0m              'save_freq': 10,
[36m(TaskRunner pid=728081)[0m              'test_freq': -1,
[36m(TaskRunner pid=728081)[0m              'total_epochs': 3,
[36m(TaskRunner pid=728081)[0m              'total_training_steps': None,
[36m(TaskRunner pid=728081)[0m              'use_legacy_worker_impl': 'auto',
[36m(TaskRunner pid=728081)[0m              'val_before_train': False,
[36m(TaskRunner pid=728081)[0m              'val_only': False,
[36m(TaskRunner pid=728081)[0m              'validation_data_dir': None},
[36m(TaskRunner pid=728081)[0m  'transfer_queue': {'enable': False},
[36m(TaskRunner pid=728081)[0m  'vars': {'ckpt_dir': './checkpoints', 'dir': './data', 'log_dir': './output'}}
[36m(TaskRunner pid=728081)[0m [validate_config] All configuration checks passed successfully!
[36m(TaskRunner pid=728081)[0m Using dataset class: RLHFDataset
[36m(TaskRunner pid=728081)[0m dataset len: 2459
[36m(TaskRunner pid=728081)[0m Size of train dataloader: 38, Size of val dataloader: 0
[36m(TaskRunner pid=728081)[0m Total training steps: 114
[36m(TaskRunner pid=728081)[0m colocated worker base class <class 'verl.single_controller.base.worker.Worker'>
[36m(TaskRunner pid=728081)[0m bind role actor_rollout method chat_completion to class <class 'verl.single_controller.ray.base.create_colocated_worker_cls.<locals>.WorkerDict'>
[36m(TaskRunner pid=728081)[0m bind role actor_rollout method generate to class <class 'verl.single_controller.ray.base.create_colocated_worker_cls.<locals>.WorkerDict'>
[36m(TaskRunner pid=728081)[0m bind role actor_rollout method get_zeromq_address to class <class 'verl.single_controller.ray.base.create_colocated_worker_cls.<locals>.WorkerDict'>
[36m(TaskRunner pid=728081)[0m bind role actor_rollout method sleep to class <class 'verl.single_controller.ray.base.create_colocated_worker_cls.<locals>.WorkerDict'>
[36m(TaskRunner pid=728081)[0m bind role actor_rollout method wake_up to class <class 'verl.single_controller.ray.base.create_colocated_worker_cls.<locals>.WorkerDict'>
[36m(WorkerDict pid=742585)[0m [Gloo] Rank 0 is connected to 1 peer ranks. Expected number of connected peer ranks is : 1
[36m(WorkerDict pid=742585)[0m Model config after override: Qwen3_5Config {
[36m(WorkerDict pid=742585)[0m   "architectures": [
[36m(WorkerDict pid=742585)[0m     "Qwen3_5ForConditionalGeneration"
[36m(WorkerDict pid=742585)[0m   ],
[36m(WorkerDict pid=742585)[0m   "bos_token_id": null,
[36m(WorkerDict pid=742585)[0m   "eos_token_id": 248046,
[36m(WorkerDict pid=742585)[0m   "image_token_id": 248056,
[36m(WorkerDict pid=742585)[0m   "model_type": "qwen3_5",
[36m(WorkerDict pid=742585)[0m   "pad_token_id": 248044,
[36m(WorkerDict pid=742585)[0m   "text_config": {
[36m(WorkerDict pid=742585)[0m     "attention_bias": false,
[36m(WorkerDict pid=742585)[0m     "attention_dropout": 0.0,
[36m(WorkerDict pid=742585)[0m     "attn_output_gate": true,
[36m(WorkerDict pid=742585)[0m     "bos_token_id": null,
[36m(WorkerDict pid=742585)[0m     "dtype": "bfloat16",
[36m(WorkerDict pid=742585)[0m     "eos_token_id": 248044,
[36m(WorkerDict pid=742585)[0m     "full_attention_interval": 4,
[36m(WorkerDict pid=742585)[0m     "head_dim": 256,
[36m(WorkerDict pid=742585)[0m     "hidden_act": "silu",
[36m(WorkerDict pid=742585)[0m     "hidden_size": 2560,
[36m(WorkerDict pid=742585)[0m     "initializer_range": 0.02,
[36m(WorkerDict pid=742585)[0m     "intermediate_size": 9216,
[36m(WorkerDict pid=742585)[0m     "layer_types": [
[36m(WorkerDict pid=742585)[0m       "linear_attention",
[36m(WorkerDict pid=742585)[0m       "linear_attention",
[36m(WorkerDict pid=742585)[0m       "linear_attention",
[36m(WorkerDict pid=742585)[0m       "full_attention",
[36m(WorkerDict pid=742585)[0m       "linear_attention",
[36m(WorkerDict pid=742585)[0m       "linear_attention",
[36m(WorkerDict pid=742585)[0m       "linear_attention",
[36m(WorkerDict pid=742585)[0m       "full_attention",
[36m(WorkerDict pid=742585)[0m       "linear_attention",
[36m(WorkerDict pid=742585)[0m       "linear_attention",
[36m(WorkerDict pid=742585)[0m       "linear_attention",
[36m(WorkerDict pid=742585)[0m       "full_attention",
[36m(WorkerDict pid=742585)[0m       "linear_attention",
[36m(WorkerDict pid=742585)[0m       "linear_attention",
[36m(WorkerDict pid=742585)[0m       "linear_attention",
[36m(WorkerDict pid=742585)[0m       "full_attention",
[36m(WorkerDict pid=742585)[0m       "linear_attention",
[36m(WorkerDict pid=742585)[0m       "linear_attention",
[36m(WorkerDict pid=742585)[0m       "linear_attention",
[36m(WorkerDict pid=742585)[0m       "full_attention",
[36m(WorkerDict pid=742585)[0m       "linear_attention",
[36m(WorkerDict pid=742585)[0m       "linear_attention",
[36m(WorkerDict pid=742585)[0m       "linear_attention",
[36m(WorkerDict pid=742585)[0m       "full_attention",
[36m(WorkerDict pid=742585)[0m       "linear_attention",
[36m(WorkerDict pid=742585)[0m       "linear_attention",
[36m(WorkerDict pid=742585)[0m       "linear_attention",
[36m(WorkerDict pid=742585)[0m       "full_attention",
[36m(WorkerDict pid=742585)[0m       "linear_attention",
[36m(WorkerDict pid=742585)[0m       "linear_attention",
[36m(WorkerDict pid=742585)[0m       "linear_attention",
[36m(WorkerDict pid=742585)[0m       "full_attention"
[36m(WorkerDict pid=742585)[0m     ],
[36m(WorkerDict pid=742585)[0m     "linear_conv_kernel_dim": 4,
[36m(WorkerDict pid=742585)[0m     "linear_key_head_dim": 128,
[36m(WorkerDict pid=742585)[0m     "linear_num_key_heads": 16,
[36m(WorkerDict pid=742585)[0m     "linear_num_value_heads": 32,
[36m(WorkerDict pid=742585)[0m     "linear_value_head_dim": 128,
[36m(WorkerDict pid=742585)[0m     "mamba_ssm_dtype": "float32",
[36m(WorkerDict pid=742585)[0m     "max_position_embeddings": 262144,
[36m(WorkerDict pid=742585)[0m     "mlp_only_layers": [],
[36m(WorkerDict pid=742585)[0m     "model_type": "qwen3_5_text",
[36m(WorkerDict pid=742585)[0m     "mtp_num_hidden_layers": 1,
[36m(WorkerDict pid=742585)[0m     "mtp_use_dedicated_embeddings": false,
[36m(WorkerDict pid=742585)[0m     "num_attention_heads": 16,
[36m(WorkerDict pid=742585)[0m     "num_hidden_layers": 32,
[36m(WorkerDict pid=742585)[0m     "num_key_value_heads": 4,
[36m(WorkerDict pid=742585)[0m     "pad_token_id": null,[36m(WorkerDict pid=742588)[0m Flash Attention 2 only supports torch.float16 and torch.bfloat16 dtypes, but the current dype in Qwen3_5ForConditionalGeneration is torch.float32. You should run training or inference using Automatic Mixed-Precision via the `with torch.autocast(device_type='torch_device'):` decorator, or load the model with the `dtype` argument. Example: `model = AutoModel.from_pretrained("meta-llama/Llama-3.2-1B", attn_implementation="flash_attention_2", dtype=torch.float16)`
[36m(WorkerDict pid=742588)[0m Flash Attention 2 only supports torch.float16 and torch.bfloat16 dtypes, but the current dype in Qwen3_5Model is torch.float32. You should run training or inference using Automatic Mixed-Precision via the `with torch.autocast(device_type='torch_device'):` decorator, or load the model with the `dtype` argument. Example: `model = AutoModel.from_pretrained("meta-llama/Llama-3.2-1B", attn_implementation="flash_attention_2", dtype=torch.float16)`
[36m(WorkerDict pid=742588)[0m Flash Attention 2 only supports torch.float16 and torch.bfloat16 dtypes, but the current dype in Qwen3_5VisionModel is torch.float32. You should run training or inference using Automatic Mixed-Precision via the `with torch.autocast(device_type='torch_device'):` decorator, or load the model with the `dtype` argument. Example: `model = AutoModel.from_pretrained("meta-llama/Llama-3.2-1B", attn_implementation="flash_attention_2", dtype=torch.float16)`
[36m(WorkerDict pid=742588)[0m Flash Attention 2 only supports torch.float16 and torch.bfloat16 dtypes, but the current dype in Qwen3_5TextModel is torch.float32. You should run training or inference using Automatic Mixed-Precision via the `with torch.autocast(device_type='torch_device'):` decorator, or load the model with the `dtype` argument. Example: `model = AutoModel.from_pretrained("meta-llama/Llama-3.2-1B", attn_implementation="flash_attention_2", dtype=torch.float16)`
[36m(WorkerDict pid=742588)[0m Loading weights:   0%|          | 0/723 [00:00<?, ?it/s]
[36m(WorkerDict pid=742585)[0m [W907 13:40:39.585845534 socket.cpp:764] [c10d] The client socket cannot be initialized to connect to [udc-aw37-6-s.hpc.virginia.edu]:36927 (errno: 97 - Address family not supported by protocol).
[36m(WorkerDict pid=742585)[0m Loading weights:   0%|          | 0/723 [00:00<?, ?it/s]Loading weights:   9%|▉         | 67/723 [00:00<00:00, 668.07it/s]
[36m(WorkerDict pid=742588)[0m Loading weights:   6%|▌         | 45/723 [00:00<00:01, 449.46it/s]
[36m(WorkerDict pid=742588)[0m Loading weights:  13%|█▎        | 95/723 [00:00<00:01, 441.42it/s]
[36m(WorkerDict pid=742585)[0m Warning: You are sending unauthenticated requests to the HF Hub. Please set a HF_TOKEN to enable higher rate limits and faster downloads.
[36m(WorkerDict pid=742585)[0m WARNING:2026-09-07 13:40:39,467:Warning: You are sending unauthenticated requests to the HF Hub. Please set a HF_TOKEN to enable higher rate limits and faster downloads.
[36m(WorkerDict pid=742585)[0m Loading weights:  41%|████      | 294/723 [00:00<00:00, 693.53it/s]Loading weights:  50%|█████     | 365/723 [00:00<00:00, 698.45it/s]
[36m(WorkerDict pid=742585)[0m Loading weights:  99%|█████████▉| 716/723 [00:00<00:00, 1613.68it/s]Loading weights: 100%|██████████| 723/723 [00:00<00:00, 1158.24it/s]
[36m(WorkerDict pid=742588)[0m Loading weights:  70%|███████   | 508/723 [00:00<00:00, 670.16it/s]Loading weights: 100%|██████████| 723/723 [00:00<00:00, 731.37it/s]
[36m(WorkerDict pid=742588)[0m /sfs/weka/scratch/nkw3mr/Vision-OPD-OPSA/verl/utils/profiler/config.py:52: UserWarning: Torch profiler tool config is not fully supported now.
[36m(WorkerDict pid=742588)[0m   warnings.warn("Torch profiler tool config is not fully supported now.", stacklevel=1)
[36m(WorkerDict pid=742588)[0m /sfs/weka/scratch/nkw3mr/Vision-OPD-OPSA/verl/workers/fsdp_workers.py:666: FutureWarning: FSDP.state_dict_type() and FSDP.set_state_dict_type() are being deprecated. Please use APIs, get_state_dict() and set_state_dict(), which can support different parallelisms, FSDP1, FSDP2, DDP. API doc: https://pytorch.org/docs/stable/distributed.checkpoint.html#torch.distributed.checkpoint.state_dict.get_state_dict .Tutorial: https://pytorch.org/tutorials/recipes/distributed_checkpoint_recipe.html .
[36m(WorkerDict pid=742588)[0m   FSDP.set_state_dict_type(
[36m(WorkerDict pid=742585)[0m Flash Attention 2 only supports torch.float16 and torch.bfloat16 dtypes, but the current dype in Qwen3_5TextModel is torch.float32. You should run training or inference using Automatic Mixed-Precision via the `with torch.autocast(device_type='torch_device'):` decorator, or load the model with the `dtype` argument. Example: `model = AutoModel.from_pretrained("meta-llama/Llama-3.2-1B", attn_implementation="flash_attention_2", dtype=torch.float16)`[32m [repeated 4x across cluster][0m
[36m(WorkerDict pid=742588)[0m Loading weights:  52%|█████▏    | 377/723 [00:00<00:00, 438.33it/s][32m [repeated 7x across cluster][0m
[36m(WorkerDict pid=742585)[0m /sfs/weka/scratch/nkw3mr/Vision-OPD-OPSA/verl/utils/profiler/config.py:52: UserWarning: Torch profiler tool config is not fully supported now.
[36m(WorkerDict pid=742585)[0m   warnings.warn("Torch profiler tool config is not fully supported now.", stacklevel=1)
[36m(TaskRunner pid=728081)[0m W0907 13:40:54.467000 728081 site-packages/torch/utils/cpp_extension.py:118] No CUDA runtime is found, using CUDA_HOME='/apps/software/standard/core/cuda/12.8.0'
[36m(TaskRunner pid=728081)[0m /sfs/weka/scratch/nkw3mr/Vision-OPD-OPSA/verl/utils/profiler/config.py:52: UserWarning: Torch profiler tool config is not fully supported now.
[36m(TaskRunner pid=728081)[0m   warnings.warn("Torch profiler tool config is not fully supported now.", stacklevel=1)
[36m(WorkerDict pid=742585)[0m /sfs/weka/scratch/nkw3mr/Vision-OPD-OPSA/verl/workers/fsdp_workers.py:666: FutureWarning: FSDP.state_dict_type() and FSDP.set_state_dict_type() are being deprecated. Please use APIs, get_state_dict() and set_state_dict(), which can support different parallelisms, FSDP1, FSDP2, DDP. API doc: https://pytorch.org/docs/stable/distributed.checkpoint.html#torch.distributed.checkpoint.state_dict.get_state_dict .Tutorial: https://pytorch.org/tutorials/recipes/distributed_checkpoint_recipe.html .
[36m(WorkerDict pid=742585)[0m   FSDP.set_state_dict_type(
[36m(pid=772761)[0m W0907 13:41:03.199000 772761 site-packages/torch/utils/cpp_extension.py:118] No CUDA runtime is found, using CUDA_HOME='/apps/software/standard/core/cuda/12.8.0'
[36m(pid=773212)[0m W0907 13:41:03.199000 773212 site-packages/torch/utils/cpp_extension.py:118] No CUDA runtime is found, using CUDA_HOME='/apps/software/standard/core/cuda/12.8.0'
[36m(vLLMHttpServer pid=772761)[0m Warning: You are sending unauthenticated requests to the HF Hub. Please set a HF_TOKEN to enable higher rate limits and faster downloads.
[36m(vLLMHttpServer pid=772761)[0m Using blocking ray.get inside async actor. This blocks the event loop. Please use `await` on object ref with asyncio.gather if you want to yield execution to the event loop instead.
[36m(vLLMHttpServer pid=772761)[0m The argument `trust_remote_code` is to be used with Auto classes. It has no effect here and is ignored.
[36m(vLLMHttpServer pid=772761)[0m `layer_type_validation` is deprecated and will be removed in v5.20. Use `PreTrainedConfig.validate_layer_type` instead
[36m(vLLMHttpServer pid=772761)[0m `layer_type_validation` is deprecated and will be removed in v5.20. Use `PreTrainedConfig.validate_layer_type` instead
[36m(vLLMHttpServer pid=772761)[0m `layer_type_validation` is deprecated and will be removed in v5.20. Use `PreTrainedConfig.validate_layer_type` instead
[36m(vLLMHttpServer pid=772761)[0m `Qwen2VLImageProcessorFast` is deprecated. The `Fast` suffix for image processors has been removed; use `Qwen2VLImageProcessor` instead.
[36m(vLLMHttpServer pid=773212)[0m Warning: You are sending unauthenticated requests to the HF Hub. Please set a HF_TOKEN to enable higher rate limits and faster downloads.
[36m(vLLMHttpServer pid=772761)[0m The `use_fast` parameter is deprecated and will be removed in a future version. Use `backend="torchvision"` instead of `use_fast=True`, or `backend="pil"` instead of `use_fast=False`.
[36m(vLLMHttpServer pid=773212)[0m Using blocking ray.get inside async actor. This blocks the event loop. Please use `await` on object ref with asyncio.gather if you want to yield execution to the event loop instead.
[36m(vLLMHttpServer pid=773212)[0m The argument `trust_remote_code` is to be used with Auto classes. It has no effect here and is ignored.[32m [repeated 3x across cluster][0m
[36m(vLLMHttpServer pid=773212)[0m `layer_type_validation` is deprecated and will be removed in v5.20. Use `PreTrainedConfig.validate_layer_type` instead[32m [repeated 9x across cluster][0m
[36m(vLLMHttpServer pid=773212)[0m `Qwen2VLImageProcessorFast` is deprecated. The `Fast` suffix for image processors has been removed; use `Qwen2VLImageProcessor` instead.

[36m(WorkerDict pid=742585)[0m     "partial_rotary_factor": 0.25,
[36m(WorkerDict pid=742585)[0m     "rms_norm_eps": 1e-06,
[36m(WorkerDict pid=742585)[0m     "rope_parameters": {
[36m(WorkerDict pid=742585)[0m       "mrope_interleaved": true,
[36m(WorkerDict pid=742585)[0m       "mrope_section": [
[36m(WorkerDict pid=742585)[0m         11,
[36m(WorkerDict pid=742585)[0m         11,
[36m(WorkerDict pid=742585)[0m         10
[36m(WorkerDict pid=742585)[0m       ],
[36m(WorkerDict pid=742585)[0m       "partial_rotary_factor": 0.25,
[36m(WorkerDict pid=742585)[0m       "rope_theta": 10000000,
[36m(WorkerDict pid=742585)[0m       "rope_type": "default"
[36m(WorkerDict pid=742585)[0m     },
[36m(WorkerDict pid=742585)[0m     "tie_word_embeddings": true,
[36m(WorkerDict pid=742585)[0m     "use_cache": true,
[36m(WorkerDict pid=742585)[0m     "vocab_size": 248320
[36m(WorkerDict pid=742585)[0m   },
[36m(WorkerDict pid=742585)[0m   "tie_word_embeddings": true,
[36m(WorkerDict pid=742585)[0m   "transformers_version": "5.5.0",
[36m(WorkerDict pid=742585)[0m   "video_token_id": 248057,
[36m(WorkerDict pid=742585)[0m   "vision_config": {
[36m(WorkerDict pid=742585)[0m     "deepstack_visual_indexes": [],
[36m(WorkerDict pid=742585)[0m     "depth": 24,
[36m(WorkerDict pid=742585)[0m     "hidden_act": "gelu_pytorch_tanh",
[36m(WorkerDict pid=742585)[0m     "hidden_size": 1024,
[36m(WorkerDict pid=742585)[0m     "in_channels": 3,
[36m(WorkerDict pid=742585)[0m     "initializer_range": 0.02,
[36m(WorkerDict pid=742585)[0m     "intermediate_size": 4096,
[36m(WorkerDict pid=742585)[0m     "model_type": "qwen3_5",
[36m(WorkerDict pid=742585)[0m     "num_heads": 16,
[36m(WorkerDict pid=742585)[0m     "num_position_embeddings": 2304,
[36m(WorkerDict pid=742585)[0m     "out_hidden_size": 2560,
[36m(WorkerDict pid=742585)[0m     "patch_size": 16,
[36m(WorkerDict pid=742585)[0m     "spatial_merge_size": 2,
[36m(WorkerDict pid=742585)[0m     "temporal_patch_size": 2
[36m(WorkerDict pid=742585)[0m   },
[36m(WorkerDict pid=742585)[0m   "vision_end_token_id": 248054,
[36m(WorkerDict pid=742585)[0m   "vision_start_token_id": 248053
[36m(WorkerDict pid=742585)[0m }
[36m(WorkerDict pid=742585)[0m 
[36m(WorkerDict pid=742585)[0m Monkey patch Qwen3_5TextModel.forward for Ulysses SP input slicing.
[36m(WorkerDict pid=742585)[0m Monkey patch Qwen3_5ForConditionalGeneration model forward
[36m(WorkerDict pid=742585)[0m Monkey patch _flash_attention_forward in transformers.integrations.flash_attention
[36m(WorkerDict pid=742585)[0m Skipping monkey patch for Qwen3_5ForConditionalGeneration as use_fused_kernels is False or fused_kernels_backend is torch
[36m(WorkerDict pid=742588)[0m [Gloo] Rank 0 is connected to 0 peer ranks. Expected number of connected peer ranks is : 0[32m [repeated 3x across cluster] (Ray deduplicates logs by default. Set RAY_DEDUP_LOGS=0 to disable log deduplication, or see https://docs.ray.io/en/master/ray-observability/user-guides/configure-logging.html#log-deduplication for more options.)[0m
[36m(WorkerDict pid=742585)[0m Qwen3_5ForConditionalGeneration contains 4.54B parameters
[36m(WorkerDict pid=742585)[0m wrap_policy: functools.partial(<function _or_policy at 0x1499d93ceac0>, policies=[functools.partial(<function transformer_auto_wrap_policy at 0x1499d93ce980>, transformer_layer_cls={<class 'transformers.models.qwen3_5.modeling_qwen3_5.Qwen3_5VisionBlock'>, <class 'transformers.models.qwen3_5.modeling_qwen3_5.Qwen3_5DecoderLayer'>})])
[36m(WorkerDict pid=742585)[0m Total steps: 114, num_warmup_steps: 0
[36m(WorkerDict pid=742585)[0m Actor use_remove_padding=True
[36m(WorkerDict pid=742585)[0m Actor use_fused_kernels=False
[36m(WorkerDict pid=742585)[0m Actor use_prefix_grouper=False
[36m(WorkerDict pid=742585)[0m NCCL version 2.27.5+cuda12.9
[36m(WorkerDict pid=742588)[0m Monkey patch Qwen3_5TextModel.forward for Ulysses SP input slicing.
[36m(WorkerDict pid=742588)[0m Monkey patch Qwen3_5ForConditionalGeneration model forward
[36m(WorkerDict pid=742588)[0m Monkey patch _flash_attention_forward in transformers.integrations.flash_attention
[36m(WorkerDict pid=742588)[0m Skipping monkey patch for Qwen3_5ForConditionalGeneration as use_fused_kernels is False or fused_kernels_backend is torch
[36m(WorkerDict pid=742585)[0m [Gloo] Rank 0 is connected to 0 peer ranks. Expected number of connected peer ranks is : 0[32m [repeated 2x across cluster][0m
[36m(vLLMHttpServer pid=772761)[0m ['serve',
[36m(vLLMHttpServer pid=772761)[0m  'Qwen/Qwen3.5-4B',
[36m(vLLMHttpServer pid=772761)[0m  '--dtype',
[36m(vLLMHttpServer pid=772761)[0m  'bfloat16',
[36m(vLLMHttpServer pid=772761)[0m  '--load_format',
[36m(vLLMHttpServer pid=772761)[0m  'dummy',
[36m(vLLMHttpServer pid=772761)[0m  '--trust_remote_code',
[36m(vLLMHttpServer pid=772761)[0m  '--max_model_len',
[36m(vLLMHttpServer pid=772761)[0m  '262144',
[36m(vLLMHttpServer pid=772761)[0m  '--max_num_seqs',
[36m(vLLMHttpServer pid=772761)[0m  '1024',
[36m(vLLMHttpServer pid=772761)[0m  '--enable_chunked_prefill',
[36m(vLLMHttpServer pid=772761)[0m  '--max_num_batched_tokens',
[36m(vLLMHttpServer pid=772761)[0m  '10240',
[36m(vLLMHttpServer pid=772761)[0m  '--enable_prefix_caching',
[36m(vLLMHttpServer pid=772761)[0m  '--enable_sleep_mode',
[36m(vLLMHttpServer pid=772761)[0m  '--logprobs_mode',
[36m(vLLMHttpServer pid=772761)[0m  'processed_logprobs',
[36m(vLLMHttpServer pid=772761)[0m  '--disable_custom_all_reduce',
[36m(vLLMHttpServer pid=772761)[0m  '--gpu_memory_utilization',
[36m(vLLMHttpServer pid=772761)[0m  '0.45',
[36m(vLLMHttpServer pid=772761)[0m  '--disable_log_stats',
[36m(vLLMHttpServer pid=772761)[0m  '--tensor_parallel_size',
[36m(vLLMHttpServer pid=772761)[0m  '1',
[36m(vLLMHttpServer pid=772761)[0m  '--seed',
[36m(vLLMHttpServer pid=772761)[0m  '0',
[36m(vLLMHttpServer pid=772761)[0m  '--override_generation_config',
[36m(vLLMHttpServer pid=772761)[0m  '{"temperature": 1.0, "top_k": -1, "top_p": 1, "repetition_penalty": 1.0, '
[36m(vLLMHttpServer pid=772761)[0m  '"max_new_tokens": 2048}',
[36m(vLLMHttpServer pid=772761)[0m  '--hf_overrides',
[36m(vLLMHttpServer pid=772761)[0m  '{}',
[36m(vLLMHttpServer pid=772761)[0m  '--scheduling_policy',
[36m(vLLMHttpServer pid=772761)[0m  'fcfs',
[36m(vLLMHttpServer pid=772761)[0m  '--compilation_config',
[36m(vLLMHttpServer pid=772761)[0m  '{"pass_config": {"fuse_allreduce_rms": false}}',
[36m(vLLMHttpServer pid=772761)[0m  '--kernel_config',
[36m(vLLMHttpServer pid=772761)[0m  '{"enable_flashinfer_autotune": false}']
[36m(WorkerDict pid=742588)[0m [Gloo] Rank 0 is connected to 0 peer ranks. Expected number of connected peer ranks is : 0[32m [repeated 2x across cluster][0m
[36m(vLLMHttpServer pid=772761)[0m WARNING 09-07 13:41:08 [envs.py:1717] Unknown vLLM environment variable detected: VLLM_USE_V1
[36m(vLLMHttpServer pid=772761)[0m WARNING 09-07 13:41:09 [config.py:372] Mamba cache mode is set to 'align' for Qwen3_5ForConditionalGeneration by default when prefix caching is enabled
[36m(vLLMHttpServer pid=772761)[0m WARNING 09-07 13:41:09 [vllm.py:743] Async scheduling will be disabled because it is not supported with the `<class 'verl.workers.rollout.vllm_rollout.vllm_async_server.ExternalZeroMQDistributedExecutor'>` distributed executor backend (only `mp`, `uni`, and `external_launcher` are supported).
[36m(vLLMHttpServer pid=772761)[0m WARNING 09-07 13:41:19 [system_utils.py:152] We must use the `spawn` multiprocessing start method. Overriding VLLM_WORKER_MULTIPROC_METHOD to 'spawn'. See https://docs.vllm.ai/en/latest/usage/troubleshooting.html#python-multiprocessing for more information. Reasons: In a Ray actor and can only be spawned
[36m(vLLMHttpServer pid=773212)[0m WARNING 09-07 13:41:08 [envs.py:1717] Unknown vLLM environment variable detected: VLLM_USE_V1
[36m(vLLMHttpServer pid=773212)[0m WARNING 09-07 13:41:09 [config.py:372] Mamba cache mode is set to 'align' for Qwen3_5ForConditionalGeneration by default when prefix caching is enabled
[36m(vLLMHttpServer pid=773212)[0m WARNING 09-07 13:41:09 [vllm.py:743] Async scheduling will be disabled because it is not supported with the `<class 'verl.workers.rollout.vllm_rollout.vllm_async_server.ExternalZeroMQDistributedExecutor'>` distributed executor backend (only `mp`, `uni`, and `external_launcher` are supported).[36m(vLLMHttpServer pid=772761)[0m W0907 13:41:25.623000 801885 site-packages/torch/utils/cpp_extension.py:118] No CUDA runtime is found, using CUDA_HOME='/apps/software/standard/core/cuda/12.8.0'
[36m(vLLMHttpServer pid=773212)[0m The `use_fast` parameter is deprecated and will be removed in a future version. Use `backend="torchvision"` instead of `use_fast=True`, or `backend="pil"` instead of `use_fast=False`.
[36m(WorkerDict pid=742588)[0m `Qwen2VLImageProcessorFast` is deprecated. The `Fast` suffix for image processors has been removed; use `Qwen2VLImageProcessor` instead.
[36m(WorkerDict pid=742585)[0m The `use_fast` parameter is deprecated and will be removed in a future version. Use `backend="torchvision"` instead of `use_fast=True`, or `backend="pil"` instead of `use_fast=False`.
[36m(vLLMHttpServer pid=773212)[0m W0907 13:41:25.623000 802553 site-packages/torch/utils/cpp_extension.py:118] No CUDA runtime is found, using CUDA_HOME='/apps/software/standard/core/cuda/12.8.0'
[36m(WorkerDict pid=742588)[0m <frozen importlib._bootstrap_external>:1301: FutureWarning: The cuda.cudart module is deprecated and will be removed in a future release, please switch to use the cuda.bindings.runtime module instead.
[36m(WorkerDict pid=742588)[0m <frozen importlib._bootstrap_external>:1301: FutureWarning: The cuda.nvrtc module is deprecated and will be removed in a future release, please switch to use the cuda.bindings.nvrtc module instead.
[36m(WorkerDict pid=742585)[0m `Qwen2VLImageProcessorFast` is deprecated. The `Fast` suffix for image processors has been removed; use `Qwen2VLImageProcessor` instead.
[36m(WorkerDict pid=742588)[0m /sfs/weka/scratch/nkw3mr/envs/vision-opd/lib/python3.12/site-packages/vllm/model_executor/layers/fla/ops/utils.py:113: UserWarning: Input tensor shape suggests potential format mismatch: seq_len (16) < num_heads (32). This may indicate the inputs were passed in head-first format [B, H, T, ...] when head_first=False was specified. Please verify your input tensor format matches the expected shape [B, T, H, ...].
[36m(WorkerDict pid=742588)[0m   return fn(*contiguous_args, **contiguous_kwargs)
[36m(WorkerDict pid=742588)[0m The `use_fast` parameter is deprecated and will be removed in a future version. Use `backend="torchvision"` instead of `use_fast=True`, or `backend="pil"` instead of `use_fast=False`.
[36m(WorkerDict pid=742585)[0m Capturing CUDA graphs (mixed prefill-decode, PIECEWISE):   0%|          | 0/51 [00:00<?, ?it/s]
[36m(WorkerDict pid=742585)[0m <frozen importlib._bootstrap_external>:1301: FutureWarning: The cuda.cudart module is deprecated and will be removed in a future release, please switch to use the cuda.bindings.runtime module instead.
[36m(WorkerDict pid=742585)[0m <frozen importlib._bootstrap_external>:1301: FutureWarning: The cuda.nvrtc module is deprecated and will be removed in a future release, please switch to use the cuda.bindings.nvrtc module instead.
[36m(WorkerDict pid=742585)[0m /sfs/weka/scratch/nkw3mr/envs/vision-opd/lib/python3.12/site-packages/vllm/model_executor/layers/fla/ops/utils.py:113: UserWarning: Input tensor shape suggests potential format mismatch: seq_len (16) < num_heads (32). This may indicate the inputs were passed in head-first format [B, H, T, ...] when head_first=False was specified. Please verify your input tensor format matches the expected shape [B, T, H, ...].
[36m(WorkerDict pid=742585)[0m   return fn(*contiguous_args, **contiguous_kwargs)
[36m(WorkerDict pid=742585)[0m Capturing CUDA graphs (mixed prefill-decode, PIECEWISE):   8%|▊         | 4/51 [00:00<00:01, 34.63it/s]
[36m(WorkerDict pid=742585)[0m Capturing CUDA graphs (mixed prefill-decode, PIECEWISE):  18%|█▊        | 9/51 [00:00<00:01, 38.43it/s]
[36m(WorkerDict pid=742585)[0m Capturing CUDA graphs (mixed prefill-decode, PIECEWISE):  27%|██▋       | 14/51 [00:00<00:00, 40.34it/s]
[36m(WorkerDict pid=742585)[0m Capturing CUDA graphs (mixed prefill-decode, PIECEWISE):  37%|███▋      | 19/51 [00:00<00:00, 42.91it/s]
[36m(WorkerDict pid=742585)[0m Capturing CUDA graphs (mixed prefill-decode, PIECEWISE):  49%|████▉     | 25/51 [00:00<00:00, 45.70it/s]
[36m(WorkerDict pid=742585)[0m Capturing CUDA graphs (mixed prefill-decode, PIECEWISE):  61%|██████    | 31/51 [00:00<00:00, 47.37it/s]
[36m(WorkerDict pid=742585)[0m Capturing CUDA graphs (mixed prefill-decode, PIECEWISE):  71%|███████   | 36/51 [00:00<00:00, 46.33it/s]
[36m(WorkerDict pid=742585)[0m Capturing CUDA graphs (mixed prefill-decode, PIECEWISE):  82%|████████▏ | 42/51 [00:00<00:00, 48.29it/s]
[36m(WorkerDict pid=742585)[0m Capturing CUDA graphs (mixed prefill-decode, PIECEWISE):  94%|█████████▍| 48/51 [00:01<00:00, 50.36it/s]
[36m(WorkerDict pid=742585)[0m Capturing CUDA graphs (mixed prefill-decode, PIECEWISE): 100%|██████████| 51/51 [00:01<00:00, 46.49it/s]
[36m(WorkerDict pid=742585)[0m Capturing CUDA graphs (decode, FULL):   0%|          | 0/51 [00:00<?, ?it/s]
[36m(WorkerDict pid=742585)[0m Capturing CUDA graphs (decode, FULL):   6%|▌         | 3/51 [00:00<00:01, 27.13it/s]
[36m(WorkerDict pid=742585)[0m Capturing CUDA graphs (decode, FULL):  14%|█▎        | 7/51 [00:00<00:01, 30.10it/s]
[36m(WorkerDict pid=742585)[0m Capturing CUDA graphs (decode, FULL):  22%|██▏       | 11/51 [00:00<00:01, 31.13it/s]
[36m(WorkerDict pid=742585)[0m Capturing CUDA graphs (decode, FULL):  29%|██▉       | 15/51 [00:00<00:01, 32.80it/s]Capturing CUDA graphs (decode, FULL):  37%|███▋      | 19/51 [00:00<00:00, 34.88it/s]
[36m(WorkerDict pid=742585)[0m Capturing CUDA graphs (decode, FULL):  47%|████▋     | 24/51 [00:00<00:00, 38.19it/s]
[36m(WorkerDict pid=742585)[0m Capturing CUDA graphs (decode, FULL):  57%|█████▋    | 29/51 [00:00<00:00, 40.61it/s]
[36m(WorkerDict pid=742585)[0m Capturing CUDA graphs (decode, FULL):  67%|██████▋   | 34/51 [00:00<00:00, 42.24it/s]
[36m(WorkerDict pid=742585)[0m Capturing CUDA graphs (decode, FULL):  76%|███████▋  | 39/51 [00:01<00:00, 44.09it/s]
[36m(WorkerDict pid=742585)[0m Capturing CUDA graphs (decode, FULL):  88%|████████▊ | 45/51 [00:01<00:00, 47.64it/s]
[36m(WorkerDict pid=742585)[0m Capturing CUDA graphs (decode, FULL): 100%|██████████| 51/51 [00:01<00:00, 50.59it/s]Capturing CUDA graphs (decode, FULL): 100%|██████████| 51/51 [00:01<00:00, 41.79it/s]
[36m(vLLMHttpServer pid=772761)[0m (EngineCore pid=801885) Warning: You are sending unauthenticated requests to the HF Hub. Please set a HF_TOKEN to enable higher rate limits and faster downloads.
[36m(vLLMHttpServer pid=772761)[0m (EngineCore pid=801885) `Qwen2VLImageProcessorFast` is deprecated. The `Fast` suffix for image processors has been removed; use `Qwen2VLImageProcessor` instead.
[36m(vLLMHttpServer pid=772761)[0m (EngineCore pid=801885) The `use_fast` parameter is deprecated and will be removed in a future version. Use `backend="torchvision"` instead of `use_fast=True`, or `backend="pil"` instead of `use_fast=False`.
[36m(vLLMHttpServer pid=772761)[0m The argument `trust_remote_code` is to be used with Auto classes. It has no effect here and is ignored.
[36m(vLLMHttpServer pid=773212)[0m (EngineCore pid=802553) Warning: You are sending unauthenticated requests to the HF Hub. Please set a HF_TOKEN to enable higher rate limits and faster downloads.
[36m(vLLMHttpServer pid=773212)[0m (EngineCore pid=802553) `Qwen2VLImageProcessorFast` is deprecated. The `Fast` suffix for image processors has been removed; use `Qwen2VLImageProcessor` instead.
[36m(vLLMHttpServer pid=772761)[0m `layer_type_validation` is deprecated and will be removed in v5.20. Use `PreTrainedConfig.validate_layer_type` instead
[36m(vLLMHttpServer pid=772761)[0m `layer_type_validation` is deprecated and will be removed in v5.20. Use `PreTrainedConfig.validate_layer_type` instead
[36m(vLLMHttpServer pid=772761)[0m `layer_type_validation` is deprecated and will be removed in v5.20. Use `PreTrainedConfig.validate_layer_type` instead
[36m(vLLMHttpServer pid=772761)[0m The argument `trust_remote_code` is to be used with Auto classes. It has no effect here and is ignored.
[36m(vLLMHttpServer pid=772761)[0m `layer_type_validation` is deprecated and will be removed in v5.20. Use `PreTrainedConfig.validate_layer_type` instead
[36m(vLLMHttpServer pid=772761)[0m `layer_type_validation` is deprecated and will be removed in v5.20. Use `PreTrainedConfig.validate_layer_type` instead
[36m(vLLMHttpServer pid=772761)[0m `layer_type_validation` is deprecated and will be removed in v5.20. Use `PreTrainedConfig.validate_layer_type` instead
[36m(vLLMHttpServer pid=772761)[0m The argument `trust_remote_code` is to be used with Auto classes. It has no effect here and is ignored.
[36m(vLLMHttpServer pid=772761)[0m `layer_type_validation` is deprecated and will be removed in v5.20. Use `PreTrainedConfig.validate_layer_type` instead
[36m(vLLMHttpServer pid=772761)[0m `layer_type_validation` is deprecated and will be removed in v5.20. Use `PreTrainedConfig.validate_layer_type` instead
[36m(vLLMHttpServer pid=772761)[0m `layer_type_validation` is deprecated and will be removed in v5.20. Use `PreTrainedConfig.validate_layer_type` instead
[36m(vLLMHttpServer pid=773212)[0m (EngineCore pid=802553) The `use_fast` parameter is deprecated and will be removed in a future version. Use `backend="torchvision"` instead of `use_fast=True`, or `backend="pil"` instead of `use_fast=False`.
[36m(vLLMHttpServer pid=772761)[0m The argument `trust_remote_code` is to be used with Auto classes. It has no effect here and is ignored.[32m [repeated 4x across cluster][0m
[36m(vLLMHttpServer pid=772761)[0m `layer_type_validation` is deprecated and will be removed in v5.20. Use `PreTrainedConfig.validate_layer_type` instead[32m [repeated 12x across cluster][0m
[36m(WorkerDict pid=742588)[0m /sfs/weka/scratch/nkw3mr/Vision-OPD-OPSA/verl/utils/device.py:134: FutureWarning: torch.cuda._set_allocator_settings is deprecated. Use torch._C._accelerator_setAllocatorSettings instead.
[36m(WorkerDict pid=742588)[0m   torch.cuda.memory._set_allocator_settings(f"expandable_segments:{enable}")
[36m(TaskRunner pid=728081)[0m wandb: Currently logged in as: nkw3mr (nkw3mr-university-of-virginia) to https://api.wandb.ai. Use `wandb login --relogin` to force relogin
[36m(TaskRunner pid=728081)[0m wandb: Tracking run with wandb version 0.23.1
[36m(TaskRunner pid=728081)[0m wandb: Run data is saved locally in /sfs/weka/scratch/nkw3mr/Vision-OPD-OPSA/wandb/run-20260907_134222-wboim4aa
[36m(TaskRunner pid=728081)[0m wandb: Run `wandb offline` to turn off syncing.
[36m(TaskRunner pid=728081)[0m wandb: Syncing run OPSA-Qwen3.5-4B-v2a
[36m(TaskRunner pid=728081)[0m wandb: ⭐️ View project at https://wandb.ai/nkw3mr-university-of-virginia/Vision-OPD-StateAdaptive
[36m(TaskRunner pid=728081)[0m wandb: 🚀 View run at https://wandb.ai/nkw3mr-university-of-virginia/Vision-OPD-StateAdaptive/runs/wboim4aa
[36m(TaskRunner pid=728081)[0m wandb: Detected [openai] in use.
[36m(TaskRunner pid=728081)[0m wandb: Use W&B Weave for improved LLM call tracing. Install Weave with `pip install weave` then add `import weave` to the top of your script.
[36m(TaskRunner pid=728081)[0m wandb: For more information, check out the docs at: https://weave-docs.wandb.ai/
[36m(TaskRunner pid=728081)[0m Training Progress:   0%|          | 0/114 [00:00<?, ?it/s]
[36m(AgentLoopWorker pid=876880)[0m W0907 13:42:30.041000 876880 site-packages/torch/utils/cpp_extension.py:118] No CUDA runtime is found, using CUDA_HOME='/apps/software/standard/core/cuda/12.8.0'
[36m(vLLMHttpServer pid=773212)[0m The argument `trust_remote_code` is to be used with Auto classes. It has no effect here and is ignored.[32m [repeated 3x across cluster][0m
[36m(vLLMHttpServer pid=773212)[0m `layer_type_validation` is deprecated and will be removed in v5.20. Use `PreTrainedConfig.validate_layer_type` instead[32m [repeated 9x across cluster][0m
[36m(WorkerDict pid=742585)[0m /sfs/weka/scratch/nkw3mr/Vision-OPD-OPSA/verl/utils/device.py:134: FutureWarning: torch.cuda._set_allocator_settings is deprecated. Use torch._C._accelerator_setAllocatorSettings instead.
[36m(WorkerDict pid=742585)[0m   torch.cuda.memory._set_allocator_settings(f"expandable_segments:{enable}")
[36m(AgentLoopWorker pid=876880)[0m Warning: You are sending unauthenticated requests to the HF Hub. Please set a HF_TOKEN to enable higher rate limits and faster downloads.
[36m(AgentLoopWorker pid=876870)[0m Keyword argument `video_metadatas` is not a valid argument for this processor and will be ignored.
[36m(AgentLoopWorker pid=876848)[0m W0907 13:42:30.269000 876848 site-packages/torch/utils/cpp_extension.py:118] No CUDA runtime is found, using CUDA_HOME='/apps/software/standard/core/cuda/12.8.0'[32m [repeated 7x across cluster][0m
[36m(AgentLoopWorker pid=876870)[0m Warning: You are sending unauthenticated requests to the HF Hub. Please set a HF_TOKEN to enable higher rate limits and faster downloads.[32m [repeated 7x across cluster][0m
[36m(TaskRunner pid=728081)[0m Training Progress:   1%|          | 1/114 [02:38<4:57:43, 158.08s/it]
[36m(AgentLoopWorker pid=876854)[0m Keyword argument `video_metadatas` is not a valid argument for this processor and will be ignored.[32m [repeated 7x across cluster][0m
[36m(WorkerDict pid=742588)[0m /sfs/weka/scratch/nkw3mr/Vision-OPD-OPSA/verl/utils/device.py:134: FutureWarning: torch.cuda._set_allocator_settings is deprecated. Use torch._C._accelerator_setAllocatorSettings instead.
[36m(WorkerDict pid=742588)[0m   torch.cuda.memory._set_allocator_settings(f"expandable_segments:{enable}")

[36m(WorkerDict pid=742585)[0m WARNING 09-07 13:41:29 [worker_base.py:287] Missing `shared_worker_lock` argument from executor. This argument is needed for mm_processor_cache_type='shm'.
[36m(vLLMHttpServer pid=773212)[0m WARNING 09-07 13:41:19 [system_utils.py:152] We must use the `spawn` multiprocessing start method. Overriding VLLM_WORKER_MULTIPROC_METHOD to 'spawn'. See https://docs.vllm.ai/en/latest/usage/troubleshooting.html#python-multiprocessing for more information. Reasons: In a Ray actor and can only be spawned
[36m(vLLMHttpServer pid=772761)[0m WARNING 09-07 13:42:11 [api_router.py:30] LoRA dynamic loading & unloading is enabled in the API server. This should ONLY be used for local development!
[36m(WorkerDict pid=742588)[0m WARNING 09-07 13:41:29 [worker_base.py:287] Missing `shared_worker_lock` argument from executor. This argument is needed for mm_processor_cache_type='shm'.
[36m(vLLMHttpServer pid=772761)[0m WARNING 09-07 13:42:11 [model.py:1376] Default vLLM sampling parameters have been overridden by the model's `generation_config.json`: `{'repetition_penalty': 1.0, 'temperature': 1.0, 'top_k': -1, 'top_p': 1, 'max_tokens': 2048}`. If this is not intended, please relaunch vLLM instance with `--generation-config vllm`.
[36m(TaskRunner pid=728081)[0m AgentLoopManager: ['10.250.133.122:35443', '10.250.133.122:38851']
[36m(vLLMHttpServer pid=773212)[0m WARNING 09-07 13:42:11 [api_router.py:30] LoRA dynamic loading & unloading is enabled in the API server. This should ONLY be used for local development!
[36m(vLLMHttpServer pid=773212)[0m WARNING 09-07 13:42:12 [model.py:1376] Default vLLM sampling parameters have been overridden by the model's `generation_config.json`: `{'repetition_penalty': 1.0, 'temperature': 1.0, 'top_k': -1, 'top_p': 1, 'max_tokens': 2048}`. If this is not intended, please relaunch vLLM instance with `--generation-config vllm`.
[36m(TaskRunner pid=728081)[0m Saving tensorboard log to tensorboard_log/Vision-OPD-StateAdaptive/OPSA-Qwen3.5-4B-v2a.
[36m(TaskRunner pid=728081)[0m Checkpoint tracker file does not exist: /scratch/nkw3mr/Vision-OPD-OPSA/checkpoints/OPSA-Qwen3.5-4B-v2a/latest_checkpointed_iteration.txt
[36m(TaskRunner pid=728081)[0m Training from scratch
[36m(AgentLoopWorker pid=876880)[0m Using dataset class: RLHFDataset
[36m(vLLMHttpServer pid=772761)[0m WARNING 09-07 13:42:36 [input_processor.py:227] Passing raw prompts to InputProcessor is deprecated and will be removed in v0.18. You should instead pass the outputs of Renderer.render_cmpl() or Renderer.render_chat().
[36m(TaskRunner pid=728081)[0m Dumped generations to /scratch/nkw3mr/Vision-OPD-OPSA/rollouts/OPSA-Qwen3.5-4B-v2a/1.jsonl
[36m(TaskRunner pid=728081)[0m step:1 - global_seqlen/min:228991 - global_seqlen/max:228991 - global_seqlen/minmax_diff:0 - global_seqlen/balanced_min:228991 - global_seqlen/balanced_max:228991 - global_seqlen/mean:228991.0 - actor/entropy:0.5516464451793581 - perf/mfu/actor_infer:0 - opsa/selected_tokens:1944.0 - opsa/selected_fraction:0.2 - opsa/advantage_mean:-0.6243828667534722 - opsa/sel_logp_mean:-2.529196907953961 - opsa/zero_sel_responses:2.0 - opsa/sel_entropy_mean:1.453867793083191 - opsa/sel_entropy_max:5.839364051818848 - opsa/sel_entropy_min:0.0016422271728515625 - training/rollout_probs_diff_valid:1 - training/rollout_probs_diff_max:0.7228509187698364 - training/rollout_probs_diff_mean:0.038561176508665085 - training/rollout_probs_diff_std:0.06465183943510056 - training/rollout_actor_probs_pearson_corr:0.9743618369102478 - rollout_corr/training_ppl:1.8683919962495565 - rollout_corr/training_log_ppl:0.6026662513613701 - rollout_corr/kl:0.03655010759121069 - rollout_corr/k3_kl:0.04137499851348991 - rollout_corr/rollout_ppl:1.7963006254285574 - rollout_corr/rollout_log_ppl:0.5661161395255476 - rollout_corr/log_ppl_diff:0.03655011183582246 - rollout_corr/log_ppl_abs_diff:0.050356210907921195 - rollout_corr/log_ppl_diff_max:0.13590824604034424 - rollout_corr/log_ppl_diff_min:-0.14922431111335754 - rollout_corr/ppl_ratio:1.0384694207459688 - rollout_corr/chi2_token:0.09891862142831087 - rollout_corr/chi2_seq:-0.39855441730469465 - actor/pg_loss:0.5965905534103513 - actor/kl_loss:0.0 - actor/grpo_loss:0.0 - actor/vopd_loss:0.5965905534103513 - actor/vopd_loss_weighted:0.5965905534103513 - opsa/selection_level:1.0 - opsa/micro_selected_tokens:30.375 - opsa/clipfrac:0.0 - self_distillation/num_distill_tokens:30.375 - actor/grad_norm:84.54208374023438 - timing_s/update_actor/student_forward:23.109739760991943 - timing_s/update_actor/teacher_forward:0.0 - timing_s/update_actor/teacher_full_forward:0.0 - timing_s/update_actor/loss_compute:0.02428879899525782 - timing_s/update_actor/backward:57.11495081996691 - timing_s/update_actor/optimizer_step:0.23222901500412263 - timing_s/update_actor/teacher_ema_update:4.402999911690131e-05 - perf/mfu/actor:0.0 - perf/max_memory_allocated_gb:77.79118728637695 - perf/max_memory_reserved_gb:86.33984375 - perf/cpu_memory_used_gb:174.68914413452148 - actor/lr:1e-06 - training/global_step:1 - training/epoch:0 - response_length/mean:151.875 - response_length/max:1433.0 - response_length/min:4.0 - response_length/clip_ratio:0.0 - response_length_non_aborted/mean:151.875 - response_length_non_aborted/max:1433.0 - response_length_non_aborted/min:4.0 - response_length_non_aborted/clip_ratio:0.0 - response/aborted_ratio:0.0 - prompt_length/mean:3426.109375 - prompt_length/max:5330.0 - prompt_length/min:3158.0 - prompt_length/clip_ratio:0.0 - num_turns/min:2 - num_turns/max:2 - num_turns/mean:2.0 - critic/advantages/mean:-0.12487658858299255 - critic/advantages/max:0.0 - critic/advantages/min:-1.0 - timing_s/start_profile:0.00014721199841005728 - timing_s/agent_loop/generate_sequences/min:13.341293829995266 - timing_s/agent_loop/generate_sequences/max:29.577725656999974 - timing_s/agent_loop/generate_sequences/mean:17.638589931781098 - timing_s/agent_loop/tool_calls/min:0.0 - timing_s/agent_loop/tool_calls/max:0.0 - timing_s/agent_loop/tool_calls/mean:0.0 - timing_s/agent_loop/slowest/generate_sequences:29.577725656999974 - timing_s/agent_loop/slowest/tool_calls:0.0 - timing_s/agent_loop/slowest/prompt_length:3345 - timing_s/agent_loop/slowest/response_length:1433 - timing_s/gen:44.8700058530012 - timing_s/old_log_prob:22.889290197002992 - timing_s/adv:0.0029722010003752075 - timing_s/update_actor:90.10972081699583 - timing_s/dump_rollout_generations:0.0411214000050677 - timing_s/step:157.93643340400013 - timing_s/stop_profile:2.4062996089924127e-05 - timing_per_token_ms/update_actor:0.3935076960098686 - timing_per_token_ms/adv:1.2979553783228195e-05 - timing_per_token_ms/gen:4.61625574619354 - perf/total_num_tokens:228991 - perf/time_per_step:157.93643340400013 - perf/throughput:724.946724022325
[36m(AgentLoopWorker pid=876860)[0m Using dataset class: RLHFDataset[32m [repeated 7x across cluster][0m
[36m(vLLMHttpServer pid=773212)[0m WARNING 09-07 13:42:36 [input_processor.py:227] Passing raw prompts to InputProcessor is deprecated and will be removed in v0.18. You should instead pass the outputs of Renderer.render_cmpl() or Renderer.render_chat().
[36m(TaskRunner pid=728081)[0m Dumped generations to /scratch/nkw3mr/Vision-OPD-OPSA/rollouts/OPSA-Qwen3.5-4B-v2a/2.jsonl
[36m(TaskRunner pid=728081)[0m step:2 - global_seqlen/min:223246 - global_seqlen/max:223246 - global_seqlen/minmax_diff:0 - global_seqlen/balanced_min:223246 - global_seqlen/balanced_max:223246 - global_seqlen/mean:223246.0 - actor/entropy:0.5815337274689227 - perf/mfu/actor_infer:0 - opsa/selected_tokens:1620.0 - opsa/selected_fraction:0.19997531168991484 - opsa/advantage_mean:-0.6605985665027007 - opsa/sel_logp_mean:-2.6746895495756173 - opsa/zero_sel_responses:1.0 - opsa/sel_entropy_mean:1.5393222570419312 - opsa/sel_entropy_max:4.759125709533691 - opsa/sel_entropy_min:0.01576995849609375 - training/rollout_probs_diff_valid:1 - training/rollout_probs_diff_max:0.6651955246925354 - training/rollout_probs_diff_mean:0.0409686341881752 - training/rollout_probs_diff_std:0.06667765229940414 - training/rollout_actor_probs_pearson_corr:0.9732521772384644 - rollout_corr/training_ppl:1.886923460289836 - rollout_corr/training_log_ppl:0.6116448587272316 - rollout_corr/kl:0.040115511928888736 - rollout_corr/k3_kl:0.04901305545354262 - rollout_corr/rollout_ppl:1.8108563106507063 - rollout_corr/rollout_log_ppl:0.5715293530374765 - rollout_corr/log_ppl_diff:0.04011550568975508 - rollout_corr/log_ppl_abs_diff:0.04998176288791001 - rollout_corr/log_ppl_diff_max:0.11727732419967651 - rollout_corr/log_ppl_diff_min:-0.2758547365665436 - rollout_corr/ppl_ratio:1.0420373985543847 - rollout_corr/chi2_token:0.20114885736256838 - rollout_corr/chi2_seq:-0.06431442778557539 - actor/pg_loss:0.6363328695297241 - actor/kl_loss:0.0 - actor/grpo_loss:0.0 - actor/vopd_loss:0.6363328695297241 - actor/vopd_loss_weighted:0.6363328695297241 - opsa/selection_level:1.0 - opsa/micro_selected_tokens:25.3125 - opsa/clipfrac:0.0 - self_distillation/num_distill_tokens:25.3125 - actor/grad_norm:58.35428237915039 - timing_s/update_actor/student_forward:22.715292020984634 - timing_s/update_actor/teacher_forward:0.0 - timing_s/update_actor/teacher_full_forward:0.0 - timing_s/update_actor/loss_compute:0.019317332029459067 - timing_s/update_actor/backward:56.14842681400478 - timing_s/update_actor/optimizer_step:0.10682320399791934 - timing_s/update_actor/teacher_ema_update:3.3025004086084664e-05 - perf/mfu/actor:0.0 - perf/max_memory_allocated_gb:77.79118728637695 - perf/max_memory_reserved_gb:86.349609375 - perf/cpu_memory_used_gb:220.97555923461914 - actor/lr:1e-06 - training/global_step:2 - training/epoch:0 - response_length/mean:126.578125 - response_length/max:524.0 - response_length/min:6.0 - response_length/clip_ratio:0.0 - response_length_non_aborted/mean:126.578125 - response_length_non_aborted/max:524.0 - response_length_non_aborted/min:6.0 - response_length_non_aborted/clip_ratio:0.0 - response/aborted_ratio:0.0 - prompt_length/mean:3361.640625 - prompt_length/max:3959.0 - prompt_length/min:3158.0 - prompt_length/clip_ratio:0.0 - num_turns/min:2 - num_turns/max:2 - num_turns/mean:2.0 - critic/advantages/mean:-0.13210339844226837 - critic/advantages/max:0.0 - critic/advantages/min:-1.0 - timing_s/start_profile:6.254599429666996e-05 - timing_s/agent_loop/generate_sequences/min:6.308954943000572 - timing_s/agent_loop/generate_sequences/max:12.376079652000044 - timing_s/agent_loop/generate_sequences/mean:8.215381315828495 - timing_s/agent_loop/tool_calls/min:0.0 - timing_s/agent_loop/tool_calls/max:0.0 - timing_s/agent_loop/tool_calls/mean:0.0 - timing_s/agent_loop/slowest/generate_sequences:12.376079652000044 - timing_s/agent_loop/slowest/tool_calls:0.0 - timing_s/agent_loop/slowest/prompt_length:3256 - timing_s/agent_loop/slowest/response_length:524 - timing_s/gen:19.00072232599632 - timing_s/old_log_prob:21.98947525100084 - timing_s/adv:0.0019084900050074793 - timing_s/update_actor:85.77536477000103 - timing_s/dump_rollout_generations:0.038539080996997654 - timing_s/step:126.82010254899797 - timing_s/stop_profile:2.7877998945768923e-05 - timing_per_token_ms/update_actor:0.38421904432778653 - timing_per_token_ms/adv:8.548820606001807e-06 - timing_per_token_ms/gen:2.3454786231324922 - perf/total_num_tokens:223246 - perf/time_per_step:126.82010254899797 - perf/throughput:880.1680313803055[36m(TaskRunner pid=728081)[0m Training Progress:   2%|▏         | 2/114 [04:44<4:20:49, 139.73s/it]
[36m(WorkerDict pid=742585)[0m /sfs/weka/scratch/nkw3mr/Vision-OPD-OPSA/verl/utils/device.py:134: FutureWarning: torch.cuda._set_allocator_settings is deprecated. Use torch._C._accelerator_setAllocatorSettings instead.
[36m(WorkerDict pid=742585)[0m   torch.cuda.memory._set_allocator_settings(f"expandable_segments:{enable}")
[36m(TaskRunner pid=728081)[0m Training Progress:   3%|▎         | 3/114 [07:05<4:18:50, 139.92s/it]

[36m(TaskRunner pid=728081)[0m Dumped generations to /scratch/nkw3mr/Vision-OPD-OPSA/rollouts/OPSA-Qwen3.5-4B-v2a/3.jsonl
[36m(TaskRunner pid=728081)[0m step:3 - global_seqlen/min:225821 - global_seqlen/max:225821 - global_seqlen/minmax_diff:0 - global_seqlen/balanced_min:225821 - global_seqlen/balanced_max:225821 - global_seqlen/mean:225821.0 - actor/entropy:0.5466988468542695 - perf/mfu/actor_infer:0 - opsa/selected_tokens:1857.0 - opsa/selected_fraction:0.19997846220116305 - opsa/advantage_mean:-0.6105649390397819 - opsa/sel_logp_mean:-2.5384059365744482 - opsa/zero_sel_responses:0.0 - opsa/sel_entropy_mean:1.374348521232605 - opsa/sel_entropy_max:6.214742660522461 - opsa/sel_entropy_min:0.0001068115234375 - training/rollout_probs_diff_valid:1 - training/rollout_probs_diff_max:0.7818630933761597 - training/rollout_probs_diff_mean:0.04171149060130119 - training/rollout_probs_diff_std:0.07147224247455597 - training/rollout_actor_probs_pearson_corr:0.9685518741607666 - rollout_corr/training_ppl:1.8654143139719963 - rollout_corr/training_log_ppl:0.6081201336346567 - rollout_corr/kl:0.04321793139388319 - rollout_corr/k3_kl:0.05534990296291653 - rollout_corr/rollout_ppl:1.7842847909778357 - rollout_corr/rollout_log_ppl:0.5649021971039474 - rollout_corr/log_ppl_diff:0.04321793653070927 - rollout_corr/log_ppl_abs_diff:0.05841634143143892 - rollout_corr/log_ppl_diff_max:0.15195953845977783 - rollout_corr/log_ppl_diff_min:-0.4066363573074341 - rollout_corr/ppl_ratio:1.0463890405371785 - rollout_corr/chi2_token:0.18649594485759735 - rollout_corr/chi2_seq:3.975473395548761 - actor/pg_loss:0.6049043098464608 - actor/kl_loss:0.0 - actor/grpo_loss:0.0 - actor/vopd_loss:0.6049043098464608 - actor/vopd_loss_weighted:0.6049043098464608 - opsa/selection_level:1.0 - opsa/micro_selected_tokens:29.015625 - opsa/clipfrac:0.0 - self_distillation/num_distill_tokens:29.015625 - actor/grad_norm:57.781700134277344 - timing_s/update_actor/student_forward:22.897110388978035 - timing_s/update_actor/teacher_forward:0.0 - timing_s/update_actor/teacher_full_forward:0.0 - timing_s/update_actor/loss_compute:0.01987235801789211 - timing_s/update_actor/backward:56.45136152694613 - timing_s/update_actor/optimizer_step:0.09603079399676062 - timing_s/update_actor/teacher_ema_update:2.762799704214558e-05 - perf/mfu/actor:0.0 - perf/max_memory_allocated_gb:77.82351684570312 - perf/max_memory_reserved_gb:86.376953125 - perf/cpu_memory_used_gb:223.68214416503906 - actor/lr:1e-06 - training/global_step:3 - training/epoch:0 - response_length/mean:145.09375 - response_length/max:2048.0 - response_length/min:4.0 - response_length/clip_ratio:0.015625 - response_length_non_aborted/mean:145.09375 - response_length_non_aborted/max:2048.0 - response_length_non_aborted/min:4.0 - response_length_non_aborted/clip_ratio:0.015625 - response/aborted_ratio:0.0 - prompt_length/mean:3383.359375 - prompt_length/max:3963.0 - prompt_length/min:3207.0 - prompt_length/clip_ratio:0.0 - num_turns/min:2 - num_turns/max:2 - num_turns/mean:2.0 - critic/advantages/mean:-0.12209983915090561 - critic/advantages/max:0.0 - critic/advantages/min:-1.0 - timing_s/start_profile:3.291599568910897e-05 - timing_s/agent_loop/generate_sequences/min:3.0653356580005493 - timing_s/agent_loop/generate_sequences/max:24.8009436680004 - timing_s/agent_loop/generate_sequences/mean:8.251697237812664 - timing_s/agent_loop/tool_calls/min:0.0 - timing_s/agent_loop/tool_calls/max:0.0 - timing_s/agent_loop/tool_calls/mean:0.0 - timing_s/agent_loop/slowest/generate_sequences:24.8009436680004 - timing_s/agent_loop/slowest/tool_calls:0.0 - timing_s/agent_loop/slowest/prompt_length:3349 - timing_s/agent_loop/slowest/response_length:2048 - timing_s/gen:31.587523763999343 - timing_s/old_log_prob:22.17791747499723 - timing_s/adv:0.0014931089972378686 - timing_s/update_actor:86.27752746700571 - timing_s/dump_rollout_generations:0.0398030110009131 - timing_s/step:140.09749272000045 - timing_s/stop_profile:2.5375004042871296e-05 - timing_per_token_ms/update_actor:0.3820615773865394 - timing_per_token_ms/adv:6.611913848746878e-06 - timing_per_token_ms/gen:3.4016286629333776 - perf/total_num_tokens:225821 - perf/time_per_step:140.09749272000045 - perf/throughput:805.9423320705924
[36m(TaskRunner pid=728081)[0m Dumped generations to /scratch/nkw3mr/Vision-OPD-OPSA/rollouts/OPSA-Qwen3.5-4B-v2a/4.jsonl
[36m(TaskRunner pid=728081)[0m step:4 - global_seqlen/min:234003 - global_seqlen/max:234003 - global_seqlen/minmax_diff:0 - global_seqlen/balanced_min:234003 - global_seqlen/balanced_max:234003 - global_seqlen/mean:234003.0 - actor/entropy:0.5041917562484741 - perf/mfu/actor_infer:0 - opsa/selected_tokens:2704.0 - opsa/selected_fraction:0.2 - opsa/advantage_mean:-0.6304329415044841 - opsa/sel_logp_mean:-2.3585819041235205 - opsa/zero_sel_responses:0.0 - opsa/sel_entropy_mean:1.338701844215393 - opsa/sel_entropy_max:5.131535530090332 - opsa/sel_entropy_min:8.0108642578125e-05 - training/rollout_probs_diff_valid:1 - training/rollout_probs_diff_max:0.8849807381629944 - training/rollout_probs_diff_mean:0.038166698068380356 - training/rollout_probs_diff_std:0.06693553924560547 - training/rollout_actor_probs_pearson_corr:0.9716963768005371 - rollout_corr/training_ppl:1.8116632290184498 - rollout_corr/training_log_ppl:0.5729339860845357 - rollout_corr/kl:0.04606122113727906 - rollout_corr/k3_kl:0.05414978103362955 - rollout_corr/rollout_ppl:1.7304595075547695 - rollout_corr/rollout_log_ppl:0.5268727666698396 - rollout_corr/log_ppl_diff:0.0460612194146961 - rollout_corr/log_ppl_abs_diff:0.05124286818318069 - rollout_corr/log_ppl_diff_max:0.14321154356002808 - rollout_corr/log_ppl_diff_min:-0.0637422502040863 - rollout_corr/ppl_ratio:1.0480019068345428 - rollout_corr/chi2_token:0.19882082287222147 - rollout_corr/chi2_seq:17.728111422620714 - actor/pg_loss:0.6226323135197163 - actor/kl_loss:0.0 - actor/grpo_loss:0.0 - actor/vopd_loss:0.6226323135197163 - actor/vopd_loss_weighted:0.6226323135197163 - opsa/selection_level:1.0 - opsa/micro_selected_tokens:42.25 - opsa/clipfrac:0.0 - self_distillation/num_distill_tokens:42.25 - actor/grad_norm:65.18527221679688 - timing_s/update_actor/student_forward:23.308864034013823 - timing_s/update_actor/teacher_forward:0.0 - timing_s/update_actor/teacher_full_forward:0.0 - timing_s/update_actor/loss_compute:0.019677769974805415 - timing_s/update_actor/backward:57.70635928799311 - timing_s/update_actor/optimizer_step:0.08500750600069296 - timing_s/update_actor/teacher_ema_update:2.686699735932052e-05 - perf/mfu/actor:0.0 - perf/max_memory_allocated_gb:77.82351684570312 - perf/max_memory_reserved_gb:86.419921875 - perf/cpu_memory_used_gb:224.80180740356445 - actor/lr:1e-06 - training/global_step:4 - training/epoch:0 - response_length/mean:211.25 - response_length/max:1607.0 - response_length/min:36.0 - response_length/clip_ratio:0.0 - response_length_non_aborted/mean:211.25 - response_length_non_aborted/max:1607.0 - response_length_non_aborted/min:36.0 - response_length_non_aborted/clip_ratio:0.0 - response/aborted_ratio:0.0 - prompt_length/mean:3445.046875 - prompt_length/max:5649.0 - prompt_length/min:3113.0 - prompt_length/clip_ratio:0.0 - num_turns/min:2 - num_turns/max:2 - num_turns/mean:2.0 - critic/advantages/mean:-0.12608659267425537 - critic/advantages/max:0.0 - critic/advantages/min:-1.0 - timing_s/start_profile:2.3952998162712902e-05 - timing_s/agent_loop/generate_sequences/min:6.66638362500089 - timing_s/agent_loop/generate_sequences/max:23.060847526001453 - timing_s/agent_loop/generate_sequences/mean:9.276407002422161 - timing_s/agent_loop/tool_calls/min:0.0 - timing_s/agent_loop/tool_calls/max:0.0 - timing_s/agent_loop/tool_calls/mean:0.0 - timing_s/agent_loop/slowest/generate_sequences:23.060847526001453 - timing_s/agent_loop/slowest/tool_calls:0.0 - timing_s/agent_loop/slowest/prompt_length:3349 - timing_s/agent_loop/slowest/response_length:1607 - timing_s/gen:29.423282526004186 - timing_s/old_log_prob:22.547539230996335 - timing_s/adv:0.001539682998554781 - timing_s/update_actor:87.9346636009941 - timing_s/dump_rollout_generations:0.04339484099909896 - timing_s/step:139.96351715900528 - timing_s/stop_profile:3.051199746550992e-05 - timing_per_token_ms/update_actor:0.37578434294002255 - timing_per_token_ms/adv:6.579757518300112e-06 - timing_per_token_ms/gen:2.176278293343505 - perf/total_num_tokens:234003 - perf/time_per_step:139.96351715900528 - perf/throughput:835.9428397836036[36m(TaskRunner pid=728081)[0m Training Progress:   4%|▎         | 4/114 [09:25<4:16:35, 139.96s/it]
[36m(TaskRunner pid=728081)[0m Training Progress:   4%|▍         | 5/114 [11:40<4:11:32, 138.47s/it]

[36m(TaskRunner pid=728081)[0m Dumped generations to /scratch/nkw3mr/Vision-OPD-OPSA/rollouts/OPSA-Qwen3.5-4B-v2a/5.jsonl
[36m(TaskRunner pid=728081)[0m step:5 - global_seqlen/min:225767 - global_seqlen/max:225767 - global_seqlen/minmax_diff:0 - global_seqlen/balanced_min:225767 - global_seqlen/balanced_max:225767 - global_seqlen/mean:225767.0 - actor/entropy:0.46548773045651615 - perf/mfu/actor_infer:0 - opsa/selected_tokens:1644.0 - opsa/selected_fraction:0.19990272373540857 - opsa/advantage_mean:-0.6504001292579076 - opsa/sel_logp_mean:-2.381556155907847 - opsa/zero_sel_responses:0.0 - opsa/sel_entropy_mean:1.2662895917892456 - opsa/sel_entropy_max:4.173423767089844 - opsa/sel_entropy_min:0.015621185302734375 - training/rollout_probs_diff_valid:1 - training/rollout_probs_diff_max:0.9448049068450928 - training/rollout_probs_diff_mean:0.0519641675055027 - training/rollout_probs_diff_std:0.09506819397211075 - training/rollout_actor_probs_pearson_corr:0.944786548614502 - rollout_corr/training_ppl:1.7758959829807281 - rollout_corr/training_log_ppl:0.5603791286703199 - rollout_corr/kl:0.08420107044366887 - rollout_corr/k3_kl:0.0805066081811674 - rollout_corr/rollout_ppl:1.632062342017889 - rollout_corr/rollout_log_ppl:0.4761780488770455 - rollout_corr/log_ppl_diff:0.0842010797932744 - rollout_corr/log_ppl_abs_diff:0.08518703375011683 - rollout_corr/log_ppl_diff_max:0.2774849832057953 - rollout_corr/log_ppl_diff_min:-0.009717404842376709 - rollout_corr/ppl_ratio:1.089934991672635 - rollout_corr/chi2_token:0.21201760601252317 - rollout_corr/chi2_seq:-0.6224548323079944 - actor/pg_loss:0.6383055513724685 - actor/kl_loss:0.0 - actor/grpo_loss:0.0 - actor/vopd_loss:0.6383055513724685 - actor/vopd_loss_weighted:0.6383055513724685 - opsa/selection_level:1.0 - opsa/micro_selected_tokens:25.6875 - opsa/clipfrac:0.0 - self_distillation/num_distill_tokens:25.6875 - actor/grad_norm:96.668701171875 - timing_s/update_actor/student_forward:22.942955007994897 - timing_s/update_actor/teacher_forward:0.0 - timing_s/update_actor/teacher_full_forward:0.0 - timing_s/update_actor/loss_compute:0.019658707991766278 - timing_s/update_actor/backward:56.64526856804878 - timing_s/update_actor/optimizer_step:0.2915768009988824 - timing_s/update_actor/teacher_ema_update:4.054600140079856e-05 - perf/mfu/actor:0.0 - perf/max_memory_allocated_gb:77.82992172241211 - perf/max_memory_reserved_gb:86.419921875 - perf/cpu_memory_used_gb:225.28717422485352 - actor/lr:1e-06 - training/global_step:5 - training/epoch:0 - response_length/mean:128.5 - response_length/max:1400.0 - response_length/min:27.0 - response_length/clip_ratio:0.0 - response_length_non_aborted/mean:128.5 - response_length_non_aborted/max:1400.0 - response_length_non_aborted/min:27.0 - response_length_non_aborted/clip_ratio:0.0 - response/aborted_ratio:0.0 - prompt_length/mean:3399.109375 - prompt_length/max:4014.0 - prompt_length/min:3160.0 - prompt_length/clip_ratio:0.0 - num_turns/min:2 - num_turns/max:2 - num_turns/mean:2.0 - critic/advantages/mean:-0.1300167590379715 - critic/advantages/max:0.0 - critic/advantages/min:-1.0 - timing_s/start_profile:7.050699787214398e-05 - timing_s/agent_loop/generate_sequences/min:6.800451664996217 - timing_s/agent_loop/generate_sequences/max:19.50428943100269 - timing_s/agent_loop/generate_sequences/mean:8.194867381781364 - timing_s/agent_loop/tool_calls/min:0.0 - timing_s/agent_loop/tool_calls/max:0.0 - timing_s/agent_loop/tool_calls/mean:0.0 - timing_s/agent_loop/slowest/generate_sequences:19.50428943100269 - timing_s/agent_loop/slowest/tool_calls:0.0 - timing_s/agent_loop/slowest/prompt_length:3354 - timing_s/agent_loop/slowest/response_length:1400 - timing_s/gen:26.540440071003104 - timing_s/old_log_prob:22.29041107899684 - timing_s/adv:0.001963415001227986 - timing_s/update_actor:86.86519301400403 - timing_s/dump_rollout_generations:0.041752416000235826 - timing_s/step:135.75357445400005 - timing_s/stop_profile:2.67670038738288e-05 - timing_per_token_ms/update_actor:0.38475593427739235 - timing_per_token_ms/adv:8.696643004637463e-06 - timing_per_token_ms/gen:3.227193588400183 - perf/total_num_tokens:225767 - perf/time_per_step:135.75357445400005 - perf/throughput:831.5324326008849
[36m(TaskRunner pid=728081)[0m Dumped generations to /scratch/nkw3mr/Vision-OPD-OPSA/rollouts/OPSA-Qwen3.5-4B-v2a/6.jsonl
[36m(TaskRunner pid=728081)[0m step:6 - global_seqlen/min:223846 - global_seqlen/max:223846 - global_seqlen/minmax_diff:0 - global_seqlen/balanced_min:223846 - global_seqlen/balanced_max:223846 - global_seqlen/mean:223846.0 - actor/entropy:0.3693901830120012 - perf/mfu/actor_infer:0 - opsa/selected_tokens:1321.0 - opsa/selected_fraction:0.2 - opsa/advantage_mean:-0.6059042203615869 - opsa/sel_logp_mean:-2.3820645536643643 - opsa/zero_sel_responses:0.0 - opsa/sel_entropy_mean:1.1792712211608887 - opsa/sel_entropy_max:5.563302040100098 - opsa/sel_entropy_min:0.001163482666015625 - training/rollout_probs_diff_valid:1 - training/rollout_probs_diff_max:0.998813271522522 - training/rollout_probs_diff_mean:0.0571555458009243 - training/rollout_probs_diff_std:0.1108197271823883 - training/rollout_actor_probs_pearson_corr:0.9218129515647888 - rollout_corr/training_ppl:1.6848990097641945 - rollout_corr/training_log_ppl:0.5018487720517442 - rollout_corr/kl:0.10968907439018949 - rollout_corr/k3_kl:0.1069994479912566 - rollout_corr/rollout_ppl:1.5055700857192278 - rollout_corr/rollout_log_ppl:0.3921596930595115 - rollout_corr/log_ppl_diff:0.10968907899223268 - rollout_corr/log_ppl_abs_diff:0.11158334207721055 - rollout_corr/log_ppl_diff_max:0.37240269780158997 - rollout_corr/log_ppl_diff_min:-0.05106671154499054 - rollout_corr/ppl_ratio:1.1196976993232965 - rollout_corr/chi2_token:0.2410161131992936 - rollout_corr/chi2_seq:-0.589084898121655 - actor/pg_loss:0.5940504837781191 - actor/kl_loss:0.0 - actor/grpo_loss:0.0 - actor/vopd_loss:0.5940504837781191 - actor/vopd_loss_weighted:0.5940504837781191 - opsa/selection_level:1.0 - opsa/micro_selected_tokens:20.640625 - opsa/clipfrac:0.0 - self_distillation/num_distill_tokens:20.640625 - actor/grad_norm:164.25537109375 - timing_s/update_actor/student_forward:23.05211521500314 - timing_s/update_actor/teacher_forward:0.0 - timing_s/update_actor/teacher_full_forward:0.0 - timing_s/update_actor/loss_compute:0.019164178054779768 - timing_s/update_actor/backward:56.5279459090234 - timing_s/update_actor/optimizer_step:0.09803170600207523 - timing_s/update_actor/teacher_ema_update:2.8028000087942928e-05 - perf/mfu/actor:0.0 - perf/max_memory_allocated_gb:77.82992172241211 - perf/max_memory_reserved_gb:86.419921875 - perf/cpu_memory_used_gb:225.55767440795898 - actor/lr:1e-06 - training/global_step:6 - training/epoch:0 - response_length/mean:103.203125 - response_length/max:730.0 - response_length/min:30.0 - response_length/clip_ratio:0.0 - response_length_non_aborted/mean:103.203125 - response_length_non_aborted/max:730.0 - response_length_non_aborted/min:30.0 - response_length_non_aborted/clip_ratio:0.0 - response/aborted_ratio:0.0 - prompt_length/mean:3394.390625 - prompt_length/max:5383.0 - prompt_length/min:3249.0 - prompt_length/clip_ratio:0.0 - num_turns/min:2 - num_turns/max:2 - num_turns/mean:2.0 - critic/advantages/mean:-0.12118084728717804 - critic/advantages/max:0.0 - critic/advantages/min:-1.0 - timing_s/start_profile:8.516600064467639e-05 - timing_s/agent_loop/generate_sequences/min:6.3263764410003205 - timing_s/agent_loop/generate_sequences/max:13.377857062994735 - timing_s/agent_loop/generate_sequences/mean:7.7419513874372115 - timing_s/agent_loop/tool_calls/min:0.0 - timing_s/agent_loop/tool_calls/max:0.0 - timing_s/agent_loop/tool_calls/mean:0.0 - timing_s/agent_loop/slowest/generate_sequences:13.377857062994735 - timing_s/agent_loop/slowest/tool_calls:0.0 - timing_s/agent_loop/slowest/prompt_length:3346 - timing_s/agent_loop/slowest/response_length:730 - timing_s/gen:19.860092002003512 - timing_s/old_log_prob:22.21093461500277 - timing_s/adv:0.0019421460019657388 - timing_s/update_actor:86.52072047899856 - timing_s/dump_rollout_generations:0.0385304619994713 - timing_s/step:128.6465913389984 - timing_s/stop_profile:2.615599805722013e-05 - timing_per_token_ms/update_actor:0.38651894820098887 - timing_per_token_ms/adv:8.676259580094078e-06 - timing_per_token_ms/gen:3.0068269495841804 - perf/total_num_tokens:223846 - perf/time_per_step:128.6465913389984 - perf/throughput:870.003618712836[36m(TaskRunner pid=728081)[0m Training Progress:   5%|▌         | 6/114 [13:49<4:03:15, 135.14s/it]
[36m(TaskRunner pid=728081)[0m Training Progress:   6%|▌         | 7/114 [16:12<4:05:36, 137.72s/it]

[36m(TaskRunner pid=728081)[0m Dumped generations to /scratch/nkw3mr/Vision-OPD-OPSA/rollouts/OPSA-Qwen3.5-4B-v2a/7.jsonl
[36m(TaskRunner pid=728081)[0m step:7 - global_seqlen/min:227329 - global_seqlen/max:227329 - global_seqlen/minmax_diff:0 - global_seqlen/balanced_min:227329 - global_seqlen/balanced_max:227329 - global_seqlen/mean:227329.0 - actor/entropy:0.3527793629327789 - perf/mfu/actor_infer:0 - opsa/selected_tokens:1475.0 - opsa/selected_fraction:0.19997288503253796 - opsa/advantage_mean:-0.6293451238082627 - opsa/sel_logp_mean:-2.4435793498411016 - opsa/zero_sel_responses:0.0 - opsa/sel_entropy_mean:1.187076210975647 - opsa/sel_entropy_max:4.588498115539551 - opsa/sel_entropy_min:0.000102996826171875 - training/rollout_probs_diff_valid:1 - training/rollout_probs_diff_max:0.9806945323944092 - training/rollout_probs_diff_mean:0.05481763556599617 - training/rollout_probs_diff_std:0.10996522009372711 - training/rollout_actor_probs_pearson_corr:0.9255204796791077 - rollout_corr/training_ppl:1.7235986143350601 - rollout_corr/training_log_ppl:0.5253532384522259 - rollout_corr/kl:0.12372577399219153 - rollout_corr/k3_kl:0.13243443626561202 - rollout_corr/rollout_ppl:1.5181430373340845 - rollout_corr/rollout_log_ppl:0.4016274582827464 - rollout_corr/log_ppl_diff:0.1237257799366489 - rollout_corr/log_ppl_abs_diff:0.12892660370562226 - rollout_corr/log_ppl_diff_max:0.39508599042892456 - rollout_corr/log_ppl_diff_min:-0.10298064351081848 - rollout_corr/ppl_ratio:1.1380288852378726 - rollout_corr/chi2_token:0.3622292783111334 - rollout_corr/chi2_seq:0.2735721794888377 - actor/pg_loss:0.6081458544358611 - actor/kl_loss:0.0 - actor/grpo_loss:0.0 - actor/vopd_loss:0.6081458544358611 - actor/vopd_loss_weighted:0.6081458544358611 - opsa/selection_level:1.0 - opsa/micro_selected_tokens:23.046875 - opsa/clipfrac:0.0 - self_distillation/num_distill_tokens:23.046875 - actor/grad_norm:224.985595703125 - timing_s/update_actor/student_forward:23.217233326038695 - timing_s/update_actor/teacher_forward:0.0 - timing_s/update_actor/teacher_full_forward:0.0 - timing_s/update_actor/loss_compute:0.019527023010596167 - timing_s/update_actor/backward:57.24610338798084 - timing_s/update_actor/optimizer_step:0.09760228700179141 - timing_s/update_actor/teacher_ema_update:2.806900010909885e-05 - perf/mfu/actor:0.0 - perf/max_memory_allocated_gb:77.82992172241211 - perf/max_memory_reserved_gb:86.419921875 - perf/cpu_memory_used_gb:230.33187866210938 - actor/lr:1e-06 - training/global_step:7 - training/epoch:0 - response_length/mean:115.25 - response_length/max:2048.0 - response_length/min:19.0 - response_length/clip_ratio:0.015625 - response_length_non_aborted/mean:115.25 - response_length_non_aborted/max:2048.0 - response_length_non_aborted/min:19.0 - response_length_non_aborted/clip_ratio:0.015625 - response/aborted_ratio:0.0 - prompt_length/mean:3436.765625 - prompt_length/max:5180.0 - prompt_length/min:3341.0 - prompt_length/clip_ratio:0.0 - num_turns/min:2 - num_turns/max:2 - num_turns/mean:2.0 - critic/advantages/mean:-0.12585197389125824 - critic/advantages/max:0.0 - critic/advantages/min:-1.0 - timing_s/start_profile:3.136300074402243e-05 - timing_s/agent_loop/generate_sequences/min:6.520947761004209 - timing_s/agent_loop/generate_sequences/max:25.059808302998135 - timing_s/agent_loop/generate_sequences/mean:7.951151491702831 - timing_s/agent_loop/tool_calls/min:0.0 - timing_s/agent_loop/tool_calls/max:0.0 - timing_s/agent_loop/tool_calls/mean:0.0 - timing_s/agent_loop/slowest/generate_sequences:25.059808302998135 - timing_s/agent_loop/slowest/tool_calls:0.0 - timing_s/agent_loop/slowest/prompt_length:3360 - timing_s/agent_loop/slowest/response_length:2048 - timing_s/gen:31.729649166001764 - timing_s/old_log_prob:22.599569866004458 - timing_s/adv:0.00160355099797016 - timing_s/update_actor:88.60428291900462 - timing_s/dump_rollout_generations:0.038550723998923786 - timing_s/step:142.98701622199587 - timing_s/stop_profile:2.7108006179332733e-05 - timing_per_token_ms/update_actor:0.3897623396883135 - timing_per_token_ms/adv:7.053877850912818e-06 - timing_per_token_ms/gen:4.30174202359026 - perf/total_num_tokens:227329 - perf/time_per_step:142.98701622199587 - perf/throughput:794.9288194358087
[36m(TaskRunner pid=728081)[0m Dumped generations to /scratch/nkw3mr/Vision-OPD-OPSA/rollouts/OPSA-Qwen3.5-4B-v2a/8.jsonl
[36m(TaskRunner pid=728081)[0m step:8 - global_seqlen/min:222001 - global_seqlen/max:222001 - global_seqlen/minmax_diff:0 - global_seqlen/balanced_min:222001 - global_seqlen/balanced_max:222001 - global_seqlen/mean:222001.0 - actor/entropy:0.2943118668626994 - perf/mfu/actor_infer:0 - opsa/selected_tokens:1015.0 - opsa/selected_fraction:0.1998818432453722 - opsa/advantage_mean:-0.6261418084205665 - opsa/sel_logp_mean:-2.3413025804341134 - opsa/zero_sel_responses:0.0 - opsa/sel_entropy_mean:1.005094289779663 - opsa/sel_entropy_max:3.983883857727051 - opsa/sel_entropy_min:3.4332275390625e-05 - training/rollout_probs_diff_valid:1 - training/rollout_probs_diff_max:0.9992019534111023 - training/rollout_probs_diff_mean:0.06857003271579742 - training/rollout_probs_diff_std:0.14107316732406616 - training/rollout_actor_probs_pearson_corr:0.8673993349075317 - rollout_corr/training_ppl:1.7272372003644705 - rollout_corr/training_log_ppl:0.5236555046867579 - rollout_corr/kl:0.19015203923845547 - rollout_corr/k3_kl:0.20296960114501417 - rollout_corr/rollout_ppl:1.4123847391456366 - rollout_corr/rollout_log_ppl:0.33350346732186154 - rollout_corr/log_ppl_diff:0.19015203654998913 - rollout_corr/log_ppl_abs_diff:0.1909509134129621 - rollout_corr/log_ppl_diff_max:0.5797679424285889 - rollout_corr/log_ppl_diff_min:-0.019765332341194153 - rollout_corr/ppl_ratio:1.2222072994336486 - rollout_corr/chi2_token:1.6107481177896261 - rollout_corr/chi2_seq:-0.9148655794560909 - actor/pg_loss:0.6121495328843594 - actor/kl_loss:0.0 - actor/grpo_loss:0.0 - actor/vopd_loss:0.6121495328843594 - actor/vopd_loss_weighted:0.6121495328843594 - opsa/selection_level:1.0 - opsa/micro_selected_tokens:15.859375 - opsa/clipfrac:0.0 - self_distillation/num_distill_tokens:15.859375 - actor/grad_norm:299.466552734375 - timing_s/update_actor/student_forward:23.181050243976642 - timing_s/update_actor/teacher_forward:0.0 - timing_s/update_actor/teacher_full_forward:0.0 - timing_s/update_actor/loss_compute:0.01973406293109292 - timing_s/update_actor/backward:56.3279336340056 - timing_s/update_actor/optimizer_step:0.1077835940013756 - timing_s/update_actor/teacher_ema_update:2.5405002816114575e-05 - perf/mfu/actor:0.0 - perf/max_memory_allocated_gb:77.82992172241211 - perf/max_memory_reserved_gb:86.58984375 - perf/cpu_memory_used_gb:230.31571197509766 - actor/lr:1e-06 - training/global_step:8 - training/epoch:0 - response_length/mean:79.34375 - response_length/max:529.0 - response_length/min:19.0 - response_length/clip_ratio:0.0 - response_length_non_aborted/mean:79.34375 - response_length_non_aborted/max:529.0 - response_length_non_aborted/min:19.0 - response_length_non_aborted/clip_ratio:0.0 - response/aborted_ratio:0.0 - prompt_length/mean:3389.421875 - prompt_length/max:4338.0 - prompt_length/min:3260.0 - prompt_length/clip_ratio:0.0 - num_turns/min:2 - num_turns/max:2 - num_turns/mean:2.0 - critic/advantages/mean:-0.12515436112880707 - critic/advantages/max:0.0 - critic/advantages/min:-1.0 - timing_s/start_profile:2.5765999453142285e-05 - timing_s/agent_loop/generate_sequences/min:6.567768423003145 - timing_s/agent_loop/generate_sequences/max:11.845869447999576 - timing_s/agent_loop/generate_sequences/mean:7.547331955531035 - timing_s/agent_loop/tool_calls/min:0.0 - timing_s/agent_loop/tool_calls/max:0.0 - timing_s/agent_loop/tool_calls/mean:0.0 - timing_s/agent_loop/slowest/generate_sequences:11.845869447999576 - timing_s/agent_loop/slowest/tool_calls:0.0 - timing_s/agent_loop/slowest/prompt_length:3363 - timing_s/agent_loop/slowest/response_length:529 - timing_s/gen:18.2068427980048 - timing_s/old_log_prob:22.300830960004532 - timing_s/adv:0.0015409750049002469 - timing_s/update_actor:86.4512004499993 - timing_s/dump_rollout_generations:0.037806293003086466 - timing_s/step:127.01173931099765 - timing_s/stop_profile:2.4062996089924127e-05 - timing_per_token_ms/update_actor:0.3894180677114036 - timing_per_token_ms/adv:6.941297583795779e-06 - timing_per_token_ms/gen:3.585435761718157 - perf/total_num_tokens:222001 - perf/time_per_step:127.01173931099765 - perf/throughput:873.938902042803[36m(TaskRunner pid=728081)[0m Training Progress:   7%|▋         | 8/114 [18:19<3:57:18, 134.33s/it]
[36m(TaskRunner pid=728081)[0m Training Progress:   8%|▊         | 9/114 [20:24<3:49:52, 131.36s/it]

[36m(TaskRunner pid=728081)[0m Dumped generations to /scratch/nkw3mr/Vision-OPD-OPSA/rollouts/OPSA-Qwen3.5-4B-v2a/9.jsonl
[36m(TaskRunner pid=728081)[0m step:9 - global_seqlen/min:223569 - global_seqlen/max:223569 - global_seqlen/minmax_diff:0 - global_seqlen/balanced_min:223569 - global_seqlen/balanced_max:223569 - global_seqlen/mean:223569.0 - actor/entropy:0.17511844997329717 - perf/mfu/actor_infer:0 - opsa/selected_tokens:454.0 - opsa/selected_fraction:0.19982394366197184 - opsa/advantage_mean:-0.6392781261830603 - opsa/sel_logp_mean:-2.85188515280837 - opsa/zero_sel_responses:5.0 - opsa/sel_entropy_mean:0.8411853313446045 - opsa/sel_entropy_max:3.019805908203125 - opsa/sel_entropy_min:0.0 - training/rollout_probs_diff_valid:1 - training/rollout_probs_diff_max:0.999992847442627 - training/rollout_probs_diff_mean:0.09360761940479279 - training/rollout_probs_diff_std:0.2045387625694275 - training/rollout_actor_probs_pearson_corr:0.7155386209487915 - rollout_corr/training_ppl:1.8675631117075682 - rollout_corr/training_log_ppl:0.5626631281255072 - rollout_corr/kl:0.38242493517105913 - rollout_corr/k3_kl:0.3860589986290721 - rollout_corr/rollout_ppl:1.2097269091755152 - rollout_corr/rollout_log_ppl:0.18023818568667593 - rollout_corr/log_ppl_diff:0.3824249412537313 - rollout_corr/log_ppl_abs_diff:0.3855236051349209 - rollout_corr/log_ppl_diff_max:1.515462875366211 - rollout_corr/log_ppl_diff_min:-0.05406509339809418 - rollout_corr/ppl_ratio:1.5437268959358335 - rollout_corr/chi2_token:0.9119129031896591 - rollout_corr/chi2_seq:-0.7507595354691148 - actor/pg_loss:0.5620091017335653 - actor/kl_loss:0.0 - actor/grpo_loss:0.0 - actor/vopd_loss:0.5620091017335653 - actor/vopd_loss_weighted:0.5620091017335653 - opsa/selection_level:1.0 - opsa/micro_selected_tokens:7.09375 - opsa/clipfrac:0.0 - self_distillation/num_distill_tokens:7.09375 - actor/grad_norm:659.346923828125 - timing_s/update_actor/student_forward:23.179625341042993 - timing_s/update_actor/teacher_forward:0.0 - timing_s/update_actor/teacher_full_forward:0.0 - timing_s/update_actor/loss_compute:0.01994172701961361 - timing_s/update_actor/backward:57.354802639041736 - timing_s/update_actor/optimizer_step:0.10578089299815474 - timing_s/update_actor/teacher_ema_update:2.605500048957765e-05 - perf/mfu/actor:0.0 - perf/max_memory_allocated_gb:77.82992172241211 - perf/max_memory_reserved_gb:86.58984375 - perf/cpu_memory_used_gb:230.85233688354492 - actor/lr:1e-06 - training/global_step:9 - training/epoch:0 - response_length/mean:35.5 - response_length/max:111.0 - response_length/min:12.0 - response_length/clip_ratio:0.0 - response_length_non_aborted/mean:35.5 - response_length_non_aborted/max:111.0 - response_length_non_aborted/min:12.0 - response_length_non_aborted/clip_ratio:0.0 - response/aborted_ratio:0.0 - prompt_length/mean:3457.765625 - prompt_length/max:4948.0 - prompt_length/min:3254.0 - prompt_length/clip_ratio:0.0 - num_turns/min:2 - num_turns/max:2 - num_turns/mean:2.0 - critic/advantages/mean:-0.12774306535720825 - critic/advantages/max:0.0 - critic/advantages/min:-1.0 - timing_s/start_profile:3.550900146365166e-05 - timing_s/agent_loop/generate_sequences/min:6.186078398000973 - timing_s/agent_loop/generate_sequences/max:8.391519338998478 - timing_s/agent_loop/generate_sequences/mean:7.275827152859165 - timing_s/agent_loop/tool_calls/min:0.0 - timing_s/agent_loop/tool_calls/max:0.0 - timing_s/agent_loop/tool_calls/mean:0.0 - timing_s/agent_loop/slowest/generate_sequences:8.391519338998478 - timing_s/agent_loop/slowest/tool_calls:0.0 - timing_s/agent_loop/slowest/prompt_length:3348 - timing_s/agent_loop/slowest/response_length:72 - timing_s/gen:14.825600067000778 - timing_s/old_log_prob:22.48915444299928 - timing_s/adv:0.002262435002194252 - timing_s/update_actor:87.40199238800415 - timing_s/dump_rollout_generations:0.03719795900542522 - timing_s/step:124.76971163800044 - timing_s/stop_profile:2.38130014622584e-05 - timing_per_token_ms/update_actor:0.39093967584058675 - timing_per_token_ms/adv:1.0119627507365743e-05 - timing_per_token_ms/gen:6.525352142165835 - perf/total_num_tokens:223569 - perf/time_per_step:124.76971163800044 - perf/throughput:895.9265717013518
[36m(TaskRunner pid=728081)[0m Dumped generations to /scratch/nkw3mr/Vision-OPD-OPSA/rollouts/OPSA-Qwen3.5-4B-v2a/10.jsonl
[36m(TaskRunner pid=728081)[0m local_global_step_folder: /scratch/nkw3mr/Vision-OPD-OPSA/checkpoints/OPSA-Qwen3.5-4B-v2a/global_step_10
[36m(TaskRunner pid=728081)[0m step:10 - global_seqlen/min:220019 - global_seqlen/max:220019 - global_seqlen/minmax_diff:0 - global_seqlen/balanced_min:220019 - global_seqlen/balanced_max:220019 - global_seqlen/mean:220019.0 - actor/entropy:0.0814196874262052 - perf/mfu/actor_infer:0 - opsa/selected_tokens:245.0 - opsa/selected_fraction:0.1995114006514658 - opsa/advantage_mean:-0.5615257418885523 - opsa/sel_logp_mean:-2.2797039421237244 - opsa/zero_sel_responses:9.0 - opsa/sel_entropy_mean:0.5438070297241211 - opsa/sel_entropy_max:4.419344902038574 - opsa/sel_entropy_min:0.0 - training/rollout_probs_diff_valid:1 - training/rollout_probs_diff_max:0.9999603033065796 - training/rollout_probs_diff_mean:0.06656382977962494 - training/rollout_probs_diff_std:0.1952478587627411 - training/rollout_actor_probs_pearson_corr:0.6133778691291809 - rollout_corr/training_ppl:1.6375328693538904 - rollout_corr/training_log_ppl:0.39182494400688483 - rollout_corr/kl:0.32656691376431013 - rollout_corr/k3_kl:0.3546639472365186 - rollout_corr/rollout_ppl:1.0755079928785563 - rollout_corr/rollout_log_ppl:0.06525803284332454 - rollout_corr/log_ppl_diff:0.3265669109783005 - rollout_corr/log_ppl_abs_diff:0.33398984811131527 - rollout_corr/log_ppl_diff_max:1.3728737831115723 - rollout_corr/log_ppl_diff_min:-0.08601643145084381 - rollout_corr/ppl_ratio:1.507095375098288 - rollout_corr/chi2_token:6.050743002444506 - rollout_corr/chi2_seq:-0.3055431116372347 - actor/pg_loss:0.46375930309295654 - actor/kl_loss:0.0 - actor/grpo_loss:0.0 - actor/vopd_loss:0.46375930309295654 - actor/vopd_loss_weighted:0.46375930309295654 - opsa/selection_level:1.0 - opsa/micro_selected_tokens:3.828125 - opsa/clipfrac:0.0 - self_distillation/num_distill_tokens:3.828125 - actor/grad_norm:1158.7564697265625 - timing_s/update_actor/student_forward:22.901623034973454 - timing_s/update_actor/teacher_forward:0.0 - timing_s/update_actor/teacher_full_forward:0.0 - timing_s/update_actor/loss_compute:0.019742306030821055 - timing_s/update_actor/backward:56.733111087996804 - timing_s/update_actor/optimizer_step:0.1062725399970077 - timing_s/update_actor/teacher_ema_update:2.9330003599170595e-05 - perf/mfu/actor:0.0 - perf/max_memory_allocated_gb:77.82992172241211 - perf/max_memory_reserved_gb:86.58984375 - perf/cpu_memory_used_gb:230.68084335327148 - actor/lr:1e-06 - training/global_step:10 - training/epoch:0 - response_length/mean:19.1875 - response_length/max:42.0 - response_length/min:11.0 - response_length/clip_ratio:0.0 - response_length_non_aborted/mean:19.1875 - response_length_non_aborted/max:42.0 - response_length_non_aborted/min:11.0 - response_length_non_aborted/clip_ratio:0.0 - response/aborted_ratio:0.0 - prompt_length/mean:3418.609375 - prompt_length/max:4384.0 - prompt_length/min:3203.0 - prompt_length/clip_ratio:0.0 - num_turns/min:2 - num_turns/max:2 - num_turns/mean:2.0 - critic/advantages/mean:-0.11203078925609589 - critic/advantages/max:0.0 - critic/advantages/min:-1.0 - timing_s/start_profile:5.882100231247023e-05 - timing_s/agent_loop/generate_sequences/min:6.342775453995273 - timing_s/agent_loop/generate_sequences/max:7.649962960000266 - timing_s/agent_loop/generate_sequences/mean:6.931240886030537 - timing_s/agent_loop/tool_calls/min:0.0 - timing_s/agent_loop/tool_calls/max:0.0 - timing_s/agent_loop/tool_calls/mean:0.0 - timing_s/agent_loop/slowest/generate_sequences:7.649962960000266 - timing_s/agent_loop/slowest/tool_calls:0.0 - timing_s/agent_loop/slowest/prompt_length:3349 - timing_s/agent_loop/slowest/response_length:38 - timing_s/gen:13.91406798800017 - timing_s/old_log_prob:22.30373926000175 - timing_s/adv:0.0014992770011303946 - timing_s/update_actor:86.68561512399901 - timing_s/dump_rollout_generations:0.03668992999882903 - timing_s/step:122.95463037599984 - timing_s/save_checkpoint:15.538852674995724 - timing_s/stop_profile:2.7797999791800976e-05 - timing_per_token_ms/update_actor:0.3939914967525487 - timing_per_token_ms/adv:6.814306951355995e-06 - timing_per_token_ms/gen:11.330674257329129 - perf/total_num_tokens:220019 - perf/time_per_step:122.95463037599984 - perf/throughput:894.7162027455724[36m(TaskRunner pid=728081)[0m Training Progress:   9%|▉         | 10/114 [22:43<3:51:32, 133.58s/it]
[36m(WorkerDict pid=742588)[0m /sfs/weka/scratch/nkw3mr/Vision-OPD-OPSA/verl/utils/device.py:134: FutureWarning: torch.cuda._set_allocator_settings is deprecated. Use torch._C._accelerator_setAllocatorSettings instead.
[36m(WorkerDict pid=742588)[0m   torch.cuda.memory._set_allocator_settings(f"expandable_segments:{enable}")
[36m(TaskRunner pid=728081)[0m Training Progress:  10%|▉         | 11/114 [24:44<3:43:08, 129.99s/it]
[36m(WorkerDict pid=742585)[0m /sfs/weka/scratch/nkw3mr/Vision-OPD-OPSA/verl/utils/device.py:134: FutureWarning: torch.cuda._set_allocator_settings is deprecated. Use torch._C._accelerator_setAllocatorSettings instead.
[36m(WorkerDict pid=742585)[0m   torch.cuda.memory._set_allocator_settings(f"expandable_segments:{enable}")

[36m(TaskRunner pid=728081)[0m Dumped generations to /scratch/nkw3mr/Vision-OPD-OPSA/rollouts/OPSA-Qwen3.5-4B-v2a/11.jsonl
[36m(TaskRunner pid=728081)[0m step:11 - global_seqlen/min:218374 - global_seqlen/max:218374 - global_seqlen/minmax_diff:0 - global_seqlen/balanced_min:218374 - global_seqlen/balanced_max:218374 - global_seqlen/mean:218374.0 - actor/entropy:0.054597405304548374 - perf/mfu/actor_infer:0 - opsa/selected_tokens:226.0 - opsa/selected_fraction:0.19964664310954064 - opsa/advantage_mean:-0.5655667465344995 - opsa/sel_logp_mean:-1.8614334511545907 - opsa/zero_sel_responses:2.0 - opsa/sel_entropy_mean:0.3267940282821655 - opsa/sel_entropy_max:2.4920711517333984 - opsa/sel_entropy_min:0.0 - training/rollout_probs_diff_valid:1 - training/rollout_probs_diff_max:0.9999973773956299 - training/rollout_probs_diff_mean:0.06317124515771866 - training/rollout_probs_diff_std:0.20221266150474548 - training/rollout_actor_probs_pearson_corr:0.5455479025840759 - rollout_corr/training_ppl:1.5647269692271948 - rollout_corr/training_log_ppl:0.3565451641473949 - rollout_corr/kl:0.2890807742930619 - rollout_corr/k3_kl:0.4639744820416631 - rollout_corr/rollout_ppl:1.0791230760514736 - rollout_corr/rollout_log_ppl:0.06746438941887334 - rollout_corr/log_ppl_diff:0.289080773110058 - rollout_corr/log_ppl_abs_diff:0.3204848849379829 - rollout_corr/log_ppl_diff_max:1.4848170280456543 - rollout_corr/log_ppl_diff_min:-0.5234483480453491 - rollout_corr/ppl_ratio:1.4521067794412374 - rollout_corr/chi2_token:41.01116421818733 - rollout_corr/chi2_seq:519.73588485457 - actor/pg_loss:0.5302515681833029 - actor/kl_loss:0.0 - actor/grpo_loss:0.0 - actor/vopd_loss:0.5302515681833029 - actor/vopd_loss_weighted:0.5302515681833029 - opsa/selection_level:1.0 - opsa/micro_selected_tokens:3.53125 - opsa/clipfrac:0.0 - self_distillation/num_distill_tokens:3.53125 - actor/grad_norm:1169.2491455078125 - timing_s/update_actor/student_forward:22.867046017978282 - timing_s/update_actor/teacher_forward:0.0 - timing_s/update_actor/teacher_full_forward:0.0 - timing_s/update_actor/loss_compute:0.02019689501321409 - timing_s/update_actor/backward:56.43914169097843 - timing_s/update_actor/optimizer_step:0.10881574100494618 - timing_s/update_actor/teacher_ema_update:2.7818001399282366e-05 - perf/mfu/actor:0.0 - perf/max_memory_allocated_gb:77.82992172241211 - perf/max_memory_reserved_gb:86.58984375 - perf/cpu_memory_used_gb:231.45330047607422 - actor/lr:1e-06 - training/global_step:11 - training/epoch:0 - response_length/mean:17.6875 - response_length/max:48.0 - response_length/min:2.0 - response_length/clip_ratio:0.0 - response_length_non_aborted/mean:17.6875 - response_length_non_aborted/max:48.0 - response_length_non_aborted/min:2.0 - response_length_non_aborted/clip_ratio:0.0 - response/aborted_ratio:0.0 - prompt_length/mean:3394.40625 - prompt_length/max:3970.0 - prompt_length/min:3155.0 - prompt_length/clip_ratio:0.0 - num_turns/min:2 - num_turns/max:2 - num_turns/mean:2.0 - critic/advantages/mean:-0.11291351914405823 - critic/advantages/max:0.0 - critic/advantages/min:-1.0 - timing_s/start_profile:3.07220034301281e-05 - timing_s/agent_loop/generate_sequences/min:5.103845894002006 - timing_s/agent_loop/generate_sequences/max:7.429767140005424 - timing_s/agent_loop/generate_sequences/mean:6.746933604765445 - timing_s/agent_loop/tool_calls/min:0.0 - timing_s/agent_loop/tool_calls/max:0.0 - timing_s/agent_loop/tool_calls/mean:0.0 - timing_s/agent_loop/slowest/generate_sequences:7.429767140005424 - timing_s/agent_loop/slowest/tool_calls:0.0 - timing_s/agent_loop/slowest/prompt_length:3353 - timing_s/agent_loop/slowest/response_length:26 - timing_s/gen:13.376755663994118 - timing_s/old_log_prob:22.20792070700554 - timing_s/adv:0.0014907660006429069 - timing_s/update_actor:86.1579873659939 - timing_s/dump_rollout_generations:0.038210243998037186 - timing_s/step:121.79515299099876 - timing_s/stop_profile:3.061199822695926e-05 - timing_per_token_ms/update_actor:0.3945432485826788 - timing_per_token_ms/adv:6.826664349432198e-06 - timing_per_token_ms/gen:11.816921964659114 - perf/total_num_tokens:218374 - perf/time_per_step:121.79515299099876 - perf/throughput:896.4806670760489
[36m(TaskRunner pid=728081)[0m Dumped generations to /scratch/nkw3mr/Vision-OPD-OPSA/rollouts/OPSA-Qwen3.5-4B-v2a/12.jsonl
[36m(TaskRunner pid=728081)[0m step:12 - global_seqlen/min:218720 - global_seqlen/max:218720 - global_seqlen/minmax_diff:0 - global_seqlen/balanced_min:218720 - global_seqlen/balanced_max:218720 - global_seqlen/mean:218720.0 - actor/entropy:0.06656063030368387 - perf/mfu/actor_infer:0 - opsa/selected_tokens:93.0 - opsa/selected_fraction:0.2 - opsa/advantage_mean:-0.5662888967862694 - opsa/sel_logp_mean:-4.045160765288978 - opsa/zero_sel_responses:17.0 - opsa/sel_entropy_mean:0.29403287172317505 - opsa/sel_entropy_max:2.217815399169922 - opsa/sel_entropy_min:0.0 - training/rollout_probs_diff_valid:1 - training/rollout_probs_diff_max:0.9999484419822693 - training/rollout_probs_diff_mean:0.08607619255781174 - training/rollout_probs_diff_std:0.24448315799236298 - training/rollout_actor_probs_pearson_corr:0.5051406621932983 - rollout_corr/training_ppl:6.691062066704035 - rollout_corr/training_log_ppl:0.7489145512226969 - rollout_corr/kl:0.6595539141319318 - rollout_corr/k3_kl:0.5834360655862838 - rollout_corr/rollout_ppl:1.1437779441475868 - rollout_corr/rollout_log_ppl:0.08936065614486388 - rollout_corr/log_ppl_diff:0.6595538903832061 - rollout_corr/log_ppl_abs_diff:0.7031940679132891 - rollout_corr/log_ppl_diff_max:4.518733978271484 - rollout_corr/log_ppl_diff_min:-0.44088178873062134 - rollout_corr/ppl_ratio:5.7928481772542 - rollout_corr/chi2_token:-0.03016921505331993 - rollout_corr/chi2_seq:-0.32157949823886156 - actor/pg_loss:0.40899330750107765 - actor/kl_loss:0.0 - actor/grpo_loss:0.0 - actor/vopd_loss:0.40899330750107765 - actor/vopd_loss_weighted:0.40899330750107765 - opsa/selection_level:1.0 - opsa/micro_selected_tokens:1.453125 - opsa/clipfrac:0.0 - self_distillation/num_distill_tokens:1.453125 - actor/grad_norm:1086.77197265625 - timing_s/update_actor/student_forward:22.851502181991236 - timing_s/update_actor/teacher_forward:0.0 - timing_s/update_actor/teacher_full_forward:0.0 - timing_s/update_actor/loss_compute:0.019926337037759367 - timing_s/update_actor/backward:56.54808791799587 - timing_s/update_actor/optimizer_step:0.10797362800076371 - timing_s/update_actor/teacher_ema_update:2.684699575183913e-05 - perf/mfu/actor:0.0 - perf/max_memory_allocated_gb:77.82992172241211 - perf/max_memory_reserved_gb:86.58984375 - perf/cpu_memory_used_gb:231.12286758422852 - actor/lr:1e-06 - training/global_step:12 - training/epoch:0 - response_length/mean:7.265625 - response_length/max:34.0 - response_length/min:2.0 - response_length/clip_ratio:0.0 - response_length_non_aborted/mean:7.265625 - response_length_non_aborted/max:34.0 - response_length_non_aborted/min:2.0 - response_length_non_aborted/clip_ratio:0.0 - response/aborted_ratio:0.0 - prompt_length/mean:3410.234375 - prompt_length/max:4018.0 - prompt_length/min:3171.0 - prompt_length/clip_ratio:0.0 - num_turns/min:2 - num_turns/max:2 - num_turns/mean:2.0 - critic/advantages/mean:-0.11325778067111969 - critic/advantages/max:0.0 - critic/advantages/min:-1.0 - timing_s/start_profile:2.4562999897170812e-05 - timing_s/agent_loop/generate_sequences/min:1.4355088899974362 - timing_s/agent_loop/generate_sequences/max:7.369744843002991 - timing_s/agent_loop/generate_sequences/mean:5.313293205985133 - timing_s/agent_loop/tool_calls/min:0.0 - timing_s/agent_loop/tool_calls/max:0.0 - timing_s/agent_loop/tool_calls/mean:0.0 - timing_s/agent_loop/slowest/generate_sequences:7.369744843002991 - timing_s/agent_loop/slowest/tool_calls:0.0 - timing_s/agent_loop/slowest/prompt_length:3368 - timing_s/agent_loop/slowest/response_length:34 - timing_s/gen:13.657679702002497 - timing_s/old_log_prob:22.207674476994725 - timing_s/adv:0.0019743400043807924 - timing_s/update_actor:86.34816114800196 - timing_s/dump_rollout_generations:0.03756212199368747 - timing_s/step:122.26621693799825 - timing_s/stop_profile:2.768800186458975e-05 - timing_per_token_ms/update_actor:0.3947885933979607 - timing_per_token_ms/adv:9.026792265822935e-06 - timing_per_token_ms/gen:29.37135419785483 - perf/total_num_tokens:218720 - perf/time_per_step:122.26621693799825 - perf/throughput:894.4416760310572[36m(TaskRunner pid=728081)[0m Training Progress:  11%|█         | 12/114 [26:47<3:37:00, 127.65s/it]
[36m(TaskRunner pid=728081)[0m Training Progress:  11%|█▏        | 13/114 [28:50<3:32:22, 126.17s/it]

[36m(TaskRunner pid=728081)[0m Dumped generations to /scratch/nkw3mr/Vision-OPD-OPSA/rollouts/OPSA-Qwen3.5-4B-v2a/13.jsonl
[36m(TaskRunner pid=728081)[0m step:13 - global_seqlen/min:220758 - global_seqlen/max:220758 - global_seqlen/minmax_diff:0 - global_seqlen/balanced_min:220758 - global_seqlen/balanced_max:220758 - global_seqlen/mean:220758.0 - actor/entropy:0.02650788426399231 - perf/mfu/actor_infer:0 - opsa/selected_tokens:25.0 - opsa/selected_fraction:0.1953125 - opsa/advantage_mean:-0.5981529998779297 - opsa/sel_logp_mean:-1.554459991455078 - opsa/zero_sel_responses:39.0 - opsa/sel_entropy_mean:0.13533645868301392 - opsa/sel_entropy_max:0.6854019165039062 - opsa/sel_entropy_min:0.000980377197265625 - training/rollout_probs_diff_valid:1 - training/rollout_probs_diff_max:0.9932109713554382 - training/rollout_probs_diff_mean:0.05656088888645172 - training/rollout_probs_diff_std:0.19478833675384521 - training/rollout_actor_probs_pearson_corr:0.49618175625801086 - rollout_corr/training_ppl:3.7095805890858173 - rollout_corr/training_log_ppl:0.30361273884773254 - rollout_corr/kl:0.2756801105153267 - rollout_corr/k3_kl:0.22764646727591753 - rollout_corr/rollout_ppl:1.0328512582927942 - rollout_corr/rollout_log_ppl:0.027932628151743744 - rollout_corr/log_ppl_diff:0.2756801105153267 - rollout_corr/log_ppl_abs_diff:0.2947456715058342 - rollout_corr/log_ppl_diff_max:4.056612014770508 - rollout_corr/log_ppl_diff_min:-0.1935204267501831 - rollout_corr/ppl_ratio:2.8910178067162633 - rollout_corr/chi2_token:-0.03792424686253071 - rollout_corr/chi2_seq:-0.07584848068654537 - actor/pg_loss:0.23365352302789688 - actor/kl_loss:0.0 - actor/grpo_loss:0.0 - actor/vopd_loss:0.23365352302789688 - actor/vopd_loss_weighted:0.23365352302789688 - opsa/selection_level:1.0 - opsa/micro_selected_tokens:0.390625 - opsa/clipfrac:0.0 - self_distillation/num_distill_tokens:0.390625 - actor/grad_norm:433.935791015625 - timing_s/update_actor/student_forward:22.8060762630339 - timing_s/update_actor/teacher_forward:0.0 - timing_s/update_actor/teacher_full_forward:0.0 - timing_s/update_actor/loss_compute:0.020076261986105237 - timing_s/update_actor/backward:56.92343597100262 - timing_s/update_actor/optimizer_step:0.12530900400452083 - timing_s/update_actor/teacher_ema_update:2.751800639089197e-05 - perf/mfu/actor:0.0 - perf/max_memory_allocated_gb:77.82992172241211 - perf/max_memory_reserved_gb:86.58984375 - perf/cpu_memory_used_gb:231.72750854492188 - actor/lr:1e-06 - training/global_step:13 - training/epoch:0 - response_length/mean:2.0 - response_length/max:2.0 - response_length/min:2.0 - response_length/clip_ratio:0.0 - response_length_non_aborted/mean:2.0 - response_length_non_aborted/max:2.0 - response_length_non_aborted/min:2.0 - response_length_non_aborted/clip_ratio:0.0 - response/aborted_ratio:0.0 - prompt_length/mean:3447.34375 - prompt_length/max:5887.0 - prompt_length/min:3204.0 - prompt_length/clip_ratio:0.0 - num_turns/min:2 - num_turns/max:2 - num_turns/mean:2.0 - critic/advantages/mean:-0.11682676523923874 - critic/advantages/max:0.0 - critic/advantages/min:-1.0 - timing_s/start_profile:7.714600360486656e-05 - timing_s/agent_loop/generate_sequences/min:1.6103136370002176 - timing_s/agent_loop/generate_sequences/max:6.34282849200099 - timing_s/agent_loop/generate_sequences/mean:4.393516136468747 - timing_s/agent_loop/tool_calls/min:0.0 - timing_s/agent_loop/tool_calls/max:0.0 - timing_s/agent_loop/tool_calls/mean:0.0 - timing_s/agent_loop/slowest/generate_sequences:6.34282849200099 - timing_s/agent_loop/slowest/tool_calls:0.0 - timing_s/agent_loop/slowest/prompt_length:3349 - timing_s/agent_loop/slowest/response_length:2 - timing_s/gen:13.390126243997656 - timing_s/old_log_prob:22.443131272004393 - timing_s/adv:0.0017650919980951585 - timing_s/update_actor:86.80286552000325 - timing_s/dump_rollout_generations:0.03917995400115615 - timing_s/step:122.69096258099307 - timing_s/stop_profile:2.480400144122541e-05 - timing_per_token_ms/update_actor:0.3932037141123006 - timing_per_token_ms/adv:7.995596979928965e-06 - timing_per_token_ms/gen:104.61036128123169 - perf/total_num_tokens:220758 - perf/time_per_step:122.69096258099307 - perf/throughput:899.650615481434
[36m(TaskRunner pid=728081)[0m Dumped generations to /scratch/nkw3mr/Vision-OPD-OPSA/rollouts/OPSA-Qwen3.5-4B-v2a/14.jsonl
[36m(TaskRunner pid=728081)[0m step:14 - global_seqlen/min:217381 - global_seqlen/max:217381 - global_seqlen/minmax_diff:0 - global_seqlen/balanced_min:217381 - global_seqlen/balanced_max:217381 - global_seqlen/mean:217381.0 - actor/entropy:0.03882506489753723 - perf/mfu/actor_infer:0 - opsa/selected_tokens:25.0 - opsa/selected_fraction:0.1953125 - opsa/advantage_mean:-0.6431703186035156 - opsa/sel_logp_mean:-1.7127801513671874 - opsa/zero_sel_responses:39.0 - opsa/sel_entropy_mean:0.19850143790245056 - opsa/sel_entropy_max:0.6931877136230469 - opsa/sel_entropy_min:1.9073486328125e-05 - training/rollout_probs_diff_valid:1 - training/rollout_probs_diff_max:0.999477207660675 - training/rollout_probs_diff_mean:0.08575025945901871 - training/rollout_probs_diff_std:0.2342732697725296 - training/rollout_actor_probs_pearson_corr:0.1294800341129303 - rollout_corr/training_ppl:21.956548061221838 - rollout_corr/training_log_ppl:0.33453264832496643 - rollout_corr/kl:0.2766470161890689 - rollout_corr/k3_kl:0.3967063892632723 - rollout_corr/rollout_ppl:1.1000299025326967 - rollout_corr/rollout_log_ppl:0.0578856361044659 - rollout_corr/log_ppl_diff:0.27664701432642375 - rollout_corr/log_ppl_abs_diff:0.3763661750586684 - rollout_corr/log_ppl_diff_max:6.9213457107543945 - rollout_corr/log_ppl_diff_min:-1.4848755598068237 - rollout_corr/ppl_ratio:18.334617499727756 - rollout_corr/chi2_token:3.0213682195171714 - rollout_corr/chi2_seq:6.042737425304949 - actor/pg_loss:0.25123840756714344 - actor/kl_loss:0.0 - actor/grpo_loss:0.0 - actor/vopd_loss:0.25123840756714344 - actor/vopd_loss_weighted:0.25123840756714344 - opsa/selection_level:1.0 - opsa/micro_selected_tokens:0.390625 - opsa/clipfrac:0.0 - self_distillation/num_distill_tokens:0.390625 - actor/grad_norm:443.8089599609375 - timing_s/update_actor/student_forward:22.888993342989124 - timing_s/update_actor/teacher_forward:0.0 - timing_s/update_actor/teacher_full_forward:0.0 - timing_s/update_actor/loss_compute:0.020063330994162243 - timing_s/update_actor/backward:56.07292426701315 - timing_s/update_actor/optimizer_step:0.10957235800015042 - timing_s/update_actor/teacher_ema_update:2.706700615817681e-05 - perf/mfu/actor:0.0 - perf/max_memory_allocated_gb:77.82992172241211 - perf/max_memory_reserved_gb:86.58984375 - perf/cpu_memory_used_gb:231.43309020996094 - actor/lr:1e-06 - training/global_step:14 - training/epoch:0 - response_length/mean:2.0 - response_length/max:2.0 - response_length/min:2.0 - response_length/clip_ratio:0.0 - response_length_non_aborted/mean:2.0 - response_length_non_aborted/max:2.0 - response_length_non_aborted/min:2.0 - response_length_non_aborted/clip_ratio:0.0 - response/aborted_ratio:0.0 - prompt_length/mean:3394.578125 - prompt_length/max:3959.0 - prompt_length/min:3342.0 - prompt_length/clip_ratio:0.0 - num_turns/min:2 - num_turns/max:2 - num_turns/mean:2.0 - critic/advantages/mean:-0.12561920285224915 - critic/advantages/max:0.0 - critic/advantages/min:-1.0 - timing_s/start_profile:2.8770002245437354e-05 - timing_s/agent_loop/generate_sequences/min:1.2987000479988637 - timing_s/agent_loop/generate_sequences/max:6.149629388004541 - timing_s/agent_loop/generate_sequences/mean:4.360432329656305 - timing_s/agent_loop/tool_calls/min:0.0 - timing_s/agent_loop/tool_calls/max:0.0 - timing_s/agent_loop/tool_calls/mean:0.0 - timing_s/agent_loop/slowest/generate_sequences:6.149629388004541 - timing_s/agent_loop/slowest/tool_calls:0.0 - timing_s/agent_loop/slowest/prompt_length:3350 - timing_s/agent_loop/slowest/response_length:2 - timing_s/gen:13.026950309002132 - timing_s/old_log_prob:22.202711320998787 - timing_s/adv:0.0014894440028001554 - timing_s/update_actor:85.88737925200257 - timing_s/dump_rollout_generations:0.03825603699806379 - timing_s/step:121.16953340799955 - timing_s/stop_profile:3.0732000595889986e-05 - timing_per_token_ms/update_actor:0.3951006723310803 - timing_per_token_ms/adv:6.8517671866453616e-06 - timing_per_token_ms/gen:101.77304928907915 - perf/total_num_tokens:217381 - perf/time_per_step:121.16953340799955 - perf/throughput:897.0117895396988[36m(TaskRunner pid=728081)[0m Training Progress:  12%|█▏        | 14/114 [30:51<3:27:47, 124.67s/it]
[36m(TaskRunner pid=728081)[0m Training Progress:  13%|█▎        | 15/114 [32:52<3:23:58, 123.62s/it]

[36m(TaskRunner pid=728081)[0m Dumped generations to /scratch/nkw3mr/Vision-OPD-OPSA/rollouts/OPSA-Qwen3.5-4B-v2a/15.jsonl
[36m(TaskRunner pid=728081)[0m step:15 - global_seqlen/min:217088 - global_seqlen/max:217088 - global_seqlen/minmax_diff:0 - global_seqlen/balanced_min:217088 - global_seqlen/balanced_max:217088 - global_seqlen/mean:217088.0 - actor/entropy:0.017477810382843018 - perf/mfu/actor_infer:0 - opsa/selected_tokens:25.0 - opsa/selected_fraction:0.1953125 - opsa/advantage_mean:-0.5748526000976563 - opsa/sel_logp_mean:-1.7216426086425782 - opsa/zero_sel_responses:39.0 - opsa/sel_entropy_mean:0.08948303014039993 - opsa/sel_entropy_max:0.5972518920898438 - opsa/sel_entropy_min:8.392333984375e-05 - training/rollout_probs_diff_valid:1 - training/rollout_probs_diff_max:0.9999646544456482 - training/rollout_probs_diff_mean:0.06741157919168472 - training/rollout_probs_diff_std:0.23565644025802612 - training/rollout_actor_probs_pearson_corr:0.07525788247585297 - rollout_corr/training_ppl:5.127190299332142 - rollout_corr/training_log_ppl:0.33625832200050354 - rollout_corr/kl:0.3264213488977208 - rollout_corr/k3_kl:0.27596527989953756 - rollout_corr/rollout_ppl:1.0121161136776209 - rollout_corr/rollout_log_ppl:0.009836973130714521 - rollout_corr/log_ppl_diff:0.3264213488977208 - rollout_corr/log_ppl_abs_diff:0.3422752123241719 - rollout_corr/log_ppl_diff_max:5.125017166137695 - rollout_corr/log_ppl_diff_min:-0.4870385527610779 - rollout_corr/ppl_ratio:5.11331692058593 - rollout_corr/chi2_token:-0.02075970731675625 - rollout_corr/chi2_seq:-0.04151949193328619 - actor/pg_loss:0.22455178387463093 - actor/kl_loss:0.0 - actor/grpo_loss:0.0 - actor/vopd_loss:0.22455178387463093 - actor/vopd_loss_weighted:0.22455178387463093 - opsa/selection_level:1.0 - opsa/micro_selected_tokens:0.390625 - opsa/clipfrac:0.0 - self_distillation/num_distill_tokens:0.390625 - actor/grad_norm:683.7555541992188 - timing_s/update_actor/student_forward:22.708479673980037 - timing_s/update_actor/teacher_forward:0.0 - timing_s/update_actor/teacher_full_forward:0.0 - timing_s/update_actor/loss_compute:0.020081058981304523 - timing_s/update_actor/backward:56.12803423800506 - timing_s/update_actor/optimizer_step:0.10840179299702868 - timing_s/update_actor/teacher_ema_update:2.7547997888177633e-05 - perf/mfu/actor:0.0 - perf/max_memory_allocated_gb:77.82992172241211 - perf/max_memory_reserved_gb:86.58984375 - perf/cpu_memory_used_gb:231.35095977783203 - actor/lr:1e-06 - training/global_step:15 - training/epoch:0 - response_length/mean:2.0 - response_length/max:2.0 - response_length/min:2.0 - response_length/clip_ratio:0.0 - response_length_non_aborted/mean:2.0 - response_length_non_aborted/max:2.0 - response_length_non_aborted/min:2.0 - response_length_non_aborted/clip_ratio:0.0 - response/aborted_ratio:0.0 - prompt_length/mean:3390.0 - prompt_length/max:4475.0 - prompt_length/min:3204.0 - prompt_length/clip_ratio:0.0 - num_turns/min:2 - num_turns/max:2 - num_turns/mean:2.0 - critic/advantages/mean:-0.11227589100599289 - critic/advantages/max:0.0 - critic/advantages/min:-1.0 - timing_s/start_profile:8.669900125823915e-05 - timing_s/agent_loop/generate_sequences/min:1.9404964439963805 - timing_s/agent_loop/generate_sequences/max:6.352799042004335 - timing_s/agent_loop/generate_sequences/mean:4.316306190187333 - timing_s/agent_loop/tool_calls/min:0.0 - timing_s/agent_loop/tool_calls/max:0.0 - timing_s/agent_loop/tool_calls/mean:0.0 - timing_s/agent_loop/slowest/generate_sequences:6.352799042004335 - timing_s/agent_loop/slowest/tool_calls:0.0 - timing_s/agent_loop/slowest/prompt_length:3354 - timing_s/agent_loop/slowest/response_length:2 - timing_s/gen:13.239326504000928 - timing_s/old_log_prob:22.060908219995326 - timing_s/adv:0.0019503370058373548 - timing_s/update_actor:85.7766765579945 - timing_s/dump_rollout_generations:0.04333900300116511 - timing_s/step:121.14162265900086 - timing_s/stop_profile:2.6415997126605362e-05 - timing_per_token_ms/update_actor:0.3951239891564458 - timing_per_token_ms/adv:8.98408482199548e-06 - timing_per_token_ms/gen:103.43223831250725 - perf/total_num_tokens:217088 - perf/time_per_step:121.14162265900086 - perf/throughput:896.0091306151508
[36m(TaskRunner pid=728081)[0m Dumped generations to /scratch/nkw3mr/Vision-OPD-OPSA/rollouts/OPSA-Qwen3.5-4B-v2a/16.jsonl
[36m(TaskRunner pid=728081)[0m step:16 - global_seqlen/min:216476 - global_seqlen/max:216476 - global_seqlen/minmax_diff:0 - global_seqlen/balanced_min:216476 - global_seqlen/balanced_max:216476 - global_seqlen/mean:216476.0 - actor/entropy:1.0877847671508789e-05 - perf/mfu/actor_infer:0 - opsa/selected_tokens:25.0 - opsa/selected_fraction:0.1953125 - opsa/advantage_mean:-0.5204733657836914 - opsa/sel_logp_mean:-4.8828125e-06 - opsa/zero_sel_responses:51.0 - opsa/sel_entropy_mean:5.279541073832661e-05 - opsa/sel_entropy_max:0.00128936767578125 - opsa/sel_entropy_min:0.0 - training/rollout_probs_diff_valid:1 - training/rollout_probs_diff_max:0.2227001190185547 - training/rollout_probs_diff_mean:0.00269496301189065 - training/rollout_probs_diff_std:0.02225102297961712 - training/rollout_actor_probs_pearson_corr:-0.0107828788459301 - rollout_corr/training_ppl:1.0000009536743164 - rollout_corr/training_log_ppl:9.5367431640625e-07 - rollout_corr/kl:-0.00298178408119093 - rollout_corr/k3_kl:0.0003358181565999985 - rollout_corr/rollout_ppl:1.003144208341837 - rollout_corr/rollout_log_ppl:0.00298273775550556 - rollout_corr/log_ppl_diff:-0.00298178408119093 - rollout_corr/log_ppl_abs_diff:0.0029836802539528473 - rollout_corr/log_ppl_diff_max:6.0677528381347656e-05 - rollout_corr/log_ppl_diff_min:-0.12596452236175537 - rollout_corr/ppl_ratio:0.9971679644659162 - rollout_corr/chi2_token:0.007419615983963013 - rollout_corr/chi2_seq:0.014839230105280876 - actor/pg_loss:0.1055612051859498 - actor/kl_loss:0.0 - actor/grpo_loss:0.0 - actor/vopd_loss:0.1055612051859498 - actor/vopd_loss_weighted:0.1055612051859498 - opsa/selection_level:1.0 - opsa/micro_selected_tokens:0.390625 - opsa/clipfrac:0.0 - self_distillation/num_distill_tokens:0.390625 - actor/grad_norm:0.01269754022359848 - timing_s/update_actor/student_forward:22.790877788000216 - timing_s/update_actor/teacher_forward:0.0 - timing_s/update_actor/teacher_full_forward:0.0 - timing_s/update_actor/loss_compute:0.02017214399529621 - timing_s/update_actor/backward:56.17819340699498 - timing_s/update_actor/optimizer_step:0.10792882399982773 - timing_s/update_actor/teacher_ema_update:4.3118998291902244e-05 - perf/mfu/actor:0.0 - perf/max_memory_allocated_gb:77.82992172241211 - perf/max_memory_reserved_gb:86.58984375 - perf/cpu_memory_used_gb:231.23319244384766 - actor/lr:1e-06 - training/global_step:16 - training/epoch:0 - response_length/mean:2.0 - response_length/max:2.0 - response_length/min:2.0 - response_length/clip_ratio:0.0 - response_length_non_aborted/mean:2.0 - response_length_non_aborted/max:2.0 - response_length_non_aborted/min:2.0 - response_length_non_aborted/clip_ratio:0.0 - response/aborted_ratio:0.0 - prompt_length/mean:3380.4375 - prompt_length/max:3968.0 - prompt_length/min:3205.0 - prompt_length/clip_ratio:0.0 - num_turns/min:2 - num_turns/max:2 - num_turns/mean:2.0 - critic/advantages/mean:-0.10165495425462723 - critic/advantages/max:0.0 - critic/advantages/min:-1.0 - timing_s/start_profile:3.364699659869075e-05 - timing_s/agent_loop/generate_sequences/min:2.116414814001473 - timing_s/agent_loop/generate_sequences/max:6.187398456997471 - timing_s/agent_loop/generate_sequences/mean:4.294762755874899 - timing_s/agent_loop/tool_calls/min:0.0 - timing_s/agent_loop/tool_calls/max:0.0 - timing_s/agent_loop/tool_calls/mean:0.0 - timing_s/agent_loop/slowest/generate_sequences:6.187398456997471 - timing_s/agent_loop/slowest/tool_calls:0.0 - timing_s/agent_loop/slowest/prompt_length:3955 - timing_s/agent_loop/slowest/response_length:2 - timing_s/gen:13.209254149005574 - timing_s/old_log_prob:22.102036991003843 - timing_s/adv:0.0015884200038271956 - timing_s/update_actor:85.87077390600462 - timing_s/dump_rollout_generations:0.03861533000599593 - timing_s/step:121.23514465900371 - timing_s/stop_profile:2.8929003747180104e-05 - timing_per_token_ms/update_actor:0.39667572343356594 - timing_per_token_ms/adv:7.3376263596296846e-06 - timing_per_token_ms/gen:103.19729803910604 - perf/total_num_tokens:216476 - perf/time_per_step:121.23514465900371 - perf/throughput:892.793919654564[36m(TaskRunner pid=728081)[0m Training Progress:  14%|█▍        | 16/114 [34:53<3:20:46, 122.92s/it]
[36m(TaskRunner pid=728081)[0m Training Progress:  15%|█▍        | 17/114 [36:57<3:18:59, 123.08s/it]

[36m(TaskRunner pid=728081)[0m Dumped generations to /scratch/nkw3mr/Vision-OPD-OPSA/rollouts/OPSA-Qwen3.5-4B-v2a/17.jsonl
[36m(TaskRunner pid=728081)[0m step:17 - global_seqlen/min:220912 - global_seqlen/max:220912 - global_seqlen/minmax_diff:0 - global_seqlen/balanced_min:220912 - global_seqlen/balanced_max:220912 - global_seqlen/mean:220912.0 - actor/entropy:7.152557373046875e-07 - perf/mfu/actor_infer:0 - opsa/selected_tokens:25.0 - opsa/selected_fraction:0.1953125 - opsa/advantage_mean:-0.5225 - opsa/sel_logp_mean:-0.8000001525878906 - opsa/zero_sel_responses:51.0 - opsa/sel_entropy_mean:1.3732910701946821e-06 - opsa/sel_entropy_max:3.0517578125e-05 - opsa/sel_entropy_min:0.0 - training/rollout_probs_diff_valid:1 - training/rollout_probs_diff_max:0.9999417066574097 - training/rollout_probs_diff_mean:0.007813462056219578 - training/rollout_probs_diff_std:0.08838307112455368 - training/rollout_actor_probs_pearson_corr:0.3377608060836792 - rollout_corr/training_ppl:345.1479187309742 - rollout_corr/training_log_ppl:0.1562500298023224 - rollout_corr/kl:0.15624816632416683 - rollout_corr/k3_kl:0.148437038064003 - rollout_corr/rollout_ppl:1.000001847743988 - rollout_corr/rollout_log_ppl:1.8578769471755407e-06 - rollout_corr/log_ppl_diff:0.15624816632416683 - rollout_corr/log_ppl_abs_diff:0.15625095450732984 - rollout_corr/log_ppl_diff_max:9.999970436096191 - rollout_corr/log_ppl_diff_min:-7.920830103103071e-05 - rollout_corr/ppl_ratio:345.1377244684845 - rollout_corr/chi2_token:-0.007809754461050034 - rollout_corr/chi2_seq:-0.015619511716067791 - actor/pg_loss:0.10595703125 - actor/kl_loss:0.0 - actor/grpo_loss:0.0 - actor/vopd_loss:0.10595703125 - actor/vopd_loss_weighted:0.10595703125 - opsa/selection_level:1.0 - opsa/micro_selected_tokens:0.390625 - opsa/clipfrac:0.0 - self_distillation/num_distill_tokens:0.390625 - actor/grad_norm:40.58742141723633 - timing_s/update_actor/student_forward:23.13141629605525 - timing_s/update_actor/teacher_forward:0.0 - timing_s/update_actor/teacher_full_forward:0.0 - timing_s/update_actor/loss_compute:0.019891737974830903 - timing_s/update_actor/backward:56.913364680011 - timing_s/update_actor/optimizer_step:0.09789062500203727 - timing_s/update_actor/teacher_ema_update:3.302499681012705e-05 - perf/mfu/actor:0.0 - perf/max_memory_allocated_gb:77.82992172241211 - perf/max_memory_reserved_gb:86.58984375 - perf/cpu_memory_used_gb:231.87604904174805 - actor/lr:1e-06 - training/global_step:17 - training/epoch:0 - response_length/mean:2.0 - response_length/max:2.0 - response_length/min:2.0 - response_length/clip_ratio:0.0 - response_length_non_aborted/mean:2.0 - response_length_non_aborted/max:2.0 - response_length_non_aborted/min:2.0 - response_length_non_aborted/clip_ratio:0.0 - response/aborted_ratio:0.0 - prompt_length/mean:3449.75 - prompt_length/max:4866.0 - prompt_length/min:3158.0 - prompt_length/clip_ratio:0.0 - num_turns/min:2 - num_turns/max:2 - num_turns/mean:2.0 - critic/advantages/mean:-0.10205078125 - critic/advantages/max:0.0 - critic/advantages/min:-1.0 - timing_s/start_profile:2.217000292148441e-05 - timing_s/agent_loop/generate_sequences/min:2.602674608999223 - timing_s/agent_loop/generate_sequences/max:6.727055349001603 - timing_s/agent_loop/generate_sequences/mean:4.607867116516218 - timing_s/agent_loop/tool_calls/min:0.0 - timing_s/agent_loop/tool_calls/max:0.0 - timing_s/agent_loop/tool_calls/mean:0.0 - timing_s/agent_loop/slowest/generate_sequences:6.727055349001603 - timing_s/agent_loop/slowest/tool_calls:0.0 - timing_s/agent_loop/slowest/prompt_length:4191 - timing_s/agent_loop/slowest/response_length:2 - timing_s/gen:13.671179721000954 - timing_s/old_log_prob:22.67777728499641 - timing_s/adv:0.0014365210008691065 - timing_s/update_actor:87.01341766699625 - timing_s/dump_rollout_generations:0.037532523994741496 - timing_s/step:123.41523938900355 - timing_s/stop_profile:3.1682997359894216e-05 - timing_per_token_ms/update_actor:0.3938827119712657 - timing_per_token_ms/adv:6.502684330724933e-06 - timing_per_token_ms/gen:106.80609157031995 - perf/total_num_tokens:220912 - perf/time_per_step:123.41523938900355 - perf/throughput:894.9948203061361
[36m(TaskRunner pid=728081)[0m Dumped generations to /scratch/nkw3mr/Vision-OPD-OPSA/rollouts/OPSA-Qwen3.5-4B-v2a/18.jsonl
[36m(TaskRunner pid=728081)[0m step:18 - global_seqlen/min:218086 - global_seqlen/max:218086 - global_seqlen/minmax_diff:0 - global_seqlen/balanced_min:218086 - global_seqlen/balanced_max:218086 - global_seqlen/mean:218086.0 - actor/entropy:1.0728836059570312e-06 - perf/mfu/actor_infer:0 - opsa/selected_tokens:25.0 - opsa/selected_fraction:0.1953125 - opsa/advantage_mean:-0.5216666793823242 - opsa/sel_logp_mean:-1.52587890625e-07 - opsa/zero_sel_responses:51.0 - opsa/sel_entropy_mean:1.983642505365424e-06 - opsa/sel_entropy_max:4.57763671875e-05 - opsa/sel_entropy_min:0.0 - training/rollout_probs_diff_valid:1 - training/rollout_probs_diff_max:5.4836273193359375e-06 - training/rollout_probs_diff_mean:2.7939677238464355e-07 - training/rollout_probs_diff_std:9.285195119446144e-07 - training/rollout_actor_probs_pearson_corr:0.023823032155632973 - rollout_corr/training_ppl:1.0000000298023224 - rollout_corr/training_log_ppl:2.9802322387695312e-08 - rollout_corr/kl:-2.2724228548876013e-07 - rollout_corr/k3_kl:0.0 - rollout_corr/rollout_ppl:1.0000002514570951 - rollout_corr/rollout_log_ppl:2.57044606988277e-07 - rollout_corr/log_ppl_diff:-2.2724228548876013e-07 - rollout_corr/log_ppl_abs_diff:2.7939634966722693e-07 - rollout_corr/log_ppl_diff_max:1.6689300537109375e-06 - rollout_corr/log_ppl_diff_min:-2.741806156336679e-06 - rollout_corr/ppl_ratio:0.9999997820705175 - rollout_corr/chi2_token:4.544854164123535e-07 - rollout_corr/chi2_seq:9.08970832824707e-07 - actor/pg_loss:0.10970052145421505 - actor/kl_loss:0.0 - actor/grpo_loss:0.0 - actor/vopd_loss:0.10970052145421505 - actor/vopd_loss_weighted:0.10970052145421505 - opsa/selection_level:1.0 - opsa/micro_selected_tokens:0.390625 - opsa/clipfrac:0.0 - self_distillation/num_distill_tokens:0.390625 - actor/grad_norm:0.0002924034488387406 - timing_s/update_actor/student_forward:22.870549063023645 - timing_s/update_actor/teacher_forward:0.0 - timing_s/update_actor/teacher_full_forward:0.0 - timing_s/update_actor/loss_compute:0.019825329007289838 - timing_s/update_actor/backward:56.468520866008475 - timing_s/update_actor/optimizer_step:0.08492282700171927 - timing_s/update_actor/teacher_ema_update:2.72779943770729e-05 - perf/mfu/actor:0.0 - perf/max_memory_allocated_gb:77.82992172241211 - perf/max_memory_reserved_gb:86.58984375 - perf/cpu_memory_used_gb:231.96269989013672 - actor/lr:1e-06 - training/global_step:18 - training/epoch:0 - response_length/mean:2.0 - response_length/max:2.0 - response_length/min:2.0 - response_length/clip_ratio:0.0 - response_length_non_aborted/mean:2.0 - response_length_non_aborted/max:2.0 - response_length_non_aborted/min:2.0 - response_length_non_aborted/clip_ratio:0.0 - response/aborted_ratio:0.0 - prompt_length/mean:3405.59375 - prompt_length/max:6140.0 - prompt_length/min:3155.0 - prompt_length/clip_ratio:0.0 - num_turns/min:2 - num_turns/max:2 - num_turns/mean:2.0 - critic/advantages/mean:-0.1018880233168602 - critic/advantages/max:0.0 - critic/advantages/min:-1.0 - timing_s/start_profile:6.183499499456957e-05 - timing_s/agent_loop/generate_sequences/min:2.3885030789970187 - timing_s/agent_loop/generate_sequences/max:6.309902611996222 - timing_s/agent_loop/generate_sequences/mean:4.294120820374701 - timing_s/agent_loop/tool_calls/min:0.0 - timing_s/agent_loop/tool_calls/max:0.0 - timing_s/agent_loop/tool_calls/mean:0.0 - timing_s/agent_loop/slowest/generate_sequences:6.309902611996222 - timing_s/agent_loop/slowest/tool_calls:0.0 - timing_s/agent_loop/slowest/prompt_length:3348 - timing_s/agent_loop/slowest/response_length:2 - timing_s/gen:13.381118773999333 - timing_s/old_log_prob:22.064657754999644 - timing_s/adv:0.0018061079972540028 - timing_s/update_actor:86.292539312999 - timing_s/dump_rollout_generations:0.038766356999985874 - timing_s/step:121.79281577400252 - timing_s/stop_profile:2.6206005713902414e-05 - timing_per_token_ms/update_actor:0.39568124186329706 - timing_per_token_ms/adv:8.281632004135995e-06 - timing_per_token_ms/gen:104.53999042186979 - perf/total_num_tokens:218086 - perf/time_per_step:121.79281577400252 - perf/throughput:895.3155348862207[36m(TaskRunner pid=728081)[0m Training Progress:  16%|█▌        | 18/114 [38:59<3:16:20, 122.71s/it]
[36m(TaskRunner pid=728081)[0m Training Progress:  17%|█▋        | 19/114 [41:02<3:14:50, 123.06s/it]

[36m(TaskRunner pid=728081)[0m Dumped generations to /scratch/nkw3mr/Vision-OPD-OPSA/rollouts/OPSA-Qwen3.5-4B-v2a/19.jsonl
[36m(TaskRunner pid=728081)[0m step:19 - global_seqlen/min:222378 - global_seqlen/max:222378 - global_seqlen/minmax_diff:0 - global_seqlen/balanced_min:222378 - global_seqlen/balanced_max:222378 - global_seqlen/mean:222378.0 - actor/entropy:1.4901161193847656e-06 - perf/mfu/actor_infer:0 - opsa/selected_tokens:25.0 - opsa/selected_fraction:0.1953125 - opsa/advantage_mean:-0.5253333282470704 - opsa/sel_logp_mean:-3.0517578125e-07 - opsa/zero_sel_responses:51.0 - opsa/sel_entropy_mean:5.798339770990424e-06 - opsa/sel_entropy_max:0.00011444091796875 - opsa/sel_entropy_min:0.0 - training/rollout_probs_diff_valid:1 - training/rollout_probs_diff_max:7.271766662597656e-06 - training/rollout_probs_diff_mean:3.03611159324646e-07 - training/rollout_probs_diff_std:9.60555553319864e-07 - training/rollout_actor_probs_pearson_corr:0.013126521371304989 - rollout_corr/training_ppl:1.0000000596046448 - rollout_corr/training_log_ppl:5.960464477539063e-08 - rollout_corr/kl:-1.8998950979121076e-07 - rollout_corr/k3_kl:0.0 - rollout_corr/rollout_ppl:1.0000002402812243 - rollout_corr/rollout_log_ppl:2.495941541225122e-07 - rollout_corr/log_ppl_diff:-1.8998950979121076e-07 - rollout_corr/log_ppl_abs_diff:3.0361086389429914e-07 - rollout_corr/log_ppl_diff_max:3.635883331298828e-06 - rollout_corr/log_ppl_diff_min:-2.503388714103494e-06 - rollout_corr/ppl_ratio:0.9999998221173882 - rollout_corr/chi2_token:3.809109330177307e-07 - rollout_corr/chi2_seq:7.60890543460846e-07 - actor/pg_loss:0.11041666567325592 - actor/kl_loss:0.0 - actor/grpo_loss:0.0 - actor/vopd_loss:0.11041666567325592 - actor/vopd_loss_weighted:0.11041666567325592 - opsa/selection_level:1.0 - opsa/micro_selected_tokens:0.390625 - opsa/clipfrac:0.0 - self_distillation/num_distill_tokens:0.390625 - actor/grad_norm:0.0007640747353434563 - timing_s/update_actor/student_forward:23.13134760203684 - timing_s/update_actor/teacher_forward:0.0 - timing_s/update_actor/teacher_full_forward:0.0 - timing_s/update_actor/loss_compute:0.020515912969131023 - timing_s/update_actor/backward:57.452817378987675 - timing_s/update_actor/optimizer_step:0.09870158000558149 - timing_s/update_actor/teacher_ema_update:2.6587003958411515e-05 - perf/mfu/actor:0.0 - perf/max_memory_allocated_gb:77.82992172241211 - perf/max_memory_reserved_gb:86.58984375 - perf/cpu_memory_used_gb:232.15924453735352 - actor/lr:1e-06 - training/global_step:19 - training/epoch:0 - response_length/mean:2.0 - response_length/max:2.0 - response_length/min:2.0 - response_length/clip_ratio:0.0 - response_length_non_aborted/mean:2.0 - response_length_non_aborted/max:2.0 - response_length_non_aborted/min:2.0 - response_length_non_aborted/clip_ratio:0.0 - response/aborted_ratio:0.0 - prompt_length/mean:3472.65625 - prompt_length/max:5645.0 - prompt_length/min:3108.0 - prompt_length/clip_ratio:0.0 - num_turns/min:2 - num_turns/max:2 - num_turns/mean:2.0 - critic/advantages/mean:-0.10260416567325592 - critic/advantages/max:0.0 - critic/advantages/min:-1.0 - timing_s/start_profile:3.061199822695926e-05 - timing_s/agent_loop/generate_sequences/min:2.3969454890029738 - timing_s/agent_loop/generate_sequences/max:6.348343820995069 - timing_s/agent_loop/generate_sequences/mean:4.248394654250092 - timing_s/agent_loop/tool_calls/min:0.0 - timing_s/agent_loop/tool_calls/max:0.0 - timing_s/agent_loop/tool_calls/mean:0.0 - timing_s/agent_loop/slowest/generate_sequences:6.348343820995069 - timing_s/agent_loop/slowest/tool_calls:0.0 - timing_s/agent_loop/slowest/prompt_length:3362 - timing_s/agent_loop/slowest/response_length:2 - timing_s/gen:13.555954646995815 - timing_s/old_log_prob:22.642526911004097 - timing_s/adv:0.0014680050007882528 - timing_s/update_actor:87.56490948200371 - timing_s/dump_rollout_generations:0.03692840399889974 - timing_s/step:123.81509097700473 - timing_s/stop_profile:2.4382999981753528e-05 - timing_per_token_ms/update_actor:0.3937660626590927 - timing_per_token_ms/adv:6.601394925704219e-06 - timing_per_token_ms/gen:105.9058956796548 - perf/total_num_tokens:222378 - perf/time_per_step:123.81509097700473 - perf/throughput:898.0246197989736
[36m(TaskRunner pid=728081)[0m Dumped generations to /scratch/nkw3mr/Vision-OPD-OPSA/rollouts/OPSA-Qwen3.5-4B-v2a/20.jsonl
[36m(TaskRunner pid=728081)[0m local_global_step_folder: /scratch/nkw3mr/Vision-OPD-OPSA/checkpoints/OPSA-Qwen3.5-4B-v2a/global_step_20
[36m(TaskRunner pid=728081)[0m step:20 - global_seqlen/min:216832 - global_seqlen/max:216832 - global_seqlen/minmax_diff:0 - global_seqlen/balanced_min:216832 - global_seqlen/balanced_max:216832 - global_seqlen/mean:216832.0 - actor/entropy:8.940696716308594e-07 - perf/mfu/actor_infer:0 - opsa/selected_tokens:25.0 - opsa/selected_fraction:0.1953125 - opsa/advantage_mean:-0.5220000076293946 - opsa/sel_logp_mean:-1.52587890625e-07 - opsa/zero_sel_responses:51.0 - opsa/sel_entropy_mean:1.678466787780053e-06 - opsa/sel_entropy_max:3.814697265625e-05 - opsa/sel_entropy_min:0.0 - training/rollout_probs_diff_valid:1 - training/rollout_probs_diff_max:6.401538848876953e-05 - training/rollout_probs_diff_mean:8.540228009223938e-07 - training/rollout_probs_diff_std:5.830868758494034e-06 - training/rollout_actor_probs_pearson_corr:0.2780396640300751 - rollout_corr/training_ppl:1.0000000298023224 - rollout_corr/training_log_ppl:2.9802322387695312e-08 - rollout_corr/kl:-8.540050260852361e-07 - rollout_corr/k3_kl:0.0 - rollout_corr/rollout_ppl:1.0000008773058653 - rollout_corr/rollout_log_ppl:8.838073484729314e-07 - rollout_corr/log_ppl_diff:-8.540050260852361e-07 - rollout_corr/log_ppl_abs_diff:8.540050260852361e-07 - rollout_corr/log_ppl_diff_max:0.0 - rollout_corr/log_ppl_diff_min:-3.2006668334361166e-05 - rollout_corr/ppl_ratio:0.99999915715307 - rollout_corr/chi2_token:1.7080456018447876e-06 - rollout_corr/chi2_seq:3.416091203689575e-06 - actor/pg_loss:0.10976562462747097 - actor/kl_loss:0.0 - actor/grpo_loss:0.0 - actor/vopd_loss:0.10976562462747097 - actor/vopd_loss_weighted:0.10976562462747097 - opsa/selection_level:1.0 - opsa/micro_selected_tokens:0.390625 - opsa/clipfrac:0.0 - self_distillation/num_distill_tokens:0.390625 - actor/grad_norm:0.00039760282379575074 - timing_s/update_actor/student_forward:22.67049022998981 - timing_s/update_actor/teacher_forward:0.0 - timing_s/update_actor/teacher_full_forward:0.0 - timing_s/update_actor/loss_compute:0.019727784005226567 - timing_s/update_actor/backward:56.012586581018695 - timing_s/update_actor/optimizer_step:0.10879148799722316 - timing_s/update_actor/teacher_ema_update:2.6686997443903238e-05 - perf/mfu/actor:0.0 - perf/max_memory_allocated_gb:77.82992172241211 - perf/max_memory_reserved_gb:86.58984375 - perf/cpu_memory_used_gb:231.69983291625977 - actor/lr:1e-06 - training/global_step:20 - training/epoch:0 - response_length/mean:2.0 - response_length/max:2.0 - response_length/min:2.0 - response_length/clip_ratio:0.0 - response_length_non_aborted/mean:2.0 - response_length_non_aborted/max:2.0 - response_length_non_aborted/min:2.0 - response_length_non_aborted/clip_ratio:0.0 - response/aborted_ratio:0.0 - prompt_length/mean:3386.0 - prompt_length/max:4524.0 - prompt_length/min:3111.0 - prompt_length/clip_ratio:0.0 - num_turns/min:2 - num_turns/max:2 - num_turns/mean:2.0 - critic/advantages/mean:-0.10195312649011612 - critic/advantages/max:0.0 - critic/advantages/min:-1.0 - timing_s/start_profile:3.60000049113296e-05 - timing_s/agent_loop/generate_sequences/min:1.4249842579956749 - timing_s/agent_loop/generate_sequences/max:6.124680541004636 - timing_s/agent_loop/generate_sequences/mean:4.331801878203464 - timing_s/agent_loop/tool_calls/min:0.0 - timing_s/agent_loop/tool_calls/max:0.0 - timing_s/agent_loop/tool_calls/mean:0.0 - timing_s/agent_loop/slowest/generate_sequences:6.124680541004636 - timing_s/agent_loop/slowest/tool_calls:0.0 - timing_s/agent_loop/slowest/prompt_length:3343 - timing_s/agent_loop/slowest/response_length:2 - timing_s/gen:13.16870157700032 - timing_s/old_log_prob:22.18186150999827 - timing_s/adv:0.001526715001091361 - timing_s/update_actor:85.62174463499832 - timing_s/dump_rollout_generations:0.03763921000063419 - timing_s/step:121.02416415599873 - timing_s/save_checkpoint:14.72745241499797 - timing_s/stop_profile:5.203100590733811e-05 - timing_per_token_ms/update_actor:0.39487596219653154 - timing_per_token_ms/adv:7.041004100369692e-06 - timing_per_token_ms/gen:102.880481070315 - perf/total_num_tokens:216832 - perf/time_per_step:121.02416415599873 - perf/throughput:895.8211011501228[36m(TaskRunner pid=728081)[0m Training Progress:  18%|█▊        | 20/114 [43:18<3:18:47, 126.88s/it]
[36m(WorkerDict pid=742588)[0m /sfs/weka/scratch/nkw3mr/Vision-OPD-OPSA/verl/utils/device.py:134: FutureWarning: torch.cuda._set_allocator_settings is deprecated. Use torch._C._accelerator_setAllocatorSettings instead.
[36m(WorkerDict pid=742588)[0m   torch.cuda.memory._set_allocator_settings(f"expandable_segments:{enable}")
[36m(TaskRunner pid=728081)[0m Training Progress:  18%|█▊        | 21/114 [45:20<3:14:24, 125.42s/it]
[36m(WorkerDict pid=742585)[0m /sfs/weka/scratch/nkw3mr/Vision-OPD-OPSA/verl/utils/device.py:134: FutureWarning: torch.cuda._set_allocator_settings is deprecated. Use torch._C._accelerator_setAllocatorSettings instead.
[36m(WorkerDict pid=742585)[0m   torch.cuda.memory._set_allocator_settings(f"expandable_segments:{enable}")
