Running: Aha-center-Qwen3.5-4B  (aha_beta=4.0, floor_alpha=null)
Teacher: frozen init copy (source=legacy, update_rate=0.0)
2026-09-09 20:03:41,521	INFO worker.py:1998 -- Started a local Ray instance. View the dashboard at [1m[32mhttp://127.0.0.1:8265 [39m[22m
/sfs/weka/scratch/nkw3mr/envs/vision-opd/lib/python3.12/site-packages/ray/_private/worker.py:2046: FutureWarning: Tip: In future versions of Ray, Ray will no longer override accelerator visible devices env var if num_gpus=0 or num_gpus=None (default). To enable this behavior and turn off this error message, set RAY_ACCEL_ENV_VAR_OVERRIDE_ON_ZERO=0
  warnings.warn(
ray init kwargs: {'num_cpus': None, 'runtime_env': {'env_vars': {'TOKENIZERS_PARALLELISM': 'true', 'NCCL_DEBUG': 'WARN', 'VLLM_LOGGING_LEVEL': 'WARN', 'VLLM_ALLOW_RUNTIME_LORA_UPDATING': 'true', 'VLLM_ALLREDUCE_USE_SYMM_MEM': '0', 'CUDA_DEVICE_MAX_CONNECTIONS': '1', 'NCCL_CUMEM_ENABLE': '0'}, 'working_dir': None}}
[36m(TaskRunner pid=18406)[0m TaskRunner hostname: udc-aw37-6, PID: 18406
[36m(TaskRunner pid=18406)[0m {'actor_rollout_ref': {'actor': {'_target_': 'verl.workers.config.FSDPActorConfig',
[36m(TaskRunner pid=18406)[0m                                  'calculate_entropy': False,
[36m(TaskRunner pid=18406)[0m                                  'calculate_sum_pi_squared': False,
[36m(TaskRunner pid=18406)[0m                                  'checkpoint': {'_target_': 'verl.trainer.config.CheckpointConfig',
[36m(TaskRunner pid=18406)[0m                                                 'async_save': False,
[36m(TaskRunner pid=18406)[0m                                                 'load_contents': ['model',
[36m(TaskRunner pid=18406)[0m                                                                   'optimizer',
[36m(TaskRunner pid=18406)[0m                                                                   'extra'],
[36m(TaskRunner pid=18406)[0m                                                 'save_contents': ['model',
[36m(TaskRunner pid=18406)[0m                                                                   'optimizer',
[36m(TaskRunner pid=18406)[0m                                                                   'extra']},
[36m(TaskRunner pid=18406)[0m                                  'clip_ratio': 0.2,
[36m(TaskRunner pid=18406)[0m                                  'clip_ratio_c': 3.0,
[36m(TaskRunner pid=18406)[0m                                  'clip_ratio_high': 0.3,
[36m(TaskRunner pid=18406)[0m                                  'clip_ratio_low': 0.2,
[36m(TaskRunner pid=18406)[0m                                  'data_loader_seed': 42,
[36m(TaskRunner pid=18406)[0m                                  'entropy_checkpointing': False,
[36m(TaskRunner pid=18406)[0m                                  'entropy_coeff': 0,
[36m(TaskRunner pid=18406)[0m                                  'entropy_from_logits_with_chunking': False,
[36m(TaskRunner pid=18406)[0m                                  'freeze_vision_tower': False,
[36m(TaskRunner pid=18406)[0m                                  'fsdp_config': {'_target_': 'verl.workers.config.FSDPEngineConfig',
[36m(TaskRunner pid=18406)[0m                                                  'dtype': 'bfloat16',
[36m(TaskRunner pid=18406)[0m                                                  'entropy_checkpointing': False,
[36m(TaskRunner pid=18406)[0m                                                  'entropy_from_logits_with_chunking': False,
[36m(TaskRunner pid=18406)[0m                                                  'forward_only': False,
[36m(TaskRunner pid=18406)[0m                                                  'forward_prefetch': False,
[36m(TaskRunner pid=18406)[0m                                                  'fsdp_size': -1,
[36m(TaskRunner pid=18406)[0m                                                  'full_determinism': False,
[36m(TaskRunner pid=18406)[0m                                                  'model_dtype': 'fp32',
[36m(TaskRunner pid=18406)[0m                                                  'offload_policy': False,
[36m(TaskRunner pid=18406)[0m                                                  'optimizer_offload': True,
[36m(TaskRunner pid=18406)[0m                                                  'param_offload': True,
[36m(TaskRunner pid=18406)[0m                                                  'reshard_after_forward': True,
[36m(TaskRunner pid=18406)[0m                                                  'seed': 42,
[36m(TaskRunner pid=18406)[0m                                                  'strategy': 'fsdp',
[36m(TaskRunner pid=18406)[0m                                                  'ulysses_sequence_parallel_size': 1,
[36m(TaskRunner pid=18406)[0m                                                  'use_orig_params': False,
[36m(TaskRunner pid=18406)[0m                                                  'use_torch_compile': True,
[36m(TaskRunner pid=18406)[0m                                                  'wrap_policy': {'min_num_params': 0}},
[36m(TaskRunner pid=18406)[0m                                  'grad_clip': 1.0,
[36m(TaskRunner pid=18406)[0m                                  'kl_loss_coef': 0.001,
[36m(TaskRunner pid=18406)[0m                                  'kl_loss_type': 'low_var_kl',
[36m(TaskRunner pid=18406)[0m                                  'loss_agg_mode': 'token-mean',
[36m(TaskRunner pid=18406)[0m                                  'loss_scale_factor': None,
[36m(TaskRunner pid=18406)[0m                                  'optim': {'_target_': 'verl.workers.config.FSDPOptimizerConfig',
[36m(TaskRunner pid=18406)[0m                                            'betas': [0.9, 0.999],
[36m(TaskRunner pid=18406)[0m                                            'clip_grad': 1.0,
[36m(TaskRunner pid=18406)[0m                                            'lr': 2e-06,
[36m(TaskRunner pid=18406)[0m                                            'lr_scheduler_type': 'constant',
[36m(TaskRunner pid=18406)[0m                                            'lr_warmup_steps': 10,
[36m(TaskRunner pid=18406)[0m                                            'lr_warmup_steps_ratio': 0.0,
[36m(TaskRunner pid=18406)[0m                                            'min_lr_ratio': 0.0,
[36m(TaskRunner pid=18406)[0m                                            'num_cycles': 0.5,
[36m(TaskRunner pid=18406)[0m                                            'optimizer': 'AdamW',
[36m(TaskRunner pid=18406)[0m                                            'optimizer_impl': 'torch.optim',
[36m(TaskRunner pid=18406)[0m                                            'override_optimizer_config': None,
[36m(TaskRunner pid=18406)[0m                                            'total_training_steps': -1,
[36m(TaskRunner pid=18406)[0m                                            'warmup_style': None,
[36m(TaskRunner pid=18406)[0m                                            'weight_decay': 0.01},
[36m(TaskRunner pid=18406)[0m                                  'policy_loss': {'_target_': 'verl.workers.config.PolicyLossConfig',
[36m(TaskRunner pid=18406)[0m                                                  'clip_cov_lb': 1.0,
[36m(TaskRunner pid=18406)[0m                                                  'clip_cov_ratio': 0.0002,
[36m(TaskRunner pid=18406)[0m                                                  'clip_cov_ub': 5.0,
[36m(TaskRunner pid=18406)[0m                                                  'kl_cov_ratio': 0.0002,
[36m(TaskRunner pid=18406)[0m                                                  'loss_mode': 'vopd',
[36m(TaskRunner pid=18406)[0m                                                  'ppo_kl_coef': 0.1},
[36m(TaskRunner pid=18406)[0m                                  'ppo_epochs': 1,
[36m(TaskRunner pid=18406)[0m                                  'ppo_max_token_len_per_gpu': 5632,
[36m(TaskRunner pid=18406)[0m                                  'ppo_micro_batch_size': None,
[36m(TaskRunner pid=18406)[0m                                  'ppo_micro_batch_size_per_gpu': None,
[36m(TaskRunner pid=18406)[0m                                  'ppo_mini_batch_size': 96,
[36m(TaskRunner pid=18406)[0m                                  'profiler': {'_target_': 'verl.utils.profiler.ProfilerConfig',
[36m(TaskRunner pid=18406)[0m                                               'all_ranks': False,
[36m(TaskRunner pid=18406)[0m                                               'enable': False,
[36m(TaskRunner pid=18406)[0m                                               'ranks': [],
[36m(TaskRunner pid=18406)[0m                                               'save_path': 'outputs/profile',
[36m(TaskRunner pid=18406)[0m                                               'tool': None,
[36m(TaskRunner pid=18406)[0m                                               'tool_config': {'npu': {'_target_': 'verl.utils.profiler.config.NPUToolConfig',
[36m(TaskRunner pid=18406)[0m                                                                       'analysis': True,
[36m(TaskRunner pid=18406)[0m                                                                       'contents': [],
[36m(TaskRunner pid=18406)[0m                                                                       'discrete': False,
[36m(TaskRunner pid=18406)[0m                                                                       'level': 'level0'},
[36m(TaskRunner pid=18406)[0m                                                               'nsys': {'_target_': 'verl.utils.profiler.config.NsightToolConfig',
[36m(TaskRunner pid=18406)[0m                                                                        'discrete': False},
[36m(TaskRunner pid=18406)[0m                                                               'torch': {'_target_': 'verl.utils.profiler.config.TorchProfilerToolConfig',
[36m(TaskRunner pid=18406)[0m                                                                         'step_end': None,
[36m(TaskRunner pid=18406)[0m                                                                         'step_start': 0},
[36m(TaskRunner pid=18406)[0m                                                               'torch_memory': {'_target_': 'verl.utils.profiler.config.TorchMemoryToolConfig',
[36m(TaskRunner pid=18406)[0m                                                                                'stack_depth': 32,
[36m(TaskRunner pid=18406)[0m                                                                                'trace_alloc_max_entries': 100000}}},
[36m(TaskRunner pid=18406)[0m                                  'rollout_n': 8,
[36m(TaskRunner pid=18406)[0m                                  'router_replay': {'_target_': 'verl.workers.config.RouterReplayConfig',
[36m(TaskRunner pid=18406)[0m                                                    'mode': 'disabled',
[36m(TaskRunner pid=18406)[0m                                                    'record_file': None,
[36m(TaskRunner pid=18406)[0m                                                    'replay_file': None},
[36m(TaskRunner pid=18406)[0m                                  'self_distillation': {'_target_': 'verl.workers.config.SelfDistillationConfig',
[36m(TaskRunner pid=18406)[0m                                                        'aha_beta': 4.0,
[36m(TaskRunner pid=18406)[0m                                                        'aha_center_u': True,
[36m(TaskRunner pid=18406)[0m                                                        'aha_enable': True,
[36m(TaskRunner pid=18406)[0m                                                        'aha_floor_alpha': None,
[36m(TaskRunner pid=18406)[0m                                                        'alpha': 0.5,
[36m(TaskRunner pid=18406)[0m                                                        'answer_hint_template': '\n'
[36m(TaskRunner pid=18406)[0m                                                                                '\n'
[36m(TaskRunner pid=18406)[0m                                                                                'Here '
[36m(TaskRunner pid=18406)[0m                                                                                'is '
[36m(TaskRunner pid=18406)[0m                                                                                'a '
[36m(TaskRunner pid=18406)[0m                                                                                'reference '
[36m(TaskRunner pid=18406)[0m                                                                                'solution '
[36m(TaskRunner pid=18406)[0m                                                                                'to '
[36m(TaskRunner pid=18406)[0m                                                                                'this '
[36m(TaskRunner pid=18406)[0m                                                                                'problem:\n'
[36m(TaskRunner pid=18406)[0m                                                                                '{answer}\n'
[36m(TaskRunner pid=18406)[0m                                                                                '\n'
[36m(TaskRunner pid=18406)[0m                                                                                'After '
[36m(TaskRunner pid=18406)[0m                                                                                'understanding '
[36m(TaskRunner pid=18406)[0m                                                                                'the '
[36m(TaskRunner pid=18406)[0m                                                                                'reference '
[36m(TaskRunner pid=18406)[0m                                                                                'solution, '
[36m(TaskRunner pid=18406)[0m                                                                                'please '
[36m(TaskRunner pid=18406)[0m                                                                                'try '
[36m(TaskRunner pid=18406)[0m                                                                                'to '
[36m(TaskRunner pid=18406)[0m                                                                                'solve '
[36m(TaskRunner pid=18406)[0m                                                                                'this '
[36m(TaskRunner pid=18406)[0m                                                                                'problem '
[36m(TaskRunner pid=18406)[0m                                                                                'using '
[36m(TaskRunner pid=18406)[0m                                                                                'your '
[36m(TaskRunner pid=18406)[0m                                                                                'own '
[36m(TaskRunner pid=18406)[0m                                                                                'approach '
[36m(TaskRunner pid=18406)[0m                                                                                'below:',
[36m(TaskRunner pid=18406)[0m                                                        'distillation_add_tail': True,
[36m(TaskRunner pid=18406)[0m                                                        'distillation_topk': 100,
[36m(TaskRunner pid=18406)[0m                                                        'dont_reprompt_on_self_success': True,
[36m(TaskRunner pid=18406)[0m                                                        'environment_feedback_only_without_solution': True,
[36m(TaskRunner pid=18406)[0m                                                        'evt_clip_neg': 2.0,
[36m(TaskRunner pid=18406)[0m                                                        'evt_clip_pos': 1.0,
[36m(TaskRunner pid=18406)[0m                                                        'evt_ema_eta': 0.05,
[36m(TaskRunner pid=18406)[0m                                                        'evt_enable': False,
[36m(TaskRunner pid=18406)[0m                                                        'evt_negative_only': False,
[36m(TaskRunner pid=18406)[0m                                                        'evt_neutral_base': 0.0,
[36m(TaskRunner pid=18406)[0m                                                        'evt_token_fraction': 0.2,
[36m(TaskRunner pid=18406)[0m                                                        'evt_ubar_init': None,
[36m(TaskRunner pid=18406)[0m                                                        'fallback_to_policy_loss_on_missing_teacher': False,
[36m(TaskRunner pid=18406)[0m                                                        'feedback_template': '\n'
[36m(TaskRunner pid=18406)[0m                                                                             'The '
[36m(TaskRunner pid=18406)[0m                                                                             'following '
[36m(TaskRunner pid=18406)[0m                                                                             'is '
[36m(TaskRunner pid=18406)[0m                                                                             'feedback '
[36m(TaskRunner pid=18406)[0m                                                                             'from '
[36m(TaskRunner pid=18406)[0m                                                                             'your '
[36m(TaskRunner pid=18406)[0m                                                                             'unsuccessful '
[36m(TaskRunner pid=18406)[0m                                                                             'earlier '
[36m(TaskRunner pid=18406)[0m                                                                             'attempt:\n'
[36m(TaskRunner pid=18406)[0m                                                                             '\n'
[36m(TaskRunner pid=18406)[0m                                                                             '{feedback_raw}',
[36m(TaskRunner pid=18406)[0m                                                        'full_logit_distillation': True,
[36m(TaskRunner pid=18406)[0m                                                        'gamma': 1.0,
[36m(TaskRunner pid=18406)[0m                                                        'include_environment_feedback': False,
[36m(TaskRunner pid=18406)[0m                                                        'is_clip': 2.0,
[36m(TaskRunner pid=18406)[0m                                                        'log_prob_dump_dir': None,
[36m(TaskRunner pid=18406)[0m                                                        'max_reprompt_len': 10240,
[36m(TaskRunner pid=18406)[0m                                                        'null_image_key': 'null_images',
[36m(TaskRunner pid=18406)[0m                                                        'opsa_advantage_max': -0.5,
[36m(TaskRunner pid=18406)[0m                                                        'opsa_advantage_min': -1.0,
[36m(TaskRunner pid=18406)[0m                                                        'opsa_enable': False,
[36m(TaskRunner pid=18406)[0m                                                        'opsa_fixed_advantage': None,
[36m(TaskRunner pid=18406)[0m                                                        'opsa_mode': 'entropy',
[36m(TaskRunner pid=18406)[0m                                                        'opsa_token_fraction': 0.2,
[36m(TaskRunner pid=18406)[0m                                                        'remove_thinking_from_demonstration': True,
[36m(TaskRunner pid=18406)[0m                                                        'reprompt_template': '{prompt}{solution}{feedback}\n'
[36m(TaskRunner pid=18406)[0m                                                                             '\n'
[36m(TaskRunner pid=18406)[0m                                                                             'Correctly '
[36m(TaskRunner pid=18406)[0m                                                                             'solve '
[36m(TaskRunner pid=18406)[0m                                                                             'the '
[36m(TaskRunner pid=18406)[0m                                                                             'original '
[36m(TaskRunner pid=18406)[0m                                                                             'question.',
[36m(TaskRunner pid=18406)[0m                                                        'reprompt_truncation': 'right',
[36m(TaskRunner pid=18406)[0m                                                        'sa_beta_max': 8.0,
[36m(TaskRunner pid=18406)[0m                                                        'sa_binary_iters': 8,
[36m(TaskRunner pid=18406)[0m                                                        'sa_center_u': False,
[36m(TaskRunner pid=18406)[0m                                                        'sa_eps_max': 0.5,
[36m(TaskRunner pid=18406)[0m                                                        'sa_lambda': 1.0,
[36m(TaskRunner pid=18406)[0m                                                        'sa_rho': 0.9,
[36m(TaskRunner pid=18406)[0m                                                        'sa_tau_e': 0.03,
[36m(TaskRunner pid=18406)[0m                                                        'sa_temp_e': 0.015,
[36m(TaskRunner pid=18406)[0m                                                        'sa_u_clip': None,
[36m(TaskRunner pid=18406)[0m                                                        'sa_zero_floor': False,
[36m(TaskRunner pid=18406)[0m                                                        'solution_template': '\n'
[36m(TaskRunner pid=18406)[0m                                                                             'Correct '
[36m(TaskRunner pid=18406)[0m                                                                             'solution:\n'
[36m(TaskRunner pid=18406)[0m                                                                             '\n'
[36m(TaskRunner pid=18406)[0m                                                                             '{successful_previous_attempt}',
[36m(TaskRunner pid=18406)[0m                                                        'state_adaptive': False,
[36m(TaskRunner pid=18406)[0m                                                        'success_reward_threshold': 0.5,
[36m(TaskRunner pid=18406)[0m                                                        'teacher_always_on': True,
[36m(TaskRunner pid=18406)[0m                                                        'teacher_image_key': 'bbox_images',
[36m(TaskRunner pid=18406)[0m                                                        'teacher_model_path': None,
[36m(TaskRunner pid=18406)[0m                                                        'teacher_model_source': 'legacy',
[36m(TaskRunner pid=18406)[0m                                                        'teacher_prompt_mode': None,
[36m(TaskRunner pid=18406)[0m                                                        'teacher_regularization': 'ema',
[36m(TaskRunner pid=18406)[0m                                                        'teacher_update_interval': None,
[36m(TaskRunner pid=18406)[0m                                                        'teacher_update_rate': 0.0},
[36m(TaskRunner pid=18406)[0m                                  'shuffle': False,
[36m(TaskRunner pid=18406)[0m                                  'strategy': 'fsdp',
[36m(TaskRunner pid=18406)[0m                                  'sum_pi_squared_checkpointing': False,
[36m(TaskRunner pid=18406)[0m                                  'tau_neg': 1.05,
[36m(TaskRunner pid=18406)[0m                                  'tau_pos': 1.0,
[36m(TaskRunner pid=18406)[0m                                  'ulysses_sequence_parallel_size': 1,
[36m(TaskRunner pid=18406)[0m                                  'use_dynamic_bsz': True,
[36m(TaskRunner pid=18406)[0m                                  'use_fused_kernels': False,
[36m(TaskRunner pid=18406)[0m                                  'use_kl_loss': False,
[36m(TaskRunner pid=18406)[0m                                  'use_prefix_grouper': False,
[36m(TaskRunner pid=18406)[0m                                  'use_remove_padding': True,
[36m(TaskRunner pid=18406)[0m                                  'use_torch_compile': True},
[36m(TaskRunner pid=18406)[0m                        'hybrid_engine': True,
[36m(TaskRunner pid=18406)[0m                        'model': {'_target_': 'verl.workers.config.HFModelConfig',
[36m(TaskRunner pid=18406)[0m                                  'custom_chat_template': None,
[36m(TaskRunner pid=18406)[0m                                  'custom_chat_template_file': '/sfs/weka/scratch/nkw3mr/Vision-OPD-OPSA/chat_templates/perception_chat_template_qwen35.jinja',
[36m(TaskRunner pid=18406)[0m                                  'enable_activation_offload': False,
[36m(TaskRunner pid=18406)[0m                                  'enable_gradient_checkpointing': True,
[36m(TaskRunner pid=18406)[0m                                  'exclude_modules': None,
[36m(TaskRunner pid=18406)[0m                                  'external_lib': None,
[36m(TaskRunner pid=18406)[0m                                  'fused_kernel_options': {'impl_backend': 'torch'},
[36m(TaskRunner pid=18406)[0m                                  'hf_config_path': None,
[36m(TaskRunner pid=18406)[0m                                  'lora_adapter_path': None,
[36m(TaskRunner pid=18406)[0m                                  'lora_alpha': 16,
[36m(TaskRunner pid=18406)[0m                                  'lora_rank': 0,
[36m(TaskRunner pid=18406)[0m                                  'override_config': {},
[36m(TaskRunner pid=18406)[0m                                  'path': 'Qwen/Qwen3.5-4B',
[36m(TaskRunner pid=18406)[0m                                  'target_modules': 'all-linear',
[36m(TaskRunner pid=18406)[0m                                  'tiled_mlp': {'enabled': False,
[36m(TaskRunner pid=18406)[0m                                                'num_shards': 4},
[36m(TaskRunner pid=18406)[0m                                  'tokenizer_path': None,
[36m(TaskRunner pid=18406)[0m                                  'trust_remote_code': True,
[36m(TaskRunner pid=18406)[0m                                  'use_fused_kernels': False,
[36m(TaskRunner pid=18406)[0m                                  'use_liger': False,
[36m(TaskRunner pid=18406)[0m                                  'use_remove_padding': True,
[36m(TaskRunner pid=18406)[0m                                  'use_shm': False},
[36m(TaskRunner pid=18406)[0m                        'nccl_timeout': 600,
[36m(TaskRunner pid=18406)[0m                        'ref': {'_target_': 'verl.workers.config.FSDPActorConfig',
[36m(TaskRunner pid=18406)[0m                                'entropy_checkpointing': False,
[36m(TaskRunner pid=18406)[0m                                'entropy_from_logits_with_chunking': False,
[36m(TaskRunner pid=18406)[0m                                'fsdp_config': {'_target_': 'verl.workers.config.FSDPEngineConfig',
[36m(TaskRunner pid=18406)[0m                                                'dtype': 'bfloat16',
[36m(TaskRunner pid=18406)[0m                                                'entropy_checkpointing': False,
[36m(TaskRunner pid=18406)[0m                                                'entropy_from_logits_with_chunking': False,
[36m(TaskRunner pid=18406)[0m                                                'forward_only': True,
[36m(TaskRunner pid=18406)[0m                                                'forward_prefetch': False,
[36m(TaskRunner pid=18406)[0m                                                'fsdp_size': -1,
[36m(TaskRunner pid=18406)[0m                                                'full_determinism': False,
[36m(TaskRunner pid=18406)[0m                                                'model_dtype': 'fp32',
[36m(TaskRunner pid=18406)[0m                                                'offload_policy': False,
[36m(TaskRunner pid=18406)[0m                                                'optimizer_offload': False,
[36m(TaskRunner pid=18406)[0m                                                'param_offload': True,
[36m(TaskRunner pid=18406)[0m                                                'reshard_after_forward': True,
[36m(TaskRunner pid=18406)[0m                                                'seed': 42,
[36m(TaskRunner pid=18406)[0m                                                'strategy': 'fsdp',
[36m(TaskRunner pid=18406)[0m                                                'ulysses_sequence_parallel_size': 1,
[36m(TaskRunner pid=18406)[0m                                                'use_orig_params': False,
[36m(TaskRunner pid=18406)[0m                                                'use_torch_compile': True,
[36m(TaskRunner pid=18406)[0m                                                'wrap_policy': {'min_num_params': 0}},
[36m(TaskRunner pid=18406)[0m                                'log_prob_max_token_len_per_gpu': 5632,
[36m(TaskRunner pid=18406)[0m                                'log_prob_micro_batch_size': None,
[36m(TaskRunner pid=18406)[0m                                'log_prob_micro_batch_size_per_gpu': 1,
[36m(TaskRunner pid=18406)[0m                                'log_prob_use_dynamic_bsz': True,
[36m(TaskRunner pid=18406)[0m                                'profiler': {'_target_': 'verl.utils.profiler.ProfilerConfig',
[36m(TaskRunner pid=18406)[0m                                             'all_ranks': False,
[36m(TaskRunner pid=18406)[0m                                             'enable': False,
[36m(TaskRunner pid=18406)[0m                                             'ranks': [],
[36m(TaskRunner pid=18406)[0m                                             'save_path': 'outputs/profile',
[36m(TaskRunner pid=18406)[0m                                             'tool': None,
[36m(TaskRunner pid=18406)[0m                                             'tool_config': {'npu': {'_target_': 'verl.utils.profiler.config.NPUToolConfig',
[36m(TaskRunner pid=18406)[0m                                                                     'analysis': True,
[36m(TaskRunner pid=18406)[0m                                                                     'contents': [],
[36m(TaskRunner pid=18406)[0m                                                                     'discrete': False,
[36m(TaskRunner pid=18406)[0m                                                                     'level': 'level0'},
[36m(TaskRunner pid=18406)[0m                                                             'nsys': {'_target_': 'verl.utils.profiler.config.NsightToolConfig',
[36m(TaskRunner pid=18406)[0m                                                                      'discrete': False},
[36m(TaskRunner pid=18406)[0m                                                             'torch': {'_target_': 'verl.utils.profiler.config.TorchProfilerToolConfig',
[36m(TaskRunner pid=18406)[0m                                                                       'step_end': None,
[36m(TaskRunner pid=18406)[0m                                                                       'step_start': 0},
[36m(TaskRunner pid=18406)[0m                                                             'torch_memory': {'_target_': 'verl.utils.profiler.config.TorchMemoryToolConfig',
[36m(TaskRunner pid=18406)[0m                                                                              'stack_depth': 32,
[36m(TaskRunner pid=18406)[0m                                                                              'trace_alloc_max_entries': 100000}}},
[36m(TaskRunner pid=18406)[0m                                'rollout_n': 8,
[36m(TaskRunner pid=18406)[0m                                'router_replay': {'_target_': 'verl.workers.config.RouterReplayConfig',
[36m(TaskRunner pid=18406)[0m                                                  'mode': 'disabled',
[36m(TaskRunner pid=18406)[0m                                                  'record_file': None,
[36m(TaskRunner pid=18406)[0m                                                  'replay_file': None},
[36m(TaskRunner pid=18406)[0m                                'strategy': 'fsdp',
[36m(TaskRunner pid=18406)[0m                                'ulysses_sequence_parallel_size': 1,
[36m(TaskRunner pid=18406)[0m                                'use_torch_compile': True},
[36m(TaskRunner pid=18406)[0m                        'rollout': {'_target_': 'verl.workers.config.RolloutConfig',
[36m(TaskRunner pid=18406)[0m                                    'agent': {'_target_': 'verl.workers.config.AgentLoopConfig',
[36m(TaskRunner pid=18406)[0m                                              'agent_loop_config_path': None,
[36m(TaskRunner pid=18406)[0m                                              'custom_async_server': {'_target_': 'verl.workers.config.CustomAsyncServerConfig',
[36m(TaskRunner pid=18406)[0m                                                                      'name': None,
[36m(TaskRunner pid=18406)[0m                                                                      'path': None},
[36m(TaskRunner pid=18406)[0m                                              'default_agent_loop': 'single_turn_agent',
[36m(TaskRunner pid=18406)[0m                                              'num_workers': 8},
[36m(TaskRunner pid=18406)[0m                                    'calculate_log_probs': True,
[36m(TaskRunner pid=18406)[0m                                    'cudagraph_capture_sizes': None,
[36m(TaskRunner pid=18406)[0m                                    'data_parallel_size': 1,
[36m(TaskRunner pid=18406)[0m                                    'disable_log_stats': True,
[36m(TaskRunner pid=18406)[0m                                    'do_sample': True,
[36m(TaskRunner pid=18406)[0m                                    'dtype': 'bfloat16',
[36m(TaskRunner pid=18406)[0m                                    'enable_chunked_prefill': True,
[36m(TaskRunner pid=18406)[0m                                    'enable_prefix_caching': True,
[36m(TaskRunner pid=18406)[0m                                    'enable_rollout_routing_replay': False,
[36m(TaskRunner pid=18406)[0m                                    'enforce_eager': False,
[36m(TaskRunner pid=18406)[0m                                    'engine_kwargs': {'sglang': {},
[36m(TaskRunner pid=18406)[0m                                                      'vllm': {'compilation_config': {'pass_config': {'fuse_allreduce_rms': False}},
[36m(TaskRunner pid=18406)[0m                                                               'kernel_config': {'enable_flashinfer_autotune': False}}},
[36m(TaskRunner pid=18406)[0m                                    'expert_parallel_size': 1,
[36m(TaskRunner pid=18406)[0m                                    'free_cache_engine': True,
[36m(TaskRunner pid=18406)[0m                                    'gpu_memory_utilization': 0.7,
[36m(TaskRunner pid=18406)[0m                                    'ignore_eos': False,
[36m(TaskRunner pid=18406)[0m                                    'layered_summon': False,
[36m(TaskRunner pid=18406)[0m                                    'load_format': 'dummy',
[36m(TaskRunner pid=18406)[0m                                    'log_prob_max_token_len_per_gpu': 5632,
[36m(TaskRunner pid=18406)[0m                                    'log_prob_micro_batch_size': None,
[36m(TaskRunner pid=18406)[0m                                    'log_prob_micro_batch_size_per_gpu': 1,
[36m(TaskRunner pid=18406)[0m                                    'log_prob_use_dynamic_bsz': True,
[36m(TaskRunner pid=18406)[0m                                    'logprobs_mode': 'processed_logprobs',
[36m(TaskRunner pid=18406)[0m                                    'max_model_len': 5632,
[36m(TaskRunner pid=18406)[0m                                    'max_num_batched_tokens': 5632,
[36m(TaskRunner pid=18406)[0m                                    'max_num_seqs': 1024,
[36m(TaskRunner pid=18406)[0m                                    'mode': 'async',
[36m(TaskRunner pid=18406)[0m                                    'multi_stage_wake_up': False,
[36m(TaskRunner pid=18406)[0m                                    'multi_turn': {'_target_': 'verl.workers.config.MultiTurnConfig',
[36m(TaskRunner pid=18406)[0m                                                   'enable': False,
[36m(TaskRunner pid=18406)[0m                                                   'format': 'hermes',
[36m(TaskRunner pid=18406)[0m                                                   'interaction_config_path': None,
[36m(TaskRunner pid=18406)[0m                                                   'max_assistant_turns': None,
[36m(TaskRunner pid=18406)[0m                                                   'max_parallel_calls': 1,
[36m(TaskRunner pid=18406)[0m                                                   'max_tool_response_length': 256,
[36m(TaskRunner pid=18406)[0m                                                   'max_user_turns': None,
[36m(TaskRunner pid=18406)[0m                                                   'num_repeat_rollouts': None,
[36m(TaskRunner pid=18406)[0m                                                   'tokenization_sanity_check_mode': 'strict',
[36m(TaskRunner pid=18406)[0m                                                   'tool_config_path': None,
[36m(TaskRunner pid=18406)[0m                                                   'tool_response_truncate_side': 'middle',
[36m(TaskRunner pid=18406)[0m                                                   'use_inference_chat_template': False},
[36m(TaskRunner pid=18406)[0m                                    'n': 8,
[36m(TaskRunner pid=18406)[0m                                    'name': 'vllm',
[36m(TaskRunner pid=18406)[0m                                    'over_sample_rate': 0,
[36m(TaskRunner pid=18406)[0m                                    'pipeline_model_parallel_size': 1,
[36m(TaskRunner pid=18406)[0m                                    'profiler': {'_target_': 'verl.utils.profiler.ProfilerConfig',
[36m(TaskRunner pid=18406)[0m                                                 'all_ranks': False,
[36m(TaskRunner pid=18406)[0m                                                 'enable': False,
[36m(TaskRunner pid=18406)[0m                                                 'ranks': [],
[36m(TaskRunner pid=18406)[0m                                                 'save_path': 'outputs/profile',
[36m(TaskRunner pid=18406)[0m                                                 'tool': None,
[36m(TaskRunner pid=18406)[0m                                                 'tool_config': {'npu': {'_target_': 'verl.utils.profiler.config.NPUToolConfig',
[36m(TaskRunner pid=18406)[0m                                                                         'analysis': True,
[36m(TaskRunner pid=18406)[0m                                                                         'contents': [],
[36m(TaskRunner pid=18406)[0m                                                                         'discrete': False,
[36m(TaskRunner pid=18406)[0m                                                                         'level': 'level0'},
[36m(TaskRunner pid=18406)[0m                                                                 'nsys': {'_target_': 'verl.utils.profiler.config.NsightToolConfig',
[36m(TaskRunner pid=18406)[0m                                                                          'discrete': False},
[36m(TaskRunner pid=18406)[0m                                                                 'torch': {'_target_': 'verl.utils.profiler.config.TorchProfilerToolConfig',
[36m(TaskRunner pid=18406)[0m                                                                           'step_end': None,
[36m(TaskRunner pid=18406)[0m                                                                           'step_start': 0},
[36m(TaskRunner pid=18406)[0m                                                                 'torch_memory': {'_target_': 'verl.utils.profiler.config.TorchMemoryToolConfig',
[36m(TaskRunner pid=18406)[0m                                                                                  'stack_depth': 32,
[36m(TaskRunner pid=18406)[0m                                                                                  'trace_alloc_max_entries': 100000}}},
[36m(TaskRunner pid=18406)[0m                                    'prometheus': {'_target_': 'verl.workers.config.PrometheusConfig',
[36m(TaskRunner pid=18406)[0m                                                   'enable': False,
[36m(TaskRunner pid=18406)[0m                                                   'file': '/tmp/ray/session_latest/metrics/prometheus/prometheus.yml',
[36m(TaskRunner pid=18406)[0m                                                   'port': 9090,
[36m(TaskRunner pid=18406)[0m                                                   'served_model_name': 'Qwen/Qwen3.5-4B'},
[36m(TaskRunner pid=18406)[0m                                    'prompt_length': 4608,
[36m(TaskRunner pid=18406)[0m                                    'quantization': None,
[36m(TaskRunner pid=18406)[0m                                    'quantization_config_file': None,
[36m(TaskRunner pid=18406)[0m                                    'response_length': 1024,
[36m(TaskRunner pid=18406)[0m                                    'scheduling_policy': 'fcfs',
[36m(TaskRunner pid=18406)[0m                                    'skip_dump_dir': '/tmp/rollout_dump',
[36m(TaskRunner pid=18406)[0m                                    'skip_rollout': False,
[36m(TaskRunner pid=18406)[0m                                    'skip_tokenizer_init': True,
[36m(TaskRunner pid=18406)[0m                                    'temperature': 1.0,
[36m(TaskRunner pid=18406)[0m                                    'tensor_model_parallel_size': 1,
[36m(TaskRunner pid=18406)[0m                                    'top_k': -1,
[36m(TaskRunner pid=18406)[0m                                    'top_p': 1,
[36m(TaskRunner pid=18406)[0m                                    'trace': {'_target_': 'verl.workers.config.TraceConfig',
[36m(TaskRunner pid=18406)[0m                                              'backend': None,
[36m(TaskRunner pid=18406)[0m                                              'max_samples_per_step_per_worker': None,
[36m(TaskRunner pid=18406)[0m                                              'token2text': False},
[36m(TaskRunner pid=18406)[0m                                    'update_weights_bucket_megabytes': 512,
[36m(TaskRunner pid=18406)[0m                                    'val_kwargs': {'_target_': 'verl.workers.config.SamplingConfig',
[36m(TaskRunner pid=18406)[0m                                                   'do_sample': False,
[36m(TaskRunner pid=18406)[0m                                                   'n': 1,
[36m(TaskRunner pid=18406)[0m                                                   'temperature': 0,
[36m(TaskRunner pid=18406)[0m                                                   'top_k': -1,
[36m(TaskRunner pid=18406)[0m                                                   'top_p': 1.0}}},
[36m(TaskRunner pid=18406)[0m  'algorithm': {'_target_': 'verl.trainer.config.AlgoConfig',
[36m(TaskRunner pid=18406)[0m                'adv_estimator': 'grpo',
[36m(TaskRunner pid=18406)[0m                'gamma': 1.0,
[36m(TaskRunner pid=18406)[0m                'kl_ctrl': {'_target_': 'verl.trainer.config.KLControlConfig',
[36m(TaskRunner pid=18406)[0m                            'horizon': 10000,
[36m(TaskRunner pid=18406)[0m                            'kl_coef': 0.001,
[36m(TaskRunner pid=18406)[0m                            'target_kl': 0.1,
[36m(TaskRunner pid=18406)[0m                            'type': 'fixed'},
[36m(TaskRunner pid=18406)[0m                'kl_penalty': 'kl',
[36m(TaskRunner pid=18406)[0m                'lam': 1.0,
[36m(TaskRunner pid=18406)[0m                'norm_adv_by_std_in_grpo': False,
[36m(TaskRunner pid=18406)[0m                'pf_ppo': {'reweight_method': 'pow', 'weight_pow': 2.0},
[36m(TaskRunner pid=18406)[0m                'rollout_correction': {'bypass_mode': False,
[36m(TaskRunner pid=18406)[0m                                       'loss_type': 'ppo_clip',
[36m(TaskRunner pid=18406)[0m                                       'rollout_is': 'token',
[36m(TaskRunner pid=18406)[0m                                       'rollout_is_batch_normalize': False,
[36m(TaskRunner pid=18406)[0m                                       'rollout_is_threshold': 2.0,
[36m(TaskRunner pid=18406)[0m                                       'rollout_rs': None,
[36m(TaskRunner pid=18406)[0m                                       'rollout_rs_threshold': None},
[36m(TaskRunner pid=18406)[0m                'use_kl_in_reward': False,
[36m(TaskRunner pid=18406)[0m                'use_pf_ppo': False},
[36m(TaskRunner pid=18406)[0m  'critic': {'_target_': 'verl.workers.config.FSDPCriticConfig',
[36m(TaskRunner pid=18406)[0m             'checkpoint': {'_target_': 'verl.trainer.config.CheckpointConfig',
[36m(TaskRunner pid=18406)[0m                            'async_save': False,
[36m(TaskRunner pid=18406)[0m                            'load_contents': ['model', 'optimizer', 'extra'],
[36m(TaskRunner pid=18406)[0m                            'save_contents': ['model', 'optimizer', 'extra']},
[36m(TaskRunner pid=18406)[0m             'cliprange_value': 0.5,
[36m(TaskRunner pid=18406)[0m             'data_loader_seed': 42,
[36m(TaskRunner pid=18406)[0m             'enable': None,
[36m(TaskRunner pid=18406)[0m             'forward_max_token_len_per_gpu': 32768,
[36m(TaskRunner pid=18406)[0m             'forward_micro_batch_size': None,
[36m(TaskRunner pid=18406)[0m             'forward_micro_batch_size_per_gpu': None,
[36m(TaskRunner pid=18406)[0m             'grad_clip': 1.0,
[36m(TaskRunner pid=18406)[0m             'loss_agg_mode': 'token-mean',
[36m(TaskRunner pid=18406)[0m             'model': {'_target_': 'verl.workers.config.FSDPCriticModelCfg',
[36m(TaskRunner pid=18406)[0m                       'enable_activation_offload': False,
[36m(TaskRunner pid=18406)[0m                       'enable_gradient_checkpointing': True,
[36m(TaskRunner pid=18406)[0m                       'external_lib': None,
[36m(TaskRunner pid=18406)[0m                       'fsdp_config': {'_target_': 'verl.workers.config.FSDPEngineConfig',
[36m(TaskRunner pid=18406)[0m                                       'dtype': 'bfloat16',
[36m(TaskRunner pid=18406)[0m                                       'entropy_checkpointing': False,
[36m(TaskRunner pid=18406)[0m                                       'entropy_from_logits_with_chunking': False,
[36m(TaskRunner pid=18406)[0m                                       'forward_only': False,
[36m(TaskRunner pid=18406)[0m                                       'forward_prefetch': False,
[36m(TaskRunner pid=18406)[0m                                       'fsdp_size': -1,
[36m(TaskRunner pid=18406)[0m                                       'full_determinism': False,
[36m(TaskRunner pid=18406)[0m                                       'model_dtype': 'fp32',
[36m(TaskRunner pid=18406)[0m                                       'offload_policy': False,
[36m(TaskRunner pid=18406)[0m                                       'optimizer_offload': False,
[36m(TaskRunner pid=18406)[0m                                       'param_offload': False,
[36m(TaskRunner pid=18406)[0m                                       'reshard_after_forward': True,
[36m(TaskRunner pid=18406)[0m                                       'seed': 42,
[36m(TaskRunner pid=18406)[0m                                       'strategy': 'fsdp',
[36m(TaskRunner pid=18406)[0m                                       'ulysses_sequence_parallel_size': 1,
[36m(TaskRunner pid=18406)[0m                                       'use_orig_params': False,
[36m(TaskRunner pid=18406)[0m                                       'use_torch_compile': True,
[36m(TaskRunner pid=18406)[0m                                       'wrap_policy': {'min_num_params': 0}},
[36m(TaskRunner pid=18406)[0m                       'lora_alpha': 16,
[36m(TaskRunner pid=18406)[0m                       'lora_rank': 0,
[36m(TaskRunner pid=18406)[0m                       'override_config': {},
[36m(TaskRunner pid=18406)[0m                       'path': 'Qwen/Qwen3.5-4B',
[36m(TaskRunner pid=18406)[0m                       'target_modules': 'all-linear',
[36m(TaskRunner pid=18406)[0m                       'tiled_mlp': {'enabled': False, 'num_shards': 4},
[36m(TaskRunner pid=18406)[0m                       'tokenizer_path': 'Qwen/Qwen3.5-4B',
[36m(TaskRunner pid=18406)[0m                       'trust_remote_code': True,
[36m(TaskRunner pid=18406)[0m                       'use_remove_padding': False,
[36m(TaskRunner pid=18406)[0m                       'use_shm': False},
[36m(TaskRunner pid=18406)[0m             'optim': {'_target_': 'verl.workers.config.FSDPOptimizerConfig',
[36m(TaskRunner pid=18406)[0m                       'betas': [0.9, 0.999],
[36m(TaskRunner pid=18406)[0m                       'clip_grad': 1.0,
[36m(TaskRunner pid=18406)[0m                       'lr': 1e-05,
[36m(TaskRunner pid=18406)[0m                       'lr_scheduler_type': 'constant',
[36m(TaskRunner pid=18406)[0m                       'lr_warmup_steps': -1,
[36m(TaskRunner pid=18406)[0m                       'lr_warmup_steps_ratio': 0.0,
[36m(TaskRunner pid=18406)[0m                       'min_lr_ratio': 0.0,
[36m(TaskRunner pid=18406)[0m                       'num_cycles': 0.5,
[36m(TaskRunner pid=18406)[0m                       'optimizer': 'AdamW',
[36m(TaskRunner pid=18406)[0m                       'optimizer_impl': 'torch.optim',
[36m(TaskRunner pid=18406)[0m                       'override_optimizer_config': None,
[36m(TaskRunner pid=18406)[0m                       'total_training_steps': -1,
[36m(TaskRunner pid=18406)[0m                       'warmup_style': None,
[36m(TaskRunner pid=18406)[0m                       'weight_decay': 0.01},
[36m(TaskRunner pid=18406)[0m             'ppo_epochs': 1,
[36m(TaskRunner pid=18406)[0m             'ppo_max_token_len_per_gpu': 32768,
[36m(TaskRunner pid=18406)[0m             'ppo_micro_batch_size': None,
[36m(TaskRunner pid=18406)[0m             'ppo_micro_batch_size_per_gpu': None,
[36m(TaskRunner pid=18406)[0m             'ppo_mini_batch_size': 96,
[36m(TaskRunner pid=18406)[0m             'profiler': {'_target_': 'verl.utils.profiler.ProfilerConfig',
[36m(TaskRunner pid=18406)[0m                          'all_ranks': False,
[36m(TaskRunner pid=18406)[0m                          'enable': False,
[36m(TaskRunner pid=18406)[0m                          'ranks': [],
[36m(TaskRunner pid=18406)[0m                          'save_path': 'outputs/profile',
[36m(TaskRunner pid=18406)[0m                          'tool': None,
[36m(TaskRunner pid=18406)[0m                          'tool_config': {'npu': {'_target_': 'verl.utils.profiler.config.NPUToolConfig',
[36m(TaskRunner pid=18406)[0m                                                  'analysis': True,
[36m(TaskRunner pid=18406)[0m                                                  'contents': [],
[36m(TaskRunner pid=18406)[0m                                                  'discrete': False,
[36m(TaskRunner pid=18406)[0m                                                  'level': 'level0'},
[36m(TaskRunner pid=18406)[0m                                          'nsys': {'_target_': 'verl.utils.profiler.config.NsightToolConfig',
[36m(TaskRunner pid=18406)[0m                                                   'discrete': False},
[36m(TaskRunner pid=18406)[0m                                          'torch': {'_target_': 'verl.utils.profiler.config.TorchProfilerToolConfig',
[36m(TaskRunner pid=18406)[0m                                                    'step_end': None,
[36m(TaskRunner pid=18406)[0m                                                    'step_start': 0},
[36m(TaskRunner pid=18406)[0m                                          'torch_memory': {'_target_': 'verl.utils.profiler.config.TorchMemoryToolConfig',
[36m(TaskRunner pid=18406)[0m                                                           'stack_depth': 32,
[36m(TaskRunner pid=18406)[0m                                                           'trace_alloc_max_entries': 100000}}},
[36m(TaskRunner pid=18406)[0m             'rollout_n': 8,
[36m(TaskRunner pid=18406)[0m             'shuffle': False,
[36m(TaskRunner pid=18406)[0m             'strategy': 'fsdp',
[36m(TaskRunner pid=18406)[0m             'ulysses_sequence_parallel_size': 1,
[36m(TaskRunner pid=18406)[0m             'use_dynamic_bsz': True},
[36m(TaskRunner pid=18406)[0m  'custom_reward_function': {'name': 'compute_score', 'path': None},
[36m(TaskRunner pid=18406)[0m  'data': {'apply_chat_template_kwargs': {},
[36m(TaskRunner pid=18406)[0m           'custom_cls': {'name': None, 'path': None},
[36m(TaskRunner pid=18406)[0m           'datagen': {'name': None, 'path': None},
[36m(TaskRunner pid=18406)[0m           'dataloader_num_workers': 8,
[36m(TaskRunner pid=18406)[0m           'filter_overlong_prompts': False,
[36m(TaskRunner pid=18406)[0m           'filter_overlong_prompts_workers': 1,
[36m(TaskRunner pid=18406)[0m           'image_key': 'images',
[36m(TaskRunner pid=18406)[0m           'image_patch_size': 14,
[36m(TaskRunner pid=18406)[0m           'max_prompt_length': 4608,
[36m(TaskRunner pid=18406)[0m           'max_response_length': 1024,
[36m(TaskRunner pid=18406)[0m           'prompt_key': 'prompt',
[36m(TaskRunner pid=18406)[0m           'return_full_prompt': False,
[36m(TaskRunner pid=18406)[0m           'return_multi_modal_inputs': True,
[36m(TaskRunner pid=18406)[0m           'return_raw_chat': True,
[36m(TaskRunner pid=18406)[0m           'return_raw_input_ids': False,
[36m(TaskRunner pid=18406)[0m           'reward_fn_key': 'data_source',
[36m(TaskRunner pid=18406)[0m           'sampler': {'class_name': None, 'class_path': None},
[36m(TaskRunner pid=18406)[0m           'seed': None,
[36m(TaskRunner pid=18406)[0m           'shuffle': True,
[36m(TaskRunner pid=18406)[0m           'tokenizer': None,
[36m(TaskRunner pid=18406)[0m           'tool_config_path': None,
[36m(TaskRunner pid=18406)[0m           'train_batch_size': 96,
[36m(TaskRunner pid=18406)[0m           'train_files': ['/sfs/weka/scratch/nkw3mr/Vision-OPD-OPSA/data/TreeVGR-RL-37K/train_sa4k_aha.parquet'],
[36m(TaskRunner pid=18406)[0m           'train_max_samples': -1,
[36m(TaskRunner pid=18406)[0m           'truncation': 'error',
[36m(TaskRunner pid=18406)[0m           'trust_remote_code': True,
[36m(TaskRunner pid=18406)[0m           'use_shm': False,
[36m(TaskRunner pid=18406)[0m           'val_batch_size': None,
[36m(TaskRunner pid=18406)[0m           'val_files': [],
[36m(TaskRunner pid=18406)[0m           'val_max_samples': -1,
[36m(TaskRunner pid=18406)[0m           'validation_shuffle': False,
[36m(TaskRunner pid=18406)[0m           'video_key': 'videos'},
[36m(TaskRunner pid=18406)[0m  'global_profiler': {'_target_': 'verl.utils.profiler.ProfilerConfig',
[36m(TaskRunner pid=18406)[0m                      'global_tool_config': {'nsys': {'_target_': 'verl.utils.profiler.config.NsightToolConfig',
[36m(TaskRunner pid=18406)[0m                                                      'controller_nsight_options': {'cuda-graph-trace': 'graph',
[36m(TaskRunner pid=18406)[0m                                                                                    'cuda-memory-usage': 'true',
[36m(TaskRunner pid=18406)[0m                                                                                    'trace': 'cuda,nvtx,cublas,ucx'},
[36m(TaskRunner pid=18406)[0m                                                      'discrete': False,
[36m(TaskRunner pid=18406)[0m                                                      'worker_nsight_options': {'capture-range': 'cudaProfilerApi',
[36m(TaskRunner pid=18406)[0m                                                                                'capture-range-end': None,
[36m(TaskRunner pid=18406)[0m                                                                                'cuda-graph-trace': 'graph',
[36m(TaskRunner pid=18406)[0m                                                                                'cuda-memory-usage': 'true',
[36m(TaskRunner pid=18406)[0m                                                                                'kill': 'none',
[36m(TaskRunner pid=18406)[0m                                                                                'trace': 'cuda,nvtx,cublas,ucx'}},
[36m(TaskRunner pid=18406)[0m                                             'torch_memory': {'context': 'all',
[36m(TaskRunner pid=18406)[0m                                                              'kw_args': {},
[36m(TaskRunner pid=18406)[0m                                                              'stack_depth': 32,
[36m(TaskRunner pid=18406)[0m                                                              'stacks': 'all',
[36m(TaskRunner pid=18406)[0m                                                              'trace_alloc_max_entries': 100000}},
[36m(TaskRunner pid=18406)[0m                      'profile_continuous_steps': False,
[36m(TaskRunner pid=18406)[0m                      'save_path': 'outputs/profile',
[36m(TaskRunner pid=18406)[0m                      'steps': None,
[36m(TaskRunner pid=18406)[0m                      'tool': None},
[36m(TaskRunner pid=18406)[0m  'max_model_len': 18944,
[36m(TaskRunner pid=18406)[0m  'ray_kwargs': {'ray_init': {'num_cpus': None}, 'timeline_json_file': None},
[36m(TaskRunner pid=18406)[0m  'reward_manager': {'_target_': 'verl.trainer.config.config.RewardManagerConfig',
[36m(TaskRunner pid=18406)[0m                     'module': {'_target_': 'verl.trainer.config.config.ModuleConfig',
[36m(TaskRunner pid=18406)[0m                                'name': 'custom_reward_manager',
[36m(TaskRunner pid=18406)[0m                                'path': None},
[36m(TaskRunner pid=18406)[0m                     'name': 'naive',
[36m(TaskRunner pid=18406)[0m                     'source': 'register'},
[36m(TaskRunner pid=18406)[0m  'reward_model': {'enable': False,
[36m(TaskRunner pid=18406)[0m                   'enable_resource_pool': False,
[36m(TaskRunner pid=18406)[0m                   'forward_max_token_len_per_gpu': 32768,
[36m(TaskRunner pid=18406)[0m                   'launch_reward_fn_async': False,
[36m(TaskRunner pid=18406)[0m                   'max_length': None,
[36m(TaskRunner pid=18406)[0m                   'micro_batch_size': None,
[36m(TaskRunner pid=18406)[0m                   'micro_batch_size_per_gpu': None,
[36m(TaskRunner pid=18406)[0m                   'model': {'external_lib': None,
[36m(TaskRunner pid=18406)[0m                             'fsdp_config': {'_target_': 'verl.workers.config.FSDPEngineConfig',
[36m(TaskRunner pid=18406)[0m                                             'forward_prefetch': 
[36m(TaskRunner pid=18406)[0m False
[36m(TaskRunner pid=18406)[0m ,
[36m(TaskRunner pid=18406)[0m                                             'fsdp_size'
[36m(TaskRunner pid=18406)[0m : -1,
[36m(TaskRunner pid=18406)[0m                                             'param_offload': False,
[36m(TaskRunner pid=18406)[0m                                             'reshard_after_forward': True,
[36m(TaskRunner pid=18406)[0m                                             'wrap_policy': {'min_num_params': 0}},
[36m(TaskRunner pid=18406)[0m                             'input_tokenizer': 'Qwen/Qwen3.5-4B',
[36m(TaskRunner pid=18406)[0m                             'override_config': {},
[36m(TaskRunner pid=18406)[0m                             'path': '~/models/FsfairX-LLaMA3-RM-v0.1',
[36m(TaskRunner pid=18406)[0m                             'trust_remote_code': False,
[36m(TaskRunner pid=18406)[0m                             'use_fused_kernels': False,
[36m(TaskRunner pid=18406)[0m                             'use_remove_padding': False,
[36m(TaskRunner pid=18406)[0m                             'use_shm': False},
[36m(TaskRunner pid=18406)[0m                   'n_gpus_per_node': 8,
[36m(TaskRunner pid=18406)[0m                   'nnodes': 0,
[36m(TaskRunner pid=18406)[0m                   'num_workers': 1,
[36m(TaskRunner pid=18406)[0m                   'profiler': {'_target_': 'verl.utils.profiler.ProfilerConfig',
[36m(TaskRunner pid=18406)[0m                                'all_ranks': False,
[36m(TaskRunner pid=18406)[0m                                'enable': False,
[36m(TaskRunner pid=18406)[0m                                'ranks': [],
[36m(TaskRunner pid=18406)[0m                                'save_path': 'outputs/profile',
[36m(TaskRunner pid=18406)[0m                                'tool': None,
[36m(TaskRunner pid=18406)[0m                                'tool_config': {'npu': {'_target_': 'verl.utils.profiler.config.NPUToolConfig',
[36m(TaskRunner pid=18406)[0m                                                        'analysis': True,
[36m(TaskRunner pid=18406)[0m                                                        'contents': [],
[36m(TaskRunner pid=18406)[0m                                                        'discrete': False,
[36m(TaskRunner pid=18406)[0m                                                        'level': 'level0'},
[36m(TaskRunner pid=18406)[0m                                                'nsys': {'_target_': 'verl.utils.profiler.config.NsightToolConfig',
[36m(TaskRunner pid=18406)[0m                                                         'discrete': False},
[36m(TaskRunner pid=18406)[0m                                                'torch': {'_target_': 'verl.utils.profiler.config.TorchProfilerToolConfig',
[36m(TaskRunner pid=18406)[0m                                                          'step_end': None,
[36m(TaskRunner pid=18406)[0m                                                          'step_start': 0},
[36m(TaskRunner pid=18406)[0m                                                'torch_memory': {'_target_': 'verl.utils.profiler.config.TorchMemoryToolConfig',
[36m(TaskRunner pid=18406)[0m                                                                 'stack_depth': 32,
[36m(TaskRunner pid=18406)[0m                                                                 'trace_alloc_max_entries': 100000}}},
[36m(TaskRunner pid=18406)[0m                   'reward_loop_class_name': None,
[36m(TaskRunner pid=18406)[0m                   'reward_loop_module_path': None,
[36m(TaskRunner pid=18406)[0m                   'reward_loop_source': 'register',
[36m(TaskRunner pid=18406)[0m                   'reward_manager': 'naive',
[36m(TaskRunner pid=18406)[0m                   'rollout': {'_target_': 'verl.workers.config.RolloutConfig',
[36m(TaskRunner pid=18406)[0m                               'cudagraph_capture_sizes': None,
[36m(TaskRunner pid=18406)[0m                               'data_parallel_size': 1,
[36m(TaskRunner pid=18406)[0m                               'disable_log_stats': True,
[36m(TaskRunner pid=18406)[0m                               'dtype': 'bfloat16',
[36m(TaskRunner pid=18406)[0m                               'enable_chunked_prefill': True,
[36m(TaskRunner pid=18406)[0m                               'enable_prefix_caching': True,
[36m(TaskRunner pid=18406)[0m                               'enforce_eager': True,
[36m(TaskRunner pid=18406)[0m                               'engine_kwargs': {},
[36m(TaskRunner pid=18406)[0m                               'expert_parallel_size': 1,
[36m(TaskRunner pid=18406)[0m                               'free_cache_engine': True,
[36m(TaskRunner pid=18406)[0m                               'gpu_memory_utilization': 0.5,
[36m(TaskRunner pid=18406)[0m                               'limit_images': None,
[36m(TaskRunner pid=18406)[0m                               'load_format': 'auto',
[36m(TaskRunner pid=18406)[0m                               'max_model_len': None,
[36m(TaskRunner pid=18406)[0m                               'max_num_batched_tokens': 8192,
[36m(TaskRunner pid=18406)[0m                               'max_num_seqs': 1024,
[36m(TaskRunner pid=18406)[0m                               'name': '???',
[36m(TaskRunner pid=18406)[0m                               'prompt_length': 2048,
[36m(TaskRunner pid=18406)[0m                               'response_length': 2048,
[36m(TaskRunner pid=18406)[0m                               'skip_tokenizer_init': False,
[36m(TaskRunner pid=18406)[0m                               'tensor_model_parallel_size': 2},
[36m(TaskRunner pid=18406)[0m                   'sandbox_fusion': {'max_concurrent': 64,
[36m(TaskRunner pid=18406)[0m                                      'memory_limit_mb': 1024,
[36m(TaskRunner pid=18406)[0m                                      'url': None},
[36m(TaskRunner pid=18406)[0m                   'strategy': 'fsdp',
[36m(TaskRunner pid=18406)[0m /sfs/weka/scratch/nkw3mr/Vision-OPD-OPSA/verl/trainer/main_ppo.py:320: UserWarning: Disabled critic as algorithm.adv_estimator != gae. If it is not intended, please set critic.enable=True
[36m(TaskRunner pid=18406)[0m   use_critic=need_critic(config),
[36m(TaskRunner pid=18406)[0m /sfs/weka/scratch/nkw3mr/Vision-OPD-OPSA/verl/utils/profiler/config.py:52: UserWarning: Torch profiler tool config is not fully supported now.
[36m(TaskRunner pid=18406)[0m   warnings.warn("Torch profiler tool config is not fully supported now.", stacklevel=1)
[36m(TaskRunner pid=18406)[0m Warning: You are sending unauthenticated requests to the HF Hub. Please set a HF_TOKEN to enable higher rate limits and faster downloads.
[36m(TaskRunner pid=18406)[0m WARNING:2026-09-09 20:03:56,264:Warning: You are sending unauthenticated requests to the HF Hub. Please set a HF_TOKEN to enable higher rate limits and faster downloads.
[36m(TaskRunner pid=18406)[0m The `use_fast` parameter is deprecated and will be removed in a future version. Use `backend="torchvision"` instead of `use_fast=True`, or `backend="pil"` instead of `use_fast=False`.
[36m(TaskRunner pid=18406)[0m /sfs/weka/scratch/nkw3mr/Vision-OPD-OPSA/verl/trainer/ppo/ray_trainer.py:389: UserWarning: Disabled critic as algorithm.adv_estimator != gae. If it is not intended, please set critic.enable=True
[36m(TaskRunner pid=18406)[0m   self.use_critic = need_critic(self.config)
[36m(WorkerDict pid=54076)[0m [W909 20:04:07.683601115 socket.cpp:764] [c10d] The client socket cannot be initialized to connect to [udc-aw37-6-s.hpc.virginia.edu]:46291 (errno: 97 - Address family not supported by protocol).
[36m(WorkerDict pid=54076)[0m Warning: You are sending unauthenticated requests to the HF Hub. Please set a HF_TOKEN to enable higher rate limits and faster downloads.
[36m(WorkerDict pid=54076)[0m WARNING:2026-09-09 20:04:07,549:Warning: You are sending unauthenticated requests to the HF Hub. Please set a HF_TOKEN to enable higher rate limits and faster downloads.
[36m(TaskRunner pid=18406)[0m                   'ulysses_sequence_parallel_size': 1,
[36m(TaskRunner pid=18406)[0m                   'use_dynamic_bsz': True,
[36m(TaskRunner pid=18406)[0m                   'use_reward_loop': False},
[36m(TaskRunner pid=18406)[0m  'trainer': {'balance_batch': True,
[36m(TaskRunner pid=18406)[0m              'critic_warmup': 0,
[36m(TaskRunner pid=18406)[0m              'default_hdfs_dir': None,
[36m(TaskRunner pid=18406)[0m              'default_local_dir': '/sfs/weka/scratch/nkw3mr/Vision-OPD-OPSA/checkpoints/Aha-center-Qwen3.5-4B',
[36m(TaskRunner pid=18406)[0m              'del_local_ckpt_after_load': False,
[36m(TaskRunner pid=18406)[0m              'device': 'cuda',
[36m(TaskRunner pid=18406)[0m              'esi_redundant_time': 0,
[36m(TaskRunner pid=18406)[0m              'experiment_name': 'Aha-center-Qwen3.5-4B',
[36m(TaskRunner pid=18406)[0m              'group_name': 'Aha-center-Qwen3.5-4B',
[36m(TaskRunner pid=18406)[0m              'log_val_generations': 0,
[36m(TaskRunner pid=18406)[0m              'logger': ['console', 'tensorboard', 'wandb'],
[36m(TaskRunner pid=18406)[0m              'max_actor_ckpt_to_keep': None,
[36m(TaskRunner pid=18406)[0m              'max_critic_ckpt_to_keep': None,
[36m(TaskRunner pid=18406)[0m              'n_gpus_per_node': 2,
[36m(TaskRunner pid=18406)[0m              'nnodes': 1,
[36m(TaskRunner pid=18406)[0m              'project_name': 'Vision-OPD-StateAdaptive',
[36m(TaskRunner pid=18406)[0m              'ray_wait_register_center_timeout': 300,
[36m(TaskRunner pid=18406)[0m              'resume_from_path': None,
[36m(TaskRunner pid=18406)[0m              'resume_mode': 'auto',
[36m(TaskRunner pid=18406)[0m              'rollout_data_dir': '/sfs/weka/scratch/nkw3mr/Vision-OPD-OPSA/rollouts/Aha-center-Qwen3.5-4B',
[36m(TaskRunner pid=18406)[0m              'save_freq': 5,
[36m(TaskRunner pid=18406)[0m              'test_freq': -1,
[36m(TaskRunner pid=18406)[0m              'total_epochs': 1,
[36m(TaskRunner pid=18406)[0m              'total_training_steps': None,
[36m(TaskRunner pid=18406)[0m              'use_legacy_worker_impl': 'auto',
[36m(TaskRunner pid=18406)[0m              'val_before_train': False,
[36m(TaskRunner pid=18406)[0m              'val_only': False,
[36m(TaskRunner pid=18406)[0m              'validation_data_dir': None},
[36m(TaskRunner pid=18406)[0m  'transfer_queue': {'enable': False},
[36m(TaskRunner pid=18406)[0m  'vars': {'ckpt_dir': './checkpoints', 'dir': './data', 'log_dir': './output'}}
[36m(TaskRunner pid=18406)[0m [validate_config] All configuration checks passed successfully!
[36m(TaskRunner pid=18406)[0m Using dataset class: RLHFDataset
[36m(TaskRunner pid=18406)[0m dataset len: 4000
[36m(TaskRunner pid=18406)[0m Size of train dataloader: 41, Size of val dataloader: 0
[36m(TaskRunner pid=18406)[0m Total training steps: 41
[36m(TaskRunner pid=18406)[0m colocated worker base class <class 'verl.single_controller.base.worker.Worker'>
[36m(TaskRunner pid=18406)[0m bind role actor_rollout_ref method chat_completion to class <class 'verl.single_controller.ray.base.create_colocated_worker_cls.<locals>.WorkerDict'>
[36m(TaskRunner pid=18406)[0m bind role actor_rollout_ref method generate to class <class 'verl.single_controller.ray.base.create_colocated_worker_cls.<locals>.WorkerDict'>
[36m(TaskRunner pid=18406)[0m bind role actor_rollout_ref method get_zeromq_address to class <class 'verl.single_controller.ray.base.create_colocated_worker_cls.<locals>.WorkerDict'>
[36m(TaskRunner pid=18406)[0m bind role actor_rollout_ref method sleep to class <class 'verl.single_controller.ray.base.create_colocated_worker_cls.<locals>.WorkerDict'>
[36m(TaskRunner pid=18406)[0m bind role actor_rollout_ref method wake_up to class <class 'verl.single_controller.ray.base.create_colocated_worker_cls.<locals>.WorkerDict'>
[36m(WorkerDict pid=54076)[0m [Gloo] Rank 0 is connected to 1 peer ranks. Expected number of connected peer ranks is : 1
[36m(WorkerDict pid=54076)[0m Model config after override: Qwen3_5Config {
[36m(WorkerDict pid=54076)[0m   "architectures": [
[36m(WorkerDict pid=54076)[0m     "Qwen3_5ForConditionalGeneration"
[36m(WorkerDict pid=54076)[0m   ],
[36m(WorkerDict pid=54076)[0m   "bos_token_id": null,
[36m(WorkerDict pid=54076)[0m   "eos_token_id": 248046,
[36m(WorkerDict pid=54076)[0m   "image_token_id": 248056,
[36m(WorkerDict pid=54076)[0m   "model_type": "qwen3_5",
[36m(WorkerDict pid=54076)[0m   "pad_token_id": 248044,
[36m(WorkerDict pid=54076)[0m   "text_config": {
[36m(WorkerDict pid=54076)[0m     "attention_bias": false,
[36m(WorkerDict pid=54076)[0m     "attention_dropout": 0.0,
[36m(WorkerDict pid=54076)[0m     "attn_output_gate": true,
[36m(WorkerDict pid=54076)[0m     "bos_token_id": null,
[36m(WorkerDict pid=54076)[0m     "dtype": "bfloat16",
[36m(WorkerDict pid=54076)[0m     "eos_token_id": 248044,
[36m(WorkerDict pid=54076)[0m     "full_attention_interval": 4,
[36m(WorkerDict pid=54076)[0m     "head_dim": 256,
[36m(WorkerDict pid=54076)[0m     "hidden_act": "silu",
[36m(WorkerDict pid=54076)[0m     "hidden_size": 2560,
[36m(WorkerDict pid=54076)[0m     "initializer_range": 0.02,
[36m(WorkerDict pid=54076)[0m     "intermediate_size": 9216,
[36m(WorkerDict pid=54076)[0m     "layer_types": [
[36m(WorkerDict pid=54076)[0m       "linear_attention",
[36m(WorkerDict pid=54076)[0m       "linear_attention",
[36m(WorkerDict pid=54076)[0m       "linear_attention",
[36m(WorkerDict pid=54076)[0m       "full_attention",
[36m(WorkerDict pid=54076)[0m       "linear_attention",
[36m(WorkerDict pid=54076)[0m       "linear_attention",
[36m(WorkerDict pid=54076)[0m       "linear_attention",
[36m(WorkerDict pid=54076)[0m       "full_attention",
[36m(WorkerDict pid=54076)[0m       "linear_attention",
[36m(WorkerDict pid=54076)[0m       "linear_attention",
[36m(WorkerDict pid=54076)[0m       "linear_attention",
[36m(WorkerDict pid=54076)[0m       "full_attention",
[36m(WorkerDict pid=54076)[0m       "linear_attention",
[36m(WorkerDict pid=54076)[0m       "linear_attention",
[36m(WorkerDict pid=54076)[0m       "linear_attention",
[36m(WorkerDict pid=54076)[0m       "full_attention",
[36m(WorkerDict pid=54076)[0m       "linear_attention",
[36m(WorkerDict pid=54076)[0m       "linear_attention",
[36m(WorkerDict pid=54076)[0m       "linear_attention",
[36m(WorkerDict pid=54076)[0m       "full_attention",
[36m(WorkerDict pid=54076)[0m       "linear_attention",
[36m(WorkerDict pid=54076)[0m       "linear_attention",
[36m(WorkerDict pid=54076)[0m       "linear_attention",
[36m(WorkerDict pid=54076)[0m       "full_attention",
[36m(WorkerDict pid=54076)[0m       "linear_attention",
[36m(WorkerDict pid=54076)[0m       "linear_attention",
[36m(WorkerDict pid=54076)[0m       "linear_attention",
[36m(WorkerDict pid=54076)[0m       "full_attention",
[36m(WorkerDict pid=54076)[0m       "linear_attention",
[36m(WorkerDict pid=54076)[0m       "linear_attention",
[36m(WorkerDict pid=54076)[0m       "linear_attention",
[36m(WorkerDict pid=54076)[0m       "full_attention"
[36m(WorkerDict pid=54076)[0m     ],
[36m(WorkerDict pid=54076)[0m     "linear_conv_kernel_dim": 4,
[36m(WorkerDict pid=54076)[0m     "linear_key_head_dim": 128,
[36m(WorkerDict pid=54076)[0m     "linear_num_key_heads": 16,
[36m(WorkerDict pid=54076)[0m     "linear_num_value_heads": 32,
[36m(WorkerDict pid=54076)[0m     "linear_value_head_dim": 128,
[36m(WorkerDict pid=54076)[0m     "mamba_ssm_dtype": "float32",
[36m(WorkerDict pid=54076)[0m     "max_position_embeddings": 262144,
[36m(WorkerDict pid=54076)[0m     "mlp_only_layers": [],
[36m(WorkerDict pid=54076)[0m     "model_type": "qwen3_5_text",
[36m(WorkerDict pid=54076)[0m     "mtp_num_hidden_layers": 1,
[36m(WorkerDict pid=54076)[0m     "mtp_use_dedicated_embeddings": false,
[36m(WorkerDict pid=54076)[0m     "num_attention_heads": 16,
[36m(WorkerDict pid=54076)[0m     "num_hidden_layers": 32,
[36m(WorkerDict pid=54076)[0m     "num_key_value_heads": 4,
[36m(WorkerDict pid=54076)[0m Flash Attention 2 only supports torch.float16 and torch.bfloat16 dtypes, but the current dype in Qwen3_5ForConditionalGeneration is torch.float32. You should run training or inference using Automatic Mixed-Precision via the `with torch.autocast(device_type='torch_device'):` decorator, or load the model with the `dtype` argument. Example: `model = AutoModel.from_pretrained("meta-llama/Llama-3.2-1B", attn_implementation="flash_attention_2", dtype=torch.float16)`
[36m(WorkerDict pid=54076)[0m Flash Attention 2 only supports torch.float16 and torch.bfloat16 dtypes, but the current dype in Qwen3_5Model is torch.float32. You should run training or inference using Automatic Mixed-Precision via the `with torch.autocast(device_type='torch_device'):` decorator, or load the model with the `dtype` argument. Example: `model = AutoModel.from_pretrained("meta-llama/Llama-3.2-1B", attn_implementation="flash_attention_2", dtype=torch.float16)`
[36m(WorkerDict pid=54076)[0m Flash Attention 2 only supports torch.float16 and torch.bfloat16 dtypes, but the current dype in Qwen3_5VisionModel is torch.float32. You should run training or inference using Automatic Mixed-Precision via the `with torch.autocast(device_type='torch_device'):` decorator, or load the model with the `dtype` argument. Example: `model = AutoModel.from_pretrained("meta-llama/Llama-3.2-1B", attn_implementation="flash_attention_2", dtype=torch.float16)`
[36m(WorkerDict pid=54076)[0m Flash Attention 2 only supports torch.float16 and torch.bfloat16 dtypes, but the current dype in Qwen3_5TextModel is torch.float32. You should run training or inference using Automatic Mixed-Precision via the `with torch.autocast(device_type='torch_device'):` decorator, or load the model with the `dtype` argument. Example: `model = AutoModel.from_pretrained("meta-llama/Llama-3.2-1B", attn_implementation="flash_attention_2", dtype=torch.float16)`
[36m(WorkerDict pid=54076)[0m Loading weights:   0%|          | 0/723 [00:00<?, ?it/s]
[36m(WorkerDict pid=54076)[0m Loading weights:   0%|          | 1/723 [00:00<06:06,  1.97it/s]
[36m(WorkerDict pid=54090)[0m [W909 20:04:07.679581841 socket.cpp:764] [c10d] The client socket cannot be initialized to connect to [udc-aw37-6-s.hpc.virginia.edu]:46291 (errno: 97 - Address family not supported by protocol).
[36m(WorkerDict pid=54076)[0m Loading weights:  33%|███▎      | 238/723 [00:00<00:00, 519.47it/s]
[36m(WorkerDict pid=54090)[0m Warning: You are sending unauthenticated requests to the HF Hub. Please set a HF_TOKEN to enable higher rate limits and faster downloads.
[36m(WorkerDict pid=54090)[0m WARNING:2026-09-09 20:04:07,626:Warning: You are sending unauthenticated requests to the HF Hub. Please set a HF_TOKEN to enable higher rate limits and faster downloads.
[36m(WorkerDict pid=54076)[0m Loading weights: 100%|██████████| 723/723 [00:01<00:00, 597.41it/s]
[36m(WorkerDict pid=54076)[0m /sfs/weka/scratch/nkw3mr/Vision-OPD-OPSA/verl/utils/profiler/config.py:52: UserWarning: Torch profiler tool config is not fully supported now.
[36m(WorkerDict pid=54076)[0m   warnings.warn("Torch profiler tool config is not fully supported now.", stacklevel=1)
[36m(WorkerDict pid=54090)[0m Flash Attention 2 only supports torch.float16 and torch.bfloat16 dtypes, but the current dype in Qwen3_5TextModel is torch.float32. You should run training or inference using Automatic Mixed-Precision via the `with torch.autocast(device_type='torch_device'):` decorator, or load the model with the `dtype` argument. Example: `model = AutoModel.from_pretrained("meta-llama/Llama-3.2-1B", attn_implementation="flash_attention_2", dtype=torch.float16)`[32m [repeated 4x across cluster] (Ray deduplicates logs by default. Set RAY_DEDUP_LOGS=0 to disable log deduplication, or see https://docs.ray.io/en/master/ray-observability/user-guides/configure-logging.html#log-deduplication for more options.)[0m
[36m(WorkerDict pid=54090)[0m Loading weights:   0%|          | 0/723 [00:00<?, ?it/s]
[36m(WorkerDict pid=54076)[0m /sfs/weka/scratch/nkw3mr/Vision-OPD-OPSA/verl/workers/fsdp_workers.py:666: FutureWarning: FSDP.state_dict_type() and FSDP.set_state_dict_type() are being deprecated. Please use APIs, get_state_dict() and set_state_dict(), which can support different parallelisms, FSDP1, FSDP2, DDP. API doc: https://pytorch.org/docs/stable/distributed.checkpoint.html#torch.distributed.checkpoint.state_dict.get_state_dict .Tutorial: https://pytorch.org/tutorials/recipes/distributed_checkpoint_recipe.html .
[36m(WorkerDict pid=54076)[0m   FSDP.set_state_dict_type(
[36m(WorkerDict pid=54090)[0m Loading weights:  63%|██████▎   | 454/723 [00:01<00:00, 476.37it/s][32m [repeated 7x across cluster][0m
[36m(WorkerDict pid=54090)[0m Loading weights: 100%|██████████| 723/723 [00:01<00:00, 565.09it/s]
[36m(WorkerDict pid=54090)[0m /sfs/weka/scratch/nkw3mr/Vision-OPD-OPSA/verl/utils/profiler/config.py:52: UserWarning: Torch profiler tool config is not fully supported now.
[36m(WorkerDict pid=54090)[0m   warnings.warn("Torch profiler tool config is not fully supported now.", stacklevel=1)
[36m(WorkerDict pid=54076)[0m     "pad_token_id": null,
[36m(WorkerDict pid=54076)[0m     "partial_rotary_factor": 0.25,
[36m(WorkerDict pid=54076)[0m     "rms_norm_eps": 1e-06,
[36m(WorkerDict pid=54076)[0m     "rope_parameters": {
[36m(WorkerDict pid=54076)[0m       "mrope_interleaved": true,
[36m(WorkerDict pid=54076)[0m       "mrope_section": [
[36m(WorkerDict pid=54076)[0m         11,
[36m(WorkerDict pid=54076)[0m         11,
[36m(WorkerDict pid=54076)[0m         10
[36m(WorkerDict pid=54076)[0m       ],
[36m(WorkerDict pid=54076)[0m       "partial_rotary_factor": 0.25,
[36m(WorkerDict pid=54076)[0m       "rope_theta": 10000000,
[36m(WorkerDict pid=54076)[0m       "rope_type": "default"
[36m(WorkerDict pid=54076)[0m     },
[36m(WorkerDict pid=54076)[0m     "tie_word_embeddings": true,
[36m(WorkerDict pid=54076)[0m     "use_cache": true,
[36m(WorkerDict pid=54076)[0m     "vocab_size": 248320
[36m(WorkerDict pid=54076)[0m   },
[36m(WorkerDict pid=54076)[0m   "tie_word_embeddings": true,
[36m(WorkerDict pid=54076)[0m   "transformers_version": "5.5.0",
[36m(WorkerDict pid=54076)[0m   "video_token_id": 248057,
[36m(WorkerDict pid=54076)[0m   "vision_config": {
[36m(WorkerDict pid=54076)[0m     "deepstack_visual_indexes": [],
[36m(WorkerDict pid=54076)[0m     "depth": 24,
[36m(WorkerDict pid=54076)[0m     "hidden_act": "gelu_pytorch_tanh",
[36m(WorkerDict pid=54076)[0m     "hidden_size": 1024,
[36m(WorkerDict pid=54076)[0m     "in_channels": 3,
[36m(WorkerDict pid=54076)[0m     "initializer_range": 0.02,
[36m(WorkerDict pid=54076)[0m     "intermediate_size": 4096,
[36m(WorkerDict pid=54076)[0m     "model_type": "qwen3_5",
[36m(WorkerDict pid=54076)[0m     "num_heads": 16,
[36m(WorkerDict pid=54076)[0m     "num_position_embeddings": 2304,
[36m(WorkerDict pid=54076)[0m     "out_hidden_size": 2560,
[36m(WorkerDict pid=54076)[0m     "patch_size": 16,
[36m(WorkerDict pid=54076)[0m     "spatial_merge_size": 2,
[36m(WorkerDict pid=54076)[0m     "temporal_patch_size": 2
[36m(WorkerDict pid=54076)[0m   },
[36m(WorkerDict pid=54076)[0m   "vision_end_token_id": 248054,
[36m(WorkerDict pid=54076)[0m   "vision_start_token_id": 248053
[36m(WorkerDict pid=54076)[0m }
[36m(WorkerDict pid=54076)[0m 
[36m(WorkerDict pid=54076)[0m Monkey patch Qwen3_5ForConditionalGeneration model forward
[36m(WorkerDict pid=54076)[0m Monkey patch _flash_attention_forward in transformers.integrations.flash_attention
[36m(WorkerDict pid=54076)[0m Skipping monkey patch for Qwen3_5ForConditionalGeneration as use_fused_kernels is False or fused_kernels_backend is torch
[36m(WorkerDict pid=54076)[0m Qwen3_5ForConditionalGeneration contains 4.54B parameters
[36m(WorkerDict pid=54076)[0m wrap_policy: functools.partial(<function _or_policy at 0x1440ec742520>, policies=[functools.partial(<function transformer_auto_wrap_policy at 0x1440ec7423e0>, transformer_layer_cls={<class 'transformers.models.qwen3_5.modeling_qwen3_5.Qwen3_5VisionBlock'>, <class 'transformers.models.qwen3_5.modeling_qwen3_5.Qwen3_5DecoderLayer'>})])
[36m(WorkerDict pid=54090)[0m [Gloo] Rank 1 is connected to 1 peer ranks. Expected number of connected peer ranks is : 1
[36m(WorkerDict pid=54076)[0m Total steps: 41, num_warmup_steps: 10
[36m(WorkerDict pid=54076)[0m Actor use_remove_padding=True
[36m(WorkerDict pid=54076)[0m Actor use_fused_kernels=False
[36m(WorkerDict pid=54076)[0m Actor use_prefix_grouper=False
[36m(WorkerDict pid=54076)[0m NCCL version 2.27.5+cuda12.9
[36m(WorkerDict pid=54076)[0m 
[36m(WorkerDict pid=54076)[0m [2026-09-09 20:04:13] udc-aw37-6:54076:97352 [0] ras/client_support.cc:160 NCCL WARN Call to bind failed: Address already in use
[36m(WorkerDict pid=54076)[0m [Gloo] Rank 0 is connected to 0 peer ranks. Expected number of connected peer ranks is : 0
[36m(WorkerDict pid=54076)[0m [Gloo] Rank 0 is connected to 0 peer ranks. Expected number of connected peer ranks is : 0
[36m(WorkerDict pid=54090)[0m Monkey patch Qwen3_5ForConditionalGeneration model forward
[36m(WorkerDict pid=54090)[0m Monkey patch _flash_attention_forward in transformers.integrations.flash_attention
[36m(WorkerDict pid=54090)[0m Skipping monkey patch for Qwen3_5ForConditionalGeneration as use_fused_kernels is False or fused_kernels_backend is torch
[36m(WorkerDict pid=54090)[0m 
[36m(WorkerDict pid=54076)[0m reference model: Qwen/Qwen3.5-4B
[36m(WorkerDict pid=54076)[0m Model config after override: Qwen3_5Config {
[36m(WorkerDict pid=54076)[0m   "architectures": [
[36m(WorkerDict pid=54076)[0m     "Qwen3_5ForConditionalGeneration"
[36m(WorkerDict pid=54076)[0m   ],
[36m(WorkerDict pid=54076)[0m   "bos_token_id": null,
[36m(WorkerDict pid=54076)[0m   "eos_token_id": 248046,
[36m(WorkerDict pid=54076)[0m   "image_token_id": 248056,
[36m(WorkerDict pid=54076)[0m   "model_type": "qwen3_5",
[36m(WorkerDict pid=54076)[0m   "pad_token_id": 248044,
[36m(WorkerDict pid=54076)[0m   "text_config": {
[36m(WorkerDict pid=54076)[0m     "attention_bias": false,
[36m(WorkerDict pid=54076)[0m     "attention_dropout": 0.0,
[36m(WorkerDict pid=54076)[0m     "attn_output_gate": true,
[36m(WorkerDict pid=54076)[0m     "bos_token_id": null,
[36m(WorkerDict pid=54076)[0m     "dtype": "bfloat16",
[36m(WorkerDict pid=54076)[0m     "eos_token_id": 248044,
[36m(WorkerDict pid=54076)[0m     "full_attention_interval": 4,
[36m(WorkerDict pid=54076)[0m     "head_dim": 256,
[36m(WorkerDict pid=54076)[0m     "hidden_act": "silu",
[36m(WorkerDict pid=54076)[0m     "hidden_size": 2560,
[36m(WorkerDict pid=54076)[0m     "initializer_range": 0.02,
[36m(WorkerDict pid=54076)[0m     "intermediate_size": 9216,
[36m(WorkerDict pid=54076)[0m     "layer_types": [
[36m(WorkerDict pid=54076)[0m       "linear_attention",
[36m(WorkerDict pid=54076)[0m       "linear_attention",
[36m(WorkerDict pid=54076)[0m       "linear_attention",
[36m(WorkerDict pid=54076)[0m       "full_attention",
[36m(WorkerDict pid=54076)[0m       "linear_attention",
[36m(WorkerDict pid=54076)[0m       "linear_attention",
[36m(WorkerDict pid=54076)[0m       "linear_attention",
[36m(WorkerDict pid=54076)[0m       "full_attention",
[36m(WorkerDict pid=54076)[0m       "linear_attention",
[36m(WorkerDict pid=54076)[0m       "linear_attention",
[36m(WorkerDict pid=54076)[0m       "linear_attention",
[36m(WorkerDict pid=54076)[0m       "full_attention",
[36m(WorkerDict pid=54076)[0m       "linear_attention",
[36m(WorkerDict pid=54076)[0m       "linear_attention",
[36m(WorkerDict pid=54076)[0m       "linear_attention",
[36m(WorkerDict pid=54076)[0m       "full_attention",
[36m(WorkerDict pid=54076)[0m       "linear_attention",
[36m(WorkerDict pid=54076)[0m       "linear_attention",
[36m(WorkerDict pid=54076)[0m       "linear_attention",
[36m(WorkerDict pid=54076)[0m       "full_attention",
[36m(WorkerDict pid=54076)[0m       "linear_attention",
[36m(WorkerDict pid=54076)[0m       "linear_attention",
[36m(WorkerDict pid=54076)[0m       "linear_attention",
[36m(WorkerDict pid=54076)[0m       "full_attention",
[36m(WorkerDict pid=54076)[0m       "linear_attention",
[36m(WorkerDict pid=54076)[0m       "linear_attention",
[36m(WorkerDict pid=54076)[0m       "linear_attention",
[36m(WorkerDict pid=54076)[0m       "full_attention",
[36m(WorkerDict pid=54076)[0m       "linear_attention",
[36m(WorkerDict pid=54076)[0m       "linear_attention",
[36m(WorkerDict pid=54076)[0m       "linear_attention",
[36m(WorkerDict pid=54076)[0m       "full_attention"
[36m(WorkerDict pid=54076)[0m     ],
[36m(WorkerDict pid=54076)[0m     "linear_conv_kernel_dim": 4,
[36m(WorkerDict pid=54076)[0m     "linear_key_head_dim": 128,
[36m(WorkerDict pid=54076)[0m     "linear_num_key_heads": 16,
[36m(WorkerDict pid=54076)[0m     "linear_num_value_heads": 32,
[36m(WorkerDict pid=54076)[0m     "linear_value_head_dim": 128,
[36m(WorkerDict pid=54076)[0m     "mamba_ssm_dtype": "float32",
[36m(WorkerDict pid=54076)[0m     "max_position_embeddings": 262144,
[36m(WorkerDict pid=54076)[0m     "mlp_only_layers": [],
[36m(WorkerDict pid=54076)[0m Loading weights:   0%|          | 0/723 [00:00<?, ?it/s]
[36m(WorkerDict pid=54076)[0m Loading weights:   0%|          | 1/723 [00:00<07:29,  1.61it/s]Loading weights:  32%|███▏      | 230/723 [00:00<00:01, 428.90it/s]
[36m(WorkerDict pid=54076)[0m Loading weights:  64%|██████▎   | 460/723 [00:01<00:00, 468.60it/s]Loading weights: 100%|██████████| 723/723 [00:01<00:00, 575.13it/s]
[36m(WorkerDict pid=54090)[0m /sfs/weka/scratch/nkw3mr/Vision-OPD-OPSA/verl/workers/fsdp_workers.py:666: FutureWarning: FSDP.state_dict_type() and FSDP.set_state_dict_type() are being deprecated. Please use APIs, get_state_dict() and set_state_dict(), which can support different parallelisms, FSDP1, FSDP2, DDP. API doc: https://pytorch.org/docs/stable/distributed.checkpoint.html#torch.distributed.checkpoint.state_dict.get_state_dict .Tutorial: https://pytorch.org/tutorials/recipes/distributed_checkpoint_recipe.html .
[36m(WorkerDict pid=54090)[0m   FSDP.set_state_dict_type(
[36m(WorkerDict pid=54090)[0m Loading weights:  61%|██████    | 439/723 [00:01<00:00, 452.46it/s][32m [repeated 5x across cluster][0m
[36m(WorkerDict pid=54090)[0m Loading weights: 100%|██████████| 723/723 [00:01<00:00, 604.48it/s]
[36m(TaskRunner pid=18406)[0m W0909 20:04:32.717000 18406 site-packages/torch/utils/cpp_extension.py:118] No CUDA runtime is found, using CUDA_HOME='/apps/software/standard/core/cuda/12.8.0'
[36m(WorkerDict pid=54090)[0m Loading weights:   0%|          | 0/723 [00:00<?, ?it/s]
[36m(TaskRunner pid=18406)[0m /sfs/weka/scratch/nkw3mr/Vision-OPD-OPSA/verl/utils/profiler/config.py:52: UserWarning: Torch profiler tool config is not fully supported now.
[36m(TaskRunner pid=18406)[0m   warnings.warn("Torch profiler tool config is not fully supported now.", stacklevel=1)
[36m(pid=163499)[0m W0909 20:04:41.913000 163499 site-packages/torch/utils/cpp_extension.py:118] No CUDA runtime is found, using CUDA_HOME='/apps/software/standard/core/cuda/12.8.0'
[36m(pid=163448)[0m W0909 20:04:41.913000 163448 site-packages/torch/utils/cpp_extension.py:118] No CUDA runtime is found, using CUDA_HOME='/apps/software/standard/core/cuda/12.8.0'
[36m(vLLMHttpServer pid=163499)[0m Warning: You are sending unauthenticated requests to the HF Hub. Please set a HF_TOKEN to enable higher rate limits and faster downloads.
[36m(vLLMHttpServer pid=163499)[0m Using blocking ray.get inside async actor. This blocks the event loop. Please use `await` on object ref with asyncio.gather if you want to yield execution to the event loop instead.
[36m(vLLMHttpServer pid=163499)[0m The argument `trust_remote_code` is to be used with Auto classes. It has no effect here and is ignored.
[36m(vLLMHttpServer pid=163499)[0m `layer_type_validation` is deprecated and will be removed in v5.20. Use `PreTrainedConfig.validate_layer_type` instead
[36m(vLLMHttpServer pid=163499)[0m `layer_type_validation` is deprecated and will be removed in v5.20. Use `PreTrainedConfig.validate_layer_type` instead
[36m(vLLMHttpServer pid=163499)[0m `layer_type_validation` is deprecated and will be removed in v5.20. Use `PreTrainedConfig.validate_layer_type` instead
[36m(vLLMHttpServer pid=163499)[0m `Qwen2VLImageProcessorFast` is deprecated. The `Fast` suffix for image processors has been removed; use `Qwen2VLImageProcessor` instead.
[36m(vLLMHttpServer pid=163448)[0m Warning: You are sending unauthenticated requests to the HF Hub. Please set a HF_TOKEN to enable higher rate limits and faster downloads.
[36m(vLLMHttpServer pid=163448)[0m The `use_fast` parameter is deprecated and will be removed in a future version. Use `backend="torchvision"` instead of `use_fast=True`, or `backend="pil"` instead of `use_fast=False`.
[36m(vLLMHttpServer pid=163448)[0m Using blocking ray.get inside async actor. This blocks the event loop. Please use `await` on object ref with asyncio.gather if you want to yield execution to the event loop instead.
[36m(vLLMHttpServer pid=163448)[0m The argument `trust_remote_code` is to be used with Auto classes. It has no effect here and is ignored.[32m [repeated 3x across cluster][0m
[36m(vLLMHttpServer pid=163448)[0m `layer_type_validation` is deprecated and will be removed in v5.20. Use `PreTrainedConfig.validate_layer_type` instead[32m [repeated 9x across cluster][0m
[36m(vLLMHttpServer pid=163448)[0m `Qwen2VLImageProcessorFast` is deprecated. The `Fast` suffix for image processors has been removed; use `Qwen2VLImageProcessor` instead.
[36m(vLLMHttpServer pid=163499)[0m W0909 20:05:05.283000 237344 site-packages/torch/utils/cpp_extension.py:118] No CUDA runtime is found, using CUDA_HOME='/apps/software/standard/core/cuda/12.8.0'
[36m(vLLMHttpServer pid=163499)[0m The `use_fast` parameter is deprecated and will be removed in a future version. Use `backend="torchvision"` instead of `use_fast=True`, or `backend="pil"` instead of `use_fast=False`.
[36m(WorkerDict pid=54076)[0m     "model_type": "qwen3_5_text",
[36m(WorkerDict pid=54076)[0m     "mtp_num_hidden_layers": 1,
[36m(WorkerDict pid=54076)[0m     "mtp_use_dedicated_embeddings": false,
[36m(WorkerDict pid=54076)[0m     "num_attention_heads": 16,
[36m(WorkerDict pid=54076)[0m     "num_hidden_layers": 32,
[36m(WorkerDict pid=54076)[0m     "num_key_value_heads": 4,
[36m(WorkerDict pid=54076)[0m     "pad_token_id": null,
[36m(WorkerDict pid=54076)[0m     "partial_rotary_factor": 0.25,
[36m(WorkerDict pid=54076)[0m     "rms_norm_eps": 1e-06,
[36m(WorkerDict pid=54076)[0m     "rope_parameters": {
[36m(WorkerDict pid=54076)[0m       "mrope_interleaved": true,
[36m(WorkerDict pid=54076)[0m       "mrope_section": [
[36m(WorkerDict pid=54076)[0m         11,
[36m(WorkerDict pid=54076)[0m         11,
[36m(WorkerDict pid=54076)[0m         10
[36m(WorkerDict pid=54076)[0m       ],
[36m(WorkerDict pid=54076)[0m       "partial_rotary_factor": 0.25,
[36m(WorkerDict pid=54076)[0m       "rope_theta": 10000000,
[36m(WorkerDict pid=54076)[0m       "rope_type": "default"
[36m(WorkerDict pid=54076)[0m     },
[36m(WorkerDict pid=54076)[0m     "tie_word_embeddings": true,
[36m(WorkerDict pid=54076)[0m     "use_cache": true,
[36m(WorkerDict pid=54076)[0m     "vocab_size": 248320
[36m(WorkerDict pid=54076)[0m   },
[36m(WorkerDict pid=54076)[0m   "tie_word_embeddings": true,
[36m(WorkerDict pid=54076)[0m   "transformers_version": "5.5.0",
[36m(WorkerDict pid=54076)[0m   "video_token_id": 248057,
[36m(WorkerDict pid=54076)[0m   "vision_config": {
[36m(WorkerDict pid=54076)[0m     "deepstack_visual_indexes": [],
[36m(WorkerDict pid=54076)[0m     "depth": 24,
[36m(WorkerDict pid=54076)[0m     "hidden_act": "gelu_pytorch_tanh",
[36m(WorkerDict pid=54076)[0m     "hidden_size": 1024,
[36m(WorkerDict pid=54076)[0m     "in_channels": 3,
[36m(WorkerDict pid=54076)[0m     "initializer_range": 0.02,
[36m(WorkerDict pid=54076)[0m     "intermediate_size": 4096,
[36m(WorkerDict pid=54076)[0m     "model_type": "qwen3_5",
[36m(WorkerDict pid=54076)[0m     "num_heads": 16,
[36m(WorkerDict pid=54076)[0m     "num_position_embeddings": 2304,
[36m(WorkerDict pid=54076)[0m     "out_hidden_size": 2560,
[36m(WorkerDict pid=54076)[0m     "patch_size": 16,
[36m(WorkerDict pid=54076)[0m     "spatial_merge_size": 2,
[36m(WorkerDict pid=54076)[0m     "temporal_patch_size": 2
[36m(WorkerDict pid=54076)[0m   },
[36m(WorkerDict pid=54076)[0m   "vision_end_token_id": 248054,
[36m(WorkerDict pid=54076)[0m   "vision_start_token_id": 248053
[36m(WorkerDict pid=54076)[0m }
[36m(WorkerDict pid=54076)[0m 
[36m(WorkerDict pid=54090)[0m [2026-09-09 20:04:13] udc-aw37-6:54090:97356 [0] ras/client_support.cc:160 NCCL WARN Call to bind failed: Address already in use
[36m(WorkerDict pid=54090)[0m [Gloo] Rank 0 is connected to 0 peer ranks. Expected number of connected peer ranks is : 0[32m [repeated 2x across cluster][0m
[36m(WorkerDict pid=54090)[0m Monkey patch Qwen3_5ForConditionalGeneration model forward
[36m(WorkerDict pid=54090)[0m Monkey patch _flash_attention_forward in transformers.integrations.flash_attention
[36m(WorkerDict pid=54090)[0m Skipping monkey patch for Qwen3_5ForConditionalGeneration as use_fused_kernels is False or fused_kernels_backend is torch
[36m(WorkerDict pid=54076)[0m Qwen3_5ForConditionalGeneration contains 4.54B parameters
[36m(WorkerDict pid=54076)[0m wrap_policy: functools.partial(<function _or_policy at 0x1440ec742520>, policies=[functools.partial(<function transformer_auto_wrap_policy at 0x1440ec7423e0>, transformer_layer_cls={<class 'transformers.models.qwen3_5.modeling_qwen3_5.Qwen3_5VisionBlock'>, <class 'transformers.models.qwen3_5.modeling_qwen3_5.Qwen3_5DecoderLayer'>})])
[36m(WorkerDict pid=54076)[0m Ref use_remove_padding=True
[36m(WorkerDict pid=54076)[0m Ref use_fused_kernels=False
[36m(WorkerDict pid=54076)[0m Ref use_prefix_grouper=False
[36m(vLLMHttpServer pid=163499)[0m ['serve',
[36m(vLLMHttpServer pid=163499)[0m  'Qwen/Qwen3.5-4B',
[36m(vLLMHttpServer pid=163499)[0m  '--dtype',
[36m(vLLMHttpServer pid=163499)[0m  'bfloat16',
[36m(vLLMHttpServer pid=163499)[0m  '--load_format',
[36m(vLLMHttpServer pid=163499)[0m  'dummy',
[36m(vLLMHttpServer pid=163499)[0m  '--trust_remote_code',
[36m(vLLMHttpServer pid=163499)[0m  '--max_model_len',
[36m(vLLMHttpServer pid=163499)[0m  '262144',
[36m(vLLMHttpServer pid=163499)[0m  '--max_num_seqs',
[36m(vLLMHttpServer pid=163499)[0m  '1024',
[36m(vLLMHttpServer pid=163499)[0m  '--enable_chunked_prefill',
[36m(vLLMHttpServer pid=163499)[0m  '--max_num_batched_tokens',
[36m(vLLMHttpServer pid=163499)[0m  '5632',
[36m(vLLMHttpServer pid=163499)[0m  '--enable_prefix_caching',
[36m(vLLMHttpServer pid=163499)[0m  '--enable_sleep_mode',
[36m(vLLMHttpServer pid=163499)[0m  '--logprobs_mode',
[36m(vLLMHttpServer pid=163499)[0m  'processed_logprobs',
[36m(vLLMHttpServer pid=163499)[0m  '--disable_custom_all_reduce',
[36m(vLLMHttpServer pid=163499)[0m  '--gpu_memory_utilization',
[36m(vLLMHttpServer pid=163499)[0m  '0.7',
[36m(vLLMHttpServer pid=163499)[0m  '--disable_log_stats',
[36m(vLLMHttpServer pid=163499)[0m  '--tensor_parallel_size',
[36m(vLLMHttpServer pid=163499)[0m  '1',
[36m(vLLMHttpServer pid=163499)[0m  '--seed',
[36m(vLLMHttpServer pid=163499)[0m  '0',
[36m(vLLMHttpServer pid=163499)[0m  '--override_generation_config',
[36m(vLLMHttpServer pid=163499)[0m  '{"temperature": 1.0, "top_k": -1, "top_p": 1, "repetition_penalty": 1.0, '
[36m(vLLMHttpServer pid=163499)[0m  '"max_new_tokens": 1024}',
[36m(vLLMHttpServer pid=163499)[0m  '--hf_overrides',
[36m(vLLMHttpServer pid=163499)[0m  '{}',
[36m(vLLMHttpServer pid=163499)[0m  '--scheduling_policy',
[36m(vLLMHttpServer pid=163499)[0m  'fcfs',
[36m(vLLMHttpServer pid=163499)[0m  '--compilation_config',
[36m(vLLMHttpServer pid=163499)[0m  '{"pass_config": {"fuse_allreduce_rms": false}}',
[36m(vLLMHttpServer pid=163499)[0m  '--kernel_config',
[36m(vLLMHttpServer pid=163499)[0m  '{"enable_flashinfer_autotune": false}']
[36m(WorkerDict pid=54076)[0m Monkey patch Qwen3_5ForConditionalGeneration model forward
[36m(WorkerDict pid=54076)[0m Monkey patch _flash_attention_forward in transformers.integrations.flash_attention
[36m(WorkerDict pid=54076)[0m Skipping monkey patch for Qwen3_5ForConditionalGeneration as use_fused_kernels is False or fused_kernels_backend is torch
[36m(vLLMHttpServer pid=163499)[0m WARNING 09-09 20:04:47 [envs.py:1717] Unknown vLLM environment variable detected: VLLM_USE_V1
[36m(vLLMHttpServer pid=163499)[0m WARNING 09-09 20:04:48 [config.py:372] Mamba cache mode is set to 'align' for Qwen3_5ForConditionalGeneration by default when prefix caching is enabled
[36m(vLLMHttpServer pid=163499)[0m WARNING 09-09 20:04:48 [vllm.py:743] Async scheduling will be disabled because it is not supported with the `<class 'verl.workers.rollout.vllm_rollout.vllm_async_server.ExternalZeroMQDistributedExecutor'>` distributed executor backend (only `mp`, `uni`, and `external_launcher` are supported).
[36m(vLLMHttpServer pid=163448)[0m WARNING 09-09 20:04:58 [system_utils.py:152] We must use the `spawn` multiprocessing start method. Overriding VLLM_WORKER_MULTIPROC_METHOD to 'spawn'. See https://docs.vllm.ai/en/latest/usage/troubleshooting.html#python-multiprocessing for more information. Reasons: In a Ray actor and can only be spawned
[36m(vLLMHttpServer pid=163448)[0m WARNING 09-09 20:04:47 [envs.py:1717] Unknown vLLM environment variable detected: VLLM_USE_V1
[36m(vLLMHttpServer pid=163448)[0m WARNING 09-09 20:04:48 [config.py:372] Mamba cache mode is set to 'align' for Qwen3_5ForConditionalGeneration by default when prefix caching is enabled
[36m(vLLMHttpServer pid=163448)[0m WARNING 09-09 20:04:48 [vllm.py:743] Async scheduling will be disabled because it is not supported with the `<class 'verl.workers.rollout.vllm_rollout.vllm_async_server.ExternalZeroMQDistributedExecutor'>` distributed executor backend (only `mp`, `uni`, and `external_launcher` are supported).
[36m(WorkerDict pid=54076)[0m `Qwen2VLImageProcessorFast` is deprecated. The `Fast` suffix for image processors has been removed; use `Qwen2VLImageProcessor` instead.
[36m(WorkerDict pid=54090)[0m The `use_fast` parameter is deprecated and will be removed in a future version. Use `backend="torchvision"` instead of `use_fast=True`, or `backend="pil"` instead of `use_fast=False`.
[36m(vLLMHttpServer pid=163448)[0m W0909 20:05:05.283000 237139 site-packages/torch/utils/cpp_extension.py:118] No CUDA runtime is found, using CUDA_HOME='/apps/software/standard/core/cuda/12.8.0'
[36m(WorkerDict pid=54090)[0m `Qwen2VLImageProcessorFast` is deprecated. The `Fast` suffix for image processors has been removed; use `Qwen2VLImageProcessor` instead.
[36m(WorkerDict pid=54090)[0m <frozen importlib._bootstrap_external>:1301: FutureWarning: The cuda.cudart module is deprecated and will be removed in a future release, please switch to use the cuda.bindings.runtime module instead.
[36m(WorkerDict pid=54090)[0m <frozen importlib._bootstrap_external>:1301: FutureWarning: The cuda.nvrtc module is deprecated and will be removed in a future release, please switch to use the cuda.bindings.nvrtc module instead.
[36m(WorkerDict pid=54090)[0m /sfs/weka/scratch/nkw3mr/envs/vision-opd/lib/python3.12/site-packages/vllm/model_executor/layers/fla/ops/utils.py:113: UserWarning: Input tensor shape suggests potential format mismatch: seq_len (16) < num_heads (32). This may indicate the inputs were passed in head-first format [B, H, T, ...] when head_first=False was specified. Please verify your input tensor format matches the expected shape [B, T, H, ...].
[36m(WorkerDict pid=54090)[0m   return fn(*contiguous_args, **contiguous_kwargs)
[36m(WorkerDict pid=54076)[0m The `use_fast` parameter is deprecated and will be removed in a future version. Use `backend="torchvision"` instead of `use_fast=True`, or `backend="pil"` instead of `use_fast=False`.
[36m(WorkerDict pid=54076)[0m Capturing CUDA graphs (mixed prefill-decode, PIECEWISE):   0%|          | 0/51 [00:00<?, ?it/s]
[36m(WorkerDict pid=54076)[0m <frozen importlib._bootstrap_external>:1301: FutureWarning: The cuda.cudart module is deprecated and will be removed in a future release, please switch to use the cuda.bindings.runtime module instead.
[36m(WorkerDict pid=54076)[0m <frozen importlib._bootstrap_external>:1301: FutureWarning: The cuda.nvrtc module is deprecated and will be removed in a future release, please switch to use the cuda.bindings.nvrtc module instead.
[36m(WorkerDict pid=54076)[0m /sfs/weka/scratch/nkw3mr/envs/vision-opd/lib/python3.12/site-packages/vllm/model_executor/layers/fla/ops/utils.py:113: UserWarning: Input tensor shape suggests potential format mismatch: seq_len (16) < num_heads (32). This may indicate the inputs were passed in head-first format [B, H, T, ...] when head_first=False was specified. Please verify your input tensor format matches the expected shape [B, T, H, ...].
[36m(WorkerDict pid=54076)[0m   return fn(*contiguous_args, **contiguous_kwargs)
[36m(WorkerDict pid=54076)[0m Capturing CUDA graphs (mixed prefill-decode, PIECEWISE):   8%|▊         | 4/51 [00:00<00:01, 38.42it/s]
[36m(WorkerDict pid=54076)[0m Capturing CUDA graphs (mixed prefill-decode, PIECEWISE):  18%|█▊        | 9/51 [00:00<00:01, 39.94it/s]
[36m(WorkerDict pid=54076)[0m Capturing CUDA graphs (mixed prefill-decode, PIECEWISE):  27%|██▋       | 14/51 [00:00<00:00, 41.23it/s]
[36m(WorkerDict pid=54076)[0m Capturing CUDA graphs (mixed prefill-decode, PIECEWISE):  37%|███▋      | 19/51 [00:00<00:00, 43.54it/s]Capturing CUDA graphs (mixed prefill-decode, PIECEWISE):  47%|████▋     | 24/51 [00:00<00:00, 45.68it/s]
[36m(WorkerDict pid=54076)[0m Capturing CUDA graphs (mixed prefill-decode, PIECEWISE):  59%|█████▉    | 30/51 [00:00<00:00, 47.40it/s]
[36m(WorkerDict pid=54076)[0m Capturing CUDA graphs (mixed prefill-decode, PIECEWISE):  69%|██████▊   | 35/51 [00:00<00:00, 45.77it/s]
[36m(WorkerDict pid=54076)[0m Capturing CUDA graphs (mixed prefill-decode, PIECEWISE):  80%|████████  | 41/51 [00:00<00:00, 47.53it/s]
[36m(WorkerDict pid=54076)[0m Capturing CUDA graphs (mixed prefill-decode, PIECEWISE):  92%|█████████▏| 47/51 [00:01<00:00, 50.02it/s]Capturing CUDA graphs (mixed prefill-decode, PIECEWISE): 100%|██████████| 51/51 [00:01<00:00, 46.63it/s]
[36m(WorkerDict pid=54076)[0m Capturing CUDA graphs (decode, FULL):   0%|          | 0/51 [00:00<?, ?it/s]
[36m(WorkerDict pid=54076)[0m Capturing CUDA graphs (decode, FULL):   6%|▌         | 3/51 [00:00<00:01, 29.04it/s]
[36m(WorkerDict pid=54076)[0m Capturing CUDA graphs (decode, FULL):  14%|█▎        | 7/51 [00:00<00:01, 30.67it/s]
[36m(WorkerDict pid=54076)[0m Capturing CUDA graphs (decode, FULL):  22%|██▏       | 11/51 [00:00<00:01, 32.11it/s]
[36m(WorkerDict pid=54076)[0m Capturing CUDA graphs (decode, FULL):  29%|██▉       | 15/51 [00:00<00:01, 33.54it/s]
[36m(WorkerDict pid=54076)[0m Capturing CUDA graphs (decode, FULL):  39%|███▉      | 20/51 [00:00<00:00, 36.61it/s]
[36m(WorkerDict pid=54076)[0m Capturing CUDA graphs (decode, FULL):  49%|████▉     | 25/51 [00:00<00:00, 39.42it/s]
[36m(WorkerDict pid=54076)[0m Capturing CUDA graphs (decode, FULL):  59%|█████▉    | 30/51 [00:00<00:00, 41.44it/s]
[36m(WorkerDict pid=54076)[0m Capturing CUDA graphs (decode, FULL):  69%|██████▊   | 35/51 [00:00<00:00, 43.14it/s]
[36m(WorkerDict pid=54076)[0m Capturing CUDA graphs (decode, FULL):  80%|████████  | 41/51 [00:01<00:00, 45.92it/s]
[36m(WorkerDict pid=54076)[0m Capturing CUDA graphs (decode, FULL):  92%|█████████▏| 47/51 [00:01<00:00, 49.51it/s]
[36m(WorkerDict pid=54076)[0m Capturing CUDA graphs (decode, FULL): 100%|██████████| 51/51 [00:01<00:00, 42.85it/s]
[36m(vLLMHttpServer pid=163499)[0m (EngineCore pid=237344) Warning: You are sending unauthenticated requests to the HF Hub. Please set a HF_TOKEN to enable higher rate limits and faster downloads.
[36m(vLLMHttpServer pid=163499)[0m (EngineCore pid=237344) `Qwen2VLImageProcessorFast` is deprecated. The `Fast` suffix for image processors has been removed; use `Qwen2VLImageProcessor` instead.
[36m(vLLMHttpServer pid=163499)[0m (EngineCore pid=237344) The `use_fast` parameter is deprecated and will be removed in a future version. Use `backend="torchvision"` instead of `use_fast=True`, or `backend="pil"` instead of `use_fast=False`.
[36m(vLLMHttpServer pid=163499)[0m The argument `trust_remote_code` is to be used with Auto classes. It has no effect here and is ignored.
[36m(vLLMHttpServer pid=163448)[0m (EngineCore pid=237139) Warning: You are sending unauthenticated requests to the HF Hub. Please set a HF_TOKEN to enable higher rate limits and faster downloads.
[36m(vLLMHttpServer pid=163448)[0m (EngineCore pid=237139) `Qwen2VLImageProcessorFast` is deprecated. The `Fast` suffix for image processors has been removed; use `Qwen2VLImageProcessor` instead.
[36m(vLLMHttpServer pid=163499)[0m `layer_type_validation` is deprecated and will be removed in v5.20. Use `PreTrainedConfig.validate_layer_type` instead
[36m(vLLMHttpServer pid=163499)[0m `layer_type_validation` is deprecated and will be removed in v5.20. Use `PreTrainedConfig.validate_layer_type` instead
[36m(vLLMHttpServer pid=163499)[0m `layer_type_validation` is deprecated and will be removed in v5.20. Use `PreTrainedConfig.validate_layer_type` instead
[36m(vLLMHttpServer pid=163499)[0m The argument `trust_remote_code` is to be used with Auto classes. It has no effect here and is ignored.
[36m(vLLMHttpServer pid=163499)[0m `layer_type_validation` is deprecated and will be removed in v5.20. Use `PreTrainedConfig.validate_layer_type` instead
[36m(vLLMHttpServer pid=163499)[0m `layer_type_validation` is deprecated and will be removed in v5.20. Use `PreTrainedConfig.validate_layer_type` instead
[36m(vLLMHttpServer pid=163499)[0m `layer_type_validation` is deprecated and will be removed in v5.20. Use `PreTrainedConfig.validate_layer_type` instead
[36m(vLLMHttpServer pid=163448)[0m (EngineCore pid=237139) The `use_fast` parameter is deprecated and will be removed in a future version. Use `backend="torchvision"` instead of `use_fast=True`, or `backend="pil"` instead of `use_fast=False`.
[36m(vLLMHttpServer pid=163499)[0m The argument `trust_remote_code` is to be used with Auto classes. It has no effect here and is ignored.[32m [repeated 5x across cluster][0m
[36m(vLLMHttpServer pid=163499)[0m `layer_type_validation` is deprecated and will be removed in v5.20. Use `PreTrainedConfig.validate_layer_type` instead[32m [repeated 15x across cluster][0m
[36m(WorkerDict pid=54076)[0m /sfs/weka/scratch/nkw3mr/Vision-OPD-OPSA/verl/utils/device.py:134: FutureWarning: torch.cuda._set_allocator_settings is deprecated. Use torch._C._accelerator_setAllocatorSettings instead.
[36m(WorkerDict pid=54076)[0m   torch.cuda.memory._set_allocator_settings(f"expandable_segments:{enable}")
[36m(TaskRunner pid=18406)[0m wandb: Currently logged in as: nkw3mr (nkw3mr-university-of-virginia) to https://api.wandb.ai. Use `wandb login --relogin` to force relogin
[36m(TaskRunner pid=18406)[0m wandb: setting up run uec599d9
[36m(TaskRunner pid=18406)[0m wandb: Tracking run with wandb version 0.23.1
[36m(TaskRunner pid=18406)[0m wandb: Run data is saved locally in /sfs/weka/scratch/nkw3mr/Vision-OPD-OPSA/wandb/run-20260909_200604-uec599d9
[36m(TaskRunner pid=18406)[0m wandb: Run `wandb offline` to turn off syncing.
[36m(TaskRunner pid=18406)[0m wandb: Syncing run Aha-center-Qwen3.5-4B
[36m(TaskRunner pid=18406)[0m wandb: ⭐️ View project at https://wandb.ai/nkw3mr-university-of-virginia/Vision-OPD-StateAdaptive
[36m(TaskRunner pid=18406)[0m wandb: 🚀 View run at https://wandb.ai/nkw3mr-university-of-virginia/Vision-OPD-StateAdaptive/runs/uec599d9
[36m(TaskRunner pid=18406)[0m wandb: Detected [openai] in use.
[36m(TaskRunner pid=18406)[0m wandb: Use W&B Weave for improved LLM call tracing. Install Weave with `pip install weave` then add `import weave` to the top of your script.
[36m(TaskRunner pid=18406)[0m wandb: For more information, check out the docs at: https://weave-docs.wandb.ai/
[36m(TaskRunner pid=18406)[0m Training Progress:   0%|          | 0/41 [00:00<?, ?it/s]
[36m(vLLMHttpServer pid=163448)[0m The argument `trust_remote_code` is to be used with Auto classes. It has no effect here and is ignored.[32m [repeated 3x across cluster][0m
[36m(vLLMHttpServer pid=163448)[0m `layer_type_validation` is deprecated and will be removed in v5.20. Use `PreTrainedConfig.validate_layer_type` instead[32m [repeated 9x across cluster][0m
[36m(AgentLoopWorker pid=432424)[0m W0909 20:06:12.376000 432424 site-packages/torch/utils/cpp_extension.py:118] No CUDA runtime is found, using CUDA_HOME='/apps/software/standard/core/cuda/12.8.0'
[36m(WorkerDict pid=54090)[0m /sfs/weka/scratch/nkw3mr/Vision-OPD-OPSA/verl/utils/device.py:134: FutureWarning: torch.cuda._set_allocator_settings is deprecated. Use torch._C._accelerator_setAllocatorSettings instead.
[36m(WorkerDict pid=54090)[0m   torch.cuda.memory._set_allocator_settings(f"expandable_segments:{enable}")
[36m(AgentLoopWorker pid=432367)[0m Warning: You are sending unauthenticated requests to the HF Hub. Please set a HF_TOKEN to enable higher rate limits and faster downloads.
[36m(AgentLoopWorker pid=432464)[0m Keyword argument `video_metadatas` is not a valid argument for this processor and will be ignored.
[36m(AgentLoopWorker pid=432367)[0m W0909 20:06:12.628000 432367 site-packages/torch/utils/cpp_extension.py:118] No CUDA runtime is found, using CUDA_HOME='/apps/software/standard/core/cuda/12.8.0'[32m [repeated 7x across cluster][0m
[36m(AgentLoopWorker pid=432397)[0m Warning: You are sending unauthenticated requests to the HF Hub. Please set a HF_TOKEN to enable higher rate limits and faster downloads.[32m [repeated 7x across cluster][0m
[36m(TaskRunner pid=18406)[0m Training Progress:   2%|▏         | 1/41 [03:12<2:08:13, 192.35s/it]
[36m(AgentLoopWorker pid=432354)[0m Keyword argument `video_metadatas` is not a valid argument for this processor and will be ignored.[32m [repeated 7x across cluster][0m
[36m(WorkerDict pid=54076)[0m WARNING 09-09 20:05:08 [worker_base.py:287] Missing `shared_worker_lock` argument from executor. This argument is needed for mm_processor_cache_type='shm'.
[36m(vLLMHttpServer pid=163499)[0m WARNING 09-09 20:04:58 [system_utils.py:152] We must use the `spawn` multiprocessing start method. Overriding VLLM_WORKER_MULTIPROC_METHOD to 'spawn'. See https://docs.vllm.ai/en/latest/usage/troubleshooting.html#python-multiprocessing for more information. Reasons: In a Ray actor and can only be spawned
[36m(vLLMHttpServer pid=163499)[0m WARNING 09-09 20:05:52 [api_router.py:30] LoRA dynamic loading & unloading is enabled in the API server. This should ONLY be used for local development!
[36m(WorkerDict pid=54090)[0m WARNING 09-09 20:05:08 [worker_base.py:287] Missing `shared_worker_lock` argument from executor. This argument is needed for mm_processor_cache_type='shm'.
[36m(vLLMHttpServer pid=163499)[0m WARNING 09-09 20:05:53 [model.py:1376] Default vLLM sampling parameters have been overridden by the model's `generation_config.json`: `{'repetition_penalty': 1.0, 'temperature': 1.0, 'top_k': -1, 'top_p': 1, 'max_tokens': 1024}`. If this is not intended, please relaunch vLLM instance with `--generation-config vllm`.
[36m(TaskRunner pid=18406)[0m AgentLoopManager: ['10.250.133.122:44063', '10.250.133.122:34675']
[36m(vLLMHttpServer pid=163448)[0m WARNING 09-09 20:05:52 [api_router.py:30] LoRA dynamic loading & unloading is enabled in the API server. This should ONLY be used for local development!
[36m(vLLMHttpServer pid=163448)[0m WARNING 09-09 20:05:53 [model.py:1376] Default vLLM sampling parameters have been overridden by the model's `generation_config.json`: `{'repetition_penalty': 1.0, 'temperature': 1.0, 'top_k': -1, 'top_p': 1, 'max_tokens': 1024}`. If this is not intended, please relaunch vLLM instance with `--generation-config vllm`.
[36m(TaskRunner pid=18406)[0m Saving tensorboard log to tensorboard_log/Vision-OPD-StateAdaptive/Aha-center-Qwen3.5-4B.
[36m(TaskRunner pid=18406)[0m Checkpoint tracker file does not exist: /sfs/weka/scratch/nkw3mr/Vision-OPD-OPSA/checkpoints/Aha-center-Qwen3.5-4B/latest_checkpointed_iteration.txt
[36m(TaskRunner pid=18406)[0m Training from scratch
[36m(AgentLoopWorker pid=432367)[0m Using dataset class: RLHFDataset
[36m(vLLMHttpServer pid=163499)[0m WARNING 09-09 20:06:19 [input_processor.py:227] Passing raw prompts to InputProcessor is deprecated and will be removed in v0.18. You should instead pass the outputs of Renderer.render_cmpl() or Renderer.render_chat().
[36m(TaskRunner pid=18406)[0m Dumped generations to /sfs/weka/scratch/nkw3mr/Vision-OPD-OPSA/rollouts/Aha-center-Qwen3.5-4B/1.jsonl
[36m(AgentLoopWorker pid=432442)[0m Using dataset class: RLHFDataset[32m [repeated 7x across cluster][0m
[36m(vLLMHttpServer pid=163448)[0m WARNING 09-09 20:06:19 [input_processor.py:227] Passing raw prompts to InputProcessor is deprecated and will be removed in v0.18. You should instead pass the outputs of Renderer.render_cmpl() or Renderer.render_chat().
[36m(TaskRunner pid=18406)[0m step:1 - global_seqlen/min:185653 - global_seqlen/max:186577 - global_seqlen/minmax_diff:924 - global_seqlen/balanced_min:186109 - global_seqlen/balanced_max:186121 - global_seqlen/mean:186115.0 - self_distillation/teacher_always_on_fraction:1.0 - self_distillation/teacher_image_swap_fraction:1.0 - self_distillation/policy_fallback_fraction:0.0 - self_distillation/grpo_fallback_count:0.0 - rollout_corr/rollout_is_mean:1.0 - rollout_corr/rollout_is_ratio_fraction_high:0.0 - rollout_corr/rollout_is_ratio_fraction_low:0.0 - rollout_corr/rollout_is_max:1.0 - rollout_corr/rollout_is_min:1.0 - rollout_corr/rollout_is_std:0.0 - rollout_corr/rollout_is_eff_sample_size:1.0 - rollout_corr/rollout_is_seq_mean:1.0 - rollout_corr/rollout_is_seq_std:0.0 - rollout_corr/rollout_is_seq_max:1.0 - rollout_corr/rollout_is_seq_min:1.0 - rollout_corr/rollout_is_seq_max_deviation:0.0 - rollout_corr/rollout_is_seq_fraction_high:0.0 - rollout_corr/rollout_is_seq_fraction_low:0.0 - rollout_corr/training_ppl:2.217366230838439 - rollout_corr/training_log_ppl:0.7627394777887008 - rollout_corr/kl:0.21848707043511026 - rollout_corr/k3_kl:0.21373812065405004 - rollout_corr/rollout_ppl:1.7402289579896366 - rollout_corr/rollout_log_ppl:0.5361903717412668 - rollout_corr/log_ppl_diff:0.22654910100733533 - rollout_corr/log_ppl_abs_diff:0.22678540460765362 - rollout_corr/log_ppl_diff_max:0.9525032043457031 - rollout_corr/log_ppl_diff_min:-0.011593937873840332 - rollout_corr/ppl_ratio:1.2686616462819718 - rollout_corr/chi2_token:18.892434830174725 - rollout_corr/chi2_seq:-0.8931262133752599 - actor/pg_loss:0.22182410771104816 - actor/kl_loss:0.0 - actor/grpo_loss:0.0 - actor/vopd_loss:0.22182410771104816 - actor/vopd_loss_weighted:0.22182410771104816 - actor/policy_fallback_fraction:0.0 - aha/u_mean:-0.34444745914901004 - aha/u_neg_valley_frac:0.5208299607038498 - aha/floor_clamped_frac:0.0 - aha/q_tail_mass:0.007316474960295155 - aha/u_centered_mean:-0.3240606199730845 - aha/u_centered_absmean:0.7235296986558859 - aha/u_centered_wmean:-3.227385953257353e-09 - aha/argmax_conf:0.8071987628936768 - self_distillation/raw_jsd_token_mean:0.22096269007991343 - self_distillation/weighted_jsd_token_mean:0.22096269007991343 - self_distillation/self_distillation_mask.mean():1.0 - self_distillation/num_distill_tokens:2070.205882352941 - self_distillation/empty_target_batch:0.0 - actor/grad_norm:1.2311005592346191 - timing_s/update_actor/student_forward:15.263785910967272 - timing_s/update_actor/teacher_forward:25.250144513091072 - timing_s/update_actor/teacher_full_forward:0.0 - timing_s/update_actor/teacher_null_forward:20.645392033009557 - timing_s/update_actor/loss_compute:0.020693263970315456 - timing_s/update_actor/backward:38.51053381009842 - timing_s/update_actor/optimizer_step:0.1208462180220522 - timing_s/update_actor/teacher_ema_update:5.6137010687962174e-05 - perf/mfu/actor:0.0 - perf/max_memory_allocated_gb:104.64342975616455 - perf/max_memory_reserved_gb:120.53515625 - perf/cpu_memory_used_gb:254.54253768920898 - actor/lr:0.0 - training/global_step:1 - training/epoch:0 - response_length/mean:183.2994842529297 - response_length/max:1024.0 - response_length/min:42.0 - response_length/clip_ratio:0.0078125 - response_length_non_aborted/mean:183.2994842529297 - response_length_non_aborted/max:1024.0 - response_length_non_aborted/min:42.0 - response_length_non_aborted/clip_ratio:0.0078125 - response/aborted_ratio:0.0 - prompt_length/mean:301.375 - prompt_length/max:3333.0 - prompt_length/min:121.0 - prompt_length/clip_ratio:0.0 - num_turns/min:2 - num_turns/max:2 - num_turns/mean:2.0 - timing_s/start_profile:0.0001367179793305695 - timing_s/agent_loop/generate_sequences/min:16.257407554017846 - timing_s/agent_loop/generate_sequences/max:36.03489166800864 - timing_s/agent_loop/generate_sequences/mean:24.04936148452407 - timing_s/agent_loop/tool_calls/min:0.0 - timing_s/agent_loop/tool_calls/max:0.0 - timing_s/agent_loop/tool_calls/mean:0.0 - timing_s/agent_loop/slowest/generate_sequences:36.03489166800864 - timing_s/agent_loop/slowest/tool_calls:0.0 - timing_s/agent_loop/slowest/prompt_length:172 - timing_s/agent_loop/slowest/response_length:1024 - timing_s/gen:54.28950427600648 - timing_s/adv:15.99279117299011 - timing_s/update_actor:121.45222698099678 - timing_s/dump_rollout_generations:0.2829934350156691 - timing_s/step:192.16792550700484 - timing_s/stop_profile:2.3222004529088736e-05 - timing_per_token_ms/update_actor:0.326282747175125 - timing_per_token_ms/adv:0.042964809856782395 - timing_per_token_ms/gen:0.3856500793897061 - perf/total_num_tokens:372230 - perf/time_per_step:192.16792550700484 - perf/throughput:968.5018949388399
[36m(TaskRunner pid=18406)[0m Dumped generations to /sfs/weka/scratch/nkw3mr/Vision-OPD-OPSA/rollouts/Aha-center-Qwen3.5-4B/2.jsonl
[36m(TaskRunner pid=18406)[0m step:2 - global_seqlen/min:163718 - global_seqlen/max:175928 - global_seqlen/minmax_diff:12210 - global_seqlen/balanced_min:169822 - global_seqlen/balanced_max:169824 - global_seqlen/mean:169823.0 - self_distillation/teacher_always_on_fraction:1.0 - self_distillation/teacher_image_swap_fraction:1.0 - self_distillation/policy_fallback_fraction:0.0 - self_distillation/grpo_fallback_count:0.0 - rollout_corr/rollout_is_mean:1.0 - rollout_corr/rollout_is_ratio_fraction_high:0.0 - rollout_corr/rollout_is_ratio_fraction_low:0.0 - rollout_corr/rollout_is_max:1.0 - rollout_corr/rollout_is_min:1.0 - rollout_corr/rollout_is_std:0.0 - rollout_corr/rollout_is_eff_sample_size:1.0 - rollout_corr/rollout_is_seq_mean:1.0 - rollout_corr/rollout_is_seq_std:0.0 - rollout_corr/rollout_is_seq_max:1.0 - rollout_corr/rollout_is_seq_min:1.0 - rollout_corr/rollout_is_seq_max_deviation:0.0 - rollout_corr/rollout_is_seq_fraction_high:0.0 - rollout_corr/rollout_is_seq_fraction_low:0.0 - rollout_corr/training_ppl:2.2860257952444014 - rollout_corr/training_log_ppl:0.7964593806574422 - rollout_corr/kl:0.22229041760006257 - rollout_corr/k3_kl:0.20939335972070694 - rollout_corr/rollout_ppl:1.7751334559532905 - rollout_corr/rollout_log_ppl:0.55697341407499 - rollout_corr/log_ppl_diff:0.2394859721103022 - rollout_corr/log_ppl_abs_diff:0.23975387864535855 - rollout_corr/log_ppl_diff_max:0.7714518904685974 - rollout_corr/log_ppl_diff_min:-0.013204216957092285 - rollout_corr/ppl_ratio:1.2851680594105874 - rollout_corr/chi2_token:7.010104440873669 - rollout_corr/chi2_seq:-0.8767653838280709 - actor/pg_loss:0.21438963736485067 - actor/kl_loss:0.0 - actor/grpo_loss:0.0 - actor/vopd_loss:0.21438963736485067 - actor/vopd_loss_weighted:0.21438963736485067 - actor/policy_fallback_fraction:0.0 - aha/u_mean:-0.3806692536079115 - aha/u_neg_valley_frac:0.5367797343961653 - aha/floor_clamped_frac:0.0 - aha/q_tail_mass:0.00644069453025417 - aha/u_centered_mean:-0.36157636584774144 - aha/u_centered_absmean:0.7600227123306644 - aha/u_centered_wmean:-4.461023423870777e-09 - aha/argmax_conf:0.8071447610855103 - self_distillation/raw_jsd_token_mean:0.2140855659400263 - self_distillation/weighted_jsd_token_mean:0.2140855659400263 - self_distillation/self_distillation_mask.mean():1.0 - self_distillation/num_distill_tokens:2377.7741935483873 - self_distillation/empty_target_batch:0.0 - actor/grad_norm:0.9313254952430725 - timing_s/update_actor/student_forward:15.78940380102722 - timing_s/update_actor/teacher_forward:19.21327656507492 - timing_s/update_actor/teacher_full_forward:0.0 - timing_s/update_actor/teacher_null_forward:18.97452187005547 - timing_s/update_actor/loss_compute:0.018151875963667408 - timing_s/update_actor/backward:32.752036990976194 - timing_s/update_actor/optimizer_step:0.08618564199423417 - timing_s/update_actor/teacher_ema_update:5.279300967231393e-05 - perf/mfu/actor:0.0 - perf/max_memory_allocated_gb:119.8541750907898 - perf/max_memory_reserved_gb:136.861328125 - perf/cpu_memory_used_gb:326.68786239624023 - actor/lr:2e-07 - training/global_step:2 - training/epoch:0 - response_length/mean:191.9557342529297 - response_length/max:1024.0 - response_length/min:43.0 - response_length/clip_ratio:0.0065104165114462376 - response_length_non_aborted/mean:191.9557342529297 - response_length_non_aborted/max:1024.0 - response_length_non_aborted/min:43.0 - response_length_non_aborted/clip_ratio:0.0065104165114462376 - response/aborted_ratio:0.0 - prompt_length/mean:250.2916717529297 - prompt_length/max:791.0 - prompt_length/min:100.0 - prompt_length/clip_ratio:0.0 - num_turns/min:2 - num_turns/max:2 - num_turns/mean:2.0 - timing_s/start_profile:5.188101204112172e-05 - timing_s/agent_loop/generate_sequences/min:6.7436424389889 - timing_s/agent_loop/generate_sequences/max:25.980264195997734 - timing_s/agent_loop/generate_sequences/mean:14.108783228446859 - timing_s/agent_loop/tool_calls/min:0.0 - timing_s/agent_loop/tool_calls/max:0.0 - timing_s/agent_loop/tool_calls/mean:0.0 - timing_s/agent_loop/slowest/generate_sequences:25.9802641959977[36m(TaskRunner pid=18406)[0m Training Progress:   5%|▍         | 2/41 [05:37<1:46:53, 164.44s/it]
[36m(TaskRunner pid=18406)[0m Training Progress:   7%|▋         | 3/41 [08:21<1:44:05, 164.37s/it]
34 - timing_s/agent_loop/slowest/tool_calls:0.0 - timing_s/agent_loop/slowest/prompt_length:292 - timing_s/agent_loop/slowest/response_length:1024 - timing_s/gen:33.38257071498083 - timing_s/adv:14.351793759997236 - timing_s/update_actor:96.6479021999985 - timing_s/dump_rollout_generations:0.28808849601773545 - timing_s/step:144.80455638299463 - timing_s/stop_profile:2.681702608242631e-05 - timing_per_token_ms/update_actor:0.2845548076526692 - timing_per_token_ms/adv:0.042255153188900316 - timing_per_token_ms/gen:0.22644225905889778 - perf/total_num_tokens:339646 - perf/time_per_step:144.80455638299463 - perf/throughput:1172.7738701179671
[36m(TaskRunner pid=18406)[0m Dumped generations to /sfs/weka/scratch/nkw3mr/Vision-OPD-OPSA/rollouts/Aha-center-Qwen3.5-4B/3.jsonl
[36m(TaskRunner pid=18406)[0m step:3 - global_seqlen/min:173769 - global_seqlen/max:208701 - global_seqlen/minmax_diff:34932 - global_seqlen/balanced_min:191232 - global_seqlen/balanced_max:191238 - global_seqlen/mean:191235.0 - self_distillation/teacher_always_on_fraction:1.0 - self_distillation/teacher_image_swap_fraction:1.0 - self_distillation/policy_fallback_fraction:0.0 - self_distillation/grpo_fallback_count:0.0 - rollout_corr/rollout_is_mean:1.0 - rollout_corr/rollout_is_ratio_fraction_high:0.0 - rollout_corr/rollout_is_ratio_fraction_low:0.0 - rollout_corr/rollout_is_max:1.0 - rollout_corr/rollout_is_min:1.0 - rollout_corr/rollout_is_std:0.0 - rollout_corr/rollout_is_eff_sample_size:1.0 - rollout_corr/rollout_is_seq_mean:1.0 - rollout_corr/rollout_is_seq_std:0.0 - rollout_corr/rollout_is_seq_max:1.0 - rollout_corr/rollout_is_seq_min:1.0 - rollout_corr/rollout_is_seq_max_deviation:0.0 - rollout_corr/rollout_is_seq_fraction_high:0.0 - rollout_corr/rollout_is_seq_fraction_low:0.0 - rollout_corr/training_ppl:2.2628009231651527 - rollout_corr/training_log_ppl:0.7829023231478298 - rollout_corr/kl:0.21307581794612548 - rollout_corr/k3_kl:0.20466367199140434 - rollout_corr/rollout_ppl:1.7775414936682759 - rollout_corr/rollout_log_ppl:0.5572947601185125 - rollout_corr/log_ppl_diff:0.22560756434412566 - rollout_corr/log_ppl_abs_diff:0.22660166485344663 - rollout_corr/log_ppl_diff_max:1.1209590435028076 - rollout_corr/log_ppl_diff_min:-0.2869110703468323 - rollout_corr/ppl_ratio:1.2676384624312906 - rollout_corr/chi2_token:3.2152843247441685 - rollout_corr/chi2_seq:65.72346560919986 - actor/pg_loss:0.21494686035051322 - actor/kl_loss:0.0 - actor/grpo_loss:0.0 - actor/vopd_loss:0.21494686035051322 - actor/vopd_loss_weighted:0.21494686035051322 - actor/policy_fallback_fraction:0.0 - aha/u_mean:-0.35635781310060444 - aha/u_neg_valley_frac:0.5380480302607311 - aha/floor_clamped_frac:0.0 - aha/q_tail_mass:0.006652092047528747 - aha/u_centered_mean:-0.35308032132246914 - aha/u_centered_absmean:0.7541599216706613 - aha/u_centered_wmean:-4.613593218653654e-09 - aha/argmax_conf:0.8062686324119568 - self_distillation/raw_jsd_token_mean:0.21828890613773289 - self_distillation/weighted_jsd_token_mean:0.21828890613773289 - self_distillation/self_distillation_mask.mean():1.0 - self_distillation/num_distill_tokens:2389.3823529411766 - self_distillation/empty_target_batch:0.0 - actor/grad_norm:0.9703960418701172 - timing_s/update_actor/student_forward:17.243504925980233 - timing_s/update_actor/teacher_forward:21.618628441763576 - timing_s/update_actor/teacher_full_forward:0.0 - timing_s/update_actor/teacher_null_forward:21.20001137597137 - timing_s/update_actor/loss_compute:0.020117692998610437 - timing_s/update_actor/backward:39.12142089486588 - timing_s/update_actor/optimizer_step:0.08710266600246541 - timing_s/update_actor/teacher_ema_update:5.213200347498059e-05 - perf/mfu/actor:0.0 - perf/max_memory_allocated_gb:120.86376428604126 - perf/max_memory_reserved_gb:137.822265625 - perf/cpu_memory_used_gb:332.7368583679199 - actor/lr:4e-07 - training/global_step:3 - training/epoch:0 - response_length/mean:211.5598907470703 - response_length/max:1024.0 - response_length/min:10.0 - response_length/clip_ratio:0.0065104165114462376 - response_length_non_aborted/mean:211.5598907470703 - response_length_non_aborted/max:1024.0 - response_length_non_aborted/min:10.0 - response_length_non_aborted/clip_ratio:0.0065104165114462376 - response/aborted_ratio:0.0 - prompt_length/mean:286.4479064941406 - prompt_length/max:3327.0 - prompt_length/min:160.0 - prompt_length/clip_ratio:0.0 - num_turns/min:2 - num_turns/max:2 - num_turns/mean:2.0 - timing_s/start_profile:2.9821007046848536e-05 - timing_s/agent_loop/generate_sequences/min:2.8564592449984048 - timing_s/agent_loop/generate_sequences/max:27.71525793900946 - timing_s/agent_loop/generate_sequences/mean:15.843898899599973 - timing_s/agent_loop/tool_calls/min:0.0 - timing_s/agent_loop/tool_calls/max:0.0 - timing_s/agent_loop/tool_calls/mean:0.0 - timing_s/agent_loop/slowest/generate_sequences:27.71525793900946 - timing_s/agent_loop/slowest/tool_calls:0.0 - timing_s/agent_loop/slowest/prompt_length:188 - timing_s/agent_loop/slowest/response_length:989 - timing_s/gen:37.081427803001134 - timing_s/adv:14.925201862992253 - timing_s/update_actor:111.79204895999283 - timing_s/dump_rollout_generations:0.2871558800106868 - timing_s/step:164.22444597899448 - timing_s/stop_profile:2.445399877615273e-05 - timing_per_token_ms/update_actor:0.29228971935051856 - timing_per_token_ms/adv:0.039023196232363985 - timing_per_token_ms/gen:0.22822429992368895 - perf/total_num_tokens:382470 - perf/time_per_step:164.22444597899448 - perf/throughput:1164.4734062580449
[36m(TaskRunner pid=18406)[0m Dumped generations to /sfs/weka/scratch/nkw3mr/Vision-OPD-OPSA/rollouts/Aha-center-Qwen3.5-4B/4.jsonl
[36m(TaskRunner pid=18406)[0m step:4 - global_seqlen/min:174017 - global_seqlen/max:178163 - global_seqlen/minmax_diff:4146 - global_seqlen/balanced_min:176089 - global_seqlen/balanced_max:176091 - global_seqlen/mean:176090.0 - self_distillation/teacher_always_on_fraction:1.0 - self_distillation/teacher_image_swap_fraction:1.0 - self_distillation/policy_fallback_fraction:0.0 - self_distillation/grpo_fallback_count:0.0 - rollout_corr/rollout_is_mean:1.0 - rollout_corr/rollout_is_ratio_fraction_high:0.0 - rollout_corr/rollout_is_ratio_fraction_low:0.0 - rollout_corr/rollout_is_max:1.0 - rollout_corr/rollout_is_min:1.0 - rollout_corr/rollout_is_std:0.0 - rollout_corr/rollout_is_eff_sample_size:1.0 - rollout_corr/rollout_is_seq_mean:1.0 - rollout_corr/rollout_is_seq_std:0.0 - rollout_corr/rollout_is_seq_max:1.0 - rollout_corr/rollout_is_seq_min:1.0 - rollout_corr/rollout_is_seq_max_deviation:0.0 - rollout_corr/rollout_is_seq_fraction_high:0.0 - rollout_corr/rollout_is_seq_fraction_low:0.0 - rollout_corr/training_ppl:2.25735080614686 - rollout_corr/training_log_ppl:0.7655659457668662 - rollout_corr/kl:0.20307572791352868 - rollout_corr/k3_kl:0.19209531811065972 - rollout_corr/rollout_ppl:1.771087072789669 - rollout_corr/rollout_log_ppl:0.5466100601479411 - rollout_corr/log_ppl_diff:0.2189558930695057 - rollout_corr/log_ppl_abs_diff:0.21970375557430089 - rollout_corr/log_ppl_diff_max:0.9474191665649414 - rollout_corr/log_ppl_diff_min:-0.19521772861480713 - rollout_corr/ppl_ratio:1.2580013051629066 - rollout_corr/chi2_token:2.671070985496044 - rollout_corr/chi2_seq:-0.8940653083845973 - actor/pg_loss:0.21949159594563147 - actor/kl_loss:0.0 - actor/grpo_loss:0.0 - actor/vopd_loss:0.21949159594563147 - actor/vopd_loss_weighted:0.21949159594563147 - actor/policy_fallback_fraction:0.0 - aha/u_mean:-0.3778236343059689 - aha/u_neg_valley_frac:0.5424489760771394 - aha/floor_clamped_frac:0.0 - aha/q_tail_mass:0.006209525919985026 - aha/u_centered_mean:-0.376262886216864 - aha/u_centered_absmean:0.7861631279811263 - aha/u_centered_wmean:-4.940438686840479e-09 - aha/argmax_conf:0.8108179569244385 - self_distillation/raw_jsd_token_mean:0.21938200923614204 - self_distillation/weighted_jsd_token_mean:0.21938200923614204 - self_distillation/self_distillation_mask.mean():1.0 - self_distillation/num_distill_tokens:2546.0625 - self_distillation/empty_target_batch:0.0 - actor/grad_norm:0.8598036170005798 - timing_s/update_actor/student_forward:15.166137344989693 - timing_s/update_actor/teacher_forward:20.12340448301984 - timing_s/update_actor/teacher_full_forward:0.0 - timing_s/update_actor/teacher_null_forward:19.730484652944142 - timing_s/update_actor/loss_compute:0.01878888299688697 - timing_s/update_actor/backward:33.177465774002485 - timing_s/update_actor/optimizer_step:0.08547909898334183 - timing_s/update_actor/teacher_ema_update:3.955399733968079e-05 - perf/mfu/actor:0.0 - perf/max_memory_allocated_gb:120.86376428604126 - perf/max_memory_reserved_gb:137.822265625 - perf/cpu_memory_used_gb:331.17811584472656 - actor/lr:6e-07 - training/global_step:4 - training/epoch:0 - response_length/mean:212.171875 - response_length/max:1024.0 - response_length/min:3.0 - response_length/clip_ratio:0.0078125 - response_length_non_aborted/mean:212.171875 - response_length_non_aborted/max:1024.0 - response_length_non_aborted/min:3.0 - response_length_non_aborted/clip_ratio:0.0078125 - response/aborted_ratio:0.0 - prompt_length/mean:246.3958282470703 - prompt_length/max:409.0 - prompt_length/min:163.0 - prompt_length/clip_ratio:0.0 - num_turns/min:2 - num_turns/max:2 - num_turns/mean:2.0 - timing_s/start_profile:3.9354024920612574e-05 - timing_s/agent_loop/generate_sequences/min:3.5672817029990256 - timing_s/agent_loop/generate_sequences/max:28.10798388699186 - timing_s/agent_loop/generate_sequences/mean:15.78882338090485 - timing_s/agent_loop/tool_calls/min:0.0 - timing_s/agent_loop/tool_calls/max:0.0 - timing_s/agent_loop/tool_calls/mean:0.0 - timing_s/agent_loop/slowest/generate_sequences:28.10798388699186 - timing_s/agent_loop/slowest/tool_calls:0.0 [36m(TaskRunner pid=18406)[0m Training Progress:  10%|▉         | 4/41 [10:50<1:37:29, 158.10s/it]
[36m(TaskRunner pid=18406)[0m Training Progress:  12%|█▏        | 5/41 [14:01<1:42:01, 170.04s/it]
[36m(WorkerDict pid=54076)[0m /sfs/weka/scratch/nkw3mr/Vision-OPD-OPSA/verl/utils/device.py:134: FutureWarning: torch.cuda._set_allocator_settings is deprecated. Use torch._C._accelerator_setAllocatorSettings instead.
[36m(WorkerDict pid=54076)[0m   torch.cuda.memory._set_allocator_settings(f"expandable_segments:{enable}")
- timing_s/agent_loop/slowest/prompt_length:287 - timing_s/agent_loop/slowest/response_length:1024 - timing_s/gen:35.707586061995244 - timing_s/adv:14.198639345995616 - timing_s/update_actor:98.1420488290023 - timing_s/dump_rollout_generations:0.29733830300392583 - timing_s/step:148.45050758100115 - timing_s/stop_profile:2.555601531639695e-05 - timing_per_token_ms/update_actor:0.2786701369441828 - timing_per_token_ms/adv:0.04031642724173893 - timing_per_token_ms/gen:0.219134853216948 - perf/total_num_tokens:352180 - perf/time_per_step:148.45050758100115 - perf/throughput:1186.1865807627335
[36m(TaskRunner pid=18406)[0m Dumped generations to /sfs/weka/scratch/nkw3mr/Vision-OPD-OPSA/rollouts/Aha-center-Qwen3.5-4B/5.jsonl
[36m(TaskRunner pid=18406)[0m local_global_step_folder: /sfs/weka/scratch/nkw3mr/Vision-OPD-OPSA/checkpoints/Aha-center-Qwen3.5-4B/global_step_5
[36m(TaskRunner pid=18406)[0m step:5 - global_seqlen/min:185092 - global_seqlen/max:200952 - global_seqlen/minmax_diff:15860 - global_seqlen/balanced_min:193015 - global_seqlen/balanced_max:193029 - global_seqlen/mean:193022.0 - self_distillation/teacher_always_on_fraction:1.0 - self_distillation/teacher_image_swap_fraction:1.0 - self_distillation/policy_fallback_fraction:0.0 - self_distillation/grpo_fallback_count:0.0 - rollout_corr/rollout_is_mean:1.0 - rollout_corr/rollout_is_ratio_fraction_high:0.0 - rollout_corr/rollout_is_ratio_fraction_low:0.0 - rollout_corr/rollout_is_max:1.0 - rollout_corr/rollout_is_min:1.0 - rollout_corr/rollout_is_std:0.0 - rollout_corr/rollout_is_eff_sample_size:1.0 - rollout_corr/rollout_is_seq_mean:1.0 - rollout_corr/rollout_is_seq_std:0.0 - rollout_corr/rollout_is_seq_max:1.0 - rollout_corr/rollout_is_seq_min:1.0 - rollout_corr/rollout_is_seq_max_deviation:0.0 - rollout_corr/rollout_is_seq_fraction_high:0.0 - rollout_corr/rollout_is_seq_fraction_low:0.0 - rollout_corr/training_ppl:2.2175951157297407 - rollout_corr/training_log_ppl:0.7573995215552194 - rollout_corr/kl:0.20645240183387484 - rollout_corr/k3_kl:0.19074889570474624 - rollout_corr/rollout_ppl:1.755913073675973 - rollout_corr/rollout_log_ppl:0.5399645115647997 - rollout_corr/log_ppl_diff:0.21743500743593489 - rollout_corr/log_ppl_abs_diff:0.21794303453394345 - rollout_corr/log_ppl_diff_max:0.9233776330947876 - rollout_corr/log_ppl_diff_min:-0.14467114210128784 - rollout_corr/ppl_ratio:1.2573945454188755 - rollout_corr/chi2_token:1.7015442030770438 - rollout_corr/chi2_seq:-0.7853303704942975 - actor/pg_loss:0.22670617843202007 - actor/kl_loss:0.0 - actor/grpo_loss:0.0 - actor/vopd_loss:0.22670617843202007 - actor/vopd_loss_weighted:0.22670617843202007 - actor/policy_fallback_fraction:0.0 - aha/u_mean:-0.4059312881103584 - aha/u_neg_valley_frac:0.5378806139741625 - aha/floor_clamped_frac:0.0 - aha/q_tail_mass:0.006467959404523884 - aha/u_centered_mean:-0.3754401871136257 - aha/u_centered_absmean:0.7894762043442045 - aha/u_centered_wmean:-3.536918776906158e-09 - aha/argmax_conf:0.8108841776847839 - self_distillation/raw_jsd_token_mean:0.23072726790394102 - self_distillation/weighted_jsd_token_mean:0.23072726790394102 - self_distillation/self_distillation_mask.mean():1.0 - self_distillation/num_distill_tokens:2129.085714285714 - self_distillation/empty_target_batch:0.0 - actor/grad_norm:1.1156662702560425 - timing_s/update_actor/student_forward:17.922735498985276 - timing_s/update_actor/teacher_forward:22.823698641965166 - timing_s/update_actor/teacher_full_forward:0.0 - timing_s/update_actor/teacher_null_forward:22.480095869948855 - timing_s/update_actor/loss_compute:0.020710387034341693 - timing_s/update_actor/backward:41.3492104789475 - timing_s/update_actor/optimizer_step:0.08563831698847935 - timing_s/update_actor/teacher_ema_update:4.327000351622701e-05 - perf/mfu/actor:0.0 - perf/max_memory_allocated_gb:120.86376428604126 - perf/max_memory_reserved_gb:138.109375 - perf/cpu_memory_used_gb:337.5204963684082 - actor/lr:8e-07 - training/global_step:5 - training/epoch:0 - response_length/mean:194.0572967529297 - response_length/max:1024.0 - response_length/min:15.0 - response_length/clip_ratio:0.0078125 - response_length_non_aborted/mean:194.0572967529297 - response_length_non_aborted/max:1024.0 - response_length_non_aborted/min:15.0 - response_length_non_aborted/clip_ratio:0.0078125 - response/aborted_ratio:0.0 - prompt_length/mean:308.6041564941406 - prompt_length/max:3330.0 - prompt_length/min:119.0 - prompt_length/clip_ratio:0.0 - num_turns/min:2 - num_turns/max:2 - num_turns/mean:2.0 - timing_s/start_profile:2.9991992050781846e-05 - timing_s/agent_loop/generate_sequences/min:4.675545509002404 - timing_s/agent_loop/generate_sequences/max:27.52453040299588 - timing_s/agent_loop/generate_sequences/mean:14.886369093576832 - timing_s/agent_loop/tool_calls/min:0.0 - timing_s/agent_loop/tool_calls/max:0.0 - timing_s/agent_loop/tool_calls/mean:0.0 - timing_s/agent_loop/slowest/generate_sequences:27.52453040299588 - timing_s/agent_loop/slowest/tool_calls:0.0 - timing_s/agent_loop/slowest/prompt_length:296 - timing_s/agent_loop/slowest/response_length:1024 - timing_s/gen:35.63704851799412 - timing_s/adv:15.660710252996068 - timing_s/update_actor:120.94248999800766 - timing_s/dump_rollout_generations:0.2935716340143699 - timing_s/step:172.6629772480228 - timing_s/save_checkpoint:18.497879830014426 - timing_s/stop_profile:2.8629001462832093e-05 - timing_per_token_ms/update_actor:0.3132868014993308 - timing_per_token_ms/adv:0.04056716398388802 - timing_per_token_ms/gen:0.2391170490216734 - perf/total_num_tokens:386044 - perf/time_per_step:172.6629772480228 - perf/throughput:1117.911917635547
[36m(TaskRunner pid=18406)[0m Dumped generations to /sfs/weka/scratch/nkw3mr/Vision-OPD-OPSA/rollouts/Aha-center-Qwen3.5-4B/6.jsonl
[36m(TaskRunner pid=18406)[0m step:6 - global_seqlen/min:164650 - global_seqlen/max:171189 - global_seqlen/minmax_diff:6539 - global_seqlen/balanced_min:167918 - global_seqlen/balanced_max:167921 - global_seqlen/mean:167919.5 - self_distillation/teacher_always_on_fraction:1.0 - self_distillation/teacher_image_swap_fraction:1.0 - self_distillation/policy_fallback_fraction:0.0 - self_distillation/grpo_fallback_count:0.0 - rollout_corr/rollout_is_mean:1.0 - rollout_corr/rollout_is_ratio_fraction_high:0.0 - rollout_corr/rollout_is_ratio_fraction_low:0.0 - rollout_corr/rollout_is_max:1.0 - rollout_corr/rollout_is_min:1.0 - rollout_corr/rollout_is_std:0.0 - rollout_corr/rollout_is_eff_sample_size:1.0 - rollout_corr/rollout_is_seq_mean:1.0 - rollout_corr/rollout_is_seq_std:0.0 - rollout_corr/rollout_is_seq_max:1.0 - rollout_corr/rollout_is_seq_min:1.0 - rollout_corr/rollout_is_seq_max_deviation:0.0 - rollout_corr/rollout_is_seq_fraction_high:0.0 - rollout_corr/rollout_is_seq_fraction_low:0.0 - rollout_corr/training_ppl:2.4429951866467796 - rollout_corr/training_log_ppl:0.8545159578323365 - rollout_corr/kl:0.24990448554356892 - rollout_corr/k3_kl:0.2407273530960083 - rollout_corr/rollout_ppl:1.8471699237823487 - rollout_corr/rollout_log_ppl:0.5913029218713443 - rollout_corr/log_ppl_diff:0.2632130431632201 - rollout_corr/log_ppl_abs_diff:0.2634896822273731 - rollout_corr/log_ppl_diff_max:1.093332052230835 - rollout_corr/log_ppl_diff_min:-0.011854767799377441 - rollout_corr/ppl_ratio:1.3194936295350392 - rollout_corr/chi2_token:6.17714017033577 - rollout_corr/chi2_seq:-0.9001984387636184 - actor/pg_loss:0.20833335120308522 - actor/kl_loss:0.0 - actor/grpo_loss:0.0 - actor/vopd_loss:0.20833335120308522 - actor/vopd_loss_weighted:0.20833335120308522 - actor/policy_fallback_fraction:0.0 - aha/u_mean:-0.3328875986238321 - aha/u_neg_valley_frac:0.5323137953877449 - aha/floor_clamped_frac:0.0 - aha/q_tail_mass:0.005933457112405449 - aha/u_centered_mean:-0.32046802565455434 - aha/u_centered_absmean:0.7132670740286509 - aha/u_centered_wmean:-3.2379179622232803e-09 - aha/argmax_conf:0.773668110370636 - self_distillation/raw_jsd_token_mean:0.2082208961248398 - self_distillation/weighted_jsd_token_mean:0.2082208961248398 - self_distillation/self_distillation_mask.mean():1.0 - self_distillation/num_distill_tokens:2386.116666666667 - self_distillation/empty_target_batch:0.0 - actor/grad_norm:2.1572763919830322 - timing_s/update_actor/student_forward:15.083522735949373 - timing_s/update_actor/teacher_forward:18.249041069997475 - timing_s/update_actor/teacher_full_forward:0.0 - timing_s/update_actor/teacher_null_forward:18.681678395951167 - timing_s/update_actor/loss_compute:0.017586932895937935 - timing_s/update_actor/backward:32.91201843196177 - timing_s/update_actor/optimizer_step:0.08594270399771631 - timing_s/update_actor/teacher_ema_update:4.847600939683616e-05 - perf/mfu/actor:0.0 - perf/max_memory_allocated_gb:120.86376428604126 - perf/max_memory_reserved_gb:138.109375 - perf/cpu_memory_used_gb:334.93762969970703 - actor/lr:1e-06 - training/global_step:6 - training/epoch:0 - response_length/mean:186.4153594970703 - response_length/max:1024.0 - response_length/min:30.0 - response_length/clip_ratio:0.0026041667442768812 - response_length_non_aborted/mean:186.4153594970703 - response_length_non_aborted/max:1024.0 - response_length_non_aborted/min:30.0 - response_length_non_aborted/clip_ratio:0.0026041667442768812 - response/aborted_ratio:0.0 - prompt_length/mean:250.875 - prompt_length/max:797.0 - prompt_length/min:90.0 - prompt_length/clip_ratio:0.0 - num_turns/min:2 - num_turns/max:2 - num_turns/mean:2.0 - timing_s/start_profile:4.582200199365616e-05 - timing_s/agent_loop/generate_sequences/min:6.52326509199338 - timing_s/agent_loop/generate_sequences/max:26.033685450005578 - timing_s/agent_loop/generate_sequences/mean:14.336068127057919 - timing_s/agent_loop/tool_calls/min:0.0 - timing_s/agent_loop/tool_calls/max:0.0 - timing_s/agent_loop/tool_calls/mean:0.0 - timing_s/agent_loop/slowest/generate_sequences:26.033685450005578 - timing_s[36m(TaskRunner pid=18406)[0m Training Progress:  15%|█▍        | 6/41 [16:23<1:33:40, 160.59s/it]
[36m(WorkerDict pid=54090)[0m /sfs/weka/scratch/nkw3mr/Vision-OPD-OPSA/verl/utils/device.py:134: FutureWarning: torch.cuda._set_allocator_settings is deprecated. Use torch._C._accelerator_setAllocatorSettings instead.
[36m(WorkerDict pid=54090)[0m   torch.cuda.memory._set_allocator_settings(f"expandable_segments:{enable}")
[36m(TaskRunner pid=18406)[0m Training Progress:  17%|█▋        | 7/41 [19:03<1:30:55, 160.47s/it]
/agent_loop/slowest/tool_calls:0.0 - timing_s/agent_loop/slowest/prompt_length:292 - timing_s/agent_loop/slowest/response_length:1024 - timing_s/gen:32.55707208998501 - timing_s/adv:13.811483121011406 - timing_s/update_actor:95.43536125600804 - timing_s/dump_rollout_generations:0.2857722510234453 - timing_s/step:142.2004245260032 - timing_s/stop_profile:2.5954999728128314e-05 - timing_per_token_ms/update_actor:0.2841699780430743 - timing_per_token_ms/adv:0.04112531040472192 - timing_per_token_ms/gen:0.22740626045097692 - perf/total_num_tokens:335839 - perf/time_per_step:142.2004245260032 - perf/throughput:1180.8649697054439
[36m(TaskRunner pid=18406)[0m Dumped generations to /sfs/weka/scratch/nkw3mr/Vision-OPD-OPSA/rollouts/Aha-center-Qwen3.5-4B/7.jsonl
[36m(TaskRunner pid=18406)[0m step:7 - global_seqlen/min:177230 - global_seqlen/max:184421 - global_seqlen/minmax_diff:7191 - global_seqlen/balanced_min:180819 - global_seqlen/balanced_max:180832 - global_seqlen/mean:180825.5 - self_distillation/teacher_always_on_fraction:1.0 - self_distillation/teacher_image_swap_fraction:1.0 - self_distillation/policy_fallback_fraction:0.0 - self_distillation/grpo_fallback_count:0.0 - rollout_corr/rollout_is_mean:1.0 - rollout_corr/rollout_is_ratio_fraction_high:0.0 - rollout_corr/rollout_is_ratio_fraction_low:0.0 - rollout_corr/rollout_is_max:1.0 - rollout_corr/rollout_is_min:1.0 - rollout_corr/rollout_is_std:0.0 - rollout_corr/rollout_is_eff_sample_size:1.0 - rollout_corr/rollout_is_seq_mean:1.0 - rollout_corr/rollout_is_seq_std:0.0 - rollout_corr/rollout_is_seq_max:1.0 - rollout_corr/rollout_is_seq_min:1.0 - rollout_corr/rollout_is_seq_max_deviation:0.0 - rollout_corr/rollout_is_seq_fraction_high:0.0 - rollout_corr/rollout_is_seq_fraction_low:0.0 - rollout_corr/training_ppl:2.4918223565275017 - rollout_corr/training_log_ppl:0.8664576004851948 - rollout_corr/kl:0.246778973124244 - rollout_corr/k3_kl:0.2427900768816471 - rollout_corr/rollout_ppl:1.881310446695848 - rollout_corr/rollout_log_ppl:0.6035011085596951 - rollout_corr/log_ppl_diff:0.26295649418325134 - rollout_corr/log_ppl_abs_diff:0.2631124648632425 - rollout_corr/log_ppl_diff_max:1.125081181526184 - rollout_corr/log_ppl_diff_min:-0.009899497032165527 - rollout_corr/ppl_ratio:1.3216454043532864 - rollout_corr/chi2_token:31.701200198043477 - rollout_corr/chi2_seq:-0.9085858843543313 - actor/pg_loss:0.21377109113382176 - actor/kl_loss:0.0 - actor/grpo_loss:0.0 - actor/vopd_loss:0.21377109113382176 - actor/vopd_loss_weighted:0.21377109113382176 - actor/policy_fallback_fraction:0.0 - aha/u_mean:-0.3428367878677267 - aha/u_neg_valley_frac:0.5374312084732633 - aha/floor_clamped_frac:0.0 - aha/q_tail_mass:0.006773095482706346 - aha/u_centered_mean:-0.3382680240002546 - aha/u_centered_absmean:0.7300319748394417 - aha/u_centered_wmean:-3.2414965688472757e-09 - aha/argmax_conf:0.8022816181182861 - self_distillation/raw_jsd_token_mean:0.21555473903814953 - self_distillation/weighted_jsd_token_mean:0.21555473903814953 - self_distillation/self_distillation_mask.mean():1.0 - self_distillation/num_distill_tokens:2278.712121212121 - self_distillation/empty_target_batch:0.0 - actor/grad_norm:0.7418016791343689 - timing_s/update_actor/student_forward:16.196321992087178 - timing_s/update_actor/teacher_forward:20.95816297311103 - timing_s/update_actor/teacher_full_forward:0.0 - timing_s/update_actor/teacher_null_forward:21.516390533943195 - timing_s/update_actor/loss_compute:0.01936509701772593 - timing_s/update_actor/backward:38.20722190782544 - timing_s/update_actor/optimizer_step:0.08731481901486404 - timing_s/update_actor/teacher_ema_update:6.825401214882731e-05 - perf/mfu/actor:0.0 - perf/max_memory_allocated_gb:120.86376428604126 - perf/max_memory_reserved_gb:138.109375 - perf/cpu_memory_used_gb:336.85717391967773 - actor/lr:1.2e-06 - training/global_step:7 - training/epoch:0 - response_length/mean:195.8268280029297 - response_length/max:1024.0 - response_length/min:3.0 - response_length/clip_ratio:0.0078125 - response_length_non_aborted/mean:195.8268280029297 - response_length_non_aborted/max:1024.0 - response_length_non_aborted/min:3.0 - response_length_non_aborted/clip_ratio:0.0078125 - response/aborted_ratio:0.0 - prompt_length/mean:275.0729064941406 - prompt_length/max:3327.0 - prompt_length/min:93.0 - prompt_length/clip_ratio:0.0 - num_turns/min:2 - num_turns/max:2 - num_turns/mean:2.0 - timing_s/start_profile:3.08720045723021e-05 - timing_s/agent_loop/generate_sequences/min:1.1592174159886781 - timing_s/agent_loop/generate_sequences/max:27.209251015010523 - timing_s/agent_loop/generate_sequences/mean:14.982736550358217 - timing_s/agent_loop/tool_calls/min:0.0 - timing_s/agent_loop/tool_calls/max:0.0 - timing_s/agent_loop/tool_calls/mean:0.0 - timing_s/agent_loop/slowest/generate_sequences:27.209251015010523 - timing_s/agent_loop/slowest/tool_calls:0.0 - timing_s/agent_loop/slowest/prompt_length:189 - timing_s/agent_loop/slowest/response_length:1024 - timing_s/gen:35.48157832500874 - timing_s/adv:14.822191408020444 - timing_s/update_actor:109.4755978169851 - timing_s/dump_rollout_generations:0.290162079007132 - timing_s/step:160.17683010399924 - timing_s/stop_profile:2.3842003429308534e-05 - timing_per_token_ms/update_actor:0.30271061829494483 - timing_per_token_ms/adv:0.040984793096163 - timing_per_token_ms/gen:0.23592259267268686 - perf/total_num_tokens:361651 - perf/time_per_step:160.17683010399924 - perf/throughput:1128.9117151500254
[36m(TaskRunner pid=18406)[0m Dumped generations to /sfs/weka/scratch/nkw3mr/Vision-OPD-OPSA/rollouts/Aha-center-Qwen3.5-4B/8.jsonl
[36m(TaskRunner pid=18406)[0m step:8 - global_seqlen/min:165321 - global_seqlen/max:186873 - global_seqlen/minmax_diff:21552 - global_seqlen/balanced_min:176096 - global_seqlen/balanced_max:176098 - global_seqlen/mean:176097.0 - self_distillation/teacher_always_on_fraction:1.0 - self_distillation/teacher_image_swap_fraction:1.0 - self_distillation/policy_fallback_fraction:0.0 - self_distillation/grpo_fallback_count:0.0 - rollout_corr/rollout_is_mean:1.0 - rollout_corr/rollout_is_ratio_fraction_high:0.0 - rollout_corr/rollout_is_ratio_fraction_low:0.0 - rollout_corr/rollout_is_max:1.0 - rollout_corr/rollout_is_min:1.0 - rollout_corr/rollout_is_std:0.0 - rollout_corr/rollout_is_eff_sample_size:1.0 - rollout_corr/rollout_is_seq_mean:1.0 - rollout_corr/rollout_is_seq_std:0.0 - rollout_corr/rollout_is_seq_max:1.0 - rollout_corr/rollout_is_seq_min:1.0 - rollout_corr/rollout_is_seq_max_deviation:0.0 - rollout_corr/rollout_is_seq_fraction_high:0.0 - rollout_corr/rollout_is_seq_fraction_low:0.0 - rollout_corr/training_ppl:3.3675625063478947 - rollout_corr/training_log_ppl:1.008302690461278 - rollout_corr/kl:0.2807304677553475 - rollout_corr/k3_kl:0.26156069664284587 - rollout_corr/rollout_ppl:2.3428741060197353 - rollout_corr/rollout_log_ppl:0.7145636351779103 - rollout_corr/log_ppl_diff:0.2937390557490289 - rollout_corr/log_ppl_abs_diff:0.2940264153294265 - rollout_corr/log_ppl_diff_max:0.9670010805130005 - rollout_corr/log_ppl_diff_min:-0.023056745529174805 - rollout_corr/ppl_ratio:1.3671820629388094 - rollout_corr/chi2_token:6.5282208155840635 - rollout_corr/chi2_seq:-0.017319859005510807 - actor/pg_loss:0.2203491034451872 - actor/kl_loss:0.0 - actor/grpo_loss:0.0 - actor/vopd_loss:0.2203491034451872 - actor/vopd_loss_weighted:0.2203491034451872 - actor/policy_fallback_fraction:0.0 - aha/u_mean:-0.3747676817001775 - aha/u_neg_valley_frac:0.544002999085933 - aha/floor_clamped_frac:0.0 - aha/q_tail_mass:0.005575554198003374 - aha/u_centered_mean:-0.365672915475443 - aha/u_centered_absmean:0.7688169265165925 - aha/u_centered_wmean:-3.0810947836048402e-09 - aha/argmax_conf:0.747347891330719 - self_distillation/raw_jsd_token_mean:0.22157639474608004 - self_distillation/weighted_jsd_token_mean:0.22157639474608004 - self_distillation/self_distillation_mask.mean():1.0 - self_distillation/num_distill_tokens:2143.15625 - self_distillation/empty_target_batch:0.0 - actor/grad_norm:1.406226634979248 - timing_s/update_actor/student_forward:15.887986755027669 - timing_s/update_actor/teacher_forward:20.21348146800301 - timing_s/update_actor/teacher_full_forward:0.0 - timing_s/update_actor/teacher_null_forward:20.215902346011717 - timing_s/update_actor/loss_compute:0.018941582879051566 - timing_s/update_actor/backward:35.78280793095473 - timing_s/update_actor/optimizer_step:0.08606466298806481 - timing_s/update_actor/teacher_ema_update:3.9193982956930995e-05 - perf/mfu/actor:0.0 - perf/max_memory_allocated_gb:120.86376428604126 - perf/max_memory_reserved_gb:138.109375 - perf/cpu_memory_used_gb:338.29858779907227 - actor/lr:1.4e-06 - training/global_step:8 - training/epoch:0 - response_length/mean:178.5963592529297 - response_length/max:1024.0 - response_length/min:4.0 - response_length/clip_ratio:0.0013020833721384406 - response_length_non_aborted/mean:178.5963592529297 - response_length_non_aborted/max:1024.0 - response_length_non_aborted/min:4.0 - response_length_non_aborted/clip_ratio:0.0013020833721384406 - response/aborted_ratio:0.0 - prompt_length/mean:279.9895935058594 - prompt_length/max:3329.0 - prompt_length/min:109.0 - prompt_length/clip_ratio:0.0 - num_turns/min:2 - num_turns/max:2 - num_turns/mean:2.0 - timing_s/start_profile:4.166699363850057e-05 - timing_s/agent_loop/generate_sequences/min:2.7776214760087896 - timing_s/agent_loop/generate_sequences/max:25.80773761201999 - timing_s/agent_loop/generate_sequences/mean:14.700855048786366 - timing_s/agent_loop/tool_calls/min:0.0 - timing_s/agent_loop/tool_calls/max:0.0 - timing_s/agent_loop/tool_calls/mean:0.0 - timing_s/agent_loop/slowest/generate_sequences:25.80773761201999 - tim[36m(TaskRunner pid=18406)[0m Training Progress:  20%|█▉        | 8/41 [21:38<1:27:13, 158.59s/it]
[36m(TaskRunner pid=18406)[0m Training Progress:  22%|██▏       | 9/41 [24:26<1:26:12, 161.63s/it]
ing_s/agent_loop/slowest/tool_calls:0.0 - timing_s/agent_loop/slowest/prompt_length:330 - timing_s/agent_loop/slowest/response_length:1024 - timing_s/gen:33.88735435801209 - timing_s/adv:14.563276369008236 - timing_s/update_actor:105.66023320399108 - timing_s/dump_rollout_generations:0.2997357060085051 - timing_s/step:154.52029331601807 - timing_s/stop_profile:2.558500273153186e-05 - timing_per_token_ms/update_actor:0.30000577296601044 - timing_per_token_ms/adv:0.04135015465626398 - timing_per_token_ms/gen:0.24706080662291371 - perf/total_num_tokens:352194 - perf/time_per_step:154.52029331601807 - perf/throughput:1139.6367183943548
[36m(TaskRunner pid=18406)[0m Dumped generations to /sfs/weka/scratch/nkw3mr/Vision-OPD-OPSA/rollouts/Aha-center-Qwen3.5-4B/9.jsonl
[36m(TaskRunner pid=18406)[0m step:9 - global_seqlen/min:164212 - global_seqlen/max:213969 - global_seqlen/minmax_diff:49757 - global_seqlen/balanced_min:189090 - global_seqlen/balanced_max:189091 - global_seqlen/mean:189090.5 - self_distillation/teacher_always_on_fraction:1.0 - self_distillation/teacher_image_swap_fraction:1.0 - self_distillation/policy_fallback_fraction:0.0 - self_distillation/grpo_fallback_count:0.0 - rollout_corr/rollout_is_mean:1.0 - rollout_corr/rollout_is_ratio_fraction_high:0.0 - rollout_corr/rollout_is_ratio_fraction_low:0.0 - rollout_corr/rollout_is_max:1.0 - rollout_corr/rollout_is_min:1.0 - rollout_corr/rollout_is_std:0.0 - rollout_corr/rollout_is_eff_sample_size:1.0 - rollout_corr/rollout_is_seq_mean:1.0 - rollout_corr/rollout_is_seq_std:0.0 - rollout_corr/rollout_is_seq_max:1.0 - rollout_corr/rollout_is_seq_min:1.0 - rollout_corr/rollout_is_seq_max_deviation:0.0 - rollout_corr/rollout_is_seq_fraction_high:0.0 - rollout_corr/rollout_is_seq_fraction_low:0.0 - rollout_corr/training_ppl:3.3451582614113304 - rollout_corr/training_log_ppl:1.1159279022146675 - rollout_corr/kl:0.2877260470653281 - rollout_corr/k3_kl:0.2711013588396942 - rollout_corr/rollout_ppl:2.4118819289347706 - rollout_corr/rollout_log_ppl:0.8139434193863588 - rollout_corr/log_ppl_diff:0.30198447252897653 - rollout_corr/log_ppl_abs_diff:0.3032075210529215 - rollout_corr/log_ppl_diff_max:1.3456318378448486 - rollout_corr/log_ppl_diff_min:-0.2009333372116089 - rollout_corr/ppl_ratio:1.3841249732410206 - rollout_corr/chi2_token:10.593117110869464 - rollout_corr/chi2_seq:-0.7622416931040147 - actor/pg_loss:0.2168748599360697 - actor/kl_loss:0.0 - actor/grpo_loss:0.0 - actor/vopd_loss:0.2168748599360697 - actor/vopd_loss_weighted:0.2168748599360697 - actor/policy_fallback_fraction:0.0 - aha/u_mean:-0.31126033832483435 - aha/u_neg_valley_frac:0.5402290619471494 - aha/floor_clamped_frac:0.0 - aha/q_tail_mass:0.005489468601915766 - aha/u_centered_mean:-0.32926567928755984 - aha/u_centered_absmean:0.7316478499594856 - aha/u_centered_wmean:-2.956185042876483e-09 - aha/argmax_conf:0.7328171133995056 - self_distillation/raw_jsd_token_mean:0.21999331892413254 - self_distillation/weighted_jsd_token_mean:0.21999331892413254 - self_distillation/self_distillation_mask.mean():1.0 - self_distillation/num_distill_tokens:2094.779411764706 - self_distillation/empty_target_batch:0.0 - actor/grad_norm:1.3499243259429932 - timing_s/update_actor/student_forward:16.75069163698936 - timing_s/update_actor/teacher_forward:22.045522809086833 - timing_s/update_actor/teacher_full_forward:0.0 - timing_s/update_actor/teacher_null_forward:22.19771071401192 - timing_s/update_actor/loss_compute:0.02003860706463456 - timing_s/update_actor/backward:40.07835562803666 - timing_s/update_actor/optimizer_step:0.08607868300168775 - timing_s/update_actor/teacher_ema_update:3.796201781369746e-05 - perf/mfu/actor:0.0 - perf/max_memory_allocated_gb:120.86376428604126 - perf/max_memory_reserved_gb:138.109375 - perf/cpu_memory_used_gb:341.672176361084 - actor/lr:1.6e-06 - training/global_step:9 - training/epoch:0 - response_length/mean:185.4752655029297 - response_length/max:1024.0 - response_length/min:3.0 - response_length/clip_ratio:0.0065104165114462376 - response_length_non_aborted/mean:185.4752655029297 - response_length_non_aborted/max:1024.0 - response_length_non_aborted/min:3.0 - response_length_non_aborted/clip_ratio:0.0065104165114462376 - response/aborted_ratio:0.0 - prompt_length/mean:306.9479064941406 - prompt_length/max:3329.0 - prompt_length/min:135.0 - prompt_length/clip_ratio:0.0 - num_turns/min:2 - num_turns/max:2 - num_turns/mean:2.0 - timing_s/start_profile:3.476801794022322e-05 - timing_s/agent_loop/generate_sequences/min:1.2627634429954924 - timing_s/agent_loop/generate_sequences/max:26.992876945005264 - timing_s/agent_loop/generate_sequences/mean:14.879229886080717 - timing_s/agent_loop/tool_calls/min:0.0 - timing_s/agent_loop/tool_calls/max:0.0 - timing_s/agent_loop/tool_calls/mean:0.0 - timing_s/agent_loop/slowest/generate_sequences:26.992876945005264 - timing_s/agent_loop/slowest/tool_calls:0.0 - timing_s/agent_loop/slowest/prompt_length:197 - timing_s/agent_loop/slowest/response_length:1024 - timing_s/gen:35.32416276700678 - timing_s/adv:16.286491653008852 - timing_s/update_actor:116.23642176098656 - timing_s/dump_rollout_generations:0.29659814000478946 - timing_s/step:168.25694287501392 - timing_s/stop_profile:2.359299105592072e-05 - timing_per_token_ms/update_actor:0.3073565878798421 - timing_per_token_ms/adv:0.04306533552190314 - timing_per_token_ms/gen:0.24798457486754033 - perf/total_num_tokens:378181 - perf/time_per_step:168.25694287501392 - perf/throughput:1123.8198957439863
[36m(TaskRunner pid=18406)[0m 
[36m(TaskRunner pid=18406)[0m Dumped generations to /sfs/weka/scratch/nkw3mr/Vision-OPD-OPSA/rollouts/Aha-center-Qwen3.5-4B/10.jsonl
[36m(TaskRunner pid=18406)[0m local_global_step_folder: /sfs/weka/scratch/nkw3mr/Vision-OPD-OPSA/checkpoints/Aha-center-Qwen3.5-4B/global_step_10
[36m(TaskRunner pid=18406)[0m step:10 - global_seqlen/min:175382 - global_seqlen/max:193229 - global_seqlen/minmax_diff:17847 - global_seqlen/balanced_min:184305 - global_seqlen/balanced_max:184306 - global_seqlen/mean:184305.5 - self_distillation/teacher_always_on_fraction:1.0 - self_distillation/teacher_image_swap_fraction:1.0 - self_distillation/policy_fallback_fraction:0.0 - self_distillation/grpo_fallback_count:0.0 - rollout_corr/rollout_is_mean:1.0 - rollout_corr/rollout_is_ratio_fraction_high:0.0 - rollout_corr/rollout_is_ratio_fraction_low:0.0 - rollout_corr/rollout_is_max:1.0 - rollout_corr/rollout_is_min:1.0 - rollout_corr/rollout_is_std:0.0 - rollout_corr/rollout_is_eff_sample_size:1.0 - rollout_corr/rollout_is_seq_mean:1.0 - rollout_corr/rollout_is_seq_std:0.0 - rollout_corr/rollout_is_seq_max:1.0 - rollout_corr/rollout_is_seq_min:1.0 - rollout_corr/rollout_is_seq_max_deviation:0.0 - rollout_corr/rollout_is_seq_fraction_high:0.0 - rollout_corr/rollout_is_seq_fraction_low:0.0 - rollout_corr/training_ppl:4.583484906138796 - rollout_corr/training_log_ppl:1.1278917346939896 - rollout_corr/kl:0.2526698584357897 - rollout_corr/k3_kl:0.24218718323743704 - rollout_corr/rollout_ppl:3.4447318748994302 - rollout_corr/rollout_log_ppl:0.841620529239828 - rollout_corr/log_ppl_diff:0.28627121177586645 - rollout_corr/log_ppl_abs_diff:0.28774224899031897 - rollout_corr/log_ppl_diff_max:1.2730915546417236 - rollout_corr/log_ppl_diff_min:-0.12535035610198975 - rollout_corr/ppl_ratio:1.3629358410835266 - rollout_corr/chi2_token:6.468582355614864 - rollout_corr/chi2_seq:-0.8452689196124221 - actor/pg_loss:0.19700354762608185 - actor/kl_loss:0.0 - actor/grpo_loss:0.0 - actor/vopd_loss:0.19700354762608185 - actor/vopd_loss_weighted:0.19700354762608185 - actor/policy_fallback_fraction:0.0 - aha/u_mean:-0.2517089020517288 - aha/u_neg_valley_frac:0.5458434151880669 - aha/floor_clamped_frac:0.0 - aha/q_tail_mass:0.004916679756151456 - aha/u_centered_mean:-0.29360297954443726 - aha/u_centered_absmean:0.6858783445575021 - aha/u_centered_wmean:-3.5899891657904933e-09 - aha/argmax_conf:0.7491347193717957 - self_distillation/raw_jsd_token_mean:0.19676398960026828 - self_distillation/weighted_jsd_token_mean:0.19676398960026828 - self_distillation/self_distillation_mask.mean():1.0 - self_distillation/num_distill_tokens:2577.621212121212 - self_distillation/empty_target_batch:0.0 - actor/grad_norm:0.9456934928894043 - timing_s/update_actor/student_forward:15.273322974971961 - timing_s/update_actor/teacher_forward:20.25420122392825 - timing_s/update_actor/teacher_full_forward:0.0 - timing_s/update_actor/teacher_null_forward:19.895873287023278 - timing_s/update_actor/loss_compute:0.019729909021407366 - timing_s/update_actor/backward:35.79559911694378 - timing_s/update_actor/optimizer_step:0.08584168201196007 - timing_s/update_actor/teacher_ema_update:3.8102996768429875e-05 - perf/mfu/actor:0.0 - perf/max_memory_allocated_gb:120.86376428604126 - perf/max_memory_reserved_gb:138.109375 - perf/cpu_memory_used_gb:340.06114959716797 - actor/lr:1.8e-06 - training/global_step:10 - training/epoch:0 - response_length/mean:221.5143280029297 - response_length/max:1024.0 - response_length/min:3.0 - response_length/clip_ratio:0.02604166604578495 - response_length_non_aborted/mean:221.5143280029297 - response_length_non_aborted/max:1024.0 - response_length_non_aborted/min:3.0 - response_length_non_aborted/clip_ratio:0.02604166604578495 - response/aborted_ratio:0.0 - prompt_length/mean:258.4479064941406 - prompt_length/max:499.0 - prompt_length/min:166.0 - prompt_length/clip_ratio:0.0 - num_turns/min:2 - num_turns/max:2 - num_turns/mean:2.0 - timing_s/start_profile:5.4774980526417494e-05 - timing_s/agent_loop/generate_sequences/min:2.977353520982433 - timing_s/agent_loop/generate_sequences/max:29.18311146198539 - timing_s/agent_loop/generate_sequences/mean:15.24185614265726 - timing_s/agent_loop/tool_calls/min:0.0 - timing_s/agent_loop/tool_calls/max:0.0 - timing_s/agent_loop/tool_calls/mean:0.0 - timing_s/agent_loop/slowest/generate_sequences:29.183111461985[36m(TaskRunner pid=18406)[0m Training Progress:  24%|██▍       | 10/41 [27:19<1:25:18, 165.10s/it]
[36m(WorkerDict pid=54076)[0m /sfs/weka/scratch/nkw3mr/Vision-OPD-OPSA/verl/utils/device.py:134: FutureWarning: torch.cuda._set_allocator_settings is deprecated. Use torch._C._accelerator_setAllocatorSettings instead.
[36m(WorkerDict pid=54076)[0m   torch.cuda.memory._set_allocator_settings(f"expandable_segments:{enable}")
[36m(TaskRunner pid=18406)[0m Training Progress:  27%|██▋       | 11/41 [29:49<1:20:18, 160.63s/it]
[36m(WorkerDict pid=54090)[0m /sfs/weka/scratch/nkw3mr/Vision-OPD-OPSA/verl/utils/device.py:134: FutureWarning: torch.cuda._set_allocator_settings is deprecated. Use torch._C._accelerator_setAllocatorSettings instead.
[36m(WorkerDict pid=54090)[0m   torch.cuda.memory._set_allocator_settings(f"expandable_segments:{enable}")
39 - timing_s/agent_loop/slowest/tool_calls:0.0 - timing_s/agent_loop/slowest/prompt_length:183 - timing_s/agent_loop/slowest/response_length:1024 - timing_s/gen:36.096770156000275 - timing_s/adv:14.486252273025457 - timing_s/update_actor:102.45931751100579 - timing_s/dump_rollout_generations:0.29799018302583136 - timing_s/step:153.48046639899258 - timing_s/save_checkpoint:19.317823616991518 - timing_s/stop_profile:3.2423995435237885e-05 - timing_per_token_ms/update_actor:0.2779605532960378 - timing_per_token_ms/adv:0.03929956586489675 - timing_per_token_ms/gen:0.21218042331724854 - perf/total_num_tokens:368611 - perf/time_per_step:153.48046639899258 - perf/throughput:1200.84010900041
[36m(TaskRunner pid=18406)[0m Dumped generations to /sfs/weka/scratch/nkw3mr/Vision-OPD-OPSA/rollouts/Aha-center-Qwen3.5-4B/11.jsonl
[36m(TaskRunner pid=18406)[0m step:11 - global_seqlen/min:184010 - global_seqlen/max:185117 - global_seqlen/minmax_diff:1107 - global_seqlen/balanced_min:184563 - global_seqlen/balanced_max:184564 - global_seqlen/mean:184563.5 - self_distillation/teacher_always_on_fraction:1.0 - self_distillation/teacher_image_swap_fraction:1.0 - self_distillation/policy_fallback_fraction:0.0 - self_distillation/grpo_fallback_count:0.0 - rollout_corr/rollout_is_mean:1.0 - rollout_corr/rollout_is_ratio_fraction_high:0.0 - rollout_corr/rollout_is_ratio_fraction_low:0.0 - rollout_corr/rollout_is_max:1.0 - rollout_corr/rollout_is_min:1.0 - rollout_corr/rollout_is_std:0.0 - rollout_corr/rollout_is_eff_sample_size:1.0 - rollout_corr/rollout_is_seq_mean:1.0 - rollout_corr/rollout_is_seq_std:0.0 - rollout_corr/rollout_is_seq_max:1.0 - rollout_corr/rollout_is_seq_min:1.0 - rollout_corr/rollout_is_seq_max_deviation:0.0 - rollout_corr/rollout_is_seq_fraction_high:0.0 - rollout_corr/rollout_is_seq_fraction_low:0.0 - rollout_corr/training_ppl:3.836180957880887 - rollout_corr/training_log_ppl:1.1338382227854296 - rollout_corr/kl:0.18964955165530695 - rollout_corr/k3_kl:0.1807238364761526 - rollout_corr/rollout_ppl:4.147921601931254 - rollout_corr/rollout_log_ppl:0.9244846981583219 - rollout_corr/log_ppl_diff:0.20935351424144977 - rollout_corr/log_ppl_abs_diff:0.21359185287446686 - rollout_corr/log_ppl_diff_max:1.1823182106018066 - rollout_corr/log_ppl_diff_min:-1.278508186340332 - rollout_corr/ppl_ratio:1.2477755095019485 - rollout_corr/chi2_token:1.8946127367742136 - rollout_corr/chi2_seq:-0.5832575378995953 - actor/pg_loss:0.18962168076541275 - actor/kl_loss:0.0 - actor/grpo_loss:0.0 - actor/vopd_loss:0.18962168076541275 - actor/vopd_loss_weighted:0.18962168076541275 - actor/policy_fallback_fraction:0.0 - aha/u_mean:-0.195296852821202 - aha/u_neg_valley_frac:0.5389751566178871 - aha/floor_clamped_frac:0.0 - aha/q_tail_mass:0.005779420784110147 - aha/u_centered_mean:-0.2599128139289943 - aha/u_centered_absmean:0.6412851385998004 - aha/u_centered_wmean:-3.2283703982422815e-09 - aha/argmax_conf:0.7124598026275635 - self_distillation/raw_jsd_token_mean:0.18925274976275186 - self_distillation/weighted_jsd_token_mean:0.18925274976275186 - self_distillation/self_distillation_mask.mean():1.0 - self_distillation/num_distill_tokens:2793.318181818182 - self_distillation/empty_target_batch:0.0 - actor/grad_norm:1.114312767982483 - timing_s/update_actor/student_forward:14.730248520761961 - timing_s/update_actor/teacher_forward:19.969851925066905 - timing_s/update_actor/teacher_full_forward:0.0 - timing_s/update_actor/teacher_null_forward:19.840424312045798 - timing_s/update_actor/loss_compute:0.019606598012614995 - timing_s/update_actor/backward:35.50448531596339 - timing_s/update_actor/optimizer_step:0.08602586598135531 - timing_s/update_actor/teacher_ema_update:6.034300895407796e-05 - perf/mfu/actor:0.0 - perf/max_memory_allocated_gb:120.86376428604126 - perf/max_memory_reserved_gb:138.109375 - perf/cpu_memory_used_gb:338.3443794250488 - actor/lr:2e-06 - training/global_step:11 - training/epoch:0 - response_length/mean:240.05078125 - response_length/max:1024.0 - response_length/min:2.0 - response_length/clip_ratio:0.0234375 - response_length_non_aborted/mean:240.05078125 - response_length_non_aborted/max:1024.0 - response_length_non_aborted/min:2.0 - response_length_non_aborted/clip_ratio:0.0234375 - response/aborted_ratio:0.0 - prompt_length/mean:240.5833282470703 - prompt_length/max:789.0 - prompt_length/min:151.0 - prompt_length/clip_ratio:0.0 - num_turns/min:2 - num_turns/max:2 - num_turns/mean:2.0 - timing_s/start_profile:2.2491003619506955e-05 - timing_s/agent_loop/generate_sequences/min:1.803356905002147 - timing_s/agent_loop/generate_sequences/max:30.064409385988256 - timing_s/agent_loop/generate_sequences/mean:15.607410569792174 - timing_s/agent_loop/tool_calls/min:0.0 - timing_s/agent_loop/tool_calls/max:0.0 - timing_s/agent_loop/tool_calls/mean:0.0 - timing_s/agent_loop/slowest/generate_sequences:30.064409385988256 - timing_s/agent_loop/slowest/tool_calls:0.0 - timing_s/agent_loop/slowest/prompt_length:351 - timing_s/agent_loop/slowest/response_length:1024 - timing_s/gen:36.28543332501431 - timing_s/adv:13.430150954984128 - timing_s/update_actor:100.32757648802362 - timing_s/dump_rollout_generations:0.2863172639918048 - timing_s/step:150.43943179401685 - timing_s/stop_profile:2.343198866583407e-05 - timing_per_token_ms/update_actor:0.27179690591049593 - timing_per_token_ms/adv:0.03638355079683721 - timing_per_token_ms/gen:0.19681943016079664 - perf/total_num_tokens:369127 - perf/time_per_step:150.43943179401685 - perf/throughput:1226.829281386187
[36m(TaskRunner pid=18406)[0m Dumped generations to /sfs/weka/scratch/nkw3mr/Vision-OPD-OPSA/rollouts/Aha-center-Qwen3.5-4B/12.jsonl
[36m(TaskRunner pid=18406)[0m step:12 - global_seqlen/min:170479 - global_seqlen/max:188236 - global_seqlen/minmax_diff:17757 - global_seqlen/balanced_min:179357 - global_seqlen/balanced_max:179358 - global_seqlen/mean:179357.5 - self_distillation/teacher_always_on_fraction:1.0 - self_distillation/teacher_image_swap_fraction:1.0 - self_distillation/policy_fallback_fraction:0.0 - self_distillation/grpo_fallback_count:0.0 - rollout_corr/rollout_is_mean:1.0 - rollout_corr/rollout_is_ratio_fraction_high:0.0 - rollout_corr/rollout_is_ratio_fraction_low:0.0 - rollout_corr/rollout_is_max:1.0 - rollout_corr/rollout_is_min:1.0 - rollout_corr/rollout_is_std:0.0 - rollout_corr/rollout_is_eff_sample_size:1.0 - rollout_corr/rollout_is_seq_mean:1.0 - rollout_corr/rollout_is_seq_std:0.0 - rollout_corr/rollout_is_seq_max:1.0 - rollout_corr/rollout_is_seq_min:1.0 - rollout_corr/rollout_is_seq_max_deviation:0.0 - rollout_corr/rollout_is_seq_fraction_high:0.0 - rollout_corr/rollout_is_seq_fraction_low:0.0 - rollout_corr/training_ppl:4.001409523189068 - rollout_corr/training_log_ppl:1.1289242571219802 - rollout_corr/kl:0.19071339769288898 - rollout_corr/k3_kl:0.17590720090083778 - rollout_corr/rollout_ppl:2.9720264188945293 - rollout_corr/rollout_log_ppl:0.9110919227823615 - rollout_corr/log_ppl_diff:0.2178323221160099 - rollout_corr/log_ppl_abs_diff:0.22194510488770902 - rollout_corr/log_ppl_diff_max:1.183474063873291 - rollout_corr/log_ppl_diff_min:-0.9326109886169434 - rollout_corr/ppl_ratio:1.2632964979857206 - rollout_corr/chi2_token:1.6827051416039467 - rollout_corr/chi2_seq:-0.831436125561595 - actor/pg_loss:0.18023109482601285 - actor/kl_loss:0.0 - actor/grpo_loss:0.0 - actor/vopd_loss:0.18023109482601285 - actor/vopd_loss_weighted:0.18023109482601285 - actor/policy_fallback_fraction:0.0 - aha/u_mean:-0.20208435412496328 - aha/u_neg_valley_frac:0.5326974270865321 - aha/floor_clamped_frac:0.0 - aha/q_tail_mass:0.006003155282087391 - aha/u_centered_mean:-0.24235926172696054 - aha/u_centered_absmean:0.6090143830515444 - aha/u_centered_wmean:-2.6696344618986657e-09 - aha/argmax_conf:0.7239298820495605 - self_distillation/raw_jsd_token_mean:0.18023109482601285 - self_distillation/weighted_jsd_token_mean:0.18023109482601285 - self_distillation/self_distillation_mask.mean():1.0 - self_distillation/num_distill_tokens:2644.046875 - self_distillation/empty_target_batch:0.0 - actor/grad_norm:1.5451809167861938 - timing_s/update_actor/student_forward:14.987967488064896 - timing_s/update_actor/teacher_forward:19.435214944154723 - timing_s/update_actor/teacher_full_forward:0.0 - timing_s/update_actor/teacher_null_forward:19.295068422012264 - timing_s/update_actor/loss_compute:0.018971383076859638 - timing_s/update_actor/backward:34.384655576053774 - timing_s/update_actor/optimizer_step:0.08830292199854739 - timing_s/update_actor/teacher_ema_update:6.381698767654598e-05 - perf/mfu/actor:0.0 - perf/max_memory_allocated_gb:120.86376428604126 - perf/max_memory_reserved_gb:138.109375 - perf/cpu_memory_used_gb:338.8209533691406 - actor/lr:2e-06 - training/global_step:12 - training/epoch:0 - response_length/mean:220.3372344970703 - response_length/max:1024.0 - response_length/min:2.0 - response_length/clip_ratio:0.0234375 - response_length_non_aborted/mean:220.3372344970703 - response_length_non_aborted/max:1024.0 - response_length_non_aborted/min:2.0 - response_length_non_aborted/clip_ratio:0.0234375 - response/aborted_ratio:0.0 - prompt_length/mean:246.7395782470703 - prompt_length/max:701.0 - prompt_length/min:90.0 - prompt_length/clip_ratio:0.0 - num_turns/min:2 - num_turns/max:2 - num_turns/mean:2.0 - timing_s/start_profile:3.255397314205766e-05 - timing_s/agent_loop/generate_sequences/min:1.3589500010129996 - timing_s/agent_loop/generate_sequences/max:29.024911607994 - timing_s/agent_loop/generate_sequences/mean:14.345864311932283 - timing_s/agent_loop/tool_calls/min:0.0 - timing_s/agent_loop/tool_calls/max:0.0 - timing_s/agent_loop/tool_calls/mean:0.0 - timing_s/agent_loop/slowest/generate_sequences:29.024911607994 - timing_s/agent_loop/slowest[36m(TaskRunner pid=18406)[0m Training Progress:  29%|██▉       | 12/41 [32:18<1:15:49, 156.89s/it]
[36m(TaskRunner pid=18406)[0m Training Progress:  32%|███▏      | 13/41 [35:00<1:13:56, 158.46s/it]
/tool_calls:0.0 - timing_s/agent_loop/slowest/prompt_length:215 - timing_s/agent_loop/slowest/response_length:1024 - timing_s/gen:36.05554318401846 - timing_s/adv:13.530486460978864 - timing_s/update_actor:98.31128286098829 - timing_s/dump_rollout_generations:0.2933882040088065 - timing_s/step:148.2981790320191 - timing_s/stop_profile:2.5994988391175866e-05 - timing_per_token_ms/update_actor:0.274065157188822 - timing_per_token_ms/adv:0.0377193216368952 - timing_per_token_ms/gen:0.2130703005219181 - perf/total_num_tokens:358715 - perf/time_per_step:148.2981790320191 - perf/throughput:1209.4383165775412
[36m(TaskRunner pid=18406)[0m Dumped generations to /sfs/weka/scratch/nkw3mr/Vision-OPD-OPSA/rollouts/Aha-center-Qwen3.5-4B/13.jsonl
[36m(TaskRunner pid=18406)[0m step:13 - global_seqlen/min:176383 - global_seqlen/max:197123 - global_seqlen/minmax_diff:20740 - global_seqlen/balanced_min:186750 - global_seqlen/balanced_max:186756 - global_seqlen/mean:186753.0 - self_distillation/teacher_always_on_fraction:1.0 - self_distillation/teacher_image_swap_fraction:1.0 - self_distillation/policy_fallback_fraction:0.0 - self_distillation/grpo_fallback_count:0.0 - rollout_corr/rollout_is_mean:1.0 - rollout_corr/rollout_is_ratio_fraction_high:0.0 - rollout_corr/rollout_is_ratio_fraction_low:0.0 - rollout_corr/rollout_is_max:1.0 - rollout_corr/rollout_is_min:1.0 - rollout_corr/rollout_is_std:0.0 - rollout_corr/rollout_is_eff_sample_size:1.0 - rollout_corr/rollout_is_seq_mean:1.0 - rollout_corr/rollout_is_seq_std:0.0 - rollout_corr/rollout_is_seq_max:1.0 - rollout_corr/rollout_is_seq_min:1.0 - rollout_corr/rollout_is_seq_max_deviation:0.0 - rollout_corr/rollout_is_seq_fraction_high:0.0 - rollout_corr/rollout_is_seq_fraction_low:0.0 - rollout_corr/training_ppl:7.870247851399814 - rollout_corr/training_log_ppl:1.271517011172631 - rollout_corr/kl:0.20095970602158236 - rollout_corr/k3_kl:0.18686716861146338 - rollout_corr/rollout_ppl:5.65478180436527 - rollout_corr/rollout_log_ppl:1.0294915770783144 - rollout_corr/log_ppl_diff:0.24202545472037268 - rollout_corr/log_ppl_abs_diff:0.24704681150615215 - rollout_corr/log_ppl_diff_max:2.6191983222961426 - rollout_corr/log_ppl_diff_min:-0.7139501571655273 - rollout_corr/ppl_ratio:1.3336492110701168 - rollout_corr/chi2_token:1.4828937071211197 - rollout_corr/chi2_seq:-0.8462527508244795 - actor/pg_loss:0.1971566923117886 - actor/kl_loss:0.0 - actor/grpo_loss:0.0 - actor/vopd_loss:0.1971566923117886 - actor/vopd_loss_weighted:0.1971566923117886 - actor/policy_fallback_fraction:0.0 - aha/u_mean:-0.25483857380116687 - aha/u_neg_valley_frac:0.5442794872557415 - aha/floor_clamped_frac:0.0 - aha/q_tail_mass:0.005499343986979083 - aha/u_centered_mean:-0.3059924958164201 - aha/u_centered_absmean:0.6931029137443094 - aha/u_centered_wmean:-3.0754723339099886e-09 - aha/argmax_conf:0.7087671160697937 - self_distillation/raw_jsd_token_mean:0.19908259480315096 - self_distillation/weighted_jsd_token_mean:0.19908259480315096 - self_distillation/self_distillation_mask.mean():1.0 - self_distillation/num_distill_tokens:2328.029411764706 - self_distillation/empty_target_batch:0.0 - actor/grad_norm:0.8783785700798035 - timing_s/update_actor/student_forward:15.769073811010458 - timing_s/update_actor/teacher_forward:21.421442184917396 - timing_s/update_actor/teacher_full_forward:0.0 - timing_s/update_actor/teacher_null_forward:21.193262152926764 - timing_s/update_actor/loss_compute:0.020146039023529738 - timing_s/update_actor/backward:38.32762312699924 - timing_s/update_actor/optimizer_step:0.08573247899767011 - timing_s/update_actor/teacher_ema_update:3.735200152732432e-05 - perf/mfu/actor:0.0 - perf/max_memory_allocated_gb:120.86376428604126 - perf/max_memory_reserved_gb:138.109375 - perf/cpu_memory_used_gb:342.0582695007324 - actor/lr:2e-06 - training/global_step:13 - training/epoch:0 - response_length/mean:206.1276092529297 - response_length/max:1024.0 - response_length/min:2.0 - response_length/clip_ratio:0.02213541604578495 - response_length_non_aborted/mean:206.1276092529297 - response_length_non_aborted/max:1024.0 - response_length_non_aborted/min:2.0 - response_length_non_aborted/clip_ratio:0.02213541604578495 - response/aborted_ratio:0.0 - prompt_length/mean:280.2083435058594 - prompt_length/max:3329.0 - prompt_length/min:100.0 - prompt_length/clip_ratio:0.0 - num_turns/min:2 - num_turns/max:2 - num_turns/mean:2.0 - timing_s/start_profile:4.540197551250458e-05 - timing_s/agent_loop/generate_sequences/min:1.4572241159912664 - timing_s/agent_loop/generate_sequences/max:29.135946284019155 - timing_s/agent_loop/generate_sequences/mean:14.947271929768059 - timing_s/agent_loop/tool_calls/min:0.0 - timing_s/agent_loop/tool_calls/max:0.0 - timing_s/agent_loop/tool_calls/mean:0.0 - timing_s/agent_loop/slowest/generate_sequences:29.135946284019155 - timing_s/agent_loop/slowest/tool_calls:0.0 - timing_s/agent_loop/slowest/prompt_length:218 - timing_s/agent_loop/slowest/response_length:1024 - timing_s/gen:36.66165844598436 - timing_s/adv:14.655465807009023 - timing_s/update_actor:109.72853409001254 - timing_s/dump_rollout_generations:0.28715467601432465 - timing_s/step:161.46848001898616 - timing_s/stop_profile:2.5625020498409867e-05 - timing_per_token_ms/update_actor:0.29377984313508365 - timing_per_token_ms/adv:0.039237564609428024 - timing_per_token_ms/gen:0.23158729578148876 - perf/total_num_tokens:373506 - perf/time_per_step:161.46848001898616 - perf/throughput:1156.591057140321
[36m(TaskRunner pid=18406)[0m Dumped generations to /sfs/weka/scratch/nkw3mr/Vision-OPD-OPSA/rollouts/Aha-center-Qwen3.5-4B/14.jsonl
[36m(TaskRunner pid=18406)[0m step:14 - global_seqlen/min:151652 - global_seqlen/max:157532 - global_seqlen/minmax_diff:5880 - global_seqlen/balanced_min:154592 - global_seqlen/balanced_max:154592 - global_seqlen/mean:154592.0 - self_distillation/teacher_always_on_fraction:1.0 - self_distillation/teacher_image_swap_fraction:1.0 - self_distillation/policy_fallback_fraction:0.0 - self_distillation/grpo_fallback_count:0.0 - rollout_corr/rollout_is_mean:1.0 - rollout_corr/rollout_is_ratio_fraction_high:0.0 - rollout_corr/rollout_is_ratio_fraction_low:0.0 - rollout_corr/rollout_is_max:1.0 - rollout_corr/rollout_is_min:1.0 - rollout_corr/rollout_is_std:0.0 - rollout_corr/rollout_is_eff_sample_size:1.0 - rollout_corr/rollout_is_seq_mean:1.0 - rollout_corr/rollout_is_seq_std:0.0 - rollout_corr/rollout_is_seq_max:1.0 - rollout_corr/rollout_is_seq_min:1.0 - rollout_corr/rollout_is_seq_max_deviation:0.0 - rollout_corr/rollout_is_seq_fraction_high:0.0 - rollout_corr/rollout_is_seq_fraction_low:0.0 - rollout_corr/training_ppl:9.394075798136846 - rollout_corr/training_log_ppl:1.4978905533041273 - rollout_corr/kl:0.2705064035419907 - rollout_corr/k3_kl:0.2672766904745783 - rollout_corr/rollout_ppl:5.027557619980403 - rollout_corr/rollout_log_ppl:1.1702697159988538 - rollout_corr/log_ppl_diff:0.32762083078601534 - rollout_corr/log_ppl_abs_diff:0.334187723962324 - rollout_corr/log_ppl_diff_max:4.489920616149902 - rollout_corr/log_ppl_diff_min:-0.9226253032684326 - rollout_corr/ppl_ratio:1.5744562659944807 - rollout_corr/chi2_token:12.806865551642009 - rollout_corr/chi2_seq:-0.8023004957607814 - actor/pg_loss:0.20520837442018092 - actor/kl_loss:0.0 - actor/grpo_loss:0.0 - actor/vopd_loss:0.20520837442018092 - actor/vopd_loss_weighted:0.20520837442018092 - actor/policy_fallback_fraction:0.0 - aha/u_mean:-0.15930036701528089 - aha/u_neg_valley_frac:0.5241514912673405 - aha/floor_clamped_frac:0.0 - aha/q_tail_mass:0.006171248986252717 - aha/u_centered_mean:-0.2508878451772034 - aha/u_centered_absmean:0.6470629588833876 - aha/u_centered_wmean:-2.500377319130823e-09 - aha/argmax_conf:0.6829338073730469 - self_distillation/raw_jsd_token_mean:0.2047969132129635 - self_distillation/weighted_jsd_token_mean:0.2047969132129635 - self_distillation/self_distillation_mask.mean():1.0 - self_distillation/num_distill_tokens:2323.142857142857 - self_distillation/empty_target_batch:0.0 - actor/grad_norm:0.8001371622085571 - timing_s/update_actor/student_forward:12.696776877128286 - timing_s/update_actor/teacher_forward:17.24001645197859 - timing_s/update_actor/teacher_full_forward:0.0 - timing_s/update_actor/teacher_null_forward:16.9331102380238 - timing_s/update_actor/loss_compute:0.01657149996026419 - timing_s/update_actor/backward:29.624455970100826 - timing_s/update_actor/optimizer_step:0.08625376402051188 - timing_s/update_actor/teacher_ema_update:4.46310150437057e-05 - perf/mfu/actor:0.0 - perf/max_memory_allocated_gb:120.86376428604126 - perf/max_memory_reserved_gb:138.109375 - perf/cpu_memory_used_gb:335.3167304992676 - actor/lr:2e-06 - training/global_step:14 - training/epoch:0 - response_length/mean:169.3958282470703 - response_length/max:1024.0 - response_length/min:2.0 - response_length/clip_ratio:0.0078125 - response_length_non_aborted/mean:169.3958282470703 - response_length_non_aborted/max:1024.0 - response_length_non_aborted/min:2.0 - response_length_non_aborted/clip_ratio:0.0078125 - response/aborted_ratio:0.0 - prompt_length/mean:233.1875 - prompt_length/max:498.0 - prompt_length/min:103.0 - prompt_length/clip_ratio:0.0 - num_turns/min:2 - num_turns/max:2 - num_turns/mean:2.0 - timing_s/start_profile:3.269501030445099e-05 - timing_s/agent_loop/generate_sequences/min:1.1589313260046765 - timing_s/agent_loop/generate_sequences/max:25.540278208005475 - timing_s/agent_loop/generate_sequences/mean:11.44127828554891 - timing_s/agent_loop/tool_calls/min:0.0 - timing_s/agent_loop/tool_calls/max:0.0 - timing_s/agent_loop/tool_calls/mean:0.0 - timing_s/agent_loop/slowest/generate_sequences:25.540278208005475 - timing_s/agent_loop/slowest/tool_call[36m(TaskRunner pid=18406)[0m Training Progress:  34%|███▍      | 14/41 [37:14<1:07:57, 151.01s/it]
[36m(TaskRunner pid=18406)[0m Training Progress:  37%|███▋      | 15/41 [39:55<1:06:49, 154.22s/it]
[36m(WorkerDict pid=54076)[0m /sfs/weka/scratch/nkw3mr/Vision-OPD-OPSA/verl/utils/device.py:134: FutureWarning: torch.cuda._set_allocator_settings is deprecated. Use torch._C._accelerator_setAllocatorSettings instead.
[36m(WorkerDict pid=54076)[0m   torch.cuda.memory._set_allocator_settings(f"expandable_segments:{enable}")
s:0.0 - timing_s/agent_loop/slowest/prompt_length:194 - timing_s/agent_loop/slowest/response_length:1024 - timing_s/gen:32.56206218499574 - timing_s/adv:13.717697610001778 - timing_s/update_actor:87.05675211900962 - timing_s/dump_rollout_generations:0.2830711099959444 - timing_s/step:133.7528541419888 - timing_s/stop_profile:2.459398820064962e-05 - timing_per_token_ms/update_actor:0.2815693959551905 - timing_per_token_ms/adv:0.04436742396114216 - timing_per_token_ms/gen:0.25029256998674626 - perf/total_num_tokens:309184 - perf/time_per_step:133.7528541419888 - perf/throughput:1155.8033732565355
[36m(TaskRunner pid=18406)[0m Dumped generations to /sfs/weka/scratch/nkw3mr/Vision-OPD-OPSA/rollouts/Aha-center-Qwen3.5-4B/15.jsonl
[36m(TaskRunner pid=18406)[0m local_global_step_folder: /sfs/weka/scratch/nkw3mr/Vision-OPD-OPSA/checkpoints/Aha-center-Qwen3.5-4B/global_step_15
[36m(TaskRunner pid=18406)[0m step:15 - global_seqlen/min:160077 - global_seqlen/max:170731 - global_seqlen/minmax_diff:10654 - global_seqlen/balanced_min:165403 - global_seqlen/balanced_max:165405 - global_seqlen/mean:165404.0 - self_distillation/teacher_always_on_fraction:1.0 - self_distillation/teacher_image_swap_fraction:1.0 - self_distillation/policy_fallback_fraction:0.0 - self_distillation/grpo_fallback_count:0.0 - rollout_corr/rollout_is_mean:1.0 - rollout_corr/rollout_is_ratio_fraction_high:0.0 - rollout_corr/rollout_is_ratio_fraction_low:0.0 - rollout_corr/rollout_is_max:1.0 - rollout_corr/rollout_is_min:1.0 - rollout_corr/rollout_is_std:0.0 - rollout_corr/rollout_is_eff_sample_size:1.0 - rollout_corr/rollout_is_seq_mean:1.0 - rollout_corr/rollout_is_seq_std:0.0 - rollout_corr/rollout_is_seq_max:1.0 - rollout_corr/rollout_is_seq_min:1.0 - rollout_corr/rollout_is_seq_max_deviation:0.0 - rollout_corr/rollout_is_seq_fraction_high:0.0 - rollout_corr/rollout_is_seq_fraction_low:0.0 - rollout_corr/training_ppl:15.826676209767658 - rollout_corr/training_log_ppl:1.5018046041329702 - rollout_corr/kl:0.2906783983111382 - rollout_corr/k3_kl:0.28829722553491594 - rollout_corr/rollout_ppl:9.105102308591206 - rollout_corr/rollout_log_ppl:1.1622592399517695 - rollout_corr/log_ppl_diff:0.3395453544954459 - rollout_corr/log_ppl_abs_diff:0.3422501524289449 - rollout_corr/log_ppl_diff_max:4.039676666259766 - rollout_corr/log_ppl_diff_min:-0.21145498752593994 - rollout_corr/ppl_ratio:1.5652703642845154 - rollout_corr/chi2_token:10.503440016508103 - rollout_corr/chi2_seq:2.761976085106532 - actor/pg_loss:0.19739845672544715 - actor/kl_loss:0.0 - actor/grpo_loss:0.0 - actor/vopd_loss:0.19739845672544715 - actor/vopd_loss_weighted:0.19739845672544715 - actor/policy_fallback_fraction:0.0 - aha/u_mean:-0.14878822277144838 - aha/u_neg_valley_frac:0.5271504734953245 - aha/floor_clamped_frac:0.0 - aha/q_tail_mass:0.005737827023646483 - aha/u_centered_mean:-0.2291363290200631 - aha/u_centered_absmean:0.6145308802525202 - aha/u_centered_wmean:-1.6283857912543128e-09 - aha/argmax_conf:0.6783011555671692 - self_distillation/raw_jsd_token_mean:0.19698261295755704 - self_distillation/weighted_jsd_token_mean:0.19698261295755704 - self_distillation/self_distillation_mask.mean():1.0 - self_distillation/num_distill_tokens:2308.133333333333 - self_distillation/empty_target_batch:0.0 - actor/grad_norm:0.8113673329353333 - timing_s/update_actor/student_forward:14.210234408034012 - timing_s/update_actor/teacher_forward:18.182676743075717 - timing_s/update_actor/teacher_full_forward:0.0 - timing_s/update_actor/teacher_null_forward:17.92783125603455 - timing_s/update_actor/loss_compute:0.017868274881038815 - timing_s/update_actor/backward:32.35075294307899 - timing_s/update_actor/optimizer_step:0.08595014800084755 - timing_s/update_actor/teacher_ema_update:4.2808998841792345e-05 - perf/mfu/actor:0.0 - perf/max_memory_allocated_gb:120.86376428604126 - perf/max_memory_reserved_gb:138.109375 - perf/cpu_memory_used_gb:339.25203704833984 - actor/lr:2e-06 - training/global_step:15 - training/epoch:0 - response_length/mean:180.3229217529297 - response_length/max:1024.0 - response_length/min:2.0 - response_length/clip_ratio:0.01692708395421505 - response_length_non_aborted/mean:180.3229217529297 - response_length_non_aborted/max:1024.0 - response_length_non_aborted/min:2.0 - response_length_non_aborted/clip_ratio:0.01692708395421505 - response/aborted_ratio:0.0 - prompt_length/mean:250.4166717529297 - prompt_length/max:498.0 - prompt_length/min:135.0 - prompt_length/clip_ratio:0.0 - num_turns/min:2 - num_turns/max:2 - num_turns/mean:2.0 - timing_s/start_profile:3.735101199708879e-05 - timing_s/agent_loop/generate_sequences/min:1.3429570390144363 - timing_s/agent_loop/generate_sequences/max:26.726434034004342 - timing_s/agent_loop/generate_sequences/mean:11.900020538745784 - timing_s/agent_loop/tool_calls/min:0.0 - timing_s/agent_loop/tool_calls/max:0.0 - timing_s/agent_loop/tool_calls/mean:0.0 - timing_s/agent_loop/slowest/generate_sequences:26.726434034004342 - timing_s/agent_loop/slowest/tool_calls:0.0 - timing_s/agent_loop/slowest/prompt_length:219 - timing_s/agent_loop/slowest/response_length:1024 - timing_s/gen:33.59751161397435 - timing_s/adv:13.359046720986953 - timing_s/update_actor:94.021226190991 - timing_s/dump_rollout_generations:0.2852322669932619 - timing_s/step:141.38537539899698 - timing_s/save_checkpoint:20.22910253799637 - timing_s/stop_profile:3.413599915802479e-05 - timing_per_token_ms/update_actor:0.2842169058517055 - timing_per_token_ms/adv:0.040383082395186794 - timing_per_token_ms/gen:0.2426023309887813 - perf/total_num_tokens:330808 - perf/time_per_step:141.38537539899698 - perf/throughput:1169.8805448103892
[36m(TaskRunner pid=18406)[0m Dumped generations to /sfs/weka/scratch/nkw3mr/Vision-OPD-OPSA/rollouts/Aha-center-Qwen3.5-4B/16.jsonl
[36m(TaskRunner pid=18406)[0m step:16 - global_seqlen/min:152459 - global_seqlen/max:164430 - global_seqlen/minmax_diff:11971 - global_seqlen/balanced_min:158443 - global_seqlen/balanced_max:158446 - global_seqlen/mean:158444.5 - self_distillation/teacher_always_on_fraction:1.0 - self_distillation/teacher_image_swap_fraction:1.0 - self_distillation/policy_fallback_fraction:0.0 - self_distillation/grpo_fallback_count:0.0 - rollout_corr/rollout_is_mean:1.0 - rollout_corr/rollout_is_ratio_fraction_high:0.0 - rollout_corr/rollout_is_ratio_fraction_low:0.0 - rollout_corr/rollout_is_max:1.0 - rollout_corr/rollout_is_min:1.0 - rollout_corr/rollout_is_std:0.0 - rollout_corr/rollout_is_eff_sample_size:1.0 - rollout_corr/rollout_is_seq_mean:1.0 - rollout_corr/rollout_is_seq_std:0.0 - rollout_corr/rollout_is_seq_max:1.0 - rollout_corr/rollout_is_seq_min:1.0 - rollout_corr/rollout_is_seq_max_deviation:0.0 - rollout_corr/rollout_is_seq_fraction_high:0.0 - rollout_corr/rollout_is_seq_fraction_low:0.0 - rollout_corr/training_ppl:14.072223955187305 - rollout_corr/training_log_ppl:1.5230994409528273 - rollout_corr/kl:0.3145262303537336 - rollout_corr/k3_kl:0.31074826522120114 - rollout_corr/rollout_ppl:9.931698227750845 - rollout_corr/rollout_log_ppl:1.1742376674865853 - rollout_corr/log_ppl_diff:0.34886176884174347 - rollout_corr/log_ppl_abs_diff:0.3552836837439701 - rollout_corr/log_ppl_diff_max:3.1003103256225586 - rollout_corr/log_ppl_diff_min:-0.8232455253601074 - rollout_corr/ppl_ratio:1.5128820723500747 - rollout_corr/chi2_token:17.444319942901874 - rollout_corr/chi2_seq:-0.6476472102362534 - actor/pg_loss:0.2160009174743512 - actor/kl_loss:0.0 - actor/grpo_loss:0.0 - actor/vopd_loss:0.2160009174743512 - actor/vopd_loss_weighted:0.2160009174743512 - actor/policy_fallback_fraction:0.0 - aha/u_mean:-0.153279358023328 - aha/u_neg_valley_frac:0.5280401300767372 - aha/floor_clamped_frac:0.0 - aha/q_tail_mass:0.0061828184607920465 - aha/u_centered_mean:-0.257158285584943 - aha/u_centered_absmean:0.6607151971808796 - aha/u_centered_wmean:-1.5835806526240872e-09 - aha/argmax_conf:0.7363563179969788 - self_distillation/raw_jsd_token_mean:0.2158488486090611 - self_distillation/weighted_jsd_token_mean:0.2158488486090611 - self_distillation/self_distillation_mask.mean():1.0 - self_distillation/num_distill_tokens:2127.189655172414 - self_distillation/empty_target_batch:0.0 - actor/grad_norm:1.4355705976486206 - timing_s/update_actor/student_forward:13.458363144978648 - timing_s/update_actor/teacher_forward:18.123459259048104 - timing_s/update_actor/teacher_full_forward:0.0 - timing_s/update_actor/teacher_null_forward:17.46736524507287 - timing_s/update_actor/loss_compute:0.017034028947819024 - timing_s/update_actor/backward:31.393752500996925 - timing_s/update_actor/optimizer_step:0.08593493598164059 - timing_s/update_actor/teacher_ema_update:2.6466004783287644e-05 - perf/mfu/actor:0.0 - perf/max_memory_allocated_gb:120.86376428604126 - perf/max_memory_reserved_gb:138.109375 - perf/cpu_memory_used_gb:339.7532539367676 - actor/lr:2e-06 - training/global_step:16 - training/epoch:0 - response_length/mean:160.6471405029297 - response_length/max:1024.0 - response_length/min:2.0 - response_length/clip_ratio:0.00390625 - response_length_non_aborted/mean:160.6471405029297 - response_length_non_aborted/max:1024.0 - response_length_non_aborted/min:2.0 - response_length_non_aborted/clip_ratio:0.00390625 - response/aborted_ratio:0.0 - prompt_length/mean:251.96875 - prompt_length/max:791.0 - prompt_length/min:134.0 - prompt_length/clip_ratio:0.0 - num_turns/min:2 - num_turns/max:2 - num_turns/mean:2.0 - timing_s/start_profile:4.0465994970873e-05 - timing_s/agent_loop/generate_sequences/min:1.7292433810071088 - timing_s/agent_loop/generate_sequences/max:25.42411437901319 - timing_s/agent_loop/generate_sequences/mean:11.941476242107115 - timing_s/agent_loop/tool_calls/min:0.0 - timing_s/agent_loop/tool_calls/max:0.0 - timing_s/agent_loop/tool_calls/mean:0.0 - timing_s/agent_loop/slowest/generate_sequences:25.42411437901319 - timing_s/agent_loop/slowest/too[36m(TaskRunner pid=18406)[0m Training Progress:  39%|███▉      | 16/41 [42:14<1:02:16, 149.47s/it]
[36m(WorkerDict pid=54090)[0m /sfs/weka/scratch/nkw3mr/Vision-OPD-OPSA/verl/utils/device.py:134: FutureWarning: torch.cuda._set_allocator_settings is deprecated. Use torch._C._accelerator_setAllocatorSettings instead.
[36m(WorkerDict pid=54090)[0m   torch.cuda.memory._set_allocator_settings(f"expandable_segments:{enable}")
[36m(TaskRunner pid=18406)[0m Training Progress:  41%|████▏     | 17/41 [45:00<1:01:45, 154.38s/it]
l_calls:0.0 - timing_s/agent_loop/slowest/prompt_length:329 - timing_s/agent_loop/slowest/response_length:1024 - timing_s/gen:31.588389935990563 - timing_s/adv:13.409310972987441 - timing_s/update_actor:92.68268047901802 - timing_s/dump_rollout_generations:0.5811144470062573 - timing_s/step:138.38863132800907 - timing_s/stop_profile:2.5273999199271202e-05 - timing_per_token_ms/update_actor:0.2924767993809126 - timing_per_token_ms/adv:0.04231548262321331 - timing_per_token_ms/gen:0.2560314315957639 - perf/total_num_tokens:316889 - perf/time_per_step:138.38863132800907 - perf/throughput:1144.924250493196
[36m(TaskRunner pid=18406)[0m Dumped generations to /sfs/weka/scratch/nkw3mr/Vision-OPD-OPSA/rollouts/Aha-center-Qwen3.5-4B/17.jsonl
[36m(TaskRunner pid=18406)[0m step:17 - global_seqlen/min:178810 - global_seqlen/max:184293 - global_seqlen/minmax_diff:5483 - global_seqlen/balanced_min:181546 - global_seqlen/balanced_max:181557 - global_seqlen/mean:181551.5 - self_distillation/teacher_always_on_fraction:1.0 - self_distillation/teacher_image_swap_fraction:1.0 - self_distillation/policy_fallback_fraction:0.0 - self_distillation/grpo_fallback_count:0.0 - rollout_corr/rollout_is_mean:1.0 - rollout_corr/rollout_is_ratio_fraction_high:0.0 - rollout_corr/rollout_is_ratio_fraction_low:0.0 - rollout_corr/rollout_is_max:1.0 - rollout_corr/rollout_is_min:1.0 - rollout_corr/rollout_is_std:0.0 - rollout_corr/rollout_is_eff_sample_size:1.0 - rollout_corr/rollout_is_seq_mean:1.0 - rollout_corr/rollout_is_seq_std:0.0 - rollout_corr/rollout_is_seq_max:1.0 - rollout_corr/rollout_is_seq_min:1.0 - rollout_corr/rollout_is_seq_max_deviation:0.0 - rollout_corr/rollout_is_seq_fraction_high:0.0 - rollout_corr/rollout_is_seq_fraction_low:0.0 - rollout_corr/training_ppl:5.91993413549481 - rollout_corr/training_log_ppl:1.453649114478718 - rollout_corr/kl:0.29430709011626965 - rollout_corr/k3_kl:0.2779082667195436 - rollout_corr/rollout_ppl:4.0392796126278965 - rollout_corr/rollout_log_ppl:1.1431853527372533 - rollout_corr/log_ppl_diff:0.3104637636605537 - rollout_corr/log_ppl_abs_diff:0.3175993850736907 - rollout_corr/log_ppl_diff_max:2.2046966552734375 - rollout_corr/log_ppl_diff_min:-1.0386662483215332 - rollout_corr/ppl_ratio:1.421650189341921 - rollout_corr/chi2_token:11.095565589991482 - rollout_corr/chi2_seq:57.59353180365129 - actor/pg_loss:0.19959289935650307 - actor/kl_loss:0.0 - actor/grpo_loss:0.0 - actor/vopd_loss:0.19959289935650307 - actor/vopd_loss_weighted:0.19959289935650307 - actor/policy_fallback_fraction:0.0 - aha/u_mean:-0.1835517933394647 - aha/u_neg_valley_frac:0.522672487930818 - aha/floor_clamped_frac:0.0 - aha/q_tail_mass:0.006198386016132479 - aha/u_centered_mean:-0.253296592583259 - aha/u_centered_absmean:0.641918097481583 - aha/u_centered_wmean:-1.4900049114353509e-09 - aha/argmax_conf:0.7484028339385986 - self_distillation/raw_jsd_token_mean:0.20185974511233243 - self_distillation/weighted_jsd_token_mean:0.20185974511233243 - self_distillation/self_distillation_mask.mean():1.0 - self_distillation/num_distill_tokens:1882.287878787879 - self_distillation/empty_target_batch:0.0 - actor/grad_norm:1.0772744417190552 - timing_s/update_actor/student_forward:17.452787516987883 - timing_s/update_actor/teacher_forward:21.447232045902638 - timing_s/update_actor/teacher_full_forward:0.0 - timing_s/update_actor/teacher_null_forward:21.296821566997096 - timing_s/update_actor/loss_compute:0.019566995004424825 - timing_s/update_actor/backward:39.340835162991425 - timing_s/update_actor/optimizer_step:0.08600101500633173 - timing_s/update_actor/teacher_ema_update:6.0573016526177526e-05 - perf/mfu/actor:0.0 - perf/max_memory_allocated_gb:120.86376428604126 - perf/max_memory_reserved_gb:138.150390625 - perf/cpu_memory_used_gb:346.3678779602051 - actor/lr:2e-06 - training/global_step:17 - training/epoch:0 - response_length/mean:161.7591094970703 - response_length/max:1024.0 - response_length/min:2.0 - response_length/clip_ratio:0.00390625 - response_length_non_aborted/mean:161.7591094970703 - response_length_non_aborted/max:1024.0 - response_length_non_aborted/min:2.0 - response_length_non_aborted/clip_ratio:0.00390625 - response/aborted_ratio:0.0 - prompt_length/mean:311.03125 - prompt_length/max:3329.0 - prompt_length/min:127.0 - prompt_length/clip_ratio:0.0 - num_turns/min:2 - num_turns/max:2 - num_turns/mean:2.0 - timing_s/start_profile:4.645399167202413e-05 - timing_s/agent_loop/generate_sequences/min:1.354392128996551 - timing_s/agent_loop/generate_sequences/max:26.264576308021788 - timing_s/agent_loop/generate_sequences/mean:12.737115237081943 - timing_s/agent_loop/tool_calls/min:0.0 - timing_s/agent_loop/tool_calls/max:0.0 - timing_s/agent_loop/tool_calls/mean:0.0 - timing_s/agent_loop/slowest/generate_sequences:26.264576308021788 - timing_s/agent_loop/slowest/tool_calls:0.0 - timing_s/agent_loop/slowest/prompt_length:183 - timing_s/agent_loop/slowest/response_length:1024 - timing_s/gen:33.10763800199493 - timing_s/adv:15.366406054992694 - timing_s/update_actor:116.87759517499944 - timing_s/dump_rollout_generations:0.2861315439804457 - timing_s/step:165.7661711120163 - timing_s/stop_profile:2.7147005312144756e-05 - timing_per_token_ms/update_actor:0.3218855123064239 - timing_per_token_ms/adv:0.04231968905515155 - timing_per_token_ms/gen:0.266500615804388 - perf/total_num_tokens:363103 - perf/time_per_step:165.7661711120163 - perf/throughput:1095.2264794565158
[36m(TaskRunner pid=18406)[0m Dumped generations to /sfs/weka/scratch/nkw3mr/Vision-OPD-OPSA/rollouts/Aha-center-Qwen3.5-4B/18.jsonl
[36m(TaskRunner pid=18406)[0m step:18 - global_seqlen/min:157595 - global_seqlen/max:161353 - global_seqlen/minmax_diff:3758 - global_seqlen/balanced_min:159472 - global_seqlen/balanced_max:159476 - global_seqlen/mean:159474.0 - self_distillation/teacher_always_on_fraction:1.0 - self_distillation/teacher_image_swap_fraction:1.0 - self_distillation/policy_fallback_fraction:0.0 - self_distillation/grpo_fallback_count:0.0 - rollout_corr/rollout_is_mean:1.0 - rollout_corr/rollout_is_ratio_fraction_high:0.0 - rollout_corr/rollout_is_ratio_fraction_low:0.0 - rollout_corr/rollout_is_max:1.0 - rollout_corr/rollout_is_min:1.0 - rollout_corr/rollout_is_std:0.0 - rollout_corr/rollout_is_eff_sample_size:1.0 - rollout_corr/rollout_is_seq_mean:1.0 - rollout_corr/rollout_is_seq_std:0.0 - rollout_corr/rollout_is_seq_max:1.0 - rollout_corr/rollout_is_seq_min:1.0 - rollout_corr/rollout_is_seq_max_deviation:0.0 - rollout_corr/rollout_is_seq_fraction_high:0.0 - rollout_corr/rollout_is_seq_fraction_low:0.0 - rollout_corr/training_ppl:7.391794299257212 - rollout_corr/training_log_ppl:1.4855557824003287 - rollout_corr/kl:0.2874772818437938 - rollout_corr/k3_kl:0.2995070496509815 - rollout_corr/rollout_ppl:4.607976313295036 - rollout_corr/rollout_log_ppl:1.172446967198931 - rollout_corr/log_ppl_diff:0.313108798758737 - rollout_corr/log_ppl_abs_diff:0.32055897856580795 - rollout_corr/log_ppl_diff_max:2.175837516784668 - rollout_corr/log_ppl_diff_min:-1.017892837524414 - rollout_corr/ppl_ratio:1.4215816732110649 - rollout_corr/chi2_token:24.780215978622437 - rollout_corr/chi2_seq:36.81569642753437 - actor/pg_loss:0.2244418856377403 - actor/kl_loss:0.0 - actor/grpo_loss:0.0 - actor/vopd_loss:0.2244418856377403 - actor/vopd_loss_weighted:0.2244418856377403 - actor/policy_fallback_fraction:0.0 - aha/u_mean:-0.13792766133714207 - aha/u_neg_valley_frac:0.530317360471035 - aha/floor_clamped_frac:0.0 - aha/q_tail_mass:0.005535187496771586 - aha/u_centered_mean:-0.2609562270086387 - aha/u_centered_absmean:0.6828091966694799 - aha/u_centered_wmean:-1.7010062501263996e-09 - aha/argmax_conf:0.6734944581985474 - self_distillation/raw_jsd_token_mean:0.22437304463879815 - self_distillation/weighted_jsd_token_mean:0.22437304463879815 - self_distillation/self_distillation_mask.mean():1.0 - self_distillation/num_distill_tokens:2268.344827586207 - self_distillation/empty_target_batch:0.0 - actor/grad_norm:0.5047391057014465 - timing_s/update_actor/student_forward:13.851142033963697 - timing_s/update_actor/teacher_forward:18.445666886051185 - timing_s/update_actor/teacher_full_forward:0.0 - timing_s/update_actor/teacher_null_forward:17.957306921947747 - timing_s/update_actor/loss_compute:0.016997900092974305 - timing_s/update_actor/backward:31.029718484875048 - timing_s/update_actor/optimizer_step:0.08551750000333413 - timing_s/update_actor/teacher_ema_update:4.784599877893925e-05 - perf/mfu/actor:0.0 - perf/max_memory_allocated_gb:120.86376428604126 - perf/max_memory_reserved_gb:138.150390625 - perf/cpu_memory_used_gb:341.38871002197266 - actor/lr:2e-06 - training/global_step:18 - training/epoch:0 - response_length/mean:171.3072967529297 - response_length/max:1024.0 - response_length/min:2.0 - response_length/clip_ratio:0.0052083334885537624 - response_length_non_aborted/mean:171.3072967529297 - response_length_non_aborted/max:1024.0 - response_length_non_aborted/min:2.0 - response_length_non_aborted/clip_ratio:0.0052083334885537624 - response/aborted_ratio:0.0 - prompt_length/mean:243.9895782470703 - prompt_length/max:523.0 - prompt_length/min:167.0 - prompt_length/clip_ratio:0.0 - num_turns/min:2 - num_turns/max:2 - num_turns/mean:2.0 - timing_s/start_profile:5.527597386389971e-05 - timing_s/agent_loop/generate_sequences/min:1.7654408370144665 - timing_s/agent_loop/generate_sequences/max:25.308975647989428 - timing_s/agent_loop/generate_sequences/mean:12.467009712748032 - timing_s/agent_loop/tool_calls/min:0.0 - timing_s/agent_loop/tool_calls/max:0.0 - timing_s/agent_loop/tool_calls/mean:0.0 - timing_s/agent_loop/slowest/generate_sequences:25.308975647989428 -[36m(TaskRunner pid=18406)[0m Training Progress:  44%|████▍     | 18/41 [47:17<57:13, 149.28s/it]  
[36m(TaskRunner pid=18406)[0m Training Progress:  46%|████▋     | 19/41 [50:01<56:23, 153.78s/it]
 timing_s/agent_loop/slowest/tool_calls:0.0 - timing_s/agent_loop/slowest/prompt_length:326 - timing_s/agent_loop/slowest/response_length:1024 - timing_s/gen:32.91958829801297 - timing_s/adv:12.841195585002424 - timing_s/update_actor:91.18348526902264 - timing_s/dump_rollout_generations:0.29064489001757465 - timing_s/step:137.3478297900001 - timing_s/stop_profile:2.6246008928865194e-05 - timing_per_token_ms/update_actor:0.28588824908456123 - timing_per_token_ms/adv:0.04026109455147053 - timing_per_token_ms/gen:0.2502172957496957 - perf/total_num_tokens:318948 - perf/time_per_step:137.3478297900001 - perf/throughput:1161.0958851248688
[36m(TaskRunner pid=18406)[0m Dumped generations to /sfs/weka/scratch/nkw3mr/Vision-OPD-OPSA/rollouts/Aha-center-Qwen3.5-4B/19.jsonl
[36m(TaskRunner pid=18406)[0m step:19 - global_seqlen/min:176881 - global_seqlen/max:195553 - global_seqlen/minmax_diff:18672 - global_seqlen/balanced_min:186214 - global_seqlen/balanced_max:186220 - global_seqlen/mean:186217.0 - self_distillation/teacher_always_on_fraction:1.0 - self_distillation/teacher_image_swap_fraction:1.0 - self_distillation/policy_fallback_fraction:0.0 - self_distillation/grpo_fallback_count:0.0 - rollout_corr/rollout_is_mean:1.0 - rollout_corr/rollout_is_ratio_fraction_high:0.0 - rollout_corr/rollout_is_ratio_fraction_low:0.0 - rollout_corr/rollout_is_max:1.0 - rollout_corr/rollout_is_min:1.0 - rollout_corr/rollout_is_std:0.0 - rollout_corr/rollout_is_eff_sample_size:1.0 - rollout_corr/rollout_is_seq_mean:1.0 - rollout_corr/rollout_is_seq_std:0.0 - rollout_corr/rollout_is_seq_max:1.0 - rollout_corr/rollout_is_seq_min:1.0 - rollout_corr/rollout_is_seq_max_deviation:0.0 - rollout_corr/rollout_is_seq_fraction_high:0.0 - rollout_corr/rollout_is_seq_fraction_low:0.0 - rollout_corr/training_ppl:5.041370658313527 - rollout_corr/training_log_ppl:1.41444730758667 - rollout_corr/kl:0.2348068205311018 - rollout_corr/k3_kl:0.23129536836024595 - rollout_corr/rollout_ppl:3.7625024494002846 - rollout_corr/rollout_log_ppl:1.1627059438649345 - rollout_corr/log_ppl_diff:0.25174136306433115 - rollout_corr/log_ppl_abs_diff:0.2573929864036686 - rollout_corr/log_ppl_diff_max:1.3159682750701904 - rollout_corr/log_ppl_diff_min:-0.9621508121490479 - rollout_corr/ppl_ratio:1.3186392521156984 - rollout_corr/chi2_token:19.7185298362199 - rollout_corr/chi2_seq:7.79285135514596 - actor/pg_loss:0.19738825449409583 - actor/kl_loss:0.0 - actor/grpo_loss:0.0 - actor/vopd_loss:0.19738825449409583 - actor/vopd_loss_weighted:0.19738825449409583 - actor/policy_fallback_fraction:0.0 - aha/u_mean:-0.12058124484439545 - aha/u_neg_valley_frac:0.5221618093988475 - aha/floor_clamped_frac:0.0 - aha/q_tail_mass:0.006676417751484276 - aha/u_centered_mean:-0.2227756681249422 - aha/u_centered_absmean:0.6135262759292827 - aha/u_centered_wmean:-1.2304547564669008e-09 - aha/argmax_conf:0.674170196056366 - self_distillation/raw_jsd_token_mean:0.19978060748647242 - self_distillation/weighted_jsd_token_mean:0.19978060748647242 - self_distillation/self_distillation_mask.mean():1.0 - self_distillation/num_distill_tokens:2060.6176470588234 - self_distillation/empty_target_batch:0.0 - actor/grad_norm:1.1364489793777466 - timing_s/update_actor/student_forward:16.967480621911818 - timing_s/update_actor/teacher_forward:21.709427946945652 - timing_s/update_actor/teacher_full_forward:0.0 - timing_s/update_actor/teacher_null_forward:21.745931283949176 - timing_s/update_actor/loss_compute:0.02027334098238498 - timing_s/update_actor/backward:39.17500824001036 - timing_s/update_actor/optimizer_step:0.08607696701074019 - timing_s/update_actor/teacher_ema_update:3.957501030527055e-05 - perf/mfu/actor:0.0 - perf/max_memory_allocated_gb:120.86376428604126 - perf/max_memory_reserved_gb:138.150390625 - perf/cpu_memory_used_gb:346.87458419799805 - actor/lr:2e-06 - training/global_step:19 - training/epoch:0 - response_length/mean:182.4505157470703 - response_length/max:1024.0 - response_length/min:2.0 - response_length/clip_ratio:0.0078125 - response_length_non_aborted/mean:182.4505157470703 - response_length_non_aborted/max:1024.0 - response_length_non_aborted/min:2.0 - response_length_non_aborted/clip_ratio:0.0078125 - response/aborted_ratio:0.0 - prompt_length/mean:302.4895935058594 - prompt_length/max:3328.0 - prompt_length/min:125.0 - prompt_length/clip_ratio:0.0 - num_turns/min:2 - num_turns/max:2 - num_turns/mean:2.0 - timing_s/start_profile:4.125598934479058e-05 - timing_s/agent_loop/generate_sequences/min:1.3888890750240535 - timing_s/agent_loop/generate_sequences/max:27.076034859986976 - timing_s/agent_loop/generate_sequences/mean:14.02283062730487 - timing_s/agent_loop/tool_calls/min:0.0 - timing_s/agent_loop/tool_calls/max:0.0 - timing_s/agent_loop/tool_calls/mean:0.0 - timing_s/agent_loop/slowest/generate_sequences:27.076034859986976 - timing_s/agent_loop/slowest/tool_calls:0.0 - timing_s/agent_loop/slowest/prompt_length:223 - timing_s/agent_loop/slowest/response_length:1024 - timing_s/gen:34.383378541999264 - timing_s/adv:15.556211471004644 - timing_s/update_actor:113.88186064298498 - timing_s/dump_rollout_generations:0.2852530459931586 - timing_s/step:164.21732597000664 - timing_s/stop_profile:2.3992994101718068e-05 - timing_per_token_ms/update_actor:0.30577729381040664 - timing_per_token_ms/adv:0.04176904222225856 - timing_per_token_ms/gen:0.24538172836527644 - perf/total_num_tokens:372434 - perf/time_per_step:164.21732597000664 - perf/throughput:1133.9668265820592
[36m(TaskRunner pid=18406)[0m Dumped generations to /sfs/weka/scratch/nkw3mr/Vision-OPD-OPSA/rollouts/Aha-center-Qwen3.5-4B/20.jsonl
[36m(TaskRunner pid=18406)[0m local_global_step_folder: /sfs/weka/scratch/nkw3mr/Vision-OPD-OPSA/checkpoints/Aha-center-Qwen3.5-4B/global_step_20
[36m(TaskRunner pid=18406)[0m step:20 - global_seqlen/min:166813 - global_seqlen/max:207993 - global_seqlen/minmax_diff:41180 - global_seqlen/balanced_min:187395 - global_seqlen/balanced_max:187411 - global_seqlen/mean:187403.0 - self_distillation/teacher_always_on_fraction:1.0 - self_distillation/teacher_image_swap_fraction:1.0 - self_distillation/policy_fallback_fraction:0.0 - self_distillation/grpo_fallback_count:0.0 - rollout_corr/rollout_is_mean:1.0 - rollout_corr/rollout_is_ratio_fraction_high:0.0 - rollout_corr/rollout_is_ratio_fraction_low:0.0 - rollout_corr/rollout_is_max:1.0 - rollout_corr/rollout_is_min:1.0 - rollout_corr/rollout_is_std:0.0 - rollout_corr/rollout_is_eff_sample_size:1.0 - rollout_corr/rollout_is_seq_mean:1.0 - rollout_corr/rollout_is_seq_std:0.0 - rollout_corr/rollout_is_seq_max:1.0 - rollout_corr/rollout_is_seq_min:1.0 - rollout_corr/rollout_is_seq_max_deviation:0.0 - rollout_corr/rollout_is_seq_fraction_high:0.0 - rollout_corr/rollout_is_seq_fraction_low:0.0 - rollout_corr/training_ppl:5.773667212794809 - rollout_corr/training_log_ppl:1.4086705288466286 - rollout_corr/kl:0.23337610164547667 - rollout_corr/k3_kl:0.2279100868412677 - rollout_corr/rollout_ppl:3.837707652765162 - rollout_corr/rollout_log_ppl:1.1520422819782707 - rollout_corr/log_ppl_diff:0.2566282477448968 - rollout_corr/log_ppl_abs_diff:0.25849590373828135 - rollout_corr/log_ppl_diff_max:1.6301779747009277 - rollout_corr/log_ppl_diff_min:-0.3035687208175659 - rollout_corr/ppl_ratio:1.3302684145815231 - rollout_corr/chi2_token:2.701421739423976 - rollout_corr/chi2_seq:-0.31052472836831035 - actor/pg_loss:0.22454257243468118 - actor/kl_loss:0.0 - actor/grpo_loss:0.0 - actor/vopd_loss:0.22454257243468118 - actor/vopd_loss_weighted:0.22454257243468118 - actor/policy_fallback_fraction:0.0 - aha/u_mean:-0.1436547099831788 - aha/u_neg_valley_frac:0.5203107126495418 - aha/floor_clamped_frac:0.0 - aha/q_tail_mass:0.006324803812758011 - aha/u_centered_mean:-0.2598710727384862 - aha/u_centered_absmean:0.6870827210300109 - aha/u_centered_wmean:-1.4350350787166864e-09 - aha/argmax_conf:0.6760388016700745 - self_distillation/raw_jsd_token_mean:0.22960362824447014 - self_distillation/weighted_jsd_token_mean:0.22960362824447014 - self_distillation/self_distillation_mask.mean():1.0 - self_distillation/num_distill_tokens:2035.0294117647059 - self_distillation/empty_target_batch:0.0 - actor/grad_norm:1.0910654067993164 - timing_s/update_actor/student_forward:17.39101646808558 - timing_s/update_actor/teacher_forward:21.46998158993665 - timing_s/update_actor/teacher_full_forward:0.0 - timing_s/update_actor/teacher_null_forward:21.654410350049147 - timing_s/update_actor/loss_compute:0.020112874917685986 - timing_s/update_actor/backward:39.07747752708383 - timing_s/update_actor/optimizer_step:0.08745841099880636 - timing_s/update_actor/teacher_ema_update:4.916702164337039e-05 - perf/mfu/actor:0.0 - perf/max_memory_allocated_gb:120.86376428604126 - perf/max_memory_reserved_gb:138.150390625 - perf/cpu_memory_used_gb:349.29212951660156 - actor/lr:2e-06 - training/global_step:20 - training/epoch:0 - response_length/mean:180.1848907470703 - response_length/max:1024.0 - response_length/min:2.0 - response_length/clip_ratio:0.0052083334885537624 - response_length_non_aborted/mean:180.1848907470703 - response_length_non_aborted/max:1024.0 - response_length_non_aborted/min:2.0 - response_length_non_aborted/clip_ratio:0.0052083334885537624 - response/aborted_ratio:0.0 - prompt_length/mean:307.84375 - prompt_length/max:3326.0 - prompt_length/min:131.0 - prompt_length/clip_ratio:0.0 - num_turns/min:2 - num_turns/max:2 - num_turns/mean:2.0 - timing_s/start_profile:2.7597998268902302e-05 - timing_s/agent_loop/generate_sequences/min:1.9923152189876419 - timing_s/agent_loop/generate_sequences/max:27.289648445992498 - timing_s/agent_loop/generate_sequences/mean:13.672787260697683 - timing_s/agent_loop/tool_calls/min:0.0 - timing_s/agent_loop/tool_calls/max:0.0 - timing_s/agent_loop/tool_calls/mean:0.0 - timing_s/agent_loop/slowest/generate_sequences:27.28964844599249[36m(TaskRunner pid=18406)[0m Training Progress:  49%|████▉     | 20/41 [53:10<57:27, 164.15s/it]
[36m(WorkerDict pid=54076)[0m /sfs/weka/scratch/nkw3mr/Vision-OPD-OPSA/verl/utils/device.py:134: FutureWarning: torch.cuda._set_allocator_settings is deprecated. Use torch._C._accelerator_setAllocatorSettings instead.
[36m(WorkerDict pid=54076)[0m   torch.cuda.memory._set_allocator_settings(f"expandable_segments:{enable}")
[36m(TaskRunner pid=18406)[0m Training Progress:  51%|█████     | 21/41 [55:35<52:50, 158.53s/it]
[36m(WorkerDict pid=54090)[0m /sfs/weka/scratch/nkw3mr/Vision-OPD-OPSA/verl/utils/device.py:134: FutureWarning: torch.cuda._set_allocator_settings is deprecated. Use torch._C._accelerator_setAllocatorSettings instead.
[36m(WorkerDict pid=54090)[0m   torch.cuda.memory._set_allocator_settings(f"expandable_segments:{enable}")
8 - timing_s/agent_loop/slowest/tool_calls:0.0 - timing_s/agent_loop/slowest/prompt_length:287 - timing_s/agent_loop/slowest/response_length:1024 - timing_s/gen:34.40713106500334 - timing_s/adv:16.03360058600083 - timing_s/update_actor:116.35368182900129 - timing_s/dump_rollout_generations:0.2898377279925626 - timing_s/step:167.1993392079894 - timing_s/save_checkpoint:21.037469436007086 - timing_s/stop_profile:3.260502126067877e-05 - timing_per_token_ms/update_actor:0.31043708432896294 - timing_per_token_ms/adv:0.042778398921044035 - timing_per_token_ms/gen:0.24863877574397927 - perf/total_num_tokens:374806 - perf/time_per_step:167.1993392079894 - perf/throughput:1120.835769373933
[36m(TaskRunner pid=18406)[0m Dumped generations to /sfs/weka/scratch/nkw3mr/Vision-OPD-OPSA/rollouts/Aha-center-Qwen3.5-4B/21.jsonl
[36m(TaskRunner pid=18406)[0m step:21 - global_seqlen/min:170450 - global_seqlen/max:172931 - global_seqlen/minmax_diff:2481 - global_seqlen/balanced_min:171690 - global_seqlen/balanced_max:171691 - global_seqlen/mean:171690.5 - self_distillation/teacher_always_on_fraction:1.0 - self_distillation/teacher_image_swap_fraction:1.0 - self_distillation/policy_fallback_fraction:0.0 - self_distillation/grpo_fallback_count:0.0 - rollout_corr/rollout_is_mean:1.0 - rollout_corr/rollout_is_ratio_fraction_high:0.0 - rollout_corr/rollout_is_ratio_fraction_low:0.0 - rollout_corr/rollout_is_max:1.0 - rollout_corr/rollout_is_min:1.0 - rollout_corr/rollout_is_std:0.0 - rollout_corr/rollout_is_eff_sample_size:1.0 - rollout_corr/rollout_is_seq_mean:1.0 - rollout_corr/rollout_is_seq_std:0.0 - rollout_corr/rollout_is_seq_max:1.0 - rollout_corr/rollout_is_seq_min:1.0 - rollout_corr/rollout_is_seq_max_deviation:0.0 - rollout_corr/rollout_is_seq_fraction_high:0.0 - rollout_corr/rollout_is_seq_fraction_low:0.0 - rollout_corr/training_ppl:5.776501940142724 - rollout_corr/training_log_ppl:1.5037118119578208 - rollout_corr/kl:0.2919178927137006 - rollout_corr/k3_kl:0.2867792642885639 - rollout_corr/rollout_ppl:3.8357727604527625 - rollout_corr/rollout_log_ppl:1.1820307566273596 - rollout_corr/log_ppl_diff:0.3216810623003591 - rollout_corr/log_ppl_abs_diff:0.32429563254117966 - rollout_corr/log_ppl_diff_max:2.604231357574463 - rollout_corr/log_ppl_diff_min:-0.34948158264160156 - rollout_corr/ppl_ratio:1.4401752621896806 - rollout_corr/chi2_token:11.096636260709456 - rollout_corr/chi2_seq:42.87497479300345 - actor/pg_loss:0.21487354727772376 - actor/kl_loss:0.0 - actor/grpo_loss:0.0 - actor/vopd_loss:0.21487354727772376 - actor/vopd_loss_weighted:0.21487354727772376 - actor/policy_fallback_fraction:0.0 - aha/u_mean:-0.12780383767770423 - aha/u_neg_valley_frac:0.5328751393864232 - aha/floor_clamped_frac:0.0 - aha/q_tail_mass:0.0058236694218771114 - aha/u_centered_mean:-0.2632506290270436 - aha/u_centered_absmean:0.6780824988119064 - aha/u_centered_wmean:-2.28570114806585e-09 - aha/argmax_conf:0.6846035122871399 - self_distillation/raw_jsd_token_mean:0.21428668643197707 - self_distillation/weighted_jsd_token_mean:0.21428668643197707 - self_distillation/self_distillation_mask.mean():1.0 - self_distillation/num_distill_tokens:2427.564516129032 - self_distillation/empty_target_batch:0.0 - actor/grad_norm:0.5654423236846924 - timing_s/update_actor/student_forward:15.282748647034168 - timing_s/update_actor/teacher_forward:19.171010834921617 - timing_s/update_actor/teacher_full_forward:0.0 - timing_s/update_actor/teacher_null_forward:18.884803560067667 - timing_s/update_actor/loss_compute:0.018447743903379887 - timing_s/update_actor/backward:33.04903459511115 - timing_s/update_actor/optimizer_step:0.08730804998776875 - timing_s/update_actor/teacher_ema_update:4.9318012315779924e-05 - perf/mfu/actor:0.0 - perf/max_memory_allocated_gb:120.86376428604126 - perf/max_memory_reserved_gb:138.150390625 - perf/cpu_memory_used_gb:344.31566619873047 - actor/lr:2e-06 - training/global_step:21 - training/epoch:0 - response_length/mean:195.9752655029297 - response_length/max:1024.0 - response_length/min:2.0 - response_length/clip_ratio:0.009114583022892475 - response_length_non_aborted/mean:195.9752655029297 - response_length_non_aborted/max:1024.0 - response_length_non_aborted/min:2.0 - response_length_non_aborted/clip_ratio:0.009114583022892475 - response/aborted_ratio:0.0 - prompt_length/mean:251.1354217529297 - prompt_length/max:498.0 - prompt_length/min:150.0 - prompt_length/clip_ratio:0.0 - num_turns/min:2 - num_turns/max:2 - num_turns/mean:2.0 - timing_s/start_profile:4.308897769078612e-05 - timing_s/agent_loop/generate_sequences/min:1.6248782030015718 - timing_s/agent_loop/generate_sequences/max:27.196740245010005 - timing_s/agent_loop/generate_sequences/mean:14.17559394734504 - timing_s/agent_loop/tool_calls/min:0.0 - timing_s/agent_loop/tool_calls/max:0.0 - timing_s/agent_loop/tool_calls/mean:0.0 - timing_s/agent_loop/slowest/generate_sequences:27.196740245010005 - timing_s/agent_loop/slowest/tool_calls:0.0 - timing_s/agent_loop/slowest/prompt_length:333 - timing_s/agent_loop/slowest/response_length:1024 - timing_s/gen:33.9639701230044 - timing_s/adv:13.603518888994586 - timing_s/update_actor:97.39419660900603 - timing_s/dump_rollout_generations:0.28923798000323586 - timing_s/step:145.35617584001739 - timing_s/stop_profile:2.4464010493829846e-05 - timing_per_token_ms/update_actor:0.28363303912856574 - timing_per_token_ms/adv:0.039616399535776836 - timing_per_token_ms/gen:0.2256607254250869 - perf/total_num_tokens:343381 - perf/time_per_step:145.35617584001739 - perf/throughput:1181.171002936723
[36m(TaskRunner pid=18406)[0m Dumped generations to /sfs/weka/scratch/nkw3mr/Vision-OPD-OPSA/rollouts/Aha-center-Qwen3.5-4B/22.jsonl
[36m(TaskRunner pid=18406)[0m step:22 - global_seqlen/min:182091 - global_seqlen/max:260059 - global_seqlen/minmax_diff:77968 - global_seqlen/balanced_min:221071 - global_seqlen/balanced_max:221079 - global_seqlen/mean:221075.0 - self_distillation/teacher_always_on_fraction:1.0 - self_distillation/teacher_image_swap_fraction:1.0 - self_distillation/policy_fallback_fraction:0.0 - self_distillation/grpo_fallback_count:0.0 - rollout_corr/rollout_is_mean:1.0 - rollout_corr/rollout_is_ratio_fraction_high:0.0 - rollout_corr/rollout_is_ratio_fraction_low:0.0 - rollout_corr/rollout_is_max:1.0 - rollout_corr/rollout_is_min:1.0 - rollout_corr/rollout_is_std:0.0 - rollout_corr/rollout_is_eff_sample_size:1.0 - rollout_corr/rollout_is_seq_mean:1.0 - rollout_corr/rollout_is_seq_std:0.0 - rollout_corr/rollout_is_seq_max:1.0 - rollout_corr/rollout_is_seq_min:1.0 - rollout_corr/rollout_is_seq_max_deviation:0.0 - rollout_corr/rollout_is_seq_fraction_high:0.0 - rollout_corr/rollout_is_seq_fraction_low:0.0 - rollout_corr/training_ppl:5.311870265007019 - rollout_corr/training_log_ppl:1.479445119202137 - rollout_corr/kl:0.2615809254348278 - rollout_corr/k3_kl:0.24070510175079107 - rollout_corr/rollout_ppl:3.828014218807221 - rollout_corr/rollout_log_ppl:1.1934879645705223 - rollout_corr/log_ppl_diff:0.2859571659937501 - rollout_corr/log_ppl_abs_diff:0.29014380648732185 - rollout_corr/log_ppl_diff_max:1.666245698928833 - rollout_corr/log_ppl_diff_min:-1.6003022193908691 - rollout_corr/ppl_ratio:1.3815834268927574 - rollout_corr/chi2_token:3.5531198561191557 - rollout_corr/chi2_seq:-0.1654499128460884 - actor/pg_loss:0.20115548626442128 - actor/kl_loss:0.0 - actor/grpo_loss:0.0 - actor/vopd_loss:0.20115548626442128 - actor/vopd_loss_weighted:0.20115548626442128 - actor/policy_fallback_fraction:0.0 - aha/u_mean:-0.1481636598648038 - aha/u_neg_valley_frac:0.5258359659463168 - aha/floor_clamped_frac:0.0 - aha/q_tail_mass:0.005683637270703912 - aha/u_centered_mean:-0.24243842400610446 - aha/u_centered_absmean:0.6442731834948063 - aha/u_centered_wmean:-2.1052800558418737e-09 - aha/argmax_conf:0.7039081454277039 - self_distillation/raw_jsd_token_mean:0.20530083924531936 - self_distillation/weighted_jsd_token_mean:0.20530083924531936 - self_distillation/self_distillation_mask.mean():1.0 - self_distillation/num_distill_tokens:2000.875 - self_distillation/empty_target_batch:0.0 - actor/grad_norm:0.7413721084594727 - timing_s/update_actor/student_forward:22.456696862122044 - timing_s/update_actor/teacher_forward:26.388117775059072 - timing_s/update_actor/teacher_full_forward:0.0 - timing_s/update_actor/teacher_null_forward:25.948121062014252 - timing_s/update_actor/loss_compute:0.023733480978989974 - timing_s/update_actor/backward:48.09775099591934 - timing_s/update_actor/optimizer_step:0.08616942699882202 - timing_s/update_actor/teacher_ema_update:4.092601011507213e-05 - perf/mfu/actor:0.0 - perf/max_memory_allocated_gb:120.86376428604126 - perf/max_memory_reserved_gb:138.150390625 - perf/cpu_memory_used_gb:356.3527374267578 - actor/lr:2e-06 - training/global_step:22 - training/epoch:0 - response_length/mean:208.4244842529297 - response_length/max:1024.0 - response_length/min:2.0 - response_length/clip_ratio:0.02083333395421505 - response_length_non_aborted/mean:208.4244842529297 - response_length_non_aborted/max:1024.0 - response_length_non_aborted/min:2.0 - response_length_non_aborted/clip_ratio:0.02083333395421505 - response/aborted_ratio:0.0 - prompt_length/mean:367.2916564941406 - prompt_length/max:3332.0 - prompt_length/min:122.0 - prompt_length/clip_ratio:0.0 - num_turns/min:2 - num_turns/max:2 - num_turns/mean:2.0 - timing_s/start_profile:2.525397576391697e-05 - timing_s/agent_loop/generate_sequences/min:2.4527068030147348 - timing_s/agent_loop/generate_sequences/max:30.278730931022437 - timing_s/agent_loop/generate_sequences/mean:15.932474000160369 - timing_s/agent_loop/tool_calls/min:0.0 - timing_s/agent_loop/tool_calls/max:0.0 - timing_s/agent_loop/tool_calls/mean:0.0 - timing_s/agent_loop/slowest/generate_sequences:30.278730931022437 - tim[36m(TaskRunner pid=18406)[0m Training Progress:  54%|█████▎    | 22/41 [58:57<54:20, 171.63s/it]
[36m(TaskRunner pid=18406)[0m Training Progress:  56%|█████▌    | 23/41 [1:01:24<49:18, 164.34s/it]
ing_s/agent_loop/slowest/tool_calls:0.0 - timing_s/agent_loop/slowest/prompt_length:234 - timing_s/agent_loop/slowest/response_length:1024 - timing_s/gen:38.2201913530007 - timing_s/adv:19.044742876983946 - timing_s/update_actor:144.39707954099867 - timing_s/dump_rollout_generations:0.3251187559799291 - timing_s/step:202.09244463199866 - timing_s/stop_profile:3.188400296494365e-05 - timing_per_token_ms/update_actor:0.32657939509442196 - timing_per_token_ms/adv:0.04307303602167578 - timing_per_token_ms/gen:0.2387717333229256 - perf/total_num_tokens:442150 - perf/time_per_step:202.09244463199866 - perf/throughput:1093.9300595950913
[36m(TaskRunner pid=18406)[0m Dumped generations to /sfs/weka/scratch/nkw3mr/Vision-OPD-OPSA/rollouts/Aha-center-Qwen3.5-4B/23.jsonl
[36m(TaskRunner pid=18406)[0m step:23 - global_seqlen/min:163035 - global_seqlen/max:182500 - global_seqlen/minmax_diff:19465 - global_seqlen/balanced_min:172767 - global_seqlen/balanced_max:172768 - global_seqlen/mean:172767.5 - self_distillation/teacher_always_on_fraction:1.0 - self_distillation/teacher_image_swap_fraction:1.0 - self_distillation/policy_fallback_fraction:0.0 - self_distillation/grpo_fallback_count:0.0 - rollout_corr/rollout_is_mean:1.0 - rollout_corr/rollout_is_ratio_fraction_high:0.0 - rollout_corr/rollout_is_ratio_fraction_low:0.0 - rollout_corr/rollout_is_max:1.0 - rollout_corr/rollout_is_min:1.0 - rollout_corr/rollout_is_std:0.0 - rollout_corr/rollout_is_eff_sample_size:1.0 - rollout_corr/rollout_is_seq_mean:1.0 - rollout_corr/rollout_is_seq_std:0.0 - rollout_corr/rollout_is_seq_max:1.0 - rollout_corr/rollout_is_seq_min:1.0 - rollout_corr/rollout_is_seq_max_deviation:0.0 - rollout_corr/rollout_is_seq_fraction_high:0.0 - rollout_corr/rollout_is_seq_fraction_low:0.0 - rollout_corr/training_ppl:6.9120304353775515 - rollout_corr/training_log_ppl:1.588046166204637 - rollout_corr/kl:0.32968564307497394 - rollout_corr/k3_kl:0.31843320039972184 - rollout_corr/rollout_ppl:4.078846958375746 - rollout_corr/rollout_log_ppl:1.2281508176557479 - rollout_corr/log_ppl_diff:0.3598953382142128 - rollout_corr/log_ppl_abs_diff:0.36025792504510573 - rollout_corr/log_ppl_diff_max:1.7207019329071045 - rollout_corr/log_ppl_diff_min:-0.029677867889404297 - rollout_corr/ppl_ratio:1.5000251262418685 - rollout_corr/chi2_token:6.8452514986838064 - rollout_corr/chi2_seq:-0.8949091328728583 - actor/pg_loss:0.19564311759313568 - actor/kl_loss:0.0 - actor/grpo_loss:0.0 - actor/vopd_loss:0.19564311759313568 - actor/vopd_loss_weighted:0.19564311759313568 - actor/policy_fallback_fraction:0.0 - aha/u_mean:-0.1253876611890812 - aha/u_neg_valley_frac:0.5265553444623947 - aha/floor_clamped_frac:0.0 - aha/q_tail_mass:0.005781677401354236 - aha/u_centered_mean:-0.23058986279272264 - aha/u_centered_absmean:0.6161990098414882 - aha/u_centered_wmean:-2.03315156981748e-09 - aha/argmax_conf:0.7068000435829163 - self_distillation/raw_jsd_token_mean:0.19533742844097077 - self_distillation/weighted_jsd_token_mean:0.19533742844097077 - self_distillation/self_distillation_mask.mean():1.0 - self_distillation/num_distill_tokens:2405.532258064516 - self_distillation/empty_target_batch:0.0 - actor/grad_norm:0.7706189751625061 - timing_s/update_actor/student_forward:14.803953388967784 - timing_s/update_actor/teacher_forward:19.32890418707393 - timing_s/update_actor/teacher_full_forward:0.0 - timing_s/update_actor/teacher_null_forward:18.95818554991274 - timing_s/update_actor/loss_compute:0.018410681950626895 - timing_s/update_actor/backward:33.637775947048794 - timing_s/update_actor/optimizer_step:0.08588593499734998 - timing_s/update_actor/teacher_ema_update:4.582299152389169e-05 - perf/mfu/actor:0.0 - perf/max_memory_allocated_gb:120.86376428604126 - perf/max_memory_reserved_gb:138.150390625 - perf/cpu_memory_used_gb:348.2804260253906 - actor/lr:2e-06 - training/global_step:23 - training/epoch:0 - response_length/mean:194.1966094970703 - response_length/max:1024.0 - response_length/min:3.0 - response_length/clip_ratio:0.0052083334885537624 - response_length_non_aborted/mean:194.1966094970703 - response_length_non_aborted/max:1024.0 - response_length_non_aborted/min:3.0 - response_length_non_aborted/clip_ratio:0.0052083334885537624 - response/aborted_ratio:0.0 - prompt_length/mean:255.71875 - prompt_length/max:791.0 - prompt_length/min:135.0 - prompt_length/clip_ratio:0.0 - num_turns/min:2 - num_turns/max:2 - num_turns/mean:2.0 - timing_s/start_profile:3.9763981476426125e-05 - timing_s/agent_loop/generate_sequences/min:1.347421545011457 - timing_s/agent_loop/generate_sequences/max:27.172729716985486 - timing_s/agent_loop/generate_sequences/mean:14.298712581703967 - timing_s/agent_loop/tool_calls/min:0.0 - timing_s/agent_loop/tool_calls/max:0.0 - timing_s/agent_loop/tool_calls/mean:0.0 - timing_s/agent_loop/slowest/generate_sequences:27.172729716985486 - timing_s/agent_loop/slowest/tool_calls:0.0 - timing_s/agent_loop/slowest/prompt_length:183 - timing_s/agent_loop/slowest/response_length:1024 - timing_s/gen:34.83403771597659 - timing_s/adv:13.797990828985348 - timing_s/update_actor:98.24410713798716 - timing_s/dump_rollout_generations:0.2945511289872229 - timing_s/step:147.2778284100059 - timing_s/stop_profile:2.3711996618658304e-05 - timing_per_token_ms/update_actor:0.2843246187448078 - timing_per_token_ms/adv:0.03993225238828295 - timing_per_token_ms/gen:0.23356133184914205 - perf/total_num_tokens:345535 - perf/time_per_step:147.2778284100059 - perf/throughput:1173.0720222125597
[36m(TaskRunner pid=18406)[0m Dumped generations to /sfs/weka/scratch/nkw3mr/Vision-OPD-OPSA/rollouts/Aha-center-Qwen3.5-4B/24.jsonl
[36m(TaskRunner pid=18406)[0m step:24 - global_seqlen/min:182704 - global_seqlen/max:205686 - global_seqlen/minmax_diff:22982 - global_seqlen/balanced_min:194179 - global_seqlen/balanced_max:194211 - global_seqlen/mean:194195.0 - self_distillation/teacher_always_on_fraction:1.0 - self_distillation/teacher_image_swap_fraction:1.0 - self_distillation/policy_fallback_fraction:0.0 - self_distillation/grpo_fallback_count:0.0 - rollout_corr/rollout_is_mean:1.0 - rollout_corr/rollout_is_ratio_fraction_high:0.0 - rollout_corr/rollout_is_ratio_fraction_low:0.0 - rollout_corr/rollout_is_max:1.0 - rollout_corr/rollout_is_min:1.0 - rollout_corr/rollout_is_std:0.0 - rollout_corr/rollout_is_eff_sample_size:1.0 - rollout_corr/rollout_is_seq_mean:1.0 - rollout_corr/rollout_is_seq_std:0.0 - rollout_corr/rollout_is_seq_max:1.0 - rollout_corr/rollout_is_seq_min:1.0 - rollout_corr/rollout_is_seq_max_deviation:0.0 - rollout_corr/rollout_is_seq_fraction_high:0.0 - rollout_corr/rollout_is_seq_fraction_low:0.0 - rollout_corr/training_ppl:6.667765539033073 - rollout_corr/training_log_ppl:1.5582192148481098 - rollout_corr/kl:0.27512484735676224 - rollout_corr/k3_kl:0.2547415594969477 - rollout_corr/rollout_ppl:4.080837024961199 - rollout_corr/rollout_log_ppl:1.24678333571979 - rollout_corr/log_ppl_diff:0.3114358831729208 - rollout_corr/log_ppl_abs_diff:0.3124901731099401 - rollout_corr/log_ppl_diff_max:1.7591781616210938 - rollout_corr/log_ppl_diff_min:-0.25696802139282227 - rollout_corr/ppl_ratio:1.4223744443484714 - rollout_corr/chi2_token:3.0503691196441647 - rollout_corr/chi2_seq:-0.8526210325104849 - actor/pg_loss:0.20287821309951445 - actor/kl_loss:0.0 - actor/grpo_loss:0.0 - actor/vopd_loss:0.20287821309951445 - actor/vopd_loss_weighted:0.20287821309951445 - actor/policy_fallback_fraction:0.0 - aha/u_mean:-0.13521584315395946 - aha/u_neg_valley_frac:0.5325768253632954 - aha/floor_clamped_frac:0.0 - aha/q_tail_mass:0.0057356703727106965 - aha/u_centered_mean:-0.2587447830608913 - aha/u_centered_absmean:0.6616367391177587 - aha/u_centered_wmean:-2.5222996522760484e-09 - aha/argmax_conf:0.6763961911201477 - self_distillation/raw_jsd_token_mean:0.20379751707826343 - self_distillation/weighted_jsd_token_mean:0.20379751707826343 - self_distillation/self_distillation_mask.mean():1.0 - self_distillation/num_distill_tokens:2444.5428571428574 - self_distillation/empty_target_batch:0.0 - actor/grad_norm:0.5775631070137024 - timing_s/update_actor/student_forward:16.333491365192458 - timing_s/update_actor/teacher_forward:22.33924258715706 - timing_s/update_actor/teacher_full_forward:0.0 - timing_s/update_actor/teacher_null_forward:22.516426291927928 - timing_s/update_actor/loss_compute:0.020723989000543952 - timing_s/update_actor/backward:39.44573784706881 - timing_s/update_actor/optimizer_step:0.08648387697758153 - timing_s/update_actor/teacher_ema_update:4.679500125348568e-05 - perf/mfu/actor:0.0 - perf/max_memory_allocated_gb:120.86376428604126 - perf/max_memory_reserved_gb:138.150390625 - perf/cpu_memory_used_gb:348.37294006347656 - actor/lr:2e-06 - training/global_step:24 - training/epoch:0 - response_length/mean:222.8098907470703 - response_length/max:1024.0 - response_length/min:5.0 - response_length/clip_ratio:0.0065104165114462376 - response_length_non_aborted/mean:222.8098907470703 - response_length_non_aborted/max:1024.0 - response_length_non_aborted/min:5.0 - response_length_non_aborted/clip_ratio:0.0065104165114462376 - response/aborted_ratio:0.0 - prompt_length/mean:282.90625 - prompt_length/max:3329.0 - prompt_length/min:119.0 - prompt_length/clip_ratio:0.0 - num_turns/min:2 - num_turns/max:2 - num_turns/mean:2.0 - timing_s/start_profile:3.076298162341118e-05 - timing_s/agent_loop/generate_sequences/min:2.3414993259939365 - timing_s/agent_loop/generate_sequences/max:30.05823104499723 - timing_s/agent_loop/generate_sequences/mean:15.541669571184721 - timing_s/agent_loop/tool_calls/min:0.0 - timing_s/agent_loop/tool_calls/max:0.0 - timing_s/agent_loop/tool_calls/mean:0.0 - timing_s/agent_loop/slowest/generate_sequences:30.05823104499723 [36m(TaskRunner pid=18406)[0m Training Progress:  59%|█████▊    | 24/41 [1:04:10<46:39, 164.70s/it]
[36m(TaskRunner pid=18406)[0m Training Progress:  61%|██████    | 25/41 [1:07:07<44:55, 168.44s/it]
[36m(WorkerDict pid=54076)[0m /sfs/weka/scratch/nkw3mr/Vision-OPD-OPSA/verl/utils/device.py:134: FutureWarning: torch.cuda._set_allocator_settings is deprecated. Use torch._C._accelerator_setAllocatorSettings instead.
[36m(WorkerDict pid=54076)[0m   torch.cuda.memory._set_allocator_settings(f"expandable_segments:{enable}")
- timing_s/agent_loop/slowest/tool_calls:0.0 - timing_s/agent_loop/slowest/prompt_length:224 - timing_s/agent_loop/slowest/response_length:1024 - timing_s/gen:37.749214638984995 - timing_s/adv:14.453427161002764 - timing_s/update_actor:112.89197919299477 - timing_s/dump_rollout_generations:0.29586634898441844 - timing_s/step:165.49849940100103 - timing_s/stop_profile:2.4132983526214957e-05 - timing_per_token_ms/update_actor:0.2906665444347042 - timing_per_token_ms/adv:0.03721369541183543 - timing_per_token_ms/gen:0.22060341190865365 - perf/total_num_tokens:388390 - perf/time_per_step:165.49849940100103 - perf/throughput:1173.394325041387
[36m(TaskRunner pid=18406)[0m Dumped generations to /sfs/weka/scratch/nkw3mr/Vision-OPD-OPSA/rollouts/Aha-center-Qwen3.5-4B/25.jsonl
[36m(TaskRunner pid=18406)[0m local_global_step_folder: /sfs/weka/scratch/nkw3mr/Vision-OPD-OPSA/checkpoints/Aha-center-Qwen3.5-4B/global_step_25
[36m(TaskRunner pid=18406)[0m step:25 - global_seqlen/min:176136 - global_seqlen/max:191059 - global_seqlen/minmax_diff:14923 - global_seqlen/balanced_min:183597 - global_seqlen/balanced_max:183598 - global_seqlen/mean:183597.5 - self_distillation/teacher_always_on_fraction:1.0 - self_distillation/teacher_image_swap_fraction:1.0 - self_distillation/policy_fallback_fraction:0.0 - self_distillation/grpo_fallback_count:0.0 - rollout_corr/rollout_is_mean:1.0 - rollout_corr/rollout_is_ratio_fraction_high:0.0 - rollout_corr/rollout_is_ratio_fraction_low:0.0 - rollout_corr/rollout_is_max:1.0 - rollout_corr/rollout_is_min:1.0 - rollout_corr/rollout_is_std:0.0 - rollout_corr/rollout_is_eff_sample_size:1.0 - rollout_corr/rollout_is_seq_mean:1.0 - rollout_corr/rollout_is_seq_std:0.0 - rollout_corr/rollout_is_seq_max:1.0 - rollout_corr/rollout_is_seq_min:1.0 - rollout_corr/rollout_is_seq_max_deviation:0.0 - rollout_corr/rollout_is_seq_fraction_high:0.0 - rollout_corr/rollout_is_seq_fraction_low:0.0 - rollout_corr/training_ppl:9.977550051429056 - rollout_corr/training_log_ppl:1.5398180394461662 - rollout_corr/kl:0.2571870294032675 - rollout_corr/k3_kl:0.24919252797509683 - rollout_corr/rollout_ppl:5.378486788634098 - rollout_corr/rollout_log_ppl:1.2455378048347705 - rollout_corr/log_ppl_diff:0.29428023811091075 - rollout_corr/log_ppl_abs_diff:0.3026731088757515 - rollout_corr/log_ppl_diff_max:2.929631471633911 - rollout_corr/log_ppl_diff_min:-1.5875673294067383 - rollout_corr/ppl_ratio:1.410696455926606 - rollout_corr/chi2_token:6.692898611227672 - rollout_corr/chi2_seq:10.418522236925183 - actor/pg_loss:0.20079094825390104 - actor/kl_loss:0.0 - actor/grpo_loss:0.0 - actor/vopd_loss:0.20079094825390104 - actor/vopd_loss_weighted:0.20079094825390104 - actor/policy_fallback_fraction:0.0 - aha/u_mean:-0.12051340699844965 - aha/u_neg_valley_frac:0.5320701143055251 - aha/floor_clamped_frac:0.0 - aha/q_tail_mass:0.005232348039774506 - aha/u_centered_mean:-0.24799877484187935 - aha/u_centered_absmean:0.6505701596086675 - aha/u_centered_wmean:-2.125808422285471e-09 - aha/argmax_conf:0.6801483035087585 - self_distillation/raw_jsd_token_mean:0.2002182693192453 - self_distillation/weighted_jsd_token_mean:0.2002182693192453 - self_distillation/self_distillation_mask.mean():1.0 - self_distillation/num_distill_tokens:2596.893939393939 - self_distillation/empty_target_batch:0.0 - actor/grad_norm:0.6286749839782715 - timing_s/update_actor/student_forward:16.366725678002695 - timing_s/update_actor/teacher_forward:20.628328877006425 - timing_s/update_actor/teacher_full_forward:0.0 - timing_s/update_actor/teacher_null_forward:20.091736300033517 - timing_s/update_actor/loss_compute:0.019558001979021356 - timing_s/update_actor/backward:35.49857518315548 - timing_s/update_actor/optimizer_step:0.08668474201112986 - timing_s/update_actor/teacher_ema_update:4.8385991249233484e-05 - perf/mfu/actor:0.0 - perf/max_memory_allocated_gb:120.86376428604126 - perf/max_memory_reserved_gb:138.150390625 - perf/cpu_memory_used_gb:347.3787422180176 - actor/lr:2e-06 - training/global_step:25 - training/epoch:0 - response_length/mean:223.1705780029297 - response_length/max:1024.0 - response_length/min:2.0 - response_length/clip_ratio:0.01953125 - response_length_non_aborted/mean:223.1705780029297 - response_length_non_aborted/max:1024.0 - response_length_non_aborted/min:2.0 - response_length_non_aborted/clip_ratio:0.01953125 - response/aborted_ratio:0.0 - prompt_length/mean:254.9479217529297 - prompt_length/max:791.0 - prompt_length/min:154.0 - prompt_length/clip_ratio:0.0 - num_turns/min:2 - num_turns/max:2 - num_turns/mean:2.0 - timing_s/start_profile:3.0422001145780087e-05 - timing_s/agent_loop/generate_sequences/min:1.4848155450017657 - timing_s/agent_loop/generate_sequences/max:29.529505574988434 - timing_s/agent_loop/generate_sequences/mean:15.757096350829443 - timing_s/agent_loop/tool_calls/min:0.0 - timing_s/agent_loop/tool_calls/max:0.0 - timing_s/agent_loop/tool_calls/mean:0.0 - timing_s/agent_loop/slowest/generate_sequences:29.529505574988434 - timing_s/agent_loop/slowest/tool_calls:0.0 - timing_s/agent_loop/slowest/prompt_length:435 - timing_s/agent_loop/slowest/response_length:1024 - timing_s/gen:36.70906341500813 - timing_s/adv:14.026317981013563 - timing_s/update_actor:103.37379488500301 - timing_s/dump_rollout_generations:0.2904617090243846 - timing_s/step:154.5268259650038 - timing_s/save_checkpoint:22.340979212982347 - timing_s/stop_profile:3.07220034301281e-05 - timing_per_token_ms/update_actor:0.28152288262368225 - timing_per_token_ms/adv:0.03819855385017106 - timing_per_token_ms/gen:0.21417814647456537 - perf/total_num_tokens:367195 - perf/time_per_step:154.5268259650038 - perf/throughput:1188.1270378360061
[36m(TaskRunner pid=18406)[0m Dumped generations to /sfs/weka/scratch/nkw3mr/Vision-OPD-OPSA/rollouts/Aha-center-Qwen3.5-4B/26.jsonl
[36m(TaskRunner pid=18406)[0m step:26 - global_seqlen/min:172783 - global_seqlen/max:228290 - global_seqlen/minmax_diff:55507 - global_seqlen/balanced_min:200532 - global_seqlen/balanced_max:200541 - global_seqlen/mean:200536.5 - self_distillation/teacher_always_on_fraction:1.0 - self_distillation/teacher_image_swap_fraction:1.0 - self_distillation/policy_fallback_fraction:0.0 - self_distillation/grpo_fallback_count:0.0 - rollout_corr/rollout_is_mean:1.0 - rollout_corr/rollout_is_ratio_fraction_high:0.0 - rollout_corr/rollout_is_ratio_fraction_low:0.0 - rollout_corr/rollout_is_max:1.0 - rollout_corr/rollout_is_min:1.0 - rollout_corr/rollout_is_std:0.0 - rollout_corr/rollout_is_eff_sample_size:1.0 - rollout_corr/rollout_is_seq_mean:1.0 - rollout_corr/rollout_is_seq_std:0.0 - rollout_corr/rollout_is_seq_max:1.0 - rollout_corr/rollout_is_seq_min:1.0 - rollout_corr/rollout_is_seq_max_deviation:0.0 - rollout_corr/rollout_is_seq_fraction_high:0.0 - rollout_corr/rollout_is_seq_fraction_low:0.0 - rollout_corr/training_ppl:5.114870164129469 - rollout_corr/training_log_ppl:1.4392131103409662 - rollout_corr/kl:0.23031182059397298 - rollout_corr/k3_kl:0.22131594280815786 - rollout_corr/rollout_ppl:3.782579534583621 - rollout_corr/rollout_log_ppl:1.1871033360560734 - rollout_corr/log_ppl_diff:0.25210979860275984 - rollout_corr/log_ppl_abs_diff:0.25372181305040914 - rollout_corr/log_ppl_diff_max:1.442814588546753 - rollout_corr/log_ppl_diff_min:-0.26560544967651367 - rollout_corr/ppl_ratio:1.3222984158330493 - rollout_corr/chi2_token:8.262651926941341 - rollout_corr/chi2_seq:-0.7860541409916348 - actor/pg_loss:0.20159132732078433 - actor/kl_loss:0.0 - actor/grpo_loss:0.0 - actor/vopd_loss:0.20159132732078433 - actor/vopd_loss_weighted:0.20159132732078433 - actor/policy_fallback_fraction:0.0 - aha/u_mean:-0.15524864324834198 - aha/u_neg_valley_frac:0.5267430759138532 - aha/floor_clamped_frac:0.0 - aha/q_tail_mass:0.006012381972848541 - aha/u_centered_mean:-0.2576264494823085 - aha/u_centered_absmean:0.6706435270607471 - aha/u_centered_wmean:-2.3690316116998913e-09 - aha/argmax_conf:0.7012310028076172 - self_distillation/raw_jsd_token_mean:0.2056451394326157 - self_distillation/weighted_jsd_token_mean:0.2056451394326157 - self_distillation/self_distillation_mask.mean():1.0 - self_distillation/num_distill_tokens:2295.6805555555557 - self_distillation/empty_target_batch:0.0 - actor/grad_norm:0.8851011395454407 - timing_s/update_actor/student_forward:18.4370330699021 - timing_s/update_actor/teacher_forward:22.73729503492359 - timing_s/update_actor/teacher_full_forward:0.0 - timing_s/update_actor/teacher_null_forward:22.917806348064914 - timing_s/update_actor/loss_compute:0.021125466999365017 - timing_s/update_actor/backward:41.372701326035894 - timing_s/update_actor/optimizer_step:0.0862692299997434 - timing_s/update_actor/teacher_ema_update:4.342000465840101e-05 - perf/mfu/actor:0.0 - perf/max_memory_allocated_gb:120.86376428604126 - perf/max_memory_reserved_gb:138.150390625 - perf/cpu_memory_used_gb:327.64051055908203 - actor/lr:2e-06 - training/global_step:26 - training/epoch:0 - response_length/mean:215.2200469970703 - response_length/max:1024.0 - response_length/min:3.0 - response_length/clip_ratio:0.00390625 - response_length_non_aborted/mean:215.2200469970703 - response_length_non_aborted/max:1024.0 - response_length_non_aborted/min:3.0 - response_length_non_aborted/clip_ratio:0.00390625 - response/aborted_ratio:0.0 - prompt_length/mean:307.0104064941406 - prompt_length/max:3329.0 - prompt_length/min:167.0 - prompt_length/clip_ratio:0.0 - num_turns/min:2 - num_turns/max:2 - num_turns/mean:2.0 - timing_s/start_profile:5.8399979025125504e-05 - timing_s/agent_loop/generate_sequences/min:2.731811501987977 - timing_s/agent_loop/generate_sequences/max:29.042256718996214 - timing_s/agent_loop/generate_sequences/mean:16.729456211141876 - timing_s/agent_loop/tool_calls/min:0.0 - timing_s/agent_loop/tool_calls/max:0.0 - timing_s/agent_loop/tool_calls/mean:0.0 - timing_s/agent_loop/slowest/generate_sequences:29.042256718996214 - timing_s/age[36m(TaskRunner pid=18406)[0m Training Progress:  63%|██████▎   | 26/41 [1:10:04<42:44, 170.96s/it]
[36m(WorkerDict pid=54090)[0m /sfs/weka/scratch/nkw3mr/Vision-OPD-OPSA/verl/utils/device.py:134: FutureWarning: torch.cuda._set_allocator_settings is deprecated. Use torch._C._accelerator_setAllocatorSettings instead.
[36m(WorkerDict pid=54090)[0m   torch.cuda.memory._set_allocator_settings(f"expandable_segments:{enable}")
[36m(TaskRunner pid=18406)[0m Training Progress:  66%|██████▌   | 27/41 [1:13:11<41:00, 175.76s/it]
nt_loop/slowest/tool_calls:0.0 - timing_s/agent_loop/slowest/prompt_length:331 - timing_s/agent_loop/slowest/response_length:998 - timing_s/gen:37.95245027699275 - timing_s/adv:15.31987097300589 - timing_s/update_actor:123.07796797499759 - timing_s/dump_rollout_generations:0.2949471710016951 - timing_s/step:176.75820629799273 - timing_s/stop_profile:2.4352979380637407e-05 - timing_per_token_ms/update_actor:0.30687173650432115 - timing_per_token_ms/adv:0.038197213407548974 - timing_per_token_ms/gen:0.22961268007546026 - perf/total_num_tokens:401073 - perf/time_per_step:176.75820629799273 - perf/throughput:1134.524411624318
[36m(TaskRunner pid=18406)[0m Dumped generations to /sfs/weka/scratch/nkw3mr/Vision-OPD-OPSA/rollouts/Aha-center-Qwen3.5-4B/27.jsonl
[36m(TaskRunner pid=18406)[0m step:27 - global_seqlen/min:205764 - global_seqlen/max:208536 - global_seqlen/minmax_diff:2772 - global_seqlen/balanced_min:207119 - global_seqlen/balanced_max:207181 - global_seqlen/mean:207150.0 - self_distillation/teacher_always_on_fraction:1.0 - self_distillation/teacher_image_swap_fraction:1.0 - self_distillation/policy_fallback_fraction:0.0 - self_distillation/grpo_fallback_count:0.0 - rollout_corr/rollout_is_mean:1.0 - rollout_corr/rollout_is_ratio_fraction_high:0.0 - rollout_corr/rollout_is_ratio_fraction_low:0.0 - rollout_corr/rollout_is_max:1.0 - rollout_corr/rollout_is_min:1.0 - rollout_corr/rollout_is_std:0.0 - rollout_corr/rollout_is_eff_sample_size:1.0 - rollout_corr/rollout_is_seq_mean:1.0 - rollout_corr/rollout_is_seq_std:0.0 - rollout_corr/rollout_is_seq_max:1.0 - rollout_corr/rollout_is_seq_min:1.0 - rollout_corr/rollout_is_seq_max_deviation:0.0 - rollout_corr/rollout_is_seq_fraction_high:0.0 - rollout_corr/rollout_is_seq_fraction_low:0.0 - rollout_corr/training_ppl:5.14837121963501 - rollout_corr/training_log_ppl:1.4725233622499414 - rollout_corr/kl:0.229128925180113 - rollout_corr/k3_kl:0.23732793225428542 - rollout_corr/rollout_ppl:3.785487922462257 - rollout_corr/rollout_log_ppl:1.2138874337479875 - rollout_corr/log_ppl_diff:0.2586359244746131 - rollout_corr/log_ppl_abs_diff:0.26679644451753515 - rollout_corr/log_ppl_diff_max:1.3531357049942017 - rollout_corr/log_ppl_diff_min:-0.9897177219390869 - rollout_corr/ppl_ratio:1.336401473831486 - rollout_corr/chi2_token:33.31087156083133 - rollout_corr/chi2_seq:323.48990185437975 - actor/pg_loss:0.19137284002499655 - actor/kl_loss:0.0 - actor/grpo_loss:0.0 - actor/vopd_loss:0.19137284002499655 - actor/vopd_loss_weighted:0.19137284002499655 - actor/policy_fallback_fraction:0.0 - aha/u_mean:-0.13699244880439976 - aha/u_neg_valley_frac:0.5283199556775995 - aha/floor_clamped_frac:0.0 - aha/q_tail_mass:0.005877130117418396 - aha/u_centered_mean:-0.24578834586852305 - aha/u_centered_absmean:0.6369371023532506 - aha/u_centered_wmean:-2.5739035715101145e-09 - aha/argmax_conf:0.9174426794052124 - self_distillation/raw_jsd_token_mean:0.1937467951226879 - self_distillation/weighted_jsd_token_mean:0.1937467951226879 - self_distillation/self_distillation_mask.mean():1.0 - self_distillation/num_distill_tokens:2236.162162162162 - self_distillation/empty_target_batch:0.0 - actor/grad_norm:0.6270367503166199 - timing_s/update_actor/student_forward:19.24749725210131 - timing_s/update_actor/teacher_forward:25.17118514102185 - timing_s/update_actor/teacher_full_forward:0.0 - timing_s/update_actor/teacher_null_forward:24.6043771810655 - timing_s/update_actor/loss_compute:0.0220828189922031 - timing_s/update_actor/backward:43.90443297999445 - timing_s/update_actor/optimizer_step:0.08612144400831312 - timing_s/update_actor/teacher_ema_update:3.745101275853813e-05 - perf/mfu/actor:0.0 - perf/max_memory_allocated_gb:120.86376428604126 - perf/max_memory_reserved_gb:138.2109375 - perf/cpu_memory_used_gb:353.0049171447754 - actor/lr:2e-06 - training/global_step:27 - training/epoch:0 - response_length/mean:215.4635467529297 - response_length/max:1024.0 - response_length/min:3.0 - response_length/clip_ratio:0.014322916977107525 - response_length_non_aborted/mean:215.4635467529297 - response_length_non_aborted/max:1024.0 - response_length_non_aborted/min:3.0 - response_length_non_aborted/clip_ratio:0.014322916977107525 - response/aborted_ratio:0.0 - prompt_length/mean:323.9895935058594 - prompt_length/max:3935.0 - prompt_length/min:103.0 - prompt_length/clip_ratio:0.0 - num_turns/min:2 - num_turns/max:2 - num_turns/mean:2.0 - timing_s/start_profile:2.7887988835573196e-05 - timing_s/agent_loop/generate_sequences/min:1.8752846690185834 - timing_s/agent_loop/generate_sequences/max:30.80832973899669 - timing_s/agent_loop/generate_sequences/mean:15.83042169021644 - timing_s/agent_loop/tool_calls/min:0.0 - timing_s/agent_loop/tool_calls/max:0.0 - timing_s/agent_loop/tool_calls/mean:0.0 - timing_s/agent_loop/slowest/generate_sequences:30.80832973899669 - timing_s/agent_loop/slowest/tool_calls:0.0 - timing_s/agent_loop/slowest/prompt_length:326 - timing_s/agent_loop/slowest/response_length:1024 - timing_s/gen:38.585281435982324 - timing_s/adv:17.20936903601978 - timing_s/update_actor:130.7226911620237 - timing_s/dump_rollout_generations:0.28526375797810033 - timing_s/step:186.92223494700738 - timing_s/stop_profile:2.6797002647072077e-05 - timing_per_token_ms/update_actor:0.3155266501617757 - timing_per_token_ms/adv:0.04153842393439484 - timing_per_token_ms/gen:0.2331775087383205 - perf/total_num_tokens:414300 - perf/time_per_step:186.92223494700738 - perf/throughput:1108.2148683848511
[36m(TaskRunner pid=18406)[0m Dumped generations to /sfs/weka/scratch/nkw3mr/Vision-OPD-OPSA/rollouts/Aha-center-Qwen3.5-4B/28.jsonl
[36m(TaskRunner pid=18406)[0m step:28 - global_seqlen/min:164903 - global_seqlen/max:178458 - global_seqlen/minmax_diff:13555 - global_seqlen/balanced_min:171680 - global_seqlen/balanced_max:171681 - global_seqlen/mean:171680.5 - self_distillation/teacher_always_on_fraction:1.0 - self_distillation/teacher_image_swap_fraction:1.0 - self_distillation/policy_fallback_fraction:0.0 - self_distillation/grpo_fallback_count:0.0 - rollout_corr/rollout_is_mean:1.0 - rollout_corr/rollout_is_ratio_fraction_high:0.0 - rollout_corr/rollout_is_ratio_fraction_low:0.0 - rollout_corr/rollout_is_max:1.0 - rollout_corr/rollout_is_min:1.0 - rollout_corr/rollout_is_std:0.0 - rollout_corr/rollout_is_eff_sample_size:1.0 - rollout_corr/rollout_is_seq_mean:1.0 - rollout_corr/rollout_is_seq_std:0.0 - rollout_corr/rollout_is_seq_max:1.0 - rollout_corr/rollout_is_seq_min:1.0 - rollout_corr/rollout_is_seq_max_deviation:0.0 - rollout_corr/rollout_is_seq_fraction_high:0.0 - rollout_corr/rollout_is_seq_fraction_low:0.0 - rollout_corr/training_ppl:5.814476901485074 - rollout_corr/training_log_ppl:1.4828016200373249 - rollout_corr/kl:0.2866003905092516 - rollout_corr/k3_kl:0.2872767126367938 - rollout_corr/rollout_ppl:3.653102690173734 - rollout_corr/rollout_log_ppl:1.157923234085883 - rollout_corr/log_ppl_diff:0.3248783693678917 - rollout_corr/log_ppl_abs_diff:0.32573697788100087 - rollout_corr/log_ppl_diff_max:1.741708755493164 - rollout_corr/log_ppl_diff_min:-0.13519859313964844 - rollout_corr/ppl_ratio:1.4395910078479397 - rollout_corr/chi2_token:7.032058592765562 - rollout_corr/chi2_seq:-0.821542784090965 - actor/pg_loss:0.20036121199761206 - actor/kl_loss:0.0 - actor/grpo_loss:0.0 - actor/vopd_loss:0.20036121199761206 - actor/vopd_loss_weighted:0.20036121199761206 - actor/policy_fallback_fraction:0.0 - aha/u_mean:-0.1526024378160195 - aha/u_neg_valley_frac:0.5376242774148141 - aha/floor_clamped_frac:0.0 - aha/q_tail_mass:0.005194213169987404 - aha/u_centered_mean:-0.2756006881113975 - aha/u_centered_absmean:0.6784709735262778 - aha/u_centered_wmean:-2.549303137988265e-09 - aha/argmax_conf:0.762266218662262 - self_distillation/raw_jsd_token_mean:0.19992890377198497 - self_distillation/weighted_jsd_token_mean:0.19992890377198497 - self_distillation/self_distillation_mask.mean():1.0 - self_distillation/num_distill_tokens:2543.112903225807 - self_distillation/empty_target_batch:0.0 - actor/grad_norm:0.5207266807556152 - timing_s/update_actor/student_forward:13.25456800108077 - timing_s/update_actor/teacher_forward:18.02713975298684 - timing_s/update_actor/teacher_full_forward:0.0 - timing_s/update_actor/teacher_null_forward:17.65636991203064 - timing_s/update_actor/loss_compute:0.018066446064040065 - timing_s/update_actor/backward:32.1240470300836 - timing_s/update_actor/optimizer_step:0.08628137299092487 - timing_s/update_actor/teacher_ema_update:4.0785991586744785e-05 - perf/mfu/actor:0.0 - perf/max_memory_allocated_gb:120.86376428604126 - perf/max_memory_reserved_gb:138.2109375 - perf/cpu_memory_used_gb:346.5694808959961 - actor/lr:2e-06 - training/global_step:28 - training/epoch:0 - response_length/mean:205.3033905029297 - response_length/max:1024.0 - response_length/min:3.0 - response_length/clip_ratio:0.010416666977107525 - response_length_non_aborted/mean:205.3033905029297 - response_length_non_aborted/max:1024.0 - response_length_non_aborted/min:3.0 - response_length_non_aborted/clip_ratio:0.010416666977107525 - response/aborted_ratio:0.0 - prompt_length/mean:241.78125 - prompt_length/max:498.0 - prompt_length/min:125.0 - prompt_length/clip_ratio:0.0 - num_turns/min:2 - num_turns/max:2 - num_turns/mean:2.0 - timing_s/start_profile:2.0917999790981412e-05 - timing_s/agent_loop/generate_sequences/min:1.9287212149938568 - timing_s/agent_loop/generate_sequences/max:27.85456690902356 - timing_s/agent_loop/generate_sequences/mean:14.661295616245942 - timing_s/agent_loop/tool_calls/min:0.0 - timing_s/agent_loop/tool_calls/max:0.0 - timing_s/agent_loop/tool_calls/mean:0.0 - timing_s/agent_loop/slowest/generate_sequences:27.85456690902356 - timing_s/age[36m(TaskRunner pid=18406)[0m Training Progress:  68%|██████▊   | 28/41 [1:15:33<35:53, 165.68s/it]
[36m(TaskRunner pid=18406)[0m Training Progress:  71%|███████   | 29/41 [1:18:05<32:17, 161.43s/it]
nt_loop/slowest/tool_calls:0.0 - timing_s/agent_loop/slowest/prompt_length:269 - timing_s/agent_loop/slowest/response_length:1024 - timing_s/gen:35.76866829599021 - timing_s/adv:13.989436828007456 - timing_s/update_actor:91.51961560698692 - timing_s/dump_rollout_generations:0.6660734220058657 - timing_s/step:142.075794814009 - timing_s/stop_profile:2.6305991923436522e-05 - timing_per_token_ms/update_actor:0.2665405086978047 - timing_per_token_ms/adv:0.04074264936322837 - timing_per_token_ms/gen:0.2268534771076228 - perf/total_num_tokens:343361 - perf/time_per_step:142.075794814009 - perf/throughput:1208.3726170580037
[36m(TaskRunner pid=18406)[0m Dumped generations to /sfs/weka/scratch/nkw3mr/Vision-OPD-OPSA/rollouts/Aha-center-Qwen3.5-4B/29.jsonl
[36m(TaskRunner pid=18406)[0m step:29 - global_seqlen/min:175085 - global_seqlen/max:180290 - global_seqlen/minmax_diff:5205 - global_seqlen/balanced_min:177686 - global_seqlen/balanced_max:177689 - global_seqlen/mean:177687.5 - self_distillation/teacher_always_on_fraction:1.0 - self_distillation/teacher_image_swap_fraction:1.0 - self_distillation/policy_fallback_fraction:0.0 - self_distillation/grpo_fallback_count:0.0 - rollout_corr/rollout_is_mean:1.0 - rollout_corr/rollout_is_ratio_fraction_high:0.0 - rollout_corr/rollout_is_ratio_fraction_low:0.0 - rollout_corr/rollout_is_max:1.0 - rollout_corr/rollout_is_min:1.0 - rollout_corr/rollout_is_std:0.0 - rollout_corr/rollout_is_eff_sample_size:1.0 - rollout_corr/rollout_is_seq_mean:1.0 - rollout_corr/rollout_is_seq_std:0.0 - rollout_corr/rollout_is_seq_max:1.0 - rollout_corr/rollout_is_seq_min:1.0 - rollout_corr/rollout_is_seq_max_deviation:0.0 - rollout_corr/rollout_is_seq_fraction_high:0.0 - rollout_corr/rollout_is_seq_fraction_low:0.0 - rollout_corr/training_ppl:6.241082604974508 - rollout_corr/training_log_ppl:1.4958552420139313 - rollout_corr/kl:0.282416092697531 - rollout_corr/k3_kl:0.26885904162190855 - rollout_corr/rollout_ppl:4.220964506268501 - rollout_corr/rollout_log_ppl:1.1780547462403774 - rollout_corr/log_ppl_diff:0.31780050601810217 - rollout_corr/log_ppl_abs_diff:0.31850596354342997 - rollout_corr/log_ppl_diff_max:1.608388900756836 - rollout_corr/log_ppl_diff_min:-0.08431541919708252 - rollout_corr/ppl_ratio:1.4271350782364607 - rollout_corr/chi2_token:3.7900495305657387 - rollout_corr/chi2_seq:-0.8355105221271515 - actor/pg_loss:0.20364746544510126 - actor/kl_loss:0.0 - actor/grpo_loss:0.0 - actor/vopd_loss:0.20364746544510126 - actor/vopd_loss_weighted:0.20364746544510126 - actor/policy_fallback_fraction:0.0 - aha/u_mean:-0.14565211106128118 - aha/u_neg_valley_frac:0.5355496751144528 - aha/floor_clamped_frac:0.0 - aha/q_tail_mass:0.005815865592012415 - aha/u_centered_mean:-0.2720350705785677 - aha/u_centered_absmean:0.6754066008143127 - aha/u_centered_wmean:-2.672839974956348e-09 - aha/argmax_conf:0.6667927503585815 - self_distillation/raw_jsd_token_mean:0.20352465705946088 - self_distillation/weighted_jsd_token_mean:0.20352465705946088 - self_distillation/self_distillation_mask.mean():1.0 - self_distillation/num_distill_tokens:2414.484375 - self_distillation/empty_target_batch:0.0 - actor/grad_norm:0.4828933775424957 - timing_s/update_actor/student_forward:16.450653926032828 - timing_s/update_actor/teacher_forward:20.585615945077734 - timing_s/update_actor/teacher_full_forward:0.0 - timing_s/update_actor/teacher_null_forward:19.747146418085322 - timing_s/update_actor/loss_compute:0.018968237010994926 - timing_s/update_actor/backward:34.76932655504788 - timing_s/update_actor/optimizer_step:0.08625710502383299 - timing_s/update_actor/teacher_ema_update:3.795200609602034e-05 - perf/mfu/actor:0.0 - perf/max_memory_allocated_gb:120.86376428604126 - perf/max_memory_reserved_gb:138.2109375 - perf/cpu_memory_used_gb:347.50172424316406 - actor/lr:2e-06 - training/global_step:29 - training/epoch:0 - response_length/mean:201.20703125 - response_length/max:1024.0 - response_length/min:3.0 - response_length/clip_ratio:0.009114583022892475 - response_length_non_aborted/mean:201.20703125 - response_length_non_aborted/max:1024.0 - response_length_non_aborted/min:3.0 - response_length_non_aborted/clip_ratio:0.009114583022892475 - response/aborted_ratio:0.0 - prompt_length/mean:261.5208435058594 - prompt_length/max:791.0 - prompt_length/min:151.0 - prompt_length/clip_ratio:0.0 - num_turns/min:2 - num_turns/max:2 - num_turns/mean:2.0 - timing_s/start_profile:6.133399438112974e-05 - timing_s/agent_loop/generate_sequences/min:2.322028959984891 - timing_s/agent_loop/generate_sequences/max:28.16898874400067 - timing_s/agent_loop/generate_sequences/mean:15.015268639703285 - timing_s/agent_loop/tool_calls/min:0.0 - timing_s/agent_loop/tool_calls/max:0.0 - timing_s/agent_loop/tool_calls/mean:0.0 - timing_s/agent_loop/slowest/generate_sequences:28.16898874400067 - timing_s/agent_loop/slowest/tool_calls:0.0 - timing_s/agent_loop/slowest/prompt_length:230 - timing_s/agent_loop/slowest/response_length:1024 - timing_s/gen:35.058930217986926 - timing_s/adv:13.57995806800318 - timing_s/update_actor:102.4274661320087 - timing_s/dump_rollout_generations:0.2858264640090056 - timing_s/step:151.47819862799952 - timing_s/stop_profile:2.5133980670943856e-05 - timing_per_token_ms/update_actor:0.2882236120492683 - timing_per_token_ms/adv:0.03821303712417356 - timing_per_token_ms/gen:0.226878993431484 - perf/total_num_tokens:355375 - perf/time_per_step:151.47819862799952 - perf/throughput:1173.0235876145143
[36m(TaskRunner pid=18406)[0m Dumped generations to /sfs/weka/scratch/nkw3mr/Vision-OPD-OPSA/rollouts/Aha-center-Qwen3.5-4B/30.jsonl
[36m(TaskRunner pid=18406)[0m local_global_step_folder: /sfs/weka/scratch/nkw3mr/Vision-OPD-OPSA/checkpoints/Aha-center-Qwen3.5-4B/global_step_30
[36m(TaskRunner pid=18406)[0m step:30 - global_seqlen/min:184207 - global_seqlen/max:197450 - global_seqlen/minmax_diff:13243 - global_seqlen/balanced_min:190820 - global_seqlen/balanced_max:190837 - global_seqlen/mean:190828.5 - self_distillation/teacher_always_on_fraction:1.0 - self_distillation/teacher_image_swap_fraction:1.0 - self_distillation/policy_fallback_fraction:0.0 - self_distillation/grpo_fallback_count:0.0 - rollout_corr/rollout_is_mean:1.0 - rollout_corr/rollout_is_ratio_fraction_high:0.0 - rollout_corr/rollout_is_ratio_fraction_low:0.0 - rollout_corr/rollout_is_max:1.0 - rollout_corr/rollout_is_min:1.0 - rollout_corr/rollout_is_std:0.0 - rollout_corr/rollout_is_eff_sample_size:1.0 - rollout_corr/rollout_is_seq_mean:1.0 - rollout_corr/rollout_is_seq_std:0.0 - rollout_corr/rollout_is_seq_max:1.0 - rollout_corr/rollout_is_seq_min:1.0 - rollout_corr/rollout_is_seq_max_deviation:0.0 - rollout_corr/rollout_is_seq_fraction_high:0.0 - rollout_corr/rollout_is_seq_fraction_low:0.0 - rollout_corr/training_ppl:5.353160006158492 - rollout_corr/training_log_ppl:1.4151234907262467 - rollout_corr/kl:0.25663289734545874 - rollout_corr/k3_kl:0.2566614423823707 - rollout_corr/rollout_ppl:3.4987278124865364 - rollout_corr/rollout_log_ppl:1.110621006173246 - rollout_corr/log_ppl_diff:0.3045024983584881 - rollout_corr/log_ppl_abs_diff:0.30683819796232614 - rollout_corr/log_ppl_diff_max:2.1662888526916504 - rollout_corr/log_ppl_diff_min:-0.7667732238769531 - rollout_corr/ppl_ratio:1.4196132403962753 - rollout_corr/chi2_token:15.32505760122748 - rollout_corr/chi2_seq:1.7172194412525963 - actor/pg_loss:0.20389130864835656 - actor/kl_loss:0.0 - actor/grpo_loss:0.0 - actor/vopd_loss:0.20389130864835656 - actor/vopd_loss_weighted:0.20389130864835656 - actor/policy_fallback_fraction:0.0 - aha/u_mean:-0.20085269103155418 - aha/u_neg_valley_frac:0.5481395397116156 - aha/floor_clamped_frac:0.0 - aha/q_tail_mass:0.004903519954121508 - aha/u_centered_mean:-0.30513720718376774 - aha/u_centered_absmean:0.7118118642007604 - aha/u_centered_wmean:-3.5088735324180742e-09 - aha/argmax_conf:0.7232423424720764 - self_distillation/raw_jsd_token_mean:0.2055771000245038 - self_distillation/weighted_jsd_token_mean:0.2055771000245038 - self_distillation/self_distillation_mask.mean():1.0 - self_distillation/num_distill_tokens:2389.426470588235 - self_distillation/empty_target_batch:0.0 - actor/grad_norm:0.6929587125778198 - timing_s/update_actor/student_forward:16.368466932995943 - timing_s/update_actor/teacher_forward:20.74154136798461 - timing_s/update_actor/teacher_full_forward:0.0 - timing_s/update_actor/teacher_null_forward:20.690086045040516 - timing_s/update_actor/loss_compute:0.019893696095095947 - timing_s/update_actor/backward:38.533927979005966 - timing_s/update_actor/optimizer_step:0.0870453380048275 - timing_s/update_actor/teacher_ema_update:4.899798659607768e-05 - perf/mfu/actor:0.0 - perf/max_memory_allocated_gb:120.86376428604126 - perf/max_memory_reserved_gb:138.2109375 - perf/cpu_memory_used_gb:348.8600273132324 - actor/lr:2e-06 - training/global_step:30 - training/epoch:0 - response_length/mean:211.5637969970703 - response_length/max:1024.0 - response_length/min:3.0 - response_length/clip_ratio:0.01953125 - response_length_non_aborted/mean:211.5637969970703 - response_length_non_aborted/max:1024.0 - response_length_non_aborted/min:3.0 - response_length_non_aborted/clip_ratio:0.01953125 - response/aborted_ratio:0.0 - prompt_length/mean:285.3854064941406 - prompt_length/max:3326.0 - prompt_length/min:131.0 - prompt_length/clip_ratio:0.0 - num_turns/min:2 - num_turns/max:2 - num_turns/mean:2.0 - timing_s/start_profile:3.47580062225461e-05 - timing_s/agent_loop/generate_sequences/min:1.9609498529753182 - timing_s/agent_loop/generate_sequences/max:27.65456746899872 - timing_s/agent_loop/generate_sequences/mean:14.69980692991885 - timing_s/agent_loop/tool_calls/min:0.0 - timing_s/agent_loop/tool_calls/max:0.0 - timing_s/agent_loop/tool_calls/mean:0.0 - timing_s/agent_loop/slowest/generate_sequences:27.65456746899872 - timing_s/agent_loop/[36m(TaskRunner pid=18406)[0m Training Progress:  73%|███████▎  | 30/41 [1:21:08<30:47, 167.99s/it]
[36m(WorkerDict pid=54076)[0m /sfs/weka/scratch/nkw3mr/Vision-OPD-OPSA/verl/utils/device.py:134: FutureWarning: torch.cuda._set_allocator_settings is deprecated. Use torch._C._accelerator_setAllocatorSettings instead.
[36m(WorkerDict pid=54076)[0m   torch.cuda.memory._set_allocator_settings(f"expandable_segments:{enable}")
[36m(TaskRunner pid=18406)[0m Training Progress:  76%|███████▌  | 31/41 [1:23:40<27:11, 163.14s/it]
[36m(WorkerDict pid=54090)[0m /sfs/weka/scratch/nkw3mr/Vision-OPD-OPSA/verl/utils/device.py:134: FutureWarning: torch.cuda._set_allocator_settings is deprecated. Use torch._C._accelerator_setAllocatorSettings instead.
[36m(WorkerDict pid=54090)[0m   torch.cuda.memory._set_allocator_settings(f"expandable_segments:{enable}")
slowest/tool_calls:0.0 - timing_s/agent_loop/slowest/prompt_length:228 - timing_s/agent_loop/slowest/response_length:1024 - timing_s/gen:36.183079794980586 - timing_s/adv:14.112523002986563 - timing_s/update_actor:109.78465574997244 - timing_s/dump_rollout_generations:0.30700455300393514 - timing_s/step:160.50034138202318 - timing_s/save_checkpoint:22.72247918602079 - timing_s/stop_profile:4.4060987420380116e-05 - timing_per_token_ms/update_actor:0.28765267177065384 - timing_per_token_ms/adv:0.03697697933743273 - timing_per_token_ms/gen:0.22269114416442898 - perf/total_num_tokens:381657 - perf/time_per_step:160.50034138202318 - perf/throughput:1188.9600879152629
[36m(TaskRunner pid=18406)[0m Dumped generations to /sfs/weka/scratch/nkw3mr/Vision-OPD-OPSA/rollouts/Aha-center-Qwen3.5-4B/31.jsonl
[36m(TaskRunner pid=18406)[0m step:31 - global_seqlen/min:177395 - global_seqlen/max:186979 - global_seqlen/minmax_diff:9584 - global_seqlen/balanced_min:182173 - global_seqlen/balanced_max:182201 - global_seqlen/mean:182187.0 - self_distillation/teacher_always_on_fraction:1.0 - self_distillation/teacher_image_swap_fraction:1.0 - self_distillation/policy_fallback_fraction:0.0 - self_distillation/grpo_fallback_count:0.0 - rollout_corr/rollout_is_mean:1.0 - rollout_corr/rollout_is_ratio_fraction_high:0.0 - rollout_corr/rollout_is_ratio_fraction_low:0.0 - rollout_corr/rollout_is_max:1.0 - rollout_corr/rollout_is_min:1.0 - rollout_corr/rollout_is_std:0.0 - rollout_corr/rollout_is_eff_sample_size:1.0 - rollout_corr/rollout_is_seq_mean:1.0 - rollout_corr/rollout_is_seq_std:0.0 - rollout_corr/rollout_is_seq_max:1.0 - rollout_corr/rollout_is_seq_min:1.0 - rollout_corr/rollout_is_seq_max_deviation:0.0 - rollout_corr/rollout_is_seq_fraction_high:0.0 - rollout_corr/rollout_is_seq_fraction_low:0.0 - rollout_corr/training_ppl:7.174415191014608 - rollout_corr/training_log_ppl:1.383135857004108 - rollout_corr/kl:0.24857378728461987 - rollout_corr/k3_kl:0.22978693133953845 - rollout_corr/rollout_ppl:5.669578357176347 - rollout_corr/rollout_log_ppl:1.091939128709562 - rollout_corr/log_ppl_diff:0.29119673520891054 - rollout_corr/log_ppl_abs_diff:0.2974992584098469 - rollout_corr/log_ppl_diff_max:1.6741608381271362 - rollout_corr/log_ppl_diff_min:-2.164116144180298 - rollout_corr/ppl_ratio:1.3901406291759375 - rollout_corr/chi2_token:2.014398551348484 - rollout_corr/chi2_seq:7.040813308773619 - actor/pg_loss:0.20068206649739295 - actor/kl_loss:0.0 - actor/grpo_loss:0.0 - actor/vopd_loss:0.20068206649739295 - actor/vopd_loss_weighted:0.20068206649739295 - actor/policy_fallback_fraction:0.0 - aha/u_mean:-0.19692725072981732 - aha/u_neg_valley_frac:0.5459304975740837 - aha/floor_clamped_frac:0.0 - aha/q_tail_mass:0.004907714950880318 - aha/u_centered_mean:-0.31027349491011014 - aha/u_centered_absmean:0.7154788099455112 - aha/u_centered_wmean:-3.931882073714522e-09 - aha/argmax_conf:0.7117491364479065 - self_distillation/raw_jsd_token_mean:0.20025276799093594 - self_distillation/weighted_jsd_token_mean:0.20025276799093594 - self_distillation/self_distillation_mask.mean():1.0 - self_distillation/num_distill_tokens:2495.242424242424 - self_distillation/empty_target_batch:0.0 - actor/grad_norm:0.37929674983024597 - timing_s/update_actor/student_forward:15.60815053008264 - timing_s/update_actor/teacher_forward:20.52696172290598 - timing_s/update_actor/teacher_full_forward:0.0 - timing_s/update_actor/teacher_null_forward:20.35787754910416 - timing_s/update_actor/loss_compute:0.020005033060442656 - timing_s/update_actor/backward:35.64616805585683 - timing_s/update_actor/optimizer_step:0.08590637403540313 - timing_s/update_actor/teacher_ema_update:5.825003609061241e-05 - perf/mfu/actor:0.0 - perf/max_memory_allocated_gb:120.86376428604126 - perf/max_memory_reserved_gb:138.2109375 - perf/cpu_memory_used_gb:347.2259826660156 - actor/lr:2e-06 - training/global_step:31 - training/epoch:0 - response_length/mean:214.4348907470703 - response_length/max:1024.0 - response_length/min:2.0 - response_length/clip_ratio:0.01171875 - response_length_non_aborted/mean:214.4348907470703 - response_length_non_aborted/max:1024.0 - response_length_non_aborted/min:2.0 - response_length_non_aborted/clip_ratio:0.01171875 - response/aborted_ratio:0.0 - prompt_length/mean:260.0104064941406 - prompt_length/max:791.0 - prompt_length/min:91.0 - prompt_length/clip_ratio:0.0 - num_turns/min:2 - num_turns/max:2 - num_turns/mean:2.0 - timing_s/start_profile:3.445701440796256e-05 - timing_s/agent_loop/generate_sequences/min:1.5147413829981815 - timing_s/agent_loop/generate_sequences/max:29.02048052099417 - timing_s/agent_loop/generate_sequences/mean:15.181043784234475 - timing_s/agent_loop/tool_calls/min:0.0 - timing_s/agent_loop/tool_calls/max:0.0 - timing_s/agent_loop/tool_calls/mean:0.0 - timing_s/agent_loop/slowest/generate_sequences:29.02048052099417 - timing_s/agent_loop/slowest/tool_calls:0.0 - timing_s/agent_loop/slowest/prompt_length:791 - timing_s/agent_loop/slowest/response_length:1024 - timing_s/gen:35.42958257999271 - timing_s/adv:13.519953743001679 - timing_s/update_actor:102.42491005698685 - timing_s/dump_rollout_generations:0.28537738899467513 - timing_s/step:151.77718460201868 - timing_s/stop_profile:2.4273991584777832e-05 - timing_per_token_ms/update_actor:0.28109829476578146 - timing_per_token_ms/adv:0.03710460609978121 - timing_per_token_ms/gen:0.21513414971517136 - perf/total_num_tokens:364374 - perf/time_per_step:151.77718460201868 - perf/throughput:1200.3582783388702
[36m(TaskRunner pid=18406)[0m Dumped generations to /sfs/weka/scratch/nkw3mr/Vision-OPD-OPSA/rollouts/Aha-center-Qwen3.5-4B/32.jsonl
[36m(TaskRunner pid=18406)[0m step:32 - global_seqlen/min:156618 - global_seqlen/max:194906 - global_seqlen/minmax_diff:38288 - global_seqlen/balanced_min:175704 - global_seqlen/balanced_max:175820 - global_seqlen/mean:175762.0 - self_distillation/teacher_always_on_fraction:1.0 - self_distillation/teacher_image_swap_fraction:1.0 - self_distillation/policy_fallback_fraction:0.0 - self_distillation/grpo_fallback_count:0.0 - rollout_corr/rollout_is_mean:1.0 - rollout_corr/rollout_is_ratio_fraction_high:0.0 - rollout_corr/rollout_is_ratio_fraction_low:0.0 - rollout_corr/rollout_is_max:1.0 - rollout_corr/rollout_is_min:1.0 - rollout_corr/rollout_is_std:0.0 - rollout_corr/rollout_is_eff_sample_size:1.0 - rollout_corr/rollout_is_seq_mean:1.0 - rollout_corr/rollout_is_seq_std:0.0 - rollout_corr/rollout_is_seq_max:1.0 - rollout_corr/rollout_is_seq_min:1.0 - rollout_corr/rollout_is_seq_max_deviation:0.0 - rollout_corr/rollout_is_seq_fraction_high:0.0 - rollout_corr/rollout_is_seq_fraction_low:0.0 - rollout_corr/training_ppl:8.08168338984251 - rollout_corr/training_log_ppl:1.5246473923325539 - rollout_corr/kl:0.2697849037940614 - rollout_corr/k3_kl:0.2570310173323378 - rollout_corr/rollout_ppl:4.425637133419514 - rollout_corr/rollout_log_ppl:1.1985282357782125 - rollout_corr/log_ppl_diff:0.3261191586498171 - rollout_corr/log_ppl_abs_diff:0.3266256023198366 - rollout_corr/log_ppl_diff_max:2.0025863647460938 - rollout_corr/log_ppl_diff_min:-0.041597962379455566 - rollout_corr/ppl_ratio:1.4553348645567894 - rollout_corr/chi2_token:10.201851895079017 - rollout_corr/chi2_seq:-0.8876668224111199 - actor/pg_loss:0.21745335661883777 - actor/kl_loss:0.0 - actor/grpo_loss:0.0 - actor/vopd_loss:0.21745335661883777 - actor/vopd_loss_weighted:0.21745335661883777 - actor/policy_fallback_fraction:0.0 - aha/u_mean:-0.1643759506114293 - aha/u_neg_valley_frac:0.5374641073867679 - aha/floor_clamped_frac:0.0 - aha/q_tail_mass:0.005247477431112202 - aha/u_centered_mean:-0.2962523211026564 - aha/u_centered_absmean:0.7164796008728445 - aha/u_centered_wmean:-3.21283387708874e-09 - aha/argmax_conf:0.7468186020851135 - self_distillation/raw_jsd_token_mean:0.21633867430500686 - self_distillation/weighted_jsd_token_mean:0.21633867430500686 - self_distillation/self_distillation_mask.mean():1.0 - self_distillation/num_distill_tokens:2189.8125 - self_distillation/empty_target_batch:0.0 - actor/grad_norm:0.5074214935302734 - timing_s/update_actor/student_forward:16.306834871938918 - timing_s/update_actor/teacher_forward:20.961574805085547 - timing_s/update_actor/teacher_full_forward:0.0 - timing_s/update_actor/teacher_null_forward:20.14285132405348 - timing_s/update_actor/loss_compute:0.018785426975227892 - timing_s/update_actor/backward:35.96061610878678 - timing_s/update_actor/optimizer_step:0.08575286099221557 - timing_s/update_actor/teacher_ema_update:4.0224986150860786e-05 - perf/mfu/actor:0.0 - perf/max_memory_allocated_gb:120.86376428604126 - perf/max_memory_reserved_gb:138.2109375 - perf/cpu_memory_used_gb:348.7902069091797 - actor/lr:2e-06 - training/global_step:32 - training/epoch:0 - response_length/mean:182.484375 - response_length/max:1024.0 - response_length/min:3.0 - response_length/clip_ratio:0.010416666977107525 - response_length_non_aborted/mean:182.484375 - response_length_non_aborted/max:1024.0 - response_length_non_aborted/min:3.0 - response_length_non_aborted/clip_ratio:0.010416666977107525 - response/aborted_ratio:0.0 - prompt_length/mean:275.2291564941406 - prompt_length/max:3330.0 - prompt_length/min:103.0 - prompt_length/clip_ratio:0.0 - num_turns/min:2 - num_turns/max:2 - num_turns/mean:2.0 - timing_s/start_profile:2.544501330703497e-05 - timing_s/agent_loop/generate_sequences/min:1.4730234880116768 - timing_s/agent_loop/generate_sequences/max:26.397686627984513 - timing_s/agent_loop/generate_sequences/mean:13.561337957577129 - timing_s/agent_loop/tool_calls/min:0.0 - timing_s/agent_loop/tool_calls/max:0.0 - timing_s/agent_loop/tool_calls/mean:0.0 - timing_s/agent_loop/slowest/generate_sequences:26.397686627984513 - timing_s/agent_loo[36m(TaskRunner pid=18406)[0m Training Progress:  78%|███████▊  | 32/41 [1:26:14<24:05, 160.60s/it]
[36m(TaskRunner pid=18406)[0m Training Progress:  80%|████████  | 33/41 [1:28:56<21:26, 160.83s/it]
p/slowest/tool_calls:0.0 - timing_s/agent_loop/slowest/prompt_length:246 - timing_s/agent_loop/slowest/response_length:1024 - timing_s/gen:34.82523811300052 - timing_s/adv:13.557849793985952 - timing_s/update_actor:105.82905080396449 - timing_s/dump_rollout_generations:0.2880115000298247 - timing_s/step:154.634849111957 - timing_s/stop_profile:2.6146008167415857e-05 - timing_per_token_ms/update_actor:0.3010578247970679 - timing_per_token_ms/adv:0.0385687742344362 - timing_per_token_ms/gen:0.2484890124225856 - perf/total_num_tokens:351524 - perf/time_per_step:154.634849111957 - perf/throughput:1136.6260646249718
[36m(TaskRunner pid=18406)[0m Dumped generations to /sfs/weka/scratch/nkw3mr/Vision-OPD-OPSA/rollouts/Aha-center-Qwen3.5-4B/33.jsonl
[36m(TaskRunner pid=18406)[0m step:33 - global_seqlen/min:177266 - global_seqlen/max:195389 - global_seqlen/minmax_diff:18123 - global_seqlen/balanced_min:186319 - global_seqlen/balanced_max:186336 - global_seqlen/mean:186327.5 - self_distillation/teacher_always_on_fraction:1.0 - self_distillation/teacher_image_swap_fraction:1.0 - self_distillation/policy_fallback_fraction:0.0 - self_distillation/grpo_fallback_count:0.0 - rollout_corr/rollout_is_mean:1.0 - rollout_corr/rollout_is_ratio_fraction_high:0.0 - rollout_corr/rollout_is_ratio_fraction_low:0.0 - rollout_corr/rollout_is_max:1.0 - rollout_corr/rollout_is_min:1.0 - rollout_corr/rollout_is_std:0.0 - rollout_corr/rollout_is_eff_sample_size:1.0 - rollout_corr/rollout_is_seq_mean:1.0 - rollout_corr/rollout_is_seq_std:0.0 - rollout_corr/rollout_is_seq_max:1.0 - rollout_corr/rollout_is_seq_min:1.0 - rollout_corr/rollout_is_seq_max_deviation:0.0 - rollout_corr/rollout_is_seq_fraction_high:0.0 - rollout_corr/rollout_is_seq_fraction_low:0.0 - rollout_corr/training_ppl:5.9637973764363466 - rollout_corr/training_log_ppl:1.4454212925013374 - rollout_corr/kl:0.2336393188246909 - rollout_corr/k3_kl:0.2408572999650941 - rollout_corr/rollout_ppl:3.7764651284498325 - rollout_corr/rollout_log_ppl:1.1579996005577198 - rollout_corr/log_ppl_diff:0.2874216995037654 - rollout_corr/log_ppl_abs_diff:0.2893612844979062 - rollout_corr/log_ppl_diff_max:2.030332326889038 - rollout_corr/log_ppl_diff_min:-0.3528008460998535 - rollout_corr/ppl_ratio:1.3932187487097347 - rollout_corr/chi2_token:29.03505739394356 - rollout_corr/chi2_seq:-0.7939495233928456 - actor/pg_loss:0.21598567022010684 - actor/kl_loss:0.0 - actor/grpo_loss:0.0 - actor/vopd_loss:0.21598567022010684 - actor/vopd_loss_weighted:0.21598567022010684 - actor/policy_fallback_fraction:0.0 - aha/u_mean:-0.15955457594314154 - aha/u_neg_valley_frac:0.5367699944797684 - aha/floor_clamped_frac:0.0 - aha/q_tail_mass:0.005548729040824315 - aha/u_centered_mean:-0.29716470793766137 - aha/u_centered_absmean:0.723943202811129 - aha/u_centered_wmean:-3.639375328470643e-09 - aha/argmax_conf:0.696644127368927 - self_distillation/raw_jsd_token_mean:0.21725781787844264 - self_distillation/weighted_jsd_token_mean:0.21725781787844264 - self_distillation/self_distillation_mask.mean():1.0 - self_distillation/num_distill_tokens:2255.0441176470586 - self_distillation/empty_target_batch:0.0 - actor/grad_norm:0.3756259083747864 - timing_s/update_actor/student_forward:16.76470664324006 - timing_s/update_actor/teacher_forward:22.707209488842636 - timing_s/update_actor/teacher_full_forward:0.0 - timing_s/update_actor/teacher_null_forward:20.943042621016502 - timing_s/update_actor/loss_compute:0.02031202899524942 - timing_s/update_actor/backward:37.76898035994964 - timing_s/update_actor/optimizer_step:0.0865755999693647 - timing_s/update_actor/teacher_ema_update:4.654400981962681e-05 - perf/mfu/actor:0.0 - perf/max_memory_allocated_gb:120.86376428604126 - perf/max_memory_reserved_gb:138.2109375 - perf/cpu_memory_used_gb:349.0524425506592 - actor/lr:2e-06 - training/global_step:33 - training/epoch:0 - response_length/mean:199.6653594970703 - response_length/max:1024.0 - response_length/min:3.0 - response_length/clip_ratio:0.01692708395421505 - response_length_non_aborted/mean:199.6653594970703 - response_length_non_aborted/max:1024.0 - response_length_non_aborted/min:3.0 - response_length_non_aborted/clip_ratio:0.01692708395421505 - response/aborted_ratio:0.0 - prompt_length/mean:285.5625 - prompt_length/max:3326.0 - prompt_length/min:133.0 - prompt_length/clip_ratio:0.0 - num_turns/min:2 - num_turns/max:2 - num_turns/mean:2.0 - timing_s/start_profile:3.271497553214431e-05 - timing_s/agent_loop/generate_sequences/min:2.4933943999931216 - timing_s/agent_loop/generate_sequences/max:28.323980615008622 - timing_s/agent_loop/generate_sequences/mean:14.311402316000946 - timing_s/agent_loop/tool_calls/min:0.0 - timing_s/agent_loop/tool_calls/max:0.0 - timing_s/agent_loop/tool_calls/mean:0.0 - timing_s/agent_loop/slowest/generate_sequences:28.323980615008622 - timing_s/agent_loop/slowest/tool_calls:0.0 - timing_s/agent_loop/slowest/prompt_length:313 - timing_s/agent_loop/slowest/response_length:1024 - timing_s/gen:35.3700572369853 - timing_s/adv:13.765909382025711 - timing_s/update_actor:111.78194009000435 - timing_s/dump_rollout_generations:0.28615234897006303 - timing_s/step:161.31127679999918 - timing_s/stop_profile:2.6296009309589863e-05 - timing_per_token_ms/update_actor:0.29996092925092743 - timing_per_token_ms/adv:0.036940090383936114 - timing_per_token_ms/gen:0.23065974473556214 - perf/total_num_tokens:372655 - perf/time_per_step:161.31127679999918 - perf/throughput:1155.0804363852196
[36m(TaskRunner pid=18406)[0m Dumped generations to /sfs/weka/scratch/nkw3mr/Vision-OPD-OPSA/rollouts/Aha-center-Qwen3.5-4B/34.jsonl
[36m(TaskRunner pid=18406)[0m step:34 - global_seqlen/min:175062 - global_seqlen/max:250037 - global_seqlen/minmax_diff:74975 - global_seqlen/balanced_min:212543 - global_seqlen/balanced_max:212556 - global_seqlen/mean:212549.5 - self_distillation/teacher_always_on_fraction:1.0 - self_distillation/teacher_image_swap_fraction:1.0 - self_distillation/policy_fallback_fraction:0.0 - self_distillation/grpo_fallback_count:0.0 - rollout_corr/rollout_is_mean:1.0 - rollout_corr/rollout_is_ratio_fraction_high:0.0 - rollout_corr/rollout_is_ratio_fraction_low:0.0 - rollout_corr/rollout_is_max:1.0 - rollout_corr/rollout_is_min:1.0 - rollout_corr/rollout_is_std:0.0 - rollout_corr/rollout_is_eff_sample_size:1.0 - rollout_corr/rollout_is_seq_mean:1.0 - rollout_corr/rollout_is_seq_std:0.0 - rollout_corr/rollout_is_seq_max:1.0 - rollout_corr/rollout_is_seq_min:1.0 - rollout_corr/rollout_is_seq_max_deviation:0.0 - rollout_corr/rollout_is_seq_fraction_high:0.0 - rollout_corr/rollout_is_seq_fraction_low:0.0 - rollout_corr/training_ppl:5.00465841983494 - rollout_corr/training_log_ppl:1.394374414494163 - rollout_corr/kl:0.23421719317373477 - rollout_corr/k3_kl:0.23234008899644804 - rollout_corr/rollout_ppl:3.5371538463391756 - rollout_corr/rollout_log_ppl:1.1215340495109558 - rollout_corr/log_ppl_diff:0.27284037576694237 - rollout_corr/log_ppl_abs_diff:0.27332970754880653 - rollout_corr/log_ppl_diff_max:1.4554638862609863 - rollout_corr/log_ppl_diff_min:-0.020483016967773438 - rollout_corr/ppl_ratio:1.354541888362483 - rollout_corr/chi2_token:18.68322271422336 - rollout_corr/chi2_seq:-0.8791701895625967 - actor/pg_loss:0.1971032145083882 - actor/kl_loss:0.0 - actor/grpo_loss:0.0 - actor/vopd_loss:0.1971032145083882 - actor/vopd_loss_weighted:0.1971032145083882 - actor/policy_fallback_fraction:0.0 - aha/u_mean:-0.18646922499235524 - aha/u_neg_valley_frac:0.5355676161615472 - aha/floor_clamped_frac:0.0 - aha/q_tail_mass:0.005309983634536988 - aha/u_centered_mean:-0.2889086192375735 - aha/u_centered_absmean:0.6960746014588757 - aha/u_centered_wmean:-3.3421784285655278e-09 - aha/argmax_conf:0.7164859175682068 - self_distillation/raw_jsd_token_mean:0.20244384635435908 - self_distillation/weighted_jsd_token_mean:0.20244384635435908 - self_distillation/self_distillation_mask.mean():1.0 - self_distillation/num_distill_tokens:2111.1973684210525 - self_distillation/empty_target_batch:0.0 - actor/grad_norm:0.31907328963279724 - timing_s/update_actor/student_forward:20.17763790587196 - timing_s/update_actor/teacher_forward:24.874357772700023 - timing_s/update_actor/teacher_full_forward:0.0 - timing_s/update_actor/teacher_null_forward:25.54507718415698 - timing_s/update_actor/loss_compute:0.022591738146729767 - timing_s/update_actor/backward:46.88943270093296 - timing_s/update_actor/optimizer_step:0.08612475800327957 - timing_s/update_actor/teacher_ema_update:4.037597682327032e-05 - perf/mfu/actor:0.0 - perf/max_memory_allocated_gb:120.86376428604126 - perf/max_memory_reserved_gb:138.2109375 - perf/cpu_memory_used_gb:356.7306442260742 - actor/lr:2e-06 - training/global_step:34 - training/epoch:0 - response_length/mean:208.9205780029297 - response_length/max:1024.0 - response_length/min:7.0 - response_length/clip_ratio:0.0234375 - response_length_non_aborted/mean:208.9205780029297 - response_length_non_aborted/max:1024.0 - response_length_non_aborted/min:7.0 - response_length_non_aborted/clip_ratio:0.0234375 - response/aborted_ratio:0.0 - prompt_length/mean:344.59375 - prompt_length/max:3659.0 - prompt_length/min:138.0 - prompt_length/clip_ratio:0.0 - num_turns/min:2 - num_turns/max:2 - num_turns/mean:2.0 - timing_s/start_profile:5.5445998441427946e-05 - timing_s/agent_loop/generate_sequences/min:4.186174949980341 - timing_s/agent_loop/generate_sequences/max:29.53416008199565 - timing_s/agent_loop/generate_sequences/mean:14.703524515729669 - timing_s/agent_loop/tool_calls/min:0.0 - timing_s/agent_loop/tool_calls/max:0.0 - timing_s/agent_loop/tool_calls/mean:0.0 - timing_s/agent_loop/slowest/generate_sequences:29.53416008199565 - timing_s/agent_loop/slowes[36m(TaskRunner pid=18406)[0m Training Progress:  83%|████████▎ | 34/41 [1:32:06<19:47, 169.58s/it]
[36m(TaskRunner pid=18406)[0m Training Progress:  85%|████████▌ | 35/41 [1:35:14<17:30, 175.15s/it]
[36m(WorkerDict pid=54076)[0m /sfs/weka/scratch/nkw3mr/Vision-OPD-OPSA/verl/utils/device.py:134: FutureWarning: torch.cuda._set_allocator_settings is deprecated. Use torch._C._accelerator_setAllocatorSettings instead.
[36m(WorkerDict pid=54076)[0m   torch.cuda.memory._set_allocator_settings(f"expandable_segments:{enable}")
t/tool_calls:0.0 - timing_s/agent_loop/slowest/prompt_length:271 - timing_s/agent_loop/slowest/response_length:1024 - timing_s/gen:36.892207907978445 - timing_s/adv:16.74979632900795 - timing_s/update_actor:135.84464478795417 - timing_s/dump_rollout_generations:0.2930404089856893 - timing_s/step:189.9259134880267 - timing_s/stop_profile:2.4163047783076763e-05 - timing_per_token_ms/update_actor:0.31956001963767067 - timing_per_token_ms/adv:0.03940210710683382 - timing_per_token_ms/gen:0.22992818934115988 - perf/total_num_tokens:425099 - perf/time_per_step:189.9259134880267 - perf/throughput:1119.1179555042631
[36m(TaskRunner pid=18406)[0m Dumped generations to /sfs/weka/scratch/nkw3mr/Vision-OPD-OPSA/rollouts/Aha-center-Qwen3.5-4B/35.jsonl
[36m(TaskRunner pid=18406)[0m local_global_step_folder: /sfs/weka/scratch/nkw3mr/Vision-OPD-OPSA/checkpoints/Aha-center-Qwen3.5-4B/global_step_35
[36m(TaskRunner pid=18406)[0m step:35 - global_seqlen/min:172312 - global_seqlen/max:204839 - global_seqlen/minmax_diff:32527 - global_seqlen/balanced_min:188571 - global_seqlen/balanced_max:188580 - global_seqlen/mean:188575.5 - self_distillation/teacher_always_on_fraction:1.0 - self_distillation/teacher_image_swap_fraction:1.0 - self_distillation/policy_fallback_fraction:0.0 - self_distillation/grpo_fallback_count:0.0 - rollout_corr/rollout_is_mean:1.0 - rollout_corr/rollout_is_ratio_fraction_high:0.0 - rollout_corr/rollout_is_ratio_fraction_low:0.0 - rollout_corr/rollout_is_max:1.0 - rollout_corr/rollout_is_min:1.0 - rollout_corr/rollout_is_std:0.0 - rollout_corr/rollout_is_eff_sample_size:1.0 - rollout_corr/rollout_is_seq_mean:1.0 - rollout_corr/rollout_is_seq_std:0.0 - rollout_corr/rollout_is_seq_max:1.0 - rollout_corr/rollout_is_seq_min:1.0 - rollout_corr/rollout_is_seq_max_deviation:0.0 - rollout_corr/rollout_is_seq_fraction_high:0.0 - rollout_corr/rollout_is_seq_fraction_low:0.0 - rollout_corr/training_ppl:5.746015811667723 - rollout_corr/training_log_ppl:1.4837066198096556 - rollout_corr/kl:0.2546973605366314 - rollout_corr/k3_kl:0.2541181242422146 - rollout_corr/rollout_ppl:3.8358093850752883 - rollout_corr/rollout_log_ppl:1.1616801514345056 - rollout_corr/log_ppl_diff:0.32202646443072486 - rollout_corr/log_ppl_abs_diff:0.32429285840514827 - rollout_corr/log_ppl_diff_max:1.8950059413909912 - rollout_corr/log_ppl_diff_min:-0.3805994987487793 - rollout_corr/ppl_ratio:1.4463246236829197 - rollout_corr/chi2_token:7.526660458129995 - rollout_corr/chi2_seq:-0.7308425841962589 - actor/pg_loss:0.20056202185029784 - actor/kl_loss:0.0 - actor/grpo_loss:0.0 - actor/vopd_loss:0.20056202185029784 - actor/vopd_loss_weighted:0.20056202185029784 - actor/policy_fallback_fraction:0.0 - aha/u_mean:-0.16720528448657954 - aha/u_neg_valley_frac:0.5461204691844828 - aha/floor_clamped_frac:0.0 - aha/q_tail_mass:0.0051954625729087964 - aha/u_centered_mean:-0.2859569906311876 - aha/u_centered_absmean:0.6891913712024689 - aha/u_centered_wmean:-3.6890114245618076e-09 - aha/argmax_conf:0.7152525782585144 - self_distillation/raw_jsd_token_mean:0.2009917705812875 - self_distillation/weighted_jsd_token_mean:0.2009917705812875 - self_distillation/self_distillation_mask.mean():1.0 - self_distillation/num_distill_tokens:2217.161764705882 - self_distillation/empty_target_batch:0.0 - actor/grad_norm:0.5199058651924133 - timing_s/update_actor/student_forward:18.51554038678296 - timing_s/update_actor/teacher_forward:22.231370981957298 - timing_s/update_actor/teacher_full_forward:0.0 - timing_s/update_actor/teacher_null_forward:21.491054156969767 - timing_s/update_actor/loss_compute:0.02012756816111505 - timing_s/update_actor/backward:38.68105817097239 - timing_s/update_actor/optimizer_step:0.0874943399685435 - timing_s/update_actor/teacher_ema_update:5.5285985581576824e-05 - perf/mfu/actor:0.0 - perf/max_memory_allocated_gb:120.86376428604126 - perf/max_memory_reserved_gb:138.2109375 - perf/cpu_memory_used_gb:350.3864326477051 - actor/lr:2e-06 - training/global_step:35 - training/epoch:0 - response_length/mean:196.3112030029297 - response_length/max:1024.0 - response_length/min:3.0 - response_length/clip_ratio:0.02213541604578495 - response_length_non_aborted/mean:196.3112030029297 - response_length_non_aborted/max:1024.0 - response_length_non_aborted/min:3.0 - response_length_non_aborted/clip_ratio:0.02213541604578495 - response/aborted_ratio:0.0 - prompt_length/mean:294.7708435058594 - prompt_length/max:3329.0 - prompt_length/min:167.0 - prompt_length/clip_ratio:0.0 - num_turns/min:2 - num_turns/max:2 - num_turns/mean:2.0 - timing_s/start_profile:2.6196008548140526e-05 - timing_s/agent_loop/generate_sequences/min:1.4905423480086029 - timing_s/agent_loop/generate_sequences/max:27.95356836699648 - timing_s/agent_loop/generate_sequences/mean:13.40701451211165 - timing_s/agent_loop/tool_calls/min:0.0 - timing_s/agent_loop/tool_calls/max:0.0 - timing_s/agent_loop/tool_calls/mean:0.0 - timing_s/agent_loop/slowest/generate_sequences:27.95356836699648 - timing_s/agent_loop/slowest/tool_calls:0.0 - timing_s/agent_loop/slowest/prompt_length:390 - timing_s/agent_loop/slowest/response_length:1024 - timing_s/gen:35.75612194399582 - timing_s/adv:15.252337327983696 - timing_s/update_actor:114.13750467001228 - timing_s/dump_rollout_generations:0.29921896202722564 - timing_s/step:165.5705335069797 - timing_s/save_checkpoint:22.482563967001624 - timing_s/stop_profile:4.230800550431013e-05 - timing_per_token_ms/update_actor:0.3026307889148174 - timing_per_token_ms/adv:0.04044093036471783 - timing_per_token_ms/gen:0.2371614606909723 - perf/total_num_tokens:377151 - perf/time_per_step:165.5705335069797 - perf/throughput:1138.9436031022424
[36m(TaskRunner pid=18406)[0m Dumped generations to /sfs/weka/scratch/nkw3mr/Vision-OPD-OPSA/rollouts/Aha-center-Qwen3.5-4B/36.jsonl
[36m(TaskRunner pid=18406)[0m step:36 - global_seqlen/min:168126 - global_seqlen/max:193060 - global_seqlen/minmax_diff:24934 - global_seqlen/balanced_min:180593 - global_seqlen/balanced_max:180593 - global_seqlen/mean:180593.0 - self_distillation/teacher_always_on_fraction:1.0 - self_distillation/teacher_image_swap_fraction:1.0 - self_distillation/policy_fallback_fraction:0.0 - self_distillation/grpo_fallback_count:0.0 - rollout_corr/rollout_is_mean:1.0 - rollout_corr/rollout_is_ratio_fraction_high:0.0 - rollout_corr/rollout_is_ratio_fraction_low:0.0 - rollout_corr/rollout_is_max:1.0 - rollout_corr/rollout_is_min:1.0 - rollout_corr/rollout_is_std:0.0 - rollout_corr/rollout_is_eff_sample_size:1.0 - rollout_corr/rollout_is_seq_mean:1.0 - rollout_corr/rollout_is_seq_std:0.0 - rollout_corr/rollout_is_seq_max:1.0 - rollout_corr/rollout_is_seq_min:1.0 - rollout_corr/rollout_is_seq_max_deviation:0.0 - rollout_corr/rollout_is_seq_fraction_high:0.0 - rollout_corr/rollout_is_seq_fraction_low:0.0 - rollout_corr/training_ppl:6.315276351842013 - rollout_corr/training_log_ppl:1.5400676907915059 - rollout_corr/kl:0.26625754684209824 - rollout_corr/k3_kl:0.2717061261787559 - rollout_corr/rollout_ppl:4.053133090337118 - rollout_corr/rollout_log_ppl:1.2098995411034785 - rollout_corr/log_ppl_diff:0.33016814201167133 - rollout_corr/log_ppl_abs_diff:0.3316173835685759 - rollout_corr/log_ppl_diff_max:1.7637958526611328 - rollout_corr/log_ppl_diff_min:-0.29671335220336914 - rollout_corr/ppl_ratio:1.4595312602592236 - rollout_corr/chi2_token:10.682165676897222 - rollout_corr/chi2_seq:14.602001796166101 - actor/pg_loss:0.22362256539054215 - actor/kl_loss:0.0 - actor/grpo_loss:0.0 - actor/vopd_loss:0.22362256539054215 - actor/vopd_loss_weighted:0.22362256539054215 - actor/policy_fallback_fraction:0.0 - aha/u_mean:-0.1282716088180402 - aha/u_neg_valley_frac:0.5326615431995103 - aha/floor_clamped_frac:0.0 - aha/q_tail_mass:0.0046564745046480584 - aha/u_centered_mean:-0.28305139866742224 - aha/u_centered_absmean:0.7308518615635959 - aha/u_centered_wmean:-2.6259257556693e-09 - aha/argmax_conf:0.6973961591720581 - self_distillation/raw_jsd_token_mean:0.2250871242898883 - self_distillation/weighted_jsd_token_mean:0.2250871242898883 - self_distillation/self_distillation_mask.mean():1.0 - self_distillation/num_distill_tokens:1985.969696969697 - self_distillation/empty_target_batch:0.0 - actor/grad_norm:1.1855270862579346 - timing_s/update_actor/student_forward:17.448733029770665 - timing_s/update_actor/teacher_forward:21.725638798146974 - timing_s/update_actor/teacher_full_forward:0.0 - timing_s/update_actor/teacher_null_forward:20.90542955417186 - timing_s/update_actor/loss_compute:0.019529571058228612 - timing_s/update_actor/backward:37.26992680906551 - timing_s/update_actor/optimizer_step:0.0861623709788546 - timing_s/update_actor/teacher_ema_update:4.07960033044219e-05 - perf/mfu/actor:0.0 - perf/max_memory_allocated_gb:120.86376428604126 - perf/max_memory_reserved_gb:138.2109375 - perf/cpu_memory_used_gb:351.35472869873047 - actor/lr:2e-06 - training/global_step:36 - training/epoch:0 - response_length/mean:170.6692657470703 - response_length/max:1024.0 - response_length/min:5.0 - response_length/clip_ratio:0.009114583022892475 - response_length_non_aborted/mean:170.6692657470703 - response_length_non_aborted/max:1024.0 - response_length_non_aborted/min:5.0 - response_length_non_aborted/clip_ratio:0.009114583022892475 - response/aborted_ratio:0.0 - prompt_length/mean:299.625 - prompt_length/max:3329.0 - prompt_length/min:99.0 - prompt_length/clip_ratio:0.0 - num_turns/min:2 - num_turns/max:2 - num_turns/mean:2.0 - timing_s/start_profile:3.635004395619035e-05 - timing_s/agent_loop/generate_sequences/min:1.9608834619866684 - timing_s/agent_loop/generate_sequences/max:26.563639223983046 - timing_s/agent_loop/generate_sequences/mean:12.61809520538221 - timing_s/agent_loop/tool_calls/min:0.0 - timing_s/agent_loop/tool_calls/max:0.0 - timing_s/agent_loop/tool_calls/mean:0.0 - timing_s/agent_loop/slowest/generate_sequences:26.563639223983046 - timing_s/a[36m(TaskRunner pid=18406)[0m Training Progress:  88%|████████▊ | 36/41 [1:37:55<14:14, 170.82s/it]
[36m(WorkerDict pid=54090)[0m /sfs/weka/scratch/nkw3mr/Vision-OPD-OPSA/verl/utils/device.py:134: FutureWarning: torch.cuda._set_allocator_settings is deprecated. Use torch._C._accelerator_setAllocatorSettings instead.
[36m(WorkerDict pid=54090)[0m   torch.cuda.memory._set_allocator_settings(f"expandable_segments:{enable}")
[36m(TaskRunner pid=18406)[0m Training Progress:  90%|█████████ | 37/41 [1:40:27<11:01, 165.33s/it]
gent_loop/slowest/tool_calls:0.0 - timing_s/agent_loop/slowest/prompt_length:216 - timing_s/agent_loop/slowest/response_length:1024 - timing_s/gen:32.59261388803134 - timing_s/adv:15.198021936987061 - timing_s/update_actor:112.49943799100583 - timing_s/dump_rollout_generations:0.2885922329733148 - timing_s/step:160.68547158001456 - timing_s/stop_profile:2.53950129263103e-05 - timing_per_token_ms/update_actor:0.31147231064051717 - timing_per_token_ms/adv:0.04207810362801177 - timing_per_token_ms/gen:0.24865811593474935 - perf/total_num_tokens:361186 - perf/time_per_step:160.68547158001456 - perf/throughput:1123.8912779371738
[36m(TaskRunner pid=18406)[0m Dumped generations to /sfs/weka/scratch/nkw3mr/Vision-OPD-OPSA/rollouts/Aha-center-Qwen3.5-4B/37.jsonl
[36m(TaskRunner pid=18406)[0m step:37 - global_seqlen/min:171497 - global_seqlen/max:173538 - global_seqlen/minmax_diff:2041 - global_seqlen/balanced_min:172470 - global_seqlen/balanced_max:172565 - global_seqlen/mean:172517.5 - self_distillation/teacher_always_on_fraction:1.0 - self_distillation/teacher_image_swap_fraction:1.0 - self_distillation/policy_fallback_fraction:0.0 - self_distillation/grpo_fallback_count:0.0 - rollout_corr/rollout_is_mean:1.0 - rollout_corr/rollout_is_ratio_fraction_high:0.0 - rollout_corr/rollout_is_ratio_fraction_low:0.0 - rollout_corr/rollout_is_max:1.0 - rollout_corr/rollout_is_min:1.0 - rollout_corr/rollout_is_std:0.0 - rollout_corr/rollout_is_eff_sample_size:1.0 - rollout_corr/rollout_is_seq_mean:1.0 - rollout_corr/rollout_is_seq_std:0.0 - rollout_corr/rollout_is_seq_max:1.0 - rollout_corr/rollout_is_seq_min:1.0 - rollout_corr/rollout_is_seq_max_deviation:0.0 - rollout_corr/rollout_is_seq_fraction_high:0.0 - rollout_corr/rollout_is_seq_fraction_low:0.0 - rollout_corr/training_ppl:6.520366207245857 - rollout_corr/training_log_ppl:1.5788737189385198 - rollout_corr/kl:0.2804737666681889 - rollout_corr/k3_kl:0.29537820040939317 - rollout_corr/rollout_ppl:4.201768444430444 - rollout_corr/rollout_log_ppl:1.2377259808201944 - rollout_corr/log_ppl_diff:0.34114774869334313 - rollout_corr/log_ppl_abs_diff:0.3435636701122407 - rollout_corr/log_ppl_diff_max:1.8931505680084229 - rollout_corr/log_ppl_diff_min:-0.35412120819091797 - rollout_corr/ppl_ratio:1.4826714838704755 - rollout_corr/chi2_token:46.139591509296054 - rollout_corr/chi2_seq:-0.8218476185875554 - actor/pg_loss:0.23656607464848395 - actor/kl_loss:0.0 - actor/grpo_loss:0.0 - actor/vopd_loss:0.23656607464848395 - actor/vopd_loss_weighted:0.23656607464848395 - actor/policy_fallback_fraction:0.0 - aha/u_mean:-0.09978636010219494 - aha/u_neg_valley_frac:0.5274601819053772 - aha/floor_clamped_frac:0.0 - aha/q_tail_mass:0.005342901714386479 - aha/u_centered_mean:-0.28375934112456536 - aha/u_centered_absmean:0.7421349469692476 - aha/u_centered_wmean:-2.5541210304889883e-09 - aha/argmax_conf:0.8729325532913208 - self_distillation/raw_jsd_token_mean:0.23613769573069388 - self_distillation/weighted_jsd_token_mean:0.23613769573069388 - self_distillation/self_distillation_mask.mean():1.0 - self_distillation/num_distill_tokens:1925.467741935484 - self_distillation/empty_target_batch:0.0 - actor/grad_norm:0.5263895988464355 - timing_s/update_actor/student_forward:15.701651930867229 - timing_s/update_actor/teacher_forward:19.794677301950287 - timing_s/update_actor/teacher_full_forward:0.0 - timing_s/update_actor/teacher_null_forward:19.588215784926433 - timing_s/update_actor/loss_compute:0.018516622891183943 - timing_s/update_actor/backward:35.520138111838605 - timing_s/update_actor/optimizer_step:0.08746657596202567 - timing_s/update_actor/teacher_ema_update:6.963597843423486e-05 - perf/mfu/actor:0.0 - perf/max_memory_allocated_gb:120.86376428604126 - perf/max_memory_reserved_gb:138.2109375 - perf/cpu_memory_used_gb:350.7401008605957 - actor/lr:2e-06 - training/global_step:37 - training/epoch:0 - response_length/mean:155.44140625 - response_length/max:1024.0 - response_length/min:4.0 - response_length/clip_ratio:0.009114583022892475 - response_length_non_aborted/mean:155.44140625 - response_length_non_aborted/max:1024.0 - response_length_non_aborted/min:4.0 - response_length_non_aborted/clip_ratio:0.009114583022892475 - response/aborted_ratio:0.0 - prompt_length/mean:293.8229064941406 - prompt_length/max:2955.0 - prompt_length/min:167.0 - prompt_length/clip_ratio:0.0 - num_turns/min:2 - num_turns/max:2 - num_turns/mean:2.0 - timing_s/start_profile:4.876696038991213e-05 - timing_s/agent_loop/generate_sequences/min:1.628843048994895 - timing_s/agent_loop/generate_sequences/max:26.393706250994 - timing_s/agent_loop/generate_sequences/mean:12.056270518484931 - timing_s/agent_loop/tool_calls/min:0.0 - timing_s/agent_loop/tool_calls/max:0.0 - timing_s/agent_loop/tool_calls/mean:0.0 - timing_s/agent_loop/slowest/generate_sequences:26.393706250994 - timing_s/agent_loop/slowest/tool_calls:0.0 - timing_s/agent_loop/slowest/prompt_length:336 - timing_s/agent_loop/slowest/response_length:1024 - timing_s/gen:33.56843495200155 - timing_s/adv:15.186275224026758 - timing_s/update_actor:103.31925866601523 - timing_s/dump_rollout_generations:0.2895777020021342 - timing_s/step:152.48067677603103 - timing_s/stop_profile:2.3743021301925182e-05 - timing_per_token_ms/update_actor:0.29944573352273024 - timing_per_token_ms/adv:0.04401372389475491 - timing_per_token_ms/gen:0.2811921271915626 - perf/total_num_tokens:345035 - perf/time_per_step:152.48067677603103 - perf/throughput:1131.4056551139247
[36m(TaskRunner pid=18406)[0m Dumped generations to /sfs/weka/scratch/nkw3mr/Vision-OPD-OPSA/rollouts/Aha-center-Qwen3.5-4B/38.jsonl
[36m(TaskRunner pid=18406)[0m step:38 - global_seqlen/min:158703 - global_seqlen/max:159062 - global_seqlen/minmax_diff:359 - global_seqlen/balanced_min:158882 - global_seqlen/balanced_max:158883 - global_seqlen/mean:158882.5 - self_distillation/teacher_always_on_fraction:1.0 - self_distillation/teacher_image_swap_fraction:1.0 - self_distillation/policy_fallback_fraction:0.0 - self_distillation/grpo_fallback_count:0.0 - rollout_corr/rollout_is_mean:1.0 - rollout_corr/rollout_is_ratio_fraction_high:0.0 - rollout_corr/rollout_is_ratio_fraction_low:0.0 - rollout_corr/rollout_is_max:1.0 - rollout_corr/rollout_is_min:1.0 - rollout_corr/rollout_is_std:0.0 - rollout_corr/rollout_is_eff_sample_size:1.0 - rollout_corr/rollout_is_seq_mean:1.0 - rollout_corr/rollout_is_seq_std:0.0 - rollout_corr/rollout_is_seq_max:1.0 - rollout_corr/rollout_is_seq_min:1.0 - rollout_corr/rollout_is_seq_max_deviation:0.0 - rollout_corr/rollout_is_seq_fraction_high:0.0 - rollout_corr/rollout_is_seq_fraction_low:0.0 - rollout_corr/training_ppl:8.102296623690375 - rollout_corr/training_log_ppl:1.5854333947444785 - rollout_corr/kl:0.29093991245689066 - rollout_corr/k3_kl:0.27268016055740163 - rollout_corr/rollout_ppl:4.047796722116141 - rollout_corr/rollout_log_ppl:1.2091526183588752 - rollout_corr/log_ppl_diff:0.3762807697057724 - rollout_corr/log_ppl_abs_diff:0.37793537511907777 - rollout_corr/log_ppl_diff_max:2.884263515472412 - rollout_corr/log_ppl_diff_min:-0.32947540283203125 - rollout_corr/ppl_ratio:1.5458665860110314 - rollout_corr/chi2_token:2.9157652505512894 - rollout_corr/chi2_seq:-0.8153903114384617 - actor/pg_loss:0.2094416872908672 - actor/kl_loss:0.0 - actor/grpo_loss:0.0 - actor/vopd_loss:0.2094416872908672 - actor/vopd_loss_weighted:0.2094416872908672 - actor/policy_fallback_fraction:0.0 - aha/u_mean:-0.1072249377486577 - aha/u_neg_valley_frac:0.5333718765398552 - aha/floor_clamped_frac:0.0 - aha/q_tail_mass:0.005138329001432606 - aha/u_centered_mean:-0.25305627954417265 - aha/u_centered_absmean:0.6740241410403416 - aha/u_centered_wmean:-2.2382884111174986e-09 - aha/argmax_conf:0.6950812339782715 - self_distillation/raw_jsd_token_mean:0.20887142856573238 - self_distillation/weighted_jsd_token_mean:0.20887142856573238 - self_distillation/self_distillation_mask.mean():1.0 - self_distillation/num_distill_tokens:2241.7413793103447 - self_distillation/empty_target_batch:0.0 - actor/grad_norm:0.3671152889728546 - timing_s/update_actor/student_forward:15.133165847160853 - timing_s/update_actor/teacher_forward:17.992085659876466 - timing_s/update_actor/teacher_full_forward:0.0 - timing_s/update_actor/teacher_null_forward:17.66248512605671 - timing_s/update_actor/loss_compute:0.017151341075077653 - timing_s/update_actor/backward:31.359282181831077 - timing_s/update_actor/optimizer_step:0.08613605698337778 - timing_s/update_actor/teacher_ema_update:3.9745005778968334e-05 - perf/mfu/actor:0.0 - perf/max_memory_allocated_gb:120.86376428604126 - perf/max_memory_reserved_gb:138.2109375 - perf/cpu_memory_used_gb:347.7814598083496 - actor/lr:2e-06 - training/global_step:38 - training/epoch:0 - response_length/mean:169.2981719970703 - response_length/max:1024.0 - response_length/min:3.0 - response_length/clip_ratio:0.01692708395421505 - response_length_non_aborted/mean:169.2981719970703 - response_length_non_aborted/max:1024.0 - response_length_non_aborted/min:3.0 - response_length_non_aborted/clip_ratio:0.01692708395421505 - response/aborted_ratio:0.0 - prompt_length/mean:244.4583282470703 - prompt_length/max:791.0 - prompt_length/min:135.0 - prompt_length/clip_ratio:0.0 - num_turns/min:2 - num_turns/max:2 - num_turns/mean:2.0 - timing_s/start_profile:3.37570090778172e-05 - timing_s/agent_loop/generate_sequences/min:2.407705429010093 - timing_s/agent_loop/generate_sequences/max:25.678187390964013 - timing_s/agent_loop/generate_sequences/mean:11.427290997874556 - timing_s/agent_loop/tool_calls/min:0.0 - timing_s/agent_loop/tool_calls/max:0.0 - timing_s/agent_loop/tool_calls/mean:0.0 - timing_s/agent_loop/slowest/generate_sequences:25.678187390964013 -[36m(TaskRunner pid=18406)[0m Training Progress:  93%|█████████▎| 38/41 [1:42:46<07:52, 157.39s/it]
[36m(TaskRunner pid=18406)[0m Training Progress:  95%|█████████▌| 39/41 [1:45:20<05:12, 156.47s/it]
 timing_s/agent_loop/slowest/tool_calls:0.0 - timing_s/agent_loop/slowest/prompt_length:327 - timing_s/agent_loop/slowest/response_length:1024 - timing_s/gen:31.95011627697386 - timing_s/adv:13.266748132999055 - timing_s/update_actor:93.13480663503287 - timing_s/dump_rollout_generations:0.29190346103860065 - timing_s/step:138.77224464301253 - timing_s/stop_profile:3.160297637805343e-05 - timing_per_token_ms/update_actor:0.2930933445629093 - timing_per_token_ms/adv:0.041750186877091734 - timing_per_token_ms/gen:0.2457304302918287 - perf/total_num_tokens:317765 - perf/time_per_step:138.77224464301253 - perf/throughput:1144.915544233795
[36m(TaskRunner pid=18406)[0m Dumped generations to /sfs/weka/scratch/nkw3mr/Vision-OPD-OPSA/rollouts/Aha-center-Qwen3.5-4B/39.jsonl
[36m(TaskRunner pid=18406)[0m step:39 - global_seqlen/min:154222 - global_seqlen/max:185088 - global_seqlen/minmax_diff:30866 - global_seqlen/balanced_min:169601 - global_seqlen/balanced_max:169709 - global_seqlen/mean:169655.0 - self_distillation/teacher_always_on_fraction:1.0 - self_distillation/teacher_image_swap_fraction:1.0 - self_distillation/policy_fallback_fraction:0.0 - self_distillation/grpo_fallback_count:0.0 - rollout_corr/rollout_is_mean:1.0 - rollout_corr/rollout_is_ratio_fraction_high:0.0 - rollout_corr/rollout_is_ratio_fraction_low:0.0 - rollout_corr/rollout_is_max:1.0 - rollout_corr/rollout_is_min:1.0 - rollout_corr/rollout_is_std:0.0 - rollout_corr/rollout_is_eff_sample_size:1.0 - rollout_corr/rollout_is_seq_mean:1.0 - rollout_corr/rollout_is_seq_std:0.0 - rollout_corr/rollout_is_seq_max:1.0 - rollout_corr/rollout_is_seq_min:1.0 - rollout_corr/rollout_is_seq_max_deviation:0.0 - rollout_corr/rollout_is_seq_fraction_high:0.0 - rollout_corr/rollout_is_seq_fraction_low:0.0 - rollout_corr/training_ppl:6.703072782485716 - rollout_corr/training_log_ppl:1.5843442178541614 - rollout_corr/kl:0.2846864389796411 - rollout_corr/k3_kl:0.2646387835904475 - rollout_corr/rollout_ppl:4.036309711394772 - rollout_corr/rollout_log_ppl:1.2210526360619451 - rollout_corr/log_ppl_diff:0.3632915716978812 - rollout_corr/log_ppl_abs_diff:0.3640366727786679 - rollout_corr/log_ppl_diff_max:2.033226490020752 - rollout_corr/log_ppl_diff_min:-0.05087780952453613 - rollout_corr/ppl_ratio:1.5160068908045368 - rollout_corr/chi2_token:3.441570628073908 - rollout_corr/chi2_seq:-0.8706610731540187 - actor/pg_loss:0.22556516060528037 - actor/kl_loss:0.0 - actor/grpo_loss:0.0 - actor/vopd_loss:0.22556516060528037 - actor/vopd_loss_weighted:0.22556516060528037 - actor/policy_fallback_fraction:0.0 - aha/u_mean:-0.0971194138232198 - aha/u_neg_valley_frac:0.5307691203009698 - aha/floor_clamped_frac:0.0 - aha/q_tail_mass:0.004628057950251405 - aha/u_centered_mean:-0.2656552793998872 - aha/u_centered_absmean:0.7163820127325673 - aha/u_centered_wmean:-2.461631652549459e-09 - aha/argmax_conf:0.6961544156074524 - self_distillation/raw_jsd_token_mean:0.22528811039463165 - self_distillation/weighted_jsd_token_mean:0.22528811039463165 - self_distillation/self_distillation_mask.mean():1.0 - self_distillation/num_distill_tokens:1937.3870967741937 - self_distillation/empty_target_batch:0.0 - actor/grad_norm:0.43164393305778503 - timing_s/update_actor/student_forward:15.151284616906196 - timing_s/update_actor/teacher_forward:20.382590815075673 - timing_s/update_actor/teacher_full_forward:0.0 - timing_s/update_actor/teacher_null_forward:19.738589101936668 - timing_s/update_actor/loss_compute:0.018626642122399062 - timing_s/update_actor/backward:35.36297749885125 - timing_s/update_actor/optimizer_step:0.08603458799188957 - timing_s/update_actor/teacher_ema_update:3.8672995287925005e-05 - perf/mfu/actor:0.0 - perf/max_memory_allocated_gb:120.86376428604126 - perf/max_memory_reserved_gb:138.2109375 - perf/cpu_memory_used_gb:346.10572624206543 - actor/lr:2e-06 - training/global_step:39 - training/epoch:0 - response_length/mean:156.4036407470703 - response_length/max:1024.0 - response_length/min:3.0 - response_length/clip_ratio:0.013020833022892475 - response_length_non_aborted/mean:156.4036407470703 - response_length_non_aborted/max:1024.0 - response_length_non_aborted/min:3.0 - response_length_non_aborted/clip_ratio:0.013020833022892475 - response/aborted_ratio:0.0 - prompt_length/mean:285.40625 - prompt_length/max:3330.0 - prompt_length/min:136.0 - prompt_length/clip_ratio:0.0 - num_turns/min:2 - num_turns/max:2 - num_turns/mean:2.0 - timing_s/start_profile:3.62499849870801e-05 - timing_s/agent_loop/generate_sequences/min:2.0888167250086553 - timing_s/agent_loop/generate_sequences/max:25.475481101952028 - timing_s/agent_loop/generate_sequences/mean:11.312938807136183 - timing_s/agent_loop/tool_calls/min:0.0 - timing_s/agent_loop/tool_calls/max:0.0 - timing_s/agent_loop/tool_calls/mean:0.0 - timing_s/agent_loop/slowest/generate_sequences:25.475481101952028 - timing_s/agent_loop/slowest/tool_calls:0.0 - timing_s/agent_loop/slowest/prompt_length:309 - timing_s/agent_loop/slowest/response_length:1024 - timing_s/gen:32.84636139601935 - timing_s/adv:16.61030236101942 - timing_s/update_actor:104.41609424602939 - timing_s/dump_rollout_generations:0.2824590529780835 - timing_s/step:154.27058480796404 - timing_s/stop_profile:2.625602064654231e-05 - timing_per_token_ms/update_actor:0.3077306717928425 - timing_per_token_ms/adv:0.04895317662615137 - timing_per_token_ms/gen:0.2734507850282168 - perf/total_num_tokens:339310 - perf/time_per_step:154.27058480796404 - perf/throughput:1099.7235812075676
[36m(TaskRunner pid=18406)[0m Dumped generations to /sfs/weka/scratch/nkw3mr/Vision-OPD-OPSA/rollouts/Aha-center-Qwen3.5-4B/40.jsonl
[36m(TaskRunner pid=18406)[0m local_global_step_folder: /sfs/weka/scratch/nkw3mr/Vision-OPD-OPSA/checkpoints/Aha-center-Qwen3.5-4B/global_step_40
[36m(TaskRunner pid=18406)[0m step:40 - global_seqlen/min:138634 - global_seqlen/max:168307 - global_seqlen/minmax_diff:29673 - global_seqlen/balanced_min:153468 - global_seqlen/balanced_max:153473 - global_seqlen/mean:153470.5 - self_distillation/teacher_always_on_fraction:1.0 - self_distillation/teacher_image_swap_fraction:1.0 - self_distillation/policy_fallback_fraction:0.0 - self_distillation/grpo_fallback_count:0.0 - rollout_corr/rollout_is_mean:1.0 - rollout_corr/rollout_is_ratio_fraction_high:0.0 - rollout_corr/rollout_is_ratio_fraction_low:0.0 - rollout_corr/rollout_is_max:1.0 - rollout_corr/rollout_is_min:1.0 - rollout_corr/rollout_is_std:0.0 - rollout_corr/rollout_is_eff_sample_size:1.0 - rollout_corr/rollout_is_seq_mean:1.0 - rollout_corr/rollout_is_seq_std:0.0 - rollout_corr/rollout_is_seq_max:1.0 - rollout_corr/rollout_is_seq_min:1.0 - rollout_corr/rollout_is_seq_max_deviation:0.0 - rollout_corr/rollout_is_seq_fraction_high:0.0 - rollout_corr/rollout_is_seq_fraction_low:0.0 - rollout_corr/training_ppl:6.376072696277074 - rollout_corr/training_log_ppl:1.5881770146744592 - rollout_corr/kl:0.3022993369294064 - rollout_corr/k3_kl:0.2727952250944716 - rollout_corr/rollout_ppl:4.066866202013832 - rollout_corr/rollout_log_ppl:1.21489588703428 - rollout_corr/log_ppl_diff:0.3732811430735248 - rollout_corr/log_ppl_abs_diff:0.37373458274773186 - rollout_corr/log_ppl_diff_max:1.8126615285873413 - rollout_corr/log_ppl_diff_min:-0.09488344192504883 - rollout_corr/ppl_ratio:1.5232360724891936 - rollout_corr/chi2_token:2.5705127716064453 - rollout_corr/chi2_seq:-0.8838071610246386 - actor/pg_loss:0.21998059254838154 - actor/kl_loss:0.0 - actor/grpo_loss:0.0 - actor/vopd_loss:0.21998059254838154 - actor/vopd_loss_weighted:0.21998059254838154 - actor/policy_fallback_fraction:0.0 - aha/u_mean:-0.07648746394988848 - aha/u_neg_valley_frac:0.5276349926633495 - aha/floor_clamped_frac:0.0 - aha/q_tail_mass:0.005452674422745727 - aha/u_centered_mean:-0.2595957316724318 - aha/u_centered_absmean:0.7061489543744496 - aha/u_centered_wmean:-2.3839324677876555e-09 - aha/argmax_conf:0.6872339844703674 - self_distillation/raw_jsd_token_mean:0.21965962036379746 - self_distillation/weighted_jsd_token_mean:0.21965962036379746 - self_distillation/self_distillation_mask.mean():1.0 - self_distillation/num_distill_tokens:2146.375 - self_distillation/empty_target_batch:0.0 - actor/grad_norm:0.7229188084602356 - timing_s/update_actor/student_forward:14.133720479090698 - timing_s/update_actor/teacher_forward:17.964267358882353 - timing_s/update_actor/teacher_full_forward:0.0 - timing_s/update_actor/teacher_null_forward:17.329255297896452 - timing_s/update_actor/loss_compute:0.016615292988717556 - timing_s/update_actor/backward:29.76750204304699 - timing_s/update_actor/optimizer_step:0.08616580598754808 - timing_s/update_actor/teacher_ema_update:4.033499862998724e-05 - perf/mfu/actor:0.0 - perf/max_memory_allocated_gb:120.86376428604126 - perf/max_memory_reserved_gb:138.2109375 - perf/cpu_memory_used_gb:345.43382263183594 - actor/lr:2e-06 - training/global_step:40 - training/epoch:0 - response_length/mean:156.5065155029297 - response_length/max:1024.0 - response_length/min:8.0 - response_length/clip_ratio:0.0065104165114462376 - response_length_non_aborted/mean:156.5065155029297 - response_length_non_aborted/max:1024.0 - response_length_non_aborted/min:8.0 - response_length_non_aborted/clip_ratio:0.0065104165114462376 - response/aborted_ratio:0.0 - prompt_length/mean:243.15625 - prompt_length/max:795.0 - prompt_length/min:113.0 - prompt_length/clip_ratio:0.0 - num_turns/min:2 - num_turns/max:2 - num_turns/mean:2.0 - timing_s/start_profile:2.4173001293092966e-05 - timing_s/agent_loop/generate_sequences/min:2.755259397032205 - timing_s/agent_loop/generate_sequences/max:24.832406706002075 - timing_s/agent_loop/generate_sequences/mean:11.108832912287804 - timing_s/agent_loop/tool_calls/min:0.0 - timing_s/agent_loop/tool_calls/max:0.0 - timing_s/agent_loop/tool_calls/mean:0.0 - timing_s/agent_loop/slowest/generate_sequences:24.832406706002075 - timing_s/[36m(TaskRunner pid=18406)[0m Training Progress:  98%|█████████▊| 40/41 [1:47:56<02:36, 156.30s/it]
[36m(WorkerDict pid=54076)[0m /sfs/weka/scratch/nkw3mr/Vision-OPD-OPSA/verl/utils/device.py:134: FutureWarning: torch.cuda._set_allocator_settings is deprecated. Use torch._C._accelerator_setAllocatorSettings instead.
[36m(WorkerDict pid=54076)[0m   torch.cuda.memory._set_allocator_settings(f"expandable_segments:{enable}")
agent_loop/slowest/tool_calls:0.0 - timing_s/agent_loop/slowest/prompt_length:308 - timing_s/agent_loop/slowest/response_length:1024 - timing_s/gen:31.992988215002697 - timing_s/adv:13.941726322984323 - timing_s/update_actor:88.08627555600833 - timing_s/dump_rollout_generations:0.2827365780249238 - timing_s/step:134.42661561002024 - timing_s/save_checkpoint:21.431788204004988 - timing_s/stop_profile:3.046198980882764e-05 - timing_per_token_ms/update_actor:0.2869811317354421 - timing_per_token_ms/adv:0.045421518542600445 - timing_per_token_ms/gen:0.26617127062241736 - perf/total_num_tokens:306941 - perf/time_per_step:134.42661561002024 - perf/throughput:1141.6675135616538
[36m(TaskRunner pid=18406)[0m Dumped generations to /sfs/weka/scratch/nkw3mr/Vision-OPD-OPSA/rollouts/Aha-center-Qwen3.5-4B/41.jsonl
[36m(TaskRunner pid=18406)[0m local_global_step_folder: /sfs/weka/scratch/nkw3mr/Vision-OPD-OPSA/checkpoints/Aha-center-Qwen3.5-4B/global_step_41
[36m(TaskRunner pid=18406)[0m Training Progress: 100%|██████████| 41/41 [1:50:42<00:00, 159.24s/it]Training Progress: 100%|██████████| 41/41 [1:50:42<00:00, 162.02s/it]
[36m(WorkerDict pid=54090)[0m /sfs/weka/scratch/nkw3mr/Vision-OPD-OPSA/verl/utils/device.py:134: FutureWarning: torch.cuda._set_allocator_settings is deprecated. Use torch._C._accelerator_setAllocatorSettings instead.
[36m(WorkerDict pid=54090)[0m   torch.cuda.memory._set_allocator_settings(f"expandable_segments:{enable}")
[36m(TaskRunner pid=18406)[0m step:41 - global_seqlen/min:162257 - global_seqlen/max:165172 - global_seqlen/minmax_diff:2915 - global_seqlen/balanced_min:163714 - global_seqlen/balanced_max:163715 - global_seqlen/mean:163714.5 - self_distillation/teacher_always_on_fraction:1.0 - self_distillation/teacher_image_swap_fraction:1.0 - self_distillation/policy_fallback_fraction:0.0 - self_distillation/grpo_fallback_count:0.0 - rollout_corr/rollout_is_mean:1.0 - rollout_corr/rollout_is_ratio_fraction_high:0.0 - rollout_corr/rollout_is_ratio_fraction_low:0.0 - rollout_corr/rollout_is_max:1.0 - rollout_corr/rollout_is_min:1.0 - rollout_corr/rollout_is_std:0.0 - rollout_corr/rollout_is_eff_sample_size:1.0 - rollout_corr/rollout_is_seq_mean:1.0 - rollout_corr/rollout_is_seq_std:0.0 - rollout_corr/rollout_is_seq_max:1.0 - rollout_corr/rollout_is_seq_min:1.0 - rollout_corr/rollout_is_seq_max_deviation:0.0 - rollout_corr/rollout_is_seq_fraction_high:0.0 - rollout_corr/rollout_is_seq_fraction_low:0.0 - rollout_corr/training_ppl:7.387530477841695 - rollout_corr/training_log_ppl:1.5690344194571177 - rollout_corr/kl:0.30255510086814563 - rollout_corr/k3_kl:0.4334025065104167 - rollout_corr/rollout_ppl:4.0681929111480715 - rollout_corr/rollout_log_ppl:1.213057487209638 - rollout_corr/log_ppl_diff:0.35597693994641305 - rollout_corr/log_ppl_abs_diff:0.35725237106283503 - rollout_corr/log_ppl_diff_max:2.4055161476135254 - rollout_corr/log_ppl_diff_min:-0.20324230194091797 - rollout_corr/ppl_ratio:1.4991027514139812 - rollout_corr/chi2_token:990.6042587836583 - rollout_corr/chi2_seq:-0.8897411207358042 - actor/pg_loss:0.20842361929438386 - actor/kl_loss:0.0 - actor/grpo_loss:0.0 - actor/vopd_loss:0.20842361929438386 - actor/vopd_loss_weighted:0.20842361929438386 - actor/policy_fallback_fraction:0.0 - aha/u_mean:-0.06373926974241234 - aha/u_neg_valley_frac:0.5290789902210236 - aha/floor_clamped_frac:0.0 - aha/q_tail_mass:0.0053397236120266214 - aha/u_centered_mean:-0.23783048142989477 - aha/u_centered_absmean:0.6631623655557632 - aha/u_centered_wmean:-2.0026659430331474e-09 - aha/argmax_conf:0.6811588406562805 - self_distillation/raw_jsd_token_mean:0.2083194822072983 - self_distillation/weighted_jsd_token_mean:0.2083194822072983 - self_distillation/self_distillation_mask.mean():1.0 - self_distillation/num_distill_tokens:2160.75 - self_distillation/empty_target_batch:0.0 - actor/grad_norm:0.36648350954055786 - timing_s/update_actor/student_forward:14.83904025197262 - timing_s/update_actor/teacher_forward:19.048122805019375 - timing_s/update_actor/teacher_full_forward:0.0 - timing_s/update_actor/teacher_null_forward:18.39901137398556 - timing_s/update_actor/loss_compute:0.01772721210727468 - timing_s/update_actor/backward:32.802570375963114 - timing_s/update_actor/optimizer_step:0.08596927596954629 - timing_s/update_actor/teacher_ema_update:4.73249820061028e-05 - perf/mfu/actor:0.0 - perf/max_memory_allocated_gb:120.86376428604126 - perf/max_memory_reserved_gb:138.2109375 - perf/cpu_memory_used_gb:346.0420799255371 - actor/lr:2e-06 - training/global_step:41 - training/epoch:0 - response_length/mean:168.80859375 - response_length/max:1024.0 - response_length/min:3.0 - response_length/clip_ratio:0.010416666977107525 - response_length_non_aborted/mean:168.80859375 - response_length_non_aborted/max:1024.0 - response_length_non_aborted/min:3.0 - response_length_non_aborted/clip_ratio:0.010416666977107525 - response/aborted_ratio:0.0 - prompt_length/mean:257.53125 - prompt_length/max:798.0 - prompt_length/min:167.0 - prompt_length/clip_ratio:0.0 - num_turns/min:2 - num_turns/max:2 - num_turns/mean:2.0 - timing_s/start_profile:2.3402972146868706e-05 - timing_s/agent_loop/generate_sequences/min:1.373458392044995 - timing_s/agent_loop/generate_sequences/max:25.076083570020273 - timing_s/agent_loop/generate_sequences/mean:11.469910369849837 - timing_s/agent_loop/tool_calls/min:0.0 - timing_s/agent_loop/tool_calls/max:0.0 - timing_s/agent_loop/tool_calls/mean:0.0 - timing_s/agent_loop/slowest/generate_sequences:25.076083570020273 - timing_s/agent_loop/slowest/tool_calls:0.0 - timing_s/agent_loop/slowest/prompt_length:225 - timing_s/agent_loop/slowest/response_length:1024 - timing_s/gen:31.165849444980267 - timing_s/adv:13.840698306972627 - timing_s/update_actor:96.37598253501346 - timing_s/dump_rollout_generations:0.288439758005552 - timing_s/step:141.80626313301036 - timing_s/save_checkpoint:24.251183440966997 - timing_s/stop_profile:3.6259007174521685e-05 - timing_per_token_ms/update_actor:0.2943416207330855 - timing_per_token_ms/adv:0.042270838279360186 - timing_per_token_ms/gen:0.24039376331505471 - perf/total_num_tokens:327429 - perf/time_per_step:141.80626313301036 - perf/throughput:1154.4941413937431
[36m(TaskRunner pid=18406)[0m 'Final validation metrics: None'
