Running: Aha-floor-Qwen3.5-4B  (aha_beta=4.0, floor_alpha=0.1)
Teacher: frozen init copy (source=legacy, update_rate=0.0)
2026-09-08 04:10:40,544	INFO worker.py:1998 -- Started a local Ray instance. View the dashboard at [1m[32mhttp://127.0.0.1:8265 [39m[22m
/sfs/weka/scratch/nkw3mr/envs/vision-opd/lib/python3.12/site-packages/ray/_private/worker.py:2046: FutureWarning: Tip: In future versions of Ray, Ray will no longer override accelerator visible devices env var if num_gpus=0 or num_gpus=None (default). To enable this behavior and turn off this error message, set RAY_ACCEL_ENV_VAR_OVERRIDE_ON_ZERO=0
  warnings.warn(
[36m(TaskRunner pid=949573)[0m /sfs/weka/scratch/nkw3mr/Vision-OPD-OPSA/verl/trainer/main_ppo.py:320: UserWarning: Disabled critic as algorithm.adv_estimator != gae. If it is not intended, please set critic.enable=True
[36m(TaskRunner pid=949573)[0m   use_critic=need_critic(config),
ray init kwargs: {'num_cpus': None, 'runtime_env': {'env_vars': {'TOKENIZERS_PARALLELISM': 'true', 'NCCL_DEBUG': 'WARN', 'VLLM_LOGGING_LEVEL': 'WARN', 'VLLM_ALLOW_RUNTIME_LORA_UPDATING': 'true', 'VLLM_ALLREDUCE_USE_SYMM_MEM': '0', 'CUDA_DEVICE_MAX_CONNECTIONS': '1', 'NCCL_CUMEM_ENABLE': '0'}, 'working_dir': None}}
[36m(TaskRunner pid=949573)[0m TaskRunner hostname: udc-aw37-6, PID: 949573
[36m(TaskRunner pid=949573)[0m {'actor_rollout_ref': {'actor': {'_target_': 'verl.workers.config.FSDPActorConfig',
[36m(TaskRunner pid=949573)[0m                                  'calculate_entropy': False,
[36m(TaskRunner pid=949573)[0m                                  'calculate_sum_pi_squared': False,
[36m(TaskRunner pid=949573)[0m                                  'checkpoint': {'_target_': 'verl.trainer.config.CheckpointConfig',
[36m(TaskRunner pid=949573)[0m                                                 'async_save': False,
[36m(TaskRunner pid=949573)[0m                                                 'load_contents': ['model',
[36m(TaskRunner pid=949573)[0m                                                                   'optimizer',
[36m(TaskRunner pid=949573)[0m                                                                   'extra'],
[36m(TaskRunner pid=949573)[0m                                                 'save_contents': ['model',
[36m(TaskRunner pid=949573)[0m                                                                   'optimizer',
[36m(TaskRunner pid=949573)[0m                                                                   'extra']},
[36m(TaskRunner pid=949573)[0m                                  'clip_ratio': 0.2,
[36m(TaskRunner pid=949573)[0m                                  'clip_ratio_c': 3.0,
[36m(TaskRunner pid=949573)[0m                                  'clip_ratio_high': 0.3,
[36m(TaskRunner pid=949573)[0m                                  'clip_ratio_low': 0.2,
[36m(TaskRunner pid=949573)[0m                                  'data_loader_seed': 42,
[36m(TaskRunner pid=949573)[0m                                  'entropy_checkpointing': False,
[36m(TaskRunner pid=949573)[0m                                  'entropy_coeff': 0,
[36m(TaskRunner pid=949573)[0m                                  'entropy_from_logits_with_chunking': False,
[36m(TaskRunner pid=949573)[0m                                  'freeze_vision_tower': False,
[36m(TaskRunner pid=949573)[0m                                  'fsdp_config': {'_target_': 'verl.workers.config.FSDPEngineConfig',
[36m(TaskRunner pid=949573)[0m                                                  'dtype': 'bfloat16',
[36m(TaskRunner pid=949573)[0m                                                  'entropy_checkpointing': False,
[36m(TaskRunner pid=949573)[0m                                                  'entropy_from_logits_with_chunking': False,
[36m(TaskRunner pid=949573)[0m                                                  'forward_only': False,
[36m(TaskRunner pid=949573)[0m                                                  'forward_prefetch': False,
[36m(TaskRunner pid=949573)[0m                                                  'fsdp_size': -1,
[36m(TaskRunner pid=949573)[0m                                                  'full_determinism': False,
[36m(TaskRunner pid=949573)[0m                                                  'model_dtype': 'fp32',
[36m(TaskRunner pid=949573)[0m                                                  'offload_policy': False,
[36m(TaskRunner pid=949573)[0m                                                  'optimizer_offload': True,
[36m(TaskRunner pid=949573)[0m                                                  'param_offload': True,
[36m(TaskRunner pid=949573)[0m                                                  'reshard_after_forward': True,
[36m(TaskRunner pid=949573)[0m                                                  'seed': 42,
[36m(TaskRunner pid=949573)[0m                                                  'strategy': 'fsdp',
[36m(TaskRunner pid=949573)[0m                                                  'ulysses_sequence_parallel_size': 1,
[36m(TaskRunner pid=949573)[0m                                                  'use_orig_params': False,
[36m(TaskRunner pid=949573)[0m                                                  'use_torch_compile': True,
[36m(TaskRunner pid=949573)[0m                                                  'wrap_policy': {'min_num_params': 0}},
[36m(TaskRunner pid=949573)[0m                                  'grad_clip': 1.0,
[36m(TaskRunner pid=949573)[0m                                  'kl_loss_coef': 0.001,
[36m(TaskRunner pid=949573)[0m                                  'kl_loss_type': 'low_var_kl',
[36m(TaskRunner pid=949573)[0m                                  'loss_agg_mode': 'token-mean',
[36m(TaskRunner pid=949573)[0m                                  'loss_scale_factor': None,
[36m(TaskRunner pid=949573)[0m                                  'optim': {'_target_': 'verl.workers.config.FSDPOptimizerConfig',
[36m(TaskRunner pid=949573)[0m                                            'betas': [0.9, 0.999],
[36m(TaskRunner pid=949573)[0m                                            'clip_grad': 1.0,
[36m(TaskRunner pid=949573)[0m                                            'lr': 2e-06,
[36m(TaskRunner pid=949573)[0m                                            'lr_scheduler_type': 'constant',
[36m(TaskRunner pid=949573)[0m                                            'lr_warmup_steps': 10,
[36m(TaskRunner pid=949573)[0m                                            'lr_warmup_steps_ratio': 0.0,
[36m(TaskRunner pid=949573)[0m                                            'min_lr_ratio': 0.0,
[36m(TaskRunner pid=949573)[0m                                            'num_cycles': 0.5,
[36m(TaskRunner pid=949573)[0m                                            'optimizer': 'AdamW',
[36m(TaskRunner pid=949573)[0m                                            'optimizer_impl': 'torch.optim',
[36m(TaskRunner pid=949573)[0m                                            'override_optimizer_config': None,
[36m(TaskRunner pid=949573)[0m                                            'total_training_steps': -1,
[36m(TaskRunner pid=949573)[0m                                            'warmup_style': None,
[36m(TaskRunner pid=949573)[0m                                            'weight_decay': 0.01},
[36m(TaskRunner pid=949573)[0m                                  'policy_loss': {'_target_': 'verl.workers.config.PolicyLossConfig',
[36m(TaskRunner pid=949573)[0m                                                  'clip_cov_lb': 1.0,
[36m(TaskRunner pid=949573)[0m                                                  'clip_cov_ratio': 0.0002,
[36m(TaskRunner pid=949573)[0m                                                  'clip_cov_ub': 5.0,
[36m(TaskRunner pid=949573)[0m                                                  'kl_cov_ratio': 0.0002,
[36m(TaskRunner pid=949573)[0m                                                  'loss_mode': 'vopd',
[36m(TaskRunner pid=949573)[0m                                                  'ppo_kl_coef': 0.1},
[36m(TaskRunner pid=949573)[0m                                  'ppo_epochs': 1,
[36m(TaskRunner pid=949573)[0m                                  'ppo_max_token_len_per_gpu': 5632,
[36m(TaskRunner pid=949573)[0m                                  'ppo_micro_batch_size': None,
[36m(TaskRunner pid=949573)[0m                                  'ppo_micro_batch_size_per_gpu': None,
[36m(TaskRunner pid=949573)[0m                                  'ppo_mini_batch_size': 96,
[36m(TaskRunner pid=949573)[0m                                  'profiler': {'_target_': 'verl.utils.profiler.ProfilerConfig',
[36m(TaskRunner pid=949573)[0m                                               'all_ranks': False,
[36m(TaskRunner pid=949573)[0m                                               'enable': False,
[36m(TaskRunner pid=949573)[0m                                               'ranks': [],
[36m(TaskRunner pid=949573)[0m                                               'save_path': 'outputs/profile',
[36m(TaskRunner pid=949573)[0m                                               'tool': None,
[36m(TaskRunner pid=949573)[0m                                               'tool_config': {'npu': {'_target_': 'verl.utils.profiler.config.NPUToolConfig',
[36m(TaskRunner pid=949573)[0m                                                                       'analysis': True,
[36m(TaskRunner pid=949573)[0m                                                                       'contents': [],
[36m(TaskRunner pid=949573)[0m                                                                       'discrete': False,
[36m(TaskRunner pid=949573)[0m                                                                       'level': 'level0'},
[36m(TaskRunner pid=949573)[0m                                                               'nsys': {'_target_': 'verl.utils.profiler.config.NsightToolConfig',
[36m(TaskRunner pid=949573)[0m                                                                        'discrete': False},
[36m(TaskRunner pid=949573)[0m                                                               'torch': {'_target_': 'verl.utils.profiler.config.TorchProfilerToolConfig',
[36m(TaskRunner pid=949573)[0m                                                                         'step_end': None,
[36m(TaskRunner pid=949573)[0m                                                                         'step_start': 0},
[36m(TaskRunner pid=949573)[0m                                                               'torch_memory': {'_target_': 'verl.utils.profiler.config.TorchMemoryToolConfig',
[36m(TaskRunner pid=949573)[0m                                                                                'stack_depth': 32,
[36m(TaskRunner pid=949573)[0m                                                                                'trace_alloc_max_entries': 100000}}},
[36m(TaskRunner pid=949573)[0m                                  'rollout_n': 8,
[36m(TaskRunner pid=949573)[0m                                  'router_replay': {'_target_': 'verl.workers.config.RouterReplayConfig',
[36m(TaskRunner pid=949573)[0m                                                    'mode': 'disabled',
[36m(TaskRunner pid=949573)[0m                                                    'record_file': None,
[36m(TaskRunner pid=949573)[0m                                                    'replay_file': None},
[36m(TaskRunner pid=949573)[0m                                  'self_distillation': {'_target_': 'verl.workers.config.SelfDistillationConfig',
[36m(TaskRunner pid=949573)[0m                                                        'aha_beta': 4.0,
[36m(TaskRunner pid=949573)[0m                                                        'aha_enable': True,
[36m(TaskRunner pid=949573)[0m                                                        'aha_floor_alpha': 0.1,
[36m(TaskRunner pid=949573)[0m                                                        'alpha': 0.5,
[36m(TaskRunner pid=949573)[0m                                                        'answer_hint_template': '\n'
[36m(TaskRunner pid=949573)[0m                                                                                '\n'
[36m(TaskRunner pid=949573)[0m                                                                                'Here '
[36m(TaskRunner pid=949573)[0m                                                                                'is '
[36m(TaskRunner pid=949573)[0m                                                                                'a '
[36m(TaskRunner pid=949573)[0m                                                                                'reference '
[36m(TaskRunner pid=949573)[0m                                                                                'solution '
[36m(TaskRunner pid=949573)[0m                                                                                'to '
[36m(TaskRunner pid=949573)[0m                                                                                'this '
[36m(TaskRunner pid=949573)[0m                                                                                'problem:\n'
[36m(TaskRunner pid=949573)[0m                                                                                '{answer}\n'
[36m(TaskRunner pid=949573)[0m                                                                                '\n'
[36m(TaskRunner pid=949573)[0m                                                                                'After '
[36m(TaskRunner pid=949573)[0m                                                                                'understanding '
[36m(TaskRunner pid=949573)[0m                                                                                'the '
[36m(TaskRunner pid=949573)[0m                                                                                'reference '
[36m(TaskRunner pid=949573)[0m                                                                                'solution, '
[36m(TaskRunner pid=949573)[0m                                                                                'please '
[36m(TaskRunner pid=949573)[0m                                                                                'try '
[36m(TaskRunner pid=949573)[0m                                                                                'to '
[36m(TaskRunner pid=949573)[0m                                                                                'solve '
[36m(TaskRunner pid=949573)[0m                                                                                'this '
[36m(TaskRunner pid=949573)[0m                                                                                'problem '
[36m(TaskRunner pid=949573)[0m                                                                                'using '
[36m(TaskRunner pid=949573)[0m                                                                                'your '
[36m(TaskRunner pid=949573)[0m                                                                                'own '
[36m(TaskRunner pid=949573)[0m                                                                                'approach '
[36m(TaskRunner pid=949573)[0m                                                                                'below:',
[36m(TaskRunner pid=949573)[0m                                                        'distillation_add_tail': True,
[36m(TaskRunner pid=949573)[0m                                                        'distillation_topk': 100,
[36m(TaskRunner pid=949573)[0m                                                        'dont_reprompt_on_self_success': True,
[36m(TaskRunner pid=949573)[0m                                                        'environment_feedback_only_without_solution': True,
[36m(TaskRunner pid=949573)[0m                                                        'evt_clip_neg': 2.0,
[36m(TaskRunner pid=949573)[0m                                                        'evt_clip_pos': 1.0,
[36m(TaskRunner pid=949573)[0m                                                        'evt_ema_eta': 0.05,
[36m(TaskRunner pid=949573)[0m                                                        'evt_enable': False,
[36m(TaskRunner pid=949573)[0m                                                        'evt_negative_only': False,
[36m(TaskRunner pid=949573)[0m                                                        'evt_neutral_base': 0.0,
[36m(TaskRunner pid=949573)[0m                                                        'evt_token_fraction': 0.2,
[36m(TaskRunner pid=949573)[0m                                                        'evt_ubar_init': None,
[36m(TaskRunner pid=949573)[0m                                                        'fallback_to_policy_loss_on_missing_teacher': False,
[36m(TaskRunner pid=949573)[0m                                                        'feedback_template': '\n'
[36m(TaskRunner pid=949573)[0m                                                                             'The '
[36m(TaskRunner pid=949573)[0m                                                                             'following '
[36m(TaskRunner pid=949573)[0m                                                                             'is '
[36m(TaskRunner pid=949573)[0m                                                                             'feedback '
[36m(TaskRunner pid=949573)[0m                                                                             'from '
[36m(TaskRunner pid=949573)[0m                                                                             'your '
[36m(TaskRunner pid=949573)[0m                                                                             'unsuccessful '
[36m(TaskRunner pid=949573)[0m                                                                             'earlier '
[36m(TaskRunner pid=949573)[0m                                                                             'attempt:\n'
[36m(TaskRunner pid=949573)[0m                                                                             '\n'
[36m(TaskRunner pid=949573)[0m                                                                             '{feedback_raw}',
[36m(TaskRunner pid=949573)[0m                                                        'full_logit_distillation': True,
[36m(TaskRunner pid=949573)[0m                                                        'gamma': 1.0,
[36m(TaskRunner pid=949573)[0m                                                        'include_environment_feedback': False,
[36m(TaskRunner pid=949573)[0m                                                        'is_clip': 2.0,
[36m(TaskRunner pid=949573)[0m                                                        'log_prob_dump_dir': None,
[36m(TaskRunner pid=949573)[0m                                                        'max_reprompt_len': 10240,
[36m(TaskRunner pid=949573)[0m                                                        'null_image_key': 'null_images',
[36m(TaskRunner pid=949573)[0m                                                        'opsa_advantage_max': -0.5,
[36m(TaskRunner pid=949573)[0m                                                        'opsa_advantage_min': -1.0,
[36m(TaskRunner pid=949573)[0m                                                        'opsa_enable': False,
[36m(TaskRunner pid=949573)[0m                                                        'opsa_fixed_advantage': None,
[36m(TaskRunner pid=949573)[0m                                                        'opsa_mode': 'entropy',
[36m(TaskRunner pid=949573)[0m                                                        'opsa_token_fraction': 0.2,
[36m(TaskRunner pid=949573)[0m                                                        'remove_thinking_from_demonstration': True,
[36m(TaskRunner pid=949573)[0m                                                        'reprompt_template': '{prompt}{solution}{feedback}\n'
[36m(TaskRunner pid=949573)[0m                                                                             '\n'
[36m(TaskRunner pid=949573)[0m                                                                             'Correctly '
[36m(TaskRunner pid=949573)[0m                                                                             'solve '
[36m(TaskRunner pid=949573)[0m                                                                             'the '
[36m(TaskRunner pid=949573)[0m                                                                             'original '
[36m(TaskRunner pid=949573)[0m                                                                             'question.',
[36m(TaskRunner pid=949573)[0m                                                        'reprompt_truncation': 'right',
[36m(TaskRunner pid=949573)[0m                                                        'sa_beta_max': 8.0,
[36m(TaskRunner pid=949573)[0m                                                        'sa_binary_iters': 8,
[36m(TaskRunner pid=949573)[0m                                                        'sa_center_u': False,
[36m(TaskRunner pid=949573)[0m                                                        'sa_eps_max': 0.5,
[36m(TaskRunner pid=949573)[0m                                                        'sa_lambda': 1.0,
[36m(TaskRunner pid=949573)[0m                                                        'sa_rho': 0.9,
[36m(TaskRunner pid=949573)[0m                                                        'sa_tau_e': 0.03,
[36m(TaskRunner pid=949573)[0m                                                        'sa_temp_e': 0.015,
[36m(TaskRunner pid=949573)[0m                                                        'sa_u_clip': None,
[36m(TaskRunner pid=949573)[0m                                                        'sa_zero_floor': False,
[36m(TaskRunner pid=949573)[0m                                                        'solution_template': '\n'
[36m(TaskRunner pid=949573)[0m                                                                             'Correct '
[36m(TaskRunner pid=949573)[0m                                                                             'solution:\n'
[36m(TaskRunner pid=949573)[0m                                                                             '\n'
[36m(TaskRunner pid=949573)[0m                                                                             '{successful_previous_attempt}',
[36m(TaskRunner pid=949573)[0m                                                        'state_adaptive': False,
[36m(TaskRunner pid=949573)[0m                                                        'success_reward_threshold': 0.5,
[36m(TaskRunner pid=949573)[0m                                                        'teacher_always_on': True,
[36m(TaskRunner pid=949573)[0m                                                        'teacher_image_key': 'bbox_images',
[36m(TaskRunner pid=949573)[0m                                                        'teacher_model_path': None,
[36m(TaskRunner pid=949573)[0m                                                        'teacher_model_source': 'legacy',
[36m(TaskRunner pid=949573)[0m                                                        'teacher_prompt_mode': None,
[36m(TaskRunner pid=949573)[0m                                                        'teacher_regularization': 'ema',
[36m(TaskRunner pid=949573)[0m                                                        'teacher_update_interval': None,
[36m(TaskRunner pid=949573)[0m                                                        'teacher_update_rate': 0.0},
[36m(TaskRunner pid=949573)[0m                                  'shuffle': False,
[36m(TaskRunner pid=949573)[0m                                  'strategy': 'fsdp',
[36m(TaskRunner pid=949573)[0m                                  'sum_pi_squared_checkpointing': False,
[36m(TaskRunner pid=949573)[0m                                  'tau_neg': 1.05,
[36m(TaskRunner pid=949573)[0m                                  'tau_pos': 1.0,
[36m(TaskRunner pid=949573)[0m                                  'ulysses_sequence_parallel_size': 1,
[36m(TaskRunner pid=949573)[0m                                  'use_dynamic_bsz': True,
[36m(TaskRunner pid=949573)[0m                                  'use_fused_kernels': False,
[36m(TaskRunner pid=949573)[0m                                  'use_kl_loss': False,
[36m(TaskRunner pid=949573)[0m                                  'use_prefix_grouper': False,
[36m(TaskRunner pid=949573)[0m                                  'use_remove_padding': True,
[36m(TaskRunner pid=949573)[0m                                  'use_torch_compile': True},
[36m(TaskRunner pid=949573)[0m                        'hybrid_engine': True,
[36m(TaskRunner pid=949573)[0m                        'model': {'_target_': 'verl.workers.config.HFModelConfig',
[36m(TaskRunner pid=949573)[0m                                  'custom_chat_template': None,
[36m(TaskRunner pid=949573)[0m                                  'custom_chat_template_file': '/sfs/weka/scratch/nkw3mr/Vision-OPD-OPSA/chat_templates/perception_chat_template_qwen35.jinja',
[36m(TaskRunner pid=949573)[0m                                  'enable_activation_offload': False,
[36m(TaskRunner pid=949573)[0m                                  'enable_gradient_checkpointing': True,
[36m(TaskRunner pid=949573)[0m                                  'exclude_modules': None,
[36m(TaskRunner pid=949573)[0m                                  'external_lib': None,
[36m(TaskRunner pid=949573)[0m                                  'fused_kernel_options': {'impl_backend': 'torch'},
[36m(TaskRunner pid=949573)[0m                                  'hf_config_path': None,
[36m(TaskRunner pid=949573)[0m                                  'lora_adapter_path': None,
[36m(TaskRunner pid=949573)[0m                                  'lora_alpha': 16,
[36m(TaskRunner pid=949573)[0m                                  'lora_rank': 0,
[36m(TaskRunner pid=949573)[0m                                  'override_config': {},
[36m(TaskRunner pid=949573)[0m                                  'path': 'Qwen/Qwen3.5-4B',
[36m(TaskRunner pid=949573)[0m                                  'target_modules': 'all-linear',
[36m(TaskRunner pid=949573)[0m                                  'tiled_mlp': {'enabled': False,
[36m(TaskRunner pid=949573)[0m                                                'num_shards': 4},
[36m(TaskRunner pid=949573)[0m                                  'tokenizer_path': None,
[36m(TaskRunner pid=949573)[0m                                  'trust_remote_code': True,
[36m(TaskRunner pid=949573)[0m                                  'use_fused_kernels': False,
[36m(TaskRunner pid=949573)[0m                                  'use_liger': False,
[36m(TaskRunner pid=949573)[0m                                  'use_remove_padding': True,
[36m(TaskRunner pid=949573)[0m                                  'use_shm': False},
[36m(TaskRunner pid=949573)[0m                        'nccl_timeout': 600,
[36m(TaskRunner pid=949573)[0m                        'ref': {'_target_': 'verl.workers.config.FSDPActorConfig',
[36m(TaskRunner pid=949573)[0m                                'entropy_checkpointing': False,
[36m(TaskRunner pid=949573)[0m                                'entropy_from_logits_with_chunking': False,
[36m(TaskRunner pid=949573)[0m                                'fsdp_config': {'_target_': 'verl.workers.config.FSDPEngineConfig',
[36m(TaskRunner pid=949573)[0m                                                'dtype': 'bfloat16',
[36m(TaskRunner pid=949573)[0m                                                'entropy_checkpointing': False,
[36m(TaskRunner pid=949573)[0m                                                'entropy_from_logits_with_chunking': False,
[36m(TaskRunner pid=949573)[0m                                                'forward_only': True,
[36m(TaskRunner pid=949573)[0m                                                'forward_prefetch': False,
[36m(TaskRunner pid=949573)[0m                                                'fsdp_size': -1,
[36m(TaskRunner pid=949573)[0m                                                'full_determinism': False,
[36m(TaskRunner pid=949573)[0m                                                'model_dtype': 'fp32',
[36m(TaskRunner pid=949573)[0m                                                'offload_policy': False,
[36m(TaskRunner pid=949573)[0m                                                'optimizer_offload': False,
[36m(TaskRunner pid=949573)[0m                                                'param_offload': True,
[36m(TaskRunner pid=949573)[0m                                                'reshard_after_forward': True,
[36m(TaskRunner pid=949573)[0m                                                'seed': 42,
[36m(TaskRunner pid=949573)[0m                                                'strategy': 'fsdp',
[36m(TaskRunner pid=949573)[0m                                                'ulysses_sequence_parallel_size': 1,
[36m(TaskRunner pid=949573)[0m                                                'use_orig_params': False,
[36m(TaskRunner pid=949573)[0m                                                'use_torch_compile': True,
[36m(TaskRunner pid=949573)[0m                                                'wrap_policy': {'min_num_params': 0}},
[36m(TaskRunner pid=949573)[0m                                'log_prob_max_token_len_per_gpu': 5632,
[36m(TaskRunner pid=949573)[0m                                'log_prob_micro_batch_size': None,
[36m(TaskRunner pid=949573)[0m                                'log_prob_micro_batch_size_per_gpu': 1,
[36m(TaskRunner pid=949573)[0m                                'log_prob_use_dynamic_bsz': True,
[36m(TaskRunner pid=949573)[0m                                'profiler': {'_target_': 'verl.utils.profiler.ProfilerConfig',
[36m(TaskRunner pid=949573)[0m                                             'all_ranks': False,
[36m(TaskRunner pid=949573)[0m                                             'enable': False,
[36m(TaskRunner pid=949573)[0m                                             'ranks': [],
[36m(TaskRunner pid=949573)[0m                                             'save_path': 'outputs/profile',
[36m(TaskRunner pid=949573)[0m                                             'tool': None,
[36m(TaskRunner pid=949573)[0m                                             'tool_config': {'npu': {'_target_': 'verl.utils.profiler.config.NPUToolConfig',
[36m(TaskRunner pid=949573)[0m                                                                     'analysis': True,
[36m(TaskRunner pid=949573)[0m                                                                     'contents': [],
[36m(TaskRunner pid=949573)[0m                                                                     'discrete': False,
[36m(TaskRunner pid=949573)[0m                                                                     'level': 'level0'},
[36m(TaskRunner pid=949573)[0m                                                             'nsys': {'_target_': 'verl.utils.profiler.config.NsightToolConfig',
[36m(TaskRunner pid=949573)[0m                                                                      'discrete': False},
[36m(TaskRunner pid=949573)[0m                                                             'torch': {'_target_': 'verl.utils.profiler.config.TorchProfilerToolConfig',
[36m(TaskRunner pid=949573)[0m                                                                       'step_end': None,
[36m(TaskRunner pid=949573)[0m                                                                       'step_start': 0},
[36m(TaskRunner pid=949573)[0m                                                             'torch_memory': {'_target_': 'verl.utils.profiler.config.TorchMemoryToolConfig',
[36m(TaskRunner pid=949573)[0m                                                                              'stack_depth': 32,
[36m(TaskRunner pid=949573)[0m                                                                              'trace_alloc_max_entries': 100000}}},
[36m(TaskRunner pid=949573)[0m                                'rollout_n': 8,
[36m(TaskRunner pid=949573)[0m                                'router_replay': {'_target_': 'verl.workers.config.RouterReplayConfig',
[36m(TaskRunner pid=949573)[0m                                                  'mode': 'disabled',
[36m(TaskRunner pid=949573)[0m                                                  'record_file': None,
[36m(TaskRunner pid=949573)[0m                                                  'replay_file': None},
[36m(TaskRunner pid=949573)[0m                                'strategy': 'fsdp',
[36m(TaskRunner pid=949573)[0m                                'ulysses_sequence_parallel_size': 1,
[36m(TaskRunner pid=949573)[0m                                'use_torch_compile': True},
[36m(TaskRunner pid=949573)[0m                        'rollout': {'_target_': 'verl.workers.config.RolloutConfig',
[36m(TaskRunner pid=949573)[0m                                    'agent': {'_target_': 'verl.workers.config.AgentLoopConfig',
[36m(TaskRunner pid=949573)[0m                                              'agent_loop_config_path': None,
[36m(TaskRunner pid=949573)[0m                                              'custom_async_server': {'_target_': 'verl.workers.config.CustomAsyncServerConfig',
[36m(TaskRunner pid=949573)[0m                                                                      'name': None,
[36m(TaskRunner pid=949573)[0m                                                                      'path': None},
[36m(TaskRunner pid=949573)[0m                                              'default_agent_loop': 'single_turn_agent',
[36m(TaskRunner pid=949573)[0m                                              'num_workers': 8},
[36m(TaskRunner pid=949573)[0m                                    'calculate_log_probs': True,
[36m(TaskRunner pid=949573)[0m                                    'cudagraph_capture_sizes': None,
[36m(TaskRunner pid=949573)[0m                                    'data_parallel_size': 1,
[36m(TaskRunner pid=949573)[0m                                    'disable_log_stats': True,
[36m(TaskRunner pid=949573)[0m                                    'do_sample': True,
[36m(TaskRunner pid=949573)[0m                                    'dtype': 'bfloat16',
[36m(TaskRunner pid=949573)[0m                                    'enable_chunked_prefill': True,
[36m(TaskRunner pid=949573)[0m                                    'enable_prefix_caching': True,
[36m(TaskRunner pid=949573)[0m                                    'enable_rollout_routing_replay': False,
[36m(TaskRunner pid=949573)[0m                                    'enforce_eager': False,
[36m(TaskRunner pid=949573)[0m                                    'engine_kwargs': {'sglang': {},
[36m(TaskRunner pid=949573)[0m                                                      'vllm': {'compilation_config': {'pass_config': {'fuse_allreduce_rms': False}},
[36m(TaskRunner pid=949573)[0m                                                               'kernel_config': {'enable_flashinfer_autotune': False}}},
[36m(TaskRunner pid=949573)[0m                                    'expert_parallel_size': 1,
[36m(TaskRunner pid=949573)[0m                                    'free_cache_engine': True,
[36m(TaskRunner pid=949573)[0m                                    'gpu_memory_utilization': 0.7,
[36m(TaskRunner pid=949573)[0m                                    'ignore_eos': False,
[36m(TaskRunner pid=949573)[0m                                    'layered_summon': False,
[36m(TaskRunner pid=949573)[0m                                    'load_format': 'dummy',
[36m(TaskRunner pid=949573)[0m                                    'log_prob_max_token_len_per_gpu': 5632,
[36m(TaskRunner pid=949573)[0m                                    'log_prob_micro_batch_size': None,
[36m(TaskRunner pid=949573)[0m                                    'log_prob_micro_batch_size_per_gpu': 1,
[36m(TaskRunner pid=949573)[0m                                    'log_prob_use_dynamic_bsz': True,
[36m(TaskRunner pid=949573)[0m                                    'logprobs_mode': 'processed_logprobs',
[36m(TaskRunner pid=949573)[0m                                    'max_model_len': 5632,
[36m(TaskRunner pid=949573)[0m                                    'max_num_batched_tokens': 5632,
[36m(TaskRunner pid=949573)[0m                                    'max_num_seqs': 1024,
[36m(TaskRunner pid=949573)[0m                                    'mode': 'async',
[36m(TaskRunner pid=949573)[0m                                    'multi_stage_wake_up': False,
[36m(TaskRunner pid=949573)[0m                                    'multi_turn': {'_target_': 'verl.workers.config.MultiTurnConfig',
[36m(TaskRunner pid=949573)[0m                                                   'enable': False,
[36m(TaskRunner pid=949573)[0m                                                   'format': 'hermes',
[36m(TaskRunner pid=949573)[0m                                                   'interaction_config_path': None,
[36m(TaskRunner pid=949573)[0m                                                   'max_assistant_turns': None,
[36m(TaskRunner pid=949573)[0m                                                   'max_parallel_calls': 1,
[36m(TaskRunner pid=949573)[0m                                                   'max_tool_response_length': 256,
[36m(TaskRunner pid=949573)[0m                                                   'max_user_turns': None,
[36m(TaskRunner pid=949573)[0m                                                   'num_repeat_rollouts': None,
[36m(TaskRunner pid=949573)[0m                                                   'tokenization_sanity_check_mode': 'strict',
[36m(TaskRunner pid=949573)[0m                                                   'tool_config_path': None,
[36m(TaskRunner pid=949573)[0m                                                   'tool_response_truncate_side': 'middle',
[36m(TaskRunner pid=949573)[0m                                                   'use_inference_chat_template': False},
[36m(TaskRunner pid=949573)[0m                                    'n': 8,
[36m(TaskRunner pid=949573)[0m                                    'name': 'vllm',
[36m(TaskRunner pid=949573)[0m                                    'over_sample_rate': 0,
[36m(TaskRunner pid=949573)[0m                                    'pipeline_model_parallel_size': 1,
[36m(TaskRunner pid=949573)[0m                                    'profiler': {'_target_': 'verl.utils.profiler.ProfilerConfig',
[36m(TaskRunner pid=949573)[0m                                                 'all_ranks': False,
[36m(TaskRunner pid=949573)[0m                                                 'enable': False,
[36m(TaskRunner pid=949573)[0m                                                 'ranks': [],
[36m(TaskRunner pid=949573)[0m                                                 'save_path': 'outputs/profile',
[36m(TaskRunner pid=949573)[0m                                                 'tool': None,
[36m(TaskRunner pid=949573)[0m                                                 'tool_config': {'npu': {'_target_': 'verl.utils.profiler.config.NPUToolConfig',
[36m(TaskRunner pid=949573)[0m                                                                         'analysis': True,
[36m(TaskRunner pid=949573)[0m                                                                         'contents': [],
[36m(TaskRunner pid=949573)[0m                                                                         'discrete': False,
[36m(TaskRunner pid=949573)[0m                                                                         'level': 'level0'},
[36m(TaskRunner pid=949573)[0m                                                                 'nsys': {'_target_': 'verl.utils.profiler.config.NsightToolConfig',
[36m(TaskRunner pid=949573)[0m                                                                          'discrete': False},
[36m(TaskRunner pid=949573)[0m                                                                 'torch': {'_target_': 'verl.utils.profiler.config.TorchProfilerToolConfig',
[36m(TaskRunner pid=949573)[0m                                                                           'step_end': None,
[36m(TaskRunner pid=949573)[0m                                                                           'step_start': 0},
[36m(TaskRunner pid=949573)[0m                                                                 'torch_memory': {'_target_': 'verl.utils.profiler.config.TorchMemoryToolConfig',
[36m(TaskRunner pid=949573)[0m                                                                                  'stack_depth': 32,
[36m(TaskRunner pid=949573)[0m                                                                                  'trace_alloc_max_entries': 100000}}},
[36m(TaskRunner pid=949573)[0m                                    'prometheus': {'_target_': 'verl.workers.config.PrometheusConfig',
[36m(TaskRunner pid=949573)[0m                                                   'enable': False,
[36m(TaskRunner pid=949573)[0m                                                   'file': '/tmp/ray/session_latest/metrics/prometheus/prometheus.yml',
[36m(TaskRunner pid=949573)[0m                                                   'port': 9090,
[36m(TaskRunner pid=949573)[0m                                                   'served_model_name': 'Qwen/Qwen3.5-4B'},
[36m(TaskRunner pid=949573)[0m                                    'prompt_length': 4608,
[36m(TaskRunner pid=949573)[0m                                    'quantization': None,
[36m(TaskRunner pid=949573)[0m                                    'quantization_config_file': None,
[36m(TaskRunner pid=949573)[0m                                    'response_length': 1024,
[36m(TaskRunner pid=949573)[0m                                    'scheduling_policy': 'fcfs',
[36m(TaskRunner pid=949573)[0m                                    'skip_dump_dir': '/tmp/rollout_dump',
[36m(TaskRunner pid=949573)[0m                                    'skip_rollout': False,
[36m(TaskRunner pid=949573)[0m                                    'skip_tokenizer_init': True,
[36m(TaskRunner pid=949573)[0m                                    'temperature': 1.0,
[36m(TaskRunner pid=949573)[0m                                    'tensor_model_parallel_size': 1,
[36m(TaskRunner pid=949573)[0m                                    'top_k': -1,
[36m(TaskRunner pid=949573)[0m                                    'top_p': 1,
[36m(TaskRunner pid=949573)[0m                                    'trace': {'_target_': 'verl.workers.config.TraceConfig',
[36m(TaskRunner pid=949573)[0m                                              'backend': None,
[36m(TaskRunner pid=949573)[0m                                              'max_samples_per_step_per_worker': None,
[36m(TaskRunner pid=949573)[0m                                              'token2text': False},
[36m(TaskRunner pid=949573)[0m                                    'update_weights_bucket_megabytes': 512,
[36m(TaskRunner pid=949573)[0m                                    'val_kwargs': {'_target_': 'verl.workers.config.SamplingConfig',
[36m(TaskRunner pid=949573)[0m                                                   'do_sample': False,
[36m(TaskRunner pid=949573)[0m                                                   'n': 1,
[36m(TaskRunner pid=949573)[0m                                                   'temperature': 0,
[36m(TaskRunner pid=949573)[0m                                                   'top_k': -1,
[36m(TaskRunner pid=949573)[0m                                                   'top_p': 1.0}}},
[36m(TaskRunner pid=949573)[0m  'algorithm': {'_target_': 'verl.trainer.config.AlgoConfig',
[36m(TaskRunner pid=949573)[0m                'adv_estimator': 'grpo',
[36m(TaskRunner pid=949573)[0m                'gamma': 1.0,
[36m(TaskRunner pid=949573)[0m                'kl_ctrl': {'_target_': 'verl.trainer.config.KLControlConfig',
[36m(TaskRunner pid=949573)[0m                            'horizon': 10000,
[36m(TaskRunner pid=949573)[0m                            'kl_coef': 0.001,
[36m(TaskRunner pid=949573)[0m                            'target_kl': 0.1,
[36m(TaskRunner pid=949573)[0m                            'type': 'fixed'},
[36m(TaskRunner pid=949573)[0m                'kl_penalty': 'kl',
[36m(TaskRunner pid=949573)[0m                'lam': 1.0,
[36m(TaskRunner pid=949573)[0m                'norm_adv_by_std_in_grpo': False,
[36m(TaskRunner pid=949573)[0m                'pf_ppo': {'reweight_method': 'pow', 'weight_pow': 2.0},
[36m(TaskRunner pid=949573)[0m                'rollout_correction': {'bypass_mode': False,
[36m(TaskRunner pid=949573)[0m                                       'loss_type': 'ppo_clip',
[36m(TaskRunner pid=949573)[0m                                       'rollout_is': 'token',
[36m(TaskRunner pid=949573)[0m                                       'rollout_is_batch_normalize': False,
[36m(TaskRunner pid=949573)[0m                                       'rollout_is_threshold': 2.0,
[36m(TaskRunner pid=949573)[0m                                       'rollout_rs': None,
[36m(TaskRunner pid=949573)[0m                                       'rollout_rs_threshold': None},
[36m(TaskRunner pid=949573)[0m                'use_kl_in_reward': False,
[36m(TaskRunner pid=949573)[0m                'use_pf_ppo': False},
[36m(TaskRunner pid=949573)[0m  'critic': {'_target_': 'verl.workers.config.FSDPCriticConfig',
[36m(TaskRunner pid=949573)[0m             'checkpoint': {'_target_': 'verl.trainer.config.CheckpointConfig',
[36m(TaskRunner pid=949573)[0m                            'async_save': False,
[36m(TaskRunner pid=949573)[0m                            'load_contents': ['model', 'optimizer', 'extra'],
[36m(TaskRunner pid=949573)[0m                            'save_contents': ['model', 'optimizer', 'extra']},
[36m(TaskRunner pid=949573)[0m             'cliprange_value': 0.5,
[36m(TaskRunner pid=949573)[0m             'data_loader_seed': 42,
[36m(TaskRunner pid=949573)[0m             'enable': None,
[36m(TaskRunner pid=949573)[0m             'forward_max_token_len_per_gpu': 32768,
[36m(TaskRunner pid=949573)[0m             'forward_micro_batch_size': None,
[36m(TaskRunner pid=949573)[0m             'forward_micro_batch_size_per_gpu': None,
[36m(TaskRunner pid=949573)[0m             'grad_clip': 1.0,
[36m(TaskRunner pid=949573)[0m             'loss_agg_mode': 'token-mean',
[36m(TaskRunner pid=949573)[0m             'model': {'_target_': 'verl.workers.config.FSDPCriticModelCfg',
[36m(TaskRunner pid=949573)[0m                       'enable_activation_offload': False,
[36m(TaskRunner pid=949573)[0m                       'enable_gradient_checkpointing': True,
[36m(TaskRunner pid=949573)[0m                       'external_lib': None,
[36m(TaskRunner pid=949573)[0m                       'fsdp_config': {'_target_': 'verl.workers.config.FSDPEngineConfig',
[36m(TaskRunner pid=949573)[0m                                       'dtype': 'bfloat16',
[36m(TaskRunner pid=949573)[0m                                       'entropy_checkpointing': False,
[36m(TaskRunner pid=949573)[0m                                       'entropy_from_logits_with_chunking': False,
[36m(TaskRunner pid=949573)[0m                                       'forward_only': False,
[36m(TaskRunner pid=949573)[0m                                       'forward_prefetch': False,
[36m(TaskRunner pid=949573)[0m                                       'fsdp_size': -1,
[36m(TaskRunner pid=949573)[0m                                       'full_determinism': False,
[36m(TaskRunner pid=949573)[0m                                       'model_dtype': 'fp32',
[36m(TaskRunner pid=949573)[0m                                       'offload_policy': False,
[36m(TaskRunner pid=949573)[0m                                       'optimizer_offload': False,
[36m(TaskRunner pid=949573)[0m                                       'param_offload': False,
[36m(TaskRunner pid=949573)[0m                                       'reshard_after_forward': True,
[36m(TaskRunner pid=949573)[0m                                       'seed': 42,
[36m(TaskRunner pid=949573)[0m                                       'strategy': 'fsdp',
[36m(TaskRunner pid=949573)[0m                                       'ulysses_sequence_parallel_size': 1,
[36m(TaskRunner pid=949573)[0m                                       'use_orig_params': False,
[36m(TaskRunner pid=949573)[0m                                       'use_torch_compile': True,
[36m(TaskRunner pid=949573)[0m                                       'wrap_policy': {'min_num_params': 0}},
[36m(TaskRunner pid=949573)[0m                       'lora_alpha': 16,
[36m(TaskRunner pid=949573)[0m                       'lora_rank': 0,
[36m(TaskRunner pid=949573)[0m                       'override_config': {},
[36m(TaskRunner pid=949573)[0m                       'path': 'Qwen/Qwen3.5-4B',
[36m(TaskRunner pid=949573)[0m                       'target_modules': 'all-linear',
[36m(TaskRunner pid=949573)[0m                       'tiled_mlp': {'enabled': False, 'num_shards': 4},
[36m(TaskRunner pid=949573)[0m                       'tokenizer_path': 'Qwen/Qwen3.5-4B',
[36m(TaskRunner pid=949573)[0m                       'trust_remote_code': True,
[36m(TaskRunner pid=949573)[0m                       'use_remove_padding': False,
[36m(TaskRunner pid=949573)[0m                       'use_shm': False},
[36m(TaskRunner pid=949573)[0m             'optim': {'_target_': 'verl.workers.config.FSDPOptimizerConfig',
[36m(TaskRunner pid=949573)[0m                       'betas': [0.9, 0.999],
[36m(TaskRunner pid=949573)[0m                       'clip_grad': 1.0,
[36m(TaskRunner pid=949573)[0m                       'lr': 1e-05,
[36m(TaskRunner pid=949573)[0m                       'lr_scheduler_type': 'constant',
[36m(TaskRunner pid=949573)[0m                       'lr_warmup_steps': -1,
[36m(TaskRunner pid=949573)[0m                       'lr_warmup_steps_ratio': 0.0,
[36m(TaskRunner pid=949573)[0m                       'min_lr_ratio': 0.0,
[36m(TaskRunner pid=949573)[0m                       'num_cycles': 0.5,
[36m(TaskRunner pid=949573)[0m                       'optimizer': 'AdamW',
[36m(TaskRunner pid=949573)[0m                       'optimizer_impl': 'torch.optim',
[36m(TaskRunner pid=949573)[0m                       'override_optimizer_config': None,
[36m(TaskRunner pid=949573)[0m                       'total_training_steps': -1,
[36m(TaskRunner pid=949573)[0m                       'warmup_style': None,
[36m(TaskRunner pid=949573)[0m                       'weight_decay': 0.01},
[36m(TaskRunner pid=949573)[0m             'ppo_epochs': 1,
[36m(TaskRunner pid=949573)[0m             'ppo_max_token_len_per_gpu': 32768,
[36m(TaskRunner pid=949573)[0m             'ppo_micro_batch_size': None,
[36m(TaskRunner pid=949573)[0m             'ppo_micro_batch_size_per_gpu': None,
[36m(TaskRunner pid=949573)[0m             'ppo_mini_batch_size': 96,
[36m(TaskRunner pid=949573)[0m             'profiler': {'_target_': 'verl.utils.profiler.ProfilerConfig',
[36m(TaskRunner pid=949573)[0m                          'all_ranks': False,
[36m(TaskRunner pid=949573)[0m                          'enable': False,
[36m(TaskRunner pid=949573)[0m                          'ranks': [],
[36m(TaskRunner pid=949573)[0m                          'save_path': 'outputs/profile',
[36m(TaskRunner pid=949573)[0m                          'tool': None,
[36m(TaskRunner pid=949573)[0m                          'tool_config': {'npu': {'_target_': 'verl.utils.profiler.config.NPUToolConfig',
[36m(TaskRunner pid=949573)[0m                                                  'analysis': True,
[36m(TaskRunner pid=949573)[0m                                                  'contents': [],
[36m(TaskRunner pid=949573)[0m                                                  'discrete': False,
[36m(TaskRunner pid=949573)[0m                                                  'level': 'level0'},
[36m(TaskRunner pid=949573)[0m                                          'nsys': {'_target_': 'verl.utils.profiler.config.NsightToolConfig',
[36m(TaskRunner pid=949573)[0m                                                   'discrete': False},
[36m(TaskRunner pid=949573)[0m                                          'torch': {'_target_': 'verl.utils.profiler.config.TorchProfilerToolConfig',
[36m(TaskRunner pid=949573)[0m                                                    'step_end': None,
[36m(TaskRunner pid=949573)[0m                                                    'step_start': 0},
[36m(TaskRunner pid=949573)[0m                                          'torch_memory': {'_target_': 'verl.utils.profiler.config.TorchMemoryToolConfig',
[36m(TaskRunner pid=949573)[0m                                                           'stack_depth': 32,
[36m(TaskRunner pid=949573)[0m                                                           'trace_alloc_max_entries': 100000}}},
[36m(TaskRunner pid=949573)[0m             'rollout_n': 8,
[36m(TaskRunner pid=949573)[0m             'shuffle': False,
[36m(TaskRunner pid=949573)[0m             'strategy': 'fsdp',
[36m(TaskRunner pid=949573)[0m             'ulysses_sequence_parallel_size': 1,
[36m(TaskRunner pid=949573)[0m             'use_dynamic_bsz': True},
[36m(TaskRunner pid=949573)[0m  'custom_reward_function': {'name': 'compute_score', 'path': None},
[36m(TaskRunner pid=949573)[0m  'data': {'apply_chat_template_kwargs': {},
[36m(TaskRunner pid=949573)[0m           'custom_cls': {'name': None, 'path': None},
[36m(TaskRunner pid=949573)[0m           'datagen': {'name': None, 'path': None},
[36m(TaskRunner pid=949573)[0m           'dataloader_num_workers': 8,
[36m(TaskRunner pid=949573)[0m           'filter_overlong_prompts': False,
[36m(TaskRunner pid=949573)[0m           'filter_overlong_prompts_workers': 1,
[36m(TaskRunner pid=949573)[0m           'image_key': 'images',
[36m(TaskRunner pid=949573)[0m           'image_patch_size': 14,
[36m(TaskRunner pid=949573)[0m           'max_prompt_length': 4608,
[36m(TaskRunner pid=949573)[0m           'max_response_length': 1024,
[36m(TaskRunner pid=949573)[0m           'prompt_key': 'prompt',
[36m(TaskRunner pid=949573)[0m           'return_full_prompt': False,
[36m(TaskRunner pid=949573)[0m           'return_multi_modal_inputs': True,
[36m(TaskRunner pid=949573)[0m           'return_raw_chat': True,
[36m(TaskRunner pid=949573)[0m           'return_raw_input_ids': False,
[36m(TaskRunner pid=949573)[0m           'reward_fn_key': 'data_source',
[36m(TaskRunner pid=949573)[0m           'sampler': {'class_name': None, 'class_path': None},
[36m(TaskRunner pid=949573)[0m           'seed': None,
[36m(TaskRunner pid=949573)[0m           'shuffle': True,
[36m(TaskRunner pid=949573)[0m           'tokenizer': None,
[36m(TaskRunner pid=949573)[0m           'tool_config_path': None,
[36m(TaskRunner pid=949573)[0m           'train_batch_size': 96,
[36m(TaskRunner pid=949573)[0m           'train_files': ['/sfs/weka/scratch/nkw3mr/Vision-OPD-OPSA/data/TreeVGR-RL-37K/train_sa4k_aha.parquet'],
[36m(TaskRunner pid=949573)[0m           'train_max_samples': -1,
[36m(TaskRunner pid=949573)[0m           'truncation': 'error',
[36m(TaskRunner pid=949573)[0m           'trust_remote_code': True,
[36m(TaskRunner pid=949573)[0m           'use_shm': False,
[36m(TaskRunner pid=949573)[0m           'val_batch_size': None,
[36m(TaskRunner pid=949573)[0m           'val_files': [],
[36m(TaskRunner pid=949573)[0m           'val_max_samples': -1,
[36m(TaskRunner pid=949573)[0m           'validation_shuffle': False,
[36m(TaskRunner pid=949573)[0m           'video_key': 'videos'},
[36m(TaskRunner pid=949573)[0m  'global_profiler': {'_target_': 'verl.utils.profiler.ProfilerConfig',
[36m(TaskRunner pid=949573)[0m                      'global_tool_config': {'nsys': {'_target_': 'verl.utils.profiler.config.NsightToolConfig',
[36m(TaskRunner pid=949573)[0m                                                      'controller_nsight_options': {'cuda-graph-trace': 'graph',
[36m(TaskRunner pid=949573)[0m                                                                                    'cuda-memory-usage': 'true',
[36m(TaskRunner pid=949573)[0m                                                                                    'trace': 'cuda,nvtx,cublas,ucx'},
[36m(TaskRunner pid=949573)[0m                                                      'discrete': False,
[36m(TaskRunner pid=949573)[0m                                                      'worker_nsight_options': {'capture-range': 'cudaProfilerApi',
[36m(TaskRunner pid=949573)[0m                                                                                'capture-range-end': None,
[36m(TaskRunner pid=949573)[0m                                                                                'cuda-graph-trace': 'graph',
[36m(TaskRunner pid=949573)[0m                                                                                'cuda-memory-usage': 'true',
[36m(TaskRunner pid=949573)[0m                                                                                'kill': 'none',
[36m(TaskRunner pid=949573)[0m                                                                                'trace': 'cuda,nvtx,cublas,ucx'}},
[36m(TaskRunner pid=949573)[0m                                             'torch_memory': {'context': 'all',
[36m(TaskRunner pid=949573)[0m                                                              'kw_args': {},
[36m(TaskRunner pid=949573)[0m                                                              'stack_depth': 32,
[36m(TaskRunner pid=949573)[0m                                                              'stacks': 'all',
[36m(TaskRunner pid=949573)[0m                                                              'trace_alloc_max_entries': 100000}},
[36m(TaskRunner pid=949573)[0m                      'profile_continuous_steps': False,
[36m(TaskRunner pid=949573)[0m                      'save_path': 'outputs/profile',
[36m(TaskRunner pid=949573)[0m                      'steps': None,
[36m(TaskRunner pid=949573)[0m                      'tool': None},
[36m(TaskRunner pid=949573)[0m  'max_model_len': 18944,
[36m(TaskRunner pid=949573)[0m  'ray_kwargs': {'ray_init': {'num_cpus': None}, 'timeline_json_file': None},
[36m(TaskRunner pid=949573)[0m  'reward_manager': {'_target_': 'verl.trainer.config.config.RewardManagerConfig',
[36m(TaskRunner pid=949573)[0m                     'module': {'_target_': 'verl.trainer.config.config.ModuleConfig',
[36m(TaskRunner pid=949573)[0m                                'name': 'custom_reward_manager',
[36m(TaskRunner pid=949573)[0m                                'path': None},
[36m(TaskRunner pid=949573)[0m                     'name': 'naive',
[36m(TaskRunner pid=949573)[0m                     'source': 'register'},
[36m(TaskRunner pid=949573)[0m  'reward_model': {'enable': False,
[36m(TaskRunner pid=949573)[0m                   'enable_resource_pool': False,
[36m(TaskRunner pid=949573)[0m                   'forward_max_token_len_per_gpu': 32768,
[36m(TaskRunner pid=949573)[0m                   'launch_reward_fn_async': False,
[36m(TaskRunner pid=949573)[0m                   'max_length': None,
[36m(TaskRunner pid=949573)[0m                   'micro_batch_size': None,
[36m(TaskRunner pid=949573)[0m                   'micro_batch_size_per_gpu': None,
[36m(TaskRunner pid=949573)[0m                   'model': {'external_lib': None,
[36m(TaskRunner pid=949573)[0m                             'fsdp_config': {'_target_': 'verl.workers.config.FSDPEngineConfig',
[36m(TaskRunner pid=949573)[0m                                             'forward_prefetch': False,
[36m(TaskRunner pid=949573)[0m                                             'fsdp_size': -1,
[36m(TaskRunner pid=949573)[0m                                             'param_offload': False,
[36m(TaskRunner pid=949573)[0m                                             'reshard_after_forward': True,
[36m(TaskRunner pid=949573)[0m                                             'wrap_policy': {'min_num_params': 0}},
[36m(TaskRunner pid=949573)[0m                             'input_tokenizer': 'Qwen/Qwen3.5-4B',
[36m(TaskRunner pid=949573)[0m                             'override_config': {},
[36m(TaskRunner pid=949573)[0m                             'path': '~/models/FsfairX-LLaMA3-RM-v0.1',
[36m(TaskRunner pid=949573)[0m                             'trust_remote_code': False,
[36m(TaskRunner pid=949573)[0m                             'use_fused_kernels': False,
[36m(TaskRunner pid=949573)[0m                             'use_remove_padding': False,
[36m(TaskRunner pid=949573)[0m                             'use_shm': False},
[36m(TaskRunner pid=949573)[0m                   'n_gpus_per_node': 8,
[36m(TaskRunner pid=949573)[0m                   'nnodes': 0,
[36m(TaskRunner pid=949573)[0m                   'num_workers': 1,
[36m(TaskRunner pid=949573)[0m                   'profiler': {'_target_': 'verl.utils.profiler.ProfilerConfig',
[36m(TaskRunner pid=949573)[0m                                'all_ranks': False,
[36m(TaskRunner pid=949573)[0m                                'enable': False,
[36m(TaskRunner pid=949573)[0m                                'ranks': [],
[36m(TaskRunner pid=949573)[0m                                'save_path': 'outputs/profile',
[36m(TaskRunner pid=949573)[0m                                'tool': None,
[36m(TaskRunner pid=949573)[0m                                'tool_config': {'npu': {'_target_': 'verl.utils.profiler.config.NPUToolConfig',
[36m(TaskRunner pid=949573)[0m                                                        'analysis': True,
[36m(TaskRunner pid=949573)[0m                                                        'contents': [],
[36m(TaskRunner pid=949573)[0m                                                        'discrete': False,
[36m(TaskRunner pid=949573)[0m                                                        'level': 'level0'},
[36m(TaskRunner pid=949573)[0m                                                'nsys': {'_target_': 'verl.utils.profiler.config.NsightToolConfig',
[36m(TaskRunner pid=949573)[0m                                                         'discrete': False},
[36m(TaskRunner pid=949573)[0m                                                'torch': {'_target_': 'verl.utils.profiler.config.TorchProfilerToolConfig',
[36m(TaskRunner pid=949573)[0m                                                          'step_end': None,
[36m(TaskRunner pid=949573)[0m                                                          'step_start': 0},
[36m(TaskRunner pid=949573)[0m                                                'torch_memory': {'_target_': 'verl.utils.profiler.config.TorchMemoryToolConfig',
[36m(TaskRunner pid=949573)[0m                                                                 'stack_depth': 32,
[36m(TaskRunner pid=949573)[0m                                                                 'trace_alloc_max_entries': 100000}}},
[36m(TaskRunner pid=949573)[0m                   'reward_loop_class_name': None,
[36m(TaskRunner pid=949573)[0m                   'reward_loop_module_path': None,
[36m(TaskRunner pid=949573)[0m                   'reward_loop_source': 'register',
[36m(TaskRunner pid=949573)[0m                   'reward_manager': 'naive',
[36m(TaskRunner pid=949573)[0m                   'rollout': {'_target_': 'verl.workers.config.RolloutConfig',
[36m(TaskRunner pid=949573)[0m                               'cudagraph_capture_sizes': None,
[36m(TaskRunner pid=949573)[0m                               'data_parallel_size': 1,
[36m(TaskRunner pid=949573)[0m                               'disable_log_stats': True,
[36m(TaskRunner pid=949573)[0m                               'dtype': 'bfloat16',
[36m(TaskRunner pid=949573)[0m                               'enable_chunked_prefill': True,
[36m(TaskRunner pid=949573)[0m                               'enable_prefix_caching': True,
[36m(TaskRunner pid=949573)[0m                               'enforce_eager': True,
[36m(TaskRunner pid=949573)[0m                               'engine_kwargs': {},
[36m(TaskRunner pid=949573)[0m                               'expert_parallel_size': 1,
[36m(TaskRunner pid=949573)[0m                               'free_cache_engine': True,
[36m(TaskRunner pid=949573)[0m                               'gpu_memory_utilization': 0.5,
[36m(TaskRunner pid=949573)[0m                               'limit_images': None,
[36m(TaskRunner pid=949573)[0m                               'load_format': 'auto',
[36m(TaskRunner pid=949573)[0m                               'max_model_len': None,
[36m(TaskRunner pid=949573)[0m                               'max_num_batched_tokens': 8192,
[36m(TaskRunner pid=949573)[0m                               'max_num_seqs': 1024,
[36m(TaskRunner pid=949573)[0m                               'name': '???',
[36m(TaskRunner pid=949573)[0m                               'prompt_length': 2048,
[36m(TaskRunner pid=949573)[0m                               'response_length': 2048,
[36m(TaskRunner pid=949573)[0m                               'skip_tokenizer_init': False,
[36m(TaskRunner pid=949573)[0m                               'tensor_model_parallel_size': 2},
[36m(TaskRunner pid=949573)[0m                   'sandbox_fusion': {'max_concurrent': 64,
[36m(TaskRunner pid=949573)[0m /sfs/weka/scratch/nkw3mr/Vision-OPD-OPSA/verl/utils/profiler/config.py:52: UserWarning: Torch profiler tool config is not fully supported now.
[36m(TaskRunner pid=949573)[0m   warnings.warn("Torch profiler tool config is not fully supported now.", stacklevel=1)
[36m(TaskRunner pid=949573)[0m Warning: You are sending unauthenticated requests to the HF Hub. Please set a HF_TOKEN to enable higher rate limits and faster downloads.
[36m(TaskRunner pid=949573)[0m WARNING:2026-09-08 04:10:53,223:Warning: You are sending unauthenticated requests to the HF Hub. Please set a HF_TOKEN to enable higher rate limits and faster downloads.
[36m(TaskRunner pid=949573)[0m The `use_fast` parameter is deprecated and will be removed in a future version. Use `backend="torchvision"` instead of `use_fast=True`, or `backend="pil"` instead of `use_fast=False`.
[36m(TaskRunner pid=949573)[0m /sfs/weka/scratch/nkw3mr/Vision-OPD-OPSA/verl/trainer/ppo/ray_trainer.py:389: UserWarning: Disabled critic as algorithm.adv_estimator != gae. If it is not intended, please set critic.enable=True
[36m(TaskRunner pid=949573)[0m   self.use_critic = need_critic(self.config)
[36m(WorkerDict pid=961244)[0m [W908 04:11:03.142860775 socket.cpp:764] [c10d] The client socket cannot be initialized to connect to [udc-aw37-6-s.hpc.virginia.edu]:53129 (errno: 97 - Address family not supported by protocol).
[36m(WorkerDict pid=961244)[0m Warning: You are sending unauthenticated requests to the HF Hub. Please set a HF_TOKEN to enable higher rate limits and faster downloads.
[36m(WorkerDict pid=961244)[0m WARNING:2026-09-08 04:11:04,083:Warning: You are sending unauthenticated requests to the HF Hub. Please set a HF_TOKEN to enable higher rate limits and faster downloads.
[36m(TaskRunner pid=949573)[0m                                      'memory_limit_mb': 1024,
[36m(TaskRunner pid=949573)[0m                                      'url': None},
[36m(TaskRunner pid=949573)[0m                   'strategy': 'fsdp',
[36m(TaskRunner pid=949573)[0m                   'ulysses_sequence_parallel_size': 1,
[36m(TaskRunner pid=949573)[0m                   'use_dynamic_bsz': True,
[36m(TaskRunner pid=949573)[0m                   'use_reward_loop': False},
[36m(TaskRunner pid=949573)[0m  'trainer': {'balance_batch': True,
[36m(TaskRunner pid=949573)[0m              'critic_warmup': 0,
[36m(TaskRunner pid=949573)[0m              'default_hdfs_dir': None,
[36m(TaskRunner pid=949573)[0m              'default_local_dir': '/sfs/weka/scratch/nkw3mr/Vision-OPD-OPSA/checkpoints/Aha-floor-Qwen3.5-4B',
[36m(TaskRunner pid=949573)[0m              'del_local_ckpt_after_load': False,
[36m(TaskRunner pid=949573)[0m              'device': 'cuda',
[36m(TaskRunner pid=949573)[0m              'esi_redundant_time': 0,
[36m(TaskRunner pid=949573)[0m              'experiment_name': 'Aha-floor-Qwen3.5-4B',
[36m(TaskRunner pid=949573)[0m              'group_name': 'Aha-floor-Qwen3.5-4B',
[36m(TaskRunner pid=949573)[0m              'log_val_generations': 0,
[36m(TaskRunner pid=949573)[0m              'logger': ['console', 'tensorboard', 'wandb'],
[36m(TaskRunner pid=949573)[0m              'max_actor_ckpt_to_keep': None,
[36m(TaskRunner pid=949573)[0m              'max_critic_ckpt_to_keep': None,
[36m(TaskRunner pid=949573)[0m              'n_gpus_per_node': 2,
[36m(TaskRunner pid=949573)[0m              'nnodes': 1,
[36m(TaskRunner pid=949573)[0m              'project_name': 'Vision-OPD-StateAdaptive',
[36m(TaskRunner pid=949573)[0m              'ray_wait_register_center_timeout': 300,
[36m(TaskRunner pid=949573)[0m              'resume_from_path': None,
[36m(TaskRunner pid=949573)[0m              'resume_mode': 'auto',
[36m(TaskRunner pid=949573)[0m              'rollout_data_dir': '/sfs/weka/scratch/nkw3mr/Vision-OPD-OPSA/rollouts/Aha-floor-Qwen3.5-4B',
[36m(TaskRunner pid=949573)[0m              'save_freq': 5,
[36m(TaskRunner pid=949573)[0m              'test_freq': -1,
[36m(TaskRunner pid=949573)[0m              'total_epochs': 1,
[36m(TaskRunner pid=949573)[0m              'total_training_steps': None,
[36m(TaskRunner pid=949573)[0m              'use_legacy_worker_impl': 'auto',
[36m(TaskRunner pid=949573)[0m              'val_before_train': False,
[36m(TaskRunner pid=949573)[0m              'val_only': False,
[36m(TaskRunner pid=949573)[0m              'validation_data_dir': None},
[36m(TaskRunner pid=949573)[0m  'transfer_queue': {'enable': False},
[36m(TaskRunner pid=949573)[0m  'vars': {'ckpt_dir': './checkpoints', 'dir': './data', 'log_dir': './output'}}
[36m(TaskRunner pid=949573)[0m [validate_config] All configuration checks passed successfully!
[36m(TaskRunner pid=949573)[0m Using dataset class: RLHFDataset
[36m(TaskRunner pid=949573)[0m dataset len: 4000
[36m(TaskRunner pid=949573)[0m Size of train dataloader: 41, Size of val dataloader: 0
[36m(TaskRunner pid=949573)[0m Total training steps: 41
[36m(TaskRunner pid=949573)[0m colocated worker base class <class 'verl.single_controller.base.worker.Worker'>
[36m(TaskRunner pid=949573)[0m bind role actor_rollout_ref method chat_completion to class <class 'verl.single_controller.ray.base.create_colocated_worker_cls.<locals>.WorkerDict'>
[36m(TaskRunner pid=949573)[0m bind role actor_rollout_ref method generate to class <class 'verl.single_controller.ray.base.create_colocated_worker_cls.<locals>.WorkerDict'>
[36m(TaskRunner pid=949573)[0m bind role actor_rollout_ref method get_zeromq_address to class <class 'verl.single_controller.ray.base.create_colocated_worker_cls.<locals>.WorkerDict'>
[36m(TaskRunner pid=949573)[0m bind role actor_rollout_ref method sleep to class <class 'verl.single_controller.ray.base.create_colocated_worker_cls.<locals>.WorkerDict'>
[36m(TaskRunner pid=949573)[0m bind role actor_rollout_ref method wake_up to class <class 'verl.single_controller.ray.base.create_colocated_worker_cls.<locals>.WorkerDict'>
[36m(WorkerDict pid=961244)[0m [Gloo] Rank 1 is connected to 1 peer ranks. Expected number of connected peer ranks is : 1
[36m(WorkerDict pid=961243)[0m Model config after override: Qwen3_5Config {
[36m(WorkerDict pid=961243)[0m   "architectures": [
[36m(WorkerDict pid=961243)[0m     "Qwen3_5ForConditionalGeneration"
[36m(WorkerDict pid=961243)[0m   ],
[36m(WorkerDict pid=961243)[0m   "bos_token_id": null,
[36m(WorkerDict pid=961243)[0m   "eos_token_id": 248046,
[36m(WorkerDict pid=961243)[0m   "image_token_id": 248056,
[36m(WorkerDict pid=961243)[0m   "model_type": "qwen3_5",
[36m(WorkerDict pid=961243)[0m   "pad_token_id": 248044,
[36m(WorkerDict pid=961243)[0m   "text_config": {
[36m(WorkerDict pid=961243)[0m     "attention_bias": false,
[36m(WorkerDict pid=961243)[0m     "attention_dropout": 0.0,
[36m(WorkerDict pid=961243)[0m     "attn_output_gate": true,
[36m(WorkerDict pid=961243)[0m     "bos_token_id": null,
[36m(WorkerDict pid=961243)[0m     "dtype": "bfloat16",
[36m(WorkerDict pid=961243)[0m     "eos_token_id": 248044,
[36m(WorkerDict pid=961243)[0m     "full_attention_interval": 4,
[36m(WorkerDict pid=961243)[0m     "head_dim": 256,
[36m(WorkerDict pid=961243)[0m     "hidden_act": "silu",
[36m(WorkerDict pid=961243)[0m     "hidden_size": 2560,
[36m(WorkerDict pid=961243)[0m     "initializer_range": 0.02,
[36m(WorkerDict pid=961243)[0m     "intermediate_size": 9216,
[36m(WorkerDict pid=961243)[0m     "layer_types": [
[36m(WorkerDict pid=961243)[0m       "linear_attention",
[36m(WorkerDict pid=961243)[0m       "linear_attention",
[36m(WorkerDict pid=961243)[0m       "linear_attention",
[36m(WorkerDict pid=961243)[0m       "full_attention",
[36m(WorkerDict pid=961243)[0m       "linear_attention",
[36m(WorkerDict pid=961243)[0m       "linear_attention",
[36m(WorkerDict pid=961243)[0m       "linear_attention",
[36m(WorkerDict pid=961243)[0m       "full_attention",
[36m(WorkerDict pid=961243)[0m       "linear_attention",
[36m(WorkerDict pid=961243)[0m       "linear_attention",
[36m(WorkerDict pid=961243)[0m       "linear_attention",
[36m(WorkerDict pid=961243)[0m       "full_attention",
[36m(WorkerDict pid=961243)[0m       "linear_attention",
[36m(WorkerDict pid=961243)[0m       "linear_attention",
[36m(WorkerDict pid=961243)[0m       "linear_attention",
[36m(WorkerDict pid=961243)[0m       "full_attention",
[36m(WorkerDict pid=961243)[0m       "linear_attention",
[36m(WorkerDict pid=961243)[0m       "linear_attention",
[36m(WorkerDict pid=961243)[0m       "linear_attention",
[36m(WorkerDict pid=961243)[0m       "full_attention",
[36m(WorkerDict pid=961243)[0m       "linear_attention",
[36m(WorkerDict pid=961243)[0m       "linear_attention",
[36m(WorkerDict pid=961243)[0m       "linear_attention",
[36m(WorkerDict pid=961243)[0m       "full_attention",
[36m(WorkerDict pid=961243)[0m       "linear_attention",
[36m(WorkerDict pid=961243)[0m       "linear_attention",
[36m(WorkerDict pid=961243)[0m       "linear_attention",
[36m(WorkerDict pid=961243)[0m       "full_attention",
[36m(WorkerDict pid=961243)[0m       "linear_attention",
[36m(WorkerDict pid=961243)[0m       "linear_attention",
[36m(WorkerDict pid=961243)[0m       "linear_attention",
[36m(WorkerDict pid=961243)[0m       "full_attention"
[36m(WorkerDict pid=961243)[0m     ],
[36m(WorkerDict pid=961243)[0m     "linear_conv_kernel_dim": 4,
[36m(WorkerDict pid=961243)[0m     "linear_key_head_dim": 128,
[36m(WorkerDict pid=961243)[0m     "linear_num_key_heads": 16,
[36m(WorkerDict pid=961243)[0m     "linear_num_value_heads": 32,
[36m(WorkerDict pid=961243)[0m     "linear_value_head_dim": 128,
[36m(WorkerDict pid=961243)[0m     "mamba_ssm_dtype": "float32",
[36m(WorkerDict pid=961243)[0m     "max_position_embeddings": 262144,
[36m(WorkerDict pid=961243)[0m     "mlp_only_layers": [],
[36m(WorkerDict pid=961243)[0m     "model_type": "qwen3_5_text",
[36m(WorkerDict pid=961244)[0m Flash Attention 2 only supports torch.float16 and torch.bfloat16 dtypes, but the current dype in Qwen3_5ForConditionalGeneration is torch.float32. You should run training or inference using Automatic Mixed-Precision via the `with torch.autocast(device_type='torch_device'):` decorator, or load the model with the `dtype` argument. Example: `model = AutoModel.from_pretrained("meta-llama/Llama-3.2-1B", attn_implementation="flash_attention_2", dtype=torch.float16)`
[36m(WorkerDict pid=961244)[0m Flash Attention 2 only supports torch.float16 and torch.bfloat16 dtypes, but the current dype in Qwen3_5Model is torch.float32. You should run training or inference using Automatic Mixed-Precision via the `with torch.autocast(device_type='torch_device'):` decorator, or load the model with the `dtype` argument. Example: `model = AutoModel.from_pretrained("meta-llama/Llama-3.2-1B", attn_implementation="flash_attention_2", dtype=torch.float16)`
[36m(WorkerDict pid=961244)[0m Flash Attention 2 only supports torch.float16 and torch.bfloat16 dtypes, but the current dype in Qwen3_5VisionModel is torch.float32. You should run training or inference using Automatic Mixed-Precision via the `with torch.autocast(device_type='torch_device'):` decorator, or load the model with the `dtype` argument. Example: `model = AutoModel.from_pretrained("meta-llama/Llama-3.2-1B", attn_implementation="flash_attention_2", dtype=torch.float16)`
[36m(WorkerDict pid=961244)[0m Flash Attention 2 only supports torch.float16 and torch.bfloat16 dtypes, but the current dype in Qwen3_5TextModel is torch.float32. You should run training or inference using Automatic Mixed-Precision via the `with torch.autocast(device_type='torch_device'):` decorator, or load the model with the `dtype` argument. Example: `model = AutoModel.from_pretrained("meta-llama/Llama-3.2-1B", attn_implementation="flash_attention_2", dtype=torch.float16)`
[36m(WorkerDict pid=961243)[0m [W908 04:11:03.146202342 socket.cpp:764] [c10d] The client socket cannot be initialized to connect to [udc-aw37-6-s.hpc.virginia.edu]:53129 (errno: 97 - Address family not supported by protocol).
[36m(WorkerDict pid=961244)[0m Loading weights:   0%|          | 0/723 [00:00<?, ?it/s]
[36m(WorkerDict pid=961243)[0m Warning: You are sending unauthenticated requests to the HF Hub. Please set a HF_TOKEN to enable higher rate limits and faster downloads.
[36m(WorkerDict pid=961243)[0m WARNING:2026-09-08 04:11:05,178:Warning: You are sending unauthenticated requests to the HF Hub. Please set a HF_TOKEN to enable higher rate limits and faster downloads.
[36m(WorkerDict pid=961244)[0m Loading weights:   0%|          | 1/723 [00:00<04:31,  2.66it/s]
[36m(WorkerDict pid=961244)[0m Loading weights:  54%|█████▎    | 387/723 [00:01<00:00, 349.94it/s]Loading weights:  61%|██████▏   | 444/723 [00:01<00:00, 396.20it/s]
[36m(WorkerDict pid=961244)[0m Loading weights:  83%|████████▎ | 599/723 [00:01<00:00, 697.98it/s]Loading weights: 100%|██████████| 723/723 [00:01<00:00, 478.83it/s]
[36m(WorkerDict pid=961244)[0m /sfs/weka/scratch/nkw3mr/Vision-OPD-OPSA/verl/utils/profiler/config.py:52: UserWarning: Torch profiler tool config is not fully supported now.
[36m(WorkerDict pid=961244)[0m   warnings.warn("Torch profiler tool config is not fully supported now.", stacklevel=1)
[36m(WorkerDict pid=961243)[0m Flash Attention 2 only supports torch.float16 and torch.bfloat16 dtypes, but the current dype in Qwen3_5TextModel is torch.float32. You should run training or inference using Automatic Mixed-Precision via the `with torch.autocast(device_type='torch_device'):` decorator, or load the model with the `dtype` argument. Example: `model = AutoModel.from_pretrained("meta-llama/Llama-3.2-1B", attn_implementation="flash_attention_2", dtype=torch.float16)`[32m [repeated 4x across cluster] (Ray deduplicates logs by default. Set RAY_DEDUP_LOGS=0 to disable log deduplication, or see https://docs.ray.io/en/master/ray-observability/user-guides/configure-logging.html#log-deduplication for more options.)[0m
[36m(WorkerDict pid=961243)[0m Loading weights:   0%|          | 0/723 [00:00<?, ?it/s]
[36m(WorkerDict pid=961243)[0m Loading weights:  48%|████▊     | 344/723 [00:01<00:00, 388.22it/s][32m [repeated 13x across cluster][0m
[36m(WorkerDict pid=961244)[0m /sfs/weka/scratch/nkw3mr/Vision-OPD-OPSA/verl/workers/fsdp_workers.py:666: FutureWarning: FSDP.state_dict_type() and FSDP.set_state_dict_type() are being deprecated. Please use APIs, get_state_dict() and set_state_dict(), which can support different parallelisms, FSDP1, FSDP2, DDP. API doc: https://pytorch.org/docs/stable/distributed.checkpoint.html#torch.distributed.checkpoint.state_dict.get_state_dict .Tutorial: https://pytorch.org/tutorials/recipes/distributed_checkpoint_recipe.html .
[36m(WorkerDict pid=961244)[0m   FSDP.set_state_dict_type(
[36m(WorkerDict pid=961243)[0m Loading weights:  54%|█████▎    | 388/723 [00:01<00:00, 353.52it/s]Loading weights:  59%|█████▉    | 427/723 [00:01<00:00, 359.09it/s]
[36m(WorkerDict pid=961243)[0m Loading weights:  82%|████████▏ | 590/723 [00:01<00:00, 684.97it/s]Loading weights: 100%|██████████| 723/723 [00:01<00:00, 480.45it/s]
[36m(WorkerDict pid=961243)[0m /sfs/weka/scratch/nkw3mr/Vision-OPD-OPSA/verl/utils/profiler/config.py:52: UserWarning: Torch profiler tool config is not fully supported now.
[36m(WorkerDict pid=961243)[0m   warnings.warn("Torch profiler tool config is not fully supported now.", stacklevel=1)
[36m(WorkerDict pid=961243)[0m     "mtp_num_hidden_layers": 1,
[36m(WorkerDict pid=961243)[0m     "mtp_use_dedicated_embeddings": false,
[36m(WorkerDict pid=961243)[0m     "num_attention_heads": 16,
[36m(WorkerDict pid=961243)[0m     "num_hidden_layers": 32,
[36m(WorkerDict pid=961243)[0m     "num_key_value_heads": 4,
[36m(WorkerDict pid=961243)[0m     "pad_token_id": null,
[36m(WorkerDict pid=961243)[0m     "partial_rotary_factor": 0.25,
[36m(WorkerDict pid=961243)[0m     "rms_norm_eps": 1e-06,
[36m(WorkerDict pid=961243)[0m     "rope_parameters": {
[36m(WorkerDict pid=961243)[0m       "mrope_interleaved": true,
[36m(WorkerDict pid=961243)[0m       "mrope_section": [
[36m(WorkerDict pid=961243)[0m         11,
[36m(WorkerDict pid=961243)[0m         11,
[36m(WorkerDict pid=961243)[0m         10
[36m(WorkerDict pid=961243)[0m       ],
[36m(WorkerDict pid=961243)[0m       "partial_rotary_factor": 0.25,
[36m(WorkerDict pid=961243)[0m       "rope_theta": 10000000,
[36m(WorkerDict pid=961243)[0m       "rope_type": "default"
[36m(WorkerDict pid=961243)[0m     },
[36m(WorkerDict pid=961243)[0m     "tie_word_embeddings": true,
[36m(WorkerDict pid=961243)[0m     "use_cache": true,
[36m(WorkerDict pid=961243)[0m     "vocab_size": 248320
[36m(WorkerDict pid=961243)[0m   },
[36m(WorkerDict pid=961243)[0m   "tie_word_embeddings": true,
[36m(WorkerDict pid=961243)[0m   "transformers_version": "5.5.0",
[36m(WorkerDict pid=961243)[0m   "video_token_id": 248057,
[36m(WorkerDict pid=961243)[0m   "vision_config": {
[36m(WorkerDict pid=961243)[0m     "deepstack_visual_indexes": [],
[36m(WorkerDict pid=961243)[0m     "depth": 24,
[36m(WorkerDict pid=961243)[0m     "hidden_act": "gelu_pytorch_tanh",
[36m(WorkerDict pid=961243)[0m     "hidden_size": 1024,
[36m(WorkerDict pid=961243)[0m     "in_channels": 3,
[36m(WorkerDict pid=961243)[0m     "initializer_range": 0.02,
[36m(WorkerDict pid=961243)[0m     "intermediate_size": 4096,
[36m(WorkerDict pid=961243)[0m     "model_type": "qwen3_5",
[36m(WorkerDict pid=961243)[0m     "num_heads": 16,
[36m(WorkerDict pid=961243)[0m     "num_position_embeddings": 2304,
[36m(WorkerDict pid=961243)[0m     "out_hidden_size": 2560,
[36m(WorkerDict pid=961243)[0m     "patch_size": 16,
[36m(WorkerDict pid=961243)[0m     "spatial_merge_size": 2,
[36m(WorkerDict pid=961243)[0m     "temporal_patch_size": 2
[36m(WorkerDict pid=961243)[0m   },
[36m(WorkerDict pid=961243)[0m   "vision_end_token_id": 248054,
[36m(WorkerDict pid=961243)[0m   "vision_start_token_id": 248053
[36m(WorkerDict pid=961243)[0m }
[36m(WorkerDict pid=961243)[0m 
[36m(WorkerDict pid=961243)[0m Monkey patch Qwen3_5ForConditionalGeneration model forward
[36m(WorkerDict pid=961243)[0m Monkey patch _flash_attention_forward in transformers.integrations.flash_attention
[36m(WorkerDict pid=961243)[0m Skipping monkey patch for Qwen3_5ForConditionalGeneration as use_fused_kernels is False or fused_kernels_backend is torch
[36m(WorkerDict pid=961243)[0m [Gloo] Rank 0 is connected to 1 peer ranks. Expected number of connected peer ranks is : 1
[36m(WorkerDict pid=961243)[0m Qwen3_5ForConditionalGeneration contains 4.54B parameters
[36m(WorkerDict pid=961243)[0m wrap_policy: functools.partial(<function _or_policy at 0x150630cc2520>, policies=[functools.partial(<function transformer_auto_wrap_policy at 0x150630cc23e0>, transformer_layer_cls={<class 'transformers.models.qwen3_5.modeling_qwen3_5.Qwen3_5VisionBlock'>, <class 'transformers.models.qwen3_5.modeling_qwen3_5.Qwen3_5DecoderLayer'>})])
[36m(WorkerDict pid=961243)[0m Total steps: 41, num_warmup_steps: 10
[36m(WorkerDict pid=961243)[0m Actor use_remove_padding=True
[36m(WorkerDict pid=961243)[0m Actor use_fused_kernels=False
[36m(WorkerDict pid=961243)[0m Actor use_prefix_grouper=False
[36m(WorkerDict pid=961244)[0m [Gloo] Rank 0 is connected to 0 peer ranks. Expected number of connected peer ranks is : 0
[36m(WorkerDict pid=961244)[0m [Gloo] Rank 0 is connected to 0 peer ranks. Expected number of connected peer ranks is : 0
[36m(WorkerDict pid=961244)[0m Monkey patch Qwen3_5ForConditionalGeneration model forward
[36m(WorkerDict pid=961244)[0m Monkey patch _flash_attention_forward in transformers.integrations.flash_attention
[36m(WorkerDict pid=961244)[0m Skipping monkey patch for Qwen3_5ForConditionalGeneration as use_fused_kernels is False or fused_kernels_backend is torch
[36m(WorkerDict pid=961243)[0m NCCL version 2.27.5+cuda12.9
[36m(WorkerDict pid=961243)[0m reference model: Qwen/Qwen3.5-4B
[36m(WorkerDict pid=961243)[0m Model config after override: Qwen3_5Config {
[36m(WorkerDict pid=961243)[0m   "architectures": [
[36m(WorkerDict pid=961243)[0m     "Qwen3_5ForConditionalGeneration"
[36m(WorkerDict pid=961243)[0m   ],
[36m(WorkerDict pid=961243)[0m   "bos_token_id": null,
[36m(WorkerDict pid=961243)[0m   "eos_token_id": 248046,
[36m(WorkerDict pid=961243)[0m   "image_token_id": 248056,
[36m(WorkerDict pid=961243)[0m   "model_type": "qwen3_5",
[36m(WorkerDict pid=961243)[0m   "pad_token_id": 248044,
[36m(WorkerDict pid=961243)[0m   "text_config": {
[36m(WorkerDict pid=961243)[0m     "attention_bias": false,
[36m(WorkerDict pid=961243)[0m     "attention_dropout": 0.0,
[36m(WorkerDict pid=961243)[0m     "attn_output_gate": true,
[36m(WorkerDict pid=961243)[0m     "bos_token_id": null,
[36m(WorkerDict pid=961243)[0m     "dtype": "bfloat16",
[36m(WorkerDict pid=961243)[0m     "eos_token_id": 248044,
[36m(WorkerDict pid=961243)[0m     "full_attention_interval": 4,
[36m(WorkerDict pid=961243)[0m     "head_dim": 256,
[36m(WorkerDict pid=961243)[0m     "hidden_act": "silu",
[36m(WorkerDict pid=961243)[0m     "hidden_size": 2560,
[36m(WorkerDict pid=961243)[0m     "initializer_range": 0.02,
[36m(WorkerDict pid=961243)[0m     "intermediate_size": 9216,
[36m(WorkerDict pid=961243)[0m     "layer_types": [
[36m(WorkerDict pid=961243)[0m       "linear_attention",
[36m(WorkerDict pid=961243)[0m       "linear_attention",
[36m(WorkerDict pid=961243)[0m       "linear_attention",
[36m(WorkerDict pid=961243)[0m       "full_attention",
[36m(WorkerDict pid=961243)[0m       "linear_attention",
[36m(WorkerDict pid=961243)[0m       "linear_attention",
[36m(WorkerDict pid=961243)[0m       "linear_attention",
[36m(WorkerDict pid=961243)[0m       "full_attention",
[36m(WorkerDict pid=961243)[0m       "linear_attention",
[36m(WorkerDict pid=961243)[0m       "linear_attention",
[36m(WorkerDict pid=961243)[0m       "linear_attention",
[36m(WorkerDict pid=961243)[0m       "full_attention",
[36m(WorkerDict pid=961243)[0m       "linear_attention",
[36m(WorkerDict pid=961243)[0m       "linear_attention",
[36m(WorkerDict pid=961243)[0m       "linear_attention",
[36m(WorkerDict pid=961243)[0m       "full_attention",
[36m(WorkerDict pid=961243)[0m       "linear_attention",
[36m(WorkerDict pid=961243)[0m       "linear_attention",
[36m(WorkerDict pid=961243)[0m       "linear_attention",
[36m(WorkerDict pid=961243)[0m       "full_attention",
[36m(WorkerDict pid=961243)[0m       "linear_attention",
[36m(WorkerDict pid=961243)[0m       "linear_attention",
[36m(WorkerDict pid=961243)[0m       "linear_attention",
[36m(WorkerDict pid=961243)[0m       "full_attention",
[36m(WorkerDict pid=961243)[0m       "linear_attention",
[36m(WorkerDict pid=961243)[0m       "linear_attention",
[36m(WorkerDict pid=961243)[0m       "linear_attention",
[36m(WorkerDict pid=961243)[0m       "full_attention",
[36m(WorkerDict pid=961243)[0m       "linear_attention",
[36m(WorkerDict pid=961243)[0m       "linear_attention",
[36m(WorkerDict pid=961243)[0m       "linear_attention",
[36m(WorkerDict pid=961243)[0m       "full_attention"
[36m(WorkerDict pid=961243)[0m     ],
[36m(WorkerDict pid=961243)[0m     "linear_conv_kernel_dim": 4,
[36m(WorkerDict pid=961243)[0m     "linear_key_head_dim": 128,
[36m(WorkerDict pid=961243)[0m     "linear_num_key_heads": 16,
[36m(WorkerDict pid=961243)[0m     "linear_num_value_heads": 32,
[36m(WorkerDict pid=961243)[0m     "linear_value_head_dim": 128,
[36m(WorkerDict pid=961244)[0m Loading weights:   0%|          | 0/723 [00:00<?, ?it/s]
[36m(WorkerDict pid=961244)[0m Loading weights:   0%|          | 1/723 [00:00<04:18,  2.79it/s]
[36m(WorkerDict pid=961244)[0m Loading weights:  33%|███▎      | 238/723 [00:00<00:00, 667.93it/s]
[36m(WorkerDict pid=961244)[0m Loading weights:  87%|████████▋ | 626/723 [00:00<00:00, 817.52it/s]Loading weights: 100%|██████████| 723/723 [00:01<00:00, 705.73it/s]
[36m(WorkerDict pid=961243)[0m /sfs/weka/scratch/nkw3mr/Vision-OPD-OPSA/verl/workers/fsdp_workers.py:666: FutureWarning: FSDP.state_dict_type() and FSDP.set_state_dict_type() are being deprecated. Please use APIs, get_state_dict() and set_state_dict(), which can support different parallelisms, FSDP1, FSDP2, DDP. API doc: https://pytorch.org/docs/stable/distributed.checkpoint.html#torch.distributed.checkpoint.state_dict.get_state_dict .Tutorial: https://pytorch.org/tutorials/recipes/distributed_checkpoint_recipe.html .
[36m(WorkerDict pid=961243)[0m   FSDP.set_state_dict_type(
[36m(TaskRunner pid=949573)[0m W0908 04:11:28.925000 949573 site-packages/torch/utils/cpp_extension.py:118] No CUDA runtime is found, using CUDA_HOME='/apps/software/standard/core/cuda/12.8.0'
[36m(TaskRunner pid=949573)[0m /sfs/weka/scratch/nkw3mr/Vision-OPD-OPSA/verl/utils/profiler/config.py:52: UserWarning: Torch profiler tool config is not fully supported now.
[36m(TaskRunner pid=949573)[0m   warnings.warn("Torch profiler tool config is not fully supported now.", stacklevel=1)
[36m(WorkerDict pid=961243)[0m Loading weights:   0%|          | 0/723 [00:00<?, ?it/s]
[36m(WorkerDict pid=961243)[0m Loading weights:  52%|█████▏    | 374/723 [00:00<00:00, 525.83it/s][32m [repeated 5x across cluster][0m
[36m(WorkerDict pid=961243)[0m Loading weights:  66%|██████▌   | 478/723 [00:00<00:00, 627.68it/s]Loading weights: 100%|██████████| 723/723 [00:00<00:00, 733.88it/s]
[36m(pid=995601)[0m W0908 04:11:37.772000 995601 site-packages/torch/utils/cpp_extension.py:118] No CUDA runtime is found, using CUDA_HOME='/apps/software/standard/core/cuda/12.8.0'
[36m(pid=995618)[0m W0908 04:11:37.772000 995618 site-packages/torch/utils/cpp_extension.py:118] No CUDA runtime is found, using CUDA_HOME='/apps/software/standard/core/cuda/12.8.0'
[36m(vLLMHttpServer pid=995601)[0m Warning: You are sending unauthenticated requests to the HF Hub. Please set a HF_TOKEN to enable higher rate limits and faster downloads.
[36m(vLLMHttpServer pid=995601)[0m Using blocking ray.get inside async actor. This blocks the event loop. Please use `await` on object ref with asyncio.gather if you want to yield execution to the event loop instead.
[36m(vLLMHttpServer pid=995601)[0m The argument `trust_remote_code` is to be used with Auto classes. It has no effect here and is ignored.
[36m(vLLMHttpServer pid=995601)[0m `layer_type_validation` is deprecated and will be removed in v5.20. Use `PreTrainedConfig.validate_layer_type` instead
[36m(vLLMHttpServer pid=995601)[0m `layer_type_validation` is deprecated and will be removed in v5.20. Use `PreTrainedConfig.validate_layer_type` instead
[36m(vLLMHttpServer pid=995601)[0m `layer_type_validation` is deprecated and will be removed in v5.20. Use `PreTrainedConfig.validate_layer_type` instead
[36m(vLLMHttpServer pid=995601)[0m `Qwen2VLImageProcessorFast` is deprecated. The `Fast` suffix for image processors has been removed; use `Qwen2VLImageProcessor` instead.
[36m(vLLMHttpServer pid=995618)[0m Warning: You are sending unauthenticated requests to the HF Hub. Please set a HF_TOKEN to enable higher rate limits and faster downloads.
[36m(vLLMHttpServer pid=995601)[0m The `use_fast` parameter is deprecated and will be removed in a future version. Use `backend="torchvision"` instead of `use_fast=True`, or `backend="pil"` instead of `use_fast=False`.
[36m(vLLMHttpServer pid=995618)[0m Using blocking ray.get inside async actor. This blocks the event loop. Please use `await` on object ref with asyncio.gather if you want to yield execution to the event loop instead.
[36m(vLLMHttpServer pid=995618)[0m The argument `trust_remote_code` is to be used with Auto classes. It has no effect here and is ignored.[32m [repeated 3x across cluster][0m
[36m(vLLMHttpServer pid=995618)[0m `layer_type_validation` is deprecated and will be removed in v5.20. Use `PreTrainedConfig.validate_layer_type` instead[32m [repeated 9x across cluster][0m
[36m(vLLMHttpServer pid=995618)[0m `Qwen2VLImageProcessorFast` is deprecated. The `Fast` suffix for image processors has been removed; use `Qwen2VLImageProcessor` instead.
[36m(WorkerDict pid=961243)[0m     "mamba_ssm_dtype": "float32",
[36m(WorkerDict pid=961243)[0m     "max_position_embeddings": 262144,
[36m(WorkerDict pid=961243)[0m     "mlp_only_layers": [],
[36m(WorkerDict pid=961243)[0m     "model_type": "qwen3_5_text",
[36m(WorkerDict pid=961243)[0m     "mtp_num_hidden_layers": 1,
[36m(WorkerDict pid=961243)[0m     "mtp_use_dedicated_embeddings": false,
[36m(WorkerDict pid=961243)[0m     "num_attention_heads": 16,
[36m(WorkerDict pid=961243)[0m     "num_hidden_layers": 32,
[36m(WorkerDict pid=961243)[0m     "num_key_value_heads": 4,
[36m(WorkerDict pid=961243)[0m     "pad_token_id": null,
[36m(WorkerDict pid=961243)[0m     "partial_rotary_factor": 0.25,
[36m(WorkerDict pid=961243)[0m     "rms_norm_eps": 1e-06,
[36m(WorkerDict pid=961243)[0m     "rope_parameters": {
[36m(WorkerDict pid=961243)[0m       "mrope_interleaved": true,
[36m(WorkerDict pid=961243)[0m       "mrope_section": [
[36m(WorkerDict pid=961243)[0m         11,
[36m(WorkerDict pid=961243)[0m         11,
[36m(WorkerDict pid=961243)[0m         10
[36m(WorkerDict pid=961243)[0m       ],
[36m(WorkerDict pid=961243)[0m       "partial_rotary_factor": 0.25,
[36m(WorkerDict pid=961243)[0m       "rope_theta": 10000000,
[36m(WorkerDict pid=961243)[0m       "rope_type": "default"
[36m(WorkerDict pid=961243)[0m     },
[36m(WorkerDict pid=961243)[0m     "tie_word_embeddings": true,
[36m(WorkerDict pid=961243)[0m     "use_cache": true,
[36m(WorkerDict pid=961243)[0m     "vocab_size": 248320
[36m(WorkerDict pid=961243)[0m   },
[36m(WorkerDict pid=961243)[0m   "tie_word_embeddings": true,
[36m(WorkerDict pid=961243)[0m   "transformers_version": "5.5.0",
[36m(WorkerDict pid=961243)[0m   "video_token_id": 248057,
[36m(WorkerDict pid=961243)[0m   "vision_config": {
[36m(WorkerDict pid=961243)[0m     "deepstack_visual_indexes": [],
[36m(WorkerDict pid=961243)[0m     "depth": 24,
[36m(WorkerDict pid=961243)[0m     "hidden_act": "gelu_pytorch_tanh",
[36m(WorkerDict pid=961243)[0m     "hidden_size": 1024,
[36m(WorkerDict pid=961243)[0m     "in_channels": 3,
[36m(WorkerDict pid=961243)[0m     "initializer_range": 0.02,
[36m(WorkerDict pid=961243)[0m     "intermediate_size": 4096,
[36m(WorkerDict pid=961243)[0m     "model_type": "qwen3_5",
[36m(WorkerDict pid=961243)[0m     "num_heads": 16,
[36m(WorkerDict pid=961243)[0m     "num_position_embeddings": 2304,
[36m(WorkerDict pid=961243)[0m     "out_hidden_size": 2560,
[36m(WorkerDict pid=961243)[0m     "patch_size": 16,
[36m(WorkerDict pid=961243)[0m     "spatial_merge_size": 2,
[36m(WorkerDict pid=961243)[0m     "temporal_patch_size": 2
[36m(WorkerDict pid=961243)[0m   },
[36m(WorkerDict pid=961243)[0m   "vision_end_token_id": 248054,
[36m(WorkerDict pid=961243)[0m   "vision_start_token_id": 248053
[36m(WorkerDict pid=961243)[0m }
[36m(WorkerDict pid=961243)[0m 
[36m(WorkerDict pid=961243)[0m [Gloo] Rank 0 is connected to 0 peer ranks. Expected number of connected peer ranks is : 0[32m [repeated 2x across cluster][0m
[36m(WorkerDict pid=961244)[0m Monkey patch Qwen3_5ForConditionalGeneration model forward
[36m(WorkerDict pid=961244)[0m Monkey patch _flash_attention_forward in transformers.integrations.flash_attention
[36m(WorkerDict pid=961244)[0m Skipping monkey patch for Qwen3_5ForConditionalGeneration as use_fused_kernels is False or fused_kernels_backend is torch
[36m(WorkerDict pid=961243)[0m Qwen3_5ForConditionalGeneration contains 4.54B parameters
[36m(WorkerDict pid=961243)[0m wrap_policy: functools.partial(<function _or_policy at 0x150630cc2520>, policies=[functools.partial(<function transformer_auto_wrap_policy at 0x150630cc23e0>, transformer_layer_cls={<class 'transformers.models.qwen3_5.modeling_qwen3_5.Qwen3_5VisionBlock'>, <class 'transformers.models.qwen3_5.modeling_qwen3_5.Qwen3_5DecoderLayer'>})])
[36m(WorkerDict pid=961243)[0m Ref use_remove_padding=True
[36m(WorkerDict pid=961243)[0m Ref use_fused_kernels=False
[36m(WorkerDict pid=961243)[0m Ref use_prefix_grouper=False
[36m(vLLMHttpServer pid=995601)[0m ['serve',
[36m(vLLMHttpServer pid=995601)[0m  'Qwen/Qwen3.5-4B',
[36m(vLLMHttpServer pid=995601)[0m  '--dtype',
[36m(vLLMHttpServer pid=995601)[0m  'bfloat16',
[36m(vLLMHttpServer pid=995601)[0m  '--load_format',
[36m(vLLMHttpServer pid=995601)[0m  'dummy',
[36m(vLLMHttpServer pid=995601)[0m  '--trust_remote_code',
[36m(vLLMHttpServer pid=995601)[0m  '--max_model_len',
[36m(vLLMHttpServer pid=995601)[0m  '262144',
[36m(vLLMHttpServer pid=995601)[0m  '--max_num_seqs',
[36m(vLLMHttpServer pid=995601)[0m  '1024',
[36m(vLLMHttpServer pid=995601)[0m  '--enable_chunked_prefill',
[36m(vLLMHttpServer pid=995601)[0m  '--max_num_batched_tokens',
[36m(vLLMHttpServer pid=995601)[0m  '5632',
[36m(vLLMHttpServer pid=995601)[0m  '--enable_prefix_caching',
[36m(vLLMHttpServer pid=995601)[0m  '--enable_sleep_mode',
[36m(vLLMHttpServer pid=995601)[0m  '--logprobs_mode',
[36m(vLLMHttpServer pid=995601)[0m  'processed_logprobs',
[36m(vLLMHttpServer pid=995601)[0m  '--disable_custom_all_reduce',
[36m(vLLMHttpServer pid=995601)[0m  '--gpu_memory_utilization',
[36m(vLLMHttpServer pid=995601)[0m  '0.7',
[36m(vLLMHttpServer pid=995601)[0m  '--disable_log_stats',
[36m(vLLMHttpServer pid=995601)[0m  '--tensor_parallel_size',
[36m(vLLMHttpServer pid=995601)[0m  '1',
[36m(vLLMHttpServer pid=995601)[0m  '--seed',
[36m(vLLMHttpServer pid=995601)[0m  '0',
[36m(vLLMHttpServer pid=995601)[0m  '--override_generation_config',
[36m(vLLMHttpServer pid=995601)[0m  '{"temperature": 1.0, "top_k": -1, "top_p": 1, "repetition_penalty": 1.0, '
[36m(vLLMHttpServer pid=995601)[0m  '"max_new_tokens": 1024}',
[36m(vLLMHttpServer pid=995601)[0m  '--hf_overrides',
[36m(vLLMHttpServer pid=995601)[0m  '{}',
[36m(vLLMHttpServer pid=995601)[0m  '--scheduling_policy',
[36m(vLLMHttpServer pid=995601)[0m  'fcfs',
[36m(vLLMHttpServer pid=995601)[0m  '--compilation_config',
[36m(vLLMHttpServer pid=995601)[0m  '{"pass_config": {"fuse_allreduce_rms": false}}',
[36m(vLLMHttpServer pid=995601)[0m  '--kernel_config',
[36m(vLLMHttpServer pid=995601)[0m  '{"enable_flashinfer_autotune": false}']
[36m(WorkerDict pid=961243)[0m Monkey patch Qwen3_5ForConditionalGeneration model forward
[36m(WorkerDict pid=961243)[0m Monkey patch _flash_attention_forward in transformers.integrations.flash_attention
[36m(WorkerDict pid=961243)[0m Skipping monkey patch for Qwen3_5ForConditionalGeneration as use_fused_kernels is False or fused_kernels_backend is torch
[36m(vLLMHttpServer pid=995601)[0m WARNING 09-08 04:11:43 [envs.py:1717] Unknown vLLM environment variable detected: VLLM_USE_V1
[36m(vLLMHttpServer pid=995601)[0m WARNING 09-08 04:11:43 [config.py:372] Mamba cache mode is set to 'align' for Qwen3_5ForConditionalGeneration by default when prefix caching is enabled
[36m(vLLMHttpServer pid=995601)[0m WARNING 09-08 04:11:44 [vllm.py:743] Async scheduling will be disabled because it is not supported with the `<class 'verl.workers.rollout.vllm_rollout.vllm_async_server.ExternalZeroMQDistributedExecutor'>` distributed executor backend (only `mp`, `uni`, and `external_launcher` are supported).
[36m(vLLMHttpServer pid=995618)[0m WARNING 09-08 04:11:54 [system_utils.py:152] We must use the `spawn` multiprocessing start method. Overriding VLLM_WORKER_MULTIPROC_METHOD to 'spawn'. See https://docs.vllm.ai/en/latest/usage/troubleshooting.html#python-multiprocessing for more information. Reasons: In a Ray actor and can only be spawned
[36m(vLLMHttpServer pid=995618)[0m WARNING 09-08 04:11:43 [envs.py:1717] Unknown vLLM environment variable detected: VLLM_USE_V1
[36m(vLLMHttpServer pid=995618)[0m WARNING 09-08 04:11:43 [config.py:372] Mamba cache mode is set to 'align' for Qwen3_5ForConditionalGeneration by default when prefix caching is enabled
[36m(vLLMHttpServer pid=995601)[0m W0908 04:12:00.674000 22452 site-packages/torch/utils/cpp_extension.py:118] No CUDA runtime is found, using CUDA_HOME='/apps/software/standard/core/cuda/12.8.0'
[36m(vLLMHttpServer pid=995618)[0m The `use_fast` parameter is deprecated and will be removed in a future version. Use `backend="torchvision"` instead of `use_fast=True`, or `backend="pil"` instead of `use_fast=False`.
[36m(WorkerDict pid=961244)[0m `Qwen2VLImageProcessorFast` is deprecated. The `Fast` suffix for image processors has been removed; use `Qwen2VLImageProcessor` instead.
[36m(WorkerDict pid=961243)[0m The `use_fast` parameter is deprecated and will be removed in a future version. Use `backend="torchvision"` instead of `use_fast=True`, or `backend="pil"` instead of `use_fast=False`.
[36m(vLLMHttpServer pid=995618)[0m W0908 04:12:00.675000 22306 site-packages/torch/utils/cpp_extension.py:118] No CUDA runtime is found, using CUDA_HOME='/apps/software/standard/core/cuda/12.8.0'
[36m(WorkerDict pid=961243)[0m `Qwen2VLImageProcessorFast` is deprecated. The `Fast` suffix for image processors has been removed; use `Qwen2VLImageProcessor` instead.
[36m(WorkerDict pid=961244)[0m <frozen importlib._bootstrap_external>:1301: FutureWarning: The cuda.cudart module is deprecated and will be removed in a future release, please switch to use the cuda.bindings.runtime module instead.
[36m(WorkerDict pid=961244)[0m <frozen importlib._bootstrap_external>:1301: FutureWarning: The cuda.nvrtc module is deprecated and will be removed in a future release, please switch to use the cuda.bindings.nvrtc module instead.
[36m(WorkerDict pid=961244)[0m /sfs/weka/scratch/nkw3mr/envs/vision-opd/lib/python3.12/site-packages/vllm/model_executor/layers/fla/ops/utils.py:113: UserWarning: Input tensor shape suggests potential format mismatch: seq_len (16) < num_heads (32). This may indicate the inputs were passed in head-first format [B, H, T, ...] when head_first=False was specified. Please verify your input tensor format matches the expected shape [B, T, H, ...].
[36m(WorkerDict pid=961244)[0m   return fn(*contiguous_args, **contiguous_kwargs)
[36m(WorkerDict pid=961244)[0m The `use_fast` parameter is deprecated and will be removed in a future version. Use `backend="torchvision"` instead of `use_fast=True`, or `backend="pil"` instead of `use_fast=False`.
[36m(WorkerDict pid=961243)[0m Capturing CUDA graphs (mixed prefill-decode, PIECEWISE):   0%|          | 0/51 [00:00<?, ?it/s]
[36m(WorkerDict pid=961243)[0m <frozen importlib._bootstrap_external>:1301: FutureWarning: The cuda.cudart module is deprecated and will be removed in a future release, please switch to use the cuda.bindings.runtime module instead.
[36m(WorkerDict pid=961243)[0m <frozen importlib._bootstrap_external>:1301: FutureWarning: The cuda.nvrtc module is deprecated and will be removed in a future release, please switch to use the cuda.bindings.nvrtc module instead.
[36m(WorkerDict pid=961243)[0m /sfs/weka/scratch/nkw3mr/envs/vision-opd/lib/python3.12/site-packages/vllm/model_executor/layers/fla/ops/utils.py:113: UserWarning: Input tensor shape suggests potential format mismatch: seq_len (16) < num_heads (32). This may indicate the inputs were passed in head-first format [B, H, T, ...] when head_first=False was specified. Please verify your input tensor format matches the expected shape [B, T, H, ...].
[36m(WorkerDict pid=961243)[0m   return fn(*contiguous_args, **contiguous_kwargs)
[36m(WorkerDict pid=961243)[0m Capturing CUDA graphs (mixed prefill-decode, PIECEWISE):   8%|▊         | 4/51 [00:00<00:01, 36.35it/s]
[36m(WorkerDict pid=961243)[0m Capturing CUDA graphs (mixed prefill-decode, PIECEWISE):  16%|█▌        | 8/51 [00:00<00:01, 38.25it/s]
[36m(WorkerDict pid=961243)[0m Capturing CUDA graphs (mixed prefill-decode, PIECEWISE):  25%|██▌       | 13/51 [00:00<00:00, 39.74it/s]
[36m(WorkerDict pid=961243)[0m Capturing CUDA graphs (mixed prefill-decode, PIECEWISE):  35%|███▌      | 18/51 [00:00<00:00, 41.31it/s]
[36m(WorkerDict pid=961243)[0m Capturing CUDA graphs (mixed prefill-decode, PIECEWISE):  45%|████▌     | 23/51 [00:00<00:00, 43.94it/s]
[36m(WorkerDict pid=961243)[0m Capturing CUDA graphs (mixed prefill-decode, PIECEWISE):  55%|█████▍    | 28/51 [00:00<00:00, 45.67it/s]
[36m(WorkerDict pid=961243)[0m Capturing CUDA graphs (mixed prefill-decode, PIECEWISE):  65%|██████▍   | 33/51 [00:00<00:00, 45.07it/s]
[36m(WorkerDict pid=961243)[0m Capturing CUDA graphs (mixed prefill-decode, PIECEWISE):  75%|███████▍  | 38/51 [00:00<00:00, 45.80it/s]
[36m(WorkerDict pid=961243)[0m Capturing CUDA graphs (mixed prefill-decode, PIECEWISE):  86%|████████▋ | 44/51 [00:00<00:00, 48.11it/s]
[36m(WorkerDict pid=961243)[0m Capturing CUDA graphs (mixed prefill-decode, PIECEWISE):  98%|█████████▊| 50/51 [00:01<00:00, 50.60it/s]
[36m(WorkerDict pid=961243)[0m Capturing CUDA graphs (mixed prefill-decode, PIECEWISE): 100%|██████████| 51/51 [00:01<00:00, 45.61it/s]
[36m(WorkerDict pid=961243)[0m Capturing CUDA graphs (decode, FULL):   0%|          | 0/51 [00:00<?, ?it/s]
[36m(WorkerDict pid=961243)[0m Capturing CUDA graphs (decode, FULL):   6%|▌         | 3/51 [00:00<00:01, 28.52it/s]
[36m(WorkerDict pid=961243)[0m Capturing CUDA graphs (decode, FULL):  14%|█▎        | 7/51 [00:00<00:01, 30.28it/s]
[36m(WorkerDict pid=961243)[0m Capturing CUDA graphs (decode, FULL):  22%|██▏       | 11/51 [00:00<00:01, 31.54it/s]
[36m(WorkerDict pid=961243)[0m Capturing CUDA graphs (decode, FULL):  29%|██▉       | 15/51 [00:00<00:01, 33.01it/s]
[36m(WorkerDict pid=961243)[0m Capturing CUDA graphs (decode, FULL):  39%|███▉      | 20/51 [00:00<00:00, 36.00it/s]
[36m(WorkerDict pid=961243)[0m Capturing CUDA graphs (decode, FULL):  49%|████▉     | 25/51 [00:00<00:00, 38.69it/s]
[36m(WorkerDict pid=961243)[0m Capturing CUDA graphs (decode, FULL):  59%|█████▉    | 30/51 [00:00<00:00, 40.70it/s]
[36m(WorkerDict pid=961243)[0m Capturing CUDA graphs (decode, FULL):  69%|██████▊   | 35/51 [00:00<00:00, 42.36it/s]
[36m(WorkerDict pid=961243)[0m Capturing CUDA graphs (decode, FULL):  80%|████████  | 41/51 [00:01<00:00, 45.13it/s]
[36m(WorkerDict pid=961243)[0m Capturing CUDA graphs (decode, FULL):  92%|█████████▏| 47/51 [00:01<00:00, 48.66it/s]
[36m(WorkerDict pid=961243)[0m Capturing CUDA graphs (decode, FULL): 100%|██████████| 51/51 [00:01<00:00, 42.13it/s]
[36m(vLLMHttpServer pid=995601)[0m (EngineCore pid=22452) Warning: You are sending unauthenticated requests to the HF Hub. Please set a HF_TOKEN to enable higher rate limits and faster downloads.
[36m(vLLMHttpServer pid=995618)[0m (EngineCore pid=22306) `Qwen2VLImageProcessorFast` is deprecated. The `Fast` suffix for image processors has been removed; use `Qwen2VLImageProcessor` instead.
[36m(vLLMHttpServer pid=995618)[0m (EngineCore pid=22306) The `use_fast` parameter is deprecated and will be removed in a future version. Use `backend="torchvision"` instead of `use_fast=True`, or `backend="pil"` instead of `use_fast=False`.
[36m(vLLMHttpServer pid=995618)[0m The argument `trust_remote_code` is to be used with Auto classes. It has no effect here and is ignored.
[36m(vLLMHttpServer pid=995618)[0m (EngineCore pid=22306) Warning: You are sending unauthenticated requests to the HF Hub. Please set a HF_TOKEN to enable higher rate limits and faster downloads.
[36m(vLLMHttpServer pid=995601)[0m (EngineCore pid=22452) `Qwen2VLImageProcessorFast` is deprecated. The `Fast` suffix for image processors has been removed; use `Qwen2VLImageProcessor` instead.
[36m(vLLMHttpServer pid=995618)[0m `layer_type_validation` is deprecated and will be removed in v5.20. Use `PreTrainedConfig.validate_layer_type` instead
[36m(vLLMHttpServer pid=995618)[0m `layer_type_validation` is deprecated and will be removed in v5.20. Use `PreTrainedConfig.validate_layer_type` instead
[36m(vLLMHttpServer pid=995618)[0m `layer_type_validation` is deprecated and will be removed in v5.20. Use `PreTrainedConfig.validate_layer_type` instead
[36m(vLLMHttpServer pid=995601)[0m (EngineCore pid=22452) The `use_fast` parameter is deprecated and will be removed in a future version. Use `backend="torchvision"` instead of `use_fast=True`, or `backend="pil"` instead of `use_fast=False`.
[36m(vLLMHttpServer pid=995618)[0m The argument `trust_remote_code` is to be used with Auto classes. It has no effect here and is ignored.[32m [repeated 6x across cluster][0m
[36m(vLLMHttpServer pid=995618)[0m `layer_type_validation` is deprecated and will be removed in v5.20. Use `PreTrainedConfig.validate_layer_type` instead[32m [repeated 18x across cluster][0m
[36m(WorkerDict pid=961244)[0m /sfs/weka/scratch/nkw3mr/Vision-OPD-OPSA/verl/utils/device.py:134: FutureWarning: torch.cuda._set_allocator_settings is deprecated. Use torch._C._accelerator_setAllocatorSettings instead.
[36m(WorkerDict pid=961244)[0m   torch.cuda.memory._set_allocator_settings(f"expandable_segments:{enable}")
[36m(TaskRunner pid=949573)[0m wandb: Currently logged in as: nkw3mr (nkw3mr-university-of-virginia) to https://api.wandb.ai. Use `wandb login --relogin` to force relogin
[36m(TaskRunner pid=949573)[0m wandb: setting up run fmupcm6l
[36m(TaskRunner pid=949573)[0m wandb: Tracking run with wandb version 0.23.1
[36m(TaskRunner pid=949573)[0m wandb: Run data is saved locally in /sfs/weka/scratch/nkw3mr/Vision-OPD-OPSA/wandb/run-20260908_041259-fmupcm6l
[36m(TaskRunner pid=949573)[0m wandb: Run `wandb offline` to turn off syncing.
[36m(TaskRunner pid=949573)[0m wandb: Syncing run Aha-floor-Qwen3.5-4B
[36m(TaskRunner pid=949573)[0m wandb: ⭐️ View project at https://wandb.ai/nkw3mr-university-of-virginia/Vision-OPD-StateAdaptive
[36m(TaskRunner pid=949573)[0m wandb: 🚀 View run at https://wandb.ai/nkw3mr-university-of-virginia/Vision-OPD-StateAdaptive/runs/fmupcm6l
[36m(TaskRunner pid=949573)[0m wandb: Detected [openai] in use.
[36m(TaskRunner pid=949573)[0m wandb: Use W&B Weave for improved LLM call tracing. Install Weave with `pip install weave` then add `import weave` to the top of your script.
[36m(TaskRunner pid=949573)[0m wandb: For more information, check out the docs at: https://weave-docs.wandb.ai/
[36m(TaskRunner pid=949573)[0m Training Progress:   0%|          | 0/41 [00:00<?, ?it/s]
[36m(AgentLoopWorker pid=89693)[0m W0908 04:13:06.024000 89693 site-packages/torch/utils/cpp_extension.py:118] No CUDA runtime is found, using CUDA_HOME='/apps/software/standard/core/cuda/12.8.0'
[36m(vLLMHttpServer pid=995601)[0m The argument `trust_remote_code` is to be used with Auto classes. It has no effect here and is ignored.[32m [repeated 3x across cluster][0m
[36m(vLLMHttpServer pid=995601)[0m `layer_type_validation` is deprecated and will be removed in v5.20. Use `PreTrainedConfig.validate_layer_type` instead[32m [repeated 9x across cluster][0m
[36m(WorkerDict pid=961243)[0m /sfs/weka/scratch/nkw3mr/Vision-OPD-OPSA/verl/utils/device.py:134: FutureWarning: torch.cuda._set_allocator_settings is deprecated. Use torch._C._accelerator_setAllocatorSettings instead.
[36m(WorkerDict pid=961243)[0m   torch.cuda.memory._set_allocator_settings(f"expandable_segments:{enable}")
[36m(AgentLoopWorker pid=89703)[0m Warning: You are sending unauthenticated requests to the HF Hub. Please set a HF_TOKEN to enable higher rate limits and faster downloads.
[36m(AgentLoopWorker pid=89679)[0m Keyword argument `video_metadatas` is not a valid argument for this processor and will be ignored.
[36m(AgentLoopWorker pid=89694)[0m W0908 04:13:06.164000 89694 site-packages/torch/utils/cpp_extension.py:118] No CUDA runtime is found, using CUDA_HOME='/apps/software/standard/core/cuda/12.8.0'[32m [repeated 7x across cluster][0m
[36m(AgentLoopWorker pid=89679)[0m Warning: You are sending unauthenticated requests to the HF Hub. Please set a HF_TOKEN to enable higher rate limits and faster downloads.[32m [repeated 7x across cluster][0m
[36m(TaskRunner pid=949573)[0m Training Progress:   2%|▏         | 1/41 [03:08<2:05:50, 188.77s/it]
[36m(AgentLoopWorker pid=89684)[0m Keyword argument `video_metadatas` is not a valid argument for this processor and will be ignored.[32m [repeated 7x across cluster][0m
[36m(TaskRunner pid=949573)[0m Training Progress:   5%|▍         | 2/41 [05:28<1:43:56, 159.91s/it]
[36m(vLLMHttpServer pid=995618)[0m WARNING 09-08 04:11:44 [vllm.py:743] Async scheduling will be disabled because it is not supported with the `<class 'verl.workers.rollout.vllm_rollout.vllm_async_server.ExternalZeroMQDistributedExecutor'>` distributed executor backend (only `mp`, `uni`, and `external_launcher` are supported).
[36m(WorkerDict pid=961244)[0m WARNING 09-08 04:12:03 [worker_base.py:287] Missing `shared_worker_lock` argument from executor. This argument is needed for mm_processor_cache_type='shm'.
[36m(vLLMHttpServer pid=995601)[0m WARNING 09-08 04:11:54 [system_utils.py:152] We must use the `spawn` multiprocessing start method. Overriding VLLM_WORKER_MULTIPROC_METHOD to 'spawn'. See https://docs.vllm.ai/en/latest/usage/troubleshooting.html#python-multiprocessing for more information. Reasons: In a Ray actor and can only be spawned
[36m(vLLMHttpServer pid=995618)[0m WARNING 09-08 04:12:48 [api_router.py:30] LoRA dynamic loading & unloading is enabled in the API server. This should ONLY be used for local development!
[36m(WorkerDict pid=961243)[0m WARNING 09-08 04:12:03 [worker_base.py:287] Missing `shared_worker_lock` argument from executor. This argument is needed for mm_processor_cache_type='shm'.
[36m(vLLMHttpServer pid=995618)[0m WARNING 09-08 04:12:48 [model.py:1376] Default vLLM sampling parameters have been overridden by the model's `generation_config.json`: `{'repetition_penalty': 1.0, 'temperature': 1.0, 'top_k': -1, 'top_p': 1, 'max_tokens': 1024}`. If this is not intended, please relaunch vLLM instance with `--generation-config vllm`.
[36m(TaskRunner pid=949573)[0m AgentLoopManager: ['10.250.133.122:45979', '10.250.133.122:40705']
[36m(vLLMHttpServer pid=995601)[0m WARNING 09-08 04:12:48 [api_router.py:30] LoRA dynamic loading & unloading is enabled in the API server. This should ONLY be used for local development!
[36m(vLLMHttpServer pid=995601)[0m WARNING 09-08 04:12:48 [model.py:1376] Default vLLM sampling parameters have been overridden by the model's `generation_config.json`: `{'repetition_penalty': 1.0, 'temperature': 1.0, 'top_k': -1, 'top_p': 1, 'max_tokens': 1024}`. If this is not intended, please relaunch vLLM instance with `--generation-config vllm`.
[36m(TaskRunner pid=949573)[0m Saving tensorboard log to tensorboard_log/Vision-OPD-StateAdaptive/Aha-floor-Qwen3.5-4B.
[36m(TaskRunner pid=949573)[0m Checkpoint tracker file does not exist: /sfs/weka/scratch/nkw3mr/Vision-OPD-OPSA/checkpoints/Aha-floor-Qwen3.5-4B/latest_checkpointed_iteration.txt
[36m(TaskRunner pid=949573)[0m Training from scratch
[36m(AgentLoopWorker pid=89703)[0m Using dataset class: RLHFDataset
[36m(vLLMHttpServer pid=995601)[0m WARNING 09-08 04:13:13 [input_processor.py:227] Passing raw prompts to InputProcessor is deprecated and will be removed in v0.18. You should instead pass the outputs of Renderer.render_cmpl() or Renderer.render_chat().
[36m(TaskRunner pid=949573)[0m Dumped generations to /sfs/weka/scratch/nkw3mr/Vision-OPD-OPSA/rollouts/Aha-floor-Qwen3.5-4B/1.jsonl
[36m(TaskRunner pid=949573)[0m step:1 - global_seqlen/min:185495 - global_seqlen/max:191770 - global_seqlen/minmax_diff:6275 - global_seqlen/balanced_min:188621 - global_seqlen/balanced_max:188644 - global_seqlen/mean:188632.5 - self_distillation/teacher_always_on_fraction:1.0 - self_distillation/teacher_image_swap_fraction:1.0 - self_distillation/policy_fallback_fraction:0.0 - self_distillation/grpo_fallback_count:0.0 - rollout_corr/rollout_is_mean:1.0 - rollout_corr/rollout_is_ratio_fraction_high:0.0 - rollout_corr/rollout_is_ratio_fraction_low:0.0 - rollout_corr/rollout_is_max:1.0 - rollout_corr/rollout_is_min:1.0 - rollout_corr/rollout_is_std:0.0 - rollout_corr/rollout_is_eff_sample_size:1.0 - rollout_corr/rollout_is_seq_mean:1.0 - rollout_corr/rollout_is_seq_std:0.0 - rollout_corr/rollout_is_seq_max:1.0 - rollout_corr/rollout_is_seq_min:1.0 - rollout_corr/rollout_is_seq_max_deviation:0.0 - rollout_corr/rollout_is_seq_fraction_high:0.0 - rollout_corr/rollout_is_seq_fraction_low:0.0 - rollout_corr/training_ppl:2.2568801203194786 - rollout_corr/training_log_ppl:0.7807945968473659 - rollout_corr/kl:0.219388787251185 - rollout_corr/k3_kl:0.20210461449973724 - rollout_corr/rollout_ppl:1.7676235612700966 - rollout_corr/rollout_log_ppl:0.5519041909891016 - rollout_corr/log_ppl_diff:0.22889040673480315 - rollout_corr/log_ppl_abs_diff:0.22904754605363398 - rollout_corr/log_ppl_diff_max:0.8581342697143555 - rollout_corr/log_ppl_diff_min:-0.010759860277175903 - rollout_corr/ppl_ratio:1.271295189857483 - rollout_corr/chi2_token:3.275715954163495 - rollout_corr/chi2_seq:-0.9069228233659969 - actor/pg_loss:0.23109581402968615 - actor/kl_loss:0.0 - actor/grpo_loss:0.0 - actor/vopd_loss:0.23109581402968615 - actor/vopd_loss_weighted:0.23109581402968615 - actor/policy_fallback_fraction:0.0 - aha/u_mean:-0.3320436280439882 - aha/u_neg_valley_frac:0.6052093514624763 - aha/floor_clamped_frac:0.6052093514624763 - aha/q_tail_mass:0.0025996721173321613 - aha/argmax_conf:0.8220967650413513 - self_distillation/raw_jsd_token_mean:0.23253977254909627 - self_distillation/weighted_jsd_token_mean:0.23253977254909627 - self_distillation/self_distillation_mask.mean():1.0 - self_distillation/num_distill_tokens:2144.25 - self_distillation/empty_target_batch:0.0 - actor/grad_norm:2.7776403427124023 - timing_s/update_actor/student_forward:15.523707067986834 - timing_s/update_actor/teacher_forward:24.54543220400228 - timing_s/update_actor/teacher_full_forward:0.0 - timing_s/update_actor/teacher_null_forward:19.874232513044262 - timing_s/update_actor/loss_compute:0.021039300991105847 - timing_s/update_actor/backward:38.221204843066516 - timing_s/update_actor/optimizer_step:0.1199061429942958 - timing_s/update_actor/teacher_ema_update:5.4504009312950075e-05 - perf/mfu/actor:0.0 - perf/max_memory_allocated_gb:104.86943912506104 - perf/max_memory_reserved_gb:120.919921875 - perf/cpu_memory_used_gb:236.58896255493164 - actor/lr:0.0 - training/global_step:1 - training/epoch:0 - response_length/mean:189.85546875 - response_length/max:1024.0 - response_length/min:29.0 - response_length/clip_ratio:0.0065104165114462376 - response_length_non_aborted/mean:189.85546875 - response_length_non_aborted/max:1024.0 - response_length_non_aborted/min:29.0 - response_length_non_aborted/clip_ratio:0.0065104165114462376 - response/aborted_ratio:0.0 - prompt_length/mean:301.375 - prompt_length/max:3333.0 - prompt_length/min:121.0 - prompt_length/clip_ratio:0.0 - num_turns/min:2 - num_turns/max:2 - num_turns/mean:2.0 - timing_s/start_profile:8.204299956560135e-05 - timing_s/agent_loop/generate_sequences/min:15.774434312988888 - timing_s/agent_loop/generate_sequences/max:35.409691156994086 - timing_s/agent_loop/generate_sequences/mean:24.640547404721133 - timing_s/agent_loop/tool_calls/min:0.0 - timing_s/agent_loop/tool_calls/max:0.0 - timing_s/agent_loop/tool_calls/mean:0.0 - timing_s/agent_loop/slowest/generate_sequences:35.409691156994086 - timing_s/agent_loop/slowest/tool_calls:0.0 - timing_s/agent_loop/slowest/prompt_length:508 - timing_s/agent_loop/slowest/response_length:1024 - timing_s/gen:52.08015229400189 - timing_s/adv:16.199109993991442 - timing_s/update_actor:119.51769244400202 - timing_s/dump_rollout_generations:0.27814216300612316 - timing_s/step:188.21489479299635 - timing_s/stop_profile:2.424299600534141e-05 - timing_per_token_ms/update_actor:0.31680037226883495 - timing_per_token_ms/adv:0.04293827944280928 - timing_per_token_ms/gen:0.3571806424432092 - perf/total_num_tokens:377265 - perf/time_per_step:188.21489479299635 - perf/throughput:1002.2187681132407
[36m(AgentLoopWorker pid=89684)[0m Using dataset class: RLHFDataset[32m [repeated 7x across cluster][0m
[36m(vLLMHttpServer pid=995618)[0m WARNING 09-08 04:13:13 [input_processor.py:227] Passing raw prompts to InputProcessor is deprecated and will be removed in v0.18. You should instead pass the outputs of Renderer.render_cmpl() or Renderer.render_chat().
[36m(TaskRunner pid=949573)[0m Dumped generations to /sfs/weka/scratch/nkw3mr/Vision-OPD-OPSA/rollouts/Aha-floor-Qwen3.5-4B/2.jsonl
[36m(TaskRunner pid=949573)[0m step:2 - global_seqlen/min:164447 - global_seqlen/max:173988 - global_seqlen/minmax_diff:9541 - global_seqlen/balanced_min:169215 - global_seqlen/balanced_max:169220 - global_seqlen/mean:169217.5 - self_distillation/teacher_always_on_fraction:1.0 - self_distillation/teacher_image_swap_fraction:1.0 - self_distillation/policy_fallback_fraction:0.0 - self_distillation/grpo_fallback_count:0.0 - rollout_corr/rollout_is_mean:1.0 - rollout_corr/rollout_is_ratio_fraction_high:0.0 - rollout_corr/rollout_is_ratio_fraction_low:0.0 - rollout_corr/rollout_is_max:1.0 - rollout_corr/rollout_is_min:1.0 - rollout_corr/rollout_is_std:0.0 - rollout_corr/rollout_is_eff_sample_size:1.0 - rollout_corr/rollout_is_seq_mean:1.0 - rollout_corr/rollout_is_seq_std:0.0 - rollout_corr/rollout_is_seq_max:1.0 - rollout_corr/rollout_is_seq_min:1.0 - rollout_corr/rollout_is_seq_max_deviation:0.0 - rollout_corr/rollout_is_seq_fraction_high:0.0 - rollout_corr/rollout_is_seq_fraction_low:0.0 - rollout_corr/training_ppl:2.2804567179372235 - rollout_corr/training_log_ppl:0.7955470873463539 - rollout_corr/kl:0.21425410648507456 - rollout_corr/k3_kl:0.20728266743883011 - rollout_corr/rollout_ppl:1.7910063747436769 - rollout_corr/rollout_log_ppl:0.5652782421919607 - rollout_corr/log_ppl_diff:0.23026884347200394 - rollout_corr/log_ppl_abs_diff:0.23047348688687047 - rollout_corr/log_ppl_diff_max:0.9006673097610474 - rollout_corr/log_ppl_diff_min:-0.00791478157043457 - rollout_corr/ppl_ratio:1.2728187403371258 - rollout_corr/chi2_token:5.4551090790379435 - rollout_corr/chi2_seq:-0.9045374297326612 - actor/pg_loss:0.22844934717674428 - actor/kl_loss:0.0 - actor/grpo_loss:0.0 - actor/vopd_loss:0.22844934717674428 - actor/vopd_loss_weighted:0.22844934717674428 - actor/policy_fallback_fraction:0.0 - aha/u_mean:-0.3657656021175846 - aha/u_neg_valley_frac:0.621762466046118 - aha/floor_clamped_frac:0.621762466046118 - aha/q_tail_mass:0.0023425583626263805 - aha/argmax_conf:0.8129626512527466 - self_distillation/raw_jsd_token_mean:0.22814366557905752 - self_distillation/weighted_jsd_token_mean:0.22814366557905752 - self_distillation/self_distillation_mask.mean():1.0 - self_distillation/num_distill_tokens:2358.241935483871 - self_distillation/empty_target_batch:0.0 - actor/grad_norm:1.4246309995651245 - timing_s/update_actor/student_forward:12.836076899984619 - timing_s/update_actor/teacher_forward:17.77961157099344 - timing_s/update_actor/teacher_full_forward:0.0 - timing_s/update_actor/teacher_null_forward:18.053141633979976 - timing_s/update_actor/loss_compute:0.01850424296571873 - timing_s/update_actor/backward:33.392491174003226 - timing_s/update_actor/optimizer_step:0.086466605993337 - timing_s/update_actor/teacher_ema_update:5.7689001550897956e-05 - perf/mfu/actor:0.0 - perf/max_memory_allocated_gb:119.86335134506226 - perf/max_memory_reserved_gb:137.07421875 - perf/cpu_memory_used_gb:309.9085273742676 - actor/lr:2e-07 - training/global_step:2 - training/epoch:0 - response_length/mean:190.37890625 - response_length/max:1024.0 - response_length/min:37.0 - response_length/clip_ratio:0.0013020833721384406 - response_length_non_aborted/mean:190.37890625 - response_length_non_aborted/max:1024.0 - response_length_non_aborted/min:37.0 - response_length_non_aborted/clip_ratio:0.0013020833721384406 - response/aborted_ratio:0.0 - prompt_length/mean:250.2916717529297 - prompt_length/max:791.0 - prompt_length/min:100.0 - prompt_length/clip_ratio:0.0 - num_turns/min:2 - num_turns/max:2 - num_turns/mean:2.0 - timing_s/start_profile:2.4273002054542303e-05 - timing_s/agent_loop/generate_sequences/min:6.833824246001313 - timing_s/agent_loop/generate_sequences/max:25.06620716000907 - timing_s/agent_loop/generate_sequences/mean:14.473706143502588 - timing_s/agent_loop/tool_calls/min:0.0 - timing_s/agent_loop/tool_calls/max:0.0 - timing_s/agent_loop/tool_calls/mean:0.0 - timing_s/agent_loop/slowest/generate_sequences:25.06620716000907 - timing_s/agent_loop/slowest/tool_calls:0.0 - timing_s/agent_loop/slowest/prompt_length:335 - timing_s/agent_loop/slowes[36m(TaskRunner pid=949573)[0m Training Progress:   7%|▋         | 3/41 [08:06<1:40:48, 159.18s/it]
[36m(TaskRunner pid=949573)[0m Training Progress:  10%|▉         | 4/41 [10:28<1:33:49, 152.16s/it]
t/response_length:1024 - timing_s/gen:32.689591536007356 - timing_s/adv:13.142351104004774 - timing_s/update_actor:93.37941567700182 - timing_s/dump_rollout_generations:0.3139890130114509 - timing_s/step:139.6342393859959 - timing_s/stop_profile:2.3542001144960523e-05 - timing_per_token_ms/update_actor:0.2759153624093306 - timing_per_token_ms/adv:0.038832718554537134 - timing_per_token_ms/gen:0.22357819545730045 - perf/total_num_tokens:338435 - perf/time_per_step:139.6342393859959 - perf/throughput:1211.8625112586178
[36m(TaskRunner pid=949573)[0m Dumped generations to /sfs/weka/scratch/nkw3mr/Vision-OPD-OPSA/rollouts/Aha-floor-Qwen3.5-4B/3.jsonl
[36m(TaskRunner pid=949573)[0m step:3 - global_seqlen/min:176335 - global_seqlen/max:205981 - global_seqlen/minmax_diff:29646 - global_seqlen/balanced_min:191151 - global_seqlen/balanced_max:191165 - global_seqlen/mean:191158.0 - self_distillation/teacher_always_on_fraction:1.0 - self_distillation/teacher_image_swap_fraction:1.0 - self_distillation/policy_fallback_fraction:0.0 - self_distillation/grpo_fallback_count:0.0 - rollout_corr/rollout_is_mean:1.0 - rollout_corr/rollout_is_ratio_fraction_high:0.0 - rollout_corr/rollout_is_ratio_fraction_low:0.0 - rollout_corr/rollout_is_max:1.0 - rollout_corr/rollout_is_min:1.0 - rollout_corr/rollout_is_std:0.0 - rollout_corr/rollout_is_eff_sample_size:1.0 - rollout_corr/rollout_is_seq_mean:1.0 - rollout_corr/rollout_is_seq_std:0.0 - rollout_corr/rollout_is_seq_max:1.0 - rollout_corr/rollout_is_seq_min:1.0 - rollout_corr/rollout_is_seq_max_deviation:0.0 - rollout_corr/rollout_is_seq_fraction_high:0.0 - rollout_corr/rollout_is_seq_fraction_low:0.0 - rollout_corr/training_ppl:2.2414759117014267 - rollout_corr/training_log_ppl:0.7689089792616227 - rollout_corr/kl:0.2112177360583754 - rollout_corr/k3_kl:0.2149946554837858 - rollout_corr/rollout_ppl:1.7693116419455586 - rollout_corr/rollout_log_ppl:0.5451813809135381 - rollout_corr/log_ppl_diff:0.22372759900548878 - rollout_corr/log_ppl_abs_diff:0.22408866816583803 - rollout_corr/log_ppl_diff_max:0.8460091352462769 - rollout_corr/log_ppl_diff_min:-0.016582727432250977 - rollout_corr/ppl_ratio:1.2642826998935026 - rollout_corr/chi2_token:20.589526106329526 - rollout_corr/chi2_seq:-0.8670340206693201 - actor/pg_loss:0.23001942438228679 - actor/kl_loss:0.0 - actor/grpo_loss:0.0 - actor/vopd_loss:0.23001942438228679 - actor/vopd_loss_weighted:0.23001942438228679 - actor/policy_fallback_fraction:0.0 - aha/u_mean:-0.3516877948799554 - aha/u_neg_valley_frac:0.615659270216437 - aha/floor_clamped_frac:0.615659270216437 - aha/q_tail_mass:0.002436420218573938 - aha/argmax_conf:0.8134913444519043 - self_distillation/raw_jsd_token_mean:0.23096603900194168 - self_distillation/weighted_jsd_token_mean:0.23096603900194168 - self_distillation/self_distillation_mask.mean():1.0 - self_distillation/num_distill_tokens:2387.1176470588234 - self_distillation/empty_target_batch:0.0 - actor/grad_norm:1.2709320783615112 - timing_s/update_actor/student_forward:14.574472499996773 - timing_s/update_actor/teacher_forward:21.205759278978803 - timing_s/update_actor/teacher_full_forward:0.0 - timing_s/update_actor/teacher_null_forward:21.943628311069915 - timing_s/update_actor/loss_compute:0.020311137937824242 - timing_s/update_actor/backward:38.98650668202026 - timing_s/update_actor/optimizer_step:0.08731838499079458 - timing_s/update_actor/teacher_ema_update:5.3853989811614156e-05 - perf/mfu/actor:0.0 - perf/max_memory_allocated_gb:121.130624294281 - perf/max_memory_reserved_gb:138.98828125 - perf/cpu_memory_used_gb:316.1266212463379 - actor/lr:4e-07 - training/global_step:3 - training/epoch:0 - response_length/mean:211.359375 - response_length/max:1024.0 - response_length/min:13.0 - response_length/clip_ratio:0.010416666977107525 - response_length_non_aborted/mean:211.359375 - response_length_non_aborted/max:1024.0 - response_length_non_aborted/min:13.0 - response_length_non_aborted/clip_ratio:0.010416666977107525 - response/aborted_ratio:0.0 - prompt_length/mean:286.4479064941406 - prompt_length/max:3327.0 - prompt_length/min:160.0 - prompt_length/clip_ratio:0.0 - num_turns/min:2 - num_turns/max:2 - num_turns/mean:2.0 - timing_s/start_profile:2.0698003936558962e-05 - timing_s/agent_loop/generate_sequences/min:4.4953043590066954 - timing_s/agent_loop/generate_sequences/max:27.991701835999265 - timing_s/agent_loop/generate_sequences/mean:16.104062439461245 - timing_s/agent_loop/tool_calls/min:0.0 - timing_s/agent_loop/tool_calls/max:0.0 - timing_s/agent_loop/tool_calls/mean:0.0 - timing_s/agent_loop/slowest/generate_sequences:27.991701835999265 - timing_s/agent_loop/slowest/tool_calls:0.0 - timing_s/agent_loop/slowest/prompt_length:290 - timing_s/agent_loop/slowest/response_length:1024 - timing_s/gen:36.57244668099156 - timing_s/adv:14.266339682013495 - timing_s/update_actor:107.00158743000065 - timing_s/dump_rollout_generations:0.28951565400348045 - timing_s/step:158.25227815700055 - timing_s/stop_profile:2.3742002667859197e-05 - timing_per_token_ms/update_actor:0.2798773460435887 - timing_per_token_ms/adv:0.03731557058039291 - timing_per_token_ms/gen:0.2253052332433378 - perf/total_num_tokens:382316 - perf/time_per_step:158.25227815700055 - perf/throughput:1207.932057763832
[36m(TaskRunner pid=949573)[0m Dumped generations to /sfs/weka/scratch/nkw3mr/Vision-OPD-OPSA/rollouts/Aha-floor-Qwen3.5-4B/4.jsonl
[36m(TaskRunner pid=949573)[0m step:4 - global_seqlen/min:174717 - global_seqlen/max:178068 - global_seqlen/minmax_diff:3351 - global_seqlen/balanced_min:176392 - global_seqlen/balanced_max:176393 - global_seqlen/mean:176392.5 - self_distillation/teacher_always_on_fraction:1.0 - self_distillation/teacher_image_swap_fraction:1.0 - self_distillation/policy_fallback_fraction:0.0 - self_distillation/grpo_fallback_count:0.0 - rollout_corr/rollout_is_mean:1.0 - rollout_corr/rollout_is_ratio_fraction_high:0.0 - rollout_corr/rollout_is_ratio_fraction_low:0.0 - rollout_corr/rollout_is_max:1.0 - rollout_corr/rollout_is_min:1.0 - rollout_corr/rollout_is_std:0.0 - rollout_corr/rollout_is_eff_sample_size:1.0 - rollout_corr/rollout_is_seq_mean:1.0 - rollout_corr/rollout_is_seq_std:0.0 - rollout_corr/rollout_is_seq_max:1.0 - rollout_corr/rollout_is_seq_min:1.0 - rollout_corr/rollout_is_seq_max_deviation:0.0 - rollout_corr/rollout_is_seq_fraction_high:0.0 - rollout_corr/rollout_is_seq_fraction_low:0.0 - rollout_corr/training_ppl:2.218453863635659 - rollout_corr/training_log_ppl:0.7638656878843904 - rollout_corr/kl:0.20224028080701828 - rollout_corr/k3_kl:0.19323922751937062 - rollout_corr/rollout_ppl:1.7600151561200619 - rollout_corr/rollout_log_ppl:0.5466670547612011 - rollout_corr/log_ppl_diff:0.21719863591715693 - rollout_corr/log_ppl_abs_diff:0.2174556863028556 - rollout_corr/log_ppl_diff_max:1.0256741046905518 - rollout_corr/log_ppl_diff_min:-0.012928962707519531 - rollout_corr/ppl_ratio:1.2554877288639545 - rollout_corr/chi2_token:2.414835050702095 - rollout_corr/chi2_seq:-0.8943731226027012 - actor/pg_loss:0.22809245778868595 - actor/kl_loss:0.0 - actor/grpo_loss:0.0 - actor/vopd_loss:0.22809245778868595 - actor/vopd_loss_weighted:0.22809245778868595 - actor/policy_fallback_fraction:0.0 - aha/u_mean:-0.3848441878799349 - aha/u_neg_valley_frac:0.6248186286538839 - aha/floor_clamped_frac:0.6248186286538839 - aha/q_tail_mass:0.0019890267321898136 - aha/argmax_conf:0.8173909783363342 - self_distillation/raw_jsd_token_mean:0.22783073503524065 - self_distillation/weighted_jsd_token_mean:0.22783073503524065 - self_distillation/self_distillation_mask.mean():1.0 - self_distillation/num_distill_tokens:2555.515625 - self_distillation/empty_target_batch:0.0 - actor/grad_norm:1.246108055114746 - timing_s/update_actor/student_forward:14.148567437019665 - timing_s/update_actor/teacher_forward:18.797181468995404 - timing_s/update_actor/teacher_full_forward:0.0 - timing_s/update_actor/teacher_null_forward:18.65123201395909 - timing_s/update_actor/loss_compute:0.01906631898600608 - timing_s/update_actor/backward:33.0533790790214 - timing_s/update_actor/optimizer_step:0.08595118900120724 - timing_s/update_actor/teacher_ema_update:4.85259952256456e-05 - perf/mfu/actor:0.0 - perf/max_memory_allocated_gb:121.130624294281 - perf/max_memory_reserved_gb:138.98828125 - perf/cpu_memory_used_gb:314.1696548461914 - actor/lr:6e-07 - training/global_step:4 - training/epoch:0 - response_length/mean:212.9596405029297 - response_length/max:1024.0 - response_length/min:40.0 - response_length/clip_ratio:0.010416666977107525 - response_length_non_aborted/mean:212.9596405029297 - response_length_non_aborted/max:1024.0 - response_length_non_aborted/min:40.0 - response_length_non_aborted/clip_ratio:0.010416666977107525 - response/aborted_ratio:0.0 - prompt_length/mean:246.3958282470703 - prompt_length/max:409.0 - prompt_length/min:163.0 - prompt_length/clip_ratio:0.0 - num_turns/min:2 - num_turns/max:2 - num_turns/mean:2.0 - timing_s/start_profile:3.362700226716697e-05 - timing_s/agent_loop/generate_sequences/min:6.936333190998994 - timing_s/agent_loop/generate_sequences/max:28.06871858300292 - timing_s/agent_loop/generate_sequences/mean:15.734880613622314 - timing_s/agent_loop/tool_calls/min:0.0 - timing_s/agent_loop/tool_calls/max:0.0 - timing_s/agent_loop/tool_calls/mean:0.0 - timing_s/agent_loop/slowest/generate_sequences:28.06871858300292 - timing_s/agent_loop/slowest/tool_calls:0.0 - timing_s/agent_loop/slowest/prompt_length:195 - timing_s/agent_loop/slowest/re[36m(TaskRunner pid=949573)[0m Training Progress:  12%|█▏        | 5/41 [13:33<1:38:27, 164.10s/it]
[36m(WorkerDict pid=961244)[0m /sfs/weka/scratch/nkw3mr/Vision-OPD-OPSA/verl/utils/device.py:134: FutureWarning: torch.cuda._set_allocator_settings is deprecated. Use torch._C._accelerator_setAllocatorSettings instead.
[36m(WorkerDict pid=961244)[0m   torch.cuda.memory._set_allocator_settings(f"expandable_segments:{enable}")
[36m(TaskRunner pid=949573)[0m Training Progress:  15%|█▍        | 6/41 [15:54<1:31:04, 156.14s/it]
[36m(WorkerDict pid=961243)[0m /sfs/weka/scratch/nkw3mr/Vision-OPD-OPSA/verl/utils/device.py:134: FutureWarning: torch.cuda._set_allocator_settings is deprecated. Use torch._C._accelerator_setAllocatorSettings instead.
[36m(WorkerDict pid=961243)[0m   torch.cuda.memory._set_allocator_settings(f"expandable_segments:{enable}")
sponse_length:1024 - timing_s/gen:35.1941313760035 - timing_s/adv:12.446990873999312 - timing_s/update_actor:93.31329504499445 - timing_s/dump_rollout_generations:0.2836267810052959 - timing_s/step:141.3500764319906 - timing_s/stop_profile:2.6066001737490296e-05 - timing_per_token_ms/update_actor:0.2645047126294895 - timing_per_token_ms/adv:0.03528208646625937 - timing_per_token_ms/gen:0.21518487203538605 - perf/total_num_tokens:352785 - perf/time_per_step:141.3500764319906 - perf/throughput:1247.9123071777733
[36m(TaskRunner pid=949573)[0m Dumped generations to /sfs/weka/scratch/nkw3mr/Vision-OPD-OPSA/rollouts/Aha-floor-Qwen3.5-4B/5.jsonl
[36m(TaskRunner pid=949573)[0m local_global_step_folder: /sfs/weka/scratch/nkw3mr/Vision-OPD-OPSA/checkpoints/Aha-floor-Qwen3.5-4B/global_step_5
[36m(TaskRunner pid=949573)[0m step:5 - global_seqlen/min:189090 - global_seqlen/max:200788 - global_seqlen/minmax_diff:11698 - global_seqlen/balanced_min:194937 - global_seqlen/balanced_max:194941 - global_seqlen/mean:194939.0 - self_distillation/teacher_always_on_fraction:1.0 - self_distillation/teacher_image_swap_fraction:1.0 - self_distillation/policy_fallback_fraction:0.0 - self_distillation/grpo_fallback_count:0.0 - rollout_corr/rollout_is_mean:1.0 - rollout_corr/rollout_is_ratio_fraction_high:0.0 - rollout_corr/rollout_is_ratio_fraction_low:0.0 - rollout_corr/rollout_is_max:1.0 - rollout_corr/rollout_is_min:1.0 - rollout_corr/rollout_is_std:0.0 - rollout_corr/rollout_is_eff_sample_size:1.0 - rollout_corr/rollout_is_seq_mean:1.0 - rollout_corr/rollout_is_seq_std:0.0 - rollout_corr/rollout_is_seq_max:1.0 - rollout_corr/rollout_is_seq_min:1.0 - rollout_corr/rollout_is_seq_max_deviation:0.0 - rollout_corr/rollout_is_seq_fraction_high:0.0 - rollout_corr/rollout_is_seq_fraction_low:0.0 - rollout_corr/training_ppl:2.225408949170794 - rollout_corr/training_log_ppl:0.7641072281769343 - rollout_corr/kl:0.20161434795175281 - rollout_corr/k3_kl:0.19281696985874858 - rollout_corr/rollout_ppl:1.756501841545105 - rollout_corr/rollout_log_ppl:0.5470189648015158 - rollout_corr/log_ppl_diff:0.2170882587986333 - rollout_corr/log_ppl_abs_diff:0.2173327432147094 - rollout_corr/log_ppl_diff_max:1.071943998336792 - rollout_corr/log_ppl_diff_min:-0.009854018688201904 - rollout_corr/ppl_ratio:1.2577927998134069 - rollout_corr/chi2_token:4.331913915702275 - rollout_corr/chi2_seq:-0.890797974382128 - actor/pg_loss:0.23365935638624552 - actor/kl_loss:0.0 - actor/grpo_loss:0.0 - actor/vopd_loss:0.23365935638624552 - actor/vopd_loss_weighted:0.23365935638624552 - actor/policy_fallback_fraction:0.0 - aha/u_mean:-0.41453856527805333 - aha/u_neg_valley_frac:0.6321197986602782 - aha/floor_clamped_frac:0.6321197986602782 - aha/q_tail_mass:0.0024419875898664552 - aha/argmax_conf:0.8059321045875549 - self_distillation/raw_jsd_token_mean:0.23691112931285585 - self_distillation/weighted_jsd_token_mean:0.23691112931285585 - self_distillation/self_distillation_mask.mean():1.0 - self_distillation/num_distill_tokens:2183.857142857143 - self_distillation/empty_target_batch:0.0 - actor/grad_norm:1.1320338249206543 - timing_s/update_actor/student_forward:16.56969277196913 - timing_s/update_actor/teacher_forward:21.496514244980062 - timing_s/update_actor/teacher_full_forward:0.0 - timing_s/update_actor/teacher_null_forward:21.110113447983167 - timing_s/update_actor/loss_compute:0.021232038998277858 - timing_s/update_actor/backward:39.73991283106443 - timing_s/update_actor/optimizer_step:0.08610657800454646 - timing_s/update_actor/teacher_ema_update:4.2418003431521356e-05 - perf/mfu/actor:0.0 - perf/max_memory_allocated_gb:121.130624294281 - perf/max_memory_reserved_gb:138.98828125 - perf/cpu_memory_used_gb:322.0209083557129 - actor/lr:8e-07 - training/global_step:5 - training/epoch:0 - response_length/mean:199.0494842529297 - response_length/max:1024.0 - response_length/min:41.0 - response_length/clip_ratio:0.010416666977107525 - response_length_non_aborted/mean:199.0494842529297 - response_length_non_aborted/max:1024.0 - response_length_non_aborted/min:41.0 - response_length_non_aborted/clip_ratio:0.010416666977107525 - response/aborted_ratio:0.0 - prompt_length/mean:308.6041564941406 - prompt_length/max:3330.0 - prompt_length/min:119.0 - prompt_length/clip_ratio:0.0 - num_turns/min:2 - num_turns/max:2 - num_turns/mean:2.0 - timing_s/start_profile:2.3071988834999502e-05 - timing_s/agent_loop/generate_sequences/min:7.169000006993883 - timing_s/agent_loop/generate_sequences/max:28.026082263007993 - timing_s/agent_loop/generate_sequences/mean:15.159653311499085 - timing_s/agent_loop/tool_calls/min:0.0 - timing_s/agent_loop/tool_calls/max:0.0 - timing_s/agent_loop/tool_calls/mean:0.0 - timing_s/agent_loop/slowest/generate_sequences:28.026082263007993 - timing_s/agent_loop/slowest/tool_calls:0.0 - timing_s/agent_loop/slowest/prompt_length:296 - timing_s/agent_loop/slowest/response_length:1024 - timing_s/gen:35.684207750993664 - timing_s/adv:15.504521253998973 - timing_s/update_actor:113.27230543699989 - timing_s/dump_rollout_generations:0.2913355850032531 - timing_s/step:164.85628444098984 - timing_s/save_checkpoint:20.360715135000646 - timing_s/stop_profile:2.8448994271457195e-05 - timing_per_token_ms/update_actor:0.29053269339896043 - timing_per_token_ms/adv:0.03976762283072903 - timing_per_token_ms/gen:0.2334284539215913 - perf/total_num_tokens:389878 - perf/time_per_step:164.85628444098984 - perf/throughput:1182.4784275650604
[36m(TaskRunner pid=949573)[0m Dumped generations to /sfs/weka/scratch/nkw3mr/Vision-OPD-OPSA/rollouts/Aha-floor-Qwen3.5-4B/6.jsonl
[36m(TaskRunner pid=949573)[0m step:6 - global_seqlen/min:167662 - global_seqlen/max:176131 - global_seqlen/minmax_diff:8469 - global_seqlen/balanced_min:171894 - global_seqlen/balanced_max:171899 - global_seqlen/mean:171896.5 - self_distillation/teacher_always_on_fraction:1.0 - self_distillation/teacher_image_swap_fraction:1.0 - self_distillation/policy_fallback_fraction:0.0 - self_distillation/grpo_fallback_count:0.0 - rollout_corr/rollout_is_mean:1.0 - rollout_corr/rollout_is_ratio_fraction_high:0.0 - rollout_corr/rollout_is_ratio_fraction_low:0.0 - rollout_corr/rollout_is_max:1.0 - rollout_corr/rollout_is_min:1.0 - rollout_corr/rollout_is_std:0.0 - rollout_corr/rollout_is_eff_sample_size:1.0 - rollout_corr/rollout_is_seq_mean:1.0 - rollout_corr/rollout_is_seq_std:0.0 - rollout_corr/rollout_is_seq_max:1.0 - rollout_corr/rollout_is_seq_min:1.0 - rollout_corr/rollout_is_seq_max_deviation:0.0 - rollout_corr/rollout_is_seq_fraction_high:0.0 - rollout_corr/rollout_is_seq_fraction_low:0.0 - rollout_corr/training_ppl:2.3387829334505144 - rollout_corr/training_log_ppl:0.8164932727813721 - rollout_corr/kl:0.22320005946582364 - rollout_corr/k3_kl:0.20223638511473133 - rollout_corr/rollout_ppl:1.8212613617220232 - rollout_corr/rollout_log_ppl:0.5783060875631147 - rollout_corr/log_ppl_diff:0.23818718113245502 - rollout_corr/log_ppl_abs_diff:0.2389012072836199 - rollout_corr/log_ppl_diff_max:0.886821448802948 - rollout_corr/log_ppl_diff_min:-0.1866292953491211 - rollout_corr/ppl_ratio:1.2828758243591554 - rollout_corr/chi2_token:1.7401458467206647 - rollout_corr/chi2_seq:-0.5503336508427896 - actor/pg_loss:0.22018024542679387 - actor/kl_loss:0.0 - actor/grpo_loss:0.0 - actor/vopd_loss:0.22018024542679387 - actor/vopd_loss_weighted:0.22018024542679387 - actor/policy_fallback_fraction:0.0 - aha/u_mean:-0.3354705028956936 - aha/u_neg_valley_frac:0.6183258025876938 - aha/floor_clamped_frac:0.6183258025876938 - aha/q_tail_mass:0.0026038764223020763 - aha/argmax_conf:0.8251096606254578 - self_distillation/raw_jsd_token_mean:0.21964332845903212 - self_distillation/weighted_jsd_token_mean:0.21964332845903212 - self_distillation/self_distillation_mask.mean():1.0 - self_distillation/num_distill_tokens:2437.435483870968 - self_distillation/empty_target_batch:0.0 - actor/grad_norm:0.9725188612937927 - timing_s/update_actor/student_forward:14.795455530969775 - timing_s/update_actor/teacher_forward:18.70889788097702 - timing_s/update_actor/teacher_full_forward:0.0 - timing_s/update_actor/teacher_null_forward:18.56082314698142 - timing_s/update_actor/loss_compute:0.01846591399225872 - timing_s/update_actor/backward:32.51552776295284 - timing_s/update_actor/optimizer_step:0.08708082199154887 - timing_s/update_actor/teacher_ema_update:4.672400245908648e-05 - perf/mfu/actor:0.0 - perf/max_memory_allocated_gb:121.130624294281 - perf/max_memory_reserved_gb:138.98828125 - perf/cpu_memory_used_gb:319.10749435424805 - actor/lr:1e-06 - training/global_step:6 - training/epoch:0 - response_length/mean:196.7721405029297 - response_length/max:1024.0 - response_length/min:15.0 - response_length/clip_ratio:0.0065104165114462376 - response_length_non_aborted/mean:196.7721405029297 - response_length_non_aborted/max:1024.0 - response_length_non_aborted/min:15.0 - response_length_non_aborted/clip_ratio:0.0065104165114462376 - response/aborted_ratio:0.0 - prompt_length/mean:250.875 - prompt_length/max:797.0 - prompt_length/min:90.0 - prompt_length/clip_ratio:0.0 - num_turns/min:2 - num_turns/max:2 - num_turns/mean:2.0 - timing_s/start_profile:5.74489968130365e-05 - timing_s/agent_loop/generate_sequences/min:5.498886538989609 - timing_s/agent_loop/generate_sequences/max:27.30764304198965 - timing_s/agent_loop/generate_sequences/mean:14.820275979239492 - timing_s/agent_loop/tool_calls/min:0.0 - timing_s/agent_loop/tool_calls/max:0.0 - timing_s/agent_loop/tool_calls/mean:0.0 - timing_s/agent_loop/slowest/generate_sequences:27.30764304198965 - timing_s/agent_loop/slowest/tool_calls:0.0 - timing_s/agent_loop/slowest/prompt_length:292 - timing_s/agent_loop/slowest/resp[36m(TaskRunner pid=949573)[0m Training Progress:  17%|█▋        | 7/41 [18:28<1:28:11, 155.64s/it]
[36m(TaskRunner pid=949573)[0m Training Progress:  20%|█▉        | 8/41 [21:01<1:25:05, 154.70s/it]
onse_length:1024 - timing_s/gen:33.399176751991035 - timing_s/adv:13.051618184996187 - timing_s/update_actor:93.81325199200364 - timing_s/dump_rollout_generations:0.2882263669889653 - timing_s/step:140.65362154300965 - timing_s/stop_profile:2.4212989956140518e-05 - timing_per_token_ms/update_actor:0.2728771440721703 - timing_per_token_ms/adv:0.03796359491029831 - timing_per_token_ms/gen:0.22100950067820513 - perf/total_num_tokens:343793 - perf/time_per_step:140.65362154300965 - perf/throughput:1222.1263705423808
[36m(TaskRunner pid=949573)[0m Dumped generations to /sfs/weka/scratch/nkw3mr/Vision-OPD-OPSA/rollouts/Aha-floor-Qwen3.5-4B/7.jsonl
[36m(TaskRunner pid=949573)[0m step:7 - global_seqlen/min:181361 - global_seqlen/max:188615 - global_seqlen/minmax_diff:7254 - global_seqlen/balanced_min:184980 - global_seqlen/balanced_max:184996 - global_seqlen/mean:184988.0 - self_distillation/teacher_always_on_fraction:1.0 - self_distillation/teacher_image_swap_fraction:1.0 - self_distillation/policy_fallback_fraction:0.0 - self_distillation/grpo_fallback_count:0.0 - rollout_corr/rollout_is_mean:1.0 - rollout_corr/rollout_is_ratio_fraction_high:0.0 - rollout_corr/rollout_is_ratio_fraction_low:0.0 - rollout_corr/rollout_is_max:1.0 - rollout_corr/rollout_is_min:1.0 - rollout_corr/rollout_is_std:0.0 - rollout_corr/rollout_is_eff_sample_size:1.0 - rollout_corr/rollout_is_seq_mean:1.0 - rollout_corr/rollout_is_seq_std:0.0 - rollout_corr/rollout_is_seq_max:1.0 - rollout_corr/rollout_is_seq_min:1.0 - rollout_corr/rollout_is_seq_max_deviation:0.0 - rollout_corr/rollout_is_seq_fraction_high:0.0 - rollout_corr/rollout_is_seq_fraction_low:0.0 - rollout_corr/training_ppl:2.3340609145886972 - rollout_corr/training_log_ppl:0.8167572698809884 - rollout_corr/kl:0.21333641299244127 - rollout_corr/k3_kl:0.19821638275276532 - rollout_corr/rollout_ppl:1.8493140972021855 - rollout_corr/rollout_log_ppl:0.5960409853494528 - rollout_corr/log_ppl_diff:0.22071628656351205 - rollout_corr/log_ppl_abs_diff:0.22090519445412088 - rollout_corr/log_ppl_diff_max:0.7944691181182861 - rollout_corr/log_ppl_diff_min:-0.00846758484840393 - rollout_corr/ppl_ratio:1.2584830522537231 - rollout_corr/chi2_token:2.5377096858891575 - rollout_corr/chi2_seq:-0.898037227717313 - actor/pg_loss:0.22717786198093864 - actor/kl_loss:0.0 - actor/grpo_loss:0.0 - actor/vopd_loss:0.22717786198093864 - actor/vopd_loss_weighted:0.22717786198093864 - actor/policy_fallback_fraction:0.0 - aha/u_mean:-0.2880897098926432 - aha/u_neg_valley_frac:0.599108097228137 - aha/floor_clamped_frac:0.599108097228137 - aha/q_tail_mass:0.0025199299870468112 - aha/argmax_conf:0.7891108989715576 - self_distillation/raw_jsd_token_mean:0.22811378719228687 - self_distillation/weighted_jsd_token_mean:0.22811378719228687 - self_distillation/self_distillation_mask.mean():1.0 - self_distillation/num_distill_tokens:2404.848484848485 - self_distillation/empty_target_batch:0.0 - actor/grad_norm:0.8516853451728821 - timing_s/update_actor/student_forward:15.834755390009377 - timing_s/update_actor/teacher_forward:20.154459974946803 - timing_s/update_actor/teacher_full_forward:0.0 - timing_s/update_actor/teacher_null_forward:19.793884856961085 - timing_s/update_actor/loss_compute:0.01991845302109141 - timing_s/update_actor/backward:37.768417333980324 - timing_s/update_actor/optimizer_step:0.08634448199882172 - timing_s/update_actor/teacher_ema_update:4.762499884236604e-05 - perf/mfu/actor:0.0 - perf/max_memory_allocated_gb:121.130624294281 - perf/max_memory_reserved_gb:138.98828125 - perf/cpu_memory_used_gb:321.35985946655273 - actor/lr:1.2e-06 - training/global_step:7 - training/epoch:0 - response_length/mean:206.6666717529297 - response_length/max:1024.0 - response_length/min:27.0 - response_length/clip_ratio:0.0026041667442768812 - response_length_non_aborted/mean:206.6666717529297 - response_length_non_aborted/max:1024.0 - response_length_non_aborted/min:27.0 - response_length_non_aborted/clip_ratio:0.0026041667442768812 - response/aborted_ratio:0.0 - prompt_length/mean:275.0729064941406 - prompt_length/max:3327.0 - prompt_length/min:93.0 - prompt_length/clip_ratio:0.0 - num_turns/min:2 - num_turns/max:2 - num_turns/mean:2.0 - timing_s/start_profile:3.304501296952367e-05 - timing_s/agent_loop/generate_sequences/min:6.01086357900931 - timing_s/agent_loop/generate_sequences/max:28.867463347996818 - timing_s/agent_loop/generate_sequences/mean:16.181495552009057 - timing_s/agent_loop/tool_calls/min:0.0 - timing_s/agent_loop/tool_calls/max:0.0 - timing_s/agent_loop/tool_calls/mean:0.0 - timing_s/agent_loop/slowest/generate_sequences:28.867463347996818 - timing_s/agent_loop/slowest/tool_calls:0.0 - timing_s/agent_loop/slowest/prompt_length:228 - timing_s/agent_loop/slowest/response_length:1024 - timing_s/gen:36.15210087400919 - timing_s/adv:14.10382607000065 - timing_s/update_actor:103.90012105200731 - timing_s/dump_rollout_generations:0.294947089991183 - timing_s/step:154.55391493500792 - timing_s/stop_profile:2.618599683046341e-05 - timing_per_token_ms/update_actor:0.28082935393649133 - timing_per_token_ms/adv:0.038120921546264216 - timing_per_token_ms/gen:0.22777281296628776 - perf/total_num_tokens:369976 - perf/time_per_step:154.55391493500792 - perf/throughput:1196.9156528826204
[36m(TaskRunner pid=949573)[0m Dumped generations to /sfs/weka/scratch/nkw3mr/Vision-OPD-OPSA/rollouts/Aha-floor-Qwen3.5-4B/8.jsonl
[36m(TaskRunner pid=949573)[0m step:8 - global_seqlen/min:175477 - global_seqlen/max:191274 - global_seqlen/minmax_diff:15797 - global_seqlen/balanced_min:183374 - global_seqlen/balanced_max:183377 - global_seqlen/mean:183375.5 - self_distillation/teacher_always_on_fraction:1.0 - self_distillation/teacher_image_swap_fraction:1.0 - self_distillation/policy_fallback_fraction:0.0 - self_distillation/grpo_fallback_count:0.0 - rollout_corr/rollout_is_mean:1.0 - rollout_corr/rollout_is_ratio_fraction_high:0.0 - rollout_corr/rollout_is_ratio_fraction_low:0.0 - rollout_corr/rollout_is_max:1.0 - rollout_corr/rollout_is_min:1.0 - rollout_corr/rollout_is_std:0.0 - rollout_corr/rollout_is_eff_sample_size:1.0 - rollout_corr/rollout_is_seq_mean:1.0 - rollout_corr/rollout_is_seq_std:0.0 - rollout_corr/rollout_is_seq_max:1.0 - rollout_corr/rollout_is_seq_min:1.0 - rollout_corr/rollout_is_seq_max_deviation:0.0 - rollout_corr/rollout_is_seq_fraction_high:0.0 - rollout_corr/rollout_is_seq_fraction_low:0.0 - rollout_corr/training_ppl:2.7071774150386 - rollout_corr/training_log_ppl:0.9536548121408983 - rollout_corr/kl:0.24505550346591257 - rollout_corr/k3_kl:0.2348971443645882 - rollout_corr/rollout_ppl:2.069429296435732 - rollout_corr/rollout_log_ppl:0.6974574517120015 - rollout_corr/log_ppl_diff:0.25619736404129956 - rollout_corr/log_ppl_abs_diff:0.25641231645237317 - rollout_corr/log_ppl_diff_max:0.9323370456695557 - rollout_corr/log_ppl_diff_min:-0.017104148864746094 - rollout_corr/ppl_ratio:1.3064021702968711 - rollout_corr/chi2_token:5.796884208014517 - rollout_corr/chi2_seq:-0.8673216601212819 - actor/pg_loss:0.22831396646021557 - actor/kl_loss:0.0 - actor/grpo_loss:0.0 - actor/vopd_loss:0.22831396646021557 - actor/vopd_loss_weighted:0.22831396646021557 - actor/policy_fallback_fraction:0.0 - aha/u_mean:-0.32922697428501013 - aha/u_neg_valley_frac:0.6049331191814307 - aha/floor_clamped_frac:0.6049331191814307 - aha/q_tail_mass:0.002067958594786681 - aha/argmax_conf:0.7589460611343384 - self_distillation/raw_jsd_token_mean:0.22944849865003064 - self_distillation/weighted_jsd_token_mean:0.22944849865003064 - self_distillation/self_distillation_mask.mean():1.0 - self_distillation/num_distill_tokens:2298.772727272727 - self_distillation/empty_target_batch:0.0 - actor/grad_norm:1.3613146543502808 - timing_s/update_actor/student_forward:15.378912730011507 - timing_s/update_actor/teacher_forward:20.535643557013827 - timing_s/update_actor/teacher_full_forward:0.0 - timing_s/update_actor/teacher_null_forward:19.671460677011055 - timing_s/update_actor/loss_compute:0.019950512956711464 - timing_s/update_actor/backward:37.28488678998838 - timing_s/update_actor/optimizer_step:0.08619697600079235 - timing_s/update_actor/teacher_ema_update:4.51219966635108e-05 - perf/mfu/actor:0.0 - perf/max_memory_allocated_gb:121.130624294281 - perf/max_memory_reserved_gb:138.98828125 - perf/cpu_memory_used_gb:322.99040603637695 - actor/lr:1.4e-06 - training/global_step:8 - training/epoch:0 - response_length/mean:197.55078125 - response_length/max:1024.0 - response_length/min:37.0 - response_length/clip_ratio:0.00390625 - response_length_non_aborted/mean:197.55078125 - response_length_non_aborted/max:1024.0 - response_length_non_aborted/min:37.0 - response_length_non_aborted/clip_ratio:0.00390625 - response/aborted_ratio:0.0 - prompt_length/mean:279.9895935058594 - prompt_length/max:3329.0 - prompt_length/min:109.0 - prompt_length/clip_ratio:0.0 - num_turns/min:2 - num_turns/max:2 - num_turns/mean:2.0 - timing_s/start_profile:3.069300146307796e-05 - timing_s/agent_loop/generate_sequences/min:6.6661880199972074 - timing_s/agent_loop/generate_sequences/max:27.438471984001808 - timing_s/agent_loop/generate_sequences/mean:15.614420126352835 - timing_s/agent_loop/tool_calls/min:0.0 - timing_s/agent_loop/tool_calls/max:0.0 - timing_s/agent_loop/tool_calls/mean:0.0 - timing_s/agent_loop/slowest/generate_sequences:27.438471984001808 - timing_s/agent_loop/slowest/tool_calls:0.0 - timing_s/agent_loop/slowest/prompt_length:216 - timing_s/agent_loop/slowest/response_length:1[36m(TaskRunner pid=949573)[0m Training Progress:  22%|██▏       | 9/41 [23:48<1:24:37, 158.67s/it]
[36m(TaskRunner pid=949573)[0m Training Progress:  24%|██▍       | 10/41 [26:44<1:24:41, 163.93s/it]
024 - timing_s/gen:34.38924544399197 - timing_s/adv:13.885335392988054 - timing_s/update_actor:103.96106487000361 - timing_s/dump_rollout_generations:0.2947059229918523 - timing_s/step:152.6355881960044 - timing_s/stop_profile:3.0271010473370552e-05 - timing_per_token_ms/update_actor:0.2834649799727979 - timing_per_token_ms/adv:0.03786038863694456 - timing_per_token_ms/gen:0.22666406609582165 - perf/total_num_tokens:366751 - perf/time_per_step:152.6355881960044 - perf/throughput:1201.3941320455453
[36m(TaskRunner pid=949573)[0m Dumped generations to /sfs/weka/scratch/nkw3mr/Vision-OPD-OPSA/rollouts/Aha-floor-Qwen3.5-4B/9.jsonl
[36m(TaskRunner pid=949573)[0m step:9 - global_seqlen/min:175007 - global_seqlen/max:230366 - global_seqlen/minmax_diff:55359 - global_seqlen/balanced_min:202684 - global_seqlen/balanced_max:202689 - global_seqlen/mean:202686.5 - self_distillation/teacher_always_on_fraction:1.0 - self_distillation/teacher_image_swap_fraction:1.0 - self_distillation/policy_fallback_fraction:0.0 - self_distillation/grpo_fallback_count:0.0 - rollout_corr/rollout_is_mean:1.0 - rollout_corr/rollout_is_ratio_fraction_high:0.0 - rollout_corr/rollout_is_ratio_fraction_low:0.0 - rollout_corr/rollout_is_max:1.0 - rollout_corr/rollout_is_min:1.0 - rollout_corr/rollout_is_std:0.0 - rollout_corr/rollout_is_eff_sample_size:1.0 - rollout_corr/rollout_is_seq_mean:1.0 - rollout_corr/rollout_is_seq_std:0.0 - rollout_corr/rollout_is_seq_max:1.0 - rollout_corr/rollout_is_seq_min:1.0 - rollout_corr/rollout_is_seq_max_deviation:0.0 - rollout_corr/rollout_is_seq_fraction_high:0.0 - rollout_corr/rollout_is_seq_fraction_low:0.0 - rollout_corr/training_ppl:2.757164415385988 - rollout_corr/training_log_ppl:0.9646809316343732 - rollout_corr/kl:0.22228658302790588 - rollout_corr/k3_kl:0.21228589759104782 - rollout_corr/rollout_ppl:2.157526527841886 - rollout_corr/rollout_log_ppl:0.7348969231049219 - rollout_corr/log_ppl_diff:0.22978401142689917 - rollout_corr/log_ppl_abs_diff:0.23015106324520376 - rollout_corr/log_ppl_diff_max:1.2314913272857666 - rollout_corr/log_ppl_diff_min:-0.0305631160736084 - rollout_corr/ppl_ratio:1.270422054661645 - rollout_corr/chi2_token:3.759783746467696 - rollout_corr/chi2_seq:-0.8554928791191843 - actor/pg_loss:0.226074905328763 - actor/kl_loss:0.0 - actor/grpo_loss:0.0 - actor/vopd_loss:0.226074905328763 - actor/vopd_loss_weighted:0.226074905328763 - actor/policy_fallback_fraction:0.0 - aha/u_mean:-0.261533065375665 - aha/u_neg_valley_frac:0.5819454147583909 - aha/floor_clamped_frac:0.5819454147583909 - aha/q_tail_mass:0.002569285366917029 - aha/argmax_conf:0.7431513667106628 - self_distillation/raw_jsd_token_mean:0.22851015358335441 - self_distillation/weighted_jsd_token_mean:0.22851015358335441 - self_distillation/self_distillation_mask.mean():1.0 - self_distillation/num_distill_tokens:2356.0694444444443 - self_distillation/empty_target_batch:0.0 - actor/grad_norm:0.9595979452133179 - timing_s/update_actor/student_forward:15.848453141006758 - timing_s/update_actor/teacher_forward:21.506608264986426 - timing_s/update_actor/teacher_full_forward:0.0 - timing_s/update_actor/teacher_null_forward:21.864178568983334 - timing_s/update_actor/loss_compute:0.021695033079595305 - timing_s/update_actor/backward:42.24093864596216 - timing_s/update_actor/optimizer_step:0.08640975800517481 - timing_s/update_actor/teacher_ema_update:6.242499512154609e-05 - perf/mfu/actor:0.0 - perf/max_memory_allocated_gb:121.130624294281 - perf/max_memory_reserved_gb:138.98828125 - perf/cpu_memory_used_gb:326.6412124633789 - actor/lr:1.6e-06 - training/global_step:9 - training/epoch:0 - response_length/mean:220.8815155029297 - response_length/max:1024.0 - response_length/min:12.0 - response_length/clip_ratio:0.0065104165114462376 - response_length_non_aborted/mean:220.8815155029297 - response_length_non_aborted/max:1024.0 - response_length_non_aborted/min:12.0 - response_length_non_aborted/clip_ratio:0.0065104165114462376 - response/aborted_ratio:0.0 - prompt_length/mean:306.9479064941406 - prompt_length/max:3329.0 - prompt_length/min:135.0 - prompt_length/clip_ratio:0.0 - num_turns/min:2 - num_turns/max:2 - num_turns/mean:2.0 - timing_s/start_profile:2.476399822626263e-05 - timing_s/agent_loop/generate_sequences/min:5.035477022000123 - timing_s/agent_loop/generate_sequences/max:29.68492296199838 - timing_s/agent_loop/generate_sequences/mean:16.485103138767027 - timing_s/agent_loop/tool_calls/min:0.0 - timing_s/agent_loop/tool_calls/max:0.0 - timing_s/agent_loop/tool_calls/mean:0.0 - timing_s/agent_loop/slowest/generate_sequences:29.68492296199838 - timing_s/agent_loop/slowest/tool_calls:0.0 - timing_s/agent_loop/slowest/prompt_length:197 - timing_s/agent_loop/slowest/response_length:1024 - timing_s/gen:36.67389999399893 - timing_s/adv:15.366158484001062 - timing_s/update_actor:114.9102257170016 - timing_s/dump_rollout_generations:0.28825487800349947 - timing_s/step:167.3482074719941 - timing_s/stop_profile:2.5285000447183847e-05 - timing_per_token_ms/update_actor:0.28346788196796924 - timing_per_token_ms/adv:0.03790622089779305 - timing_per_token_ms/gen:0.21619045369818454 - perf/total_num_tokens:405373 - perf/time_per_step:167.3482074719941 - perf/throughput:1211.1662446932382
[36m(TaskRunner pid=949573)[0m Dumped generations to /sfs/weka/scratch/nkw3mr/Vision-OPD-OPSA/rollouts/Aha-floor-Qwen3.5-4B/10.jsonl
[36m(TaskRunner pid=949573)[0m local_global_step_folder: /sfs/weka/scratch/nkw3mr/Vision-OPD-OPSA/checkpoints/Aha-floor-Qwen3.5-4B/global_step_10
[36m(TaskRunner pid=949573)[0m step:10 - global_seqlen/min:190228 - global_seqlen/max:206120 - global_seqlen/minmax_diff:15892 - global_seqlen/balanced_min:198173 - global_seqlen/balanced_max:198175 - global_seqlen/mean:198174.0 - self_distillation/teacher_always_on_fraction:1.0 - self_distillation/teacher_image_swap_fraction:1.0 - self_distillation/policy_fallback_fraction:0.0 - self_distillation/grpo_fallback_count:0.0 - rollout_corr/rollout_is_mean:1.0 - rollout_corr/rollout_is_ratio_fraction_high:0.0 - rollout_corr/rollout_is_ratio_fraction_low:0.0 - rollout_corr/rollout_is_max:1.0 - rollout_corr/rollout_is_min:1.0 - rollout_corr/rollout_is_std:0.0 - rollout_corr/rollout_is_eff_sample_size:1.0 - rollout_corr/rollout_is_seq_mean:1.0 - rollout_corr/rollout_is_seq_std:0.0 - rollout_corr/rollout_is_seq_max:1.0 - rollout_corr/rollout_is_seq_min:1.0 - rollout_corr/rollout_is_seq_max_deviation:0.0 - rollout_corr/rollout_is_seq_fraction_high:0.0 - rollout_corr/rollout_is_seq_fraction_low:0.0 - rollout_corr/training_ppl:2.9292818407217665 - rollout_corr/training_log_ppl:1.0033054451147714 - rollout_corr/kl:0.20297346222731802 - rollout_corr/k3_kl:0.1958976485249069 - rollout_corr/rollout_ppl:2.3069473952054977 - rollout_corr/rollout_log_ppl:0.7793507468369272 - rollout_corr/log_ppl_diff:0.223954690206382 - rollout_corr/log_ppl_abs_diff:0.22419054992496967 - rollout_corr/log_ppl_diff_max:0.9080140590667725 - rollout_corr/log_ppl_diff_min:-0.007929325103759766 - rollout_corr/ppl_ratio:1.2637604773044586 - rollout_corr/chi2_token:6.607563836707009 - rollout_corr/chi2_seq:-0.8884637372361289 - actor/pg_loss:0.20383180361629155 - actor/kl_loss:0.0 - actor/grpo_loss:0.0 - actor/vopd_loss:0.20383180361629155 - actor/vopd_loss_weighted:0.20383180361629155 - actor/policy_fallback_fraction:0.0 - aha/u_mean:-0.23866312190269431 - aha/u_neg_valley_frac:0.58410776199566 - aha/floor_clamped_frac:0.58410776199566 - aha/q_tail_mass:0.00236308863289499 - aha/argmax_conf:0.7346147894859314 - self_distillation/raw_jsd_token_mean:0.20352555873493355 - self_distillation/weighted_jsd_token_mean:0.20352555873493355 - self_distillation/self_distillation_mask.mean():1.0 - self_distillation/num_distill_tokens:2748.0555555555557 - self_distillation/empty_target_batch:0.0 - actor/grad_norm:0.7298738360404968 - timing_s/update_actor/student_forward:15.659573380005895 - timing_s/update_actor/teacher_forward:21.40782807004871 - timing_s/update_actor/teacher_full_forward:0.0 - timing_s/update_actor/teacher_null_forward:21.258363258995814 - timing_s/update_actor/loss_compute:0.02183800403145142 - timing_s/update_actor/backward:36.994597122014966 - timing_s/update_actor/optimizer_step:0.08736478100763634 - timing_s/update_actor/teacher_ema_update:5.209101072978228e-05 - perf/mfu/actor:0.0 - perf/max_memory_allocated_gb:121.130624294281 - perf/max_memory_reserved_gb:138.98828125 - perf/cpu_memory_used_gb:322.3531913757324 - actor/lr:1.8e-06 - training/global_step:10 - training/epoch:0 - response_length/mean:257.6302185058594 - response_length/max:1024.0 - response_length/min:15.0 - response_length/clip_ratio:0.02734375 - response_length_non_aborted/mean:257.6302185058594 - response_length_non_aborted/max:1024.0 - response_length_non_aborted/min:15.0 - response_length_non_aborted/clip_ratio:0.02734375 - response/aborted_ratio:0.0 - prompt_length/mean:258.4479064941406 - prompt_length/max:499.0 - prompt_length/min:166.0 - prompt_length/clip_ratio:0.0 - num_turns/min:2 - num_turns/max:2 - num_turns/mean:2.0 - timing_s/start_profile:2.28120043175295e-05 - timing_s/agent_loop/generate_sequences/min:5.194144085995504 - timing_s/agent_loop/generate_sequences/max:31.286746291007148 - timing_s/agent_loop/generate_sequences/mean:17.59153952157675 - timing_s/agent_loop/tool_calls/min:0.0 - timing_s/agent_loop/tool_calls/max:0.0 - timing_s/agent_loop/tool_calls/mean:0.0 - timing_s/agent_loop/slowest/generate_sequences:31.286746291007148 - timing_s/agent_loop/slowest/tool_calls:0.0 - timing_s/agent_loop/slowest/prompt_length:183 - timing_s/agent_loop/slowest/response_len[36m(WorkerDict pid=961244)[0m /sfs/weka/scratch/nkw3mr/Vision-OPD-OPSA/verl/utils/device.py:134: FutureWarning: torch.cuda._set_allocator_settings is deprecated. Use torch._C._accelerator_setAllocatorSettings instead.
[36m(WorkerDict pid=961244)[0m   torch.cuda.memory._set_allocator_settings(f"expandable_segments:{enable}")
[36m(TaskRunner pid=949573)[0m Training Progress:  27%|██▋       | 11/41 [29:26<1:21:42, 163.41s/it]
[36m(WorkerDict pid=961243)[0m /sfs/weka/scratch/nkw3mr/Vision-OPD-OPSA/verl/utils/device.py:134: FutureWarning: torch.cuda._set_allocator_settings is deprecated. Use torch._C._accelerator_setAllocatorSettings instead.
[36m(WorkerDict pid=961243)[0m   torch.cuda.memory._set_allocator_settings(f"expandable_segments:{enable}")
[36m(TaskRunner pid=949573)[0m Training Progress:  29%|██▉       | 12/41 [32:04<1:18:09, 161.71s/it]
gth:1024 - timing_s/gen:38.05095278299996 - timing_s/adv:13.216362953011412 - timing_s/update_actor:105.26151706199744 - timing_s/dump_rollout_generations:0.29013411700725555 - timing_s/step:156.92462553399673 - timing_s/save_checkpoint:18.735247235992574 - timing_s/stop_profile:3.4828000934794545e-05 - timing_per_token_ms/update_actor:0.26557852458444964 - timing_per_token_ms/adv:0.03334535043197244 - timing_per_token_ms/gen:0.19231250774790234 - perf/total_num_tokens:396348 - perf/time_per_step:156.92462553399673 - perf/throughput:1262.8610667423059
[36m(TaskRunner pid=949573)[0m Dumped generations to /sfs/weka/scratch/nkw3mr/Vision-OPD-OPSA/rollouts/Aha-floor-Qwen3.5-4B/11.jsonl
[36m(TaskRunner pid=949573)[0m step:11 - global_seqlen/min:202884 - global_seqlen/max:211413 - global_seqlen/minmax_diff:8529 - global_seqlen/balanced_min:207148 - global_seqlen/balanced_max:207149 - global_seqlen/mean:207148.5 - self_distillation/teacher_always_on_fraction:1.0 - self_distillation/teacher_image_swap_fraction:1.0 - self_distillation/policy_fallback_fraction:0.0 - self_distillation/grpo_fallback_count:0.0 - rollout_corr/rollout_is_mean:1.0 - rollout_corr/rollout_is_ratio_fraction_high:0.0 - rollout_corr/rollout_is_ratio_fraction_low:0.0 - rollout_corr/rollout_is_max:1.0 - rollout_corr/rollout_is_min:1.0 - rollout_corr/rollout_is_std:0.0 - rollout_corr/rollout_is_eff_sample_size:1.0 - rollout_corr/rollout_is_seq_mean:1.0 - rollout_corr/rollout_is_seq_std:0.0 - rollout_corr/rollout_is_seq_max:1.0 - rollout_corr/rollout_is_seq_min:1.0 - rollout_corr/rollout_is_seq_max_deviation:0.0 - rollout_corr/rollout_is_seq_fraction_high:0.0 - rollout_corr/rollout_is_seq_fraction_low:0.0 - rollout_corr/training_ppl:12.098093019949424 - rollout_corr/training_log_ppl:1.3800012082666964 - rollout_corr/kl:0.22951500601059682 - rollout_corr/k3_kl:0.22635857217215205 - rollout_corr/rollout_ppl:10.748359396650985 - rollout_corr/rollout_log_ppl:1.1165848881811709 - rollout_corr/log_ppl_diff:0.2634163144472483 - rollout_corr/log_ppl_abs_diff:0.26363178946681926 - rollout_corr/log_ppl_diff_max:1.6873738765716553 - rollout_corr/log_ppl_diff_min:-0.012073516845703125 - rollout_corr/ppl_ratio:1.329288353791108 - rollout_corr/chi2_token:18.96364001647846 - rollout_corr/chi2_seq:-0.8772694017436053 - actor/pg_loss:0.1998941539010654 - actor/kl_loss:0.0 - actor/grpo_loss:0.0 - actor/vopd_loss:0.1998941539010654 - actor/vopd_loss_weighted:0.1998941539010654 - actor/policy_fallback_fraction:0.0 - aha/u_mean:-0.11493775775228199 - aha/u_neg_valley_frac:0.5394782363562971 - aha/floor_clamped_frac:0.5394782363562971 - aha/q_tail_mass:0.004018735403283121 - aha/argmax_conf:0.660163938999176 - self_distillation/raw_jsd_token_mean:0.19970033962178874 - self_distillation/weighted_jsd_token_mean:0.19970033962178874 - self_distillation/self_distillation_mask.mean():1.0 - self_distillation/num_distill_tokens:3101.7432432432433 - self_distillation/empty_target_batch:0.0 - actor/grad_norm:1.1235764026641846 - timing_s/update_actor/student_forward:16.833099985931767 - timing_s/update_actor/teacher_forward:21.45186115798424 - timing_s/update_actor/teacher_full_forward:0.0 - timing_s/update_actor/teacher_null_forward:22.284445445024176 - timing_s/update_actor/loss_compute:0.022409548037103377 - timing_s/update_actor/backward:40.60980655901949 - timing_s/update_actor/optimizer_step:0.08754430399858393 - timing_s/update_actor/teacher_ema_update:5.289200635161251e-05 - perf/mfu/actor:0.0 - perf/max_memory_allocated_gb:121.130624294281 - perf/max_memory_reserved_gb:138.98828125 - perf/cpu_memory_used_gb:317.2788276672363 - actor/lr:2e-06 - training/global_step:11 - training/epoch:0 - response_length/mean:298.8658752441406 - response_length/max:1024.0 - response_length/min:2.0 - response_length/clip_ratio:0.0494791679084301 - response_length_non_aborted/mean:298.8658752441406 - response_length_non_aborted/max:1024.0 - response_length_non_aborted/min:2.0 - response_length_non_aborted/clip_ratio:0.0494791679084301 - response/aborted_ratio:0.0 - prompt_length/mean:240.5833282470703 - prompt_length/max:789.0 - prompt_length/min:151.0 - prompt_length/clip_ratio:0.0 - num_turns/min:2 - num_turns/max:2 - num_turns/mean:2.0 - timing_s/start_profile:7.534401083830744e-05 - timing_s/agent_loop/generate_sequences/min:1.6159012369898846 - timing_s/agent_loop/generate_sequences/max:33.780456227992545 - timing_s/agent_loop/generate_sequences/mean:18.918623331860584 - timing_s/agent_loop/tool_calls/min:0.0 - timing_s/agent_loop/tool_calls/max:0.0 - timing_s/agent_loop/tool_calls/mean:0.0 - timing_s/agent_loop/slowest/generate_sequences:33.780456227992545 - timing_s/agent_loop/slowest/tool_calls:0.0 - timing_s/agent_loop/slowest/prompt_length:223 - timing_s/agent_loop/slowest/response_length:1024 - timing_s/gen:39.903443709001294 - timing_s/adv:13.171110743001918 - timing_s/update_actor:108.53656174799835 - timing_s/dump_rollout_generations:0.2893000839976594 - timing_s/step:162.0055219450005 - timing_s/stop_profile:2.5896006263792515e-05 - timing_per_token_ms/update_actor:0.2619776675862928 - timing_per_token_ms/adv:0.03179147023271208 - timing_per_token_ms/gen:0.17384924653965858 - perf/total_num_tokens:414297 - perf/time_per_step:162.0055219450005 - perf/throughput:1278.6508602486101
[36m(TaskRunner pid=949573)[0m Dumped generations to /sfs/weka/scratch/nkw3mr/Vision-OPD-OPSA/rollouts/Aha-floor-Qwen3.5-4B/12.jsonl
[36m(TaskRunner pid=949573)[0m step:12 - global_seqlen/min:195881 - global_seqlen/max:212358 - global_seqlen/minmax_diff:16477 - global_seqlen/balanced_min:204115 - global_seqlen/balanced_max:204124 - global_seqlen/mean:204119.5 - self_distillation/teacher_always_on_fraction:1.0 - self_distillation/teacher_image_swap_fraction:1.0 - self_distillation/policy_fallback_fraction:0.0 - self_distillation/grpo_fallback_count:0.0 - rollout_corr/rollout_is_mean:1.0 - rollout_corr/rollout_is_ratio_fraction_high:0.0 - rollout_corr/rollout_is_ratio_fraction_low:0.0 - rollout_corr/rollout_is_max:1.0 - rollout_corr/rollout_is_min:1.0 - rollout_corr/rollout_is_std:0.0 - rollout_corr/rollout_is_eff_sample_size:1.0 - rollout_corr/rollout_is_seq_mean:1.0 - rollout_corr/rollout_is_seq_std:0.0 - rollout_corr/rollout_is_seq_max:1.0 - rollout_corr/rollout_is_seq_min:1.0 - rollout_corr/rollout_is_seq_max_deviation:0.0 - rollout_corr/rollout_is_seq_fraction_high:0.0 - rollout_corr/rollout_is_seq_fraction_low:0.0 - rollout_corr/training_ppl:4.569800115920401 - rollout_corr/training_log_ppl:1.399289570950173 - rollout_corr/kl:0.2486521881577131 - rollout_corr/k3_kl:0.24756330674564514 - rollout_corr/rollout_ppl:3.3503556573713147 - rollout_corr/rollout_log_ppl:1.1144684883388312 - rollout_corr/log_ppl_diff:0.28482107737579865 - rollout_corr/log_ppl_abs_diff:0.28545277183120316 - rollout_corr/log_ppl_diff_max:1.142162561416626 - rollout_corr/log_ppl_diff_min:-0.141457200050354 - rollout_corr/ppl_ratio:1.3609114353721206 - rollout_corr/chi2_token:31.0414264250446 - rollout_corr/chi2_seq:-0.6527299486302041 - actor/pg_loss:0.19339737664752948 - actor/kl_loss:0.0 - actor/grpo_loss:0.0 - actor/vopd_loss:0.19339737664752948 - actor/vopd_loss_weighted:0.19339737664752948 - actor/policy_fallback_fraction:0.0 - aha/u_mean:-0.10200475913006812 - aha/u_neg_valley_frac:0.5261045782952696 - aha/floor_clamped_frac:0.5261045782952696 - aha/q_tail_mass:0.004811054959301711 - aha/argmax_conf:0.6513980627059937 - self_distillation/raw_jsd_token_mean:0.19306982671086853 - self_distillation/weighted_jsd_token_mean:0.19306982671086853 - self_distillation/self_distillation_mask.mean():1.0 - self_distillation/num_distill_tokens:2955.9864864864867 - self_distillation/empty_target_batch:0.0 - actor/grad_norm:1.044952154159546 - timing_s/update_actor/student_forward:16.33424411099986 - timing_s/update_actor/teacher_forward:22.510300283960532 - timing_s/update_actor/teacher_full_forward:0.0 - timing_s/update_actor/teacher_null_forward:20.750231529018492 - timing_s/update_actor/loss_compute:0.02255196397891268 - timing_s/update_actor/backward:38.18046685110312 - timing_s/update_actor/optimizer_step:0.08669614999962505 - timing_s/update_actor/teacher_ema_update:4.51219966635108e-05 - perf/mfu/actor:0.0 - perf/max_memory_allocated_gb:121.130624294281 - perf/max_memory_reserved_gb:138.98828125 - perf/cpu_memory_used_gb:318.1578559875488 - actor/lr:2e-06 - training/global_step:12 - training/epoch:0 - response_length/mean:284.8216247558594 - response_length/max:1024.0 - response_length/min:13.0 - response_length/clip_ratio:0.0559895820915699 - response_length_non_aborted/mean:284.8216247558594 - response_length_non_aborted/max:1024.0 - response_length_non_aborted/min:13.0 - response_length_non_aborted/clip_ratio:0.0559895820915699 - response/aborted_ratio:0.0 - prompt_length/mean:246.7395782470703 - prompt_length/max:701.0 - prompt_length/min:90.0 - prompt_length/clip_ratio:0.0 - num_turns/min:2 - num_turns/max:2 - num_turns/mean:2.0 - timing_s/start_profile:2.6366004021838307e-05 - timing_s/agent_loop/generate_sequences/min:4.477477727996302 - timing_s/agent_loop/generate_sequences/max:32.79454641199845 - timing_s/agent_loop/generate_sequences/mean:17.842061468619914 - timing_s/agent_loop/tool_calls/min:0.0 - timing_s/agent_loop/tool_calls/max:0.0 - timing_s/agent_loop/tool_calls/mean:0.0 - timing_s/agent_loop/slowest/generate_sequences:32.79454641199845 - timing_s/agent_loop/slowest/tool_calls:0.0 - timing_s/agent_loop/slowest/prompt_length:223 - timing_s/agent_loop/slowest/r[36m(TaskRunner pid=949573)[0m Training Progress:  32%|███▏      | 13/41 [34:48<1:15:48, 162.44s/it]
[36m(TaskRunner pid=949573)[0m Training Progress:  34%|███▍      | 14/41 [37:06<1:09:44, 154.97s/it]
esponse_length:1024 - timing_s/gen:39.02327106099983 - timing_s/adv:12.8604877369944 - timing_s/update_actor:105.21783461999439 - timing_s/dump_rollout_generations:0.5682660149905132 - timing_s/step:157.77319688499847 - timing_s/stop_profile:2.695700095500797e-05 - timing_per_token_ms/update_actor:0.25773587192795006 - timing_per_token_ms/adv:0.03150234969465044 - timing_per_token_ms/gen:0.17839780500861666 - perf/total_num_tokens:408239 - perf/time_per_step:157.77319688499847 - perf/throughput:1293.7527034378568
[36m(TaskRunner pid=949573)[0m Dumped generations to /sfs/weka/scratch/nkw3mr/Vision-OPD-OPSA/rollouts/Aha-floor-Qwen3.5-4B/13.jsonl
[36m(TaskRunner pid=949573)[0m step:13 - global_seqlen/min:195192 - global_seqlen/max:213105 - global_seqlen/minmax_diff:17913 - global_seqlen/balanced_min:204148 - global_seqlen/balanced_max:204149 - global_seqlen/mean:204148.5 - self_distillation/teacher_always_on_fraction:1.0 - self_distillation/teacher_image_swap_fraction:1.0 - self_distillation/policy_fallback_fraction:0.0 - self_distillation/grpo_fallback_count:0.0 - rollout_corr/rollout_is_mean:1.0 - rollout_corr/rollout_is_ratio_fraction_high:0.0 - rollout_corr/rollout_is_ratio_fraction_low:0.0 - rollout_corr/rollout_is_max:1.0 - rollout_corr/rollout_is_min:1.0 - rollout_corr/rollout_is_std:0.0 - rollout_corr/rollout_is_eff_sample_size:1.0 - rollout_corr/rollout_is_seq_mean:1.0 - rollout_corr/rollout_is_seq_std:0.0 - rollout_corr/rollout_is_seq_max:1.0 - rollout_corr/rollout_is_seq_min:1.0 - rollout_corr/rollout_is_seq_max_deviation:0.0 - rollout_corr/rollout_is_seq_fraction_high:0.0 - rollout_corr/rollout_is_seq_fraction_low:0.0 - rollout_corr/training_ppl:4.798129610113195 - rollout_corr/training_log_ppl:1.4028574751841056 - rollout_corr/kl:0.26871580952728114 - rollout_corr/k3_kl:0.2536594623045342 - rollout_corr/rollout_ppl:3.308603515496125 - rollout_corr/rollout_log_ppl:1.1033810602652059 - rollout_corr/log_ppl_diff:0.2994764175366711 - rollout_corr/log_ppl_abs_diff:0.2997668008949306 - rollout_corr/log_ppl_diff_max:1.8331427574157715 - rollout_corr/log_ppl_diff_min:-0.007841289043426514 - rollout_corr/ppl_ratio:1.3916572670678835 - rollout_corr/chi2_token:5.977194998715375 - rollout_corr/chi2_seq:-0.8470962256998629 - actor/pg_loss:0.22272484183001023 - actor/kl_loss:0.0 - actor/grpo_loss:0.0 - actor/vopd_loss:0.22272484183001023 - actor/vopd_loss_weighted:0.22272484183001023 - actor/policy_fallback_fraction:0.0 - aha/u_mean:-0.16228709324590257 - aha/u_neg_valley_frac:0.5492255587030102 - aha/floor_clamped_frac:0.5492255587030102 - aha/q_tail_mass:0.003349835007857355 - aha/argmax_conf:0.6869903206825256 - self_distillation/raw_jsd_token_mean:0.22519934640542882 - self_distillation/weighted_jsd_token_mean:0.22519934640542882 - self_distillation/self_distillation_mask.mean():1.0 - self_distillation/num_distill_tokens:2609.418918918919 - self_distillation/empty_target_batch:0.0 - actor/grad_norm:0.8098488450050354 - timing_s/update_actor/student_forward:15.795831735013053 - timing_s/update_actor/teacher_forward:22.531787423984497 - timing_s/update_actor/teacher_full_forward:0.0 - timing_s/update_actor/teacher_null_forward:22.968885961017804 - timing_s/update_actor/loss_compute:0.022392743980162777 - timing_s/update_actor/backward:40.18961762201798 - timing_s/update_actor/optimizer_step:0.08628790700458921 - timing_s/update_actor/teacher_ema_update:6.675100303255022e-05 - perf/mfu/actor:0.0 - perf/max_memory_allocated_gb:121.130624294281 - perf/max_memory_reserved_gb:138.98828125 - perf/cpu_memory_used_gb:320.49121856689453 - actor/lr:2e-06 - training/global_step:13 - training/epoch:0 - response_length/mean:251.4283905029297 - response_length/max:1024.0 - response_length/min:12.0 - response_length/clip_ratio:0.02473958395421505 - response_length_non_aborted/mean:251.4283905029297 - response_length_non_aborted/max:1024.0 - response_length_non_aborted/min:12.0 - response_length_non_aborted/clip_ratio:0.02473958395421505 - response/aborted_ratio:0.0 - prompt_length/mean:280.2083435058594 - prompt_length/max:3329.0 - prompt_length/min:100.0 - prompt_length/clip_ratio:0.0 - num_turns/min:2 - num_turns/max:2 - num_turns/mean:2.0 - timing_s/start_profile:2.4392997147515416e-05 - timing_s/agent_loop/generate_sequences/min:1.8631138889904832 - timing_s/agent_loop/generate_sequences/max:31.11378298899217 - timing_s/agent_loop/generate_sequences/mean:17.565874448248564 - timing_s/agent_loop/tool_calls/min:0.0 - timing_s/agent_loop/tool_calls/max:0.0 - timing_s/agent_loop/tool_calls/mean:0.0 - timing_s/agent_loop/slowest/generate_sequences:31.11378298899217 - timing_s/agent_loop/slowest/tool_calls:0.0 - timing_s/agent_loop/slowest/prompt_length:250 - timing_s/agent_loop/slowest/response_length:1024 - timing_s/gen:38.04319515400857 - timing_s/adv:14.456394583990914 - timing_s/update_actor:110.70771429700835 - timing_s/dump_rollout_generations:0.29593216799548827 - timing_s/step:163.60539007000625 - timing_s/stop_profile:2.540501009207219e-05 - timing_per_token_ms/update_actor:0.27114505934897476 - timing_per_token_ms/adv:0.03540656576950336 - timing_per_token_ms/gen:0.19701598240267104 - perf/total_num_tokens:408297 - perf/time_per_step:163.60539007000625 - perf/throughput:1247.8103558363541
[36m(TaskRunner pid=949573)[0m Dumped generations to /sfs/weka/scratch/nkw3mr/Vision-OPD-OPSA/rollouts/Aha-floor-Qwen3.5-4B/14.jsonl
[36m(TaskRunner pid=949573)[0m step:14 - global_seqlen/min:169015 - global_seqlen/max:171092 - global_seqlen/minmax_diff:2077 - global_seqlen/balanced_min:170053 - global_seqlen/balanced_max:170054 - global_seqlen/mean:170053.5 - self_distillation/teacher_always_on_fraction:1.0 - self_distillation/teacher_image_swap_fraction:1.0 - self_distillation/policy_fallback_fraction:0.0 - self_distillation/grpo_fallback_count:0.0 - rollout_corr/rollout_is_mean:1.0 - rollout_corr/rollout_is_ratio_fraction_high:0.0 - rollout_corr/rollout_is_ratio_fraction_low:0.0 - rollout_corr/rollout_is_max:1.0 - rollout_corr/rollout_is_min:1.0 - rollout_corr/rollout_is_std:0.0 - rollout_corr/rollout_is_eff_sample_size:1.0 - rollout_corr/rollout_is_seq_mean:1.0 - rollout_corr/rollout_is_seq_std:0.0 - rollout_corr/rollout_is_seq_max:1.0 - rollout_corr/rollout_is_seq_min:1.0 - rollout_corr/rollout_is_seq_max_deviation:0.0 - rollout_corr/rollout_is_seq_fraction_high:0.0 - rollout_corr/rollout_is_seq_fraction_low:0.0 - rollout_corr/training_ppl:4.879198062804438 - rollout_corr/training_log_ppl:1.4441777698455318 - rollout_corr/kl:0.3019518893091909 - rollout_corr/k3_kl:0.27571907303025645 - rollout_corr/rollout_ppl:3.293405932764853 - rollout_corr/rollout_log_ppl:1.1115726540165562 - rollout_corr/log_ppl_diff:0.3326051206358017 - rollout_corr/log_ppl_abs_diff:0.3337145740947416 - rollout_corr/log_ppl_diff_max:2.0483956336975098 - rollout_corr/log_ppl_diff_min:-0.28957808017730713 - rollout_corr/ppl_ratio:1.4449551432363448 - rollout_corr/chi2_token:4.096001692356602 - rollout_corr/chi2_seq:-0.6867513368206639 - actor/pg_loss:0.24390298882887387 - actor/kl_loss:0.0 - actor/grpo_loss:0.0 - actor/vopd_loss:0.24390298882887387 - actor/vopd_loss_weighted:0.24390298882887387 - actor/policy_fallback_fraction:0.0 - aha/u_mean:-0.12576912895442105 - aha/u_neg_valley_frac:0.5395435873539217 - aha/floor_clamped_frac:0.5395435873539217 - aha/q_tail_mass:0.0032834095782750556 - aha/argmax_conf:0.6560009121894836 - self_distillation/raw_jsd_token_mean:0.2433518402038082 - self_distillation/weighted_jsd_token_mean:0.2433518402038082 - self_distillation/self_distillation_mask.mean():1.0 - self_distillation/num_distill_tokens:2597.0806451612902 - self_distillation/empty_target_batch:0.0 - actor/grad_norm:0.8699931502342224 - timing_s/update_actor/student_forward:13.137163002975285 - timing_s/update_actor/teacher_forward:17.405490956021822 - timing_s/update_actor/teacher_full_forward:0.0 - timing_s/update_actor/teacher_null_forward:17.32681906099606 - timing_s/update_actor/loss_compute:0.01857107503747102 - timing_s/update_actor/backward:32.504925833956804 - timing_s/update_actor/optimizer_step:0.08736390099511482 - timing_s/update_actor/teacher_ema_update:4.779599839821458e-05 - perf/mfu/actor:0.0 - perf/max_memory_allocated_gb:121.130624294281 - perf/max_memory_reserved_gb:138.98828125 - perf/cpu_memory_used_gb:315.47898864746094 - actor/lr:2e-06 - training/global_step:14 - training/epoch:0 - response_length/mean:209.66015625 - response_length/max:1024.0 - response_length/min:3.0 - response_length/clip_ratio:0.0065104165114462376 - response_length_non_aborted/mean:209.66015625 - response_length_non_aborted/max:1024.0 - response_length_non_aborted/min:3.0 - response_length_non_aborted/clip_ratio:0.0065104165114462376 - response/aborted_ratio:0.0 - prompt_length/mean:233.1875 - prompt_length/max:498.0 - prompt_length/min:103.0 - prompt_length/clip_ratio:0.0 - num_turns/min:2 - num_turns/max:2 - num_turns/mean:2.0 - timing_s/start_profile:5.837000207975507e-05 - timing_s/agent_loop/generate_sequences/min:2.3258998439996503 - timing_s/agent_loop/generate_sequences/max:27.882048372004647 - timing_s/agent_loop/generate_sequences/mean:14.585746417174315 - timing_s/agent_loop/tool_calls/min:0.0 - timing_s/agent_loop/tool_calls/max:0.0 - timing_s/agent_loop/tool_calls/mean:0.0 - timing_s/agent_loop/slowest/generate_sequences:27.882048372004647 - timing_s/agent_loop/slowest/tool_calls:0.0 - timing_s/agent_loop/slowest/prompt_length:293 - timing_s/agent_loop/slowest/response_[36m(TaskRunner pid=949573)[0m Training Progress:  37%|███▋      | 15/41 [39:53<1:08:46, 158.70s/it]
[36m(WorkerDict pid=961244)[0m /sfs/weka/scratch/nkw3mr/Vision-OPD-OPSA/verl/utils/device.py:134: FutureWarning: torch.cuda._set_allocator_settings is deprecated. Use torch._C._accelerator_setAllocatorSettings instead.
[36m(WorkerDict pid=961244)[0m   torch.cuda.memory._set_allocator_settings(f"expandable_segments:{enable}")
[36m(TaskRunner pid=949573)[0m Training Progress:  39%|███▉      | 16/41 [42:22<1:04:49, 155.59s/it]
[36m(WorkerDict pid=961243)[0m /sfs/weka/scratch/nkw3mr/Vision-OPD-OPSA/verl/utils/device.py:134: FutureWarning: torch.cuda._set_allocator_settings is deprecated. Use torch._C._accelerator_setAllocatorSettings instead.
[36m(WorkerDict pid=961243)[0m   torch.cuda.memory._set_allocator_settings(f"expandable_segments:{enable}")
length:1024 - timing_s/gen:34.63860083199688 - timing_s/adv:13.449098611992667 - timing_s/update_actor:89.175191361006 - timing_s/dump_rollout_generations:0.2811153100046795 - timing_s/step:137.65113423099683 - timing_s/stop_profile:2.4524008040316403e-05 - timing_per_token_ms/update_actor:0.26219745950834883 - timing_per_token_ms/adv:0.03954372774448238 - timing_per_token_ms/gen:0.21512120204445986 - perf/total_num_tokens:340107 - perf/time_per_step:137.65113423099683 - perf/throughput:1235.3948331048816
[36m(TaskRunner pid=949573)[0m Dumped generations to /sfs/weka/scratch/nkw3mr/Vision-OPD-OPSA/rollouts/Aha-floor-Qwen3.5-4B/15.jsonl
[36m(TaskRunner pid=949573)[0m local_global_step_folder: /sfs/weka/scratch/nkw3mr/Vision-OPD-OPSA/checkpoints/Aha-floor-Qwen3.5-4B/global_step_15
[36m(TaskRunner pid=949573)[0m step:15 - global_seqlen/min:180769 - global_seqlen/max:196279 - global_seqlen/minmax_diff:15510 - global_seqlen/balanced_min:188524 - global_seqlen/balanced_max:188524 - global_seqlen/mean:188524.0 - self_distillation/teacher_always_on_fraction:1.0 - self_distillation/teacher_image_swap_fraction:1.0 - self_distillation/policy_fallback_fraction:0.0 - self_distillation/grpo_fallback_count:0.0 - rollout_corr/rollout_is_mean:1.0 - rollout_corr/rollout_is_ratio_fraction_high:0.0 - rollout_corr/rollout_is_ratio_fraction_low:0.0 - rollout_corr/rollout_is_max:1.0 - rollout_corr/rollout_is_min:1.0 - rollout_corr/rollout_is_std:0.0 - rollout_corr/rollout_is_eff_sample_size:1.0 - rollout_corr/rollout_is_seq_mean:1.0 - rollout_corr/rollout_is_seq_std:0.0 - rollout_corr/rollout_is_seq_max:1.0 - rollout_corr/rollout_is_seq_min:1.0 - rollout_corr/rollout_is_seq_max_deviation:0.0 - rollout_corr/rollout_is_seq_fraction_high:0.0 - rollout_corr/rollout_is_seq_fraction_low:0.0 - rollout_corr/training_ppl:4.336578425239114 - rollout_corr/training_log_ppl:1.3652427599710577 - rollout_corr/kl:0.2775449443827657 - rollout_corr/k3_kl:0.2895976876949563 - rollout_corr/rollout_ppl:3.0655312958885643 - rollout_corr/rollout_log_ppl:1.056771143394358 - rollout_corr/log_ppl_diff:0.3084716141662177 - rollout_corr/log_ppl_abs_diff:0.3087095863678876 - rollout_corr/log_ppl_diff_max:1.301428198814392 - rollout_corr/log_ppl_diff_min:-0.011487841606140137 - rollout_corr/ppl_ratio:1.4002402354689205 - rollout_corr/chi2_token:64.45641967303612 - rollout_corr/chi2_seq:-0.885605332605979 - actor/pg_loss:0.21995515531549853 - actor/kl_loss:0.0 - actor/grpo_loss:0.0 - actor/vopd_loss:0.21995515531549853 - actor/vopd_loss_weighted:0.21995515531549853 - actor/policy_fallback_fraction:0.0 - aha/u_mean:-0.10880487330038757 - aha/u_neg_valley_frac:0.5356890642467667 - aha/floor_clamped_frac:0.5356890642467667 - aha/q_tail_mass:0.0033679203736349285 - aha/argmax_conf:0.6697415113449097 - self_distillation/raw_jsd_token_mean:0.21956470740192074 - self_distillation/weighted_jsd_token_mean:0.21956470740192074 - self_distillation/self_distillation_mask.mean():1.0 - self_distillation/num_distill_tokens:2716.5882352941176 - self_distillation/empty_target_batch:0.0 - actor/grad_norm:0.5857135057449341 - timing_s/update_actor/student_forward:14.890557761915261 - timing_s/update_actor/teacher_forward:20.001727739960188 - timing_s/update_actor/teacher_full_forward:0.0 - timing_s/update_actor/teacher_null_forward:19.677524286991684 - timing_s/update_actor/loss_compute:0.020336026980658062 - timing_s/update_actor/backward:36.34143074799795 - timing_s/update_actor/optimizer_step:0.08590886399906594 - timing_s/update_actor/teacher_ema_update:4.261800495442003e-05 - perf/mfu/actor:0.0 - perf/max_memory_allocated_gb:121.130624294281 - perf/max_memory_reserved_gb:138.98828125 - perf/cpu_memory_used_gb:318.9934959411621 - actor/lr:2e-06 - training/global_step:15 - training/epoch:0 - response_length/mean:240.53125 - response_length/max:1024.0 - response_length/min:3.0 - response_length/clip_ratio:0.02473958395421505 - response_length_non_aborted/mean:240.53125 - response_length_non_aborted/max:1024.0 - response_length_non_aborted/min:3.0 - response_length_non_aborted/clip_ratio:0.02473958395421505 - response/aborted_ratio:0.0 - prompt_length/mean:250.4166717529297 - prompt_length/max:498.0 - prompt_length/min:135.0 - prompt_length/clip_ratio:0.0 - num_turns/min:2 - num_turns/max:2 - num_turns/mean:2.0 - timing_s/start_profile:3.079199814237654e-05 - timing_s/agent_loop/generate_sequences/min:2.196439787003328 - timing_s/agent_loop/generate_sequences/max:30.623689830012154 - timing_s/agent_loop/generate_sequences/mean:16.497915105359464 - timing_s/agent_loop/tool_calls/min:0.0 - timing_s/agent_loop/tool_calls/max:0.0 - timing_s/agent_loop/tool_calls/mean:0.0 - timing_s/agent_loop/slowest/generate_sequences:30.623689830012154 - timing_s/agent_loop/slowest/tool_calls:0.0 - timing_s/agent_loop/slowest/prompt_length:183 - timing_s/agent_loop/slowest/response_length:1024 - timing_s/gen:36.745147859997815 - timing_s/adv:13.00629412199487 - timing_s/update_actor:100.12552549499378 - timing_s/dump_rollout_generations:0.2840959409950301 - timing_s/step:150.27395225899818 - timing_s/save_checkpoint:16.974858575995313 - timing_s/stop_profile:3.507800283841789e-05 - timing_per_token_ms/update_actor:0.26555113803811126 - timing_per_token_ms/adv:0.03449506196026731 - timing_per_token_ms/gen:0.19891487949849407 - perf/total_num_tokens:377048 - perf/time_per_step:150.27395225899818 - perf/throughput:1254.5354478670902
[36m(TaskRunner pid=949573)[0m Dumped generations to /sfs/weka/scratch/nkw3mr/Vision-OPD-OPSA/rollouts/Aha-floor-Qwen3.5-4B/16.jsonl
[36m(TaskRunner pid=949573)[0m step:16 - global_seqlen/min:183482 - global_seqlen/max:187540 - global_seqlen/minmax_diff:4058 - global_seqlen/balanced_min:185511 - global_seqlen/balanced_max:185511 - global_seqlen/mean:185511.0 - self_distillation/teacher_always_on_fraction:1.0 - self_distillation/teacher_image_swap_fraction:1.0 - self_distillation/policy_fallback_fraction:0.0 - self_distillation/grpo_fallback_count:0.0 - rollout_corr/rollout_is_mean:1.0 - rollout_corr/rollout_is_ratio_fraction_high:0.0 - rollout_corr/rollout_is_ratio_fraction_low:0.0 - rollout_corr/rollout_is_max:1.0 - rollout_corr/rollout_is_min:1.0 - rollout_corr/rollout_is_std:0.0 - rollout_corr/rollout_is_eff_sample_size:1.0 - rollout_corr/rollout_is_seq_mean:1.0 - rollout_corr/rollout_is_seq_std:0.0 - rollout_corr/rollout_is_seq_max:1.0 - rollout_corr/rollout_is_seq_min:1.0 - rollout_corr/rollout_is_seq_max_deviation:0.0 - rollout_corr/rollout_is_seq_fraction_high:0.0 - rollout_corr/rollout_is_seq_fraction_low:0.0 - rollout_corr/training_ppl:6.252463936805725 - rollout_corr/training_log_ppl:1.464142898718516 - rollout_corr/kl:0.29110495068810205 - rollout_corr/k3_kl:0.27461781894618814 - rollout_corr/rollout_ppl:4.701760985634544 - rollout_corr/rollout_log_ppl:1.146406958500544 - rollout_corr/log_ppl_diff:0.31773593231584085 - rollout_corr/log_ppl_abs_diff:0.31831466135653586 - rollout_corr/log_ppl_diff_max:1.3402726650238037 - rollout_corr/log_ppl_diff_min:-0.09860914945602417 - rollout_corr/ppl_ratio:1.417011275435939 - rollout_corr/chi2_token:6.233633996862354 - rollout_corr/chi2_seq:-0.8736456831296284 - actor/pg_loss:0.24054213859684145 - actor/kl_loss:0.0 - actor/grpo_loss:0.0 - actor/vopd_loss:0.24054213859684145 - actor/vopd_loss_weighted:0.24054213859684145 - actor/policy_fallback_fraction:0.0 - aha/u_mean:-0.06958086122617577 - aha/u_neg_valley_frac:0.5177259183291233 - aha/floor_clamped_frac:0.5177259183291233 - aha/q_tail_mass:0.0032857141349902095 - aha/argmax_conf:0.6756607294082642 - self_distillation/raw_jsd_token_mean:0.24015711405963608 - self_distillation/weighted_jsd_token_mean:0.24015711405963608 - self_distillation/self_distillation_mask.mean():1.0 - self_distillation/num_distill_tokens:2689.5454545454545 - self_distillation/empty_target_batch:0.0 - actor/grad_norm:0.7268665432929993 - timing_s/update_actor/student_forward:14.578186430007918 - timing_s/update_actor/teacher_forward:19.482484257081524 - timing_s/update_actor/teacher_full_forward:0.0 - timing_s/update_actor/teacher_null_forward:19.331304809064022 - timing_s/update_actor/loss_compute:0.019813642036751844 - timing_s/update_actor/backward:35.82905178699002 - timing_s/update_actor/optimizer_step:0.08583810499112587 - timing_s/update_actor/teacher_ema_update:4.38699935330078e-05 - perf/mfu/actor:0.0 - perf/max_memory_allocated_gb:121.130624294281 - perf/max_memory_reserved_gb:138.98828125 - perf/cpu_memory_used_gb:320.44747161865234 - actor/lr:2e-06 - training/global_step:16 - training/epoch:0 - response_length/mean:231.1328125 - response_length/max:1024.0 - response_length/min:3.0 - response_length/clip_ratio:0.014322916977107525 - response_length_non_aborted/mean:231.1328125 - response_length_non_aborted/max:1024.0 - response_length_non_aborted/min:3.0 - response_length_non_aborted/clip_ratio:0.014322916977107525 - response/aborted_ratio:0.0 - prompt_length/mean:251.96875 - prompt_length/max:791.0 - prompt_length/min:134.0 - prompt_length/clip_ratio:0.0 - num_turns/min:2 - num_turns/max:2 - num_turns/mean:2.0 - timing_s/start_profile:3.089199890382588e-05 - timing_s/agent_loop/generate_sequences/min:1.887147758010542 - timing_s/agent_loop/generate_sequences/max:29.786887925001793 - timing_s/agent_loop/generate_sequences/mean:16.427512485291118 - timing_s/agent_loop/tool_calls/min:0.0 - timing_s/agent_loop/tool_calls/max:0.0 - timing_s/agent_loop/tool_calls/mean:0.0 - timing_s/agent_loop/slowest/generate_sequences:29.786887925001793 - timing_s/agent_loop/slowest/tool_calls:0.0 - timing_s/agent_loop/slowest/prompt_length:286 - timing_s/agent_loop/slowest/response_le[36m(TaskRunner pid=949573)[0m Training Progress:  41%|████▏     | 17/41 [45:14<1:04:16, 160.69s/it]
[36m(TaskRunner pid=949573)[0m Training Progress:  44%|████▍     | 18/41 [47:51<1:01:05, 159.39s/it]
ngth:1024 - timing_s/gen:35.84662507601024 - timing_s/adv:12.629753674991662 - timing_s/update_actor:99.44935817699297 - timing_s/dump_rollout_generations:0.28979624500789214 - timing_s/step:148.32071669700963 - timing_s/stop_profile:2.4995009880512953e-05 - timing_per_token_ms/update_actor:0.2680416745556678 - timing_per_token_ms/adv:0.03404044416501356 - timing_per_token_ms/gen:0.2019414403470804 - perf/total_num_tokens:371022 - perf/time_per_step:148.32071669700963 - perf/throughput:1250.7423381654964
[36m(TaskRunner pid=949573)[0m Dumped generations to /sfs/weka/scratch/nkw3mr/Vision-OPD-OPSA/rollouts/Aha-floor-Qwen3.5-4B/17.jsonl
[36m(TaskRunner pid=949573)[0m step:17 - global_seqlen/min:210424 - global_seqlen/max:219995 - global_seqlen/minmax_diff:9571 - global_seqlen/balanced_min:215198 - global_seqlen/balanced_max:215221 - global_seqlen/mean:215209.5 - self_distillation/teacher_always_on_fraction:1.0 - self_distillation/teacher_image_swap_fraction:1.0 - self_distillation/policy_fallback_fraction:0.0 - self_distillation/grpo_fallback_count:0.0 - rollout_corr/rollout_is_mean:1.0 - rollout_corr/rollout_is_ratio_fraction_high:0.0 - rollout_corr/rollout_is_ratio_fraction_low:0.0 - rollout_corr/rollout_is_max:1.0 - rollout_corr/rollout_is_min:1.0 - rollout_corr/rollout_is_std:0.0 - rollout_corr/rollout_is_eff_sample_size:1.0 - rollout_corr/rollout_is_seq_mean:1.0 - rollout_corr/rollout_is_seq_std:0.0 - rollout_corr/rollout_is_seq_max:1.0 - rollout_corr/rollout_is_seq_min:1.0 - rollout_corr/rollout_is_seq_max_deviation:0.0 - rollout_corr/rollout_is_seq_fraction_high:0.0 - rollout_corr/rollout_is_seq_fraction_low:0.0 - rollout_corr/training_ppl:6.096457897088467 - rollout_corr/training_log_ppl:1.6171067662728138 - rollout_corr/kl:0.296793431807787 - rollout_corr/k3_kl:0.273881081205148 - rollout_corr/rollout_ppl:4.131019809307197 - rollout_corr/rollout_log_ppl:1.282995967528759 - rollout_corr/log_ppl_diff:0.3341108086124922 - rollout_corr/log_ppl_abs_diff:0.3389527428990755 - rollout_corr/log_ppl_diff_max:1.4515337944030762 - rollout_corr/log_ppl_diff_min:-0.9747446775436401 - rollout_corr/ppl_ratio:1.4562949064450388 - rollout_corr/chi2_token:2.850164063465901 - rollout_corr/chi2_seq:4.3335874149432545 - actor/pg_loss:0.2205058634087133 - actor/kl_loss:0.0 - actor/grpo_loss:0.0 - actor/vopd_loss:0.2205058634087133 - actor/vopd_loss_weighted:0.2205058634087133 - actor/policy_fallback_fraction:0.0 - aha/u_mean:-0.059971115129510276 - aha/u_neg_valley_frac:0.5072819170279381 - aha/floor_clamped_frac:0.5072819170279381 - aha/q_tail_mass:0.00460054900479288 - aha/argmax_conf:0.6550970673561096 - self_distillation/raw_jsd_token_mean:0.22377889374127755 - self_distillation/weighted_jsd_token_mean:0.22377889374127755 - self_distillation/self_distillation_mask.mean():1.0 - self_distillation/num_distill_tokens:2455.7307692307695 - self_distillation/empty_target_batch:0.0 - actor/grad_norm:0.7101096510887146 - timing_s/update_actor/student_forward:17.76891060898197 - timing_s/update_actor/teacher_forward:23.299607042004936 - timing_s/update_actor/teacher_full_forward:0.0 - timing_s/update_actor/teacher_null_forward:22.997337819993845 - timing_s/update_actor/loss_compute:0.023688968998612836 - timing_s/update_actor/backward:44.54524088499602 - timing_s/update_actor/optimizer_step:0.08647120399109554 - timing_s/update_actor/teacher_ema_update:6.608098919969052e-05 - perf/mfu/actor:0.0 - perf/max_memory_allocated_gb:121.130624294281 - perf/max_memory_reserved_gb:138.98828125 - perf/cpu_memory_used_gb:323.8779067993164 - actor/lr:2e-06 - training/global_step:17 - training/epoch:0 - response_length/mean:249.41015625 - response_length/max:1024.0 - response_length/min:2.0 - response_length/clip_ratio:0.0234375 - response_length_non_aborted/mean:249.41015625 - response_length_non_aborted/max:1024.0 - response_length_non_aborted/min:2.0 - response_length_non_aborted/clip_ratio:0.0234375 - response/aborted_ratio:0.0 - prompt_length/mean:311.03125 - prompt_length/max:3329.0 - prompt_length/min:127.0 - prompt_length/clip_ratio:0.0 - num_turns/min:2 - num_turns/max:2 - num_turns/mean:2.0 - timing_s/start_profile:2.423400292173028e-05 - timing_s/agent_loop/generate_sequences/min:1.5151415040018037 - timing_s/agent_loop/generate_sequences/max:31.34425413000281 - timing_s/agent_loop/generate_sequences/mean:16.235399093915436 - timing_s/agent_loop/tool_calls/min:0.0 - timing_s/agent_loop/tool_calls/max:0.0 - timing_s/agent_loop/tool_calls/mean:0.0 - timing_s/agent_loop/slowest/generate_sequences:31.34425413000281 - timing_s/agent_loop/slowest/tool_calls:0.0 - timing_s/agent_loop/slowest/prompt_length:286 - timing_s/agent_loop/slowest/response_length:1024 - timing_s/gen:38.703701603997615 - timing_s/adv:14.73358427498897 - timing_s/update_actor:118.52000258299813 - timing_s/dump_rollout_generations:0.45680851199722383 - timing_s/step:172.52378039699397 - timing_s/stop_profile:2.432400651741773e-05 - timing_per_token_ms/update_actor:0.27535959746897354 - timing_per_token_ms/adv:0.03423079435384816 - timing_per_token_ms/gen:0.20205851098684718 - perf/total_num_tokens:430419 - perf/time_per_step:172.52378039699397 - perf/throughput:1247.4193383937104
[36m(TaskRunner pid=949573)[0m Dumped generations to /sfs/weka/scratch/nkw3mr/Vision-OPD-OPSA/rollouts/Aha-floor-Qwen3.5-4B/18.jsonl
[36m(TaskRunner pid=949573)[0m step:18 - global_seqlen/min:191721 - global_seqlen/max:210223 - global_seqlen/minmax_diff:18502 - global_seqlen/balanced_min:200970 - global_seqlen/balanced_max:200974 - global_seqlen/mean:200972.0 - self_distillation/teacher_always_on_fraction:1.0 - self_distillation/teacher_image_swap_fraction:1.0 - self_distillation/policy_fallback_fraction:0.0 - self_distillation/grpo_fallback_count:0.0 - rollout_corr/rollout_is_mean:1.0 - rollout_corr/rollout_is_ratio_fraction_high:0.0 - rollout_corr/rollout_is_ratio_fraction_low:0.0 - rollout_corr/rollout_is_max:1.0 - rollout_corr/rollout_is_min:1.0 - rollout_corr/rollout_is_std:0.0 - rollout_corr/rollout_is_eff_sample_size:1.0 - rollout_corr/rollout_is_seq_mean:1.0 - rollout_corr/rollout_is_seq_std:0.0 - rollout_corr/rollout_is_seq_max:1.0 - rollout_corr/rollout_is_seq_min:1.0 - rollout_corr/rollout_is_seq_max_deviation:0.0 - rollout_corr/rollout_is_seq_fraction_high:0.0 - rollout_corr/rollout_is_seq_fraction_low:0.0 - rollout_corr/training_ppl:7.704339365164438 - rollout_corr/training_log_ppl:1.7965626501374774 - rollout_corr/kl:0.33959638327360153 - rollout_corr/k3_kl:0.33254918290509117 - rollout_corr/rollout_ppl:4.869854913817512 - rollout_corr/rollout_log_ppl:1.4189973639117346 - rollout_corr/log_ppl_diff:0.3775652654262053 - rollout_corr/log_ppl_abs_diff:0.38668221049010754 - rollout_corr/log_ppl_diff_max:2.1620988845825195 - rollout_corr/log_ppl_diff_min:-1.742136001586914 - rollout_corr/ppl_ratio:1.5368720144033432 - rollout_corr/chi2_token:13.571865037083626 - rollout_corr/chi2_seq:1.2978984788060188 - actor/pg_loss:0.23359441730038574 - actor/kl_loss:0.0 - actor/grpo_loss:0.0 - actor/vopd_loss:0.23359441730038574 - actor/vopd_loss_weighted:0.23359441730038574 - actor/policy_fallback_fraction:0.0 - aha/u_mean:-0.027901194691164873 - aha/u_neg_valley_frac:0.498100602792369 - aha/floor_clamped_frac:0.498100602792369 - aha/q_tail_mass:0.005432317704415052 - aha/argmax_conf:0.6140050292015076 - self_distillation/raw_jsd_token_mean:0.23325776991744834 - self_distillation/weighted_jsd_token_mean:0.23325776991744834 - self_distillation/self_distillation_mask.mean():1.0 - self_distillation/num_distill_tokens:2980.0 - self_distillation/empty_target_batch:0.0 - actor/grad_norm:0.6486473679542542 - timing_s/update_actor/student_forward:15.44323737101513 - timing_s/update_actor/teacher_forward:21.97096545797831 - timing_s/update_actor/teacher_full_forward:0.0 - timing_s/update_actor/teacher_null_forward:21.699354987067636 - timing_s/update_actor/loss_compute:0.021727449988247827 - timing_s/update_actor/backward:38.140037767996546 - timing_s/update_actor/optimizer_step:0.08725678100017831 - timing_s/update_actor/teacher_ema_update:4.9238005885854363e-05 - perf/mfu/actor:0.0 - perf/max_memory_allocated_gb:121.130624294281 - perf/max_memory_reserved_gb:138.98828125 - perf/cpu_memory_used_gb:322.04382705688477 - actor/lr:2e-06 - training/global_step:18 - training/epoch:0 - response_length/mean:279.375 - response_length/max:1024.0 - response_length/min:2.0 - response_length/clip_ratio:0.0338541679084301 - response_length_non_aborted/mean:279.375 - response_length_non_aborted/max:1024.0 - response_length_non_aborted/min:2.0 - response_length_non_aborted/clip_ratio:0.0338541679084301 - response/aborted_ratio:0.0 - prompt_length/mean:243.9895782470703 - prompt_length/max:523.0 - prompt_length/min:167.0 - prompt_length/clip_ratio:0.0 - num_turns/min:2 - num_turns/max:2 - num_turns/mean:2.0 - timing_s/start_profile:3.283499972894788e-05 - timing_s/agent_loop/generate_sequences/min:2.113413279002998 - timing_s/agent_loop/generate_sequences/max:33.322913739000796 - timing_s/agent_loop/generate_sequences/mean:17.615759099709447 - timing_s/agent_loop/tool_calls/min:0.0 - timing_s/agent_loop/tool_calls/max:0.0 - timing_s/agent_loop/tool_calls/mean:0.0 - timing_s/agent_loop/slowest/generate_sequences:33.322913739000796 - timing_s/agent_loop/slowest/tool_calls:0.0 - timing_s/agent_loop/slowest/prompt_length:215 - timing_s/agent_loop/slowest/response_length:1024 - timi[36m(TaskRunner pid=949573)[0m Training Progress:  46%|████▋     | 19/41 [50:51<1:00:43, 165.63s/it]
[36m(TaskRunner pid=949573)[0m Training Progress:  49%|████▉     | 20/41 [53:56<1:00:02, 171.54s/it]
ng_s/gen:39.68098135400214 - timing_s/adv:12.91281412099488 - timing_s/update_actor:102.80929786599881 - timing_s/dump_rollout_generations:0.2877180239884183 - timing_s/step:156.3059621170105 - timing_s/stop_profile:2.4192995624616742e-05 - timing_per_token_ms/update_actor:0.2557801531208298 - timing_per_token_ms/adv:0.03212590341190534 - timing_per_token_ms/gen:0.18494118826436495 - perf/total_num_tokens:401944 - perf/time_per_step:156.3059621170105 - perf/throughput:1285.7602952442246
[36m(TaskRunner pid=949573)[0m Dumped generations to /sfs/weka/scratch/nkw3mr/Vision-OPD-OPSA/rollouts/Aha-floor-Qwen3.5-4B/19.jsonl
[36m(TaskRunner pid=949573)[0m step:19 - global_seqlen/min:220907 - global_seqlen/max:232124 - global_seqlen/minmax_diff:11217 - global_seqlen/balanced_min:226506 - global_seqlen/balanced_max:226525 - global_seqlen/mean:226515.5 - self_distillation/teacher_always_on_fraction:1.0 - self_distillation/teacher_image_swap_fraction:1.0 - self_distillation/policy_fallback_fraction:0.0 - self_distillation/grpo_fallback_count:0.0 - rollout_corr/rollout_is_mean:1.0 - rollout_corr/rollout_is_ratio_fraction_high:0.0 - rollout_corr/rollout_is_ratio_fraction_low:0.0 - rollout_corr/rollout_is_max:1.0 - rollout_corr/rollout_is_min:1.0 - rollout_corr/rollout_is_std:0.0 - rollout_corr/rollout_is_eff_sample_size:1.0 - rollout_corr/rollout_is_seq_mean:1.0 - rollout_corr/rollout_is_seq_std:0.0 - rollout_corr/rollout_is_seq_max:1.0 - rollout_corr/rollout_is_seq_min:1.0 - rollout_corr/rollout_is_seq_max_deviation:0.0 - rollout_corr/rollout_is_seq_fraction_high:0.0 - rollout_corr/rollout_is_seq_fraction_low:0.0 - rollout_corr/training_ppl:14.816361043511368 - rollout_corr/training_log_ppl:1.8420289580414935 - rollout_corr/kl:0.30054363599274214 - rollout_corr/k3_kl:0.29098797880294847 - rollout_corr/rollout_ppl:11.683344704348867 - rollout_corr/rollout_log_ppl:1.496409740389847 - rollout_corr/log_ppl_diff:0.34561922928182087 - rollout_corr/log_ppl_abs_diff:0.3490500150293839 - rollout_corr/log_ppl_diff_max:2.555804967880249 - rollout_corr/log_ppl_diff_min:-0.7898186445236206 - rollout_corr/ppl_ratio:1.4846926564123573 - rollout_corr/chi2_token:4.847003896061967 - rollout_corr/chi2_seq:-0.738261639344983 - actor/pg_loss:0.20658651962488267 - actor/kl_loss:0.0 - actor/grpo_loss:0.0 - actor/vopd_loss:0.20658651962488267 - actor/vopd_loss_weighted:0.20658651962488267 - actor/policy_fallback_fraction:0.0 - aha/u_mean:-0.03159056466623641 - aha/u_neg_valley_frac:0.49812342153816686 - aha/floor_clamped_frac:0.49812342153816686 - aha/q_tail_mass:0.0065069668358419 - aha/argmax_conf:0.6751448512077332 - self_distillation/raw_jsd_token_mean:0.20750527120218043 - self_distillation/weighted_jsd_token_mean:0.20750527120218043 - self_distillation/self_distillation_mask.mean():1.0 - self_distillation/num_distill_tokens:2691.6951219512193 - self_distillation/empty_target_batch:0.0 - actor/grad_norm:0.9709709286689758 - timing_s/update_actor/student_forward:19.559542723975028 - timing_s/update_actor/teacher_forward:24.66923570599465 - timing_s/update_actor/teacher_full_forward:0.0 - timing_s/update_actor/teacher_null_forward:24.266913102954277 - timing_s/update_actor/loss_compute:0.02464726696780417 - timing_s/update_actor/backward:44.950138046973734 - timing_s/update_actor/optimizer_step:0.08618242999364156 - timing_s/update_actor/teacher_ema_update:4.448099934961647e-05 - perf/mfu/actor:0.0 - perf/max_memory_allocated_gb:121.130624294281 - perf/max_memory_reserved_gb:138.98828125 - perf/cpu_memory_used_gb:327.34141540527344 - actor/lr:2e-06 - training/global_step:19 - training/epoch:0 - response_length/mean:287.39453125 - response_length/max:1024.0 - response_length/min:2.0 - response_length/clip_ratio:0.046875 - response_length_non_aborted/mean:287.39453125 - response_length_non_aborted/max:1024.0 - response_length_non_aborted/min:2.0 - response_length_non_aborted/clip_ratio:0.046875 - response/aborted_ratio:0.0 - prompt_length/mean:302.4895935058594 - prompt_length/max:3328.0 - prompt_length/min:125.0 - prompt_length/clip_ratio:0.0 - num_turns/min:2 - num_turns/max:2 - num_turns/mean:2.0 - timing_s/start_profile:2.5244997232221067e-05 - timing_s/agent_loop/generate_sequences/min:1.631435559989768 - timing_s/agent_loop/generate_sequences/max:34.41159754099499 - timing_s/agent_loop/generate_sequences/mean:18.231792146495952 - timing_s/agent_loop/tool_calls/min:0.0 - timing_s/agent_loop/tool_calls/max:0.0 - timing_s/agent_loop/tool_calls/mean:0.0 - timing_s/agent_loop/slowest/generate_sequences:34.41159754099499 - timing_s/agent_loop/slowest/tool_calls:0.0 - timing_s/agent_loop/slowest/prompt_length:387 - timing_s/agent_loop/slowest/response_length:1024 - timing_s/gen:41.122599877999164 - timing_s/adv:14.366535837005358 - timing_s/update_actor:124.23072796300403 - timing_s/dump_rollout_generations:0.29723660700256005 - timing_s/step:180.12526410800638 - timing_s/stop_profile:2.7578003937378526e-05 - timing_per_token_ms/update_actor:0.27422125188564145 - timing_per_token_ms/adv:0.03171203700630941 - timing_per_token_ms/gen:0.18631200702249995 - perf/total_num_tokens:453031 - perf/time_per_step:180.12526410800638 - perf/throughput:1257.5443046355629
[36m(TaskRunner pid=949573)[0m Dumped generations to /sfs/weka/scratch/nkw3mr/Vision-OPD-OPSA/rollouts/Aha-floor-Qwen3.5-4B/20.jsonl
[36m(TaskRunner pid=949573)[0m local_global_step_folder: /sfs/weka/scratch/nkw3mr/Vision-OPD-OPSA/checkpoints/Aha-floor-Qwen3.5-4B/global_step_20
[36m(TaskRunner pid=949573)[0m step:20 - global_seqlen/min:182951 - global_seqlen/max:231099 - global_seqlen/minmax_diff:48148 - global_seqlen/balanced_min:207015 - global_seqlen/balanced_max:207035 - global_seqlen/mean:207025.0 - self_distillation/teacher_always_on_fraction:1.0 - self_distillation/teacher_image_swap_fraction:1.0 - self_distillation/policy_fallback_fraction:0.0 - self_distillation/grpo_fallback_count:0.0 - rollout_corr/rollout_is_mean:1.0 - rollout_corr/rollout_is_ratio_fraction_high:0.0 - rollout_corr/rollout_is_ratio_fraction_low:0.0 - rollout_corr/rollout_is_max:1.0 - rollout_corr/rollout_is_min:1.0 - rollout_corr/rollout_is_std:0.0 - rollout_corr/rollout_is_eff_sample_size:1.0 - rollout_corr/rollout_is_seq_mean:1.0 - rollout_corr/rollout_is_seq_std:0.0 - rollout_corr/rollout_is_seq_max:1.0 - rollout_corr/rollout_is_seq_min:1.0 - rollout_corr/rollout_is_seq_max_deviation:0.0 - rollout_corr/rollout_is_seq_fraction_high:0.0 - rollout_corr/rollout_is_seq_fraction_low:0.0 - rollout_corr/training_ppl:9.362655130592552 - rollout_corr/training_log_ppl:1.8572141254270398 - rollout_corr/kl:0.32142598161826264 - rollout_corr/k3_kl:0.35820921470184586 - rollout_corr/rollout_ppl:5.259179405263952 - rollout_corr/rollout_log_ppl:1.4824795626305245 - rollout_corr/log_ppl_diff:0.3747345755833226 - rollout_corr/log_ppl_abs_diff:0.37910247855895274 - rollout_corr/log_ppl_diff_max:3.41105580329895 - rollout_corr/log_ppl_diff_min:-0.3817412853240967 - rollout_corr/ppl_ratio:1.596100277191884 - rollout_corr/chi2_token:511.88812416308633 - rollout_corr/chi2_seq:-0.6081953185635645 - actor/pg_loss:0.255133895513912 - actor/kl_loss:0.0 - actor/grpo_loss:0.0 - actor/vopd_loss:0.255133895513912 - actor/vopd_loss_weighted:0.255133895513912 - actor/policy_fallback_fraction:0.0 - aha/u_mean:-0.009114303879402074 - aha/u_neg_valley_frac:0.4855942532822892 - aha/floor_clamped_frac:0.4855942532822892 - aha/q_tail_mass:0.004404202342738171 - aha/argmax_conf:0.6442503929138184 - self_distillation/raw_jsd_token_mean:0.25891412109942047 - self_distillation/weighted_jsd_token_mean:0.25891412109942047 - self_distillation/self_distillation_mask.mean():1.0 - self_distillation/num_distill_tokens:2400.3513513513517 - self_distillation/empty_target_batch:0.0 - actor/grad_norm:0.562558650970459 - timing_s/update_actor/student_forward:16.862349304021336 - timing_s/update_actor/teacher_forward:22.585182195020025 - timing_s/update_actor/teacher_full_forward:0.0 - timing_s/update_actor/teacher_null_forward:22.45954906301631 - timing_s/update_actor/loss_compute:0.02227730702725239 - timing_s/update_actor/backward:42.31477390792861 - timing_s/update_actor/optimizer_step:0.08673403700231574 - timing_s/update_actor/teacher_ema_update:4.5882989070378244e-05 - perf/mfu/actor:0.0 - perf/max_memory_allocated_gb:121.130624294281 - perf/max_memory_reserved_gb:138.98828125 - perf/cpu_memory_used_gb:329.59524154663086 - actor/lr:2e-06 - training/global_step:20 - training/epoch:0 - response_length/mean:231.2838592529297 - response_length/max:1024.0 - response_length/min:2.0 - response_length/clip_ratio:0.02473958395421505 - response_length_non_aborted/mean:231.2838592529297 - response_length_non_aborted/max:1024.0 - response_length_non_aborted/min:2.0 - response_length_non_aborted/clip_ratio:0.02473958395421505 - response/aborted_ratio:0.0 - prompt_length/mean:307.84375 - prompt_length/max:3326.0 - prompt_length/min:131.0 - prompt_length/clip_ratio:0.0 - num_turns/min:2 - num_turns/max:2 - num_turns/mean:2.0 - timing_s/start_profile:3.193398879375309e-05 - timing_s/agent_loop/generate_sequences/min:1.9451270779973129 - timing_s/agent_loop/generate_sequences/max:30.233086763997562 - timing_s/agent_loop/generate_sequences/mean:14.986806566637028 - timing_s/agent_loop/tool_calls/min:0.0 - timing_s/agent_loop/tool_calls/max:0.0 - timing_s/agent_loop/tool_calls/mean:0.0 - timing_s/agent_loop/slowest/generate_sequences:30.233086763997562 - timing_s/agent_loop/slowest/tool_calls:0.0 - timing_s/agent_loop/slowest/prompt_length:191 - timing_s/agent_loop/slowest/respon[36m(WorkerDict pid=961244)[0m /sfs/weka/scratch/nkw3mr/Vision-OPD-OPSA/verl/utils/device.py:134: FutureWarning: torch.cuda._set_allocator_settings is deprecated. Use torch._C._accelerator_setAllocatorSettings instead.
[36m(WorkerDict pid=961244)[0m   torch.cuda.memory._set_allocator_settings(f"expandable_segments:{enable}")
[36m(TaskRunner pid=949573)[0m Training Progress:  51%|█████     | 21/41 [56:31<55:32, 166.61s/it]  
[36m(WorkerDict pid=961243)[0m /sfs/weka/scratch/nkw3mr/Vision-OPD-OPSA/verl/utils/device.py:134: FutureWarning: torch.cuda._set_allocator_settings is deprecated. Use torch._C._accelerator_setAllocatorSettings instead.
[36m(WorkerDict pid=961243)[0m   torch.cuda.memory._set_allocator_settings(f"expandable_segments:{enable}")
[36m(TaskRunner pid=949573)[0m Training Progress:  54%|█████▎    | 22/41 [59:37<54:35, 172.37s/it]
se_length:1024 - timing_s/gen:37.240028675994836 - timing_s/adv:15.080792754990398 - timing_s/update_actor:113.62047537400213 - timing_s/dump_rollout_generations:0.2860451720043784 - timing_s/step:166.33453788599581 - timing_s/save_checkpoint:18.924238987994613 - timing_s/stop_profile:2.812799357343465e-05 - timing_per_token_ms/update_actor:0.27441245109045315 - timing_per_token_ms/adv:0.036422636770898194 - timing_per_token_ms/gen:0.20965415353605235 - perf/total_num_tokens:414050 - perf/time_per_step:166.33453788599581 - perf/throughput:1244.6302651941899
[36m(TaskRunner pid=949573)[0m Dumped generations to /sfs/weka/scratch/nkw3mr/Vision-OPD-OPSA/rollouts/Aha-floor-Qwen3.5-4B/21.jsonl
[36m(TaskRunner pid=949573)[0m step:21 - global_seqlen/min:191864 - global_seqlen/max:197161 - global_seqlen/minmax_diff:5297 - global_seqlen/balanced_min:194512 - global_seqlen/balanced_max:194513 - global_seqlen/mean:194512.5 - self_distillation/teacher_always_on_fraction:1.0 - self_distillation/teacher_image_swap_fraction:1.0 - self_distillation/policy_fallback_fraction:0.0 - self_distillation/grpo_fallback_count:0.0 - rollout_corr/rollout_is_mean:1.0 - rollout_corr/rollout_is_ratio_fraction_high:0.0 - rollout_corr/rollout_is_ratio_fraction_low:0.0 - rollout_corr/rollout_is_max:1.0 - rollout_corr/rollout_is_min:1.0 - rollout_corr/rollout_is_std:0.0 - rollout_corr/rollout_is_eff_sample_size:1.0 - rollout_corr/rollout_is_seq_mean:1.0 - rollout_corr/rollout_is_seq_std:0.0 - rollout_corr/rollout_is_seq_max:1.0 - rollout_corr/rollout_is_seq_min:1.0 - rollout_corr/rollout_is_seq_max_deviation:0.0 - rollout_corr/rollout_is_seq_fraction_high:0.0 - rollout_corr/rollout_is_seq_fraction_low:0.0 - rollout_corr/training_ppl:9.18389162336077 - rollout_corr/training_log_ppl:1.9198291744504656 - rollout_corr/kl:0.3373144356267793 - rollout_corr/k3_kl:0.3172449693083763 - rollout_corr/rollout_ppl:5.315778861727034 - rollout_corr/rollout_log_ppl:1.509784243788038 - rollout_corr/log_ppl_diff:0.4100449286401272 - rollout_corr/log_ppl_abs_diff:0.42418286715235026 - rollout_corr/log_ppl_diff_max:3.322049140930176 - rollout_corr/log_ppl_diff_min:-2.4840939044952393 - rollout_corr/ppl_ratio:1.6524915814399719 - rollout_corr/chi2_token:5.583464704241072 - rollout_corr/chi2_seq:26.249053538697108 - actor/pg_loss:0.2294818237229871 - actor/kl_loss:0.0 - actor/grpo_loss:0.0 - actor/vopd_loss:0.2294818237229871 - actor/vopd_loss_weighted:0.2294818237229871 - actor/policy_fallback_fraction:0.0 - aha/u_mean:-0.009593647403276659 - aha/u_neg_valley_frac:0.49256956790174755 - aha/floor_clamped_frac:0.49256956790174755 - aha/q_tail_mass:0.0042812721138553965 - aha/argmax_conf:0.6216863393783569 - self_distillation/raw_jsd_token_mean:0.22898088289158686 - self_distillation/weighted_jsd_token_mean:0.22898088289158686 - self_distillation/self_distillation_mask.mean():1.0 - self_distillation/num_distill_tokens:2802.1857142857143 - self_distillation/empty_target_batch:0.0 - actor/grad_norm:0.8752915263175964 - timing_s/update_actor/student_forward:15.667767347971676 - timing_s/update_actor/teacher_forward:20.456611196976155 - timing_s/update_actor/teacher_full_forward:0.0 - timing_s/update_actor/teacher_null_forward:20.808498069964116 - timing_s/update_actor/loss_compute:0.020868180989054963 - timing_s/update_actor/backward:37.100718940011575 - timing_s/update_actor/optimizer_step:0.08724908599106129 - timing_s/update_actor/teacher_ema_update:5.828999564982951e-05 - perf/mfu/actor:0.0 - perf/max_memory_allocated_gb:121.130624294281 - perf/max_memory_reserved_gb:138.98828125 - perf/cpu_memory_used_gb:324.7654724121094 - actor/lr:2e-06 - training/global_step:21 - training/epoch:0 - response_length/mean:255.4075469970703 - response_length/max:1024.0 - response_length/min:2.0 - response_length/clip_ratio:0.0533854179084301 - response_length_non_aborted/mean:255.4075469970703 - response_length_non_aborted/max:1024.0 - response_length_non_aborted/min:2.0 - response_length_non_aborted/clip_ratio:0.0533854179084301 - response/aborted_ratio:0.0 - prompt_length/mean:251.1354217529297 - prompt_length/max:498.0 - prompt_length/min:150.0 - prompt_length/clip_ratio:0.0 - num_turns/min:2 - num_turns/max:2 - num_turns/mean:2.0 - timing_s/start_profile:3.239500802010298e-05 - timing_s/agent_loop/generate_sequences/min:1.4174630680063274 - timing_s/agent_loop/generate_sequences/max:31.47356470399245 - timing_s/agent_loop/generate_sequences/mean:15.570266985838222 - timing_s/agent_loop/tool_calls/min:0.0 - timing_s/agent_loop/tool_calls/max:0.0 - timing_s/agent_loop/tool_calls/mean:0.0 - timing_s/agent_loop/slowest/generate_sequences:31.47356470399245 - timing_s/agent_loop/slowest/tool_calls:0.0 - timing_s/agent_loop/slowest/prompt_length:213 - timing_s/agent_loop/slowest/response_length:1024 - timing_s/gen:37.32479184100521 - timing_s/adv:13.622988692004583 - timing_s/update_actor:103.72821504100284 - timing_s/dump_rollout_generations:0.2990133100101957 - timing_s/step:155.0853127399896 - timing_s/stop_profile:2.5825007469393313e-05 - timing_per_token_ms/update_actor:0.2666363730891404 - timing_per_token_ms/adv:0.035018285950786154 - timing_per_token_ms/gen:0.19028407335602926 - perf/total_num_tokens:389025 - perf/time_per_step:155.0853127399896 - perf/throughput:1254.2290211975946
[36m(TaskRunner pid=949573)[0m Dumped generations to /sfs/weka/scratch/nkw3mr/Vision-OPD-OPSA/rollouts/Aha-floor-Qwen3.5-4B/22.jsonl
[36m(TaskRunner pid=949573)[0m step:22 - global_seqlen/min:189357 - global_seqlen/max:258032 - global_seqlen/minmax_diff:68675 - global_seqlen/balanced_min:223690 - global_seqlen/balanced_max:223699 - global_seqlen/mean:223694.5 - self_distillation/teacher_always_on_fraction:1.0 - self_distillation/teacher_image_swap_fraction:1.0 - self_distillation/policy_fallback_fraction:0.0 - self_distillation/grpo_fallback_count:0.0 - rollout_corr/rollout_is_mean:1.0 - rollout_corr/rollout_is_ratio_fraction_high:0.0 - rollout_corr/rollout_is_ratio_fraction_low:0.0 - rollout_corr/rollout_is_max:1.0 - rollout_corr/rollout_is_min:1.0 - rollout_corr/rollout_is_std:0.0 - rollout_corr/rollout_is_eff_sample_size:1.0 - rollout_corr/rollout_is_seq_mean:1.0 - rollout_corr/rollout_is_seq_std:0.0 - rollout_corr/rollout_is_seq_max:1.0 - rollout_corr/rollout_is_seq_min:1.0 - rollout_corr/rollout_is_seq_max_deviation:0.0 - rollout_corr/rollout_is_seq_fraction_high:0.0 - rollout_corr/rollout_is_seq_fraction_low:0.0 - rollout_corr/training_ppl:8.459741562604904 - rollout_corr/training_log_ppl:1.8436692550778389 - rollout_corr/kl:0.30260008573532104 - rollout_corr/k3_kl:0.2966041970066726 - rollout_corr/rollout_ppl:5.748048120737076 - rollout_corr/rollout_log_ppl:1.4999979197978974 - rollout_corr/log_ppl_diff:0.3436713290517218 - rollout_corr/log_ppl_abs_diff:0.3526924716308713 - rollout_corr/log_ppl_diff_max:1.7584733963012695 - rollout_corr/log_ppl_diff_min:-0.5598704814910889 - rollout_corr/ppl_ratio:1.480891452729702 - rollout_corr/chi2_token:9.430448633432388 - rollout_corr/chi2_seq:-0.7784688770771027 - actor/pg_loss:0.2324944552577411 - actor/kl_loss:0.0 - actor/grpo_loss:0.0 - actor/vopd_loss:0.2324944552577411 - actor/vopd_loss_weighted:0.2324944552577411 - actor/policy_fallback_fraction:0.0 - aha/u_mean:-0.026176492743979908 - aha/u_neg_valley_frac:0.4925254613161087 - aha/floor_clamped_frac:0.4925254613161087 - aha/q_tail_mass:0.004471067506528925 - aha/argmax_conf:0.5934558510780334 - self_distillation/raw_jsd_token_mean:0.23917637001723052 - self_distillation/weighted_jsd_token_mean:0.23917637001723052 - self_distillation/self_distillation_mask.mean():1.0 - self_distillation/num_distill_tokens:2066.3625 - self_distillation/empty_target_batch:0.0 - actor/grad_norm:0.5237016677856445 - timing_s/update_actor/student_forward:18.83818905703083 - timing_s/update_actor/teacher_forward:25.359536792035215 - timing_s/update_actor/teacher_full_forward:0.0 - timing_s/update_actor/teacher_null_forward:25.080902951958706 - timing_s/update_actor/loss_compute:0.02420506702037528 - timing_s/update_actor/backward:46.71974713898089 - timing_s/update_actor/optimizer_step:0.08771972099202685 - timing_s/update_actor/teacher_ema_update:6.010200013406575e-05 - perf/mfu/actor:0.0 - perf/max_memory_allocated_gb:121.130624294281 - perf/max_memory_reserved_gb:138.98828125 - perf/cpu_memory_used_gb:336.5004081726074 - actor/lr:2e-06 - training/global_step:22 - training/epoch:0 - response_length/mean:215.24609375 - response_length/max:1024.0 - response_length/min:2.0 - response_length/clip_ratio:0.0338541679084301 - response_length_non_aborted/mean:215.24609375 - response_length_non_aborted/max:1024.0 - response_length_non_aborted/min:2.0 - response_length_non_aborted/clip_ratio:0.0338541679084301 - response/aborted_ratio:0.0 - prompt_length/mean:367.2916564941406 - prompt_length/max:3332.0 - prompt_length/min:122.0 - prompt_length/clip_ratio:0.0 - num_turns/min:2 - num_turns/max:2 - num_turns/mean:2.0 - timing_s/start_profile:6.62709935568273e-05 - timing_s/agent_loop/generate_sequences/min:1.4311848580109654 - timing_s/agent_loop/generate_sequences/max:29.90324322298693 - timing_s/agent_loop/generate_sequences/mean:14.002962125845082 - timing_s/agent_loop/tool_calls/min:0.0 - timing_s/agent_loop/tool_calls/max:0.0 - timing_s/agent_loop/tool_calls/mean:0.0 - timing_s/agent_loop/slowest/generate_sequences:29.90324322298693 - timing_s/agent_loop/slowest/tool_calls:0.0 - timing_s/agent_loop/slowest/prompt_length:389 - timing_s/agent_loop/slowest/response_length:1024 [36m(TaskRunner pid=949573)[0m Training Progress:  56%|█████▌    | 23/41 [1:01:58<48:51, 162.85s/it]
[36m(TaskRunner pid=949573)[0m Training Progress:  59%|█████▊    | 24/41 [1:04:31<45:22, 160.13s/it]
- timing_s/gen:37.007351111999014 - timing_s/adv:16.218474598004832 - timing_s/update_actor:132.11003494200122 - timing_s/dump_rollout_generations:0.29608190699946135 - timing_s/step:185.74092770399875 - timing_s/stop_profile:2.432300243526697e-05 - timing_per_token_ms/update_actor:0.29529120059277547 - timing_per_token_ms/adv:0.036251393302036555 - timing_per_token_ms/gen:0.2238677332268601 - perf/total_num_tokens:447389 - perf/time_per_step:185.74092770399875 - perf/throughput:1204.3360758727606
[36m(TaskRunner pid=949573)[0m Dumped generations to /sfs/weka/scratch/nkw3mr/Vision-OPD-OPSA/rollouts/Aha-floor-Qwen3.5-4B/23.jsonl
[36m(TaskRunner pid=949573)[0m step:23 - global_seqlen/min:165364 - global_seqlen/max:182526 - global_seqlen/minmax_diff:17162 - global_seqlen/balanced_min:173945 - global_seqlen/balanced_max:173945 - global_seqlen/mean:173945.0 - self_distillation/teacher_always_on_fraction:1.0 - self_distillation/teacher_image_swap_fraction:1.0 - self_distillation/policy_fallback_fraction:0.0 - self_distillation/grpo_fallback_count:0.0 - rollout_corr/rollout_is_mean:1.0 - rollout_corr/rollout_is_ratio_fraction_high:0.0 - rollout_corr/rollout_is_ratio_fraction_low:0.0 - rollout_corr/rollout_is_max:1.0 - rollout_corr/rollout_is_min:1.0 - rollout_corr/rollout_is_std:0.0 - rollout_corr/rollout_is_eff_sample_size:1.0 - rollout_corr/rollout_is_seq_mean:1.0 - rollout_corr/rollout_is_seq_std:0.0 - rollout_corr/rollout_is_seq_max:1.0 - rollout_corr/rollout_is_seq_min:1.0 - rollout_corr/rollout_is_seq_max_deviation:0.0 - rollout_corr/rollout_is_seq_fraction_high:0.0 - rollout_corr/rollout_is_seq_fraction_low:0.0 - rollout_corr/training_ppl:9.256553849866313 - rollout_corr/training_log_ppl:1.92917687085367 - rollout_corr/kl:0.374381227358695 - rollout_corr/k3_kl:0.35053574582261426 - rollout_corr/rollout_ppl:5.207849079562772 - rollout_corr/rollout_log_ppl:1.5011873745149182 - rollout_corr/log_ppl_diff:0.42798948768646483 - rollout_corr/log_ppl_abs_diff:0.43519631653062757 - rollout_corr/log_ppl_diff_max:1.9212737083435059 - rollout_corr/log_ppl_diff_min:-0.9674340486526489 - rollout_corr/ppl_ratio:1.6317313159665754 - rollout_corr/chi2_token:4.325011088002112 - rollout_corr/chi2_seq:-0.7365203067179649 - actor/pg_loss:0.24039202817948535 - actor/kl_loss:0.0 - actor/grpo_loss:0.0 - actor/vopd_loss:0.24039202817948535 - actor/vopd_loss_weighted:0.24039202817948535 - actor/policy_fallback_fraction:0.0 - aha/u_mean:0.0167277974701832 - aha/u_neg_valley_frac:0.47815311099252394 - aha/floor_clamped_frac:0.47815311099252394 - aha/q_tail_mass:0.004298443372751917 - aha/argmax_conf:0.6039330959320068 - self_distillation/raw_jsd_token_mean:0.24001981750611334 - self_distillation/weighted_jsd_token_mean:0.24001981750611334 - self_distillation/self_distillation_mask.mean():1.0 - self_distillation/num_distill_tokens:2443.5161290322585 - self_distillation/empty_target_batch:0.0 - actor/grad_norm:0.7399545907974243 - timing_s/update_actor/student_forward:14.459813591005513 - timing_s/update_actor/teacher_forward:18.81529375599348 - timing_s/update_actor/teacher_full_forward:0.0 - timing_s/update_actor/teacher_null_forward:18.648834480001824 - timing_s/update_actor/loss_compute:0.018920068003353663 - timing_s/update_actor/backward:33.35137798199139 - timing_s/update_actor/optimizer_step:0.08608114199887495 - timing_s/update_actor/teacher_ema_update:6.0232996474951506e-05 - perf/mfu/actor:0.0 - perf/max_memory_allocated_gb:121.130624294281 - perf/max_memory_reserved_gb:138.98828125 - perf/cpu_memory_used_gb:329.4754943847656 - actor/lr:2e-06 - training/global_step:23 - training/epoch:0 - response_length/mean:197.2630157470703 - response_length/max:1024.0 - response_length/min:2.0 - response_length/clip_ratio:0.01822916604578495 - response_length_non_aborted/mean:197.2630157470703 - response_length_non_aborted/max:1024.0 - response_length_non_aborted/min:2.0 - response_length_non_aborted/clip_ratio:0.01822916604578495 - response/aborted_ratio:0.0 - prompt_length/mean:255.71875 - prompt_length/max:791.0 - prompt_length/min:135.0 - prompt_length/clip_ratio:0.0 - num_turns/min:2 - num_turns/max:2 - num_turns/mean:2.0 - timing_s/start_profile:2.9600996640510857e-05 - timing_s/agent_loop/generate_sequences/min:1.6271253160084598 - timing_s/agent_loop/generate_sequences/max:27.890345416002674 - timing_s/agent_loop/generate_sequences/mean:13.716331197788955 - timing_s/agent_loop/tool_calls/min:0.0 - timing_s/agent_loop/tool_calls/max:0.0 - timing_s/agent_loop/tool_calls/mean:0.0 - timing_s/agent_loop/slowest/generate_sequences:27.890345416002674 - timing_s/agent_loop/slowest/tool_calls:0.0 - timing_s/agent_loop/slowest/prompt_length:224 - timing_s/agent_loop/slowest/response_length:1024 - timing_s/gen:34.21938911300094 - timing_s/adv:13.622144297987688 - timing_s/update_actor:92.37358232200495 - timing_s/dump_rollout_generations:0.2866259889997309 - timing_s/step:140.61002696800278 - timing_s/stop_profile:2.5415007257834077e-05 - timing_per_token_ms/update_actor:0.2655252589094396 - timing_per_token_ms/adv:0.03915646985537868 - timing_per_token_ms/gen:0.22587353703019805 - perf/total_num_tokens:347890 - perf/time_per_step:140.61002696800278 - perf/throughput:1237.0739395390551
[36m(TaskRunner pid=949573)[0m Dumped generations to /sfs/weka/scratch/nkw3mr/Vision-OPD-OPSA/rollouts/Aha-floor-Qwen3.5-4B/24.jsonl
[36m(TaskRunner pid=949573)[0m step:24 - global_seqlen/min:175859 - global_seqlen/max:197172 - global_seqlen/minmax_diff:21313 - global_seqlen/balanced_min:186466 - global_seqlen/balanced_max:186565 - global_seqlen/mean:186515.5 - self_distillation/teacher_always_on_fraction:1.0 - self_distillation/teacher_image_swap_fraction:1.0 - self_distillation/policy_fallback_fraction:0.0 - self_distillation/grpo_fallback_count:0.0 - rollout_corr/rollout_is_mean:1.0 - rollout_corr/rollout_is_ratio_fraction_high:0.0 - rollout_corr/rollout_is_ratio_fraction_low:0.0 - rollout_corr/rollout_is_max:1.0 - rollout_corr/rollout_is_min:1.0 - rollout_corr/rollout_is_std:0.0 - rollout_corr/rollout_is_eff_sample_size:1.0 - rollout_corr/rollout_is_seq_mean:1.0 - rollout_corr/rollout_is_seq_std:0.0 - rollout_corr/rollout_is_seq_max:1.0 - rollout_corr/rollout_is_seq_min:1.0 - rollout_corr/rollout_is_seq_max_deviation:0.0 - rollout_corr/rollout_is_seq_fraction_high:0.0 - rollout_corr/rollout_is_seq_fraction_low:0.0 - rollout_corr/training_ppl:41.572630643844604 - rollout_corr/training_log_ppl:1.9267714952721315 - rollout_corr/kl:0.33783432490685406 - rollout_corr/k3_kl:0.3186348658055067 - rollout_corr/rollout_ppl:12.396090111311743 - rollout_corr/rollout_log_ppl:1.49582820780137 - rollout_corr/log_ppl_diff:0.4309432938256684 - rollout_corr/log_ppl_abs_diff:0.43137289583683014 - rollout_corr/log_ppl_diff_max:4.311243057250977 - rollout_corr/log_ppl_diff_min:-0.016675353050231934 - rollout_corr/ppl_ratio:1.7230047338149128 - rollout_corr/chi2_token:7.501911000293844 - rollout_corr/chi2_seq:-0.8706539580050636 - actor/pg_loss:0.2555815981468186 - actor/kl_loss:0.0 - actor/grpo_loss:0.0 - actor/vopd_loss:0.2555815981468186 - actor/vopd_loss_weighted:0.2555815981468186 - actor/policy_fallback_fraction:0.0 - aha/u_mean:-0.0027004535592876733 - aha/u_neg_valley_frac:0.486127079847981 - aha/floor_clamped_frac:0.486127079847981 - aha/q_tail_mass:0.0032533088318921406 - aha/argmax_conf:0.6070547103881836 - self_distillation/raw_jsd_token_mean:0.2562531729174011 - self_distillation/weighted_jsd_token_mean:0.2562531729174011 - self_distillation/self_distillation_mask.mean():1.0 - self_distillation/num_distill_tokens:2290.573529411765 - self_distillation/empty_target_batch:0.0 - actor/grad_norm:1.0148558616638184 - timing_s/update_actor/student_forward:15.77758411304967 - timing_s/update_actor/teacher_forward:20.961804274949827 - timing_s/update_actor/teacher_full_forward:0.0 - timing_s/update_actor/teacher_null_forward:21.048047445015982 - timing_s/update_actor/loss_compute:0.02061203397170175 - timing_s/update_actor/backward:38.75873147699167 - timing_s/update_actor/optimizer_step:0.08631985099054873 - timing_s/update_actor/teacher_ema_update:4.301899753045291e-05 - perf/mfu/actor:0.0 - perf/max_memory_allocated_gb:121.130624294281 - perf/max_memory_reserved_gb:138.98828125 - perf/cpu_memory_used_gb:330.3497314453125 - actor/lr:2e-06 - training/global_step:24 - training/epoch:0 - response_length/mean:202.8112030029297 - response_length/max:1024.0 - response_length/min:2.0 - response_length/clip_ratio:0.02473958395421505 - response_length_non_aborted/mean:202.8112030029297 - response_length_non_aborted/max:1024.0 - response_length_non_aborted/min:2.0 - response_length_non_aborted/clip_ratio:0.02473958395421505 - response/aborted_ratio:0.0 - prompt_length/mean:282.90625 - prompt_length/max:3329.0 - prompt_length/min:119.0 - prompt_length/clip_ratio:0.0 - num_turns/min:2 - num_turns/max:2 - num_turns/mean:2.0 - timing_s/start_profile:3.489801019895822e-05 - timing_s/agent_loop/generate_sequences/min:1.883632247991045 - timing_s/agent_loop/generate_sequences/max:28.682015151993255 - timing_s/agent_loop/generate_sequences/mean:13.181158230961046 - timing_s/agent_loop/tool_calls/min:0.0 - timing_s/agent_loop/tool_calls/max:0.0 - timing_s/agent_loop/tool_calls/mean:0.0 - timing_s/agent_loop/slowest/generate_sequences:28.682015151993255 - timing_s/agent_loop/slowest/tool_calls:0.0 - timing_s/agent_loop/slowest/prompt_length:329 - timing_s/agent_loop/slowest/respon[36m(TaskRunner pid=949573)[0m Training Progress:  61%|██████    | 25/41 [1:07:10<42:35, 159.74s/it]
[36m(WorkerDict pid=961244)[0m /sfs/weka/scratch/nkw3mr/Vision-OPD-OPSA/verl/utils/device.py:134: FutureWarning: torch.cuda._set_allocator_settings is deprecated. Use torch._C._accelerator_setAllocatorSettings instead.
[36m(WorkerDict pid=961244)[0m   torch.cuda.memory._set_allocator_settings(f"expandable_segments:{enable}")
[36m(TaskRunner pid=949573)[0m Training Progress:  63%|██████▎   | 26/41 [1:09:52<40:05, 160.39s/it]
[36m(WorkerDict pid=961243)[0m /sfs/weka/scratch/nkw3mr/Vision-OPD-OPSA/verl/utils/device.py:134: FutureWarning: torch.cuda._set_allocator_settings is deprecated. Use torch._C._accelerator_setAllocatorSettings instead.
[36m(WorkerDict pid=961243)[0m   torch.cuda.memory._set_allocator_settings(f"expandable_segments:{enable}")
se_length:1024 - timing_s/gen:35.300343946000794 - timing_s/adv:14.385236222005915 - timing_s/update_actor:103.62988915100868 - timing_s/dump_rollout_generations:0.2872339770110557 - timing_s/step:153.71564941901306 - timing_s/stop_profile:2.4813998606987298e-05 - timing_per_token_ms/update_actor:0.27780503269435697 - timing_per_token_ms/adv:0.03856311197194312 - timing_per_token_ms/gen:0.22663437712107035 - perf/total_num_tokens:373031 - perf/time_per_step:153.71564941901306 - perf/throughput:1213.3800345310185
[36m(TaskRunner pid=949573)[0m Dumped generations to /sfs/weka/scratch/nkw3mr/Vision-OPD-OPSA/rollouts/Aha-floor-Qwen3.5-4B/25.jsonl
[36m(TaskRunner pid=949573)[0m local_global_step_folder: /sfs/weka/scratch/nkw3mr/Vision-OPD-OPSA/checkpoints/Aha-floor-Qwen3.5-4B/global_step_25
[36m(TaskRunner pid=949573)[0m step:25 - global_seqlen/min:161631 - global_seqlen/max:179316 - global_seqlen/minmax_diff:17685 - global_seqlen/balanced_min:170473 - global_seqlen/balanced_max:170474 - global_seqlen/mean:170473.5 - self_distillation/teacher_always_on_fraction:1.0 - self_distillation/teacher_image_swap_fraction:1.0 - self_distillation/policy_fallback_fraction:0.0 - self_distillation/grpo_fallback_count:0.0 - rollout_corr/rollout_is_mean:1.0 - rollout_corr/rollout_is_ratio_fraction_high:0.0 - rollout_corr/rollout_is_ratio_fraction_low:0.0 - rollout_corr/rollout_is_max:1.0 - rollout_corr/rollout_is_min:1.0 - rollout_corr/rollout_is_std:0.0 - rollout_corr/rollout_is_eff_sample_size:1.0 - rollout_corr/rollout_is_seq_mean:1.0 - rollout_corr/rollout_is_seq_std:0.0 - rollout_corr/rollout_is_seq_max:1.0 - rollout_corr/rollout_is_seq_min:1.0 - rollout_corr/rollout_is_seq_max_deviation:0.0 - rollout_corr/rollout_is_seq_fraction_high:0.0 - rollout_corr/rollout_is_seq_fraction_low:0.0 - rollout_corr/training_ppl:9.049846618406235 - rollout_corr/training_log_ppl:1.940500267090336 - rollout_corr/kl:0.367935681054669 - rollout_corr/k3_kl:0.3524076820861909 - rollout_corr/rollout_ppl:5.201004693585057 - rollout_corr/rollout_log_ppl:1.505315532607417 - rollout_corr/log_ppl_diff:0.4351847116504946 - rollout_corr/log_ppl_abs_diff:0.4435784960946729 - rollout_corr/log_ppl_diff_max:2.7213335037231445 - rollout_corr/log_ppl_diff_min:-2.215378761291504 - rollout_corr/ppl_ratio:1.6813179081486118 - rollout_corr/chi2_token:4.418143858832698 - rollout_corr/chi2_seq:8.614047163917173 - actor/pg_loss:0.26069839308426407 - actor/kl_loss:0.0 - actor/grpo_loss:0.0 - actor/vopd_loss:0.26069839308426407 - actor/vopd_loss_weighted:0.26069839308426407 - actor/policy_fallback_fraction:0.0 - aha/u_mean:0.03157479050869663 - aha/u_neg_valley_frac:0.47468291799868306 - aha/floor_clamped_frac:0.47468291799868306 - aha/q_tail_mass:0.0033213519622691933 - aha/argmax_conf:0.5999528765678406 - self_distillation/raw_jsd_token_mean:0.26024350067300184 - self_distillation/weighted_jsd_token_mean:0.26024350067300184 - self_distillation/self_distillation_mask.mean():1.0 - self_distillation/num_distill_tokens:2341.0806451612902 - self_distillation/empty_target_batch:0.0 - actor/grad_norm:0.5237027406692505 - timing_s/update_actor/student_forward:14.305413070032955 - timing_s/update_actor/teacher_forward:18.429208195986575 - timing_s/update_actor/teacher_full_forward:0.0 - timing_s/update_actor/teacher_null_forward:18.185208751965547 - timing_s/update_actor/loss_compute:0.018605145014589652 - timing_s/update_actor/backward:33.49905196999316 - timing_s/update_actor/optimizer_step:0.08759012399241328 - timing_s/update_actor/teacher_ema_update:6.979600584600121e-05 - perf/mfu/actor:0.0 - perf/max_memory_allocated_gb:121.130624294281 - perf/max_memory_reserved_gb:138.98828125 - perf/cpu_memory_used_gb:329.5851173400879 - actor/lr:2e-06 - training/global_step:25 - training/epoch:0 - response_length/mean:188.9934844970703 - response_length/max:1024.0 - response_length/min:2.0 - response_length/clip_ratio:0.01692708395421505 - response_length_non_aborted/mean:188.9934844970703 - response_length_non_aborted/max:1024.0 - response_length_non_aborted/min:2.0 - response_length_non_aborted/clip_ratio:0.01692708395421505 - response/aborted_ratio:0.0 - prompt_length/mean:254.9479217529297 - prompt_length/max:791.0 - prompt_length/min:154.0 - prompt_length/clip_ratio:0.0 - num_turns/min:2 - num_turns/max:2 - num_turns/mean:2.0 - timing_s/start_profile:2.812800812534988e-05 - timing_s/agent_loop/generate_sequences/min:1.528506053989986 - timing_s/agent_loop/generate_sequences/max:27.351706080007716 - timing_s/agent_loop/generate_sequences/mean:12.513958938588226 - timing_s/agent_loop/tool_calls/min:0.0 - timing_s/agent_loop/tool_calls/max:0.0 - timing_s/agent_loop/tool_calls/mean:0.0 - timing_s/agent_loop/slowest/generate_sequences:27.351706080007716 - timing_s/agent_loop/slowest/tool_calls:0.0 - timing_s/agent_loop/slowest/prompt_length:435 - timing_s/agent_loop/slowest/response_length:1024 - timing_s/gen:34.16782077398966 - timing_s/adv:12.979238379994058 - timing_s/update_actor:92.8690864139935 - timing_s/dump_rollout_generations:0.29037594799592625 - timing_s/step:140.411662272003 - timing_s/save_checkpoint:18.379594123005518 - timing_s/stop_profile:2.77780054602772e-05 - timing_per_token_ms/update_actor:0.2723856975248162 - timing_per_token_ms/adv:0.0380681993975429 - timing_per_token_ms/gen:0.2354014948568669 - perf/total_num_tokens:340947 - perf/time_per_step:140.411662272003 - perf/throughput:1214.0978693761328
[36m(TaskRunner pid=949573)[0m Dumped generations to /sfs/weka/scratch/nkw3mr/Vision-OPD-OPSA/rollouts/Aha-floor-Qwen3.5-4B/26.jsonl
[36m(TaskRunner pid=949573)[0m step:26 - global_seqlen/min:164055 - global_seqlen/max:220240 - global_seqlen/minmax_diff:56185 - global_seqlen/balanced_min:192115 - global_seqlen/balanced_max:192180 - global_seqlen/mean:192147.5 - self_distillation/teacher_always_on_fraction:1.0 - self_distillation/teacher_image_swap_fraction:1.0 - self_distillation/policy_fallback_fraction:0.0 - self_distillation/grpo_fallback_count:0.0 - rollout_corr/rollout_is_mean:1.0 - rollout_corr/rollout_is_ratio_fraction_high:0.0 - rollout_corr/rollout_is_ratio_fraction_low:0.0 - rollout_corr/rollout_is_max:1.0 - rollout_corr/rollout_is_min:1.0 - rollout_corr/rollout_is_std:0.0 - rollout_corr/rollout_is_eff_sample_size:1.0 - rollout_corr/rollout_is_seq_mean:1.0 - rollout_corr/rollout_is_seq_std:0.0 - rollout_corr/rollout_is_seq_max:1.0 - rollout_corr/rollout_is_seq_min:1.0 - rollout_corr/rollout_is_seq_max_deviation:0.0 - rollout_corr/rollout_is_seq_fraction_high:0.0 - rollout_corr/rollout_is_seq_fraction_low:0.0 - rollout_corr/training_ppl:7.897883803503854 - rollout_corr/training_log_ppl:1.841964544568743 - rollout_corr/kl:0.3212871736713818 - rollout_corr/k3_kl:0.3055563484983785 - rollout_corr/rollout_ppl:4.947513147762844 - rollout_corr/rollout_log_ppl:1.4580328822135926 - rollout_corr/log_ppl_diff:0.38393166001353946 - rollout_corr/log_ppl_abs_diff:0.3845657363533974 - rollout_corr/log_ppl_diff_max:1.9334526062011719 - rollout_corr/log_ppl_diff_min:-0.043562889099121094 - rollout_corr/ppl_ratio:1.5488460063934326 - rollout_corr/chi2_token:6.857744630745479 - rollout_corr/chi2_seq:-0.8834564524037497 - actor/pg_loss:0.2497692667141867 - actor/kl_loss:0.0 - actor/grpo_loss:0.0 - actor/vopd_loss:0.2497692667141867 - actor/vopd_loss_weighted:0.2497692667141867 - actor/policy_fallback_fraction:0.0 - aha/u_mean:0.004517062316049955 - aha/u_neg_valley_frac:0.4820343588079725 - aha/floor_clamped_frac:0.4820343588079725 - aha/q_tail_mass:0.0035117995883670768 - aha/argmax_conf:0.6413454413414001 - self_distillation/raw_jsd_token_mean:0.25449739630733215 - self_distillation/weighted_jsd_token_mean:0.25449739630733215 - self_distillation/self_distillation_mask.mean():1.0 - self_distillation/num_distill_tokens:2121.585714285714 - self_distillation/empty_target_batch:0.0 - actor/grad_norm:0.7673062086105347 - timing_s/update_actor/student_forward:16.531942123940098 - timing_s/update_actor/teacher_forward:20.930498247995274 - timing_s/update_actor/teacher_full_forward:0.0 - timing_s/update_actor/teacher_null_forward:21.01158994596335 - timing_s/update_actor/loss_compute:0.02151849197980482 - timing_s/update_actor/backward:39.440670573938405 - timing_s/update_actor/optimizer_step:0.08762106699577998 - timing_s/update_actor/teacher_ema_update:5.1901995902881026e-05 - perf/mfu/actor:0.0 - perf/max_memory_allocated_gb:121.130624294281 - perf/max_memory_reserved_gb:138.98828125 - perf/cpu_memory_used_gb:333.1146812438965 - actor/lr:2e-06 - training/global_step:26 - training/epoch:0 - response_length/mean:193.3737030029297 - response_length/max:1024.0 - response_length/min:4.0 - response_length/clip_ratio:0.015625 - response_length_non_aborted/mean:193.3737030029297 - response_length_non_aborted/max:1024.0 - response_length_non_aborted/min:4.0 - response_length_non_aborted/clip_ratio:0.015625 - response/aborted_ratio:0.0 - prompt_length/mean:307.0104064941406 - prompt_length/max:3329.0 - prompt_length/min:167.0 - prompt_length/clip_ratio:0.0 - num_turns/min:2 - num_turns/max:2 - num_turns/mean:2.0 - timing_s/start_profile:3.315600042697042e-05 - timing_s/agent_loop/generate_sequences/min:2.452393064988428 - timing_s/agent_loop/generate_sequences/max:27.74266424200323 - timing_s/agent_loop/generate_sequences/mean:13.588488733239993 - timing_s/agent_loop/tool_calls/min:0.0 - timing_s/agent_loop/tool_calls/max:0.0 - timing_s/agent_loop/tool_calls/mean:0.0 - timing_s/agent_loop/slowest/generate_sequences:27.74266424200323 - timing_s/agent_loop/slowest/tool_calls:0.0 - timing_s/agent_loop/slowest/prompt_length:285 - timing_s/agent_loop/slowest/response_length:102[36m(TaskRunner pid=949573)[0m Training Progress:  66%|██████▌   | 27/41 [1:12:41<38:02, 163.02s/it]
[36m(TaskRunner pid=949573)[0m Training Progress:  68%|██████▊   | 28/41 [1:14:54<33:22, 154.06s/it]
4 - timing_s/gen:34.98967477399856 - timing_s/adv:15.130743002009694 - timing_s/update_actor:110.77741168100329 - timing_s/dump_rollout_generations:0.2909755720029352 - timing_s/step:161.30475906698848 - timing_s/stop_profile:2.9610004276037216e-05 - timing_per_token_ms/update_actor:0.2882613921102364 - timing_per_token_ms/adv:0.039372729288722715 - timing_per_token_ms/gen:0.23560325345596325 - perf/total_num_tokens:384295 - perf/time_per_step:161.30475906698848 - perf/throughput:1191.2078794910371
[36m(TaskRunner pid=949573)[0m Dumped generations to /sfs/weka/scratch/nkw3mr/Vision-OPD-OPSA/rollouts/Aha-floor-Qwen3.5-4B/27.jsonl
[36m(TaskRunner pid=949573)[0m step:27 - global_seqlen/min:197112 - global_seqlen/max:198701 - global_seqlen/minmax_diff:1589 - global_seqlen/balanced_min:197869 - global_seqlen/balanced_max:197944 - global_seqlen/mean:197906.5 - self_distillation/teacher_always_on_fraction:1.0 - self_distillation/teacher_image_swap_fraction:1.0 - self_distillation/policy_fallback_fraction:0.0 - self_distillation/grpo_fallback_count:0.0 - rollout_corr/rollout_is_mean:1.0 - rollout_corr/rollout_is_ratio_fraction_high:0.0 - rollout_corr/rollout_is_ratio_fraction_low:0.0 - rollout_corr/rollout_is_max:1.0 - rollout_corr/rollout_is_min:1.0 - rollout_corr/rollout_is_std:0.0 - rollout_corr/rollout_is_eff_sample_size:1.0 - rollout_corr/rollout_is_seq_mean:1.0 - rollout_corr/rollout_is_seq_std:0.0 - rollout_corr/rollout_is_seq_max:1.0 - rollout_corr/rollout_is_seq_min:1.0 - rollout_corr/rollout_is_seq_max_deviation:0.0 - rollout_corr/rollout_is_seq_fraction_high:0.0 - rollout_corr/rollout_is_seq_fraction_low:0.0 - rollout_corr/training_ppl:9.253632585207622 - rollout_corr/training_log_ppl:1.9571806556648679 - rollout_corr/kl:0.3398266574367881 - rollout_corr/k3_kl:0.335797808960908 - rollout_corr/rollout_ppl:5.214951482084063 - rollout_corr/rollout_log_ppl:1.5301475640800264 - rollout_corr/log_ppl_diff:0.42703309800061917 - rollout_corr/log_ppl_abs_diff:0.4277161175592078 - rollout_corr/log_ppl_diff_max:2.1509017944335938 - rollout_corr/log_ppl_diff_min:-0.02858281135559082 - rollout_corr/ppl_ratio:1.6599818385309644 - rollout_corr/chi2_token:11.56431461042828 - rollout_corr/chi2_seq:-0.7795609881480535 - actor/pg_loss:0.25665590776285774 - actor/kl_loss:0.0 - actor/grpo_loss:0.0 - actor/vopd_loss:0.25665590776285774 - actor/vopd_loss_weighted:0.25665590776285774 - actor/policy_fallback_fraction:0.0 - aha/u_mean:0.0430266776400256 - aha/u_neg_valley_frac:0.4688591936396228 - aha/floor_clamped_frac:0.4688591936396228 - aha/q_tail_mass:0.0036151783521442362 - aha/argmax_conf:0.578499972820282 - self_distillation/raw_jsd_token_mean:0.25896972893840736 - self_distillation/weighted_jsd_token_mean:0.25896972893840736 - self_distillation/self_distillation_mask.mean():1.0 - self_distillation/num_distill_tokens:2041.513888888889 - self_distillation/empty_target_batch:0.0 - actor/grad_norm:0.5179362893104553 - timing_s/update_actor/student_forward:17.061365005065454 - timing_s/update_actor/teacher_forward:23.014270612038672 - timing_s/update_actor/teacher_full_forward:0.0 - timing_s/update_actor/teacher_null_forward:22.334571657978813 - timing_s/update_actor/loss_compute:0.021634193035424687 - timing_s/update_actor/backward:42.39574711502064 - timing_s/update_actor/optimizer_step:0.08639048700570129 - timing_s/update_actor/teacher_ema_update:6.59910001559183e-05 - perf/mfu/actor:0.0 - perf/max_memory_allocated_gb:121.130624294281 - perf/max_memory_reserved_gb:138.98828125 - perf/cpu_memory_used_gb:332.3581008911133 - actor/lr:2e-06 - training/global_step:27 - training/epoch:0 - response_length/mean:191.3919219970703 - response_length/max:1024.0 - response_length/min:3.0 - response_length/clip_ratio:0.01171875 - response_length_non_aborted/mean:191.3919219970703 - response_length_non_aborted/max:1024.0 - response_length_non_aborted/min:3.0 - response_length_non_aborted/clip_ratio:0.01171875 - response/aborted_ratio:0.0 - prompt_length/mean:323.9895935058594 - prompt_length/max:3935.0 - prompt_length/min:103.0 - prompt_length/clip_ratio:0.0 - num_turns/min:2 - num_turns/max:2 - num_turns/mean:2.0 - timing_s/start_profile:2.9960996471345425e-05 - timing_s/agent_loop/generate_sequences/min:1.863258693003445 - timing_s/agent_loop/generate_sequences/max:26.69211230200017 - timing_s/agent_loop/generate_sequences/mean:12.930329865454325 - timing_s/agent_loop/tool_calls/min:0.0 - timing_s/agent_loop/tool_calls/max:0.0 - timing_s/agent_loop/tool_calls/mean:0.0 - timing_s/agent_loop/slowest/generate_sequences:26.69211230200017 - timing_s/agent_loop/slowest/tool_calls:0.0 - timing_s/agent_loop/slowest/prompt_length:332 - timing_s/agent_loop/slowest/response_length:998 - timing_s/gen:35.11944656200649 - timing_s/adv:15.94885312000406 - timing_s/update_actor:117.61991295599728 - timing_s/dump_rollout_generations:0.28360330099530984 - timing_s/step:169.0974099580053 - timing_s/stop_profile:2.6487003196962178e-05 - timing_per_token_ms/update_actor:0.2971603079130733 - timing_per_token_ms/adv:0.04029390929556144 - timing_per_token_ms/gen:0.23892567853381197 - perf/total_num_tokens:395813 - perf/time_per_step:169.0974099580053 - perf/throughput:1170.369788923138
[36m(TaskRunner pid=949573)[0m Dumped generations to /sfs/weka/scratch/nkw3mr/Vision-OPD-OPSA/rollouts/Aha-floor-Qwen3.5-4B/28.jsonl
[36m(TaskRunner pid=949573)[0m step:28 - global_seqlen/min:159294 - global_seqlen/max:165408 - global_seqlen/minmax_diff:6114 - global_seqlen/balanced_min:162351 - global_seqlen/balanced_max:162351 - global_seqlen/mean:162351.0 - self_distillation/teacher_always_on_fraction:1.0 - self_distillation/teacher_image_swap_fraction:1.0 - self_distillation/policy_fallback_fraction:0.0 - self_distillation/grpo_fallback_count:0.0 - rollout_corr/rollout_is_mean:1.0 - rollout_corr/rollout_is_ratio_fraction_high:0.0 - rollout_corr/rollout_is_ratio_fraction_low:0.0 - rollout_corr/rollout_is_max:1.0 - rollout_corr/rollout_is_min:1.0 - rollout_corr/rollout_is_std:0.0 - rollout_corr/rollout_is_eff_sample_size:1.0 - rollout_corr/rollout_is_seq_mean:1.0 - rollout_corr/rollout_is_seq_std:0.0 - rollout_corr/rollout_is_seq_max:1.0 - rollout_corr/rollout_is_seq_min:1.0 - rollout_corr/rollout_is_seq_max_deviation:0.0 - rollout_corr/rollout_is_seq_fraction_high:0.0 - rollout_corr/rollout_is_seq_fraction_low:0.0 - rollout_corr/training_ppl:10.319418413885707 - rollout_corr/training_log_ppl:2.05840926540309 - rollout_corr/kl:0.45089781387098904 - rollout_corr/k3_kl:0.423937951182497 - rollout_corr/rollout_ppl:5.3765221094263005 - rollout_corr/rollout_log_ppl:1.5258429625938679 - rollout_corr/log_ppl_diff:0.5325663048645546 - rollout_corr/log_ppl_abs_diff:0.5330163810787529 - rollout_corr/log_ppl_diff_max:2.8065311908721924 - rollout_corr/log_ppl_diff_min:-0.022027015686035156 - rollout_corr/ppl_ratio:1.8711800924662887 - rollout_corr/chi2_token:7.214789158311383 - rollout_corr/chi2_seq:-0.9141038913151314 - actor/pg_loss:0.2773428506334312 - actor/kl_loss:0.0 - actor/grpo_loss:0.0 - actor/vopd_loss:0.2773428506334312 - actor/vopd_loss_weighted:0.2773428506334312 - actor/policy_fallback_fraction:0.0 - aha/u_mean:0.09774945528599722 - aha/u_neg_valley_frac:0.45047465891673644 - aha/floor_clamped_frac:0.45047465891673644 - aha/q_tail_mass:0.0032905031804493145 - aha/argmax_conf:0.5758206844329834 - self_distillation/raw_jsd_token_mean:0.2772545909573292 - self_distillation/weighted_jsd_token_mean:0.2772545909573292 - self_distillation/self_distillation_mask.mean():1.0 - self_distillation/num_distill_tokens:2396.7931034482763 - self_distillation/empty_target_batch:0.0 - actor/grad_norm:0.965523898601532 - timing_s/update_actor/student_forward:12.492748885997571 - timing_s/update_actor/teacher_forward:17.525668292946648 - timing_s/update_actor/teacher_full_forward:0.0 - timing_s/update_actor/teacher_null_forward:17.16646140901139 - timing_s/update_actor/loss_compute:0.017598877020645887 - timing_s/update_actor/backward:31.309251179060084 - timing_s/update_actor/optimizer_step:0.0865932049928233 - timing_s/update_actor/teacher_ema_update:4.960800288245082e-05 - perf/mfu/actor:0.0 - perf/max_memory_allocated_gb:121.130624294281 - perf/max_memory_reserved_gb:138.98828125 - perf/cpu_memory_used_gb:327.2304382324219 - actor/lr:2e-06 - training/global_step:28 - training/epoch:0 - response_length/mean:181.0078125 - response_length/max:1024.0 - response_length/min:3.0 - response_length/clip_ratio:0.00390625 - response_length_non_aborted/mean:181.0078125 - response_length_non_aborted/max:1024.0 - response_length_non_aborted/min:3.0 - response_length_non_aborted/clip_ratio:0.00390625 - response/aborted_ratio:0.0 - prompt_length/mean:241.78125 - prompt_length/max:498.0 - prompt_length/min:125.0 - prompt_length/clip_ratio:0.0 - num_turns/min:2 - num_turns/max:2 - num_turns/mean:2.0 - timing_s/start_profile:1.838499156292528e-05 - timing_s/agent_loop/generate_sequences/min:2.014931573998183 - timing_s/agent_loop/generate_sequences/max:25.44072239199886 - timing_s/agent_loop/generate_sequences/mean:12.2620707561004 - timing_s/agent_loop/tool_calls/min:0.0 - timing_s/agent_loop/tool_calls/max:0.0 - timing_s/agent_loop/tool_calls/mean:0.0 - timing_s/agent_loop/slowest/generate_sequences:25.44072239199886 - timing_s/agent_loop/slowest/tool_calls:0.0 - timing_s/agent_loop/slowest/prompt_length:269 - timing_s/agent_loop/slowest/response_length:1024 - timing_s/gen:32.71[36m(TaskRunner pid=949573)[0m Training Progress:  71%|███████   | 29/41 [1:17:19<30:14, 151.24s/it]
[36m(TaskRunner pid=949573)[0m Training Progress:  73%|███████▎  | 30/41 [1:20:12<28:53, 157.60s/it]
628015500028 - timing_s/adv:13.097791480002343 - timing_s/update_actor:86.84094542899402 - timing_s/dump_rollout_generations:0.2846057069982635 - timing_s/step:133.06385756800591 - timing_s/stop_profile:2.42529931711033e-05 - timing_per_token_ms/update_actor:0.26744813838225207 - timing_per_token_ms/adv:0.04033788359789081 - timing_per_token_ms/gen:0.23534521814349832 - perf/total_num_tokens:324702 - perf/time_per_step:133.06385756800591 - perf/throughput:1220.0984021301658
[36m(TaskRunner pid=949573)[0m Dumped generations to /sfs/weka/scratch/nkw3mr/Vision-OPD-OPSA/rollouts/Aha-floor-Qwen3.5-4B/29.jsonl
[36m(TaskRunner pid=949573)[0m step:29 - global_seqlen/min:175428 - global_seqlen/max:180441 - global_seqlen/minmax_diff:5013 - global_seqlen/balanced_min:177934 - global_seqlen/balanced_max:177935 - global_seqlen/mean:177934.5 - self_distillation/teacher_always_on_fraction:1.0 - self_distillation/teacher_image_swap_fraction:1.0 - self_distillation/policy_fallback_fraction:0.0 - self_distillation/grpo_fallback_count:0.0 - rollout_corr/rollout_is_mean:1.0 - rollout_corr/rollout_is_ratio_fraction_high:0.0 - rollout_corr/rollout_is_ratio_fraction_low:0.0 - rollout_corr/rollout_is_max:1.0 - rollout_corr/rollout_is_min:1.0 - rollout_corr/rollout_is_std:0.0 - rollout_corr/rollout_is_eff_sample_size:1.0 - rollout_corr/rollout_is_seq_mean:1.0 - rollout_corr/rollout_is_seq_std:0.0 - rollout_corr/rollout_is_seq_max:1.0 - rollout_corr/rollout_is_seq_min:1.0 - rollout_corr/rollout_is_seq_max_deviation:0.0 - rollout_corr/rollout_is_seq_fraction_high:0.0 - rollout_corr/rollout_is_seq_fraction_low:0.0 - rollout_corr/training_ppl:10.008355170488358 - rollout_corr/training_log_ppl:2.0376188326627016 - rollout_corr/kl:0.4062264636158943 - rollout_corr/k3_kl:0.45040922798216343 - rollout_corr/rollout_ppl:5.368881117552519 - rollout_corr/rollout_log_ppl:1.539886238053441 - rollout_corr/log_ppl_diff:0.4977325820364058 - rollout_corr/log_ppl_abs_diff:0.49823536816984415 - rollout_corr/log_ppl_diff_max:2.2032318115234375 - rollout_corr/log_ppl_diff_min:-0.05752730369567871 - rollout_corr/ppl_ratio:1.800463130697608 - rollout_corr/chi2_token:570.1369622368366 - rollout_corr/chi2_seq:-0.584238413721323 - actor/pg_loss:0.2503517236909829 - actor/kl_loss:0.0 - actor/grpo_loss:0.0 - actor/vopd_loss:0.2503517236909829 - actor/vopd_loss_weighted:0.2503517236909829 - actor/policy_fallback_fraction:0.0 - aha/u_mean:0.04245885969976371 - aha/u_neg_valley_frac:0.474679259583354 - aha/floor_clamped_frac:0.474679259583354 - aha/q_tail_mass:0.003956772199671832 - aha/argmax_conf:0.5996423363685608 - self_distillation/raw_jsd_token_mean:0.2500350659247488 - self_distillation/weighted_jsd_token_mean:0.2500350659247488 - self_distillation/self_distillation_mask.mean():1.0 - self_distillation/num_distill_tokens:2422.203125 - self_distillation/empty_target_batch:0.0 - actor/grad_norm:0.5251938104629517 - timing_s/update_actor/student_forward:15.366201107011875 - timing_s/update_actor/teacher_forward:18.926127139973687 - timing_s/update_actor/teacher_full_forward:0.0 - timing_s/update_actor/teacher_null_forward:18.793160308981896 - timing_s/update_actor/loss_compute:0.019277476967545226 - timing_s/update_actor/backward:34.16876197702368 - timing_s/update_actor/optimizer_step:0.0860418789961841 - timing_s/update_actor/teacher_ema_update:4.825599899049848e-05 - perf/mfu/actor:0.0 - perf/max_memory_allocated_gb:121.130624294281 - perf/max_memory_reserved_gb:138.98828125 - perf/cpu_memory_used_gb:327.57369232177734 - actor/lr:2e-06 - training/global_step:29 - training/epoch:0 - response_length/mean:201.8502655029297 - response_length/max:1024.0 - response_length/min:3.0 - response_length/clip_ratio:0.02604166604578495 - response_length_non_aborted/mean:201.8502655029297 - response_length_non_aborted/max:1024.0 - response_length_non_aborted/min:3.0 - response_length_non_aborted/clip_ratio:0.02604166604578495 - response/aborted_ratio:0.0 - prompt_length/mean:261.5208435058594 - prompt_length/max:791.0 - prompt_length/min:151.0 - prompt_length/clip_ratio:0.0 - num_turns/min:2 - num_turns/max:2 - num_turns/mean:2.0 - timing_s/start_profile:2.1649000700563192e-05 - timing_s/agent_loop/generate_sequences/min:2.7555391709902324 - timing_s/agent_loop/generate_sequences/max:28.011515707999934 - timing_s/agent_loop/generate_sequences/mean:13.180770573805773 - timing_s/agent_loop/tool_calls/min:0.0 - timing_s/agent_loop/tool_calls/max:0.0 - timing_s/agent_loop/tool_calls/mean:0.0 - timing_s/agent_loop/slowest/generate_sequences:28.011515707999934 - timing_s/agent_loop/slowest/tool_calls:0.0 - timing_s/agent_loop/slowest/prompt_length:347 - timing_s/agent_loop/slowest/response_length:1024 - timing_s/gen:34.62835932901362 - timing_s/adv:13.48909875100071 - timing_s/update_actor:96.10915792601008 - timing_s/dump_rollout_generations:0.3043260150006972 - timing_s/step:144.63860179799667 - timing_s/stop_profile:2.580499858595431e-05 - timing_per_token_ms/update_actor:0.27006892403106225 - timing_per_token_ms/adv:0.03790467489722541 - timing_per_token_ms/gen:0.22337850567996348 - perf/total_num_tokens:355869 - perf/time_per_step:144.63860179799667 - perf/throughput:1230.2006365389555
[36m(TaskRunner pid=949573)[0m Dumped generations to /sfs/weka/scratch/nkw3mr/Vision-OPD-OPSA/rollouts/Aha-floor-Qwen3.5-4B/30.jsonl
[36m(TaskRunner pid=949573)[0m local_global_step_folder: /sfs/weka/scratch/nkw3mr/Vision-OPD-OPSA/checkpoints/Aha-floor-Qwen3.5-4B/global_step_30
[36m(TaskRunner pid=949573)[0m step:30 - global_seqlen/min:184294 - global_seqlen/max:198900 - global_seqlen/minmax_diff:14606 - global_seqlen/balanced_min:191597 - global_seqlen/balanced_max:191597 - global_seqlen/mean:191597.0 - self_distillation/teacher_always_on_fraction:1.0 - self_distillation/teacher_image_swap_fraction:1.0 - self_distillation/policy_fallback_fraction:0.0 - self_distillation/grpo_fallback_count:0.0 - rollout_corr/rollout_is_mean:1.0 - rollout_corr/rollout_is_ratio_fraction_high:0.0 - rollout_corr/rollout_is_ratio_fraction_low:0.0 - rollout_corr/rollout_is_max:1.0 - rollout_corr/rollout_is_min:1.0 - rollout_corr/rollout_is_std:0.0 - rollout_corr/rollout_is_eff_sample_size:1.0 - rollout_corr/rollout_is_seq_mean:1.0 - rollout_corr/rollout_is_seq_std:0.0 - rollout_corr/rollout_is_seq_max:1.0 - rollout_corr/rollout_is_seq_min:1.0 - rollout_corr/rollout_is_seq_max_deviation:0.0 - rollout_corr/rollout_is_seq_fraction_high:0.0 - rollout_corr/rollout_is_seq_fraction_low:0.0 - rollout_corr/training_ppl:10.111585365022933 - rollout_corr/training_log_ppl:2.0165778705051967 - rollout_corr/kl:0.3709481124367033 - rollout_corr/k3_kl:0.34534933481897623 - rollout_corr/rollout_ppl:5.522641829081945 - rollout_corr/rollout_log_ppl:1.5620874575206212 - rollout_corr/log_ppl_diff:0.45449042447975707 - rollout_corr/log_ppl_abs_diff:0.4548731735774449 - rollout_corr/log_ppl_diff_max:2.513239860534668 - rollout_corr/log_ppl_diff_min:-0.03066849708557129 - rollout_corr/ppl_ratio:1.7073692883763996 - rollout_corr/chi2_token:3.999749224526542 - rollout_corr/chi2_seq:-0.9027382058756692 - actor/pg_loss:0.26092048691740877 - actor/kl_loss:0.0 - actor/grpo_loss:0.0 - actor/vopd_loss:0.26092048691740877 - actor/vopd_loss_weighted:0.26092048691740877 - actor/policy_fallback_fraction:0.0 - aha/u_mean:0.057405992756996836 - aha/u_neg_valley_frac:0.46727402678557806 - aha/floor_clamped_frac:0.46727402678557806 - aha/q_tail_mass:0.0033936271676793693 - aha/argmax_conf:0.6998828649520874 - self_distillation/raw_jsd_token_mean:0.2624916872807912 - self_distillation/weighted_jsd_token_mean:0.2624916872807912 - self_distillation/self_distillation_mask.mean():1.0 - self_distillation/num_distill_tokens:2343.114285714286 - self_distillation/empty_target_batch:0.0 - actor/grad_norm:0.5146462917327881 - timing_s/update_actor/student_forward:15.812530397044611 - timing_s/update_actor/teacher_forward:22.16904500799137 - timing_s/update_actor/teacher_full_forward:0.0 - timing_s/update_actor/teacher_null_forward:21.853945659968304 - timing_s/update_actor/loss_compute:0.022729412026819773 - timing_s/update_actor/backward:38.5302943810093 - timing_s/update_actor/optimizer_step:0.08622489099798258 - timing_s/update_actor/teacher_ema_update:4.083600651938468e-05 - perf/mfu/actor:0.0 - perf/max_memory_allocated_gb:121.130624294281 - perf/max_memory_reserved_gb:138.98828125 - perf/cpu_memory_used_gb:331.87045669555664 - actor/lr:2e-06 - training/global_step:30 - training/epoch:0 - response_length/mean:213.5651092529297 - response_length/max:1024.0 - response_length/min:5.0 - response_length/clip_ratio:0.02734375 - response_length_non_aborted/mean:213.5651092529297 - response_length_non_aborted/max:1024.0 - response_length_non_aborted/min:5.0 - response_length_non_aborted/clip_ratio:0.02734375 - response/aborted_ratio:0.0 - prompt_length/mean:285.3854064941406 - prompt_length/max:3326.0 - prompt_length/min:131.0 - prompt_length/clip_ratio:0.0 - num_turns/min:2 - num_turns/max:2 - num_turns/mean:2.0 - timing_s/start_profile:5.898099334444851e-05 - timing_s/agent_loop/generate_sequences/min:3.010710939997807 - timing_s/agent_loop/generate_sequences/max:28.599120412996854 - timing_s/agent_loop/generate_sequences/mean:13.518143068066516 - timing_s/agent_loop/tool_calls/min:0.0 - timing_s/agent_loop/tool_calls/max:0.0 - timing_s/agent_loop/tool_calls/mean:0.0 - timing_s/agent_loop/slowest/generate_sequences:28.599120412996854 - timing_s/agent_loop/slowest/tool_calls:0.0 - timing_s/agent_loop/slowest/prompt_length:286 - timing_s/agent_loop/slowest/response_l[36m(WorkerDict pid=961244)[0m /sfs/weka/scratch/nkw3mr/Vision-OPD-OPSA/verl/utils/device.py:134: FutureWarning: torch.cuda._set_allocator_settings is deprecated. Use torch._C._accelerator_setAllocatorSettings instead.
[36m(WorkerDict pid=961244)[0m   torch.cuda.memory._set_allocator_settings(f"expandable_segments:{enable}")
[36m(TaskRunner pid=949573)[0m Training Progress:  76%|███████▌  | 31/41 [1:22:39<25:44, 154.49s/it]
[36m(WorkerDict pid=961243)[0m /sfs/weka/scratch/nkw3mr/Vision-OPD-OPSA/verl/utils/device.py:134: FutureWarning: torch.cuda._set_allocator_settings is deprecated. Use torch._C._accelerator_setAllocatorSettings instead.
[36m(WorkerDict pid=961243)[0m   torch.cuda.memory._set_allocator_settings(f"expandable_segments:{enable}")
[36m(TaskRunner pid=949573)[0m Training Progress:  78%|███████▊  | 32/41 [1:25:07<22:54, 152.68s/it]
ength:1024 - timing_s/gen:35.54589674099407 - timing_s/adv:14.175053558996296 - timing_s/update_actor:106.27622254799644 - timing_s/dump_rollout_generations:0.28526586999942083 - timing_s/step:156.39586383399728 - timing_s/save_checkpoint:15.978419439998106 - timing_s/stop_profile:4.494200402405113e-05 - timing_per_token_ms/update_actor:0.2773431278882144 - timing_per_token_ms/adv:0.03699184632065298 - timing_per_token_ms/gen:0.21671948652583295 - perf/total_num_tokens:383194 - perf/time_per_step:156.39586383399728 - perf/throughput:1225.0771555145866
[36m(TaskRunner pid=949573)[0m Dumped generations to /sfs/weka/scratch/nkw3mr/Vision-OPD-OPSA/rollouts/Aha-floor-Qwen3.5-4B/31.jsonl
[36m(TaskRunner pid=949573)[0m step:31 - global_seqlen/min:169516 - global_seqlen/max:196732 - global_seqlen/minmax_diff:27216 - global_seqlen/balanced_min:183123 - global_seqlen/balanced_max:183125 - global_seqlen/mean:183124.0 - self_distillation/teacher_always_on_fraction:1.0 - self_distillation/teacher_image_swap_fraction:1.0 - self_distillation/policy_fallback_fraction:0.0 - self_distillation/grpo_fallback_count:0.0 - rollout_corr/rollout_is_mean:1.0 - rollout_corr/rollout_is_ratio_fraction_high:0.0 - rollout_corr/rollout_is_ratio_fraction_low:0.0 - rollout_corr/rollout_is_max:1.0 - rollout_corr/rollout_is_min:1.0 - rollout_corr/rollout_is_std:0.0 - rollout_corr/rollout_is_eff_sample_size:1.0 - rollout_corr/rollout_is_seq_mean:1.0 - rollout_corr/rollout_is_seq_std:0.0 - rollout_corr/rollout_is_seq_max:1.0 - rollout_corr/rollout_is_seq_min:1.0 - rollout_corr/rollout_is_seq_max_deviation:0.0 - rollout_corr/rollout_is_seq_fraction_high:0.0 - rollout_corr/rollout_is_seq_fraction_low:0.0 - rollout_corr/training_ppl:10.773871277317856 - rollout_corr/training_log_ppl:2.065064760771665 - rollout_corr/kl:0.3868898708711971 - rollout_corr/k3_kl:0.36883206936446106 - rollout_corr/rollout_ppl:5.57216930028164 - rollout_corr/rollout_log_ppl:1.5778385454958137 - rollout_corr/log_ppl_diff:0.48722622882236133 - rollout_corr/log_ppl_abs_diff:0.4875176567019838 - rollout_corr/log_ppl_diff_max:2.000042676925659 - rollout_corr/log_ppl_diff_min:-0.01373279094696045 - rollout_corr/ppl_ratio:1.7650924921035767 - rollout_corr/chi2_token:7.606343737154296 - rollout_corr/chi2_seq:-0.9056995366558884 - actor/pg_loss:0.2592695719407251 - actor/kl_loss:0.0 - actor/grpo_loss:0.0 - actor/vopd_loss:0.2592695719407251 - actor/vopd_loss_weighted:0.2592695719407251 - actor/policy_fallback_fraction:0.0 - aha/u_mean:0.0772149413065618 - aha/u_neg_valley_frac:0.4620653323151849 - aha/floor_clamped_frac:0.4620653323151849 - aha/q_tail_mass:0.003894456171882198 - aha/argmax_conf:0.6028633713722229 - self_distillation/raw_jsd_token_mean:0.2586565941120639 - self_distillation/weighted_jsd_token_mean:0.2586565941120639 - self_distillation/self_distillation_mask.mean():1.0 - self_distillation/num_distill_tokens:2523.636363636364 - self_distillation/empty_target_batch:0.0 - actor/grad_norm:1.0174739360809326 - timing_s/update_actor/student_forward:15.29392050394381 - timing_s/update_actor/teacher_forward:19.771172492022743 - timing_s/update_actor/teacher_full_forward:0.0 - timing_s/update_actor/teacher_null_forward:19.484648953031865 - timing_s/update_actor/loss_compute:0.019836144012515433 - timing_s/update_actor/backward:35.024961506947875 - timing_s/update_actor/optimizer_step:0.08605126399197616 - timing_s/update_actor/teacher_ema_update:4.1696999687701464e-05 - perf/mfu/actor:0.0 - perf/max_memory_allocated_gb:121.130624294281 - perf/max_memory_reserved_gb:138.98828125 - perf/cpu_memory_used_gb:329.89590072631836 - actor/lr:2e-06 - training/global_step:31 - training/epoch:0 - response_length/mean:216.875 - response_length/max:1024.0 - response_length/min:8.0 - response_length/clip_ratio:0.02734375 - response_length_non_aborted/mean:216.875 - response_length_non_aborted/max:1024.0 - response_length_non_aborted/min:8.0 - response_length_non_aborted/clip_ratio:0.02734375 - response/aborted_ratio:0.0 - prompt_length/mean:260.0104064941406 - prompt_length/max:791.0 - prompt_length/min:91.0 - prompt_length/clip_ratio:0.0 - num_turns/min:2 - num_turns/max:2 - num_turns/mean:2.0 - timing_s/start_profile:2.2491003619506955e-05 - timing_s/agent_loop/generate_sequences/min:2.9717845209961524 - timing_s/agent_loop/generate_sequences/max:28.423300782000297 - timing_s/agent_loop/generate_sequences/mean:13.724367563586119 - timing_s/agent_loop/tool_calls/min:0.0 - timing_s/agent_loop/tool_calls/max:0.0 - timing_s/agent_loop/tool_calls/mean:0.0 - timing_s/agent_loop/slowest/generate_sequences:28.423300782000297 - timing_s/agent_loop/slowest/tool_calls:0.0 - timing_s/agent_loop/slowest/prompt_length:330 - timing_s/agent_loop/slowest/response_length:1024 - timing_s/gen:34.693550200987374 - timing_s/adv:13.522951613005716 - timing_s/update_actor:98.5488066770049 - timing_s/dump_rollout_generations:0.2894978370022727 - timing_s/step:147.1728974830039 - timing_s/stop_profile:2.427400613669306e-05 - timing_per_token_ms/update_actor:0.26907670943460416 - timing_per_token_ms/adv:0.03692293640649428 - timing_per_token_ms/gen:0.2082946097561682 - perf/total_num_tokens:366248 - perf/time_per_step:147.1728974830039 - perf/throughput:1244.2780099586466
[36m(TaskRunner pid=949573)[0m Dumped generations to /sfs/weka/scratch/nkw3mr/Vision-OPD-OPSA/rollouts/Aha-floor-Qwen3.5-4B/32.jsonl
[36m(TaskRunner pid=949573)[0m step:32 - global_seqlen/min:159484 - global_seqlen/max:199854 - global_seqlen/minmax_diff:40370 - global_seqlen/balanced_min:179664 - global_seqlen/balanced_max:179674 - global_seqlen/mean:179669.0 - self_distillation/teacher_always_on_fraction:1.0 - self_distillation/teacher_image_swap_fraction:1.0 - self_distillation/policy_fallback_fraction:0.0 - self_distillation/grpo_fallback_count:0.0 - rollout_corr/rollout_is_mean:1.0 - rollout_corr/rollout_is_ratio_fraction_high:0.0 - rollout_corr/rollout_is_ratio_fraction_low:0.0 - rollout_corr/rollout_is_max:1.0 - rollout_corr/rollout_is_min:1.0 - rollout_corr/rollout_is_std:0.0 - rollout_corr/rollout_is_eff_sample_size:1.0 - rollout_corr/rollout_is_seq_mean:1.0 - rollout_corr/rollout_is_seq_std:0.0 - rollout_corr/rollout_is_seq_max:1.0 - rollout_corr/rollout_is_seq_min:1.0 - rollout_corr/rollout_is_seq_max_deviation:0.0 - rollout_corr/rollout_is_seq_fraction_high:0.0 - rollout_corr/rollout_is_seq_fraction_low:0.0 - rollout_corr/training_ppl:10.027545906603336 - rollout_corr/training_log_ppl:2.0713874008506536 - rollout_corr/kl:0.4377443572739139 - rollout_corr/k3_kl:0.420671085244976 - rollout_corr/rollout_ppl:5.359260447323322 - rollout_corr/rollout_log_ppl:1.5556756872683764 - rollout_corr/log_ppl_diff:0.5157117063645273 - rollout_corr/log_ppl_abs_diff:0.5162989825475961 - rollout_corr/log_ppl_diff_max:2.0655717849731445 - rollout_corr/log_ppl_diff_min:-0.059259891510009766 - rollout_corr/ppl_ratio:1.8285443559288979 - rollout_corr/chi2_token:7.664257075637579 - rollout_corr/chi2_seq:-0.8835392231121659 - actor/pg_loss:0.2764570568688214 - actor/kl_loss:0.0 - actor/grpo_loss:0.0 - actor/vopd_loss:0.2764570568688214 - actor/vopd_loss_weighted:0.2764570568688214 - actor/policy_fallback_fraction:0.0 - aha/u_mean:0.07796999280526506 - aha/u_neg_valley_frac:0.462951404042542 - aha/floor_clamped_frac:0.462951404042542 - aha/q_tail_mass:0.0034904053864011075 - aha/argmax_conf:0.5732256770133972 - self_distillation/raw_jsd_token_mean:0.2741693740244955 - self_distillation/weighted_jsd_token_mean:0.2741693740244955 - self_distillation/self_distillation_mask.mean():1.0 - self_distillation/num_distill_tokens:2311.90625 - self_distillation/empty_target_batch:0.0 - actor/grad_norm:0.8081725239753723 - timing_s/update_actor/student_forward:14.509608079053578 - timing_s/update_actor/teacher_forward:19.056958959045005 - timing_s/update_actor/teacher_full_forward:0.0 - timing_s/update_actor/teacher_null_forward:19.610274893042515 - timing_s/update_actor/loss_compute:0.020337640977231786 - timing_s/update_actor/backward:36.48812271907809 - timing_s/update_actor/optimizer_step:0.08678307200898416 - timing_s/update_actor/teacher_ema_update:4.7263994929380715e-05 - perf/mfu/actor:0.0 - perf/max_memory_allocated_gb:121.130624294281 - perf/max_memory_reserved_gb:138.98828125 - perf/cpu_memory_used_gb:330.6363716125488 - actor/lr:2e-06 - training/global_step:32 - training/epoch:0 - response_length/mean:192.6588592529297 - response_length/max:1024.0 - response_length/min:3.0 - response_length/clip_ratio:0.01692708395421505 - response_length_non_aborted/mean:192.6588592529297 - response_length_non_aborted/max:1024.0 - response_length_non_aborted/min:3.0 - response_length_non_aborted/clip_ratio:0.01692708395421505 - response/aborted_ratio:0.0 - prompt_length/mean:275.2291564941406 - prompt_length/max:3330.0 - prompt_length/min:103.0 - prompt_length/clip_ratio:0.0 - num_turns/min:2 - num_turns/max:2 - num_turns/mean:2.0 - timing_s/start_profile:2.932999632321298e-05 - timing_s/agent_loop/generate_sequences/min:3.01961444200424 - timing_s/agent_loop/generate_sequences/max:27.711627815006068 - timing_s/agent_loop/generate_sequences/mean:12.8236868066006 - timing_s/agent_loop/tool_calls/min:0.0 - timing_s/agent_loop/tool_calls/max:0.0 - timing_s/agent_loop/tool_calls/mean:0.0 - timing_s/agent_loop/slowest/generate_sequences:27.711627815006068 - timing_s/agent_loop/slowest/tool_calls:0.0 - timing_s/agent_loop/slowest/prompt_length:287 - timing_s/agent_loop/slowest/response_[36m(TaskRunner pid=949573)[0m Training Progress:  80%|████████  | 33/41 [1:27:46<20:37, 154.64s/it]
[36m(TaskRunner pid=949573)[0m Training Progress:  83%|████████▎ | 34/41 [1:30:59<19:21, 165.97s/it]
length:1024 - timing_s/gen:34.38341989798937 - timing_s/adv:13.903537858001073 - timing_s/update_actor:99.74374695299775 - timing_s/dump_rollout_generations:0.28564467999967746 - timing_s/step:148.41897909399995 - timing_s/stop_profile:2.5825996999628842e-05 - timing_per_token_ms/update_actor:0.2775763959085812 - timing_per_token_ms/adv:0.03869208894689978 - timing_per_token_ms/gen:0.2323800698692189 - perf/total_num_tokens:359338 - perf/time_per_step:148.41897909399995 - perf/throughput:1210.5527278031477
[36m(TaskRunner pid=949573)[0m Dumped generations to /sfs/weka/scratch/nkw3mr/Vision-OPD-OPSA/rollouts/Aha-floor-Qwen3.5-4B/33.jsonl
[36m(TaskRunner pid=949573)[0m step:33 - global_seqlen/min:185138 - global_seqlen/max:206249 - global_seqlen/minmax_diff:21111 - global_seqlen/balanced_min:195684 - global_seqlen/balanced_max:195703 - global_seqlen/mean:195693.5 - self_distillation/teacher_always_on_fraction:1.0 - self_distillation/teacher_image_swap_fraction:1.0 - self_distillation/policy_fallback_fraction:0.0 - self_distillation/grpo_fallback_count:0.0 - rollout_corr/rollout_is_mean:1.0 - rollout_corr/rollout_is_ratio_fraction_high:0.0 - rollout_corr/rollout_is_ratio_fraction_low:0.0 - rollout_corr/rollout_is_max:1.0 - rollout_corr/rollout_is_min:1.0 - rollout_corr/rollout_is_std:0.0 - rollout_corr/rollout_is_eff_sample_size:1.0 - rollout_corr/rollout_is_seq_mean:1.0 - rollout_corr/rollout_is_seq_std:0.0 - rollout_corr/rollout_is_seq_max:1.0 - rollout_corr/rollout_is_seq_min:1.0 - rollout_corr/rollout_is_seq_max_deviation:0.0 - rollout_corr/rollout_is_seq_fraction_high:0.0 - rollout_corr/rollout_is_seq_fraction_low:0.0 - rollout_corr/training_ppl:9.850036089760916 - rollout_corr/training_log_ppl:2.0403426919664653 - rollout_corr/kl:0.40519284882715767 - rollout_corr/k3_kl:0.37459119366747995 - rollout_corr/rollout_ppl:5.560306079047066 - rollout_corr/rollout_log_ppl:1.576069985117231 - rollout_corr/log_ppl_diff:0.4642726991857801 - rollout_corr/log_ppl_abs_diff:0.46464032530784605 - rollout_corr/log_ppl_diff_max:1.777400255203247 - rollout_corr/log_ppl_diff_min:-0.023229241371154785 - rollout_corr/ppl_ratio:1.704240138190133 - rollout_corr/chi2_token:3.566781643458775 - rollout_corr/chi2_seq:-0.8946479839938027 - actor/pg_loss:0.267723904728579 - actor/kl_loss:0.0 - actor/grpo_loss:0.0 - actor/vopd_loss:0.267723904728579 - actor/vopd_loss_weighted:0.267723904728579 - actor/policy_fallback_fraction:0.0 - aha/u_mean:0.08608333895016196 - aha/u_neg_valley_frac:0.45859122404030395 - aha/floor_clamped_frac:0.45859122404030395 - aha/q_tail_mass:0.003478501858522317 - aha/argmax_conf:0.6430356502532959 - self_distillation/raw_jsd_token_mean:0.2681048872215407 - self_distillation/weighted_jsd_token_mean:0.2681048872215407 - self_distillation/self_distillation_mask.mean():1.0 - self_distillation/num_distill_tokens:2458.214285714286 - self_distillation/empty_target_batch:0.0 - actor/grad_norm:0.5606314539909363 - timing_s/update_actor/student_forward:16.45460487001401 - timing_s/update_actor/teacher_forward:21.401908078987617 - timing_s/update_actor/teacher_full_forward:0.0 - timing_s/update_actor/teacher_null_forward:21.070314480006346 - timing_s/update_actor/loss_compute:0.021131181056261994 - timing_s/update_actor/backward:40.40993244499259 - timing_s/update_actor/optimizer_step:0.08633220200135838 - timing_s/update_actor/teacher_ema_update:4.2539002606645226e-05 - perf/mfu/actor:0.0 - perf/max_memory_allocated_gb:121.130624294281 - perf/max_memory_reserved_gb:138.98828125 - perf/cpu_memory_used_gb:330.8918342590332 - actor/lr:2e-06 - training/global_step:33 - training/epoch:0 - response_length/mean:224.0559844970703 - response_length/max:1024.0 - response_length/min:12.0 - response_length/clip_ratio:0.02083333395421505 - response_length_non_aborted/mean:224.0559844970703 - response_length_non_aborted/max:1024.0 - response_length_non_aborted/min:12.0 - response_length_non_aborted/clip_ratio:0.02083333395421505 - response/aborted_ratio:0.0 - prompt_length/mean:285.5625 - prompt_length/max:3326.0 - prompt_length/min:133.0 - prompt_length/clip_ratio:0.0 - num_turns/min:2 - num_turns/max:2 - num_turns/mean:2.0 - timing_s/start_profile:2.005799615290016e-05 - timing_s/agent_loop/generate_sequences/min:3.640372911002487 - timing_s/agent_loop/generate_sequences/max:29.190992782008834 - timing_s/agent_loop/generate_sequences/mean:14.45434715706375 - timing_s/agent_loop/tool_calls/min:0.0 - timing_s/agent_loop/tool_calls/max:0.0 - timing_s/agent_loop/tool_calls/mean:0.0 - timing_s/agent_loop/slowest/generate_sequences:29.190992782008834 - timing_s/agent_loop/slowest/tool_calls:0.0 - timing_s/agent_loop/slowest/prompt_length:313 - timing_s/agent_loop/slowest/response_length:1024 - timing_s/gen:36.10923554099281 - timing_s/adv:13.877252848993521 - timing_s/update_actor:108.7797760800022 - timing_s/dump_rollout_generations:0.28673144899948966 - timing_s/step:159.170805731992 - timing_s/stop_profile:2.4784007109701633e-05 - timing_per_token_ms/update_actor:0.27793405524455894 - timing_per_token_ms/adv:0.0354566013919561 - timing_per_token_ms/gen:0.20984591335750583 - perf/total_num_tokens:391387 - perf/time_per_step:159.170805731992 - perf/throughput:1229.455986605383
[36m(TaskRunner pid=949573)[0m Dumped generations to /sfs/weka/scratch/nkw3mr/Vision-OPD-OPSA/rollouts/Aha-floor-Qwen3.5-4B/34.jsonl
[36m(TaskRunner pid=949573)[0m step:34 - global_seqlen/min:196771 - global_seqlen/max:272139 - global_seqlen/minmax_diff:75368 - global_seqlen/balanced_min:234453 - global_seqlen/balanced_max:234457 - global_seqlen/mean:234455.0 - self_distillation/teacher_always_on_fraction:1.0 - self_distillation/teacher_image_swap_fraction:1.0 - self_distillation/policy_fallback_fraction:0.0 - self_distillation/grpo_fallback_count:0.0 - rollout_corr/rollout_is_mean:1.0 - rollout_corr/rollout_is_ratio_fraction_high:0.0 - rollout_corr/rollout_is_ratio_fraction_low:0.0 - rollout_corr/rollout_is_max:1.0 - rollout_corr/rollout_is_min:1.0 - rollout_corr/rollout_is_std:0.0 - rollout_corr/rollout_is_eff_sample_size:1.0 - rollout_corr/rollout_is_seq_mean:1.0 - rollout_corr/rollout_is_seq_std:0.0 - rollout_corr/rollout_is_seq_max:1.0 - rollout_corr/rollout_is_seq_min:1.0 - rollout_corr/rollout_is_seq_max_deviation:0.0 - rollout_corr/rollout_is_seq_fraction_high:0.0 - rollout_corr/rollout_is_seq_fraction_low:0.0 - rollout_corr/training_ppl:8.452528652690706 - rollout_corr/training_log_ppl:1.9127626986730666 - rollout_corr/kl:0.340180635097481 - rollout_corr/k3_kl:0.34591872954652425 - rollout_corr/rollout_ppl:5.301401251838321 - rollout_corr/rollout_log_ppl:1.5228044050080434 - rollout_corr/log_ppl_diff:0.38995826581404325 - rollout_corr/log_ppl_abs_diff:0.3905237673648766 - rollout_corr/log_ppl_diff_max:1.6911230087280273 - rollout_corr/log_ppl_diff_min:-0.03276717662811279 - rollout_corr/ppl_ratio:1.55514086995806 - rollout_corr/chi2_token:52.68311506935528 - rollout_corr/chi2_seq:-0.8185669212114244 - actor/pg_loss:0.2456380764876182 - actor/kl_loss:0.0 - actor/grpo_loss:0.0 - actor/vopd_loss:0.2456380764876182 - actor/vopd_loss_weighted:0.2456380764876182 - actor/policy_fallback_fraction:0.0 - aha/u_mean:0.05161631867356066 - aha/u_neg_valley_frac:0.46565284792866024 - aha/floor_clamped_frac:0.46565284792866024 - aha/q_tail_mass:0.004547254539266717 - aha/argmax_conf:0.6748284697532654 - self_distillation/raw_jsd_token_mean:0.24855022256573042 - self_distillation/weighted_jsd_token_mean:0.24855022256573042 - self_distillation/self_distillation_mask.mean():1.0 - self_distillation/num_distill_tokens:2431.690476190476 - self_distillation/empty_target_batch:0.0 - actor/grad_norm:0.43021446466445923 - timing_s/update_actor/student_forward:20.21149893004622 - timing_s/update_actor/teacher_forward:27.101943731002393 - timing_s/update_actor/teacher_full_forward:0.0 - timing_s/update_actor/teacher_null_forward:26.211022527044406 - timing_s/update_actor/loss_compute:0.02512753798509948 - timing_s/update_actor/backward:49.53383768296044 - timing_s/update_actor/optimizer_step:0.08579579499200918 - timing_s/update_actor/teacher_ema_update:3.1682997359894216e-05 - perf/mfu/actor:0.0 - perf/max_memory_allocated_gb:121.130624294281 - perf/max_memory_reserved_gb:138.98828125 - perf/cpu_memory_used_gb:337.0395088195801 - actor/lr:2e-06 - training/global_step:34 - training/epoch:0 - response_length/mean:265.9661560058594 - response_length/max:1024.0 - response_length/min:8.0 - response_length/clip_ratio:0.0403645820915699 - response_length_non_aborted/mean:265.9661560058594 - response_length_non_aborted/max:1024.0 - response_length_non_aborted/min:8.0 - response_length_non_aborted/clip_ratio:0.0403645820915699 - response/aborted_ratio:0.0 - prompt_length/mean:344.59375 - prompt_length/max:3659.0 - prompt_length/min:138.0 - prompt_length/clip_ratio:0.0 - num_turns/min:2 - num_turns/max:2 - num_turns/mean:2.0 - timing_s/start_profile:3.930399543605745e-05 - timing_s/agent_loop/generate_sequences/min:5.164294164991588 - timing_s/agent_loop/generate_sequences/max:33.20979537098901 - timing_s/agent_loop/generate_sequences/mean:17.393436740024622 - timing_s/agent_loop/tool_calls/min:0.0 - timing_s/agent_loop/tool_calls/max:0.0 - timing_s/agent_loop/tool_calls/mean:0.0 - timing_s/agent_loop/slowest/generate_sequences:33.20979537098901 - timing_s/agent_loop/slowest/tool_calls:0.0 - timing_s/agent_loop/slowest/prompt_length:271 - timing_s/agent_loop/slowest/response_[36m(TaskRunner pid=949573)[0m Training Progress:  85%|████████▌ | 35/41 [1:34:05<17:11, 171.97s/it]
[36m(WorkerDict pid=961244)[0m /sfs/weka/scratch/nkw3mr/Vision-OPD-OPSA/verl/utils/device.py:134: FutureWarning: torch.cuda._set_allocator_settings is deprecated. Use torch._C._accelerator_setAllocatorSettings instead.
[36m(WorkerDict pid=961244)[0m   torch.cuda.memory._set_allocator_settings(f"expandable_segments:{enable}")
[36m(TaskRunner pid=949573)[0m Training Progress:  88%|████████▊ | 36/41 [1:36:56<14:18, 171.73s/it]
[36m(WorkerDict pid=961243)[0m /sfs/weka/scratch/nkw3mr/Vision-OPD-OPSA/verl/utils/device.py:134: FutureWarning: torch.cuda._set_allocator_settings is deprecated. Use torch._C._accelerator_setAllocatorSettings instead.
[36m(WorkerDict pid=961243)[0m   torch.cuda.memory._set_allocator_settings(f"expandable_segments:{enable}")
length:1024 - timing_s/gen:40.22158354999556 - timing_s/adv:15.47329649500898 - timing_s/update_actor:136.27126772000338 - timing_s/dump_rollout_generations:0.301018212994677 - timing_s/step:192.3766485429951 - timing_s/stop_profile:2.3612010409124196e-05 - timing_per_token_ms/update_actor:0.2906128419526207 - timing_per_token_ms/adv:0.03299843572329227 - timing_per_token_ms/gen:0.19691172880905677 - perf/total_num_tokens:468910 - perf/time_per_step:192.3766485429951 - perf/throughput:1218.7289973897255
[36m(TaskRunner pid=949573)[0m Dumped generations to /sfs/weka/scratch/nkw3mr/Vision-OPD-OPSA/rollouts/Aha-floor-Qwen3.5-4B/35.jsonl
[36m(TaskRunner pid=949573)[0m local_global_step_folder: /sfs/weka/scratch/nkw3mr/Vision-OPD-OPSA/checkpoints/Aha-floor-Qwen3.5-4B/global_step_35
[36m(TaskRunner pid=949573)[0m step:35 - global_seqlen/min:195656 - global_seqlen/max:233847 - global_seqlen/minmax_diff:38191 - global_seqlen/balanced_min:214750 - global_seqlen/balanced_max:214753 - global_seqlen/mean:214751.5 - self_distillation/teacher_always_on_fraction:1.0 - self_distillation/teacher_image_swap_fraction:1.0 - self_distillation/policy_fallback_fraction:0.0 - self_distillation/grpo_fallback_count:0.0 - rollout_corr/rollout_is_mean:1.0 - rollout_corr/rollout_is_ratio_fraction_high:0.0 - rollout_corr/rollout_is_ratio_fraction_low:0.0 - rollout_corr/rollout_is_max:1.0 - rollout_corr/rollout_is_min:1.0 - rollout_corr/rollout_is_std:0.0 - rollout_corr/rollout_is_eff_sample_size:1.0 - rollout_corr/rollout_is_seq_mean:1.0 - rollout_corr/rollout_is_seq_std:0.0 - rollout_corr/rollout_is_seq_max:1.0 - rollout_corr/rollout_is_seq_min:1.0 - rollout_corr/rollout_is_seq_max_deviation:0.0 - rollout_corr/rollout_is_seq_fraction_high:0.0 - rollout_corr/rollout_is_seq_fraction_low:0.0 - rollout_corr/training_ppl:8.48449671574128 - rollout_corr/training_log_ppl:1.948017024076902 - rollout_corr/kl:0.3607355629404386 - rollout_corr/k3_kl:0.36667059189998186 - rollout_corr/rollout_ppl:5.134493772800152 - rollout_corr/rollout_log_ppl:1.5268227488566668 - rollout_corr/log_ppl_diff:0.42119425535202026 - rollout_corr/log_ppl_abs_diff:0.42176838295582014 - rollout_corr/log_ppl_diff_max:1.5608603954315186 - rollout_corr/log_ppl_diff_min:-0.015336990356445312 - rollout_corr/ppl_ratio:1.6200220661285596 - rollout_corr/chi2_token:91.07713107115184 - rollout_corr/chi2_seq:-0.8527254813756697 - actor/pg_loss:0.2465506006459085 - actor/kl_loss:0.0 - actor/grpo_loss:0.0 - actor/vopd_loss:0.2465506006459085 - actor/vopd_loss_weighted:0.2465506006459085 - actor/policy_fallback_fraction:0.0 - aha/u_mean:0.08086724679630536 - aha/u_neg_valley_frac:0.4589170588132663 - aha/floor_clamped_frac:0.4589170588132663 - aha/q_tail_mass:0.004302260258461898 - aha/argmax_conf:0.597186803817749 - self_distillation/raw_jsd_token_mean:0.2474342099367044 - self_distillation/weighted_jsd_token_mean:0.2474342099367044 - self_distillation/self_distillation_mask.mean():1.0 - self_distillation/num_distill_tokens:2604.089743589743 - self_distillation/empty_target_batch:0.0 - actor/grad_norm:0.7894974946975708 - timing_s/update_actor/student_forward:17.292468409985304 - timing_s/update_actor/teacher_forward:23.018265934995725 - timing_s/update_actor/teacher_full_forward:0.0 - timing_s/update_actor/teacher_null_forward:23.073293787034345 - timing_s/update_actor/loss_compute:0.02354865202505607 - timing_s/update_actor/backward:42.99391609097074 - timing_s/update_actor/optimizer_step:0.08658783200371545 - timing_s/update_actor/teacher_ema_update:5.4074000217951834e-05 - perf/mfu/actor:0.0 - perf/max_memory_allocated_gb:121.130624294281 - perf/max_memory_reserved_gb:138.98828125 - perf/cpu_memory_used_gb:332.3527412414551 - actor/lr:2e-06 - training/global_step:35 - training/epoch:0 - response_length/mean:264.4778747558594 - response_length/max:1024.0 - response_length/min:9.0 - response_length/clip_ratio:0.0481770820915699 - response_length_non_aborted/mean:264.4778747558594 - response_length_non_aborted/max:1024.0 - response_length_non_aborted/min:9.0 - response_length_non_aborted/clip_ratio:0.0481770820915699 - response/aborted_ratio:0.0 - prompt_length/mean:294.7708435058594 - prompt_length/max:3329.0 - prompt_length/min:167.0 - prompt_length/clip_ratio:0.0 - num_turns/min:2 - num_turns/max:2 - num_turns/mean:2.0 - timing_s/start_profile:2.056801167782396e-05 - timing_s/agent_loop/generate_sequences/min:3.2317341699963436 - timing_s/agent_loop/generate_sequences/max:32.58984619300463 - timing_s/agent_loop/generate_sequences/mean:16.274517310997226 - timing_s/agent_loop/tool_calls/min:0.0 - timing_s/agent_loop/tool_calls/max:0.0 - timing_s/agent_loop/tool_calls/mean:0.0 - timing_s/agent_loop/slowest/generate_sequences:32.58984619300463 - timing_s/agent_loop/slowest/tool_calls:0.0 - timing_s/agent_loop/slowest/prompt_length:186 - timing_s/agent_loop/slowest/response_length:1024 - timing_s/gen:39.72047569899587 - timing_s/adv:13.620970554009546 - timing_s/update_actor:116.85795352299465 - timing_s/dump_rollout_generations:0.29749721799453255 - timing_s/step:170.60139823399368 - timing_s/save_checkpoint:15.288298992003547 - timing_s/stop_profile:3.477800055406988e-05 - timing_per_token_ms/update_actor:0.27207715318168824 - timing_per_token_ms/adv:0.031713330416806275 - timing_per_token_ms/gen:0.1955527336142649 - perf/total_num_tokens:429503 - perf/time_per_step:170.60139823399368 - perf/throughput:1258.7909725420354
[36m(TaskRunner pid=949573)[0m Dumped generations to /sfs/weka/scratch/nkw3mr/Vision-OPD-OPSA/rollouts/Aha-floor-Qwen3.5-4B/36.jsonl
[36m(TaskRunner pid=949573)[0m step:36 - global_seqlen/min:197690 - global_seqlen/max:224625 - global_seqlen/minmax_diff:26935 - global_seqlen/balanced_min:211134 - global_seqlen/balanced_max:211181 - global_seqlen/mean:211157.5 - self_distillation/teacher_always_on_fraction:1.0 - self_distillation/teacher_image_swap_fraction:1.0 - self_distillation/policy_fallback_fraction:0.0 - self_distillation/grpo_fallback_count:0.0 - rollout_corr/rollout_is_mean:1.0 - rollout_corr/rollout_is_ratio_fraction_high:0.0 - rollout_corr/rollout_is_ratio_fraction_low:0.0 - rollout_corr/rollout_is_max:1.0 - rollout_corr/rollout_is_min:1.0 - rollout_corr/rollout_is_std:0.0 - rollout_corr/rollout_is_eff_sample_size:1.0 - rollout_corr/rollout_is_seq_mean:1.0 - rollout_corr/rollout_is_seq_std:0.0 - rollout_corr/rollout_is_seq_max:1.0 - rollout_corr/rollout_is_seq_min:1.0 - rollout_corr/rollout_is_seq_max_deviation:0.0 - rollout_corr/rollout_is_seq_fraction_high:0.0 - rollout_corr/rollout_is_seq_fraction_low:0.0 - rollout_corr/training_ppl:8.776402429530496 - rollout_corr/training_log_ppl:1.9383985478627053 - rollout_corr/kl:0.37697747781088475 - rollout_corr/k3_kl:0.35477571875641223 - rollout_corr/rollout_ppl:5.104390094154759 - rollout_corr/rollout_log_ppl:1.514384925365448 - rollout_corr/log_ppl_diff:0.4240136424961843 - rollout_corr/log_ppl_abs_diff:0.4244142947228331 - rollout_corr/log_ppl_diff_max:2.0665719509124756 - rollout_corr/log_ppl_diff_min:-0.013166666030883789 - rollout_corr/ppl_ratio:1.6279912355699038 - rollout_corr/chi2_token:4.544885854972036 - rollout_corr/chi2_seq:-0.8370982353624545 - actor/pg_loss:0.2583563362907929 - actor/kl_loss:0.0 - actor/grpo_loss:0.0 - actor/vopd_loss:0.2583563362907929 - actor/vopd_loss_weighted:0.2583563362907929 - actor/policy_fallback_fraction:0.0 - aha/u_mean:0.09068154476239884 - aha/u_neg_valley_frac:0.4560505881121284 - aha/floor_clamped_frac:0.4560505881121284 - aha/q_tail_mass:0.003357310742629986 - aha/argmax_conf:0.6641817688941956 - self_distillation/raw_jsd_token_mean:0.2590335860456291 - self_distillation/weighted_jsd_token_mean:0.2590335860456291 - self_distillation/self_distillation_mask.mean():1.0 - self_distillation/num_distill_tokens:2528.9868421052633 - self_distillation/empty_target_batch:0.0 - actor/grad_norm:0.6332002878189087 - timing_s/update_actor/student_forward:17.27216291995137 - timing_s/update_actor/teacher_forward:22.431739358973573 - timing_s/update_actor/teacher_full_forward:0.0 - timing_s/update_actor/teacher_null_forward:23.115010206005536 - timing_s/update_actor/loss_compute:0.02306025809957646 - timing_s/update_actor/backward:42.52015017498343 - timing_s/update_actor/optimizer_step:0.08741199799987953 - timing_s/update_actor/teacher_ema_update:7.661599374841899e-05 - perf/mfu/actor:0.0 - perf/max_memory_allocated_gb:121.130624294281 - perf/max_memory_reserved_gb:138.98828125 - perf/cpu_memory_used_gb:332.3930969238281 - actor/lr:2e-06 - training/global_step:36 - training/epoch:0 - response_length/mean:250.2643280029297 - response_length/max:1024.0 - response_length/min:9.0 - response_length/clip_ratio:0.02473958395421505 - response_length_non_aborted/mean:250.2643280029297 - response_length_non_aborted/max:1024.0 - response_length_non_aborted/min:9.0 - response_length_non_aborted/clip_ratio:0.02473958395421505 - response/aborted_ratio:0.0 - prompt_length/mean:299.625 - prompt_length/max:3329.0 - prompt_length/min:99.0 - prompt_length/clip_ratio:0.0 - num_turns/min:2 - num_turns/max:2 - num_turns/mean:2.0 - timing_s/start_profile:3.304499841760844e-05 - timing_s/agent_loop/generate_sequences/min:3.131951888994081 - timing_s/agent_loop/generate_sequences/max:31.86982126600924 - timing_s/agent_loop/generate_sequences/mean:16.82719137552196 - timing_s/agent_loop/tool_calls/min:0.0 - timing_s/agent_loop/tool_calls/max:0.0 - timing_s/agent_loop/tool_calls/mean:0.0 - timing_s/agent_loop/slowest/generate_sequences:31.86982126600924 - timing_s/agent_loop/slowest/tool_calls:0.0 - timing_s/agent_loop/slowest/prompt_length:229 - timing_s/agent_loop/slowest/response_leng[36m(TaskRunner pid=949573)[0m Training Progress:  90%|█████████ | 37/41 [1:39:42<11:19, 169.98s/it]
[36m(TaskRunner pid=949573)[0m Training Progress:  93%|█████████▎| 38/41 [1:42:09<08:09, 163.26s/it]
th:1024 - timing_s/gen:37.89942158199847 - timing_s/adv:14.819638474000385 - timing_s/update_actor:117.98677347500052 - timing_s/dump_rollout_generations:0.2949477579968516 - timing_s/step:171.10886372700043 - timing_s/stop_profile:2.3392000002786517e-05 - timing_per_token_ms/update_actor:0.2793809679386252 - timing_per_token_ms/adv:0.03509143287356685 - timing_per_token_ms/gen:0.19718433938075092 - perf/total_num_tokens:422315 - perf/time_per_step:171.10886372700043 - perf/throughput:1234.0535457993344
[36m(TaskRunner pid=949573)[0m Dumped generations to /sfs/weka/scratch/nkw3mr/Vision-OPD-OPSA/rollouts/Aha-floor-Qwen3.5-4B/37.jsonl
[36m(TaskRunner pid=949573)[0m step:37 - global_seqlen/min:203473 - global_seqlen/max:203696 - global_seqlen/minmax_diff:223 - global_seqlen/balanced_min:203573 - global_seqlen/balanced_max:203596 - global_seqlen/mean:203584.5 - self_distillation/teacher_always_on_fraction:1.0 - self_distillation/teacher_image_swap_fraction:1.0 - self_distillation/policy_fallback_fraction:0.0 - self_distillation/grpo_fallback_count:0.0 - rollout_corr/rollout_is_mean:1.0 - rollout_corr/rollout_is_ratio_fraction_high:0.0 - rollout_corr/rollout_is_ratio_fraction_low:0.0 - rollout_corr/rollout_is_max:1.0 - rollout_corr/rollout_is_min:1.0 - rollout_corr/rollout_is_std:0.0 - rollout_corr/rollout_is_eff_sample_size:1.0 - rollout_corr/rollout_is_seq_mean:1.0 - rollout_corr/rollout_is_seq_std:0.0 - rollout_corr/rollout_is_seq_max:1.0 - rollout_corr/rollout_is_seq_min:1.0 - rollout_corr/rollout_is_seq_max_deviation:0.0 - rollout_corr/rollout_is_seq_fraction_high:0.0 - rollout_corr/rollout_is_seq_fraction_low:0.0 - rollout_corr/training_ppl:8.510331244082064 - rollout_corr/training_log_ppl:1.9357210220517338 - rollout_corr/kl:0.4259717955782607 - rollout_corr/k3_kl:0.40210894656342433 - rollout_corr/rollout_ppl:4.868947022670024 - rollout_corr/rollout_log_ppl:1.471365152178584 - rollout_corr/log_ppl_diff:0.46435586826221364 - rollout_corr/log_ppl_abs_diff:0.46467837208026164 - rollout_corr/log_ppl_diff_max:1.992666482925415 - rollout_corr/log_ppl_diff_min:-0.0158536434173584 - rollout_corr/ppl_ratio:1.6951154985943355 - rollout_corr/chi2_token:16.547382478778427 - rollout_corr/chi2_seq:-0.8796099794877542 - actor/pg_loss:0.2643299001695899 - actor/kl_loss:0.0 - actor/grpo_loss:0.0 - actor/vopd_loss:0.2643299001695899 - actor/vopd_loss_weighted:0.2643299001695899 - actor/policy_fallback_fraction:0.0 - aha/u_mean:0.0930099310227544 - aha/u_neg_valley_frac:0.4554241859429592 - aha/floor_clamped_frac:0.4554241859429592 - aha/q_tail_mass:0.004136836137370886 - aha/argmax_conf:0.5759586691856384 - self_distillation/raw_jsd_token_mean:0.2648815031389932 - self_distillation/weighted_jsd_token_mean:0.2648815031389932 - self_distillation/self_distillation_mask.mean():1.0 - self_distillation/num_distill_tokens:2452.8783783783783 - self_distillation/empty_target_batch:0.0 - actor/grad_norm:1.4769614934921265 - timing_s/update_actor/student_forward:17.73915133999253 - timing_s/update_actor/teacher_forward:22.237328374932986 - timing_s/update_actor/teacher_full_forward:0.0 - timing_s/update_actor/teacher_null_forward:22.223149875964737 - timing_s/update_actor/loss_compute:0.02231605905399192 - timing_s/update_actor/backward:41.25096314601251 - timing_s/update_actor/optimizer_step:0.08636446500895545 - timing_s/update_actor/teacher_ema_update:4.8076006351038814e-05 - perf/mfu/actor:0.0 - perf/max_memory_allocated_gb:121.130624294281 - perf/max_memory_reserved_gb:138.98828125 - perf/cpu_memory_used_gb:331.5205192565918 - actor/lr:2e-06 - training/global_step:37 - training/epoch:0 - response_length/mean:236.3450469970703 - response_length/max:1024.0 - response_length/min:9.0 - response_length/clip_ratio:0.02213541604578495 - response_length_non_aborted/mean:236.3450469970703 - response_length_non_aborted/max:1024.0 - response_length_non_aborted/min:9.0 - response_length_non_aborted/clip_ratio:0.02213541604578495 - response/aborted_ratio:0.0 - prompt_length/mean:293.8229064941406 - prompt_length/max:2955.0 - prompt_length/min:167.0 - prompt_length/clip_ratio:0.0 - num_turns/min:2 - num_turns/max:2 - num_turns/mean:2.0 - timing_s/start_profile:3.2965996069833636e-05 - timing_s/agent_loop/generate_sequences/min:3.3607369899982587 - timing_s/agent_loop/generate_sequences/max:30.857126221992075 - timing_s/agent_loop/generate_sequences/mean:16.150452701671952 - timing_s/agent_loop/tool_calls/min:0.0 - timing_s/agent_loop/tool_calls/max:0.0 - timing_s/agent_loop/tool_calls/mean:0.0 - timing_s/agent_loop/slowest/generate_sequences:30.857126221992075 - timing_s/agent_loop/slowest/tool_calls:0.0 - timing_s/agent_loop/slowest/prompt_length:336 - timing_s/agent_loop/slowest/response_length:1024 - timing_s/gen:37.28916192500037 - timing_s/adv:14.764852927008178 - timing_s/update_actor:113.38873590900039 - timing_s/dump_rollout_generations:0.2923768499895232 - timing_s/step:165.84963857999537 - timing_s/stop_profile:2.540501009207219e-05 - timing_per_token_ms/update_actor:0.27848076820435835 - timing_per_token_ms/adv:0.03626222263239141 - timing_per_token_ms/gen:0.20543521359351877 - perf/total_num_tokens:407169 - perf/time_per_step:165.84963857999537 - perf/throughput:1227.5245321189152
[36m(TaskRunner pid=949573)[0m Dumped generations to /sfs/weka/scratch/nkw3mr/Vision-OPD-OPSA/rollouts/Aha-floor-Qwen3.5-4B/38.jsonl
[36m(TaskRunner pid=949573)[0m step:38 - global_seqlen/min:181157 - global_seqlen/max:195705 - global_seqlen/minmax_diff:14548 - global_seqlen/balanced_min:188428 - global_seqlen/balanced_max:188434 - global_seqlen/mean:188431.0 - self_distillation/teacher_always_on_fraction:1.0 - self_distillation/teacher_image_swap_fraction:1.0 - self_distillation/policy_fallback_fraction:0.0 - self_distillation/grpo_fallback_count:0.0 - rollout_corr/rollout_is_mean:1.0 - rollout_corr/rollout_is_ratio_fraction_high:0.0 - rollout_corr/rollout_is_ratio_fraction_low:0.0 - rollout_corr/rollout_is_max:1.0 - rollout_corr/rollout_is_min:1.0 - rollout_corr/rollout_is_std:0.0 - rollout_corr/rollout_is_eff_sample_size:1.0 - rollout_corr/rollout_is_seq_mean:1.0 - rollout_corr/rollout_is_seq_std:0.0 - rollout_corr/rollout_is_seq_max:1.0 - rollout_corr/rollout_is_seq_min:1.0 - rollout_corr/rollout_is_seq_max_deviation:0.0 - rollout_corr/rollout_is_seq_fraction_high:0.0 - rollout_corr/rollout_is_seq_fraction_low:0.0 - rollout_corr/training_ppl:9.265156191938065 - rollout_corr/training_log_ppl:1.999627618228688 - rollout_corr/kl:0.46462789397029314 - rollout_corr/k3_kl:0.4365321779075791 - rollout_corr/rollout_ppl:4.900352968889124 - rollout_corr/rollout_log_ppl:1.4848809487679424 - rollout_corr/log_ppl_diff:0.5147466712138231 - rollout_corr/log_ppl_abs_diff:0.5150771031484884 - rollout_corr/log_ppl_diff_max:2.368126630783081 - rollout_corr/log_ppl_diff_min:-0.018077731132507324 - rollout_corr/ppl_ratio:1.806877118699691 - rollout_corr/chi2_token:9.901415309485266 - rollout_corr/chi2_seq:-0.889087364077568 - actor/pg_loss:0.2502620254914897 - actor/kl_loss:0.0 - actor/grpo_loss:0.0 - actor/vopd_loss:0.2502620254914897 - actor/vopd_loss_weighted:0.2502620254914897 - actor/policy_fallback_fraction:0.0 - aha/u_mean:0.10844615387374207 - aha/u_neg_valley_frac:0.4462280190166305 - aha/floor_clamped_frac:0.4462280190166305 - aha/q_tail_mass:0.004445948537014534 - aha/argmax_conf:0.6561023592948914 - self_distillation/raw_jsd_token_mean:0.24987264525364428 - self_distillation/weighted_jsd_token_mean:0.24987264525364428 - self_distillation/self_distillation_mask.mean():1.0 - self_distillation/num_distill_tokens:2781.1470588235293 - self_distillation/empty_target_batch:0.0 - actor/grad_norm:0.6146035194396973 - timing_s/update_actor/student_forward:14.548193664013525 - timing_s/update_actor/teacher_forward:19.27315198299766 - timing_s/update_actor/teacher_full_forward:0.0 - timing_s/update_actor/teacher_null_forward:19.236339557013707 - timing_s/update_actor/loss_compute:0.020454886980587617 - timing_s/update_actor/backward:35.34399647197279 - timing_s/update_actor/optimizer_step:0.08608440301031806 - timing_s/update_actor/teacher_ema_update:4.490200080908835e-05 - perf/mfu/actor:0.0 - perf/max_memory_allocated_gb:121.130624294281 - perf/max_memory_reserved_gb:138.98828125 - perf/cpu_memory_used_gb:328.5183792114258 - actor/lr:2e-06 - training/global_step:38 - training/epoch:0 - response_length/mean:246.2473907470703 - response_length/max:1024.0 - response_length/min:16.0 - response_length/clip_ratio:0.0364583320915699 - response_length_non_aborted/mean:246.2473907470703 - response_length_non_aborted/max:1024.0 - response_length_non_aborted/min:16.0 - response_length_non_aborted/clip_ratio:0.0364583320915699 - response/aborted_ratio:0.0 - prompt_length/mean:244.4583282470703 - prompt_length/max:791.0 - prompt_length/min:135.0 - prompt_length/clip_ratio:0.0 - num_turns/min:2 - num_turns/max:2 - num_turns/mean:2.0 - timing_s/start_profile:5.500498809851706e-05 - timing_s/agent_loop/generate_sequences/min:4.6818663319863845 - timing_s/agent_loop/generate_sequences/max:30.134751075995155 - timing_s/agent_loop/generate_sequences/mean:15.345421531907695 - timing_s/agent_loop/tool_calls/min:0.0 - timing_s/agent_loop/tool_calls/max:0.0 - timing_s/agent_loop/tool_calls/mean:0.0 - timing_s/agent_loop/slowest/generate_sequences:30.134751075995155 - timing_s/agent_loop/slowest/tool_calls:0.0 - timing_s/agent_loop/slowest/prompt_length:185 - timing_s/agent_loop/slowest/[36m(TaskRunner pid=949573)[0m Training Progress:  95%|█████████▌| 39/41 [1:44:54<05:27, 163.78s/it]
[36m(TaskRunner pid=949573)[0m Training Progress:  98%|█████████▊| 40/41 [1:47:38<02:43, 163.70s/it]
response_length:1024 - timing_s/gen:36.39992195100058 - timing_s/adv:13.20429748800234 - timing_s/update_actor:97.4977198849956 - timing_s/dump_rollout_generations:0.3399313280096976 - timing_s/step:147.54514909999853 - timing_s/stop_profile:2.433299960102886e-05 - timing_per_token_ms/update_actor:0.2587093415759498 - timing_per_token_ms/adv:0.035037487165069284 - timing_per_token_ms/gen:0.19247201192377553 - perf/total_num_tokens:376862 - perf/time_per_step:147.54514909999853 - perf/throughput:1277.1073881411794
[36m(TaskRunner pid=949573)[0m Dumped generations to /sfs/weka/scratch/nkw3mr/Vision-OPD-OPSA/rollouts/Aha-floor-Qwen3.5-4B/39.jsonl
[36m(TaskRunner pid=949573)[0m step:39 - global_seqlen/min:184443 - global_seqlen/max:223090 - global_seqlen/minmax_diff:38647 - global_seqlen/balanced_min:203753 - global_seqlen/balanced_max:203780 - global_seqlen/mean:203766.5 - self_distillation/teacher_always_on_fraction:1.0 - self_distillation/teacher_image_swap_fraction:1.0 - self_distillation/policy_fallback_fraction:0.0 - self_distillation/grpo_fallback_count:0.0 - rollout_corr/rollout_is_mean:1.0 - rollout_corr/rollout_is_ratio_fraction_high:0.0 - rollout_corr/rollout_is_ratio_fraction_low:0.0 - rollout_corr/rollout_is_max:1.0 - rollout_corr/rollout_is_min:1.0 - rollout_corr/rollout_is_std:0.0 - rollout_corr/rollout_is_eff_sample_size:1.0 - rollout_corr/rollout_is_seq_mean:1.0 - rollout_corr/rollout_is_seq_std:0.0 - rollout_corr/rollout_is_seq_max:1.0 - rollout_corr/rollout_is_seq_min:1.0 - rollout_corr/rollout_is_seq_max_deviation:0.0 - rollout_corr/rollout_is_seq_fraction_high:0.0 - rollout_corr/rollout_is_seq_fraction_low:0.0 - rollout_corr/training_ppl:9.190879402933893 - rollout_corr/training_log_ppl:1.9498646001558047 - rollout_corr/kl:0.4096096623185519 - rollout_corr/k3_kl:0.40678515899423007 - rollout_corr/rollout_ppl:4.858328748393703 - rollout_corr/rollout_log_ppl:1.4530880386764937 - rollout_corr/log_ppl_diff:0.49677655986837443 - rollout_corr/log_ppl_abs_diff:0.49721946144426193 - rollout_corr/log_ppl_diff_max:2.254798412322998 - rollout_corr/log_ppl_diff_min:-0.013920187950134277 - rollout_corr/ppl_ratio:1.7891533358677014 - rollout_corr/chi2_token:33.45828979240881 - rollout_corr/chi2_seq:-0.8496347826880377 - actor/pg_loss:0.24504479892978753 - actor/kl_loss:0.0 - actor/grpo_loss:0.0 - actor/vopd_loss:0.24504479892978753 - actor/vopd_loss_weighted:0.24504479892978753 - actor/policy_fallback_fraction:0.0 - aha/u_mean:0.07752853684832116 - aha/u_neg_valley_frac:0.45969369322867004 - aha/floor_clamped_frac:0.45969369322867004 - aha/q_tail_mass:0.004324467133768406 - aha/argmax_conf:0.5857031345367432 - self_distillation/raw_jsd_token_mean:0.24192819754416878 - self_distillation/weighted_jsd_token_mean:0.24192819754416878 - self_distillation/self_distillation_mask.mean():1.0 - self_distillation/num_distill_tokens:2545.1486486486483 - self_distillation/empty_target_batch:0.0 - actor/grad_norm:0.40036410093307495 - timing_s/update_actor/student_forward:16.99698643301963 - timing_s/update_actor/teacher_forward:21.824304876936367 - timing_s/update_actor/teacher_full_forward:0.0 - timing_s/update_actor/teacher_null_forward:22.679932223953074 - timing_s/update_actor/loss_compute:0.022231606984860264 - timing_s/update_actor/backward:41.75162342902331 - timing_s/update_actor/optimizer_step:0.08641632199578453 - timing_s/update_actor/teacher_ema_update:4.598298983182758e-05 - perf/mfu/actor:0.0 - perf/max_memory_allocated_gb:121.130624294281 - perf/max_memory_reserved_gb:138.98828125 - perf/cpu_memory_used_gb:330.2279052734375 - actor/lr:2e-06 - training/global_step:39 - training/epoch:0 - response_length/mean:245.2356719970703 - response_length/max:1024.0 - response_length/min:13.0 - response_length/clip_ratio:0.0325520820915699 - response_length_non_aborted/mean:245.2356719970703 - response_length_non_aborted/max:1024.0 - response_length_non_aborted/min:13.0 - response_length_non_aborted/clip_ratio:0.0325520820915699 - response/aborted_ratio:0.0 - prompt_length/mean:285.40625 - prompt_length/max:3330.0 - prompt_length/min:136.0 - prompt_length/clip_ratio:0.0 - num_turns/min:2 - num_turns/max:2 - num_turns/mean:2.0 - timing_s/start_profile:3.355600347276777e-05 - timing_s/agent_loop/generate_sequences/min:3.871271401003469 - timing_s/agent_loop/generate_sequences/max:30.914017265007715 - timing_s/agent_loop/generate_sequences/mean:16.024614890680954 - timing_s/agent_loop/tool_calls/min:0.0 - timing_s/agent_loop/tool_calls/max:0.0 - timing_s/agent_loop/tool_calls/mean:0.0 - timing_s/agent_loop/slowest/generate_sequences:30.914017265007715 - timing_s/agent_loop/slowest/tool_calls:0.0 - timing_s/agent_loop/slowest/prompt_length:192 - timing_s/agent_loop/slowest/response_length:1024 - timing_s/gen:37.822003134991974 - timing_s/adv:14.221670097991591 - timing_s/update_actor:111.92346328499843 - timing_s/dump_rollout_generations:0.2961544850113569 - timing_s/step:164.3686885920033 - timing_s/stop_profile:2.5425004423595965e-05 - timing_per_token_ms/update_actor:0.2746365651002457 - timing_per_token_ms/adv:0.034896977908516834 - timing_per_token_ms/gen:0.20081662057115537 - perf/total_num_tokens:407533 - perf/time_per_step:164.3686885920033 - perf/throughput:1239.6917061605943
[36m(TaskRunner pid=949573)[0m Dumped generations to /sfs/weka/scratch/nkw3mr/Vision-OPD-OPSA/rollouts/Aha-floor-Qwen3.5-4B/40.jsonl
[36m(TaskRunner pid=949573)[0m local_global_step_folder: /sfs/weka/scratch/nkw3mr/Vision-OPD-OPSA/checkpoints/Aha-floor-Qwen3.5-4B/global_step_40
[36m(TaskRunner pid=949573)[0m step:40 - global_seqlen/min:162256 - global_seqlen/max:197543 - global_seqlen/minmax_diff:35287 - global_seqlen/balanced_min:179890 - global_seqlen/balanced_max:179909 - global_seqlen/mean:179899.5 - self_distillation/teacher_always_on_fraction:1.0 - self_distillation/teacher_image_swap_fraction:1.0 - self_distillation/policy_fallback_fraction:0.0 - self_distillation/grpo_fallback_count:0.0 - rollout_corr/rollout_is_mean:1.0 - rollout_corr/rollout_is_ratio_fraction_high:0.0 - rollout_corr/rollout_is_ratio_fraction_low:0.0 - rollout_corr/rollout_is_max:1.0 - rollout_corr/rollout_is_min:1.0 - rollout_corr/rollout_is_std:0.0 - rollout_corr/rollout_is_eff_sample_size:1.0 - rollout_corr/rollout_is_seq_mean:1.0 - rollout_corr/rollout_is_seq_std:0.0 - rollout_corr/rollout_is_seq_max:1.0 - rollout_corr/rollout_is_seq_min:1.0 - rollout_corr/rollout_is_seq_max_deviation:0.0 - rollout_corr/rollout_is_seq_fraction_high:0.0 - rollout_corr/rollout_is_seq_fraction_low:0.0 - rollout_corr/training_ppl:9.330977827310562 - rollout_corr/training_log_ppl:1.9717029388993979 - rollout_corr/kl:0.44930506590753794 - rollout_corr/k3_kl:0.4306175666861236 - rollout_corr/rollout_ppl:4.649988245218992 - rollout_corr/rollout_log_ppl:1.4284158125519753 - rollout_corr/log_ppl_diff:0.5432871202938259 - rollout_corr/log_ppl_abs_diff:0.5438252524472773 - rollout_corr/log_ppl_diff_max:2.244947671890259 - rollout_corr/log_ppl_diff_min:-0.03078162670135498 - rollout_corr/ppl_ratio:1.8963147271424532 - rollout_corr/chi2_token:17.984889129176736 - rollout_corr/chi2_seq:-0.897393967024982 - actor/pg_loss:0.24407591798808426 - actor/kl_loss:0.0 - actor/grpo_loss:0.0 - actor/vopd_loss:0.24407591798808426 - actor/vopd_loss_weighted:0.24407591798808426 - actor/policy_fallback_fraction:0.0 - aha/u_mean:0.09985560053610243 - aha/u_neg_valley_frac:0.4544124663807452 - aha/floor_clamped_frac:0.4544124663807452 - aha/q_tail_mass:0.0037925605356576853 - aha/argmax_conf:0.5966271162033081 - self_distillation/raw_jsd_token_mean:0.2432760673109442 - self_distillation/weighted_jsd_token_mean:0.2432760673109442 - self_distillation/self_distillation_mask.mean():1.0 - self_distillation/num_distill_tokens:2703.984375 - self_distillation/empty_target_batch:0.0 - actor/grad_norm:0.9988344311714172 - timing_s/update_actor/student_forward:13.99351022396877 - timing_s/update_actor/teacher_forward:18.316107098027715 - timing_s/update_actor/teacher_full_forward:0.0 - timing_s/update_actor/teacher_null_forward:19.009951638014172 - timing_s/update_actor/loss_compute:0.01927193097071722 - timing_s/update_actor/backward:34.374216550044366 - timing_s/update_actor/optimizer_step:0.08714993600733578 - timing_s/update_actor/teacher_ema_update:4.856700252275914e-05 - perf/mfu/actor:0.0 - perf/max_memory_allocated_gb:121.130624294281 - perf/max_memory_reserved_gb:138.98828125 - perf/cpu_memory_used_gb:323.8630676269531 - actor/lr:2e-06 - training/global_step:40 - training/epoch:0 - response_length/mean:225.33203125 - response_length/max:1024.0 - response_length/min:3.0 - response_length/clip_ratio:0.03515625 - response_length_non_aborted/mean:225.33203125 - response_length_non_aborted/max:1024.0 - response_length_non_aborted/min:3.0 - response_length_non_aborted/clip_ratio:0.03515625 - response/aborted_ratio:0.0 - prompt_length/mean:243.15625 - prompt_length/max:795.0 - prompt_length/min:113.0 - prompt_length/clip_ratio:0.0 - num_turns/min:2 - num_turns/max:2 - num_turns/mean:2.0 - timing_s/start_profile:2.4945009499788284e-05 - timing_s/agent_loop/generate_sequences/min:1.6372479730052873 - timing_s/agent_loop/generate_sequences/max:28.957990075999987 - timing_s/agent_loop/generate_sequences/mean:14.166028406756292 - timing_s/agent_loop/tool_calls/min:0.0 - timing_s/agent_loop/tool_calls/max:0.0 - timing_s/agent_loop/tool_calls/mean:0.0 - timing_s/agent_loop/slowest/generate_sequences:28.957990075999987 - timing_s/agent_loop/slowest/tool_calls:0.0 - timing_s/agent_loop/slowest/prompt_length:308 - timing_s/agent_loop/slowest/response_length:1024 - timing_s/gen:35[36m(WorkerDict pid=961243)[0m /sfs/weka/scratch/nkw3mr/Vision-OPD-OPSA/verl/utils/device.py:134: FutureWarning: torch.cuda._set_allocator_settings is deprecated. Use torch._C._accelerator_setAllocatorSettings instead.
[36m(WorkerDict pid=961243)[0m   torch.cuda.memory._set_allocator_settings(f"expandable_segments:{enable}")
[36m(TaskRunner pid=949573)[0m Training Progress: 100%|██████████| 41/41 [1:50:25<00:00, 164.68s/it]Training Progress: 100%|██████████| 41/41 [1:50:25<00:00, 161.60s/it]
[36m(WorkerDict pid=961244)[0m /sfs/weka/scratch/nkw3mr/Vision-OPD-OPSA/verl/utils/device.py:134: FutureWarning: torch.cuda._set_allocator_settings is deprecated. Use torch._C._accelerator_setAllocatorSettings instead.
[36m(WorkerDict pid=961244)[0m   torch.cuda.memory._set_allocator_settings(f"expandable_segments:{enable}")
[36m(TaskRunner pid=949573)[0m wandb: uploading config.yaml
[36m(TaskRunner pid=949573)[0m wandb: 
[36m(TaskRunner pid=949573)[0m wandb: Run history:
[36m(TaskRunner pid=949573)[0m wandb:                actor/grad_norm █▄▄▃▃▃▂▄▃▂▃▃▂▂▂▂▂▂▃▁▂▁▂▃▁▂▁▃▁▁▃▂▁▁▂▂▄▂▁▂
[36m(TaskRunner pid=949573)[0m wandb:                actor/grpo_loss ▁▁▁▁▁▁▁▁▁▁▁▁▁▁▁▁▁▁▁▁▁▁▁▁▁▁▁▁▁▁▁▁▁▁▁▁▁▁▁▁
[36m(TaskRunner pid=949573)[0m wandb:                  actor/kl_loss ▁▁▁▁▁▁▁▁▁▁▁▁▁▁▁▁▁▁▁▁▁▁▁▁▁▁▁▁▁▁▁▁▁▁▁▁▁▁▁▁
[36m(TaskRunner pid=949573)[0m wandb:                       actor/lr ▁▂▂▃▄▅▅▆▇▇██████████████████████████████
[36m(TaskRunner pid=949573)[0m wandb:                  actor/pg_loss ▄▄▄▄▄▃▄▄▄▂▂▁▃▅▃▅▃▄▂▆▄▄▅▆▇▆▆█▆▇▆█▇▅▅▆▇▆▅▆
[36m(TaskRunner pid=949573)[0m wandb: actor/policy_fallback_fraction ▁▁▁▁▁▁▁▁▁▁▁▁▁▁▁▁▁▁▁▁▁▁▁▁▁▁▁▁▁▁▁▁▁▁▁▁▁▁▁▁
[36m(TaskRunner pid=949573)[0m wandb:                actor/vopd_loss ▄▄▄▄▄▃▄▄▄▂▂▁▃▅▃▅▃▄▂▆▄▄▅▆▇▆▆█▆▇▆█▇▅▅▆▇▆▅▆
[36m(TaskRunner pid=949573)[0m wandb:       actor/vopd_loss_weighted ▄▄▄▄▄▃▄▄▄▂▂▁▃▅▃▅▃▄▂▆▄▄▅▆▇▆▆█▆▇▆█▇▅▅▆▇▆▅▆
[36m(TaskRunner pid=949573)[0m wandb:                aha/argmax_conf ████▇█▇▆▆▅▃▃▄▃▄▄▃▂▄▃▂▂▂▂▂▃▁▁▂▅▂▁▃▄▂▄▁▃▁▃
[36m(TaskRunner pid=949573)[0m wandb:         aha/floor_clamped_frac ▇█▇██▇▇▇▆▆▅▄▅▅▄▄▃▃▃▂▃▃▂▃▂▂▂▁▂▂▂▂▁▂▁▁▁▁▂▁
[36m(TaskRunner pid=949573)[0m wandb:                            +99 ...
[36m(TaskRunner pid=949573)[0m wandb: 
[36m(TaskRunner pid=949573)[0m wandb: Run summary:
[36m(TaskRunner pid=949573)[0m wandb:                actor/grad_norm 0.80106
[36m(TaskRunner pid=949573)[0m wandb:                actor/grpo_loss 0
[36m(TaskRunner pid=949573)[0m wandb:                  actor/kl_loss 0
[36m(TaskRunner pid=949573)[0m wandb:                       actor/lr 0.0
[36m(TaskRunner pid=949573)[0m wandb:                  actor/pg_loss 0.25061
[36m(TaskRunner pid=949573)[0m wandb: actor/policy_fallback_fraction 0
[36m(TaskRunner pid=949573)[0m wandb:                actor/vopd_loss 0.25061
[36m(TaskRunner pid=949573)[0m wandb:       actor/vopd_loss_weighted 0.25061
[36m(TaskRunner pid=949573)[0m wandb:                aha/argmax_conf 0.64706
[36m(TaskRunner pid=949573)[0m wandb:         aha/floor_clamped_frac 0.45195
[36m(TaskRunner pid=949573)[0m wandb:                            +99 ...
[36m(TaskRunner pid=949573)[0m wandb: 
[36m(TaskRunner pid=949573)[0m wandb: 🚀 View run Aha-floor-Qwen3.5-4B at: https://wandb.ai/nkw3mr-university-of-virginia/Vision-OPD-StateAdaptive/runs/fmupcm6l
[36m(TaskRunner pid=949573)[0m wandb: ⭐️ View project at: https://wandb.ai/nkw3mr-university-of-virginia/Vision-OPD-StateAdaptive
[36m(TaskRunner pid=949573)[0m wandb: Synced 5 W&B file(s), 0 media file(s), 0 artifact file(s) and 0 other file(s)
[36m(TaskRunner pid=949573)[0m wandb: Find logs at: ./wandb/run-20260908_041259-fmupcm6l/logs
.89382130099693 - timing_s/adv:13.923178035009187 - timing_s/update_actor:93.7444600960007 - timing_s/dump_rollout_generations:0.2874930529942503 - timing_s/step:143.9736088560021 - timing_s/save_checkpoint:19.487748961997568 - timing_s/stop_profile:2.7317990316078067e-05 - timing_per_token_ms/update_actor:0.2605467499798518 - timing_per_token_ms/adv:0.03869710042276156 - timing_per_token_ms/gen:0.20741279535983898 - perf/total_num_tokens:359799 - perf/time_per_step:143.9736088560021 - perf/throughput:1249.5310871864708
[36m(TaskRunner pid=949573)[0m Dumped generations to /sfs/weka/scratch/nkw3mr/Vision-OPD-OPSA/rollouts/Aha-floor-Qwen3.5-4B/41.jsonl
[36m(TaskRunner pid=949573)[0m local_global_step_folder: /sfs/weka/scratch/nkw3mr/Vision-OPD-OPSA/checkpoints/Aha-floor-Qwen3.5-4B/global_step_41
[36m(TaskRunner pid=949573)[0m step:41 - global_seqlen/min:176135 - global_seqlen/max:180856 - global_seqlen/minmax_diff:4721 - global_seqlen/balanced_min:178484 - global_seqlen/balanced_max:178507 - global_seqlen/mean:178495.5 - self_distillation/teacher_always_on_fraction:1.0 - self_distillation/teacher_image_swap_fraction:1.0 - self_distillation/policy_fallback_fraction:0.0 - self_distillation/grpo_fallback_count:0.0 - rollout_corr/rollout_is_mean:1.0 - rollout_corr/rollout_is_ratio_fraction_high:0.0 - rollout_corr/rollout_is_ratio_fraction_low:0.0 - rollout_corr/rollout_is_max:1.0 - rollout_corr/rollout_is_min:1.0 - rollout_corr/rollout_is_std:0.0 - rollout_corr/rollout_is_eff_sample_size:1.0 - rollout_corr/rollout_is_seq_mean:1.0 - rollout_corr/rollout_is_seq_std:0.0 - rollout_corr/rollout_is_seq_max:1.0 - rollout_corr/rollout_is_seq_min:1.0 - rollout_corr/rollout_is_seq_max_deviation:0.0 - rollout_corr/rollout_is_seq_fraction_high:0.0 - rollout_corr/rollout_is_seq_fraction_low:0.0 - rollout_corr/training_ppl:9.471223540604115 - rollout_corr/training_log_ppl:1.9925494268536568 - rollout_corr/kl:0.507256681099534 - rollout_corr/k3_kl:0.6552275894209743 - rollout_corr/rollout_ppl:4.589996837079525 - rollout_corr/rollout_log_ppl:1.4176104757934809 - rollout_corr/log_ppl_diff:0.5749389533884823 - rollout_corr/log_ppl_abs_diff:0.5753173232078552 - rollout_corr/log_ppl_diff_max:2.5328609943389893 - rollout_corr/log_ppl_diff_min:-0.022661566734313965 - rollout_corr/ppl_ratio:1.9693264178931713 - rollout_corr/chi2_token:4858.2839530501515 - rollout_corr/chi2_seq:-0.8891663150861859 - actor/pg_loss:0.25060667765016353 - actor/kl_loss:0.0 - actor/grpo_loss:0.0 - actor/vopd_loss:0.25060667765016353 - actor/vopd_loss_weighted:0.25060667765016353 - actor/policy_fallback_fraction:0.0 - aha/u_mean:0.10325609065330354 - aha/u_neg_valley_frac:0.45194600662216544 - aha/floor_clamped_frac:0.45194600662216544 - aha/q_tail_mass:0.0038517298689839663 - aha/argmax_conf:0.6470563411712646 - self_distillation/raw_jsd_token_mean:0.2505878412630409 - self_distillation/weighted_jsd_token_mean:0.2505878412630409 - self_distillation/self_distillation_mask.mean():1.0 - self_distillation/num_distill_tokens:2487.609375 - self_distillation/empty_target_batch:0.0 - actor/grad_norm:0.801062822341919 - timing_s/update_actor/student_forward:15.199720974022057 - timing_s/update_actor/teacher_forward:19.096209152019583 - timing_s/update_actor/teacher_full_forward:0.0 - timing_s/update_actor/teacher_null_forward:18.811162692974904 - timing_s/update_actor/loss_compute:0.019372285023564473 - timing_s/update_actor/backward:34.263827383038006 - timing_s/update_actor/optimizer_step:0.0876895230030641 - timing_s/update_actor/teacher_ema_update:7.145799463614821e-05 - perf/mfu/actor:0.0 - perf/max_memory_allocated_gb:121.130624294281 - perf/max_memory_reserved_gb:138.98828125 - perf/cpu_memory_used_gb:327.2494430541992 - actor/lr:2e-06 - training/global_step:41 - training/epoch:0 - response_length/mean:207.30078125 - response_length/max:1024.0 - response_length/min:15.0 - response_length/clip_ratio:0.02083333395421505 - response_length_non_aborted/mean:207.30078125 - response_length_non_aborted/max:1024.0 - response_length_non_aborted/min:15.0 - response_length_non_aborted/clip_ratio:0.02083333395421505 - response/aborted_ratio:0.0 - prompt_length/mean:257.53125 - prompt_length/max:798.0 - prompt_length/min:167.0 - prompt_length/clip_ratio:0.0 - num_turns/min:2 - num_turns/max:2 - num_turns/mean:2.0 - timing_s/start_profile:7.496299804188311e-05 - timing_s/agent_loop/generate_sequences/min:5.1459253009961685 - timing_s/agent_loop/generate_sequences/max:27.951685403997544 - timing_s/agent_loop/generate_sequences/mean:14.06531050412398 - timing_s/agent_loop/tool_calls/min:0.0 - timing_s/agent_loop/tool_calls/max:0.0 - timing_s/agent_loop/tool_calls/mean:0.0 - timing_s/agent_loop/slowest/generate_sequences:27.951685403997544 - timing_s/agent_loop/slowest/tool_calls:0.0 - timing_s/agent_loop/slowest/prompt_length:206 - timing_s/agent_loop/slowest/response_length:1024 - timing_s/gen:33.6250275420025 - timing_s/adv:13.445960766999633 - timing_s/update_actor:97.14640871300071 - timing_s/dump_rollout_generations:0.2986541709979065 - timing_s/step:144.62194217400975 - timing_s/save_checkpoint:22.108451271997183 - timing_s/stop_profile:2.8730006306432188e-05 - timing_per_token_ms/update_actor:0.27212565222372753 - timing_per_token_ms/adv:0.03766470518024161 - timing_per_token_ms/gen:0.21120319798754136 - perf/total_num_tokens:356991 - perf/time_per_step:144.62194217400975 - perf/throughput:1234.2214280681796
[36m(TaskRunner pid=949573)[0m 'Final validation metrics: None'
