Running: OPSA-Qwen3.5-4B-think  (mode=entropy frac=0.2 adv=[-1.0,-0.5])
2026-09-07 14:35:57,638	INFO worker.py:1998 -- Started a local Ray instance. View the dashboard at [1m[32mhttp://127.0.0.1:8265 [39m[22m
/sfs/weka/scratch/nkw3mr/envs/vision-opd/lib/python3.12/site-packages/ray/_private/worker.py:2046: FutureWarning: Tip: In future versions of Ray, Ray will no longer override accelerator visible devices env var if num_gpus=0 or num_gpus=None (default). To enable this behavior and turn off this error message, set RAY_ACCEL_ENV_VAR_OVERRIDE_ON_ZERO=0
  warnings.warn(
[36m(TaskRunner pid=929411)[0m /sfs/weka/scratch/nkw3mr/Vision-OPD-OPSA/verl/trainer/main_ppo.py:320: UserWarning: Disabled critic as algorithm.adv_estimator != gae. If it is not intended, please set critic.enable=True
[36m(TaskRunner pid=929411)[0m   use_critic=need_critic(config),
ray init kwargs: {'num_cpus': None, 'runtime_env': {'env_vars': {'TOKENIZERS_PARALLELISM': 'true', 'NCCL_DEBUG': 'WARN', 'VLLM_LOGGING_LEVEL': 'WARN', 'VLLM_ALLOW_RUNTIME_LORA_UPDATING': 'true', 'VLLM_ALLREDUCE_USE_SYMM_MEM': '0', 'CUDA_DEVICE_MAX_CONNECTIONS': '1', 'NCCL_CUMEM_ENABLE': '0'}, 'working_dir': None}}
[36m(TaskRunner pid=929411)[0m TaskRunner hostname: udc-aw37-6, PID: 929411
[36m(TaskRunner pid=929411)[0m {'actor_rollout_ref': {'actor': {'_target_': 'verl.workers.config.FSDPActorConfig',
[36m(TaskRunner pid=929411)[0m                                  'calculate_entropy': True,
[36m(TaskRunner pid=929411)[0m                                  'calculate_sum_pi_squared': False,
[36m(TaskRunner pid=929411)[0m                                  'checkpoint': {'_target_': 'verl.trainer.config.CheckpointConfig',
[36m(TaskRunner pid=929411)[0m                                                 'async_save': False,
[36m(TaskRunner pid=929411)[0m                                                 'load_contents': ['model',
[36m(TaskRunner pid=929411)[0m                                                                   'optimizer',
[36m(TaskRunner pid=929411)[0m                                                                   'extra'],
[36m(TaskRunner pid=929411)[0m                                                 'save_contents': ['model',
[36m(TaskRunner pid=929411)[0m                                                                   'optimizer',
[36m(TaskRunner pid=929411)[0m                                                                   'extra']},
[36m(TaskRunner pid=929411)[0m                                  'clip_ratio': 0.2,
[36m(TaskRunner pid=929411)[0m                                  'clip_ratio_c': 3.0,
[36m(TaskRunner pid=929411)[0m                                  'clip_ratio_high': 0.3,
[36m(TaskRunner pid=929411)[0m                                  'clip_ratio_low': 0.2,
[36m(TaskRunner pid=929411)[0m                                  'data_loader_seed': 42,
[36m(TaskRunner pid=929411)[0m                                  'entropy_checkpointing': False,
[36m(TaskRunner pid=929411)[0m                                  'entropy_coeff': 0,
[36m(TaskRunner pid=929411)[0m                                  'entropy_from_logits_with_chunking': False,
[36m(TaskRunner pid=929411)[0m                                  'freeze_vision_tower': False,
[36m(TaskRunner pid=929411)[0m                                  'fsdp_config': {'_target_': 'verl.workers.config.FSDPEngineConfig',
[36m(TaskRunner pid=929411)[0m                                                  'dtype': 'bfloat16',
[36m(TaskRunner pid=929411)[0m                                                  'entropy_checkpointing': False,
[36m(TaskRunner pid=929411)[0m                                                  'entropy_from_logits_with_chunking': False,
[36m(TaskRunner pid=929411)[0m                                                  'forward_only': False,
[36m(TaskRunner pid=929411)[0m                                                  'forward_prefetch': False,
[36m(TaskRunner pid=929411)[0m                                                  'fsdp_size': -1,
[36m(TaskRunner pid=929411)[0m                                                  'full_determinism': False,
[36m(TaskRunner pid=929411)[0m                                                  'model_dtype': 'fp32',
[36m(TaskRunner pid=929411)[0m                                                  'offload_policy': False,
[36m(TaskRunner pid=929411)[0m                                                  'optimizer_offload': True,
[36m(TaskRunner pid=929411)[0m                                                  'param_offload': True,
[36m(TaskRunner pid=929411)[0m                                                  'reshard_after_forward': True,
[36m(TaskRunner pid=929411)[0m                                                  'seed': 42,
[36m(TaskRunner pid=929411)[0m                                                  'strategy': 'fsdp',
[36m(TaskRunner pid=929411)[0m                                                  'ulysses_sequence_parallel_size': 1,
[36m(TaskRunner pid=929411)[0m                                                  'use_orig_params': False,
[36m(TaskRunner pid=929411)[0m                                                  'use_torch_compile': True,
[36m(TaskRunner pid=929411)[0m                                                  'wrap_policy': {'min_num_params': 0}},
[36m(TaskRunner pid=929411)[0m                                  'grad_clip': 1.0,
[36m(TaskRunner pid=929411)[0m                                  'kl_loss_coef': 0.001,
[36m(TaskRunner pid=929411)[0m                                  'kl_loss_type': 'low_var_kl',
[36m(TaskRunner pid=929411)[0m                                  'loss_agg_mode': 'token-mean',
[36m(TaskRunner pid=929411)[0m                                  'loss_scale_factor': None,
[36m(TaskRunner pid=929411)[0m                                  'optim': {'_target_': 'verl.workers.config.FSDPOptimizerConfig',
[36m(TaskRunner pid=929411)[0m                                            'betas': [0.9, 0.98],
[36m(TaskRunner pid=929411)[0m                                            'clip_grad': 1.0,
[36m(TaskRunner pid=929411)[0m                                            'lr': 1e-06,
[36m(TaskRunner pid=929411)[0m                                            'lr_scheduler_type': 'constant',
[36m(TaskRunner pid=929411)[0m                                            'lr_warmup_steps': 0,
[36m(TaskRunner pid=929411)[0m                                            'lr_warmup_steps_ratio': 0.0,
[36m(TaskRunner pid=929411)[0m                                            'min_lr_ratio': 0.0,
[36m(TaskRunner pid=929411)[0m                                            'num_cycles': 0.5,
[36m(TaskRunner pid=929411)[0m                                            'optimizer': 'AdamW',
[36m(TaskRunner pid=929411)[0m                                            'optimizer_impl': 'torch.optim',
[36m(TaskRunner pid=929411)[0m                                            'override_optimizer_config': None,
[36m(TaskRunner pid=929411)[0m                                            'total_training_steps': -1,
[36m(TaskRunner pid=929411)[0m                                            'warmup_style': None,
[36m(TaskRunner pid=929411)[0m                                            'weight_decay': 0.1},
[36m(TaskRunner pid=929411)[0m                                  'policy_loss': {'_target_': 'verl.workers.config.PolicyLossConfig',
[36m(TaskRunner pid=929411)[0m                                                  'clip_cov_lb': 1.0,
[36m(TaskRunner pid=929411)[0m                                                  'clip_cov_ratio': 0.0002,
[36m(TaskRunner pid=929411)[0m                                                  'clip_cov_ub': 5.0,
[36m(TaskRunner pid=929411)[0m                                                  'kl_cov_ratio': 0.0002,
[36m(TaskRunner pid=929411)[0m                                                  'loss_mode': 'vopd',
[36m(TaskRunner pid=929411)[0m                                                  'ppo_kl_coef': 0.1},
[36m(TaskRunner pid=929411)[0m                                  'ppo_epochs': 1,
[36m(TaskRunner pid=929411)[0m                                  'ppo_max_token_len_per_gpu': 12288,
[36m(TaskRunner pid=929411)[0m                                  'ppo_micro_batch_size': None,
[36m(TaskRunner pid=929411)[0m                                  'ppo_micro_batch_size_per_gpu': 1,
[36m(TaskRunner pid=929411)[0m                                  'ppo_mini_batch_size': 64,
[36m(TaskRunner pid=929411)[0m                                  'profiler': {'_target_': 'verl.utils.profiler.ProfilerConfig',
[36m(TaskRunner pid=929411)[0m                                               'all_ranks': False,
[36m(TaskRunner pid=929411)[0m                                               'enable': False,
[36m(TaskRunner pid=929411)[0m                                               'ranks': [],
[36m(TaskRunner pid=929411)[0m                                               'save_path': 'outputs/profile',
[36m(TaskRunner pid=929411)[0m                                               'tool': None,
[36m(TaskRunner pid=929411)[0m                                               'tool_config': {'npu': {'_target_': 'verl.utils.profiler.config.NPUToolConfig',
[36m(TaskRunner pid=929411)[0m                                                                       'analysis': True,
[36m(TaskRunner pid=929411)[0m                                                                       'contents': [],
[36m(TaskRunner pid=929411)[0m                                                                       'discrete': False,
[36m(TaskRunner pid=929411)[0m                                                                       'level': 'level0'},
[36m(TaskRunner pid=929411)[0m                                                               'nsys': {'_target_': 'verl.utils.profiler.config.NsightToolConfig',
[36m(TaskRunner pid=929411)[0m                                                                        'discrete': False},
[36m(TaskRunner pid=929411)[0m                                                               'torch': {'_target_': 'verl.utils.profiler.config.TorchProfilerToolConfig',
[36m(TaskRunner pid=929411)[0m                                                                         'step_end': None,
[36m(TaskRunner pid=929411)[0m                                                                         'step_start': 0},
[36m(TaskRunner pid=929411)[0m                                                               'torch_memory': {'_target_': 'verl.utils.profiler.config.TorchMemoryToolConfig',
[36m(TaskRunner pid=929411)[0m                                                                                'stack_depth': 32,
[36m(TaskRunner pid=929411)[0m                                                                                'trace_alloc_max_entries': 100000}}},
[36m(TaskRunner pid=929411)[0m                                  'rollout_n': 1,
[36m(TaskRunner pid=929411)[0m                                  'router_replay': {'_target_': 'verl.workers.config.RouterReplayConfig',
[36m(TaskRunner pid=929411)[0m                                                    'mode': 'disabled',
[36m(TaskRunner pid=929411)[0m                                                    'record_file': None,
[36m(TaskRunner pid=929411)[0m                                                    'replay_file': None},
[36m(TaskRunner pid=929411)[0m                                  'self_distillation': {'_target_': 'verl.workers.config.SelfDistillationConfig',
[36m(TaskRunner pid=929411)[0m                                                        'alpha': 0.5,
[36m(TaskRunner pid=929411)[0m                                                        'answer_hint_template': '\n'
[36m(TaskRunner pid=929411)[0m                                                                                '\n'
[36m(TaskRunner pid=929411)[0m                                                                                'Here '
[36m(TaskRunner pid=929411)[0m                                                                                'is '
[36m(TaskRunner pid=929411)[0m                                                                                'a '
[36m(TaskRunner pid=929411)[0m                                                                                'reference '
[36m(TaskRunner pid=929411)[0m                                                                                'solution '
[36m(TaskRunner pid=929411)[0m                                                                                'to '
[36m(TaskRunner pid=929411)[0m                                                                                'this '
[36m(TaskRunner pid=929411)[0m                                                                                'problem:\n'
[36m(TaskRunner pid=929411)[0m                                                                                '{answer}\n'
[36m(TaskRunner pid=929411)[0m                                                                                '\n'
[36m(TaskRunner pid=929411)[0m                                                                                'After '
[36m(TaskRunner pid=929411)[0m                                                                                'understanding '
[36m(TaskRunner pid=929411)[0m                                                                                'the '
[36m(TaskRunner pid=929411)[0m                                                                                'reference '
[36m(TaskRunner pid=929411)[0m                                                                                'solution, '
[36m(TaskRunner pid=929411)[0m                                                                                'please '
[36m(TaskRunner pid=929411)[0m                                                                                'try '
[36m(TaskRunner pid=929411)[0m                                                                                'to '
[36m(TaskRunner pid=929411)[0m                                                                                'solve '
[36m(TaskRunner pid=929411)[0m                                                                                'this '
[36m(TaskRunner pid=929411)[0m                                                                                'problem '
[36m(TaskRunner pid=929411)[0m                                                                                'using '
[36m(TaskRunner pid=929411)[0m                                                                                'your '
[36m(TaskRunner pid=929411)[0m                                                                                'own '
[36m(TaskRunner pid=929411)[0m                                                                                'approach '
[36m(TaskRunner pid=929411)[0m                                                                                'below:',
[36m(TaskRunner pid=929411)[0m                                                        'distillation_add_tail': True,
[36m(TaskRunner pid=929411)[0m                                                        'distillation_topk': None,
[36m(TaskRunner pid=929411)[0m                                                        'dont_reprompt_on_self_success': True,
[36m(TaskRunner pid=929411)[0m                                                        'environment_feedback_only_without_solution': True,
[36m(TaskRunner pid=929411)[0m                                                        'evt_clip_neg': 2.0,
[36m(TaskRunner pid=929411)[0m                                                        'evt_clip_pos': 1.0,
[36m(TaskRunner pid=929411)[0m                                                        'evt_ema_eta': 0.05,
[36m(TaskRunner pid=929411)[0m                                                        'evt_enable': False,
[36m(TaskRunner pid=929411)[0m                                                        'evt_negative_only': False,
[36m(TaskRunner pid=929411)[0m                                                        'evt_neutral_base': 0.0,
[36m(TaskRunner pid=929411)[0m                                                        'evt_token_fraction': 0.2,
[36m(TaskRunner pid=929411)[0m                                                        'evt_ubar_init': None,
[36m(TaskRunner pid=929411)[0m                                                        'fallback_to_policy_loss_on_missing_teacher': False,
[36m(TaskRunner pid=929411)[0m                                                        'feedback_template': '\n'
[36m(TaskRunner pid=929411)[0m                                                                             'The '
[36m(TaskRunner pid=929411)[0m                                                                             'following '
[36m(TaskRunner pid=929411)[0m                                                                             'is '
[36m(TaskRunner pid=929411)[0m                                                                             'feedback '
[36m(TaskRunner pid=929411)[0m                                                                             'from '
[36m(TaskRunner pid=929411)[0m                                                                             'your '
[36m(TaskRunner pid=929411)[0m                                                                             'unsuccessful '
[36m(TaskRunner pid=929411)[0m                                                                             'earlier '
[36m(TaskRunner pid=929411)[0m                                                                             'attempt:\n'
[36m(TaskRunner pid=929411)[0m                                                                             '\n'
[36m(TaskRunner pid=929411)[0m                                                                             '{feedback_raw}',
[36m(TaskRunner pid=929411)[0m                                                        'full_logit_distillation': False,
[36m(TaskRunner pid=929411)[0m                                                        'gamma': 1.0,
[36m(TaskRunner pid=929411)[0m                                                        'include_environment_feedback': False,
[36m(TaskRunner pid=929411)[0m                                                        'is_clip': None,
[36m(TaskRunner pid=929411)[0m                                                        'log_prob_dump_dir': None,
[36m(TaskRunner pid=929411)[0m                                                        'max_reprompt_len': 10240,
[36m(TaskRunner pid=929411)[0m                                                        'opsa_advantage_max': -0.5,
[36m(TaskRunner pid=929411)[0m                                                        'opsa_advantage_min': -1.0,
[36m(TaskRunner pid=929411)[0m                                                        'opsa_enable': True,
[36m(TaskRunner pid=929411)[0m                                                        'opsa_fixed_advantage': None,
[36m(TaskRunner pid=929411)[0m                                                        'opsa_mode': 'entropy',
[36m(TaskRunner pid=929411)[0m                                                        'opsa_token_fraction': 0.2,
[36m(TaskRunner pid=929411)[0m                                                        'remove_thinking_from_demonstration': True,
[36m(TaskRunner pid=929411)[0m                                                        'reprompt_template': '{prompt}{solution}{feedback}\n'
[36m(TaskRunner pid=929411)[0m                                                                             '\n'
[36m(TaskRunner pid=929411)[0m                                                                             'Correctly '
[36m(TaskRunner pid=929411)[0m                                                                             'solve '
[36m(TaskRunner pid=929411)[0m                                                                             'the '
[36m(TaskRunner pid=929411)[0m                                                                             'original '
[36m(TaskRunner pid=929411)[0m                                                                             'question.',
[36m(TaskRunner pid=929411)[0m                                                        'reprompt_truncation': 'right',
[36m(TaskRunner pid=929411)[0m                                                        'sa_beta_max': 8.0,
[36m(TaskRunner pid=929411)[0m                                                        'sa_binary_iters': 8,
[36m(TaskRunner pid=929411)[0m                                                        'sa_center_u': False,
[36m(TaskRunner pid=929411)[0m                                                        'sa_eps_max': 0.5,
[36m(TaskRunner pid=929411)[0m                                                        'sa_lambda': 1.0,
[36m(TaskRunner pid=929411)[0m                                                        'sa_rho': 0.9,
[36m(TaskRunner pid=929411)[0m                                                        'sa_tau_e': 0.03,
[36m(TaskRunner pid=929411)[0m                                                        'sa_temp_e': 0.015,
[36m(TaskRunner pid=929411)[0m                                                        'sa_u_clip': None,
[36m(TaskRunner pid=929411)[0m                                                        'sa_zero_floor': False,
[36m(TaskRunner pid=929411)[0m                                                        'solution_template': '\n'
[36m(TaskRunner pid=929411)[0m                                                                             'Correct '
[36m(TaskRunner pid=929411)[0m                                                                             'solution:\n'
[36m(TaskRunner pid=929411)[0m                                                                             '\n'
[36m(TaskRunner pid=929411)[0m                                                                             '{successful_previous_attempt}',
[36m(TaskRunner pid=929411)[0m                                                        'state_adaptive': False,
[36m(TaskRunner pid=929411)[0m                                                        'success_reward_threshold': 0.5,
[36m(TaskRunner pid=929411)[0m                                                        'teacher_always_on': False,
[36m(TaskRunner pid=929411)[0m                                                        'teacher_image_key': None,
[36m(TaskRunner pid=929411)[0m                                                        'teacher_model_path': None,
[36m(TaskRunner pid=929411)[0m                                                        'teacher_model_source': 'legacy',
[36m(TaskRunner pid=929411)[0m                                                        'teacher_prompt_mode': None,
[36m(TaskRunner pid=929411)[0m                                                        'teacher_regularization': 'ema',
[36m(TaskRunner pid=929411)[0m                                                        'teacher_update_interval': None,
[36m(TaskRunner pid=929411)[0m                                                        'teacher_update_rate': 0.05},
[36m(TaskRunner pid=929411)[0m                                  'shuffle': False,
[36m(TaskRunner pid=929411)[0m                                  'strategy': 'fsdp',
[36m(TaskRunner pid=929411)[0m                                  'sum_pi_squared_checkpointing': False,
[36m(TaskRunner pid=929411)[0m                                  'tau_neg': 1.05,
[36m(TaskRunner pid=929411)[0m                                  'tau_pos': 1.0,
[36m(TaskRunner pid=929411)[0m                                  'ulysses_sequence_parallel_size': 2,
[36m(TaskRunner pid=929411)[0m                                  'use_dynamic_bsz': False,
[36m(TaskRunner pid=929411)[0m                                  'use_fused_kernels': False,
[36m(TaskRunner pid=929411)[0m                                  'use_kl_loss': False,
[36m(TaskRunner pid=929411)[0m                                  'use_prefix_grouper': False,
[36m(TaskRunner pid=929411)[0m                                  'use_remove_padding': True,
[36m(TaskRunner pid=929411)[0m                                  'use_torch_compile': True},
[36m(TaskRunner pid=929411)[0m                        'hybrid_engine': True,
[36m(TaskRunner pid=929411)[0m                        'model': {'_target_': 'verl.workers.config.HFModelConfig',
[36m(TaskRunner pid=929411)[0m                                  'custom_chat_template': None,
[36m(TaskRunner pid=929411)[0m                                  'custom_chat_template_file': None,
[36m(TaskRunner pid=929411)[0m                                  'enable_activation_offload': True,
[36m(TaskRunner pid=929411)[0m                                  'enable_gradient_checkpointing': True,
[36m(TaskRunner pid=929411)[0m                                  'exclude_modules': None,
[36m(TaskRunner pid=929411)[0m                                  'external_lib': None,
[36m(TaskRunner pid=929411)[0m                                  'fused_kernel_options': {'impl_backend': 'torch'},
[36m(TaskRunner pid=929411)[0m                                  'hf_config_path': None,
[36m(TaskRunner pid=929411)[0m                                  'lora_adapter_path': None,
[36m(TaskRunner pid=929411)[0m                                  'lora_alpha': 16,
[36m(TaskRunner pid=929411)[0m                                  'lora_rank': 0,
[36m(TaskRunner pid=929411)[0m                                  'override_config': {},
[36m(TaskRunner pid=929411)[0m                                  'path': 'Qwen/Qwen3.5-4B',
[36m(TaskRunner pid=929411)[0m                                  'target_modules': 'all-linear',
[36m(TaskRunner pid=929411)[0m                                  'tiled_mlp': {'enabled': False,
[36m(TaskRunner pid=929411)[0m                                                'num_shards': 4},
[36m(TaskRunner pid=929411)[0m                                  'tokenizer_path': None,
[36m(TaskRunner pid=929411)[0m                                  'trust_remote_code': True,
[36m(TaskRunner pid=929411)[0m                                  'use_fused_kernels': False,
[36m(TaskRunner pid=929411)[0m                                  'use_liger': False,
[36m(TaskRunner pid=929411)[0m                                  'use_remove_padding': True,
[36m(TaskRunner pid=929411)[0m                                  'use_shm': False},
[36m(TaskRunner pid=929411)[0m                        'nccl_timeout': 600,
[36m(TaskRunner pid=929411)[0m                        'ref': {'_target_': 'verl.workers.config.FSDPActorConfig',
[36m(TaskRunner pid=929411)[0m                                'entropy_checkpointing': False,
[36m(TaskRunner pid=929411)[0m                                'entropy_from_logits_with_chunking': False,
[36m(TaskRunner pid=929411)[0m                                'fsdp_config': {'_target_': 'verl.workers.config.FSDPEngineConfig',
[36m(TaskRunner pid=929411)[0m                                                'dtype': 'bfloat16',
[36m(TaskRunner pid=929411)[0m                                                'entropy_checkpointing': False,
[36m(TaskRunner pid=929411)[0m                                                'entropy_from_logits_with_chunking': False,
[36m(TaskRunner pid=929411)[0m                                                'forward_only': True,
[36m(TaskRunner pid=929411)[0m                                                'forward_prefetch': False,
[36m(TaskRunner pid=929411)[0m                                                'fsdp_size': -1,
[36m(TaskRunner pid=929411)[0m                                                'full_determinism': False,
[36m(TaskRunner pid=929411)[0m                                                'model_dtype': 'fp32',
[36m(TaskRunner pid=929411)[0m                                                'offload_policy': False,
[36m(TaskRunner pid=929411)[0m                                                'optimizer_offload': False,
[36m(TaskRunner pid=929411)[0m                                                'param_offload': True,
[36m(TaskRunner pid=929411)[0m                                                'reshard_after_forward': True,
[36m(TaskRunner pid=929411)[0m                                                'seed': 42,
[36m(TaskRunner pid=929411)[0m                                                'strategy': 'fsdp',
[36m(TaskRunner pid=929411)[0m                                                'ulysses_sequence_parallel_size': 1,
[36m(TaskRunner pid=929411)[0m                                                'use_orig_params': False,
[36m(TaskRunner pid=929411)[0m                                                'use_torch_compile': True,
[36m(TaskRunner pid=929411)[0m                                                'wrap_policy': {'min_num_params': 0}},
[36m(TaskRunner pid=929411)[0m                                'log_prob_max_token_len_per_gpu': 12288,
[36m(TaskRunner pid=929411)[0m                                'log_prob_micro_batch_size': None,
[36m(TaskRunner pid=929411)[0m                                'log_prob_micro_batch_size_per_gpu': 1,
[36m(TaskRunner pid=929411)[0m                                'log_prob_use_dynamic_bsz': False,
[36m(TaskRunner pid=929411)[0m                                'profiler': {'_target_': 'verl.utils.profiler.ProfilerConfig',
[36m(TaskRunner pid=929411)[0m                                             'all_ranks': False,
[36m(TaskRunner pid=929411)[0m                                             'enable': False,
[36m(TaskRunner pid=929411)[0m                                             'ranks': [],
[36m(TaskRunner pid=929411)[0m                                             'save_path': 'outputs/profile',
[36m(TaskRunner pid=929411)[0m                                             'tool': None,
[36m(TaskRunner pid=929411)[0m                                             'tool_config': {'npu': {'_target_': 'verl.utils.profiler.config.NPUToolConfig',
[36m(TaskRunner pid=929411)[0m                                                                     'analysis': True,
[36m(TaskRunner pid=929411)[0m                                                                     'contents': [],
[36m(TaskRunner pid=929411)[0m                                                                     'discrete': False,
[36m(TaskRunner pid=929411)[0m                                                                     'level': 'level0'},
[36m(TaskRunner pid=929411)[0m                                                             'nsys': {'_target_': 'verl.utils.profiler.config.NsightToolConfig',
[36m(TaskRunner pid=929411)[0m                                                                      'discrete': False},
[36m(TaskRunner pid=929411)[0m                                                             'torch': {'_target_': 'verl.utils.profiler.config.TorchProfilerToolConfig',
[36m(TaskRunner pid=929411)[0m                                                                       'step_end': None,
[36m(TaskRunner pid=929411)[0m                                                                       'step_start': 0},
[36m(TaskRunner pid=929411)[0m                                                             'torch_memory': {'_target_': 'verl.utils.profiler.config.TorchMemoryToolConfig',
[36m(TaskRunner pid=929411)[0m                                                                              'stack_depth': 32,
[36m(TaskRunner pid=929411)[0m                                                                              'trace_alloc_max_entries': 100000}}},
[36m(TaskRunner pid=929411)[0m                                'rollout_n': 1,
[36m(TaskRunner pid=929411)[0m                                'router_replay': {'_target_': 'verl.workers.config.RouterReplayConfig',
[36m(TaskRunner pid=929411)[0m                                                  'mode': 'disabled',
[36m(TaskRunner pid=929411)[0m                                                  'record_file': None,
[36m(TaskRunner pid=929411)[0m                                                  'replay_file': None},
[36m(TaskRunner pid=929411)[0m                                'strategy': 'fsdp',
[36m(TaskRunner pid=929411)[0m                                'ulysses_sequence_parallel_size': 2,
[36m(TaskRunner pid=929411)[0m                                'use_torch_compile': True},
[36m(TaskRunner pid=929411)[0m                        'rollout': {'_target_': 'verl.workers.config.RolloutConfig',
[36m(TaskRunner pid=929411)[0m                                    'agent': {'_target_': 'verl.workers.config.AgentLoopConfig',
[36m(TaskRunner pid=929411)[0m                                              'agent_loop_config_path': None,
[36m(TaskRunner pid=929411)[0m                                              'custom_async_server': {'_target_': 'verl.workers.config.CustomAsyncServerConfig',
[36m(TaskRunner pid=929411)[0m                                                                      'name': None,
[36m(TaskRunner pid=929411)[0m                                                                      'path': None},
[36m(TaskRunner pid=929411)[0m                                              'default_agent_loop': 'single_turn_agent',
[36m(TaskRunner pid=929411)[0m                                              'num_workers': 8},
[36m(TaskRunner pid=929411)[0m                                    'calculate_log_probs': True,
[36m(TaskRunner pid=929411)[0m                                    'cudagraph_capture_sizes': None,
[36m(TaskRunner pid=929411)[0m                                    'data_parallel_size': 1,
[36m(TaskRunner pid=929411)[0m                                    'disable_log_stats': True,
[36m(TaskRunner pid=929411)[0m                                    'do_sample': True,
[36m(TaskRunner pid=929411)[0m                                    'dtype': 'bfloat16',
[36m(TaskRunner pid=929411)[0m                                    'enable_chunked_prefill': True,
[36m(TaskRunner pid=929411)[0m                                    'enable_prefix_caching': True,
[36m(TaskRunner pid=929411)[0m                                    'enable_rollout_routing_replay': False,
[36m(TaskRunner pid=929411)[0m                                    'enforce_eager': False,
[36m(TaskRunner pid=929411)[0m                                    'engine_kwargs': {'sglang': {},
[36m(TaskRunner pid=929411)[0m                                                      'vllm': {'compilation_config': {'pass_config': {'fuse_allreduce_rms': False}},
[36m(TaskRunner pid=929411)[0m                                                               'kernel_config': {'enable_flashinfer_autotune': False}}},
[36m(TaskRunner pid=929411)[0m                                    'expert_parallel_size': 1,
[36m(TaskRunner pid=929411)[0m                                    'free_cache_engine': True,
[36m(TaskRunner pid=929411)[0m                                    'gpu_memory_utilization': 0.45,
[36m(TaskRunner pid=929411)[0m                                    'ignore_eos': False,
[36m(TaskRunner pid=929411)[0m                                    'layered_summon': False,
[36m(TaskRunner pid=929411)[0m                                    'load_format': 'dummy',
[36m(TaskRunner pid=929411)[0m                                    'log_prob_max_token_len_per_gpu': 12288,
[36m(TaskRunner pid=929411)[0m                                    'log_prob_micro_batch_size': None,
[36m(TaskRunner pid=929411)[0m                                    'log_prob_micro_batch_size_per_gpu': 1,
[36m(TaskRunner pid=929411)[0m                                    'log_prob_use_dynamic_bsz': False,
[36m(TaskRunner pid=929411)[0m                                    'logprobs_mode': 'processed_logprobs',
[36m(TaskRunner pid=929411)[0m                                    'max_model_len': 12288,
[36m(TaskRunner pid=929411)[0m                                    'max_num_batched_tokens': 12288,
[36m(TaskRunner pid=929411)[0m                                    'max_num_seqs': 1024,
[36m(TaskRunner pid=929411)[0m                                    'mode': 'async',
[36m(TaskRunner pid=929411)[0m                                    'multi_stage_wake_up': False,
[36m(TaskRunner pid=929411)[0m                                    'multi_turn': {'_target_': 'verl.workers.config.MultiTurnConfig',
[36m(TaskRunner pid=929411)[0m                                                   'enable': False,
[36m(TaskRunner pid=929411)[0m                                                   'format': 'hermes',
[36m(TaskRunner pid=929411)[0m                                                   'interaction_config_path': None,
[36m(TaskRunner pid=929411)[0m                                                   'max_assistant_turns': None,
[36m(TaskRunner pid=929411)[0m                                                   'max_parallel_calls': 1,
[36m(TaskRunner pid=929411)[0m                                                   'max_tool_response_length': 256,
[36m(TaskRunner pid=929411)[0m                                                   'max_user_turns': None,
[36m(TaskRunner pid=929411)[0m                                                   'num_repeat_rollouts': None,
[36m(TaskRunner pid=929411)[0m                                                   'tokenization_sanity_check_mode': 'strict',
[36m(TaskRunner pid=929411)[0m                                                   'tool_config_path': None,
[36m(TaskRunner pid=929411)[0m                                                   'tool_response_truncate_side': 'middle',
[36m(TaskRunner pid=929411)[0m                                                   'use_inference_chat_template': False},
[36m(TaskRunner pid=929411)[0m                                    'n': 1,
[36m(TaskRunner pid=929411)[0m                                    'name': 'vllm',
[36m(TaskRunner pid=929411)[0m                                    'over_sample_rate': 0,
[36m(TaskRunner pid=929411)[0m                                    'pipeline_model_parallel_size': 1,
[36m(TaskRunner pid=929411)[0m                                    'profiler': {'_target_': 'verl.utils.profiler.ProfilerConfig',
[36m(TaskRunner pid=929411)[0m                                                 'all_ranks': False,
[36m(TaskRunner pid=929411)[0m                                                 'enable': False,
[36m(TaskRunner pid=929411)[0m                                                 'ranks': [],
[36m(TaskRunner pid=929411)[0m                                                 'save_path': 'outputs/profile',
[36m(TaskRunner pid=929411)[0m                                                 'tool': None,
[36m(TaskRunner pid=929411)[0m                                                 'tool_config': {'npu': {'_target_': 'verl.utils.profiler.config.NPUToolConfig',
[36m(TaskRunner pid=929411)[0m                                                                         'analysis': True,
[36m(TaskRunner pid=929411)[0m                                                                         'contents': [],
[36m(TaskRunner pid=929411)[0m                                                                         'discrete': False,
[36m(TaskRunner pid=929411)[0m                                                                         'level': 'level0'},
[36m(TaskRunner pid=929411)[0m                                                                 'nsys': {'_target_': 'verl.utils.profiler.config.NsightToolConfig',
[36m(TaskRunner pid=929411)[0m                                                                          'discrete': False},
[36m(TaskRunner pid=929411)[0m                                                                 'torch': {'_target_': 'verl.utils.profiler.config.TorchProfilerToolConfig',
[36m(TaskRunner pid=929411)[0m                                                                           'step_end': None,
[36m(TaskRunner pid=929411)[0m                                                                           'step_start': 0},
[36m(TaskRunner pid=929411)[0m                                                                 'torch_memory': {'_target_': 'verl.utils.profiler.config.TorchMemoryToolConfig',
[36m(TaskRunner pid=929411)[0m                                                                                  'stack_depth': 32,
[36m(TaskRunner pid=929411)[0m                                                                                  'trace_alloc_max_entries': 100000}}},
[36m(TaskRunner pid=929411)[0m                                    'prometheus': {'_target_': 'verl.workers.config.PrometheusConfig',
[36m(TaskRunner pid=929411)[0m                                                   'enable': False,
[36m(TaskRunner pid=929411)[0m                                                   'file': '/tmp/ray/session_latest/metrics/prometheus/prometheus.yml',
[36m(TaskRunner pid=929411)[0m                                                   'port': 9090,
[36m(TaskRunner pid=929411)[0m                                                   'served_model_name': 'Qwen/Qwen3.5-4B'},
[36m(TaskRunner pid=929411)[0m                                    'prompt_length': 8192,
[36m(TaskRunner pid=929411)[0m                                    'quantization': None,
[36m(TaskRunner pid=929411)[0m                                    'quantization_config_file': None,
[36m(TaskRunner pid=929411)[0m                                    'response_length': 4096,
[36m(TaskRunner pid=929411)[0m                                    'scheduling_policy': 'fcfs',
[36m(TaskRunner pid=929411)[0m                                    'skip_dump_dir': '/tmp/rollout_dump',
[36m(TaskRunner pid=929411)[0m                                    'skip_rollout': False,
[36m(TaskRunner pid=929411)[0m                                    'skip_tokenizer_init': True,
[36m(TaskRunner pid=929411)[0m                                    'temperature': 1.0,
[36m(TaskRunner pid=929411)[0m                                    'tensor_model_parallel_size': 1,
[36m(TaskRunner pid=929411)[0m                                    'top_k': -1,
[36m(TaskRunner pid=929411)[0m                                    'top_p': 1,
[36m(TaskRunner pid=929411)[0m                                    'trace': {'_target_': 'verl.workers.config.TraceConfig',
[36m(TaskRunner pid=929411)[0m                                              'backend': None,
[36m(TaskRunner pid=929411)[0m                                              'max_samples_per_step_per_worker': None,
[36m(TaskRunner pid=929411)[0m                                              'token2text': False},
[36m(TaskRunner pid=929411)[0m                                    'update_weights_bucket_megabytes': 512,
[36m(TaskRunner pid=929411)[0m                                    'val_kwargs': {'_target_': 'verl.workers.config.SamplingConfig',
[36m(TaskRunner pid=929411)[0m                                                   'do_sample': False,
[36m(TaskRunner pid=929411)[0m                                                   'n': 1,
[36m(TaskRunner pid=929411)[0m                                                   'temperature': 0,
[36m(TaskRunner pid=929411)[0m                                                   'top_k': -1,
[36m(TaskRunner pid=929411)[0m                                                   'top_p': 1.0}}},
[36m(TaskRunner pid=929411)[0m  'algorithm': {'_target_': 'verl.trainer.config.AlgoConfig',
[36m(TaskRunner pid=929411)[0m                'adv_estimator': 'grpo',
[36m(TaskRunner pid=929411)[0m                'gamma': 1.0,
[36m(TaskRunner pid=929411)[0m                'kl_ctrl': {'_target_': 'verl.trainer.config.KLControlConfig',
[36m(TaskRunner pid=929411)[0m                            'horizon': 10000,
[36m(TaskRunner pid=929411)[0m                            'kl_coef': 0.001,
[36m(TaskRunner pid=929411)[0m                            'target_kl': 0.1,
[36m(TaskRunner pid=929411)[0m                            'type': 'fixed'},
[36m(TaskRunner pid=929411)[0m                'kl_penalty': 'kl',
[36m(TaskRunner pid=929411)[0m                'lam': 1.0,
[36m(TaskRunner pid=929411)[0m                'norm_adv_by_std_in_grpo': False,
[36m(TaskRunner pid=929411)[0m                'pf_ppo': {'reweight_method': 'pow', 'weight_pow': 2.0},
[36m(TaskRunner pid=929411)[0m                'rollout_correction': {'bypass_mode': False,
[36m(TaskRunner pid=929411)[0m                                       'loss_type': 'ppo_clip',
[36m(TaskRunner pid=929411)[0m                                       'rollout_is': None,
[36m(TaskRunner pid=929411)[0m                                       'rollout_is_batch_normalize': False,
[36m(TaskRunner pid=929411)[0m                                       'rollout_is_threshold': 2.0,
[36m(TaskRunner pid=929411)[0m                                       'rollout_rs': None,
[36m(TaskRunner pid=929411)[0m                                       'rollout_rs_threshold': None},
[36m(TaskRunner pid=929411)[0m                'use_kl_in_reward': False,
[36m(TaskRunner pid=929411)[0m                'use_pf_ppo': False},
[36m(TaskRunner pid=929411)[0m  'critic': {'_target_': 'verl.workers.config.FSDPCriticConfig',
[36m(TaskRunner pid=929411)[0m             'checkpoint': {'_target_': 'verl.trainer.config.CheckpointConfig',
[36m(TaskRunner pid=929411)[0m                            'async_save': False,
[36m(TaskRunner pid=929411)[0m                            'load_contents': ['model', 'optimizer', 'extra'],
[36m(TaskRunner pid=929411)[0m                            'save_contents': ['model', 'optimizer', 'extra']},
[36m(TaskRunner pid=929411)[0m             'cliprange_value': 0.5,
[36m(TaskRunner pid=929411)[0m             'data_loader_seed': 42,
[36m(TaskRunner pid=929411)[0m             'enable': None,
[36m(TaskRunner pid=929411)[0m             'forward_max_token_len_per_gpu': 32768,
[36m(TaskRunner pid=929411)[0m             'forward_micro_batch_size': None,
[36m(TaskRunner pid=929411)[0m             'forward_micro_batch_size_per_gpu': None,
[36m(TaskRunner pid=929411)[0m             'grad_clip': 1.0,
[36m(TaskRunner pid=929411)[0m             'loss_agg_mode': 'token-mean',
[36m(TaskRunner pid=929411)[0m             'model': {'_target_': 'verl.workers.config.FSDPCriticModelCfg',
[36m(TaskRunner pid=929411)[0m                       'enable_activation_offload': False,
[36m(TaskRunner pid=929411)[0m                       'enable_gradient_checkpointing': True,
[36m(TaskRunner pid=929411)[0m                       'external_lib': None,
[36m(TaskRunner pid=929411)[0m                       'fsdp_config': {'_target_': 'verl.workers.config.FSDPEngineConfig',
[36m(TaskRunner pid=929411)[0m                                       'dtype': 'bfloat16',
[36m(TaskRunner pid=929411)[0m                                       'entropy_checkpointing': False,
[36m(TaskRunner pid=929411)[0m                                       'entropy_from_logits_with_chunking': False,
[36m(TaskRunner pid=929411)[0m                                       'forward_only': False,
[36m(TaskRunner pid=929411)[0m                                       'forward_prefetch': False,
[36m(TaskRunner pid=929411)[0m                                       'fsdp_size': -1,
[36m(TaskRunner pid=929411)[0m                                       'full_determinism': False,
[36m(TaskRunner pid=929411)[0m                                       'model_dtype': 'fp32',
[36m(TaskRunner pid=929411)[0m                                       'offload_policy': False,
[36m(TaskRunner pid=929411)[0m                                       'optimizer_offload': False,
[36m(TaskRunner pid=929411)[0m                                       'param_offload': False,
[36m(TaskRunner pid=929411)[0m                                       'reshard_after_forward': True,
[36m(TaskRunner pid=929411)[0m                                       'seed': 42,
[36m(TaskRunner pid=929411)[0m                                       'strategy': 'fsdp',
[36m(TaskRunner pid=929411)[0m                                       'ulysses_sequence_parallel_size': 1,
[36m(TaskRunner pid=929411)[0m                                       'use_orig_params': False,
[36m(TaskRunner pid=929411)[0m                                       'use_torch_compile': True,
[36m(TaskRunner pid=929411)[0m                                       'wrap_policy': {'min_num_params': 0}},
[36m(TaskRunner pid=929411)[0m                       'lora_alpha': 16,
[36m(TaskRunner pid=929411)[0m                       'lora_rank': 0,
[36m(TaskRunner pid=929411)[0m                       'override_config': {},
[36m(TaskRunner pid=929411)[0m                       'path': 'Qwen/Qwen3.5-4B',
[36m(TaskRunner pid=929411)[0m                       'target_modules': 'all-linear',
[36m(TaskRunner pid=929411)[0m                       'tiled_mlp': {'enabled': False, 'num_shards': 4},
[36m(TaskRunner pid=929411)[0m                       'tokenizer_path': 'Qwen/Qwen3.5-4B',
[36m(TaskRunner pid=929411)[0m                       'trust_remote_code': True,
[36m(TaskRunner pid=929411)[0m                       'use_remove_padding': False,
[36m(TaskRunner pid=929411)[0m                       'use_shm': False},
[36m(TaskRunner pid=929411)[0m             'optim': {'_target_': 'verl.workers.config.FSDPOptimizerConfig',
[36m(TaskRunner pid=929411)[0m                       'betas': [0.9, 0.999],
[36m(TaskRunner pid=929411)[0m                       'clip_grad': 1.0,
[36m(TaskRunner pid=929411)[0m                       'lr': 1e-05,
[36m(TaskRunner pid=929411)[0m                       'lr_scheduler_type': 'constant',
[36m(TaskRunner pid=929411)[0m                       'lr_warmup_steps': -1,
[36m(TaskRunner pid=929411)[0m                       'lr_warmup_steps_ratio': 0.0,
[36m(TaskRunner pid=929411)[0m                       'min_lr_ratio': 0.0,
[36m(TaskRunner pid=929411)[0m                       'num_cycles': 0.5,
[36m(TaskRunner pid=929411)[0m                       'optimizer': 'AdamW',
[36m(TaskRunner pid=929411)[0m                       'optimizer_impl': 'torch.optim',
[36m(TaskRunner pid=929411)[0m                       'override_optimizer_config': None,
[36m(TaskRunner pid=929411)[0m                       'total_training_steps': -1,
[36m(TaskRunner pid=929411)[0m                       'warmup_style': None,
[36m(TaskRunner pid=929411)[0m                       'weight_decay': 0.01},
[36m(TaskRunner pid=929411)[0m             'ppo_epochs': 1,
[36m(TaskRunner pid=929411)[0m             'ppo_max_token_len_per_gpu': 32768,
[36m(TaskRunner pid=929411)[0m             'ppo_micro_batch_size': None,
[36m(TaskRunner pid=929411)[0m             'ppo_micro_batch_size_per_gpu': None,
[36m(TaskRunner pid=929411)[0m             'ppo_mini_batch_size': 64,
[36m(TaskRunner pid=929411)[0m             'profiler': {'_target_': 'verl.utils.profiler.ProfilerConfig',
[36m(TaskRunner pid=929411)[0m                          'all_ranks': False,
[36m(TaskRunner pid=929411)[0m                          'enable': False,
[36m(TaskRunner pid=929411)[0m                          'ranks': [],
[36m(TaskRunner pid=929411)[0m                          'save_path': 'outputs/profile',
[36m(TaskRunner pid=929411)[0m                          'tool': None,
[36m(TaskRunner pid=929411)[0m                          'tool_config': {'npu': {'_target_': 'verl.utils.profiler.config.NPUToolConfig',
[36m(TaskRunner pid=929411)[0m                                                  'analysis': True,
[36m(TaskRunner pid=929411)[0m                                                  'contents': [],
[36m(TaskRunner pid=929411)[0m                                                  'discrete': False,
[36m(TaskRunner pid=929411)[0m                                                  'level': 'level0'},
[36m(TaskRunner pid=929411)[0m                                          'nsys': {'_target_': 'verl.utils.profiler.config.NsightToolConfig',
[36m(TaskRunner pid=929411)[0m                                                   'discrete': False},
[36m(TaskRunner pid=929411)[0m                                          'torch': {'_target_': 'verl.utils.profiler.config.TorchProfilerToolConfig',
[36m(TaskRunner pid=929411)[0m                                                    'step_end': None,
[36m(TaskRunner pid=929411)[0m                                                    'step_start': 0},
[36m(TaskRunner pid=929411)[0m                                          'torch_memory': {'_target_': 'verl.utils.profiler.config.TorchMemoryToolConfig',
[36m(TaskRunner pid=929411)[0m                                                           'stack_depth': 32,
[36m(TaskRunner pid=929411)[0m                                                           'trace_alloc_max_entries': 100000}}},
[36m(TaskRunner pid=929411)[0m             'rollout_n': 1,
[36m(TaskRunner pid=929411)[0m             'shuffle': False,
[36m(TaskRunner pid=929411)[0m             'strategy': 'fsdp',
[36m(TaskRunner pid=929411)[0m             'ulysses_sequence_parallel_size': 1,
[36m(TaskRunner pid=929411)[0m             'use_dynamic_bsz': False},
[36m(TaskRunner pid=929411)[0m  'custom_reward_function': {'name': 'compute_score', 'path': None},
[36m(TaskRunner pid=929411)[0m  'data': {'apply_chat_template_kwargs': {},
[36m(TaskRunner pid=929411)[0m           'custom_cls': {'name': None, 'path': None},
[36m(TaskRunner pid=929411)[0m           'datagen': {'name': None, 'path': None},
[36m(TaskRunner pid=929411)[0m           'dataloader_num_workers': 8,
[36m(TaskRunner pid=929411)[0m           'filter_overlong_prompts': False,
[36m(TaskRunner pid=929411)[0m           'filter_overlong_prompts_workers': 1,
[36m(TaskRunner pid=929411)[0m           'image_key': 'images',
[36m(TaskRunner pid=929411)[0m           'image_patch_size': 14,
[36m(TaskRunner pid=929411)[0m           'max_prompt_length': 8192,
[36m(TaskRunner pid=929411)[0m           'max_response_length': 4096,
[36m(TaskRunner pid=929411)[0m           'prompt_key': 'prompt',
[36m(TaskRunner pid=929411)[0m           'return_full_prompt': False,
[36m(TaskRunner pid=929411)[0m           'return_multi_modal_inputs': True,
[36m(TaskRunner pid=929411)[0m           'return_raw_chat': True,
[36m(TaskRunner pid=929411)[0m           'return_raw_input_ids': False,
[36m(TaskRunner pid=929411)[0m           'reward_fn_key': 'data_source',
[36m(TaskRunner pid=929411)[0m           'sampler': {'class_name': None, 'class_path': None},
[36m(TaskRunner pid=929411)[0m           'seed': None,
[36m(TaskRunner pid=929411)[0m           'shuffle': True,
[36m(TaskRunner pid=929411)[0m           'tokenizer': None,
[36m(TaskRunner pid=929411)[0m           'tool_config_path': None,
[36m(TaskRunner pid=929411)[0m           'train_batch_size': 64,
[36m(TaskRunner pid=929411)[0m           'train_files': ['/scratch/nkw3mr/Vision-OPD-OPSA/data/TreeVGR-RL-37K/train_6k_armA_hide.parquet'],
[36m(TaskRunner pid=929411)[0m           'train_max_samples': -1,
[36m(TaskRunner pid=929411)[0m           'truncation': 'error',
[36m(TaskRunner pid=929411)[0m           'trust_remote_code': True,
[36m(TaskRunner pid=929411)[0m           'use_shm': False,
[36m(TaskRunner pid=929411)[0m           'val_batch_size': None,
[36m(TaskRunner pid=929411)[0m           'val_files': [],
[36m(TaskRunner pid=929411)[0m           'val_max_samples': -1,
[36m(TaskRunner pid=929411)[0m           'validation_shuffle': False,
[36m(TaskRunner pid=929411)[0m           'video_key': 'videos'},
[36m(TaskRunner pid=929411)[0m  'global_profiler': {'_target_': 'verl.utils.profiler.ProfilerConfig',
[36m(TaskRunner pid=929411)[0m                      'global_tool_config': {'nsys': {'_target_': 'verl.utils.profiler.config.NsightToolConfig',
[36m(TaskRunner pid=929411)[0m                                                      'controller_nsight_options': {'cuda-graph-trace': 'graph',
[36m(TaskRunner pid=929411)[0m                                                                                    'cuda-memory-usage': 'true',
[36m(TaskRunner pid=929411)[0m                                                                                    'trace': 'cuda,nvtx,cublas,ucx'},
[36m(TaskRunner pid=929411)[0m                                                      'discrete': False,
[36m(TaskRunner pid=929411)[0m                                                      'worker_nsight_options': {'capture-range': 'cudaProfilerApi',
[36m(TaskRunner pid=929411)[0m                                                                                'capture-range-end': None,
[36m(TaskRunner pid=929411)[0m                                                                                'cuda-graph-trace': 'graph',
[36m(TaskRunner pid=929411)[0m                                                                                'cuda-memory-usage': 'true',
[36m(TaskRunner pid=929411)[0m                                                                                'kill': 'none',
[36m(TaskRunner pid=929411)[0m                                                                                'trace': 'cuda,nvtx,cublas,ucx'}},
[36m(TaskRunner pid=929411)[0m                                             'torch_memory': {'context': 'all',
[36m(TaskRunner pid=929411)[0m                                                              'kw_args': {},
[36m(TaskRunner pid=929411)[0m                                                              'stack_depth': 32,
[36m(TaskRunner pid=929411)[0m                                                              'stacks': 'all',
[36m(TaskRunner pid=929411)[0m                                                              'trace_alloc_max_entries': 100000}},
[36m(TaskRunner pid=929411)[0m                      'profile_continuous_steps': False,
[36m(TaskRunner pid=929411)[0m                      'save_path': 'outputs/profile',
[36m(TaskRunner pid=929411)[0m                      'steps': None,
[36m(TaskRunner pid=929411)[0m                      'tool': None},
[36m(TaskRunner pid=929411)[0m  'max_model_len': 18944,
[36m(TaskRunner pid=929411)[0m  'ray_kwargs': {'ray_init': {'num_cpus': None}, 'timeline_json_file': None},
[36m(TaskRunner pid=929411)[0m  'reward_manager': {'_target_': 'verl.trainer.config.config.RewardManagerConfig',
[36m(TaskRunner pid=929411)[0m                     'module': {'_target_': 'verl.trainer.config.config.ModuleConfig',
[36m(TaskRunner pid=929411)[0m                                'name': 'custom_reward_manager',
[36m(TaskRunner pid=929411)[0m                                'path': None},
[36m(TaskRunner pid=929411)[0m                     'name': 'naive',
[36m(TaskRunner pid=929411)[0m                     'source': 'register'},
[36m(TaskRunner pid=929411)[0m  'reward_model': {'enable': False,
[36m(TaskRunner pid=929411)[0m                   'enable_resource_pool': False,
[36m(TaskRunner pid=929411)[0m                   'forward_max_token_len_per_gpu': 32768,
[36m(TaskRunner pid=929411)[0m                   'launch_reward_fn_async': False,
[36m(TaskRunner pid=929411)[0m                   'max_length': None,
[36m(TaskRunner pid=929411)[0m                   'micro_batch_size': None,
[36m(TaskRunner pid=929411)[0m                   'micro_batch_size_per_gpu': None,
[36m(TaskRunner pid=929411)[0m                   'model': {'external_lib': None,
[36m(TaskRunner pid=929411)[0m                             'fsdp_config': {'_target_': 'verl.workers.config.FSDPEngineConfig',
[36m(TaskRunner pid=929411)[0m                                             'forward_prefetch': False,
[36m(TaskRunner pid=929411)[0m                                             'fsdp_size': -1,
[36m(TaskRunner pid=929411)[0m                                             'param_offload': False,
[36m(TaskRunner pid=929411)[0m                                             'reshard_after_forward': True,
[36m(TaskRunner pid=929411)[0m                                             'wrap_policy': {'min_num_params': 0}},
[36m(TaskRunner pid=929411)[0m                             'input_tokenizer': 'Qwen/Qwen3.5-4B',
[36m(TaskRunner pid=929411)[0m                             'override_config': {},
[36m(TaskRunner pid=929411)[0m                             'path': '~/models/FsfairX-LLaMA3-RM-v0.1',
[36m(TaskRunner pid=929411)[0m                             'trust_remote_code': False,
[36m(TaskRunner pid=929411)[0m                             'use_fused_kernels': False,
[36m(TaskRunner pid=929411)[0m                             'use_remove_padding': False,
[36m(TaskRunner pid=929411)[0m                             'use_shm': False},
[36m(TaskRunner pid=929411)[0m                   'n_gpus_per_node': 8,
[36m(TaskRunner pid=929411)[0m                   'nnodes': 0,
[36m(TaskRunner pid=929411)[0m                   'num_workers': 1,
[36m(TaskRunner pid=929411)[0m                   'profiler': {'_target_': 'verl.utils.profiler.ProfilerConfig',
[36m(TaskRunner pid=929411)[0m                                'all_ranks': False,
[36m(TaskRunner pid=929411)[0m                                'enable': False,
[36m(TaskRunner pid=929411)[0m                                'ranks': [],
[36m(TaskRunner pid=929411)[0m                                'save_path': 'outputs/profile',
[36m(TaskRunner pid=929411)[0m                                'tool': None,
[36m(TaskRunner pid=929411)[0m                                'tool_config': {'npu': {'_target_': 'verl.utils.profiler.config.NPUToolConfig',
[36m(TaskRunner pid=929411)[0m                                                        'analysis': True,
[36m(TaskRunner pid=929411)[0m                                                        'contents': [],
[36m(TaskRunner pid=929411)[0m                                                        'discrete': False,
[36m(TaskRunner pid=929411)[0m                                                        'level': 'level0'},
[36m(TaskRunner pid=929411)[0m                                                'nsys': {'_target_': 'verl.utils.profiler.config.NsightToolConfig',
[36m(TaskRunner pid=929411)[0m                                                         'discrete': False},
[36m(TaskRunner pid=929411)[0m                                                'torch': {'_target_': 'verl.utils.profiler.config.TorchProfilerToolConfig',
[36m(TaskRunner pid=929411)[0m                                                          'step_end': None,
[36m(TaskRunner pid=929411)[0m                                                          'step_start': 0},
[36m(TaskRunner pid=929411)[0m                                                'torch_memory': {'_target_': 'verl.utils.profiler.config.TorchMemoryToolConfig',
[36m(TaskRunner pid=929411)[0m                                                                 'stack_depth': 32,
[36m(TaskRunner pid=929411)[0m                                                                 'trace_alloc_max_entries': 100000}}},
[36m(TaskRunner pid=929411)[0m                   'reward_loop_class_name': None,
[36m(TaskRunner pid=929411)[0m                   'reward_loop_module_path': None,
[36m(TaskRunner pid=929411)[0m                   'reward_loop_source': 'register',
[36m(TaskRunner pid=929411)[0m                   'reward_manager': 'naive',
[36m(TaskRunner pid=929411)[0m                   'rollout': {'_target_': 'verl.workers.config.RolloutConfig',
[36m(TaskRunner pid=929411)[0m                               'cudagraph_capture_sizes': None,
[36m(TaskRunner pid=929411)[0m                               'data_parallel_size': 1,
[36m(TaskRunner pid=929411)[0m                               'disable_log_stats': True,
[36m(TaskRunner pid=929411)[0m                               'dtype': 'bfloat16',
[36m(TaskRunner pid=929411)[0m                               'enable_chunked_prefill': True,
[36m(TaskRunner pid=929411)[0m                               'enable_prefix_caching': True,
[36m(TaskRunner pid=929411)[0m                               'enforce_eager': True,
[36m(TaskRunner pid=929411)[0m                               'engine_kwargs': {},
[36m(TaskRunner pid=929411)[0m                               'expert_parallel_size': 1,
[36m(TaskRunner pid=929411)[0m                               'free_cache_engine': True,
[36m(TaskRunner pid=929411)[0m                               'gpu_memory_utilization': 0.5,
[36m(TaskRunner pid=929411)[0m                               'limit_images': None,
[36m(TaskRunner pid=929411)[0m                               'load_format': 'auto',
[36m(TaskRunner pid=929411)[0m                               'max_model_len': None,
[36m(TaskRunner pid=929411)[0m                               'max_num_batched_tokens': 8192,
[36m(TaskRunner pid=929411)[0m                               'max_num_seqs': 1024,
[36m(TaskRunner pid=929411)[0m                               'name': '???',
[36m(TaskRunner pid=929411)[0m                               'prompt_length': 2048,
[36m(TaskRunner pid=929411)[0m                               'response_length': 2048,
[36m(TaskRunner pid=929411)[0m                               'skip_tokenizer_init': False,
[36m(TaskRunner pid=929411)[0m                               'tensor_model_parallel_size': 2},
[36m(TaskRunner pid=929411)[0m                   'sandbox_fusion': {'max_concurrent': 64,
[36m(TaskRunner pid=929411)[0m                                      'memory_limit_mb': 1024,
[36m(TaskRunner pid=929411)[0m                                      'url': None},
[36m(TaskRunner pid=929411)[0m                   'strategy': 'fsdp',
[36m(TaskRunner pid=929411)[0m                   'ulysses_sequence_parallel_size': 1,
[36m(TaskRunner pid=929411)[0m                   'use_dynamic_bsz': False,[36m(TaskRunner pid=929411)[0m /sfs/weka/scratch/nkw3mr/Vision-OPD-OPSA/verl/utils/profiler/config.py:52: UserWarning: Torch profiler tool config is not fully supported now.
[36m(TaskRunner pid=929411)[0m   warnings.warn("Torch profiler tool config is not fully supported now.", stacklevel=1)
[36m(TaskRunner pid=929411)[0m Warning: You are sending unauthenticated requests to the HF Hub. Please set a HF_TOKEN to enable higher rate limits and faster downloads.
[36m(TaskRunner pid=929411)[0m WARNING:2026-09-07 14:36:10,462:Warning: You are sending unauthenticated requests to the HF Hub. Please set a HF_TOKEN to enable higher rate limits and faster downloads.
[36m(TaskRunner pid=929411)[0m The `use_fast` parameter is deprecated and will be removed in a future version. Use `backend="torchvision"` instead of `use_fast=True`, or `backend="pil"` instead of `use_fast=False`.
[36m(TaskRunner pid=929411)[0m /sfs/weka/scratch/nkw3mr/Vision-OPD-OPSA/verl/trainer/ppo/ray_trainer.py:389: UserWarning: Disabled critic as algorithm.adv_estimator != gae. If it is not intended, please set critic.enable=True
[36m(TaskRunner pid=929411)[0m   self.use_critic = need_critic(self.config)
[36m(WorkerDict pid=942995)[0m [W907 14:36:20.314052858 socket.cpp:764] [c10d] The client socket cannot be initialized to connect to [udc-aw37-6-s.hpc.virginia.edu]:41309 (errno: 97 - Address family not supported by protocol).
[36m(WorkerDict pid=942995)[0m Warning: You are sending unauthenticated requests to the HF Hub. Please set a HF_TOKEN to enable higher rate limits and faster downloads.
[36m(WorkerDict pid=942995)[0m WARNING:2026-09-07 14:36:21,260:Warning: You are sending unauthenticated requests to the HF Hub. Please set a HF_TOKEN to enable higher rate limits and faster downloads.

[36m(TaskRunner pid=929411)[0m                   'use_reward_loop': False},
[36m(TaskRunner pid=929411)[0m  'trainer': {'balance_batch': True,
[36m(TaskRunner pid=929411)[0m              'critic_warmup': 0,
[36m(TaskRunner pid=929411)[0m              'default_hdfs_dir': None,
[36m(TaskRunner pid=929411)[0m              'default_local_dir': '/scratch/nkw3mr/Vision-OPD-OPSA/checkpoints/OPSA-Qwen3.5-4B-think',
[36m(TaskRunner pid=929411)[0m              'del_local_ckpt_after_load': False,
[36m(TaskRunner pid=929411)[0m              'device': 'cuda',
[36m(TaskRunner pid=929411)[0m              'esi_redundant_time': 0,
[36m(TaskRunner pid=929411)[0m              'experiment_name': 'OPSA-Qwen3.5-4B-think',
[36m(TaskRunner pid=929411)[0m              'group_name': 'OPSA-Qwen3.5-4B-think',
[36m(TaskRunner pid=929411)[0m              'log_val_generations': 0,
[36m(TaskRunner pid=929411)[0m              'logger': ['console', 'tensorboard', 'wandb'],
[36m(TaskRunner pid=929411)[0m              'max_actor_ckpt_to_keep': None,
[36m(TaskRunner pid=929411)[0m              'max_critic_ckpt_to_keep': None,
[36m(TaskRunner pid=929411)[0m              'n_gpus_per_node': 2,
[36m(TaskRunner pid=929411)[0m              'nnodes': 1,
[36m(TaskRunner pid=929411)[0m              'project_name': 'Vision-OPD-StateAdaptive',
[36m(TaskRunner pid=929411)[0m              'ray_wait_register_center_timeout': 300,
[36m(TaskRunner pid=929411)[0m              'resume_from_path': None,
[36m(TaskRunner pid=929411)[0m              'resume_mode': 'auto',
[36m(TaskRunner pid=929411)[0m              'rollout_data_dir': '/scratch/nkw3mr/Vision-OPD-OPSA/rollouts/OPSA-Qwen3.5-4B-think',
[36m(TaskRunner pid=929411)[0m              'save_freq': 10,
[36m(TaskRunner pid=929411)[0m              'test_freq': -1,
[36m(TaskRunner pid=929411)[0m              'total_epochs': 3,
[36m(TaskRunner pid=929411)[0m              'total_training_steps': None,
[36m(TaskRunner pid=929411)[0m              'use_legacy_worker_impl': 'auto',
[36m(TaskRunner pid=929411)[0m              'val_before_train': False,
[36m(TaskRunner pid=929411)[0m              'val_only': False,
[36m(TaskRunner pid=929411)[0m              'validation_data_dir': None},
[36m(TaskRunner pid=929411)[0m  'transfer_queue': {'enable': False},
[36m(TaskRunner pid=929411)[0m  'vars': {'ckpt_dir': './checkpoints', 'dir': './data', 'log_dir': './output'}}
[36m(TaskRunner pid=929411)[0m [validate_config] All configuration checks passed successfully!
[36m(TaskRunner pid=929411)[0m Using dataset class: RLHFDataset
[36m(TaskRunner pid=929411)[0m dataset len: 2459
[36m(TaskRunner pid=929411)[0m Size of train dataloader: 38, Size of val dataloader: 0
[36m(TaskRunner pid=929411)[0m Total training steps: 114
[36m(TaskRunner pid=929411)[0m colocated worker base class <class 'verl.single_controller.base.worker.Worker'>
[36m(TaskRunner pid=929411)[0m bind role actor_rollout method chat_completion to class <class 'verl.single_controller.ray.base.create_colocated_worker_cls.<locals>.WorkerDict'>
[36m(TaskRunner pid=929411)[0m bind role actor_rollout method generate to class <class 'verl.single_controller.ray.base.create_colocated_worker_cls.<locals>.WorkerDict'>
[36m(TaskRunner pid=929411)[0m bind role actor_rollout method get_zeromq_address to class <class 'verl.single_controller.ray.base.create_colocated_worker_cls.<locals>.WorkerDict'>
[36m(TaskRunner pid=929411)[0m bind role actor_rollout method sleep to class <class 'verl.single_controller.ray.base.create_colocated_worker_cls.<locals>.WorkerDict'>
[36m(TaskRunner pid=929411)[0m bind role actor_rollout method wake_up to class <class 'verl.single_controller.ray.base.create_colocated_worker_cls.<locals>.WorkerDict'>
[36m(WorkerDict pid=942995)[0m [Gloo] Rank 1 is connected to 1 peer ranks. Expected number of connected peer ranks is : 1
[36m(WorkerDict pid=942993)[0m Model config after override: Qwen3_5Config {
[36m(WorkerDict pid=942993)[0m   "architectures": [
[36m(WorkerDict pid=942993)[0m     "Qwen3_5ForConditionalGeneration"
[36m(WorkerDict pid=942993)[0m   ],
[36m(WorkerDict pid=942993)[0m   "bos_token_id": null,
[36m(WorkerDict pid=942993)[0m   "eos_token_id": 248046,
[36m(WorkerDict pid=942993)[0m   "image_token_id": 248056,
[36m(WorkerDict pid=942993)[0m   "model_type": "qwen3_5",
[36m(WorkerDict pid=942993)[0m   "pad_token_id": 248044,
[36m(WorkerDict pid=942993)[0m   "text_config": {
[36m(WorkerDict pid=942993)[0m     "attention_bias": false,
[36m(WorkerDict pid=942993)[0m     "attention_dropout": 0.0,
[36m(WorkerDict pid=942993)[0m     "attn_output_gate": true,
[36m(WorkerDict pid=942993)[0m     "bos_token_id": null,
[36m(WorkerDict pid=942993)[0m     "dtype": "bfloat16",
[36m(WorkerDict pid=942993)[0m     "eos_token_id": 248044,
[36m(WorkerDict pid=942993)[0m     "full_attention_interval": 4,
[36m(WorkerDict pid=942993)[0m     "head_dim": 256,
[36m(WorkerDict pid=942993)[0m     "hidden_act": "silu",
[36m(WorkerDict pid=942993)[0m     "hidden_size": 2560,
[36m(WorkerDict pid=942993)[0m     "initializer_range": 0.02,
[36m(WorkerDict pid=942993)[0m     "intermediate_size": 9216,
[36m(WorkerDict pid=942993)[0m     "layer_types": [
[36m(WorkerDict pid=942993)[0m       "linear_attention",
[36m(WorkerDict pid=942993)[0m       "linear_attention",
[36m(WorkerDict pid=942993)[0m       "linear_attention",
[36m(WorkerDict pid=942993)[0m       "full_attention",
[36m(WorkerDict pid=942993)[0m       "linear_attention",
[36m(WorkerDict pid=942993)[0m       "linear_attention",
[36m(WorkerDict pid=942993)[0m       "linear_attention",
[36m(WorkerDict pid=942993)[0m       "full_attention",
[36m(WorkerDict pid=942993)[0m       "linear_attention",
[36m(WorkerDict pid=942993)[0m       "linear_attention",
[36m(WorkerDict pid=942993)[0m       "linear_attention",
[36m(WorkerDict pid=942993)[0m       "full_attention",
[36m(WorkerDict pid=942993)[0m       "linear_attention",
[36m(WorkerDict pid=942993)[0m       "linear_attention",
[36m(WorkerDict pid=942993)[0m       "linear_attention",
[36m(WorkerDict pid=942993)[0m       "full_attention",
[36m(WorkerDict pid=942993)[0m       "linear_attention",
[36m(WorkerDict pid=942993)[0m       "linear_attention",
[36m(WorkerDict pid=942993)[0m       "linear_attention",
[36m(WorkerDict pid=942993)[0m       "full_attention",
[36m(WorkerDict pid=942993)[0m       "linear_attention",
[36m(WorkerDict pid=942993)[0m       "linear_attention",
[36m(WorkerDict pid=942993)[0m       "linear_attention",
[36m(WorkerDict pid=942993)[0m       "full_attention",
[36m(WorkerDict pid=942993)[0m       "linear_attention",
[36m(WorkerDict pid=942993)[0m       "linear_attention",
[36m(WorkerDict pid=942993)[0m       "linear_attention",
[36m(WorkerDict pid=942993)[0m       "full_attention",
[36m(WorkerDict pid=942993)[0m       "linear_attention",
[36m(WorkerDict pid=942993)[0m       "linear_attention",
[36m(WorkerDict pid=942993)[0m       "linear_attention",
[36m(WorkerDict pid=942993)[0m       "full_attention"
[36m(WorkerDict pid=942993)[0m     ],
[36m(WorkerDict pid=942993)[0m     "linear_conv_kernel_dim": 4,
[36m(WorkerDict pid=942993)[0m     "linear_key_head_dim": 128,
[36m(WorkerDict pid=942993)[0m     "linear_num_key_heads": 16,
[36m(WorkerDict pid=942993)[0m     "linear_num_value_heads": 32,
[36m(WorkerDict pid=942993)[0m     "linear_value_head_dim": 128,
[36m(WorkerDict pid=942993)[0m     "mamba_ssm_dtype": "float32",
[36m(WorkerDict pid=942993)[0m     "max_position_embeddings": 262144,
[36m(WorkerDict pid=942993)[0m     "mlp_only_layers": [],
[36m(WorkerDict pid=942993)[0m     "model_type": "qwen3_5_text",
[36m(WorkerDict pid=942993)[0m     "mtp_num_hidden_layers": 1,
[36m(WorkerDict pid=942993)[0m     "mtp_use_dedicated_embeddings": false,
[36m(WorkerDict pid=942993)[0m     "num_attention_heads": 16,
[36m(WorkerDict pid=942993)[0m     "num_hidden_layers": 32,
[36m(WorkerDict pid=942993)[0m     "num_key_value_heads": 4,
[36m(WorkerDict pid=942993)[0m     "pad_token_id": null,[36m(WorkerDict pid=942995)[0m Flash Attention 2 only supports torch.float16 and torch.bfloat16 dtypes, but the current dype in Qwen3_5ForConditionalGeneration is torch.float32. You should run training or inference using Automatic Mixed-Precision via the `with torch.autocast(device_type='torch_device'):` decorator, or load the model with the `dtype` argument. Example: `model = AutoModel.from_pretrained("meta-llama/Llama-3.2-1B", attn_implementation="flash_attention_2", dtype=torch.float16)`
[36m(WorkerDict pid=942995)[0m Flash Attention 2 only supports torch.float16 and torch.bfloat16 dtypes, but the current dype in Qwen3_5Model is torch.float32. You should run training or inference using Automatic Mixed-Precision via the `with torch.autocast(device_type='torch_device'):` decorator, or load the model with the `dtype` argument. Example: `model = AutoModel.from_pretrained("meta-llama/Llama-3.2-1B", attn_implementation="flash_attention_2", dtype=torch.float16)`
[36m(WorkerDict pid=942995)[0m Flash Attention 2 only supports torch.float16 and torch.bfloat16 dtypes, but the current dype in Qwen3_5VisionModel is torch.float32. You should run training or inference using Automatic Mixed-Precision via the `with torch.autocast(device_type='torch_device'):` decorator, or load the model with the `dtype` argument. Example: `model = AutoModel.from_pretrained("meta-llama/Llama-3.2-1B", attn_implementation="flash_attention_2", dtype=torch.float16)`
[36m(WorkerDict pid=942995)[0m Flash Attention 2 only supports torch.float16 and torch.bfloat16 dtypes, but the current dype in Qwen3_5TextModel is torch.float32. You should run training or inference using Automatic Mixed-Precision via the `with torch.autocast(device_type='torch_device'):` decorator, or load the model with the `dtype` argument. Example: `model = AutoModel.from_pretrained("meta-llama/Llama-3.2-1B", attn_implementation="flash_attention_2", dtype=torch.float16)`
[36m(WorkerDict pid=942995)[0m Loading weights:   0%|          | 0/723 [00:00<?, ?it/s]
[36m(WorkerDict pid=942995)[0m Loading weights:   9%|▉         | 66/723 [00:00<00:01, 632.42it/s]
[36m(WorkerDict pid=942993)[0m [W907 14:36:20.316533883 socket.cpp:764] [c10d] The client socket cannot be initialized to connect to [udc-aw37-6-s.hpc.virginia.edu]:41309 (errno: 97 - Address family not supported by protocol).
[36m(WorkerDict pid=942993)[0m Warning: You are sending unauthenticated requests to the HF Hub. Please set a HF_TOKEN to enable higher rate limits and faster downloads.
[36m(WorkerDict pid=942993)[0m WARNING:2026-09-07 14:36:21,211:Warning: You are sending unauthenticated requests to the HF Hub. Please set a HF_TOKEN to enable higher rate limits and faster downloads.
[36m(WorkerDict pid=942993)[0m Loading weights:  37%|███▋      | 264/723 [00:00<00:00, 626.03it/s]Loading weights:  50%|████▉     | 358/723 [00:00<00:00, 731.95it/s]
[36m(WorkerDict pid=942993)[0m Loading weights:  84%|████████▍ | 610/723 [00:00<00:00, 1322.03it/s]Loading weights: 100%|██████████| 723/723 [00:00<00:00, 1129.08it/s]
[36m(WorkerDict pid=942995)[0m /sfs/weka/scratch/nkw3mr/Vision-OPD-OPSA/verl/utils/profiler/config.py:52: UserWarning: Torch profiler tool config is not fully supported now.
[36m(WorkerDict pid=942995)[0m   warnings.warn("Torch profiler tool config is not fully supported now.", stacklevel=1)
[36m(WorkerDict pid=942995)[0m /sfs/weka/scratch/nkw3mr/Vision-OPD-OPSA/verl/workers/fsdp_workers.py:666: FutureWarning: FSDP.state_dict_type() and FSDP.set_state_dict_type() are being deprecated. Please use APIs, get_state_dict() and set_state_dict(), which can support different parallelisms, FSDP1, FSDP2, DDP. API doc: https://pytorch.org/docs/stable/distributed.checkpoint.html#torch.distributed.checkpoint.state_dict.get_state_dict .Tutorial: https://pytorch.org/tutorials/recipes/distributed_checkpoint_recipe.html .
[36m(WorkerDict pid=942995)[0m   FSDP.set_state_dict_type(
[36m(WorkerDict pid=942993)[0m Flash Attention 2 only supports torch.float16 and torch.bfloat16 dtypes, but the current dype in Qwen3_5TextModel is torch.float32. You should run training or inference using Automatic Mixed-Precision via the `with torch.autocast(device_type='torch_device'):` decorator, or load the model with the `dtype` argument. Example: `model = AutoModel.from_pretrained("meta-llama/Llama-3.2-1B", attn_implementation="flash_attention_2", dtype=torch.float16)`[32m [repeated 4x across cluster][0m
[36m(WorkerDict pid=942993)[0m Loading weights:   0%|          | 0/723 [00:00<?, ?it/s]
[36m(WorkerDict pid=942995)[0m Loading weights:  53%|█████▎    | 380/723 [00:00<00:00, 386.28it/s][32m [repeated 9x across cluster][0m
[36m(WorkerDict pid=942995)[0m Loading weights:  78%|███████▊  | 567/723 [00:01<00:00, 761.56it/s]Loading weights: 100%|██████████| 723/723 [00:01<00:00, 685.11it/s]
[36m(WorkerDict pid=942993)[0m /sfs/weka/scratch/nkw3mr/Vision-OPD-OPSA/verl/utils/profiler/config.py:52: UserWarning: Torch profiler tool config is not fully supported now.
[36m(WorkerDict pid=942993)[0m   warnings.warn("Torch profiler tool config is not fully supported now.", stacklevel=1)
[36m(TaskRunner pid=929411)[0m W0907 14:36:36.395000 929411 site-packages/torch/utils/cpp_extension.py:118] No CUDA runtime is found, using CUDA_HOME='/apps/software/standard/core/cuda/12.8.0'
[36m(TaskRunner pid=929411)[0m /sfs/weka/scratch/nkw3mr/Vision-OPD-OPSA/verl/utils/profiler/config.py:52: UserWarning: Torch profiler tool config is not fully supported now.
[36m(TaskRunner pid=929411)[0m   warnings.warn("Torch profiler tool config is not fully supported now.", stacklevel=1)
[36m(WorkerDict pid=942993)[0m /sfs/weka/scratch/nkw3mr/Vision-OPD-OPSA/verl/workers/fsdp_workers.py:666: FutureWarning: FSDP.state_dict_type() and FSDP.set_state_dict_type() are being deprecated. Please use APIs, get_state_dict() and set_state_dict(), which can support different parallelisms, FSDP1, FSDP2, DDP. API doc: https://pytorch.org/docs/stable/distributed.checkpoint.html#torch.distributed.checkpoint.state_dict.get_state_dict .Tutorial: https://pytorch.org/tutorials/recipes/distributed_checkpoint_recipe.html .
[36m(WorkerDict pid=942993)[0m   FSDP.set_state_dict_type(
[36m(pid=973135)[0m W0907 14:36:45.019000 973135 site-packages/torch/utils/cpp_extension.py:118] No CUDA runtime is found, using CUDA_HOME='/apps/software/standard/core/cuda/12.8.0'
[36m(pid=973601)[0m W0907 14:36:45.019000 973601 site-packages/torch/utils/cpp_extension.py:118] No CUDA runtime is found, using CUDA_HOME='/apps/software/standard/core/cuda/12.8.0'
[36m(vLLMHttpServer pid=973135)[0m Warning: You are sending unauthenticated requests to the HF Hub. Please set a HF_TOKEN to enable higher rate limits and faster downloads.
[36m(vLLMHttpServer pid=973135)[0m Using blocking ray.get inside async actor. This blocks the event loop. Please use `await` on object ref with asyncio.gather if you want to yield execution to the event loop instead.
[36m(vLLMHttpServer pid=973135)[0m The argument `trust_remote_code` is to be used with Auto classes. It has no effect here and is ignored.
[36m(vLLMHttpServer pid=973135)[0m `layer_type_validation` is deprecated and will be removed in v5.20. Use `PreTrainedConfig.validate_layer_type` instead
[36m(vLLMHttpServer pid=973135)[0m `layer_type_validation` is deprecated and will be removed in v5.20. Use `PreTrainedConfig.validate_layer_type` instead
[36m(vLLMHttpServer pid=973135)[0m `layer_type_validation` is deprecated and will be removed in v5.20. Use `PreTrainedConfig.validate_layer_type` instead
[36m(vLLMHttpServer pid=973135)[0m `Qwen2VLImageProcessorFast` is deprecated. The `Fast` suffix for image processors has been removed; use `Qwen2VLImageProcessor` instead.
[36m(vLLMHttpServer pid=973601)[0m Warning: You are sending unauthenticated requests to the HF Hub. Please set a HF_TOKEN to enable higher rate limits and faster downloads.
[36m(vLLMHttpServer pid=973135)[0m The `use_fast` parameter is deprecated and will be removed in a future version. Use `backend="torchvision"` instead of `use_fast=True`, or `backend="pil"` instead of `use_fast=False`.
[36m(vLLMHttpServer pid=973601)[0m Using blocking ray.get inside async actor. This blocks the event loop. Please use `await` on object ref with asyncio.gather if you want to yield execution to the event loop instead.
[36m(vLLMHttpServer pid=973601)[0m The argument `trust_remote_code` is to be used with Auto classes. It has no effect here and is ignored.[32m [repeated 3x across cluster][0m
[36m(vLLMHttpServer pid=973601)[0m `layer_type_validation` is deprecated and will be removed in v5.20. Use `PreTrainedConfig.validate_layer_type` instead[32m [repeated 9x across cluster][0m
[36m(vLLMHttpServer pid=973601)[0m `Qwen2VLImageProcessorFast` is deprecated. The `Fast` suffix for image processors has been removed; use `Qwen2VLImageProcessor` instead.

[36m(WorkerDict pid=942993)[0m     "partial_rotary_factor": 0.25,
[36m(WorkerDict pid=942993)[0m     "rms_norm_eps": 1e-06,
[36m(WorkerDict pid=942993)[0m     "rope_parameters": {
[36m(WorkerDict pid=942993)[0m       "mrope_interleaved": true,
[36m(WorkerDict pid=942993)[0m       "mrope_section": [
[36m(WorkerDict pid=942993)[0m         11,
[36m(WorkerDict pid=942993)[0m         11,
[36m(WorkerDict pid=942993)[0m         10
[36m(WorkerDict pid=942993)[0m       ],
[36m(WorkerDict pid=942993)[0m       "partial_rotary_factor": 0.25,
[36m(WorkerDict pid=942993)[0m       "rope_theta": 10000000,
[36m(WorkerDict pid=942993)[0m       "rope_type": "default"
[36m(WorkerDict pid=942993)[0m     },
[36m(WorkerDict pid=942993)[0m     "tie_word_embeddings": true,
[36m(WorkerDict pid=942993)[0m     "use_cache": true,
[36m(WorkerDict pid=942993)[0m     "vocab_size": 248320
[36m(WorkerDict pid=942993)[0m   },
[36m(WorkerDict pid=942993)[0m   "tie_word_embeddings": true,
[36m(WorkerDict pid=942993)[0m   "transformers_version": "5.5.0",
[36m(WorkerDict pid=942993)[0m   "video_token_id": 248057,
[36m(WorkerDict pid=942993)[0m   "vision_config": {
[36m(WorkerDict pid=942993)[0m     "deepstack_visual_indexes": [],
[36m(WorkerDict pid=942993)[0m     "depth": 24,
[36m(WorkerDict pid=942993)[0m     "hidden_act": "gelu_pytorch_tanh",
[36m(WorkerDict pid=942993)[0m     "hidden_size": 1024,
[36m(WorkerDict pid=942993)[0m     "in_channels": 3,
[36m(WorkerDict pid=942993)[0m     "initializer_range": 0.02,
[36m(WorkerDict pid=942993)[0m     "intermediate_size": 4096,
[36m(WorkerDict pid=942993)[0m     "model_type": "qwen3_5",
[36m(WorkerDict pid=942993)[0m     "num_heads": 16,
[36m(WorkerDict pid=942993)[0m     "num_position_embeddings": 2304,
[36m(WorkerDict pid=942993)[0m     "out_hidden_size": 2560,
[36m(WorkerDict pid=942993)[0m     "patch_size": 16,
[36m(WorkerDict pid=942993)[0m     "spatial_merge_size": 2,
[36m(WorkerDict pid=942993)[0m     "temporal_patch_size": 2
[36m(WorkerDict pid=942993)[0m   },
[36m(WorkerDict pid=942993)[0m   "vision_end_token_id": 248054,
[36m(WorkerDict pid=942993)[0m   "vision_start_token_id": 248053
[36m(WorkerDict pid=942993)[0m }
[36m(WorkerDict pid=942993)[0m 
[36m(WorkerDict pid=942993)[0m Monkey patch Qwen3_5TextModel.forward for Ulysses SP input slicing.
[36m(WorkerDict pid=942993)[0m Monkey patch Qwen3_5ForConditionalGeneration model forward
[36m(WorkerDict pid=942993)[0m Monkey patch _flash_attention_forward in transformers.integrations.flash_attention
[36m(WorkerDict pid=942993)[0m Skipping monkey patch for Qwen3_5ForConditionalGeneration as use_fused_kernels is False or fused_kernels_backend is torch
[36m(WorkerDict pid=942993)[0m [Gloo] Rank 0 is connected to 0 peer ranks. Expected number of connected peer ranks is : 0[32m [repeated 3x across cluster] (Ray deduplicates logs by default. Set RAY_DEDUP_LOGS=0 to disable log deduplication, or see https://docs.ray.io/en/master/ray-observability/user-guides/configure-logging.html#log-deduplication for more options.)[0m
[36m(WorkerDict pid=942993)[0m Qwen3_5ForConditionalGeneration contains 4.54B parameters
[36m(WorkerDict pid=942993)[0m wrap_policy: functools.partial(<function _or_policy at 0x14dd81d52ac0>, policies=[functools.partial(<function transformer_auto_wrap_policy at 0x14dd81d52980>, transformer_layer_cls={<class 'transformers.models.qwen3_5.modeling_qwen3_5.Qwen3_5VisionBlock'>, <class 'transformers.models.qwen3_5.modeling_qwen3_5.Qwen3_5DecoderLayer'>})])
[36m(WorkerDict pid=942993)[0m Total steps: 114, num_warmup_steps: 0
[36m(WorkerDict pid=942993)[0m Actor use_remove_padding=True
[36m(WorkerDict pid=942993)[0m Actor use_fused_kernels=False
[36m(WorkerDict pid=942993)[0m Actor use_prefix_grouper=False
[36m(WorkerDict pid=942995)[0m Monkey patch Qwen3_5TextModel.forward for Ulysses SP input slicing.
[36m(WorkerDict pid=942995)[0m Monkey patch Qwen3_5ForConditionalGeneration model forward
[36m(WorkerDict pid=942995)[0m Monkey patch _flash_attention_forward in transformers.integrations.flash_attention
[36m(WorkerDict pid=942995)[0m Skipping monkey patch for Qwen3_5ForConditionalGeneration as use_fused_kernels is False or fused_kernels_backend is torch
[36m(WorkerDict pid=942995)[0m [Gloo] Rank 0 is connected to 0 peer ranks. Expected number of connected peer ranks is : 0[32m [repeated 2x across cluster][0m
[36m(WorkerDict pid=942993)[0m NCCL version 2.27.5+cuda12.9
[36m(vLLMHttpServer pid=973135)[0m WARNING 09-07 14:36:50 [envs.py:1717] Unknown vLLM environment variable detected: VLLM_USE_V1
[36m(WorkerDict pid=942993)[0m [Gloo] Rank 0 is connected to 0 peer ranks. Expected number of connected peer ranks is : 0[32m [repeated 2x across cluster][0m
[36m(vLLMHttpServer pid=973601)[0m ['serve',
[36m(vLLMHttpServer pid=973601)[0m  'Qwen/Qwen3.5-4B',
[36m(vLLMHttpServer pid=973601)[0m  '--dtype',
[36m(vLLMHttpServer pid=973601)[0m  'bfloat16',
[36m(vLLMHttpServer pid=973601)[0m  '--load_format',
[36m(vLLMHttpServer pid=973601)[0m  'dummy',
[36m(vLLMHttpServer pid=973601)[0m  '--trust_remote_code',
[36m(vLLMHttpServer pid=973601)[0m  '--max_model_len',
[36m(vLLMHttpServer pid=973601)[0m  '262144',
[36m(vLLMHttpServer pid=973601)[0m  '--max_num_seqs',
[36m(vLLMHttpServer pid=973601)[0m  '1024',
[36m(vLLMHttpServer pid=973601)[0m  '--enable_chunked_prefill',
[36m(vLLMHttpServer pid=973601)[0m  '--max_num_batched_tokens',
[36m(vLLMHttpServer pid=973601)[0m  '12288',
[36m(vLLMHttpServer pid=973601)[0m  '--enable_prefix_caching',
[36m(vLLMHttpServer pid=973601)[0m  '--enable_sleep_mode',
[36m(vLLMHttpServer pid=973601)[0m  '--logprobs_mode',
[36m(vLLMHttpServer pid=973601)[0m  'processed_logprobs',
[36m(vLLMHttpServer pid=973601)[0m  '--disable_custom_all_reduce',
[36m(vLLMHttpServer pid=973601)[0m  '--gpu_memory_utilization',
[36m(vLLMHttpServer pid=973601)[0m  '0.45',
[36m(vLLMHttpServer pid=973601)[0m  '--disable_log_stats',
[36m(vLLMHttpServer pid=973601)[0m  '--tensor_parallel_size',
[36m(vLLMHttpServer pid=973601)[0m  '1',
[36m(vLLMHttpServer pid=973601)[0m  '--seed',
[36m(vLLMHttpServer pid=973601)[0m  '0',
[36m(vLLMHttpServer pid=973601)[0m  '--override_generation_config',
[36m(vLLMHttpServer pid=973601)[0m  '{"temperature": 1.0, "top_k": -1, "top_p": 1, "repetition_penalty": 1.0, '
[36m(vLLMHttpServer pid=973601)[0m  '"max_new_tokens": 4096}',
[36m(vLLMHttpServer pid=973601)[0m  '--hf_overrides',
[36m(vLLMHttpServer pid=973601)[0m  '{}',
[36m(vLLMHttpServer pid=973601)[0m  '--scheduling_policy',
[36m(vLLMHttpServer pid=973601)[0m  'fcfs',
[36m(vLLMHttpServer pid=973601)[0m  '--compilation_config',
[36m(vLLMHttpServer pid=973601)[0m  '{"pass_config": {"fuse_allreduce_rms": false}}',
[36m(vLLMHttpServer pid=973601)[0m  '--kernel_config',
[36m(vLLMHttpServer pid=973601)[0m  '{"enable_flashinfer_autotune": false}']
[36m(vLLMHttpServer pid=973135)[0m WARNING 09-07 14:36:51 [config.py:372] Mamba cache mode is set to 'align' for Qwen3_5ForConditionalGeneration by default when prefix caching is enabled
[36m(vLLMHttpServer pid=973135)[0m WARNING 09-07 14:36:51 [vllm.py:743] Async scheduling will be disabled because it is not supported with the `<class 'verl.workers.rollout.vllm_rollout.vllm_async_server.ExternalZeroMQDistributedExecutor'>` distributed executor backend (only `mp`, `uni`, and `external_launcher` are supported).
[36m(vLLMHttpServer pid=973601)[0m WARNING 09-07 14:37:02 [system_utils.py:152] We must use the `spawn` multiprocessing start method. Overriding VLLM_WORKER_MULTIPROC_METHOD to 'spawn'. See https://docs.vllm.ai/en/latest/usage/troubleshooting.html#python-multiprocessing for more information. Reasons: In a Ray actor and can only be spawned
[36m(vLLMHttpServer pid=973601)[0m WARNING 09-07 14:36:50 [envs.py:1717] Unknown vLLM environment variable detected: VLLM_USE_V1
[36m(vLLMHttpServer pid=973601)[0m WARNING 09-07 14:36:51 [config.py:372] Mamba cache mode is set to 'align' for Qwen3_5ForConditionalGeneration by default when prefix caching is enabled
[36m(vLLMHttpServer pid=973601)[0m WARNING 09-07 14:36:51 [vllm.py:743] Async scheduling will be disabled because it is not supported with the `<class 'verl.workers.rollout.vllm_rollout.vllm_async_server.ExternalZeroMQDistributedExecutor'>` distributed executor backend (only `mp`, `uni`, and `external_launcher` are supported).[36m(vLLMHttpServer pid=973135)[0m W0907 14:37:08.129000 4260 site-packages/torch/utils/cpp_extension.py:118] No CUDA runtime is found, using CUDA_HOME='/apps/software/standard/core/cuda/12.8.0'
[36m(vLLMHttpServer pid=973601)[0m The `use_fast` parameter is deprecated and will be removed in a future version. Use `backend="torchvision"` instead of `use_fast=True`, or `backend="pil"` instead of `use_fast=False`.
[36m(WorkerDict pid=942995)[0m `Qwen2VLImageProcessorFast` is deprecated. The `Fast` suffix for image processors has been removed; use `Qwen2VLImageProcessor` instead.
[36m(WorkerDict pid=942995)[0m The `use_fast` parameter is deprecated and will be removed in a future version. Use `backend="torchvision"` instead of `use_fast=True`, or `backend="pil"` instead of `use_fast=False`.
[36m(vLLMHttpServer pid=973601)[0m W0907 14:37:08.129000 4139 site-packages/torch/utils/cpp_extension.py:118] No CUDA runtime is found, using CUDA_HOME='/apps/software/standard/core/cuda/12.8.0'
[36m(WorkerDict pid=942995)[0m <frozen importlib._bootstrap_external>:1301: FutureWarning: The cuda.cudart module is deprecated and will be removed in a future release, please switch to use the cuda.bindings.runtime module instead.
[36m(WorkerDict pid=942995)[0m <frozen importlib._bootstrap_external>:1301: FutureWarning: The cuda.nvrtc module is deprecated and will be removed in a future release, please switch to use the cuda.bindings.nvrtc module instead.
[36m(WorkerDict pid=942993)[0m `Qwen2VLImageProcessorFast` is deprecated. The `Fast` suffix for image processors has been removed; use `Qwen2VLImageProcessor` instead.
[36m(WorkerDict pid=942993)[0m [rank0]:W0907 14:37:23.927000 942993 site-packages/torch/_inductor/codecache.py:1040] fx graph cache unable to load compiled graph
[36m(WorkerDict pid=942993)[0m [rank0]:W0907 14:37:23.927000 942993 site-packages/torch/_inductor/codecache.py:1040] Traceback (most recent call last):
[36m(WorkerDict pid=942993)[0m [rank0]:W0907 14:37:23.927000 942993 site-packages/torch/_inductor/codecache.py:1040]   File "/sfs/weka/scratch/nkw3mr/envs/vision-opd/lib/python3.12/site-packages/torch/_inductor/codecache.py", line 1036, in iterate_over_candidates
[36m(WorkerDict pid=942993)[0m [rank0]:W0907 14:37:23.927000 942993 site-packages/torch/_inductor/codecache.py:1040]     with open(os.path.join(subdir, path), "rb") as f:
[36m(WorkerDict pid=942993)[0m [rank0]:W0907 14:37:23.927000 942993 site-packages/torch/_inductor/codecache.py:1040]          ^^^^^^^^^^^^^^^^^^^^^^^^^^^^^^^^^^^^^^
[36m(WorkerDict pid=942993)[0m [rank0]:W0907 14:37:23.927000 942993 site-packages/torch/_inductor/codecache.py:1040] FileNotFoundError: [Errno 2] No such file or directory: '/sfs/weka/scratch/nkw3mr/.cache/inductor-sm120/aotautograd/ac5vbsn6dbhxwdgj6b6puu2xuxwftptzzk56ema32dtryfygvgwi/.942995.22188682577664.tmp'
[36m(WorkerDict pid=942993)[0m The `use_fast` parameter is deprecated and will be removed in a future version. Use `backend="torchvision"` instead of `use_fast=True`, or `backend="pil"` instead of `use_fast=False`.
[36m(WorkerDict pid=942995)[0m /sfs/weka/scratch/nkw3mr/envs/vision-opd/lib/python3.12/site-packages/vllm/model_executor/layers/fla/ops/utils.py:113: UserWarning: Input tensor shape suggests potential format mismatch: seq_len (16) < num_heads (32). This may indicate the inputs were passed in head-first format [B, H, T, ...] when head_first=False was specified. Please verify your input tensor format matches the expected shape [B, T, H, ...].
[36m(WorkerDict pid=942995)[0m   return fn(*contiguous_args, **contiguous_kwargs)
[36m(WorkerDict pid=942993)[0m Capturing CUDA graphs (mixed prefill-decode, PIECEWISE):   0%|          | 0/51 [00:00<?, ?it/s]
[36m(WorkerDict pid=942993)[0m <frozen importlib._bootstrap_external>:1301: FutureWarning: The cuda.cudart module is deprecated and will be removed in a future release, please switch to use the cuda.bindings.runtime module instead.
[36m(WorkerDict pid=942993)[0m <frozen importlib._bootstrap_external>:1301: FutureWarning: The cuda.nvrtc module is deprecated and will be removed in a future release, please switch to use the cuda.bindings.nvrtc module instead.
[36m(WorkerDict pid=942993)[0m /sfs/weka/scratch/nkw3mr/envs/vision-opd/lib/python3.12/site-packages/vllm/model_executor/layers/fla/ops/utils.py:113: UserWarning: Input tensor shape suggests potential format mismatch: seq_len (16) < num_heads (32). This may indicate the inputs were passed in head-first format [B, H, T, ...] when head_first=False was specified. Please verify your input tensor format matches the expected shape [B, T, H, ...].
[36m(WorkerDict pid=942993)[0m   return fn(*contiguous_args, **contiguous_kwargs)
[36m(WorkerDict pid=942993)[0m Capturing CUDA graphs (mixed prefill-decode, PIECEWISE):   8%|▊         | 4/51 [00:00<00:01, 34.85it/s]
[36m(WorkerDict pid=942993)[0m Capturing CUDA graphs (mixed prefill-decode, PIECEWISE):  18%|█▊        | 9/51 [00:00<00:01, 38.34it/s]
[36m(WorkerDict pid=942993)[0m Capturing CUDA graphs (mixed prefill-decode, PIECEWISE):  27%|██▋       | 14/51 [00:00<00:00, 40.10it/s]
[36m(WorkerDict pid=942993)[0m Capturing CUDA graphs (mixed prefill-decode, PIECEWISE):  37%|███▋      | 19/51 [00:00<00:00, 42.48it/s]
[36m(WorkerDict pid=942993)[0m Capturing CUDA graphs (mixed prefill-decode, PIECEWISE):  47%|████▋     | 24/51 [00:00<00:00, 44.84it/s]
[36m(WorkerDict pid=942993)[0m Capturing CUDA graphs (mixed prefill-decode, PIECEWISE):  57%|█████▋    | 29/51 [00:00<00:00, 43.76it/s]
[36m(WorkerDict pid=942993)[0m Capturing CUDA graphs (mixed prefill-decode, PIECEWISE):  67%|██████▋   | 34/51 [00:00<00:00, 43.92it/s]
[36m(WorkerDict pid=942993)[0m Capturing CUDA graphs (mixed prefill-decode, PIECEWISE):  76%|███████▋  | 39/51 [00:00<00:00, 45.15it/s]
[36m(WorkerDict pid=942993)[0m Capturing CUDA graphs (mixed prefill-decode, PIECEWISE):  88%|████████▊ | 45/51 [00:01<00:00, 47.76it/s]
[36m(WorkerDict pid=942993)[0m Capturing CUDA graphs (mixed prefill-decode, PIECEWISE): 100%|██████████| 51/51 [00:01<00:00, 48.87it/s]Capturing CUDA graphs (mixed prefill-decode, PIECEWISE): 100%|██████████| 51/51 [00:01<00:00, 45.09it/s]
[36m(WorkerDict pid=942993)[0m Capturing CUDA graphs (decode, FULL):   0%|          | 0/51 [00:00<?, ?it/s]
[36m(WorkerDict pid=942993)[0m Capturing CUDA graphs (decode, FULL):   2%|▏         | 1/51 [00:00<00:08,  6.13it/s]
[36m(WorkerDict pid=942993)[0m Capturing CUDA graphs (decode, FULL):   8%|▊         | 4/51 [00:00<00:02, 16.41it/s]
[36m(WorkerDict pid=942993)[0m Capturing CUDA graphs (decode, FULL):  16%|█▌        | 8/51 [00:00<00:01, 23.27it/s]
[36m(WorkerDict pid=942993)[0m Capturing CUDA graphs (decode, FULL):  24%|██▎       | 12/51 [00:00<00:01, 27.31it/s]
[36m(WorkerDict pid=942993)[0m Capturing CUDA graphs (decode, FULL):  31%|███▏      | 16/51 [00:00<00:01, 30.08it/s]
[36m(WorkerDict pid=942993)[0m Capturing CUDA graphs (decode, FULL):  39%|███▉      | 20/51 [00:00<00:01, 24.87it/s]
[36m(WorkerDict pid=942993)[0m Capturing CUDA graphs (decode, FULL):  49%|████▉     | 25/51 [00:00<00:00, 30.09it/s]
[36m(WorkerDict pid=942993)[0m Capturing CUDA graphs (decode, FULL):  59%|█████▉    | 30/51 [00:01<00:00, 34.29it/s]
[36m(WorkerDict pid=942993)[0m Capturing CUDA graphs (decode, FULL):  69%|██████▊   | 35/51 [00:01<00:00, 37.52it/s]
[36m(WorkerDict pid=942993)[0m Capturing CUDA graphs (decode, FULL):  78%|███████▊  | 40/51 [00:01<00:00, 40.81it/s]
[36m(WorkerDict pid=942993)[0m Capturing CUDA graphs (decode, FULL):  90%|█████████ | 46/51 [00:01<00:00, 45.20it/s]
[36m(WorkerDict pid=942993)[0m Capturing CUDA graphs (decode, FULL): 100%|██████████| 51/51 [00:01<00:00, 35.42it/s]Capturing CUDA graphs (decode, FULL): 100%|██████████| 51/51 [00:01<00:00, 32.07it/s]
[36m(vLLMHttpServer pid=973135)[0m (EngineCore pid=4260) Warning: You are sending unauthenticated requests to the HF Hub. Please set a HF_TOKEN to enable higher rate limits and faster downloads.
[36m(vLLMHttpServer pid=973601)[0m (EngineCore pid=4139) `Qwen2VLImageProcessorFast` is deprecated. The `Fast` suffix for image processors has been removed; use `Qwen2VLImageProcessor` instead.
[36m(vLLMHttpServer pid=973601)[0m (EngineCore pid=4139) The `use_fast` parameter is deprecated and will be removed in a future version. Use `backend="torchvision"` instead of `use_fast=True`, or `backend="pil"` instead of `use_fast=False`.
[36m(vLLMHttpServer pid=973601)[0m The argument `trust_remote_code` is to be used with Auto classes. It has no effect here and is ignored.
[36m(vLLMHttpServer pid=973601)[0m (EngineCore pid=4139) Warning: You are sending unauthenticated requests to the HF Hub. Please set a HF_TOKEN to enable higher rate limits and faster downloads.
[36m(vLLMHttpServer pid=973135)[0m (EngineCore pid=4260) `Qwen2VLImageProcessorFast` is deprecated. The `Fast` suffix for image processors has been removed; use `Qwen2VLImageProcessor` instead.
[36m(vLLMHttpServer pid=973601)[0m `layer_type_validation` is deprecated and will be removed in v5.20. Use `PreTrainedConfig.validate_layer_type` instead
[36m(vLLMHttpServer pid=973601)[0m `layer_type_validation` is deprecated and will be removed in v5.20. Use `PreTrainedConfig.validate_layer_type` instead
[36m(vLLMHttpServer pid=973601)[0m `layer_type_validation` is deprecated and will be removed in v5.20. Use `PreTrainedConfig.validate_layer_type` instead
[36m(vLLMHttpServer pid=973601)[0m The argument `trust_remote_code` is to be used with Auto classes. It has no effect here and is ignored.
[36m(vLLMHttpServer pid=973601)[0m `layer_type_validation` is deprecated and will be removed in v5.20. Use `PreTrainedConfig.validate_layer_type` instead
[36m(vLLMHttpServer pid=973601)[0m `layer_type_validation` is deprecated and will be removed in v5.20. Use `PreTrainedConfig.validate_layer_type` instead
[36m(vLLMHttpServer pid=973601)[0m `layer_type_validation` is deprecated and will be removed in v5.20. Use `PreTrainedConfig.validate_layer_type` instead
[36m(vLLMHttpServer pid=973601)[0m `layer_type_validation` is deprecated and will be removed in v5.20. Use `PreTrainedConfig.validate_layer_type` instead
[36m(vLLMHttpServer pid=973601)[0m `layer_type_validation` is deprecated and will be removed in v5.20. Use `PreTrainedConfig.validate_layer_type` instead
[36m(vLLMHttpServer pid=973601)[0m `layer_type_validation` is deprecated and will be removed in v5.20. Use `PreTrainedConfig.validate_layer_type` instead
[36m(vLLMHttpServer pid=973135)[0m (EngineCore pid=4260) The `use_fast` parameter is deprecated and will be removed in a future version. Use `backend="torchvision"` instead of `use_fast=True`, or `backend="pil"` instead of `use_fast=False`.
[36m(vLLMHttpServer pid=973601)[0m The argument `trust_remote_code` is to be used with Auto classes. It has no effect here and is ignored.[32m [repeated 5x across cluster][0m
[36m(vLLMHttpServer pid=973601)[0m `layer_type_validation` is deprecated and will be removed in v5.20. Use `PreTrainedConfig.validate_layer_type` instead[32m [repeated 12x across cluster][0m
[36m(WorkerDict pid=942995)[0m /sfs/weka/scratch/nkw3mr/Vision-OPD-OPSA/verl/utils/device.py:134: FutureWarning: torch.cuda._set_allocator_settings is deprecated. Use torch._C._accelerator_setAllocatorSettings instead.
[36m(WorkerDict pid=942995)[0m   torch.cuda.memory._set_allocator_settings(f"expandable_segments:{enable}")
[36m(TaskRunner pid=929411)[0m wandb: Currently logged in as: nkw3mr (nkw3mr-university-of-virginia) to https://api.wandb.ai. Use `wandb login --relogin` to force relogin
[36m(TaskRunner pid=929411)[0m wandb: Tracking run with wandb version 0.23.1
[36m(TaskRunner pid=929411)[0m wandb: Run data is saved locally in /sfs/weka/scratch/nkw3mr/Vision-OPD-OPSA/wandb/run-20260907_143803-apdacpr2
[36m(TaskRunner pid=929411)[0m wandb: Run `wandb offline` to turn off syncing.
[36m(TaskRunner pid=929411)[0m wandb: Syncing run OPSA-Qwen3.5-4B-think
[36m(TaskRunner pid=929411)[0m wandb: ⭐️ View project at https://wandb.ai/nkw3mr-university-of-virginia/Vision-OPD-StateAdaptive
[36m(TaskRunner pid=929411)[0m wandb: 🚀 View run at https://wandb.ai/nkw3mr-university-of-virginia/Vision-OPD-StateAdaptive/runs/apdacpr2
[36m(TaskRunner pid=929411)[0m wandb: Detected [openai] in use.
[36m(TaskRunner pid=929411)[0m wandb: Use W&B Weave for improved LLM call tracing. Install Weave with `pip install weave` then add `import weave` to the top of your script.
[36m(TaskRunner pid=929411)[0m wandb: For more information, check out the docs at: https://weave-docs.wandb.ai/
[36m(TaskRunner pid=929411)[0m Training Progress:   0%|          | 0/114 [00:00<?, ?it/s]
[36m(AgentLoopWorker pid=79899)[0m W0907 14:38:11.761000 79899 site-packages/torch/utils/cpp_extension.py:118] No CUDA runtime is found, using CUDA_HOME='/apps/software/standard/core/cuda/12.8.0'
[36m(vLLMHttpServer pid=973135)[0m The argument `trust_remote_code` is to be used with Auto classes. It has no effect here and is ignored.[32m [repeated 3x across cluster][0m
[36m(vLLMHttpServer pid=973135)[0m `layer_type_validation` is deprecated and will be removed in v5.20. Use `PreTrainedConfig.validate_layer_type` instead[32m [repeated 9x across cluster][0m
[36m(WorkerDict pid=942993)[0m /sfs/weka/scratch/nkw3mr/Vision-OPD-OPSA/verl/utils/device.py:134: FutureWarning: torch.cuda._set_allocator_settings is deprecated. Use torch._C._accelerator_setAllocatorSettings instead.
[36m(WorkerDict pid=942993)[0m   torch.cuda.memory._set_allocator_settings(f"expandable_segments:{enable}")
[36m(AgentLoopWorker pid=79899)[0m Warning: You are sending unauthenticated requests to the HF Hub. Please set a HF_TOKEN to enable higher rate limits and faster downloads.
[36m(AgentLoopWorker pid=79941)[0m Keyword argument `video_metadatas` is not a valid argument for this processor and will be ignored.
[36m(AgentLoopWorker pid=79927)[0m W0907 14:38:11.820000 79927 site-packages/torch/utils/cpp_extension.py:118] No CUDA runtime is found, using CUDA_HOME='/apps/software/standard/core/cuda/12.8.0'[32m [repeated 7x across cluster][0m
[36m(AgentLoopWorker pid=79917)[0m Warning: You are sending unauthenticated requests to the HF Hub. Please set a HF_TOKEN to enable higher rate limits and faster downloads.[32m [repeated 7x across cluster][0m
[36m(WorkerDict pid=942995)[0m /sfs/weka/scratch/nkw3mr/Vision-OPD-OPSA/verl/utils/device.py:134: FutureWarning: torch.cuda._set_allocator_settings is deprecated. Use torch._C._accelerator_setAllocatorSettings instead.
[36m(WorkerDict pid=942995)[0m   torch.cuda.memory._set_allocator_settings(f"expandable_segments:{enable}")
[36m(AgentLoopWorker pid=79936)[0m Keyword argument `video_metadatas` is not a valid argument for this processor and will be ignored.[32m [repeated 7x across cluster][0m
[36m(TaskRunner pid=929411)[0m Training Progress:   1%|          | 1/114 [03:26<6:28:20, 206.20s/it]
[36m(WorkerDict pid=942993)[0m /sfs/weka/scratch/nkw3mr/Vision-OPD-OPSA/verl/utils/device.py:134: FutureWarning: torch.cuda._set_allocator_settings is deprecated. Use torch._C._accelerator_setAllocatorSettings instead.
[36m(WorkerDict pid=942993)[0m   torch.cuda.memory._set_allocator_settings(f"expandable_segments:{enable}")
[36m(WorkerDict pid=942995)[0m /sfs/weka/scratch/nkw3mr/Vision-OPD-OPSA/verl/utils/device.py:134: FutureWarning: torch.cuda._set_allocator_settings is deprecated. Use torch._C._accelerator_setAllocatorSettings instead.
[36m(WorkerDict pid=942995)[0m   torch.cuda.memory._set_allocator_settings(f"expandable_segments:{enable}")
[36m(TaskRunner pid=929411)[0m Training Progress:   2%|▏         | 2/114 [06:26<5:56:04, 190.76s/it]
[36m(WorkerDict pid=942993)[0m /sfs/weka/scratch/nkw3mr/Vision-OPD-OPSA/verl/utils/device.py:134: FutureWarning: torch.cuda._set_allocator_settings is deprecated. Use torch._C._accelerator_setAllocatorSettings instead.
[36m(WorkerDict pid=942993)[0m   torch.cuda.memory._set_allocator_settings(f"expandable_segments:{enable}")

[36m(WorkerDict pid=942995)[0m WARNING 09-07 14:37:11 [worker_base.py:287] Missing `shared_worker_lock` argument from executor. This argument is needed for mm_processor_cache_type='shm'.
[36m(vLLMHttpServer pid=973135)[0m WARNING 09-07 14:37:02 [system_utils.py:152] We must use the `spawn` multiprocessing start method. Overriding VLLM_WORKER_MULTIPROC_METHOD to 'spawn'. See https://docs.vllm.ai/en/latest/usage/troubleshooting.html#python-multiprocessing for more information. Reasons: In a Ray actor and can only be spawned
[36m(vLLMHttpServer pid=973601)[0m WARNING 09-07 14:37:53 [api_router.py:30] LoRA dynamic loading & unloading is enabled in the API server. This should ONLY be used for local development!
[36m(WorkerDict pid=942993)[0m WARNING 09-07 14:37:11 [worker_base.py:287] Missing `shared_worker_lock` argument from executor. This argument is needed for mm_processor_cache_type='shm'.
[36m(vLLMHttpServer pid=973601)[0m WARNING 09-07 14:37:53 [model.py:1376] Default vLLM sampling parameters have been overridden by the model's `generation_config.json`: `{'repetition_penalty': 1.0, 'temperature': 1.0, 'top_k': -1, 'top_p': 1, 'max_tokens': 4096}`. If this is not intended, please relaunch vLLM instance with `--generation-config vllm`.
[36m(TaskRunner pid=929411)[0m AgentLoopManager: ['10.250.133.122:38255', '10.250.133.122:41351']
[36m(vLLMHttpServer pid=973135)[0m WARNING 09-07 14:37:53 [api_router.py:30] LoRA dynamic loading & unloading is enabled in the API server. This should ONLY be used for local development!
[36m(vLLMHttpServer pid=973135)[0m WARNING 09-07 14:37:53 [model.py:1376] Default vLLM sampling parameters have been overridden by the model's `generation_config.json`: `{'repetition_penalty': 1.0, 'temperature': 1.0, 'top_k': -1, 'top_p': 1, 'max_tokens': 4096}`. If this is not intended, please relaunch vLLM instance with `--generation-config vllm`.
[36m(TaskRunner pid=929411)[0m Saving tensorboard log to tensorboard_log/Vision-OPD-StateAdaptive/OPSA-Qwen3.5-4B-think.
[36m(TaskRunner pid=929411)[0m Checkpoint tracker file does not exist: /scratch/nkw3mr/Vision-OPD-OPSA/checkpoints/OPSA-Qwen3.5-4B-think/latest_checkpointed_iteration.txt
[36m(TaskRunner pid=929411)[0m Training from scratch
[36m(AgentLoopWorker pid=79908)[0m Using dataset class: RLHFDataset
[36m(vLLMHttpServer pid=973135)[0m WARNING 09-07 14:38:18 [input_processor.py:227] Passing raw prompts to InputProcessor is deprecated and will be removed in v0.18. You should instead pass the outputs of Renderer.render_cmpl() or Renderer.render_chat().
[36m(TaskRunner pid=929411)[0m Dumped generations to /scratch/nkw3mr/Vision-OPD-OPSA/rollouts/OPSA-Qwen3.5-4B-think/1.jsonl
[36m(AgentLoopWorker pid=79899)[0m Using dataset class: RLHFDataset[32m [repeated 7x across cluster][0m
[36m(vLLMHttpServer pid=973601)[0m WARNING 09-07 14:38:18 [input_processor.py:227] Passing raw prompts to InputProcessor is deprecated and will be removed in v0.18. You should instead pass the outputs of Renderer.render_cmpl() or Renderer.render_chat().
[36m(TaskRunner pid=929411)[0m step:1 - global_seqlen/min:331429 - global_seqlen/max:331429 - global_seqlen/minmax_diff:0 - global_seqlen/balanced_min:331429 - global_seqlen/balanced_max:331429 - global_seqlen/mean:331429.0 - actor/entropy:0.5323446639813483 - perf/mfu/actor_infer:0 - opsa/selected_tokens:22457.0 - opsa/selected_fraction:0.19999821883404878 - opsa/advantage_mean:-0.5936977299672708 - opsa/sel_logp_mean:-2.317826325032284 - opsa/zero_sel_responses:0.0 - opsa/sel_entropy_mean:1.5596928596496582 - opsa/sel_entropy_max:8.312450408935547 - opsa/sel_entropy_min:0.00243377685546875 - training/rollout_probs_diff_valid:1 - training/rollout_probs_diff_max:0.9999209046363831 - training/rollout_probs_diff_mean:0.0380602590739727 - training/rollout_probs_diff_std:0.07842458784580231 - training/rollout_actor_probs_pearson_corr:0.9643301367759705 - rollout_corr/training_ppl:1.7174116875976324 - rollout_corr/training_log_ppl:0.5335379401221871 - rollout_corr/kl:0.029603115070131025 - rollout_corr/k3_kl:0.028500907712441403 - rollout_corr/rollout_ppl:1.6658152844756842 - rollout_corr/rollout_log_ppl:0.5039348276332021 - rollout_corr/log_ppl_diff:0.02960311248898506 - rollout_corr/log_ppl_abs_diff:0.029791242443025112 - rollout_corr/log_ppl_diff_max:0.09164184331893921 - rollout_corr/log_ppl_diff_min:-0.005611389875411987 - rollout_corr/ppl_ratio:1.0303369062021375 - rollout_corr/chi2_token:0.3813379108905792 - rollout_corr/chi2_seq:-0.7833571974188089 - actor/pg_loss:0.5874851103872061 - actor/kl_loss:0.0 - actor/grpo_loss:0.0 - actor/vopd_loss:0.5874851103872061 - actor/vopd_loss_weighted:0.5874851103872061 - opsa/selection_level:1.0 - opsa/micro_selected_tokens:350.890625 - opsa/clipfrac:0.0 - self_distillation/num_distill_tokens:350.890625 - actor/grad_norm:12.098301887512207 - timing_s/update_actor/student_forward:24.238829407047888 - timing_s/update_actor/teacher_forward:0.0 - timing_s/update_actor/teacher_full_forward:0.0 - timing_s/update_actor/loss_compute:0.025598165004339535 - timing_s/update_actor/backward:63.06189193796308 - timing_s/update_actor/optimizer_step:0.20246393399429508 - timing_s/update_actor/teacher_ema_update:3.245499829063192e-05 - perf/mfu/actor:0.0 - perf/max_memory_allocated_gb:77.84915351867676 - perf/max_memory_reserved_gb:86.41796875 - perf/cpu_memory_used_gb:190.34559631347656 - actor/lr:1e-06 - training/global_step:1 - training/epoch:0 - response_length/mean:1754.46875 - response_length/max:4096.0 - response_length/min:213.0 - response_length/clip_ratio:0.203125 - response_length_non_aborted/mean:1754.46875 - response_length_non_aborted/max:4096.0 - response_length_non_aborted/min:213.0 - response_length_non_aborted/clip_ratio:0.203125 - response/aborted_ratio:0.0 - prompt_length/mean:3424.109375 - prompt_length/max:5328.0 - prompt_length/min:3156.0 - prompt_length/clip_ratio:0.0 - num_turns/min:2 - num_turns/max:2 - num_turns/mean:2.0 - critic/advantages/mean:-0.11873848736286163 - critic/advantages/max:0.0 - critic/advantages/min:-1.0 - timing_s/start_profile:0.0001353959960397333 - timing_s/agent_loop/generate_sequences/min:18.864335186997778 - timing_s/agent_loop/generate_sequences/max:69.0125076819968 - timing_s/agent_loop/generate_sequences/mean:39.04461928648425 - timing_s/agent_loop/tool_calls/min:0.0 - timing_s/agent_loop/tool_calls/max:0.0 - timing_s/agent_loop/tool_calls/mean:0.0 - timing_s/agent_loop/slowest/generate_sequences:69.0125076819968 - timing_s/agent_loop/slowest/tool_calls:0.0 - timing_s/agent_loop/slowest/prompt_length:3344 - timing_s/agent_loop/slowest/response_length:4096 - timing_s/gen:84.81326236500172 - timing_s/old_log_prob:24.230994267003553 - timing_s/adv:0.004914535005809739 - timing_s/update_actor:96.85115086199949 - timing_s/dump_rollout_generations:0.07145445900096092 - timing_s/step:205.994665531005 - timing_s/stop_profile:2.5174995244015008e-05 - timing_per_token_ms/update_actor:0.29222292214018536 - timing_per_token_ms/adv:1.4828319205047654e-05 - timing_per_token_ms/gen:0.7553324756871 - perf/total_num_tokens:331429 - perf/time_per_step:205.994665531005 - perf/throughput:804.4601522705825
[36m(TaskRunner pid=929411)[0m Dumped generations to /scratch/nkw3mr/Vision-OPD-OPSA/rollouts/OPSA-Qwen3.5-4B-think/2.jsonl
[36m(TaskRunner pid=929411)[0m step:2 - global_seqlen/min:312419 - global_seqlen/max:312419 - global_seqlen/minmax_diff:0 - global_seqlen/balanced_min:312419 - global_seqlen/balanced_max:312419 - global_seqlen/mean:312419.0 - actor/entropy:0.5592779584694654 - perf/mfu/actor_infer:0 - opsa/selected_tokens:19480.0 - opsa/selected_fraction:0.19999589330814563 - opsa/advantage_mean:-0.5999251034715093 - opsa/sel_logp_mean:-2.275321042415298 - opsa/zero_sel_responses:0.0 - opsa/sel_entropy_mean:1.5375754833221436 - opsa/sel_entropy_max:7.682376861572266 - opsa/sel_entropy_min:0.0028133392333984375 - training/rollout_probs_diff_valid:1 - training/rollout_probs_diff_max:0.9999956488609314 - training/rollout_probs_diff_mean:0.03603837266564369 - training/rollout_probs_diff_std:0.07280106097459793 - training/rollout_actor_probs_pearson_corr:0.9687995314598083 - rollout_corr/training_ppl:1.7576852291822433 - rollout_corr/training_log_ppl:0.5545061202719808 - rollout_corr/kl:0.022835887054498016 - rollout_corr/k3_kl:0.025493030101642944 - rollout_corr/rollout_ppl:1.717859847471118 - rollout_corr/rollout_log_ppl:0.5316702343989164 - rollout_corr/log_ppl_diff:0.0228358858730644 - rollout_corr/log_ppl_abs_diff:0.02324818796478212 - rollout_corr/log_ppl_diff_max:0.08267056941986084 - rollout_corr/log_ppl_diff_min:-0.004604071378707886 - rollout_corr/ppl_ratio:1.023359701037407 - rollout_corr/chi2_token:0.11060698889195919 - rollout_corr/chi2_seq:2.9511701334267855 - actor/pg_loss:0.5950344083830714 - actor/kl_loss:0.0 - actor/grpo_loss:0.0 - actor/vopd_loss:0.5950344083830714 - actor/vopd_loss_weighted:0.5950344083830714 - opsa/selection_level:1.0 - opsa/micro_selected_tokens:304.375 - opsa/clipfrac:0.0 - self_distillation/num_distill_tokens:304.375 - actor/grad_norm:11.36985969543457 - timing_s/update_actor/student_forward:23.792117400007555 - timing_s/update_actor/teacher_forward:0.0 - timing_s/update_actor/teacher_full_forward:0.0 - timing_s/update_actor/loss_compute:0.018923911011370365 - timing_s/update_actor/backward:61.36394673999894 - timing_s/update_actor/optimizer_step:0.08494709999649785 - timing_s/update_actor/teacher_ema_update:3.327600279590115e-05 - perf/mfu/actor:0.0 - perf/max_memory_allocated_gb:78.94057941436768 - perf/max_memory_reserved_gb:88.064453125 - perf/cpu_memory_used_gb:239.35471725463867 - actor/lr:1e-06 - training/global_step:2 - training/epoch:0 - response_length/mean:1521.90625 - response_length/max:4096.0 - response_length/min:165.0 - response_length/clip_ratio:0.140625 - response_length_non_aborted/mean:1521.90625 - response_length_non_aborted/max:4096.0 - response_length_non_aborted/min:165.0 - response_length_non_aborted/clip_ratio:0.140625 - response/aborted_ratio:0.0 - prompt_length/mean:3359.640625 - prompt_length/max:3957.0 - prompt_length/min:3156.0 - prompt_length/clip_ratio:0.0 - num_turns/min:2 - num_turns/max:2 - num_turns/mean:2.0 - critic/advantages/mean:-0.11998254805803299 - critic/advantages/max:0.0 - critic/advantages/min:-1.0 - timing_s/start_profile:5.7247998483944684e-05 - timing_s/agent_loop/generate_sequences/min:9.070288970004185 - timing_s/agent_loop/generate_sequences/max:57.017372818001604 - timing_s/agent_loop/generate_sequences/mean:26.338656473937363 - timing_s/agent_loop/tool_calls/min:0.0 - timing_s/agent_loop/tool_calls/max:0.0 - timing_s/agent_loop/tool_calls/mean:0.0 - timing_s/agent_loop/slowest/generate_sequences:57.017372818001604 - timing_s/agent_loop/slowest/tool_calls:0.0 - timing_s/agent_loop/slowest/prompt_length:3348 - timing_s/agent_loop/slowest/response_length:4096 - timing_s/gen:63.59434729300119 - timing_s/old_log_prob:22.944568705002894 - timing_s/adv:0.002778212998236995 - timing_s/update_actor:93.26717284000188 - timing_s/dump_rollout_generations:0.06107880399940768 - timing_s/step:179.88603742000123 - timing_s/stop_profile:2.5314999220427126e-05 - timing_per_token_ms/update_actor:0.2985323326686337 - timing_per_token_ms/adv:8.892586552792868e-06 - timing_per_token_ms/gen:0.6529059700314285 - perf/total_num_tokens:312419 - perf/time_per_step:179.88603742000123 - perf/throughput:868.3803492501154[36m(TaskRunner pid=929411)[0m Training Progress:   3%|▎         | 3/114 [09:26<5:44:29, 186.22s/it]
[36m(TaskRunner pid=929411)[0m Training Progress:   4%|▎         | 4/114 [12:31<5:40:00, 185.46s/it]

[36m(TaskRunner pid=929411)[0m Dumped generations to /scratch/nkw3mr/Vision-OPD-OPSA/rollouts/OPSA-Qwen3.5-4B-think/3.jsonl
[36m(TaskRunner pid=929411)[0m step:3 - global_seqlen/min:314165 - global_seqlen/max:314165 - global_seqlen/minmax_diff:0 - global_seqlen/balanced_min:314165 - global_seqlen/balanced_max:314165 - global_seqlen/mean:314165.0 - actor/entropy:0.5071803429163992 - perf/mfu/actor_infer:0 - opsa/selected_tokens:19551.0 - opsa/selected_fraction:0.1999938623948935 - opsa/advantage_mean:-0.5935725794077029 - opsa/sel_logp_mean:-2.211264169671628 - opsa/zero_sel_responses:0.0 - opsa/sel_entropy_mean:1.4673292636871338 - opsa/sel_entropy_max:7.827190399169922 - opsa/sel_entropy_min:0.003086090087890625 - training/rollout_probs_diff_valid:1 - training/rollout_probs_diff_max:0.999902069568634 - training/rollout_probs_diff_mean:0.03179344907402992 - training/rollout_probs_diff_std:0.06607110053300858 - training/rollout_actor_probs_pearson_corr:0.9738004207611084 - rollout_corr/training_ppl:1.6874406263232231 - rollout_corr/training_log_ppl:0.5166595366317779 - rollout_corr/kl:0.023608535773973927 - rollout_corr/k3_kl:0.021595630736555904 - rollout_corr/rollout_ppl:1.6473128832876682 - rollout_corr/rollout_log_ppl:0.4930509957484901 - rollout_corr/log_ppl_diff:0.023608540883287787 - rollout_corr/log_ppl_abs_diff:0.023743267869576812 - rollout_corr/log_ppl_diff_max:0.08669441938400269 - rollout_corr/log_ppl_diff_min:-0.004092663526535034 - rollout_corr/ppl_ratio:1.0241395318880677 - rollout_corr/chi2_token:0.05115940608084202 - rollout_corr/chi2_seq:0.9726819628849626 - actor/pg_loss:0.5881282771006227 - actor/kl_loss:0.0 - actor/grpo_loss:0.0 - actor/vopd_loss:0.5881282771006227 - actor/vopd_loss_weighted:0.5881282771006227 - opsa/selection_level:1.0 - opsa/micro_selected_tokens:305.484375 - opsa/clipfrac:0.0 - self_distillation/num_distill_tokens:305.484375 - actor/grad_norm:13.36181926727295 - timing_s/update_actor/student_forward:24.101256556990847 - timing_s/update_actor/teacher_forward:0.0 - timing_s/update_actor/teacher_full_forward:0.0 - timing_s/update_actor/loss_compute:0.020535411960736383 - timing_s/update_actor/backward:61.74690533200919 - timing_s/update_actor/optimizer_step:0.08529309499863302 - timing_s/update_actor/teacher_ema_update:4.028499824926257e-05 - perf/mfu/actor:0.0 - perf/max_memory_allocated_gb:79.44740200042725 - perf/max_memory_reserved_gb:88.513671875 - perf/cpu_memory_used_gb:241.85512924194336 - actor/lr:1e-06 - training/global_step:3 - training/epoch:0 - response_length/mean:1527.46875 - response_length/max:4096.0 - response_length/min:201.0 - response_length/clip_ratio:0.109375 - response_length_non_aborted/mean:1527.46875 - response_length_non_aborted/max:4096.0 - response_length_non_aborted/min:201.0 - response_length_non_aborted/clip_ratio:0.109375 - response/aborted_ratio:0.0 - prompt_length/mean:3381.359375 - prompt_length/max:3961.0 - prompt_length/min:3205.0 - prompt_length/clip_ratio:0.0 - num_turns/min:2 - num_turns/max:2 - num_turns/mean:2.0 - critic/advantages/mean:-0.11871087551116943 - critic/advantages/max:0.0 - critic/advantages/min:-1.0 - timing_s/start_profile:3.0852999771013856e-05 - timing_s/agent_loop/generate_sequences/min:9.224914505000925 - timing_s/agent_loop/generate_sequences/max:58.317170766000345 - timing_s/agent_loop/generate_sequences/mean:26.591772596046667 - timing_s/agent_loop/tool_calls/min:0.0 - timing_s/agent_loop/tool_calls/max:0.0 - timing_s/agent_loop/tool_calls/mean:0.0 - timing_s/agent_loop/slowest/generate_sequences:58.317170766000345 - timing_s/agent_loop/slowest/tool_calls:0.0 - timing_s/agent_loop/slowest/prompt_length:3347 - timing_s/agent_loop/slowest/response_length:4096 - timing_s/gen:64.76683178499661 - timing_s/old_log_prob:23.103471278998768 - timing_s/adv:0.0027942249944317155 - timing_s/update_actor:92.79222731199843 - timing_s/dump_rollout_generations:0.06293052499677287 - timing_s/step:180.7434098140002 - timing_s/stop_profile:2.6727000658866018e-05 - timing_per_token_ms/update_actor:0.2953614416373512 - timing_per_token_ms/adv:8.894132046637008e-06 - timing_per_token_ms/gen:0.6625220624910146 - perf/total_num_tokens:314165 - perf/time_per_step:180.7434098140002 - perf/throughput:869.0911616730634
[36m(TaskRunner pid=929411)[0m Dumped generations to /scratch/nkw3mr/Vision-OPD-OPSA/rollouts/OPSA-Qwen3.5-4B-think/4.jsonl
[36m(TaskRunner pid=929411)[0m step:4 - global_seqlen/min:322760 - global_seqlen/max:322760 - global_seqlen/minmax_diff:0 - global_seqlen/balanced_min:322760 - global_seqlen/balanced_max:322760 - global_seqlen/mean:322760.0 - actor/entropy:0.4810092314146459 - perf/mfu/actor_infer:0 - opsa/selected_tokens:20481.0 - opsa/selected_fraction:0.2 - opsa/advantage_mean:-0.5901744681045847 - opsa/sel_logp_mean:-2.110494177530394 - opsa/zero_sel_responses:0.0 - opsa/sel_entropy_mean:1.444074273109436 - opsa/sel_entropy_max:7.981523513793945 - opsa/sel_entropy_min:0.0056304931640625 - training/rollout_probs_diff_valid:1 - training/rollout_probs_diff_max:0.9999756813049316 - training/rollout_probs_diff_mean:0.031655214726924896 - training/rollout_probs_diff_std:0.06863874942064285 - training/rollout_actor_probs_pearson_corr:0.9707794189453125 - rollout_corr/training_ppl:1.6508389618247747 - rollout_corr/training_log_ppl:0.4936211882159114 - rollout_corr/kl:0.02258006781903532 - rollout_corr/k3_kl:0.02220469221356325 - rollout_corr/rollout_ppl:1.6143595017492771 - rollout_corr/rollout_log_ppl:0.47104112012311816 - rollout_corr/log_ppl_diff:0.022580068092793226 - rollout_corr/log_ppl_abs_diff:0.022580068092793226 - rollout_corr/log_ppl_diff_max:0.07580319046974182 - rollout_corr/log_ppl_diff_min:0.0008382201194763184 - rollout_corr/ppl_ratio:1.0230498760938644 - rollout_corr/chi2_token:0.09264096152037382 - rollout_corr/chi2_seq:-0.9990397691726685 - actor/pg_loss:0.5852412935346365 - actor/kl_loss:0.0 - actor/grpo_loss:0.0 - actor/vopd_loss:0.5852412935346365 - actor/vopd_loss_weighted:0.5852412935346365 - opsa/selection_level:1.0 - opsa/micro_selected_tokens:320.015625 - opsa/clipfrac:0.0 - self_distillation/num_distill_tokens:320.015625 - actor/grad_norm:11.111149787902832 - timing_s/update_actor/student_forward:24.514793255009863 - timing_s/update_actor/teacher_forward:0.0 - timing_s/update_actor/teacher_full_forward:0.0 - timing_s/update_actor/loss_compute:0.019715142996574286 - timing_s/update_actor/backward:62.807223324991355 - timing_s/update_actor/optimizer_step:0.08488500800012844 - timing_s/update_actor/teacher_ema_update:3.027200000360608e-05 - perf/mfu/actor:0.0 - perf/max_memory_allocated_gb:79.82464456558228 - perf/max_memory_reserved_gb:88.859375 - perf/cpu_memory_used_gb:243.0456085205078 - actor/lr:1e-06 - training/global_step:4 - training/epoch:0 - response_length/mean:1600.078125 - response_length/max:4096.0 - response_length/min:192.0 - response_length/clip_ratio:0.15625 - response_length_non_aborted/mean:1600.078125 - response_length_non_aborted/max:4096.0 - response_length_non_aborted/min:192.0 - response_length_non_aborted/clip_ratio:0.15625 - response/aborted_ratio:0.0 - prompt_length/mean:3443.046875 - prompt_length/max:5647.0 - prompt_length/min:3111.0 - prompt_length/clip_ratio:0.0 - num_turns/min:2 - num_turns/max:2 - num_turns/mean:2.0 - critic/advantages/mean:-0.11803490668535233 - critic/advantages/max:0.0 - critic/advantages/min:-1.0 - timing_s/start_profile:2.9479997465386987e-05 - timing_s/agent_loop/generate_sequences/min:9.660942402995715 - timing_s/agent_loop/generate_sequences/max:59.565404571003455 - timing_s/agent_loop/generate_sequences/mean:28.396580697890613 - timing_s/agent_loop/tool_calls/min:0.0 - timing_s/agent_loop/tool_calls/max:0.0 - timing_s/agent_loop/tool_calls/mean:0.0 - timing_s/agent_loop/slowest/generate_sequences:59.565404571003455 - timing_s/agent_loop/slowest/tool_calls:0.0 - timing_s/agent_loop/slowest/prompt_length:3340 - timing_s/agent_loop/slowest/response_length:4096 - timing_s/gen:66.32886468200013 - timing_s/old_log_prob:23.297784433001652 - timing_s/adv:0.003111250000074506 - timing_s/update_actor:94.54050007699698 - timing_s/dump_rollout_generations:0.06430074799573049 - timing_s/step:184.24819097499858 - timing_s/stop_profile:2.478399983374402e-05 - timing_per_token_ms/update_actor:0.2929126907826155 - timing_per_token_ms/adv:9.639515429652081e-06 - timing_per_token_ms/gen:0.6477111926370795 - perf/total_num_tokens:322760 - perf/time_per_step:184.24819097499858 - perf/throughput:875.8837693114629[36m(TaskRunner pid=929411)[0m Training Progress:   4%|▍         | 5/114 [15:33<5:35:06, 184.46s/it]
[36m(TaskRunner pid=929411)[0m Training Progress:   5%|▌         | 6/114 [18:32<5:28:39, 182.59s/it]

[36m(TaskRunner pid=929411)[0m Dumped generations to /scratch/nkw3mr/Vision-OPD-OPSA/rollouts/OPSA-Qwen3.5-4B-think/5.jsonl
[36m(TaskRunner pid=929411)[0m step:5 - global_seqlen/min:326718 - global_seqlen/max:326718 - global_seqlen/minmax_diff:0 - global_seqlen/balanced_min:326718 - global_seqlen/balanced_max:326718 - global_seqlen/mean:326718.0 - actor/entropy:0.43727264017798007 - perf/mfu/actor_infer:0 - opsa/selected_tokens:21860.0 - opsa/selected_fraction:0.1999945106721682 - opsa/advantage_mean:-0.5828274209457914 - opsa/sel_logp_mean:-1.9939840890896614 - opsa/zero_sel_responses:0.0 - opsa/sel_entropy_mean:1.3808964490890503 - opsa/sel_entropy_max:8.334487915039062 - opsa/sel_entropy_min:0.00029754638671875 - training/rollout_probs_diff_valid:1 - training/rollout_probs_diff_max:0.9998183250427246 - training/rollout_probs_diff_mean:0.0375005304813385 - training/rollout_probs_diff_std:0.08034952729940414 - training/rollout_actor_probs_pearson_corr:0.9581552147865295 - rollout_corr/training_ppl:1.5719252564013004 - rollout_corr/training_log_ppl:0.4460124548058957 - rollout_corr/kl:0.029029142893705284 - rollout_corr/k3_kl:0.02594440170651069 - rollout_corr/rollout_ppl:1.5264849085360765 - rollout_corr/rollout_log_ppl:0.4169833050109446 - rollout_corr/log_ppl_diff:0.02902914979495108 - rollout_corr/log_ppl_abs_diff:0.02902914979495108 - rollout_corr/log_ppl_diff_max:0.08598801493644714 - rollout_corr/log_ppl_diff_min:0.003023475408554077 - rollout_corr/ppl_ratio:1.0297699123620987 - rollout_corr/chi2_token:0.091850396245718 - rollout_corr/chi2_seq:-0.9994837092235684 - actor/pg_loss:0.5776113402098417 - actor/kl_loss:0.0 - actor/grpo_loss:0.0 - actor/vopd_loss:0.5776113402098417 - actor/vopd_loss_weighted:0.5776113402098417 - opsa/selection_level:1.0 - opsa/micro_selected_tokens:341.5625 - opsa/clipfrac:0.0 - self_distillation/num_distill_tokens:341.5625 - actor/grad_norm:11.631150245666504 - timing_s/update_actor/student_forward:24.24703247396974 - timing_s/update_actor/teacher_forward:0.0 - timing_s/update_actor/teacher_full_forward:0.0 - timing_s/update_actor/loss_compute:0.01941386099497322 - timing_s/update_actor/backward:62.3004518440066 - timing_s/update_actor/optimizer_step:0.08495061998837627 - timing_s/update_actor/teacher_ema_update:2.963098813779652e-05 - perf/mfu/actor:0.0 - perf/max_memory_allocated_gb:79.82464456558228 - perf/max_memory_reserved_gb:88.859375 - perf/cpu_memory_used_gb:242.94451522827148 - actor/lr:1e-06 - training/global_step:5 - training/epoch:0 - response_length/mean:1707.859375 - response_length/max:4096.0 - response_length/min:162.0 - response_length/clip_ratio:0.109375 - response_length_non_aborted/mean:1707.859375 - response_length_non_aborted/max:4096.0 - response_length_non_aborted/min:162.0 - response_length_non_aborted/clip_ratio:0.109375 - response/aborted_ratio:0.0 - prompt_length/mean:3397.109375 - prompt_length/max:4012.0 - prompt_length/min:3158.0 - prompt_length/clip_ratio:0.0 - num_turns/min:2 - num_turns/max:2 - num_turns/mean:2.0 - critic/advantages/mean:-0.11656229197978973 - critic/advantages/max:0.0 - critic/advantages/min:-1.0 - timing_s/start_profile:6.226599361980334e-05 - timing_s/agent_loop/generate_sequences/min:8.630050220002886 - timing_s/agent_loop/generate_sequences/max:59.634872409995296 - timing_s/agent_loop/generate_sequences/mean:29.496354235280933 - timing_s/agent_loop/tool_calls/min:0.0 - timing_s/agent_loop/tool_calls/max:0.0 - timing_s/agent_loop/tool_calls/mean:0.0 - timing_s/agent_loop/slowest/generate_sequences:59.634872409995296 - timing_s/agent_loop/slowest/tool_calls:0.0 - timing_s/agent_loop/slowest/prompt_length:3348 - timing_s/agent_loop/slowest/response_length:4096 - timing_s/gen:65.8945786990007 - timing_s/old_log_prob:23.199149433996354 - timing_s/adv:0.0029481759993359447 - timing_s/update_actor:93.44506291699508 - timing_s/dump_rollout_generations:0.06828810099978 - timing_s/step:182.62487355200574 - timing_s/stop_profile:2.5325003662146628e-05 - timing_per_token_ms/update_actor:0.2860113704081045 - timing_per_token_ms/adv:9.023610573448493e-06 - timing_per_token_ms/gen:0.602861574696035 - perf/total_num_tokens:326718 - perf/time_per_step:182.62487355200574 - perf/throughput:894.505752818389
[36m(TaskRunner pid=929411)[0m Dumped generations to /scratch/nkw3mr/Vision-OPD-OPSA/rollouts/OPSA-Qwen3.5-4B-think/6.jsonl
[36m(TaskRunner pid=929411)[0m step:6 - global_seqlen/min:308120 - global_seqlen/max:308120 - global_seqlen/minmax_diff:0 - global_seqlen/balanced_min:308120 - global_seqlen/balanced_max:308120 - global_seqlen/mean:308120.0 - actor/entropy:0.3670244987588376 - perf/mfu/actor_infer:0 - opsa/selected_tokens:18201.0 - opsa/selected_fraction:0.19999560473370182 - opsa/advantage_mean:-0.5842772739993681 - opsa/sel_logp_mean:-1.8038500631833416 - opsa/zero_sel_responses:0.0 - opsa/sel_entropy_mean:1.28280770778656 - opsa/sel_entropy_max:7.602209091186523 - opsa/sel_entropy_min:0.001708984375 - training/rollout_probs_diff_valid:1 - training/rollout_probs_diff_max:0.9999929666519165 - training/rollout_probs_diff_mean:0.03600822389125824 - training/rollout_probs_diff_std:0.08045338839292526 - training/rollout_actor_probs_pearson_corr:0.9546509981155396 - rollout_corr/training_ppl:1.4829903412610292 - rollout_corr/training_log_ppl:0.38834519078955054 - rollout_corr/kl:0.02747929387987824 - rollout_corr/k3_kl:0.025168888620100915 - rollout_corr/rollout_ppl:1.4426449947059155 - rollout_corr/rollout_log_ppl:0.36086589936167 - rollout_corr/log_ppl_diff:0.027479291427880526 - rollout_corr/log_ppl_abs_diff:0.027479291427880526 - rollout_corr/log_ppl_diff_max:0.07813975214958191 - rollout_corr/log_ppl_diff_min:0.005688756704330444 - rollout_corr/ppl_ratio:1.0281000677496195 - rollout_corr/chi2_token:0.13128627836704254 - rollout_corr/chi2_seq:-0.9974935902282596 - actor/pg_loss:0.5781868230551481 - actor/kl_loss:0.0 - actor/grpo_loss:0.0 - actor/vopd_loss:0.5781868230551481 - actor/vopd_loss_weighted:0.5781868230551481 - opsa/selection_level:1.0 - opsa/micro_selected_tokens:284.390625 - opsa/clipfrac:0.0 - self_distillation/num_distill_tokens:284.390625 - actor/grad_norm:18.533119201660156 - timing_s/update_actor/student_forward:24.214142140073818 - timing_s/update_actor/teacher_forward:0.0 - timing_s/update_actor/teacher_full_forward:0.0 - timing_s/update_actor/loss_compute:0.01910511303867679 - timing_s/update_actor/backward:61.361240149024525 - timing_s/update_actor/optimizer_step:0.08484739701088984 - timing_s/update_actor/teacher_ema_update:3.0341005185618997e-05 - perf/mfu/actor:0.0 - perf/max_memory_allocated_gb:79.82464456558228 - perf/max_memory_reserved_gb:88.859375 - perf/cpu_memory_used_gb:243.24565887451172 - actor/lr:1e-06 - training/global_step:6 - training/epoch:0 - response_length/mean:1421.984375 - response_length/max:4096.0 - response_length/min:191.0 - response_length/clip_ratio:0.140625 - response_length_non_aborted/mean:1421.984375 - response_length_non_aborted/max:4096.0 - response_length_non_aborted/min:191.0 - response_length_non_aborted/clip_ratio:0.140625 - response/aborted_ratio:0.0 - prompt_length/mean:3392.390625 - prompt_length/max:5381.0 - prompt_length/min:3247.0 - prompt_length/clip_ratio:0.0 - num_turns/min:2 - num_turns/max:2 - num_turns/mean:2.0 - critic/advantages/mean:-0.11685288697481155 - critic/advantages/max:0.0 - critic/advantages/min:-1.0 - timing_s/start_profile:2.1809988538734615e-05 - timing_s/agent_loop/generate_sequences/min:9.242861908001942 - timing_s/agent_loop/generate_sequences/max:57.129873479003436 - timing_s/agent_loop/generate_sequences/mean:25.07453643573581 - timing_s/agent_loop/tool_calls/min:0.0 - timing_s/agent_loop/tool_calls/max:0.0 - timing_s/agent_loop/tool_calls/mean:0.0 - timing_s/agent_loop/slowest/generate_sequences:57.129873479003436 - timing_s/agent_loop/slowest/tool_calls:0.0 - timing_s/agent_loop/slowest/prompt_length:3344 - timing_s/agent_loop/slowest/response_length:4096 - timing_s/gen:63.28448035400652 - timing_s/old_log_prob:23.14707791499677 - timing_s/adv:0.002653301999089308 - timing_s/update_actor:92.4033790310059 - timing_s/dump_rollout_generations:0.058419897002750076 - timing_s/step:178.909418071009 - timing_s/stop_profile:2.4863998987711966e-05 - timing_per_token_ms/update_actor:0.29989412901144324 - timing_per_token_ms/adv:8.611261843078372e-06 - timing_per_token_ms/gen:0.6953803592471625 - perf/total_num_tokens:308120 - perf/time_per_step:178.909418071009 - perf/throughput:861.1061489163959[36m(TaskRunner pid=929411)[0m Training Progress:   6%|▌         | 7/114 [21:35<5:25:35, 182.57s/it]
[36m(TaskRunner pid=929411)[0m Training Progress:   7%|▋         | 8/114 [24:35<5:21:20, 181.89s/it]

[36m(TaskRunner pid=929411)[0m Dumped generations to /scratch/nkw3mr/Vision-OPD-OPSA/rollouts/OPSA-Qwen3.5-4B-think/7.jsonl
[36m(TaskRunner pid=929411)[0m step:7 - global_seqlen/min:321745 - global_seqlen/max:321745 - global_seqlen/minmax_diff:0 - global_seqlen/balanced_min:321745 - global_seqlen/balanced_max:321745 - global_seqlen/mean:321745.0 - actor/entropy:0.3989833693485707 - perf/mfu/actor_infer:0 - opsa/selected_tokens:20384.0 - opsa/selected_fraction:0.2 - opsa/advantage_mean:-0.5899385604978169 - opsa/sel_logp_mean:-1.9178361398645998 - opsa/zero_sel_responses:0.0 - opsa/sel_entropy_mean:1.3174811601638794 - opsa/sel_entropy_max:7.307139873504639 - opsa/sel_entropy_min:0.003772735595703125 - training/rollout_probs_diff_valid:1 - training/rollout_probs_diff_max:0.9999632835388184 - training/rollout_probs_diff_mean:0.03498551994562149 - training/rollout_probs_diff_std:0.07711590081453323 - training/rollout_actor_probs_pearson_corr:0.9599264860153198 - rollout_corr/training_ppl:1.534141730517149 - rollout_corr/training_log_ppl:0.4220012470614165 - rollout_corr/kl:0.02618487850213569 - rollout_corr/k3_kl:0.025146672953269444 - rollout_corr/rollout_ppl:1.4940765462815762 - rollout_corr/rollout_log_ppl:0.39581637107767165 - rollout_corr/log_ppl_diff:0.02618487598374486 - rollout_corr/log_ppl_abs_diff:0.026406496297568083 - rollout_corr/log_ppl_diff_max:0.09620785713195801 - rollout_corr/log_ppl_diff_min:-0.005091875791549683 - rollout_corr/ppl_ratio:1.0268272906541824 - rollout_corr/chi2_token:0.10105112940073013 - rollout_corr/chi2_seq:-0.7192091969773173 - actor/pg_loss:0.5839927978813648 - actor/kl_loss:0.0 - actor/grpo_loss:0.0 - actor/vopd_loss:0.5839927978813648 - actor/vopd_loss_weighted:0.5839927978813648 - opsa/selection_level:1.0 - opsa/micro_selected_tokens:318.5 - opsa/clipfrac:0.0 - self_distillation/num_distill_tokens:318.5 - actor/grad_norm:12.301587104797363 - timing_s/update_actor/student_forward:24.66433865801082 - timing_s/update_actor/teacher_forward:0.0 - timing_s/update_actor/teacher_full_forward:0.0 - timing_s/update_actor/loss_compute:0.018955518942675553 - timing_s/update_actor/backward:62.53985723297228 - timing_s/update_actor/optimizer_step:0.08494548899761867 - timing_s/update_actor/teacher_ema_update:2.806900010909885e-05 - perf/mfu/actor:0.0 - perf/max_memory_allocated_gb:79.82464456558228 - perf/max_memory_reserved_gb:88.859375 - perf/cpu_memory_used_gb:243.70416259765625 - actor/lr:1e-06 - training/global_step:7 - training/epoch:0 - response_length/mean:1592.5 - response_length/max:4096.0 - response_length/min:183.0 - response_length/clip_ratio:0.140625 - response_length_non_aborted/mean:1592.5 - response_length_non_aborted/max:4096.0 - response_length_non_aborted/min:183.0 - response_length_non_aborted/clip_ratio:0.140625 - response/aborted_ratio:0.0 - prompt_length/mean:3434.765625 - prompt_length/max:5178.0 - prompt_length/min:3339.0 - prompt_length/clip_ratio:0.0 - num_turns/min:2 - num_turns/max:2 - num_turns/mean:2.0 - critic/advantages/mean:-0.11798769980669022 - critic/advantages/max:0.0 - critic/advantages/min:-1.0 - timing_s/start_profile:3.036200359929353e-05 - timing_s/agent_loop/generate_sequences/min:9.814152177001233 - timing_s/agent_loop/generate_sequences/max:58.82783794100396 - timing_s/agent_loop/generate_sequences/mean:27.869346293375656 - timing_s/agent_loop/tool_calls/min:0.0 - timing_s/agent_loop/tool_calls/max:0.0 - timing_s/agent_loop/tool_calls/mean:0.0 - timing_s/agent_loop/slowest/generate_sequences:58.82783794100396 - timing_s/agent_loop/slowest/tool_calls:0.0 - timing_s/agent_loop/slowest/prompt_length:3343 - timing_s/agent_loop/slowest/response_length:4096 - timing_s/gen:64.99864033599442 - timing_s/old_log_prob:23.283272225002293 - timing_s/adv:0.0027939139981754124 - timing_s/update_actor:94.10634951401153 - timing_s/dump_rollout_generations:0.06266327601042576 - timing_s/step:182.46760171100323 - timing_s/stop_profile:2.588499046396464e-05 - timing_per_token_ms/update_actor:0.2924873720306812 - timing_per_token_ms/adv:8.68362833354182e-06 - timing_per_token_ms/gen:0.6377417615384068 - perf/total_num_tokens:321745 - perf/time_per_step:182.46760171100323 - perf/throughput:881.6496654282436
[36m(TaskRunner pid=929411)[0m Dumped generations to /scratch/nkw3mr/Vision-OPD-OPSA/rollouts/OPSA-Qwen3.5-4B-think/8.jsonl
[36m(TaskRunner pid=929411)[0m step:8 - global_seqlen/min:312939 - global_seqlen/max:312939 - global_seqlen/minmax_diff:0 - global_seqlen/balanced_min:312939 - global_seqlen/balanced_max:312939 - global_seqlen/mean:312939.0 - actor/entropy:0.3398036463186145 - perf/mfu/actor_infer:0 - opsa/selected_tokens:19228.0 - opsa/selected_fraction:0.19999167914794475 - opsa/advantage_mean:-0.5750727089075827 - opsa/sel_logp_mean:-1.6945983112193155 - opsa/zero_sel_responses:0.0 - opsa/sel_entropy_mean:1.2395384311676025 - opsa/sel_entropy_max:8.252876281738281 - opsa/sel_entropy_min:0.0004787445068359375 - training/rollout_probs_diff_valid:1 - training/rollout_probs_diff_max:0.9999743103981018 - training/rollout_probs_diff_mean:0.035206783562898636 - training/rollout_probs_diff_std:0.08206940442323685 - training/rollout_actor_probs_pearson_corr:0.9509159922599792 - rollout_corr/training_ppl:1.4460831992328167 - rollout_corr/training_log_ppl:0.36397057049907744 - rollout_corr/kl:0.029079895262839273 - rollout_corr/k3_kl:0.028076946131477598 - rollout_corr/rollout_ppl:1.4042148403823376 - rollout_corr/rollout_log_ppl:0.33489067596383393 - rollout_corr/log_ppl_diff:0.02907989453524351 - rollout_corr/log_ppl_abs_diff:0.02907989453524351 - rollout_corr/log_ppl_diff_max:0.09857505559921265 - rollout_corr/log_ppl_diff_min:0.004279196262359619 - rollout_corr/ppl_ratio:1.0298208426684141 - rollout_corr/chi2_token:0.9461207157000899 - rollout_corr/chi2_seq:-0.9979071710258722 - actor/pg_loss:0.5691323773935437 - actor/kl_loss:0.0 - actor/grpo_loss:0.0 - actor/vopd_loss:0.5691323773935437 - actor/vopd_loss_weighted:0.5691323773935437 - opsa/selection_level:1.0 - opsa/micro_selected_tokens:300.4375 - opsa/clipfrac:0.0 - self_distillation/num_distill_tokens:300.4375 - actor/grad_norm:13.83018970489502 - timing_s/update_actor/student_forward:24.60467735194834 - timing_s/update_actor/teacher_forward:0.0 - timing_s/update_actor/teacher_full_forward:0.0 - timing_s/update_actor/loss_compute:0.018994166995980777 - timing_s/update_actor/backward:61.55578354300815 - timing_s/update_actor/optimizer_step:0.08486293500754982 - timing_s/update_actor/teacher_ema_update:3.292500332463533e-05 - perf/mfu/actor:0.0 - perf/max_memory_allocated_gb:79.8733320236206 - perf/max_memory_reserved_gb:89.205078125 - perf/cpu_memory_used_gb:243.62897491455078 - actor/lr:1e-06 - training/global_step:8 - training/epoch:0 - response_length/mean:1502.25 - response_length/max:4096.0 - response_length/min:179.0 - response_length/clip_ratio:0.140625 - response_length_non_aborted/mean:1502.25 - response_length_non_aborted/max:4096.0 - response_length_non_aborted/min:179.0 - response_length_non_aborted/clip_ratio:0.140625 - response/aborted_ratio:0.0 - prompt_length/mean:3387.421875 - prompt_length/max:4336.0 - prompt_length/min:3258.0 - prompt_length/clip_ratio:0.0 - num_turns/min:2 - num_turns/max:2 - num_turns/mean:2.0 - critic/advantages/mean:-0.11500975489616394 - critic/advantages/max:0.0 - critic/advantages/min:-1.0 - timing_s/start_profile:2.7016998501494527e-05 - timing_s/agent_loop/generate_sequences/min:8.852284243999748 - timing_s/agent_loop/generate_sequences/max:57.20736978900095 - timing_s/agent_loop/generate_sequences/mean:26.130251193499134 - timing_s/agent_loop/tool_calls/min:0.0 - timing_s/agent_loop/tool_calls/max:0.0 - timing_s/agent_loop/tool_calls/mean:0.0 - timing_s/agent_loop/slowest/generate_sequences:57.20736978900095 - timing_s/agent_loop/slowest/tool_calls:0.0 - timing_s/agent_loop/slowest/prompt_length:3353 - timing_s/agent_loop/slowest/response_length:4096 - timing_s/gen:63.770748284005094 - timing_s/old_log_prob:23.248300056002336 - timing_s/adv:0.002763172989943996 - timing_s/update_actor:93.27748211899598 - timing_s/dump_rollout_generations:0.061613425001269206 - timing_s/step:180.37555262701062 - timing_s/stop_profile:2.536400279495865e-05 - timing_per_token_ms/update_actor:0.29806921514734813 - timing_per_token_ms/adv:8.829749535673074e-06 - timing_per_token_ms/gen:0.6632837024047792 - perf/total_num_tokens:312939 - perf/time_per_step:180.37555262701062 - perf/throughput:867.4651177565913[36m(TaskRunner pid=929411)[0m Training Progress:   8%|▊         | 9/114 [27:34<5:16:16, 180.73s/it]
[36m(TaskRunner pid=929411)[0m Training Progress:   9%|▉         | 10/114 [30:47<5:20:06, 184.68s/it]

[36m(TaskRunner pid=929411)[0m Dumped generations to /scratch/nkw3mr/Vision-OPD-OPSA/rollouts/OPSA-Qwen3.5-4B-think/9.jsonl
[36m(TaskRunner pid=929411)[0m step:9 - global_seqlen/min:304462 - global_seqlen/max:304462 - global_seqlen/minmax_diff:0 - global_seqlen/balanced_min:304462 - global_seqlen/balanced_max:304462 - global_seqlen/mean:304462.0 - actor/entropy:0.27049131225794554 - perf/mfu/actor_infer:0 - opsa/selected_tokens:16658.0 - opsa/selected_fraction:0.19999279651351254 - opsa/advantage_mean:-0.5757623260970705 - opsa/sel_logp_mean:-1.4018925778905031 - opsa/zero_sel_responses:0.0 - opsa/sel_entropy_mean:1.0265586376190186 - opsa/sel_entropy_max:6.768102645874023 - opsa/sel_entropy_min:0.0012073516845703125 - training/rollout_probs_diff_valid:1 - training/rollout_probs_diff_max:0.9993178248405457 - training/rollout_probs_diff_mean:0.028461160138249397 - training/rollout_probs_diff_std:0.06968773901462555 - training/rollout_actor_probs_pearson_corr:0.9581592082977295 - rollout_corr/training_ppl:1.3641524408012629 - rollout_corr/training_log_ppl:0.30671729194000363 - rollout_corr/kl:0.023588079369801562 - rollout_corr/k3_kl:0.02516335208201781 - rollout_corr/rollout_ppl:1.332023760303855 - rollout_corr/rollout_log_ppl:0.28312921326141804 - rollout_corr/log_ppl_diff:0.02358807867858559 - rollout_corr/log_ppl_abs_diff:0.02358807867858559 - rollout_corr/log_ppl_diff_max:0.08838923275470734 - rollout_corr/log_ppl_diff_min:0.003083735704421997 - rollout_corr/ppl_ratio:1.0240277331322432 - rollout_corr/chi2_token:0.18603108450770378 - rollout_corr/chi2_seq:-0.9992638733237982 - actor/pg_loss:0.573351482860744 - actor/kl_loss:0.0 - actor/grpo_loss:0.0 - actor/vopd_loss:0.573351482860744 - actor/vopd_loss_weighted:0.573351482860744 - opsa/selection_level:1.0 - opsa/micro_selected_tokens:260.28125 - opsa/clipfrac:0.0 - self_distillation/num_distill_tokens:260.28125 - actor/grad_norm:16.18363380432129 - timing_s/update_actor/student_forward:24.589704650934436 - timing_s/update_actor/teacher_forward:0.0 - timing_s/update_actor/teacher_full_forward:0.0 - timing_s/update_actor/loss_compute:0.019406212057219818 - timing_s/update_actor/backward:61.80575513494841 - timing_s/update_actor/optimizer_step:0.08481686199957039 - timing_s/update_actor/teacher_ema_update:4.2168001527898014e-05 - perf/mfu/actor:0.0 - perf/max_memory_allocated_gb:79.8733320236206 - perf/max_memory_reserved_gb:89.205078125 - perf/cpu_memory_used_gb:244.03524017333984 - actor/lr:1e-06 - training/global_step:9 - training/epoch:0 - response_length/mean:1301.453125 - response_length/max:4096.0 - response_length/min:156.0 - response_length/clip_ratio:0.046875 - response_length_non_aborted/mean:1301.453125 - response_length_non_aborted/max:4096.0 - response_length_non_aborted/min:156.0 - response_length_non_aborted/clip_ratio:0.046875 - response/aborted_ratio:0.0 - prompt_length/mean:3455.765625 - prompt_length/max:4946.0 - prompt_length/min:3252.0 - prompt_length/clip_ratio:0.0 - num_turns/min:2 - num_turns/max:2 - num_turns/mean:2.0 - critic/advantages/mean:-0.11514832079410553 - critic/advantages/max:0.0 - critic/advantages/min:-1.0 - timing_s/start_profile:5.2472008974291384e-05 - timing_s/agent_loop/generate_sequences/min:9.239142759994138 - timing_s/agent_loop/generate_sequences/max:54.0696733329969 - timing_s/agent_loop/generate_sequences/mean:23.75887654418716 - timing_s/agent_loop/tool_calls/min:0.0 - timing_s/agent_loop/tool_calls/max:0.0 - timing_s/agent_loop/tool_calls/mean:0.0 - timing_s/agent_loop/slowest/generate_sequences:54.0696733329969 - timing_s/agent_loop/slowest/tool_calls:0.0 - timing_s/agent_loop/slowest/prompt_length:3343 - timing_s/agent_loop/slowest/response_length:4096 - timing_s/gen:61.10855803798768 - timing_s/old_log_prob:23.51058948399441 - timing_s/adv:0.0027522680029505864 - timing_s/update_actor:93.42063087900169 - timing_s/dump_rollout_generations:0.05705058200692292 - timing_s/step:178.11347056399973 - timing_s/stop_profile:2.5294008082710207e-05 - timing_per_token_ms/update_actor:0.3068383932280603 - timing_per_token_ms/adv:9.039775088354496e-06 - timing_per_token_ms/gen:0.7336577868246753 - perf/total_num_tokens:304462 - perf/time_per_step:178.11347056399973 - perf/throughput:854.6854963746291
[36m(TaskRunner pid=929411)[0m Dumped generations to /scratch/nkw3mr/Vision-OPD-OPSA/rollouts/OPSA-Qwen3.5-4B-think/10.jsonl
[36m(TaskRunner pid=929411)[0m local_global_step_folder: /scratch/nkw3mr/Vision-OPD-OPSA/checkpoints/OPSA-Qwen3.5-4B-think/global_step_10
[36m(TaskRunner pid=929411)[0m step:10 - global_seqlen/min:306171 - global_seqlen/max:306171 - global_seqlen/minmax_diff:0 - global_seqlen/balanced_min:306171 - global_seqlen/balanced_max:306171 - global_seqlen/mean:306171.0 - actor/entropy:0.1949695049552247 - perf/mfu/actor_infer:0 - opsa/selected_tokens:17501.0 - opsa/selected_fraction:0.1999931434840243 - opsa/advantage_mean:-0.55461094187475 - opsa/sel_logp_mean:-1.0651547590137707 - opsa/zero_sel_responses:0.0 - opsa/sel_entropy_mean:0.824692964553833 - opsa/sel_entropy_max:7.550369739532471 - opsa/sel_entropy_min:3.0517578125e-05 - training/rollout_probs_diff_valid:1 - training/rollout_probs_diff_max:0.9999157190322876 - training/rollout_probs_diff_mean:0.03097650036215782 - training/rollout_probs_diff_std:0.09195895493030548 - training/rollout_actor_probs_pearson_corr:0.9080181121826172 - rollout_corr/training_ppl:1.2763579972088337 - rollout_corr/training_log_ppl:0.24095988494809717 - rollout_corr/kl:0.038240529378526844 - rollout_corr/k3_kl:0.03533710609190166 - rollout_corr/rollout_ppl:1.2284047659486532 - rollout_corr/rollout_log_ppl:0.20271935575874522 - rollout_corr/log_ppl_diff:0.038240529189351946 - rollout_corr/log_ppl_abs_diff:0.038240529189351946 - rollout_corr/log_ppl_diff_max:0.11126638203859329 - rollout_corr/log_ppl_diff_min:0.004812315106391907 - rollout_corr/ppl_ratio:1.0393107254058123 - rollout_corr/chi2_token:0.10032917559146881 - rollout_corr/chi2_seq:-0.9999930895864964 - actor/pg_loss:0.5526893483474851 - actor/kl_loss:0.0 - actor/grpo_loss:0.0 - actor/vopd_loss:0.5526893483474851 - actor/vopd_loss_weighted:0.5526893483474851 - opsa/selection_level:1.0 - opsa/micro_selected_tokens:273.453125 - opsa/clipfrac:0.0 - self_distillation/num_distill_tokens:273.453125 - actor/grad_norm:20.20781707763672 - timing_s/update_actor/student_forward:24.138390060863458 - timing_s/update_actor/teacher_forward:0.0 - timing_s/update_actor/teacher_full_forward:0.0 - timing_s/update_actor/loss_compute:0.019162003954988904 - timing_s/update_actor/backward:61.362243088980904 - timing_s/update_actor/optimizer_step:0.08481653699709568 - timing_s/update_actor/teacher_ema_update:2.9410002753138542e-05 - perf/mfu/actor:0.0 - perf/max_memory_allocated_gb:79.8733320236206 - perf/max_memory_reserved_gb:89.205078125 - perf/cpu_memory_used_gb:244.2650032043457 - actor/lr:1e-06 - training/global_step:10 - training/epoch:0 - response_length/mean:1367.3125 - response_length/max:4096.0 - response_length/min:161.0 - response_length/clip_ratio:0.140625 - response_length_non_aborted/mean:1367.3125 - response_length_non_aborted/max:4096.0 - response_length_non_aborted/min:161.0 - response_length_non_aborted/clip_ratio:0.140625 - response/aborted_ratio:0.0 - prompt_length/mean:3416.609375 - prompt_length/max:4382.0 - prompt_length/min:3201.0 - prompt_length/clip_ratio:0.0 - num_turns/min:2 - num_turns/max:2 - num_turns/mean:2.0 - critic/advantages/mean:-0.11091837286949158 - critic/advantages/max:0.0 - critic/advantages/min:-1.0 - timing_s/start_profile:3.0952985980547965e-05 - timing_s/agent_loop/generate_sequences/min:8.907941354002105 - timing_s/agent_loop/generate_sequences/max:58.03412678200402 - timing_s/agent_loop/generate_sequences/mean:24.65342923801677 - timing_s/agent_loop/tool_calls/min:0.0 - timing_s/agent_loop/tool_calls/max:0.0 - timing_s/agent_loop/tool_calls/mean:0.0 - timing_s/agent_loop/slowest/generate_sequences:58.03412678200402 - timing_s/agent_loop/slowest/tool_calls:0.0 - timing_s/agent_loop/slowest/prompt_length:3371 - timing_s/agent_loop/slowest/response_length:4096 - timing_s/gen:64.18663820000074 - timing_s/old_log_prob:23.060430106008425 - timing_s/adv:0.0026771150005515665 - timing_s/update_actor:92.52152795800066 - timing_s/dump_rollout_generations:0.058417392006958835 - timing_s/step:179.84310807699512 - timing_s/save_checkpoint:13.565887967997696 - timing_s/stop_profile:4.561198875308037e-05 - timing_per_token_ms/update_actor:0.3021890641438956 - timing_per_token_ms/adv:8.743855559643358e-06 - timing_per_token_ms/gen:0.7334945170727333 - perf/total_num_tokens:306171 - perf/time_per_step:179.84310807699512 - perf/throughput:851.2169392360615[36m(WorkerDict pid=942995)[0m /sfs/weka/scratch/nkw3mr/Vision-OPD-OPSA/verl/utils/device.py:134: FutureWarning: torch.cuda._set_allocator_settings is deprecated. Use torch._C._accelerator_setAllocatorSettings instead.
[36m(WorkerDict pid=942995)[0m   torch.cuda.memory._set_allocator_settings(f"expandable_segments:{enable}")
[36m(TaskRunner pid=929411)[0m Training Progress:  10%|▉         | 11/114 [33:46<5:13:55, 182.87s/it]
[36m(WorkerDict pid=942993)[0m /sfs/weka/scratch/nkw3mr/Vision-OPD-OPSA/verl/utils/device.py:134: FutureWarning: torch.cuda._set_allocator_settings is deprecated. Use torch._C._accelerator_setAllocatorSettings instead.
[36m(WorkerDict pid=942993)[0m   torch.cuda.memory._set_allocator_settings(f"expandable_segments:{enable}")
[36m(TaskRunner pid=929411)[0m Training Progress:  11%|█         | 12/114 [36:49<5:11:07, 183.02s/it]

[36m(TaskRunner pid=929411)[0m Dumped generations to /scratch/nkw3mr/Vision-OPD-OPSA/rollouts/OPSA-Qwen3.5-4B-think/11.jsonl
[36m(TaskRunner pid=929411)[0m step:11 - global_seqlen/min:309473 - global_seqlen/max:309473 - global_seqlen/minmax_diff:0 - global_seqlen/balanced_min:309473 - global_seqlen/balanced_max:309473 - global_seqlen/mean:309473.0 - actor/entropy:0.15127601742278785 - perf/mfu/actor_infer:0 - opsa/selected_tokens:18471.0 - opsa/selected_fraction:0.19999133814787948 - opsa/advantage_mean:-0.5408582837623843 - opsa/sel_logp_mean:-0.8730969429274268 - opsa/zero_sel_responses:0.0 - opsa/sel_entropy_mean:0.6780605912208557 - opsa/sel_entropy_max:8.295951843261719 - opsa/sel_entropy_min:0.000156402587890625 - training/rollout_probs_diff_valid:1 - training/rollout_probs_diff_max:0.9999025464057922 - training/rollout_probs_diff_mean:0.029376273974776268 - training/rollout_probs_diff_std:0.09587300568819046 - training/rollout_actor_probs_pearson_corr:0.8804482221603394 - rollout_corr/training_ppl:1.2344773411750793 - rollout_corr/training_log_ppl:0.20838705729693174 - rollout_corr/kl:0.050303360701946076 - rollout_corr/k3_kl:0.04748416070651729 - rollout_corr/rollout_ppl:1.1734540406614542 - rollout_corr/rollout_log_ppl:0.15808369481237605 - rollout_corr/log_ppl_diff:0.05030336260097101 - rollout_corr/log_ppl_abs_diff:0.05030336260097101 - rollout_corr/log_ppl_diff_max:0.16677498817443848 - rollout_corr/log_ppl_diff_min:0.00442621111869812 - rollout_corr/ppl_ratio:1.0520971603691578 - rollout_corr/chi2_token:0.21260580327361822 - rollout_corr/chi2_seq:-0.996107529848814 - actor/pg_loss:0.5386689016595483 - actor/kl_loss:0.0 - actor/grpo_loss:0.0 - actor/vopd_loss:0.5386689016595483 - actor/vopd_loss_weighted:0.5386689016595483 - opsa/selection_level:1.0 - opsa/micro_selected_tokens:288.609375 - opsa/clipfrac:0.0 - self_distillation/num_distill_tokens:288.609375 - actor/grad_norm:20.614206314086914 - timing_s/update_actor/student_forward:24.206801629959955 - timing_s/update_actor/teacher_forward:0.0 - timing_s/update_actor/teacher_full_forward:0.0 - timing_s/update_actor/loss_compute:0.019538069012924097 - timing_s/update_actor/backward:61.29960380500415 - timing_s/update_actor/optimizer_step:0.08504465699661523 - timing_s/update_actor/teacher_ema_update:3.0732000595889986e-05 - perf/mfu/actor:0.0 - perf/max_memory_allocated_gb:79.8733320236206 - perf/max_memory_reserved_gb:89.205078125 - perf/cpu_memory_used_gb:245.13402557373047 - actor/lr:1e-06 - training/global_step:11 - training/epoch:0 - response_length/mean:1443.109375 - response_length/max:4096.0 - response_length/min:132.0 - response_length/clip_ratio:0.125 - response_length_non_aborted/mean:1443.109375 - response_length_non_aborted/max:4096.0 - response_length_non_aborted/min:132.0 - response_length_non_aborted/clip_ratio:0.125 - response/aborted_ratio:0.0 - prompt_length/mean:3392.40625 - prompt_length/max:3968.0 - prompt_length/min:3153.0 - prompt_length/clip_ratio:0.0 - num_turns/min:2 - num_turns/max:2 - num_turns/mean:2.0 - critic/advantages/mean:-0.10816698521375656 - critic/advantages/max:0.0 - critic/advantages/min:-1.0 - timing_s/start_profile:4.051599535159767e-05 - timing_s/agent_loop/generate_sequences/min:8.461617730994476 - timing_s/agent_loop/generate_sequences/max:57.551468656005454 - timing_s/agent_loop/generate_sequences/mean:25.410748836608946 - timing_s/agent_loop/tool_calls/min:0.0 - timing_s/agent_loop/tool_calls/max:0.0 - timing_s/agent_loop/tool_calls/mean:0.0 - timing_s/agent_loop/slowest/generate_sequences:57.551468656005454 - timing_s/agent_loop/slowest/tool_calls:0.0 - timing_s/agent_loop/slowest/prompt_length:3347 - timing_s/agent_loop/slowest/response_length:4096 - timing_s/gen:63.11351902100432 - timing_s/old_log_prob:23.017364400002407 - timing_s/adv:0.0034602000087033957 - timing_s/update_actor:92.4727637420001 - timing_s/dump_rollout_generations:0.06724247999954969 - timing_s/step:178.6883364420064 - timing_s/stop_profile:2.4563996703363955e-05 - timing_per_token_ms/update_actor:0.29880721013464856 - timing_per_token_ms/adv:1.118094311524235e-05 - timing_per_token_ms/gen:0.6833499607077201 - perf/total_num_tokens:309473 - perf/time_per_step:178.6883364420064 - perf/throughput:865.9574714336209
[36m(TaskRunner pid=929411)[0m Dumped generations to /scratch/nkw3mr/Vision-OPD-OPSA/rollouts/OPSA-Qwen3.5-4B-think/12.jsonl
[36m(TaskRunner pid=929411)[0m step:12 - global_seqlen/min:325199 - global_seqlen/max:325199 - global_seqlen/minmax_diff:0 - global_seqlen/balanced_min:325199 - global_seqlen/balanced_max:325199 - global_seqlen/mean:325199.0 - actor/entropy:0.14311136316973716 - perf/mfu/actor_infer:0 - opsa/selected_tokens:21414.0 - opsa/selected_fraction:0.19999626419605498 - opsa/advantage_mean:-0.5381181338727001 - opsa/sel_logp_mean:-0.8390940214345756 - opsa/zero_sel_responses:0.0 - opsa/sel_entropy_mean:0.6182256937026978 - opsa/sel_entropy_max:8.108704566955566 - opsa/sel_entropy_min:5.14984130859375e-05 - training/rollout_probs_diff_valid:1 - training/rollout_probs_diff_max:0.999977171421051 - training/rollout_probs_diff_mean:0.02940903976559639 - training/rollout_probs_diff_std:0.09868493676185608 - training/rollout_actor_probs_pearson_corr:0.8672130107879639 - rollout_corr/training_ppl:1.2241137120872736 - rollout_corr/training_log_ppl:0.19956137891858816 - rollout_corr/kl:0.05063012150640134 - rollout_corr/k3_kl:0.048414111748570576 - rollout_corr/rollout_ppl:1.1630803532898426 - rollout_corr/rollout_log_ppl:0.14893125684466213 - rollout_corr/log_ppl_diff:0.05063012207392603 - rollout_corr/log_ppl_abs_diff:0.05063012207392603 - rollout_corr/log_ppl_diff_max:0.12602952122688293 - rollout_corr/log_ppl_diff_min:0.00893990695476532 - rollout_corr/ppl_ratio:1.0523111876100302 - rollout_corr/chi2_token:0.6805759584531188 - rollout_corr/chi2_seq:-0.999977889470756 - actor/pg_loss:0.5372889135032892 - actor/kl_loss:0.0 - actor/grpo_loss:0.0 - actor/vopd_loss:0.5372889135032892 - actor/vopd_loss_weighted:0.5372889135032892 - opsa/selection_level:1.0 - opsa/micro_selected_tokens:334.59375 - opsa/clipfrac:0.0 - self_distillation/num_distill_tokens:334.59375 - actor/grad_norm:18.48137092590332 - timing_s/update_actor/student_forward:24.644209964913898 - timing_s/update_actor/teacher_forward:0.0 - timing_s/update_actor/teacher_full_forward:0.0 - timing_s/update_actor/loss_compute:0.01982850300555583 - timing_s/update_actor/backward:62.430442608034355 - timing_s/update_actor/optimizer_step:0.0848318109929096 - timing_s/update_actor/teacher_ema_update:2.764799864962697e-05 - perf/mfu/actor:0.0 - perf/max_memory_allocated_gb:79.8733320236206 - perf/max_memory_reserved_gb:89.205078125 - perf/cpu_memory_used_gb:244.97354888916016 - actor/lr:1e-06 - training/global_step:12 - training/epoch:0 - response_length/mean:1673.0 - response_length/max:4096.0 - response_length/min:175.0 - response_length/clip_ratio:0.15625 - response_length_non_aborted/mean:1673.0 - response_length_non_aborted/max:4096.0 - response_length_non_aborted/min:175.0 - response_length_non_aborted/clip_ratio:0.15625 - response/aborted_ratio:0.0 - prompt_length/mean:3408.234375 - prompt_length/max:4016.0 - prompt_length/min:3169.0 - prompt_length/clip_ratio:0.0 - num_turns/min:2 - num_turns/max:2 - num_turns/mean:2.0 - critic/advantages/mean:-0.10762162506580353 - critic/advantages/max:0.0 - critic/advantages/min:-1.0 - timing_s/start_profile:3.969400131609291e-05 - timing_s/agent_loop/generate_sequences/min:8.67153604599298 - timing_s/agent_loop/generate_sequences/max:59.05721519100189 - timing_s/agent_loop/generate_sequences/mean:29.144448131703484 - timing_s/agent_loop/tool_calls/min:0.0 - timing_s/agent_loop/tool_calls/max:0.0 - timing_s/agent_loop/tool_calls/mean:0.0 - timing_s/agent_loop/slowest/generate_sequences:59.05721519100189 - timing_s/agent_loop/slowest/tool_calls:0.0 - timing_s/agent_loop/slowest/prompt_length:3344 - timing_s/agent_loop/slowest/response_length:4096 - timing_s/gen:65.55445421300828 - timing_s/old_log_prob:23.46929885399004 - timing_s/adv:0.0027583960036281496 - timing_s/update_actor:94.19620224300888 - timing_s/dump_rollout_generations:0.062283001010655425 - timing_s/step:183.299843847999 - timing_s/stop_profile:2.617599966470152e-05 - timing_per_token_ms/update_actor:0.28965710916395465 - timing_per_token_ms/adv:8.48217861564196e-06 - timing_per_token_ms/gen:0.612246471654665 - perf/total_num_tokens:325199 - perf/time_per_step:183.299843847999 - perf/throughput:887.0684043508257[36m(TaskRunner pid=929411)[0m Training Progress:  11%|█▏        | 13/114 [39:59<5:11:38, 185.13s/it]
[36m(TaskRunner pid=929411)[0m Training Progress:  12%|█▏        | 14/114 [43:02<5:07:17, 184.38s/it]

[36m(TaskRunner pid=929411)[0m Dumped generations to /scratch/nkw3mr/Vision-OPD-OPSA/rollouts/OPSA-Qwen3.5-4B-think/13.jsonl
[36m(TaskRunner pid=929411)[0m step:13 - global_seqlen/min:342898 - global_seqlen/max:342898 - global_seqlen/minmax_diff:0 - global_seqlen/balanced_min:342898 - global_seqlen/balanced_max:342898 - global_seqlen/mean:342898.0 - actor/entropy:0.12583512754645199 - perf/mfu/actor_infer:0 - opsa/selected_tokens:24479.0 - opsa/selected_fraction:0.19999836595967188 - opsa/advantage_mean:-0.5319530499994893 - opsa/sel_logp_mean:-0.6920958557590179 - opsa/zero_sel_responses:0.0 - opsa/sel_entropy_mean:0.5068351626396179 - opsa/sel_entropy_max:7.929473876953125 - opsa/sel_entropy_min:9.918212890625e-05 - training/rollout_probs_diff_valid:1 - training/rollout_probs_diff_max:0.999995231628418 - training/rollout_probs_diff_mean:0.02793841063976288 - training/rollout_probs_diff_std:0.10784201323986053 - training/rollout_actor_probs_pearson_corr:0.8059250116348267 - rollout_corr/training_ppl:1.2169148158282042 - rollout_corr/training_log_ppl:0.19192179042147473 - rollout_corr/kl:0.06697402531426633 - rollout_corr/k3_kl:0.062408928395598195 - rollout_corr/rollout_ppl:1.136334165930748 - rollout_corr/rollout_log_ppl:0.12494776432868093 - rollout_corr/log_ppl_diff:0.06697402597637847 - rollout_corr/log_ppl_abs_diff:0.06697402597637847 - rollout_corr/log_ppl_diff_max:0.2581447958946228 - rollout_corr/log_ppl_diff_min:0.005629153922200203 - rollout_corr/ppl_ratio:1.0701797548681498 - rollout_corr/chi2_token:0.19094488862901926 - rollout_corr/chi2_seq:-0.9999997140839696 - actor/pg_loss:0.530369384214282 - actor/kl_loss:0.0 - actor/grpo_loss:0.0 - actor/vopd_loss:0.530369384214282 - actor/vopd_loss_weighted:0.530369384214282 - opsa/selection_level:1.0 - opsa/micro_selected_tokens:382.484375 - opsa/clipfrac:0.0 - self_distillation/num_distill_tokens:382.484375 - actor/grad_norm:31.22348976135254 - timing_s/update_actor/student_forward:25.379396071031806 - timing_s/update_actor/teacher_forward:0.0 - timing_s/update_actor/teacher_full_forward:0.0 - timing_s/update_actor/loss_compute:0.019927889050450176 - timing_s/update_actor/backward:64.25751193903852 - timing_s/update_actor/optimizer_step:0.08526791899930686 - timing_s/update_actor/teacher_ema_update:3.502798790577799e-05 - perf/mfu/actor:0.0 - perf/max_memory_allocated_gb:80.67080640792847 - perf/max_memory_reserved_gb:89.205078125 - perf/cpu_memory_used_gb:245.2065200805664 - actor/lr:1e-06 - training/global_step:13 - training/epoch:0 - response_length/mean:1912.4375 - response_length/max:4096.0 - response_length/min:144.0 - response_length/clip_ratio:0.296875 - response_length_non_aborted/mean:1912.4375 - response_length_non_aborted/max:4096.0 - response_length_non_aborted/min:144.0 - response_length_non_aborted/clip_ratio:0.296875 - response/aborted_ratio:0.0 - prompt_length/mean:3445.34375 - prompt_length/max:5885.0 - prompt_length/min:3202.0 - prompt_length/clip_ratio:0.0 - num_turns/min:2 - num_turns/max:2 - num_turns/mean:2.0 - critic/advantages/mean:-0.10638973861932755 - critic/advantages/max:0.0 - critic/advantages/min:-1.0 - timing_s/start_profile:5.124999734107405e-05 - timing_s/agent_loop/generate_sequences/min:8.489406558001065 - timing_s/agent_loop/generate_sequences/max:60.73668992200692 - timing_s/agent_loop/generate_sequences/mean:32.25695909012461 - timing_s/agent_loop/tool_calls/min:0.0 - timing_s/agent_loop/tool_calls/max:0.0 - timing_s/agent_loop/tool_calls/mean:0.0 - timing_s/agent_loop/slowest/generate_sequences:60.73668992200692 - timing_s/agent_loop/slowest/tool_calls:0.0 - timing_s/agent_loop/slowest/prompt_length:3344 - timing_s/agent_loop/slowest/response_length:4096 - timing_s/gen:67.06405806800467 - timing_s/old_log_prob:24.796995010998216 - timing_s/adv:0.002642256993567571 - timing_s/update_actor:97.98664836799435 - timing_s/dump_rollout_generations:0.06267214499530382 - timing_s/step:189.92802399799984 - timing_s/stop_profile:2.4533990654163063e-05 - timing_per_token_ms/update_actor:0.28576033796637584 - timing_per_token_ms/adv:7.70566463953587e-06 - timing_per_token_ms/gen:0.5479268772509287 - perf/total_num_tokens:342898 - perf/time_per_step:189.92802399799984 - perf/throughput:902.7051216086235
[36m(TaskRunner pid=929411)[0m Dumped generations to /scratch/nkw3mr/Vision-OPD-OPSA/rollouts/OPSA-Qwen3.5-4B-think/14.jsonl
[36m(TaskRunner pid=929411)[0m step:14 - global_seqlen/min:313891 - global_seqlen/max:313891 - global_seqlen/minmax_diff:0 - global_seqlen/balanced_min:313891 - global_seqlen/balanced_max:313891 - global_seqlen/mean:313891.0 - actor/entropy:0.10990383621538058 - perf/mfu/actor_infer:0 - opsa/selected_tokens:19353.0 - opsa/selected_fraction:0.19999793315834075 - opsa/advantage_mean:-0.5301935584922234 - opsa/sel_logp_mean:-0.7470459400674314 - opsa/zero_sel_responses:0.0 - opsa/sel_entropy_mean:0.5012309551239014 - opsa/sel_entropy_max:8.299931526184082 - opsa/sel_entropy_min:2.288818359375e-05 - training/rollout_probs_diff_valid:1 - training/rollout_probs_diff_max:0.999993085861206 - training/rollout_probs_diff_mean:0.03214384987950325 - training/rollout_probs_diff_std:0.11491934210062027 - training/rollout_actor_probs_pearson_corr:0.7867182493209839 - rollout_corr/training_ppl:1.2167948707938194 - rollout_corr/training_log_ppl:0.1933425780152902 - rollout_corr/kl:0.08291223939158954 - rollout_corr/k3_kl:0.07871186782722361 - rollout_corr/rollout_ppl:1.1180635541677475 - rollout_corr/rollout_log_ppl:0.1104303389438428 - rollout_corr/log_ppl_diff:0.08291223875130527 - rollout_corr/log_ppl_abs_diff:0.08291223875130527 - rollout_corr/log_ppl_diff_max:0.1792878955602646 - rollout_corr/log_ppl_diff_min:0.02061181515455246 - rollout_corr/ppl_ratio:1.0873877964913845 - rollout_corr/chi2_token:0.556744396686554 - rollout_corr/chi2_seq:-0.9999843593686819 - actor/pg_loss:0.5280714631080627 - actor/kl_loss:0.0 - actor/grpo_loss:0.0 - actor/vopd_loss:0.5280714631080627 - actor/vopd_loss_weighted:0.5280714631080627 - opsa/selection_level:1.0 - opsa/micro_selected_tokens:302.390625 - opsa/clipfrac:0.0 - self_distillation/num_distill_tokens:302.390625 - actor/grad_norm:29.481983184814453 - timing_s/update_actor/student_forward:24.693035639997106 - timing_s/update_actor/teacher_forward:0.0 - timing_s/update_actor/teacher_full_forward:0.0 - timing_s/update_actor/loss_compute:0.019991845983895473 - timing_s/update_actor/backward:61.70793153802515 - timing_s/update_actor/optimizer_step:0.08510362400556915 - timing_s/update_actor/teacher_ema_update:3.180300700478256e-05 - perf/mfu/actor:0.0 - perf/max_memory_allocated_gb:80.67080640792847 - perf/max_memory_reserved_gb:89.205078125 - perf/cpu_memory_used_gb:245.28984832763672 - actor/lr:1e-06 - training/global_step:14 - training/epoch:0 - response_length/mean:1511.96875 - response_length/max:4096.0 - response_length/min:143.0 - response_length/clip_ratio:0.1875 - response_length_non_aborted/mean:1511.96875 - response_length_non_aborted/max:4096.0 - response_length_non_aborted/min:143.0 - response_length_non_aborted/clip_ratio:0.1875 - response/aborted_ratio:0.0 - prompt_length/mean:3392.578125 - prompt_length/max:3957.0 - prompt_length/min:3340.0 - prompt_length/clip_ratio:0.0 - num_turns/min:2 - num_turns/max:2 - num_turns/mean:2.0 - critic/advantages/mean:-0.10603762418031693 - critic/advantages/max:0.0 - critic/advantages/min:-1.0 - timing_s/start_profile:1.9826999050565064e-05 - timing_s/agent_loop/generate_sequences/min:8.367840024002362 - timing_s/agent_loop/generate_sequences/max:57.83259868400637 - timing_s/agent_loop/generate_sequences/mean:26.103949380267068 - timing_s/agent_loop/tool_calls/min:0.0 - timing_s/agent_loop/tool_calls/max:0.0 - timing_s/agent_loop/tool_calls/mean:0.0 - timing_s/agent_loop/slowest/generate_sequences:57.83259868400637 - timing_s/agent_loop/slowest/tool_calls:0.0 - timing_s/agent_loop/slowest/prompt_length:3344 - timing_s/agent_loop/slowest/response_length:4096 - timing_s/gen:64.05989209700783 - timing_s/old_log_prob:24.277082501008408 - timing_s/adv:0.002836493993527256 - timing_s/update_actor:94.17265491500439 - timing_s/dump_rollout_generations:0.05813285299518611 - timing_s/step:182.58550052299688 - timing_s/stop_profile:2.4873996153473854e-05 - timing_per_token_ms/update_actor:0.30001705979147025 - timing_per_token_ms/adv:9.036557255630955e-06 - timing_per_token_ms/gen:0.6620082683691362 - perf/total_num_tokens:313891 - perf/time_per_step:182.58550052299688 - perf/throughput:859.5726361099112[36m(TaskRunner pid=929411)[0m Training Progress:  13%|█▎        | 15/114 [46:08<5:05:07, 184.93s/it]
[36m(TaskRunner pid=929411)[0m Training Progress:  14%|█▍        | 16/114 [49:15<5:02:52, 185.43s/it]

[36m(TaskRunner pid=929411)[0m Dumped generations to /scratch/nkw3mr/Vision-OPD-OPSA/rollouts/OPSA-Qwen3.5-4B-think/15.jsonl
[36m(TaskRunner pid=929411)[0m step:15 - global_seqlen/min:319956 - global_seqlen/max:319956 - global_seqlen/minmax_diff:0 - global_seqlen/balanced_min:319956 - global_seqlen/balanced_max:319956 - global_seqlen/mean:319956.0 - actor/entropy:0.10264052933780476 - perf/mfu/actor_infer:0 - opsa/selected_tokens:20624.0 - opsa/selected_fraction:0.19999224234901672 - opsa/advantage_mean:-0.5268081179693561 - opsa/sel_logp_mean:-0.7655684631679112 - opsa/zero_sel_responses:0.0 - opsa/sel_entropy_mean:0.4357988238334656 - opsa/sel_entropy_max:8.128105163574219 - opsa/sel_entropy_min:0.0 - training/rollout_probs_diff_valid:1 - training/rollout_probs_diff_max:0.9999704957008362 - training/rollout_probs_diff_mean:0.033729732036590576 - training/rollout_probs_diff_std:0.1256629228591919 - training/rollout_actor_probs_pearson_corr:0.7334581017494202 - rollout_corr/training_ppl:1.2646270040422678 - rollout_corr/training_log_ppl:0.22866785165388137 - rollout_corr/kl:0.12306486134184524 - rollout_corr/k3_kl:0.11880794665194117 - rollout_corr/rollout_ppl:1.1131431236863136 - rollout_corr/rollout_log_ppl:0.10560299250937533 - rollout_corr/log_ppl_diff:0.12306485962471925 - rollout_corr/log_ppl_abs_diff:0.12306485962471925 - rollout_corr/log_ppl_diff_max:0.338275671005249 - rollout_corr/log_ppl_diff_min:0.02439909242093563 - rollout_corr/ppl_ratio:1.1336061414331198 - rollout_corr/chi2_token:0.46624286100268364 - rollout_corr/chi2_seq:-1.0 - actor/pg_loss:0.5251731295138597 - actor/kl_loss:0.0 - actor/grpo_loss:0.0 - actor/vopd_loss:0.5251731295138597 - actor/vopd_loss_weighted:0.5251731295138597 - opsa/selection_level:1.0 - opsa/micro_selected_tokens:322.25 - opsa/clipfrac:0.0 - self_distillation/num_distill_tokens:322.25 - actor/grad_norm:39.09981155395508 - timing_s/update_actor/student_forward:25.18307520104281 - timing_s/update_actor/teacher_forward:0.0 - timing_s/update_actor/teacher_full_forward:0.0 - timing_s/update_actor/loss_compute:0.02008038994972594 - timing_s/update_actor/backward:62.0788632100157 - timing_s/update_actor/optimizer_step:0.08507831901079044 - timing_s/update_actor/teacher_ema_update:5.1611001254059374e-05 - perf/mfu/actor:0.0 - perf/max_memory_allocated_gb:80.67080640792847 - perf/max_memory_reserved_gb:89.205078125 - perf/cpu_memory_used_gb:245.57279205322266 - actor/lr:1e-06 - training/global_step:15 - training/epoch:0 - response_length/mean:1611.3125 - response_length/max:4096.0 - response_length/min:181.0 - response_length/clip_ratio:0.21875 - response_length_non_aborted/mean:1611.3125 - response_length_non_aborted/max:4096.0 - response_length_non_aborted/min:181.0 - response_length_non_aborted/clip_ratio:0.21875 - response/aborted_ratio:0.0 - prompt_length/mean:3388.0 - prompt_length/max:4473.0 - prompt_length/min:3202.0 - prompt_length/clip_ratio:0.0 - num_turns/min:2 - num_turns/max:2 - num_turns/mean:2.0 - critic/advantages/mean:-0.10535753518342972 - critic/advantages/max:0.0 - critic/advantages/min:-1.0 - timing_s/start_profile:3.079199814237654e-05 - timing_s/agent_loop/generate_sequences/min:8.42855450999923 - timing_s/agent_loop/generate_sequences/max:59.054224940002314 - timing_s/agent_loop/generate_sequences/mean:27.666657984156018 - timing_s/agent_loop/tool_calls/min:0.0 - timing_s/agent_loop/tool_calls/max:0.0 - timing_s/agent_loop/tool_calls/mean:0.0 - timing_s/agent_loop/slowest/generate_sequences:59.054224940002314 - timing_s/agent_loop/slowest/tool_calls:0.0 - timing_s/agent_loop/slowest/prompt_length:3360 - timing_s/agent_loop/slowest/response_length:4096 - timing_s/gen:65.38155329599977 - timing_s/old_log_prob:25.30852380800934 - timing_s/adv:0.0027671779971569777 - timing_s/update_actor:95.37936484899546 - timing_s/dump_rollout_generations:0.05915085099695716 - timing_s/step:186.14471469300042 - timing_s/stop_profile:2.5725996238179505e-05 - timing_per_token_ms/update_actor:0.2981015041099259 - timing_per_token_ms/adv:8.648620426424189e-06 - timing_per_token_ms/gen:0.6340090890190427 - perf/total_num_tokens:319956 - perf/time_per_step:186.14471469300042 - perf/throughput:859.4281081998168
[36m(TaskRunner pid=929411)[0m Dumped generations to /scratch/nkw3mr/Vision-OPD-OPSA/rollouts/OPSA-Qwen3.5-4B-think/16.jsonl
[36m(TaskRunner pid=929411)[0m step:16 - global_seqlen/min:323263 - global_seqlen/max:323263 - global_seqlen/minmax_diff:0 - global_seqlen/balanced_min:323263 - global_seqlen/balanced_max:323263 - global_seqlen/mean:323263.0 - actor/entropy:0.08836352039361373 - perf/mfu/actor_infer:0 - opsa/selected_tokens:21408.0 - opsa/selected_fraction:0.19999439477593117 - opsa/advantage_mean:-0.5217455306573477 - opsa/sel_logp_mean:-0.7924670574376401 - opsa/zero_sel_responses:0.0 - opsa/sel_entropy_mean:0.3550351560115814 - opsa/sel_entropy_max:8.163416862487793 - opsa/sel_entropy_min:0.0 - training/rollout_probs_diff_valid:1 - training/rollout_probs_diff_max:0.9999997019767761 - training/rollout_probs_diff_mean:0.03307358920574188 - training/rollout_probs_diff_std:0.1328020989894867 - training/rollout_actor_probs_pearson_corr:0.6737133860588074 - rollout_corr/training_ppl:1.3195796348154545 - rollout_corr/training_log_ppl:0.26691501773893833 - rollout_corr/kl:0.17865373493987136 - rollout_corr/k3_kl:0.16837395713082515 - rollout_corr/rollout_ppl:1.093939233571291 - rollout_corr/rollout_log_ppl:0.0882612873101607 - rollout_corr/log_ppl_diff:0.17865372967207804 - rollout_corr/log_ppl_abs_diff:0.17865372967207804 - rollout_corr/log_ppl_diff_max:0.4235873818397522 - rollout_corr/log_ppl_diff_min:0.025587372481822968 - rollout_corr/ppl_ratio:1.2019578870385885 - rollout_corr/chi2_token:0.6612863261252642 - rollout_corr/chi2_seq:-1.0 - actor/pg_loss:0.5222027469426394 - actor/kl_loss:0.0 - actor/grpo_loss:0.0 - actor/vopd_loss:0.5222027469426394 - actor/vopd_loss_weighted:0.5222027469426394 - opsa/selection_level:1.0 - opsa/micro_selected_tokens:334.5 - opsa/clipfrac:0.0 - self_distillation/num_distill_tokens:334.5 - actor/grad_norm:51.10749435424805 - timing_s/update_actor/student_forward:25.296800028867438 - timing_s/update_actor/teacher_forward:0.0 - timing_s/update_actor/teacher_full_forward:0.0 - timing_s/update_actor/loss_compute:0.01983617500809487 - timing_s/update_actor/backward:62.052277628012234 - timing_s/update_actor/optimizer_step:0.08504914199875202 - timing_s/update_actor/teacher_ema_update:2.819900691974908e-05 - perf/mfu/actor:0.0 - perf/max_memory_allocated_gb:80.67080640792847 - perf/max_memory_reserved_gb:89.205078125 - perf/cpu_memory_used_gb:245.65448760986328 - actor/lr:1e-06 - training/global_step:16 - training/epoch:0 - response_length/mean:1672.546875 - response_length/max:4096.0 - response_length/min:170.0 - response_length/clip_ratio:0.234375 - response_length_non_aborted/mean:1672.546875 - response_length_non_aborted/max:4096.0 - response_length_non_aborted/min:170.0 - response_length_non_aborted/clip_ratio:0.234375 - response/aborted_ratio:0.0 - prompt_length/mean:3378.4375 - prompt_length/max:3966.0 - prompt_length/min:3203.0 - prompt_length/clip_ratio:0.0 - num_turns/min:2 - num_turns/max:2 - num_turns/mean:2.0 - critic/advantages/mean:-0.10434617102146149 - critic/advantages/max:0.0 - critic/advantages/min:-1.0 - timing_s/start_profile:2.3753003915771842e-05 - timing_s/agent_loop/generate_sequences/min:8.919256421009777 - timing_s/agent_loop/generate_sequences/max:58.83365287100605 - timing_s/agent_loop/generate_sequences/mean:28.30277598489124 - timing_s/agent_loop/tool_calls/min:0.0 - timing_s/agent_loop/tool_calls/max:0.0 - timing_s/agent_loop/tool_calls/mean:0.0 - timing_s/agent_loop/slowest/generate_sequences:58.83365287100605 - timing_s/agent_loop/slowest/tool_calls:0.0 - timing_s/agent_loop/slowest/prompt_length:3346 - timing_s/agent_loop/slowest/response_length:4096 - timing_s/gen:65.08259918099793 - timing_s/old_log_prob:25.574288428004365 - timing_s/adv:0.0027292160084471107 - timing_s/update_actor:95.80187848600326 - timing_s/dump_rollout_generations:0.06261066099978052 - timing_s/step:186.53759106301004 - timing_s/stop_profile:3.0481998692266643e-05 - timing_per_token_ms/update_actor:0.2963589352508739 - timing_per_token_ms/adv:8.442710760115172e-06 - timing_per_token_ms/gen:0.6080042523191421 - perf/total_num_tokens:323263 - perf/time_per_step:186.53759106301004 - perf/throughput:866.4821877398584[36m(TaskRunner pid=929411)[0m Training Progress:  15%|█▍        | 17/114 [52:26<5:02:40, 187.23s/it]
[36m(TaskRunner pid=929411)[0m Training Progress:  16%|█▌        | 18/114 [55:34<5:00:09, 187.60s/it]

[36m(TaskRunner pid=929411)[0m Dumped generations to /scratch/nkw3mr/Vision-OPD-OPSA/rollouts/OPSA-Qwen3.5-4B-think/17.jsonl
[36m(TaskRunner pid=929411)[0m step:17 - global_seqlen/min:330056 - global_seqlen/max:330056 - global_seqlen/minmax_diff:0 - global_seqlen/balanced_min:330056 - global_seqlen/balanced_max:330056 - global_seqlen/mean:330056.0 - actor/entropy:0.09411775297485292 - perf/mfu/actor_infer:0 - opsa/selected_tokens:21880.0 - opsa/selected_fraction:0.2 - opsa/advantage_mean:-0.5194237745658136 - opsa/sel_logp_mean:-0.7612002078096435 - opsa/zero_sel_responses:0.0 - opsa/sel_entropy_mean:0.31899571418762207 - opsa/sel_entropy_max:8.211467742919922 - opsa/sel_entropy_min:0.0 - training/rollout_probs_diff_valid:1 - training/rollout_probs_diff_max:0.9999991655349731 - training/rollout_probs_diff_mean:0.03219632804393768 - training/rollout_probs_diff_std:0.13779471814632416 - training/rollout_actor_probs_pearson_corr:0.6047933101654053 - rollout_corr/training_ppl:1.4477946143597364 - rollout_corr/training_log_ppl:0.3425047245109454 - rollout_corr/kl:0.28009170154109597 - rollout_corr/k3_kl:0.25041783521010075 - rollout_corr/rollout_ppl:1.0653627160936594 - rollout_corr/rollout_log_ppl:0.06241302089620149 - rollout_corr/log_ppl_diff:0.2800917048298288 - rollout_corr/log_ppl_abs_diff:0.2800917048298288 - rollout_corr/log_ppl_diff_max:0.6845079660415649 - rollout_corr/log_ppl_diff_min:0.017558809369802475 - rollout_corr/ppl_ratio:1.3514214158058167 - rollout_corr/chi2_token:3.190130701288581 - rollout_corr/chi2_seq:-1.0 - actor/pg_loss:0.521488537080586 - actor/kl_loss:0.0 - actor/grpo_loss:0.0 - actor/vopd_loss:0.521488537080586 - actor/vopd_loss_weighted:0.521488537080586 - opsa/selection_level:1.0 - opsa/micro_selected_tokens:341.875 - opsa/clipfrac:0.0 - self_distillation/num_distill_tokens:341.875 - actor/grad_norm:62.913421630859375 - timing_s/update_actor/student_forward:25.830896978994133 - timing_s/update_actor/teacher_forward:0.0 - timing_s/update_actor/teacher_full_forward:0.0 - timing_s/update_actor/loss_compute:0.019872511038556695 - timing_s/update_actor/backward:63.296697420984856 - timing_s/update_actor/optimizer_step:0.08497375799925067 - timing_s/update_actor/teacher_ema_update:4.964899562764913e-05 - perf/mfu/actor:0.0 - perf/max_memory_allocated_gb:80.67080640792847 - perf/max_memory_reserved_gb:89.205078125 - perf/cpu_memory_used_gb:245.85458755493164 - actor/lr:1e-06 - training/global_step:17 - training/epoch:0 - response_length/mean:1709.375 - response_length/max:4096.0 - response_length/min:71.0 - response_length/clip_ratio:0.265625 - response_length_non_aborted/mean:1709.375 - response_length_non_aborted/max:4096.0 - response_length_non_aborted/min:71.0 - response_length_non_aborted/clip_ratio:0.265625 - response/aborted_ratio:0.0 - prompt_length/mean:3447.75 - prompt_length/max:4864.0 - prompt_length/min:3156.0 - prompt_length/clip_ratio:0.0 - num_turns/min:2 - num_turns/max:2 - num_turns/mean:2.0 - critic/advantages/mean:-0.10388476401567459 - critic/advantages/max:0.0 - critic/advantages/min:-1.0 - timing_s/start_profile:3.2463998650200665e-05 - timing_s/agent_loop/generate_sequences/min:7.967307354003424 - timing_s/agent_loop/generate_sequences/max:60.35576910400414 - timing_s/agent_loop/generate_sequences/mean:29.099090115797253 - timing_s/agent_loop/tool_calls/min:0.0 - timing_s/agent_loop/tool_calls/max:0.0 - timing_s/agent_loop/tool_calls/mean:0.0 - timing_s/agent_loop/slowest/generate_sequences:60.35576910400414 - timing_s/agent_loop/slowest/tool_calls:0.0 - timing_s/agent_loop/slowest/prompt_length:3344 - timing_s/agent_loop/slowest/response_length:4096 - timing_s/gen:66.68639774501207 - timing_s/old_log_prob:26.439154395993683 - timing_s/adv:0.002968094006064348 - timing_s/update_actor:98.13792519099661 - timing_s/dump_rollout_generations:0.06640931499714497 - timing_s/step:191.34730915400723 - timing_s/stop_profile:3.0472001526504755e-05 - timing_per_token_ms/update_actor:0.297337194872981 - timing_per_token_ms/adv:8.992698227162506e-06 - timing_per_token_ms/gen:0.6095648788392328 - perf/total_num_tokens:330056 - perf/time_per_step:191.34730915400723 - perf/throughput:862.4526821392406
[36m(TaskRunner pid=929411)[0m Dumped generations to /scratch/nkw3mr/Vision-OPD-OPSA/rollouts/OPSA-Qwen3.5-4B-think/18.jsonl
[36m(TaskRunner pid=929411)[0m step:18 - global_seqlen/min:313437 - global_seqlen/max:313437 - global_seqlen/minmax_diff:0 - global_seqlen/balanced_min:313437 - global_seqlen/balanced_max:313437 - global_seqlen/mean:313437.0 - actor/entropy:0.13365863673971035 - perf/mfu/actor_infer:0 - opsa/selected_tokens:19121.0 - opsa/selected_fraction:0.19999581620592635 - opsa/advantage_mean:-0.5206707857198891 - opsa/sel_logp_mean:-0.7092487787478426 - opsa/zero_sel_responses:0.0 - opsa/sel_entropy_mean:0.33420807123184204 - opsa/sel_entropy_max:8.084068298339844 - opsa/sel_entropy_min:0.0 - training/rollout_probs_diff_valid:1 - training/rollout_probs_diff_max:1.0 - training/rollout_probs_diff_mean:0.033244457095861435 - training/rollout_probs_diff_std:0.1443260759115219 - training/rollout_actor_probs_pearson_corr:0.4999784827232361 - rollout_corr/training_ppl:1.558089841157198 - rollout_corr/training_log_ppl:0.4016436124511529 - rollout_corr/kl:0.3482265249476768 - rollout_corr/k3_kl:0.3031848358659772 - rollout_corr/rollout_ppl:1.0557139106094837 - rollout_corr/rollout_log_ppl:0.05341709683489171 - rollout_corr/log_ppl_diff:0.3482265194761567 - rollout_corr/log_ppl_abs_diff:0.3482265194761567 - rollout_corr/log_ppl_diff_max:1.0135917663574219 - rollout_corr/log_ppl_diff_min:0.018434852361679077 - rollout_corr/ppl_ratio:1.4664086252450943 - rollout_corr/chi2_token:1.3486173013225198 - rollout_corr/chi2_seq:-1.0 - actor/pg_loss:0.5258189579471946 - actor/kl_loss:0.0 - actor/grpo_loss:0.0 - actor/vopd_loss:0.5258189579471946 - actor/vopd_loss_weighted:0.5258189579471946 - opsa/selection_level:1.0 - opsa/micro_selected_tokens:298.765625 - opsa/clipfrac:0.0 - self_distillation/num_distill_tokens:298.765625 - actor/grad_norm:72.32736206054688 - timing_s/update_actor/student_forward:25.109652259008726 - timing_s/update_actor/teacher_forward:0.0 - timing_s/update_actor/teacher_full_forward:0.0 - timing_s/update_actor/loss_compute:0.01949530898127705 - timing_s/update_actor/backward:62.13906982592016 - timing_s/update_actor/optimizer_step:0.08492228800605517 - timing_s/update_actor/teacher_ema_update:3.421699511818588e-05 - perf/mfu/actor:0.0 - perf/max_memory_allocated_gb:80.67080640792847 - perf/max_memory_reserved_gb:89.205078125 - perf/cpu_memory_used_gb:245.74102401733398 - actor/lr:1e-06 - training/global_step:18 - training/epoch:0 - response_length/mean:1493.859375 - response_length/max:4096.0 - response_length/min:56.0 - response_length/clip_ratio:0.28125 - response_length_non_aborted/mean:1493.859375 - response_length_non_aborted/max:4096.0 - response_length_non_aborted/min:56.0 - response_length_non_aborted/clip_ratio:0.28125 - response/aborted_ratio:0.0 - prompt_length/mean:3403.59375 - prompt_length/max:6138.0 - prompt_length/min:3153.0 - prompt_length/clip_ratio:0.0 - num_turns/min:2 - num_turns/max:2 - num_turns/mean:2.0 - critic/advantages/mean:-0.10413198173046112 - critic/advantages/max:0.0 - critic/advantages/min:-1.0 - timing_s/start_profile:3.8233003579080105e-05 - timing_s/agent_loop/generate_sequences/min:7.554506770000444 - timing_s/agent_loop/generate_sequences/max:58.54313991399249 - timing_s/agent_loop/generate_sequences/mean:25.52218293576516 - timing_s/agent_loop/tool_calls/min:0.0 - timing_s/agent_loop/tool_calls/max:0.0 - timing_s/agent_loop/tool_calls/mean:0.0 - timing_s/agent_loop/slowest/generate_sequences:58.54313991399249 - timing_s/agent_loop/slowest/tool_calls:0.0 - timing_s/agent_loop/slowest/prompt_length:3436 - timing_s/agent_loop/slowest/response_length:4096 - timing_s/gen:65.35687284299638 - timing_s/old_log_prob:26.326499806993525 - timing_s/adv:0.002708888001507148 - timing_s/update_actor:96.66740260200459 - timing_s/dump_rollout_generations:0.05948802600323688 - timing_s/step:188.42695857500075 - timing_s/stop_profile:2.5765999453142285e-05 - timing_per_token_ms/update_actor:0.3084109489371216 - timing_per_token_ms/adv:8.642527849319475e-06 - timing_per_token_ms/gen:0.6835992431829927 - perf/total_num_tokens:313437 - perf/time_per_step:188.42695857500075 - perf/throughput:831.720159287188[36m(TaskRunner pid=929411)[0m Training Progress:  17%|█▋        | 19/114 [58:42<4:56:52, 187.50s/it]
[36m(TaskRunner pid=929411)[0m Training Progress:  18%|█▊        | 20/114 [1:01:59<4:58:26, 190.49s/it]

[36m(TaskRunner pid=929411)[0m Dumped generations to /scratch/nkw3mr/Vision-OPD-OPSA/rollouts/OPSA-Qwen3.5-4B-think/19.jsonl
[36m(TaskRunner pid=929411)[0m step:19 - global_seqlen/min:298722 - global_seqlen/max:298722 - global_seqlen/minmax_diff:0 - global_seqlen/balanced_min:298722 - global_seqlen/balanced_max:298722 - global_seqlen/mean:298722.0 - actor/entropy:0.14374085634335643 - perf/mfu/actor_infer:0 - opsa/selected_tokens:15320.0 - opsa/selected_fraction:0.2 - opsa/advantage_mean:-0.5194998240657637 - opsa/sel_logp_mean:-0.8667395688846279 - opsa/zero_sel_responses:0.0 - opsa/sel_entropy_mean:0.3017030954360962 - opsa/sel_entropy_max:7.736053943634033 - opsa/sel_entropy_min:0.0 - training/rollout_probs_diff_valid:1 - training/rollout_probs_diff_max:1.0 - training/rollout_probs_diff_mean:0.03427007794380188 - training/rollout_probs_diff_std:0.14870934188365936 - training/rollout_actor_probs_pearson_corr:0.48410993814468384 - rollout_corr/training_ppl:2.0654730163514614 - rollout_corr/training_log_ppl:0.6420514085912146 - rollout_corr/kl:0.5882079881266691 - rollout_corr/k3_kl:0.5394007264112588 - rollout_corr/rollout_ppl:1.0559907760471106 - rollout_corr/rollout_log_ppl:0.05384343230252853 - rollout_corr/log_ppl_diff:0.5882079778093612 - rollout_corr/log_ppl_abs_diff:0.5882079778093612 - rollout_corr/log_ppl_diff_max:1.4395010471343994 - rollout_corr/log_ppl_diff_min:0.01061894092708826 - rollout_corr/ppl_ratio:1.9386131092905998 - rollout_corr/chi2_token:7.936625693924725 - rollout_corr/chi2_seq:-1.0 - actor/pg_loss:0.5263802418485284 - actor/kl_loss:0.0 - actor/grpo_loss:0.0 - actor/vopd_loss:0.5263802418485284 - actor/vopd_loss_weighted:0.5263802418485284 - opsa/selection_level:1.0 - opsa/micro_selected_tokens:239.375 - opsa/clipfrac:0.0 - self_distillation/num_distill_tokens:239.375 - actor/grad_norm:116.92626190185547 - timing_s/update_actor/student_forward:25.564001688107965 - timing_s/update_actor/teacher_forward:0.0 - timing_s/update_actor/teacher_full_forward:0.0 - timing_s/update_actor/loss_compute:0.019872665929142386 - timing_s/update_actor/backward:61.98624244204257 - timing_s/update_actor/optimizer_step:0.08496963100333232 - timing_s/update_actor/teacher_ema_update:2.639699960127473e-05 - perf/mfu/actor:0.0 - perf/max_memory_allocated_gb:81.5146484375 - perf/max_memory_reserved_gb:91.09375 - perf/cpu_memory_used_gb:246.2691764831543 - actor/lr:1e-06 - training/global_step:19 - training/epoch:0 - response_length/mean:1196.875 - response_length/max:4096.0 - response_length/min:102.0 - response_length/clip_ratio:0.234375 - response_length_non_aborted/mean:1196.875 - response_length_non_aborted/max:4096.0 - response_length_non_aborted/min:102.0 - response_length_non_aborted/clip_ratio:0.234375 - response/aborted_ratio:0.0 - prompt_length/mean:3470.65625 - prompt_length/max:5643.0 - prompt_length/min:3106.0 - prompt_length/clip_ratio:0.0 - num_turns/min:2 - num_turns/max:2 - num_turns/mean:2.0 - critic/advantages/mean:-0.10389996320009232 - critic/advantages/max:0.0 - critic/advantages/min:-1.0 - timing_s/start_profile:2.4172986741177738e-05 - timing_s/agent_loop/generate_sequences/min:7.868647560986574 - timing_s/agent_loop/generate_sequences/max:56.53965102399525 - timing_s/agent_loop/generate_sequences/mean:21.49012618976485 - timing_s/agent_loop/tool_calls/min:0.0 - timing_s/agent_loop/tool_calls/max:0.0 - timing_s/agent_loop/tool_calls/mean:0.0 - timing_s/agent_loop/slowest/generate_sequences:56.53965102399525 - timing_s/agent_loop/slowest/tool_calls:0.0 - timing_s/agent_loop/slowest/prompt_length:3351 - timing_s/agent_loop/slowest/response_length:4096 - timing_s/gen:62.74638818099629 - timing_s/old_log_prob:27.04669004799507 - timing_s/adv:0.0027200839977012947 - timing_s/update_actor:97.27967780199833 - timing_s/dump_rollout_generations:0.07618799799820408 - timing_s/step:187.1650682830077 - timing_s/stop_profile:3.268499858677387e-05 - timing_per_token_ms/update_actor:0.32565287391621084 - timing_per_token_ms/adv:9.105737099046252e-06 - timing_per_token_ms/gen:0.8191434488380717 - perf/total_num_tokens:298722 - perf/time_per_step:187.1650682830077 - perf/throughput:798.017500648972
[36m(TaskRunner pid=929411)[0m Dumped generations to /scratch/nkw3mr/Vision-OPD-OPSA/rollouts/OPSA-Qwen3.5-4B-think/20.jsonl
[36m(TaskRunner pid=929411)[0m local_global_step_folder: /scratch/nkw3mr/Vision-OPD-OPSA/checkpoints/OPSA-Qwen3.5-4B-think/global_step_20
[36m(TaskRunner pid=929411)[0m step:20 - global_seqlen/min:265157 - global_seqlen/max:265157 - global_seqlen/minmax_diff:0 - global_seqlen/balanced_min:265157 - global_seqlen/balanced_max:265157 - global_seqlen/mean:265157.0 - actor/entropy:0.14610255975276232 - perf/mfu/actor_infer:0 - opsa/selected_tokens:9716.0 - opsa/selected_fraction:0.1999958831642 - opsa/advantage_mean:-0.5225024484420029 - opsa/sel_logp_mean:-1.6218798446184128 - opsa/zero_sel_responses:0.0 - opsa/sel_entropy_mean:0.35618650913238525 - opsa/sel_entropy_max:7.914396286010742 - opsa/sel_entropy_min:0.0 - training/rollout_probs_diff_valid:1 - training/rollout_probs_diff_max:1.0 - training/rollout_probs_diff_mean:0.05083974450826645 - training/rollout_probs_diff_std:0.18755985796451569 - training/rollout_actor_probs_pearson_corr:0.4335836172103882 - rollout_corr/training_ppl:3.4930199440568686 - rollout_corr/training_log_ppl:1.1234550308436155 - rollout_corr/kl:1.062483531946782 - rollout_corr/k3_kl:0.9409912559203804 - rollout_corr/rollout_ppl:1.0635132119059563 - rollout_corr/rollout_log_ppl:0.06097150441564736 - rollout_corr/log_ppl_diff:1.0624835236230865 - rollout_corr/log_ppl_abs_diff:1.0624835236230865 - rollout_corr/log_ppl_diff_max:1.8795019388198853 - rollout_corr/log_ppl_diff_min:0.017999425530433655 - rollout_corr/ppl_ratio:3.269762024283409 - rollout_corr/chi2_token:0.48956361692398787 - rollout_corr/chi2_seq:-1.0 - actor/pg_loss:0.5279185082763433 - actor/kl_loss:0.0 - actor/grpo_loss:0.0 - actor/vopd_loss:0.5279185082763433 - actor/vopd_loss_weighted:0.5279185082763433 - opsa/selection_level:1.0 - opsa/micro_selected_tokens:151.8125 - opsa/clipfrac:0.0 - self_distillation/num_distill_tokens:151.8125 - actor/grad_norm:201.24627685546875 - timing_s/update_actor/student_forward:24.851568669007975 - timing_s/update_actor/teacher_forward:0.0 - timing_s/update_actor/teacher_full_forward:0.0 - timing_s/update_actor/loss_compute:0.020216213932144456 - timing_s/update_actor/backward:58.96370454505086 - timing_s/update_actor/optimizer_step:0.08490196800266858 - timing_s/update_actor/teacher_ema_update:2.60159868048504e-05 - perf/mfu/actor:0.0 - perf/max_memory_allocated_gb:81.5146484375 - perf/max_memory_reserved_gb:91.09375 - perf/cpu_memory_used_gb:246.28231048583984 - actor/lr:1e-06 - training/global_step:20 - training/epoch:0 - response_length/mean:759.078125 - response_length/max:4096.0 - response_length/min:74.0 - response_length/clip_ratio:0.140625 - response_length_non_aborted/mean:759.078125 - response_length_non_aborted/max:4096.0 - response_length_non_aborted/min:74.0 - response_length_non_aborted/clip_ratio:0.140625 - response/aborted_ratio:0.0 - prompt_length/mean:3384.0 - prompt_length/max:4522.0 - prompt_length/min:3109.0 - prompt_length/clip_ratio:0.0 - num_turns/min:2 - num_turns/max:2 - num_turns/mean:2.0 - critic/advantages/mean:-0.10449834167957306 - critic/advantages/max:0.0 - critic/advantages/min:-1.0 - timing_s/start_profile:5.657800647895783e-05 - timing_s/agent_loop/generate_sequences/min:6.964658789001987 - timing_s/agent_loop/generate_sequences/max:52.647376679000445 - timing_s/agent_loop/generate_sequences/mean:15.112954833593903 - timing_s/agent_loop/tool_calls/min:0.0 - timing_s/agent_loop/tool_calls/max:0.0 - timing_s/agent_loop/tool_calls/mean:0.0 - timing_s/agent_loop/slowest/generate_sequences:52.647376679000445 - timing_s/agent_loop/slowest/tool_calls:0.0 - timing_s/agent_loop/slowest/prompt_length:3346 - timing_s/agent_loop/slowest/response_length:4096 - timing_s/gen:58.76063159998739 - timing_s/old_log_prob:26.772833166993223 - timing_s/adv:0.002747991995420307 - timing_s/update_actor:93.82503716200881 - timing_s/dump_rollout_generations:0.05194522099918686 - timing_s/step:179.42666285698942 - timing_s/save_checkpoint:17.97842997299449 - timing_s/stop_profile:2.549499913584441e-05 - timing_per_token_ms/update_actor:0.35384710628800603 - timing_per_token_ms/adv:1.0363641146265447e-05 - timing_per_token_ms/gen:1.2095393590084065 - perf/total_num_tokens:265157 - perf/time_per_step:179.42666285698942 - perf/throughput:738.9007736585428[36m(WorkerDict pid=942995)[0m /sfs/weka/scratch/nkw3mr/Vision-OPD-OPSA/verl/utils/device.py:134: FutureWarning: torch.cuda._set_allocator_settings is deprecated. Use torch._C._accelerator_setAllocatorSettings instead.
[36m(WorkerDict pid=942995)[0m   torch.cuda.memory._set_allocator_settings(f"expandable_segments:{enable}")
[36m(TaskRunner pid=929411)[0m Training Progress:  18%|█▊        | 21/114 [1:04:55<4:48:26, 186.09s/it]
[36m(WorkerDict pid=942993)[0m /sfs/weka/scratch/nkw3mr/Vision-OPD-OPSA/verl/utils/device.py:134: FutureWarning: torch.cuda._set_allocator_settings is deprecated. Use torch._C._accelerator_setAllocatorSettings instead.
[36m(WorkerDict pid=942993)[0m   torch.cuda.memory._set_allocator_settings(f"expandable_segments:{enable}")
[36m(TaskRunner pid=929411)[0m Training Progress:  19%|█▉        | 22/114 [1:07:49<4:39:55, 182.56s/it]

[36m(TaskRunner pid=929411)[0m Dumped generations to /scratch/nkw3mr/Vision-OPD-OPSA/rollouts/OPSA-Qwen3.5-4B-think/21.jsonl
[36m(TaskRunner pid=929411)[0m step:21 - global_seqlen/min:250607 - global_seqlen/max:250607 - global_seqlen/minmax_diff:0 - global_seqlen/balanced_min:250607 - global_seqlen/balanced_max:250607 - global_seqlen/mean:250607.0 - actor/entropy:0.13519071764312685 - perf/mfu/actor_infer:0 - opsa/selected_tokens:6079.0 - opsa/selected_fraction:0.1999934201868667 - opsa/advantage_mean:-0.5325154026669683 - opsa/sel_logp_mean:-3.854889141923014 - opsa/zero_sel_responses:0.0 - opsa/sel_entropy_mean:0.4701628088951111 - opsa/sel_entropy_max:7.229844093322754 - opsa/sel_entropy_min:0.0 - training/rollout_probs_diff_valid:1 - training/rollout_probs_diff_max:1.0 - training/rollout_probs_diff_mean:0.09957334399223328 - training/rollout_probs_diff_std:0.25896701216697693 - training/rollout_actor_probs_pearson_corr:0.427382230758667 - rollout_corr/training_ppl:5.587831342592835 - rollout_corr/training_log_ppl:1.5194618101231754 - rollout_corr/kl:1.4394048631365877 - rollout_corr/k3_kl:1.3119323549908586 - rollout_corr/rollout_ppl:1.0844814125448465 - rollout_corr/rollout_log_ppl:0.0800569420971442 - rollout_corr/log_ppl_diff:1.4394048635149375 - rollout_corr/log_ppl_abs_diff:1.4394048635149375 - rollout_corr/log_ppl_diff_max:2.9552254676818848 - rollout_corr/log_ppl_diff_min:0.02629648521542549 - rollout_corr/ppl_ratio:5.145101564005017 - rollout_corr/chi2_token:1.0314099416136742 - rollout_corr/chi2_seq:-1.0 - actor/pg_loss:0.531242192722857 - actor/kl_loss:0.0 - actor/grpo_loss:0.0 - actor/vopd_loss:0.531242192722857 - actor/vopd_loss_weighted:0.531242192722857 - opsa/selection_level:1.0 - opsa/micro_selected_tokens:94.984375 - opsa/clipfrac:0.0 - self_distillation/num_distill_tokens:94.984375 - actor/grad_norm:228.88970947265625 - timing_s/update_actor/student_forward:24.990914767884533 - timing_s/update_actor/teacher_forward:0.0 - timing_s/update_actor/teacher_full_forward:0.0 - timing_s/update_actor/loss_compute:0.01965025597019121 - timing_s/update_actor/backward:58.57152331399266 - timing_s/update_actor/optimizer_step:0.08498658500320744 - timing_s/update_actor/teacher_ema_update:2.773800224531442e-05 - perf/mfu/actor:0.0 - perf/max_memory_allocated_gb:81.5146484375 - perf/max_memory_reserved_gb:91.09375 - perf/cpu_memory_used_gb:247.8338851928711 - actor/lr:1e-06 - training/global_step:21 - training/epoch:0 - response_length/mean:474.9375 - response_length/max:4096.0 - response_length/min:75.0 - response_length/clip_ratio:0.046875 - response_length_non_aborted/mean:474.9375 - response_length_non_aborted/max:4096.0 - response_length_non_aborted/min:75.0 - response_length_non_aborted/clip_ratio:0.046875 - response/aborted_ratio:0.0 - prompt_length/mean:3440.796875 - prompt_length/max:5083.0 - prompt_length/min:3252.0 - prompt_length/clip_ratio:0.0 - num_turns/min:2 - num_turns/max:2 - num_turns/mean:2.0 - critic/advantages/mean:-0.1064995750784874 - critic/advantages/max:0.0 - critic/advantages/min:-1.0 - timing_s/start_profile:2.647699147928506e-05 - timing_s/agent_loop/generate_sequences/min:7.378792638992309 - timing_s/agent_loop/generate_sequences/max:47.92890882700158 - timing_s/agent_loop/generate_sequences/mean:12.161956320359423 - timing_s/agent_loop/tool_calls/min:0.0 - timing_s/agent_loop/tool_calls/max:0.0 - timing_s/agent_loop/tool_calls/mean:0.0 - timing_s/agent_loop/slowest/generate_sequences:47.92890882700158 - timing_s/agent_loop/slowest/tool_calls:0.0 - timing_s/agent_loop/slowest/prompt_length:3346 - timing_s/agent_loop/slowest/response_length:4096 - timing_s/gen:53.49856751799234 - timing_s/old_log_prob:27.8076347749884 - timing_s/adv:0.002669765002792701 - timing_s/update_actor:94.41556504501204 - timing_s/dump_rollout_generations:0.05071273000794463 - timing_s/step:175.78826299299544 - timing_s/stop_profile:2.9610004276037216e-05 - timing_per_token_ms/update_actor:0.3767475172082665 - timing_per_token_ms/adv:1.065319405600283e-05 - timing_per_token_ms/gen:1.7600528858399902 - perf/total_num_tokens:250607 - perf/time_per_step:175.78826299299544 - perf/throughput:712.8092505527113
[36m(TaskRunner pid=929411)[0m Dumped generations to /scratch/nkw3mr/Vision-OPD-OPSA/rollouts/OPSA-Qwen3.5-4B-think/22.jsonl
[36m(TaskRunner pid=929411)[0m step:22 - global_seqlen/min:246363 - global_seqlen/max:246363 - global_seqlen/minmax_diff:0 - global_seqlen/balanced_min:246363 - global_seqlen/balanced_max:246363 - global_seqlen/mean:246363.0 - actor/entropy:0.1592313867295161 - perf/mfu/actor_infer:0 - opsa/selected_tokens:5813.0 - opsa/selected_fraction:0.2 - opsa/advantage_mean:-0.5345325217320015 - opsa/sel_logp_mean:-4.7165479044813345 - opsa/zero_sel_responses:0.0 - opsa/sel_entropy_mean:0.5168251991271973 - opsa/sel_entropy_max:7.483171463012695 - opsa/sel_entropy_min:0.0 - training/rollout_probs_diff_valid:1 - training/rollout_probs_diff_max:1.0 - training/rollout_probs_diff_mean:0.10724984109401703 - training/rollout_probs_diff_std:0.2713833153247833 - training/rollout_actor_probs_pearson_corr:0.43173566460609436 - rollout_corr/training_ppl:12.094547096639872 - rollout_corr/training_log_ppl:2.0537243406288326 - rollout_corr/kl:1.9609424677328207 - rollout_corr/k3_kl:2.0134311755537055 - rollout_corr/rollout_ppl:1.0992621518671513 - rollout_corr/rollout_log_ppl:0.0927818561613094 - rollout_corr/log_ppl_diff:1.960942474193871 - rollout_corr/log_ppl_abs_diff:1.960942474193871 - rollout_corr/log_ppl_diff_max:4.207282543182373 - rollout_corr/log_ppl_diff_min:0.0247407965362072 - rollout_corr/ppl_ratio:11.02716445364058 - rollout_corr/chi2_token:945.6915240213275 - rollout_corr/chi2_seq:-1.0 - actor/pg_loss:0.5333614265546203 - actor/kl_loss:0.0 - actor/grpo_loss:0.0 - actor/vopd_loss:0.5333614265546203 - actor/vopd_loss_weighted:0.5333614265546203 - opsa/selection_level:1.0 - opsa/micro_selected_tokens:90.828125 - opsa/clipfrac:0.0 - self_distillation/num_distill_tokens:90.828125 - actor/grad_norm:300.0143127441406 - timing_s/update_actor/student_forward:24.47351221300778 - timing_s/update_actor/teacher_forward:0.0 - timing_s/update_actor/teacher_full_forward:0.0 - timing_s/update_actor/loss_compute:0.019389818073250353 - timing_s/update_actor/backward:57.727245527043124 - timing_s/update_actor/optimizer_step:0.08602327299013268 - timing_s/update_actor/teacher_ema_update:2.816900087054819e-05 - perf/mfu/actor:0.0 - perf/max_memory_allocated_gb:81.5146484375 - perf/max_memory_reserved_gb:91.09375 - perf/cpu_memory_used_gb:247.48259353637695 - actor/lr:1e-06 - training/global_step:22 - training/epoch:0 - response_length/mean:454.140625 - response_length/max:4096.0 - response_length/min:55.0 - response_length/clip_ratio:0.046875 - response_length_non_aborted/mean:454.140625 - response_length_non_aborted/max:4096.0 - response_length_non_aborted/min:55.0 - response_length_non_aborted/clip_ratio:0.046875 - response/aborted_ratio:0.0 - prompt_length/mean:3395.28125 - prompt_length/max:4191.0 - prompt_length/min:3201.0 - prompt_length/clip_ratio:0.0 - num_turns/min:2 - num_turns/max:2 - num_turns/mean:2.0 - critic/advantages/mean:-0.10690649598836899 - critic/advantages/max:0.0 - critic/advantages/min:-1.0 - timing_s/start_profile:5.52460114704445e-05 - timing_s/agent_loop/generate_sequences/min:7.038224160001846 - timing_s/agent_loop/generate_sequences/max:46.772825811000075 - timing_s/agent_loop/generate_sequences/mean:11.712717427562211 - timing_s/agent_loop/tool_calls/min:0.0 - timing_s/agent_loop/tool_calls/max:0.0 - timing_s/agent_loop/tool_calls/mean:0.0 - timing_s/agent_loop/slowest/generate_sequences:46.772825811000075 - timing_s/agent_loop/slowest/tool_calls:0.0 - timing_s/agent_loop/slowest/prompt_length:3352 - timing_s/agent_loop/slowest/response_length:4096 - timing_s/gen:53.26216573599959 - timing_s/old_log_prob:27.65826476601069 - timing_s/adv:0.0029682640015380457 - timing_s/update_actor:93.24922677699942 - timing_s/dump_rollout_generations:0.051295933008077554 - timing_s/step:174.2386504820024 - timing_s/stop_profile:2.6196008548140526e-05 - timing_per_token_ms/update_actor:0.37850337419579816 - timing_per_token_ms/adv:1.2048335186444578e-05 - timing_per_token_ms/gen:1.832519034440034 - perf/total_num_tokens:246363 - perf/time_per_step:174.2386504820024 - perf/throughput:706.9700072816149[36m(TaskRunner pid=929411)[0m Training Progress:  20%|██        | 23/114 [1:10:46<4:34:03, 180.70s/it]
[36m(TaskRunner pid=929411)[0m Training Progress:  21%|██        | 24/114 [1:13:07<4:13:29, 169.00s/it]

[36m(TaskRunner pid=929411)[0m Dumped generations to /scratch/nkw3mr/Vision-OPD-OPSA/rollouts/OPSA-Qwen3.5-4B-think/23.jsonl
[36m(TaskRunner pid=929411)[0m step:23 - global_seqlen/min:251725 - global_seqlen/max:251725 - global_seqlen/minmax_diff:0 - global_seqlen/balanced_min:251725 - global_seqlen/balanced_max:251725 - global_seqlen/mean:251725.0 - actor/entropy:0.17272673698607832 - perf/mfu/actor_infer:0 - opsa/selected_tokens:6684.0 - opsa/selected_fraction:0.2 - opsa/advantage_mean:-0.5379628079298512 - opsa/sel_logp_mean:-6.357721097022741 - opsa/zero_sel_responses:0.0 - opsa/sel_entropy_mean:0.5783331990242004 - opsa/sel_entropy_max:7.617094993591309 - opsa/sel_entropy_min:0.0 - training/rollout_probs_diff_valid:1 - training/rollout_probs_diff_max:1.0 - training/rollout_probs_diff_mean:0.13922172784805298 - training/rollout_probs_diff_std:0.29833343625068665 - training/rollout_actor_probs_pearson_corr:0.4550568461418152 - rollout_corr/training_ppl:18.518549226224422 - rollout_corr/training_log_ppl:2.183496328536421 - rollout_corr/kl:2.0646070522489026 - rollout_corr/k3_kl:2.0233262213878334 - rollout_corr/rollout_ppl:1.1281118392944336 - rollout_corr/rollout_log_ppl:0.11888931327848695 - rollout_corr/log_ppl_diff:2.0646070140064694 - rollout_corr/log_ppl_abs_diff:2.0646070140064694 - rollout_corr/log_ppl_diff_max:5.243502140045166 - rollout_corr/log_ppl_diff_min:0.03135834261775017 - rollout_corr/ppl_ratio:16.596335545182228 - rollout_corr/chi2_token:565.8893623817712 - rollout_corr/chi2_seq:-1.0 - actor/pg_loss:0.5378019260242581 - actor/kl_loss:0.0 - actor/grpo_loss:0.0 - actor/vopd_loss:0.5378019260242581 - actor/vopd_loss_weighted:0.5378019260242581 - opsa/selection_level:1.0 - opsa/micro_selected_tokens:104.4375 - opsa/clipfrac:0.0 - self_distillation/num_distill_tokens:104.4375 - actor/grad_norm:312.75225830078125 - timing_s/update_actor/student_forward:24.7193757770292 - timing_s/update_actor/teacher_forward:0.0 - timing_s/update_actor/teacher_full_forward:0.0 - timing_s/update_actor/loss_compute:0.019801704955170862 - timing_s/update_actor/backward:58.279310861980775 - timing_s/update_actor/optimizer_step:0.08481975499307737 - timing_s/update_actor/teacher_ema_update:2.8959999326616526e-05 - perf/mfu/actor:0.0 - perf/max_memory_allocated_gb:81.5146484375 - perf/max_memory_reserved_gb:91.09375 - perf/cpu_memory_used_gb:247.7451934814453 - actor/lr:1e-06 - training/global_step:23 - training/epoch:0 - response_length/mean:522.1875 - response_length/max:4096.0 - response_length/min:65.0 - response_length/clip_ratio:0.03125 - response_length_non_aborted/mean:522.1875 - response_length_non_aborted/max:4096.0 - response_length_non_aborted/min:65.0 - response_length_non_aborted/clip_ratio:0.03125 - response/aborted_ratio:0.0 - prompt_length/mean:3411.015625 - prompt_length/max:5366.0 - prompt_length/min:3253.0 - prompt_length/clip_ratio:0.0 - num_turns/min:2 - num_turns/max:2 - num_turns/mean:2.0 - critic/advantages/mean:-0.10759256780147552 - critic/advantages/max:0.0 - critic/advantages/min:-1.0 - timing_s/start_profile:3.452699456829578e-05 - timing_s/agent_loop/generate_sequences/min:7.443945653998526 - timing_s/agent_loop/generate_sequences/max:48.219865975988796 - timing_s/agent_loop/generate_sequences/mean:13.155427429562678 - timing_s/agent_loop/tool_calls/min:0.0 - timing_s/agent_loop/tool_calls/max:0.0 - timing_s/agent_loop/tool_calls/mean:0.0 - timing_s/agent_loop/slowest/generate_sequences:48.219865975988796 - timing_s/agent_loop/slowest/tool_calls:0.0 - timing_s/agent_loop/slowest/prompt_length:3358 - timing_s/agent_loop/slowest/response_length:4096 - timing_s/gen:54.173424456006614 - timing_s/old_log_prob:28.043084632998216 - timing_s/adv:0.0027445970044936985 - timing_s/update_actor:93.99291264699423 - timing_s/dump_rollout_generations:0.09101519999967422 - timing_s/step:176.31743931400706 - timing_s/stop_profile:2.412298636045307e-05 - timing_per_token_ms/update_actor:0.37339522354551286 - timing_per_token_ms/adv:1.090315623991935e-05 - timing_per_token_ms/gen:1.6209881644526216 - perf/total_num_tokens:251725 - perf/time_per_step:176.31743931400706 - perf/throughput:713.840335304831
[36m(TaskRunner pid=929411)[0m Dumped generations to /scratch/nkw3mr/Vision-OPD-OPSA/rollouts/OPSA-Qwen3.5-4B-think/24.jsonl
[36m(TaskRunner pid=929411)[0m step:24 - global_seqlen/min:238015 - global_seqlen/max:238015 - global_seqlen/minmax_diff:0 - global_seqlen/balanced_min:238015 - global_seqlen/balanced_max:238015 - global_seqlen/mean:238015.0 - actor/entropy:0.18828434078022838 - perf/mfu/actor_infer:0 - opsa/selected_tokens:4388.0 - opsa/selected_fraction:0.19997265642801804 - opsa/advantage_mean:-0.5224834153515269 - opsa/sel_logp_mean:-11.498232039083865 - opsa/zero_sel_responses:0.0 - opsa/sel_entropy_mean:0.38491785526275635 - opsa/sel_entropy_max:8.560129165649414 - opsa/sel_entropy_min:-3.814697265625e-06 - training/rollout_probs_diff_valid:1 - training/rollout_probs_diff_max:1.0 - training/rollout_probs_diff_mean:0.2275584489107132 - training/rollout_probs_diff_std:0.3664573132991791 - training/rollout_actor_probs_pearson_corr:0.3881691098213196 - rollout_corr/training_ppl:29.289860755205154 - rollout_corr/training_log_ppl:2.7593013178557158 - rollout_corr/kl:2.6139797773212194 - rollout_corr/k3_kl:2.545240633189678 - rollout_corr/rollout_ppl:1.158086372539401 - rollout_corr/rollout_log_ppl:0.1453216060908744 - rollout_corr/log_ppl_diff:2.613979710265994 - rollout_corr/log_ppl_abs_diff:2.613979710265994 - rollout_corr/log_ppl_diff_max:5.9383158683776855 - rollout_corr/log_ppl_diff_min:1.0994752645492554 - rollout_corr/ppl_ratio:25.258270792663097 - rollout_corr/chi2_token:165.61884641181678 - rollout_corr/chi2_seq:-1.0 - actor/pg_loss:0.5232939384877682 - actor/kl_loss:0.0 - actor/grpo_loss:0.0 - actor/vopd_loss:0.5232939384877682 - actor/vopd_loss_weighted:0.5232939384877682 - opsa/selection_level:1.0 - opsa/micro_selected_tokens:68.5625 - opsa/clipfrac:0.0 - self_distillation/num_distill_tokens:68.5625 - actor/grad_norm:449.9585876464844 - timing_s/update_actor/student_forward:24.16943493693543 - timing_s/update_actor/teacher_forward:0.0 - timing_s/update_actor/teacher_full_forward:0.0 - timing_s/update_actor/loss_compute:0.019333048941916786 - timing_s/update_actor/backward:57.260546024976065 - timing_s/update_actor/optimizer_step:0.10708288599562366 - timing_s/update_actor/teacher_ema_update:2.984100137837231e-05 - perf/mfu/actor:0.0 - perf/max_memory_allocated_gb:81.5146484375 - perf/max_memory_reserved_gb:91.09375 - perf/cpu_memory_used_gb:247.75372695922852 - actor/lr:1e-06 - training/global_step:24 - training/epoch:0 - response_length/mean:342.859375 - response_length/max:672.0 - response_length/min:50.0 - response_length/clip_ratio:0.0 - response_length_non_aborted/mean:342.859375 - response_length_non_aborted/max:672.0 - response_length_non_aborted/min:50.0 - response_length_non_aborted/clip_ratio:0.0 - response/aborted_ratio:0.0 - prompt_length/mean:3376.125 - prompt_length/max:4009.0 - prompt_length/min:3155.0 - prompt_length/clip_ratio:0.0 - num_turns/min:2 - num_turns/max:2 - num_turns/mean:2.0 - critic/advantages/mean:-0.10448239743709564 - critic/advantages/max:0.0 - critic/advantages/min:-1.0 - timing_s/start_profile:2.13089952012524e-05 - timing_s/agent_loop/generate_sequences/min:6.793129749989021 - timing_s/agent_loop/generate_sequences/max:15.360003198002232 - timing_s/agent_loop/generate_sequences/mean:11.223250524124069 - timing_s/agent_loop/tool_calls/min:0.0 - timing_s/agent_loop/tool_calls/max:0.0 - timing_s/agent_loop/tool_calls/mean:0.0 - timing_s/agent_loop/slowest/generate_sequences:15.360003198002232 - timing_s/agent_loop/slowest/tool_calls:0.0 - timing_s/agent_loop/slowest/prompt_length:3354 - timing_s/agent_loop/slowest/response_length:666 - timing_s/gen:21.517816802006564 - timing_s/old_log_prob:27.624576621994493 - timing_s/adv:0.0026565570005914196 - timing_s/update_actor:92.4475143509917 - timing_s/dump_rollout_generations:0.05172742799913976 - timing_s/step:141.65788536099717 - timing_s/stop_profile:2.8709007892757654e-05 - timing_per_token_ms/update_actor:0.38841045459736445 - timing_per_token_ms/adv:1.1161300760840366e-05 - timing_per_token_ms/gen:0.980623287700249 - perf/total_num_tokens:238015 - perf/time_per_step:141.65788536099717 - perf/throughput:840.1050156630848[36m(TaskRunner pid=929411)[0m Training Progress:  22%|██▏       | 25/114 [1:15:32<3:59:35, 161.52s/it]
[36m(TaskRunner pid=929411)[0m Training Progress:  23%|██▎       | 26/114 [1:17:57<3:49:59, 156.81s/it]

[36m(TaskRunner pid=929411)[0m Dumped generations to /scratch/nkw3mr/Vision-OPD-OPSA/rollouts/OPSA-Qwen3.5-4B-think/25.jsonl
[36m(TaskRunner pid=929411)[0m step:25 - global_seqlen/min:238006 - global_seqlen/max:238006 - global_seqlen/minmax_diff:0 - global_seqlen/balanced_min:238006 - global_seqlen/balanced_max:238006 - global_seqlen/mean:238006.0 - actor/entropy:0.2115617924137041 - perf/mfu/actor_infer:0 - opsa/selected_tokens:4244.0 - opsa/selected_fraction:0.19997172878480893 - opsa/advantage_mean:-0.5211541753799481 - opsa/sel_logp_mean:-14.805315224434496 - opsa/zero_sel_responses:0.0 - opsa/sel_entropy_mean:0.32769033312797546 - opsa/sel_entropy_max:7.745369911193848 - opsa/sel_entropy_min:-3.814697265625e-06 - training/rollout_probs_diff_valid:1 - training/rollout_probs_diff_max:1.0 - training/rollout_probs_diff_mean:0.27120596170425415 - training/rollout_probs_diff_std:0.3931732773780823 - training/rollout_actor_probs_pearson_corr:0.37094444036483765 - rollout_corr/training_ppl:64.27125224471092 - rollout_corr/training_log_ppl:3.6856204383075237 - rollout_corr/kl:3.5226095374673605 - rollout_corr/k3_kl:3.338678225874901 - rollout_corr/rollout_ppl:1.1786676850169897 - rollout_corr/rollout_log_ppl:0.1630109220277518 - rollout_corr/log_ppl_diff:3.5226095002144575 - rollout_corr/log_ppl_abs_diff:3.5226095002144575 - rollout_corr/log_ppl_diff_max:5.672337532043457 - rollout_corr/log_ppl_diff_min:1.6543786525726318 - rollout_corr/ppl_ratio:53.61927456408739 - rollout_corr/chi2_token:19.029885009862483 - rollout_corr/chi2_seq:-1.0 - actor/pg_loss:0.5215766150504351 - actor/kl_loss:0.0 - actor/grpo_loss:0.0 - actor/vopd_loss:0.5215766150504351 - actor/vopd_loss_weighted:0.5215766150504351 - opsa/selection_level:1.0 - opsa/micro_selected_tokens:66.3125 - opsa/clipfrac:0.0 - self_distillation/num_distill_tokens:66.3125 - actor/grad_norm:486.1943664550781 - timing_s/update_actor/student_forward:24.673145912995096 - timing_s/update_actor/teacher_forward:0.0 - timing_s/update_actor/teacher_full_forward:0.0 - timing_s/update_actor/loss_compute:0.019571733006159775 - timing_s/update_actor/backward:56.98161085510219 - timing_s/update_actor/optimizer_step:0.10271507599100005 - timing_s/update_actor/teacher_ema_update:5.111000791657716e-05 - perf/mfu/actor:0.0 - perf/max_memory_allocated_gb:81.5146484375 - perf/max_memory_reserved_gb:91.09375 - perf/cpu_memory_used_gb:247.77486038208008 - actor/lr:1e-06 - training/global_step:25 - training/epoch:0 - response_length/mean:331.609375 - response_length/max:911.0 - response_length/min:83.0 - response_length/clip_ratio:0.0 - response_length_non_aborted/mean:331.609375 - response_length_non_aborted/max:911.0 - response_length_non_aborted/min:83.0 - response_length_non_aborted/clip_ratio:0.0 - response/aborted_ratio:0.0 - prompt_length/mean:3387.234375 - prompt_length/max:4847.0 - prompt_length/min:3339.0 - prompt_length/clip_ratio:0.0 - num_turns/min:2 - num_turns/max:2 - num_turns/mean:2.0 - critic/advantages/mean:-0.10421609878540039 - critic/advantages/max:0.0 - critic/advantages/min:-1.0 - timing_s/start_profile:2.2221007384359837e-05 - timing_s/agent_loop/generate_sequences/min:7.543655547997332 - timing_s/agent_loop/generate_sequences/max:17.09892997199495 - timing_s/agent_loop/generate_sequences/mean:11.119902022594488 - timing_s/agent_loop/tool_calls/min:0.0 - timing_s/agent_loop/tool_calls/max:0.0 - timing_s/agent_loop/tool_calls/mean:0.0 - timing_s/agent_loop/slowest/generate_sequences:17.09892997199495 - timing_s/agent_loop/slowest/tool_calls:0.0 - timing_s/agent_loop/slowest/prompt_length:3342 - timing_s/agent_loop/slowest/response_length:911 - timing_s/gen:23.281463409992284 - timing_s/old_log_prob:28.0982980139961 - timing_s/adv:0.0027215560112381354 - timing_s/update_actor:92.56995636600186 - timing_s/dump_rollout_generations:0.049713346001226455 - timing_s/step:144.01598816399928 - timing_s/stop_profile:2.8840004233643413e-05 - timing_per_token_ms/update_actor:0.38893959129602557 - timing_per_token_ms/adv:1.1434821018117759e-05 - timing_per_token_ms/gen:1.0969921033780468 - perf/total_num_tokens:238006 - perf/time_per_step:144.01598816399928 - perf/throughput:826.3179770324142
[36m(TaskRunner pid=929411)[0m Dumped generations to /scratch/nkw3mr/Vision-OPD-OPSA/rollouts/OPSA-Qwen3.5-4B-think/26.jsonl
[36m(TaskRunner pid=929411)[0m step:26 - global_seqlen/min:239078 - global_seqlen/max:239078 - global_seqlen/minmax_diff:0 - global_seqlen/balanced_min:239078 - global_seqlen/balanced_max:239078 - global_seqlen/mean:239078.0 - actor/entropy:0.21663498523412272 - perf/mfu/actor_infer:0 - opsa/selected_tokens:4374.0 - opsa/selected_fraction:0.19999085547071466 - opsa/advantage_mean:-0.5175005961183985 - opsa/sel_logp_mean:-17.784443587105624 - opsa/zero_sel_responses:0.0 - opsa/sel_entropy_mean:0.28144070506095886 - opsa/sel_entropy_max:8.040986061096191 - opsa/sel_entropy_min:-3.814697265625e-06 - training/rollout_probs_diff_valid:1 - training/rollout_probs_diff_max:1.0 - training/rollout_probs_diff_mean:0.31574010848999023 - training/rollout_probs_diff_std:0.412670761346817 - training/rollout_actor_probs_pearson_corr:0.35535287857055664 - rollout_corr/training_ppl:361.7210335507989 - rollout_corr/training_log_ppl:4.950214825570583 - rollout_corr/kl:4.745496265590191 - rollout_corr/k3_kl:4.4616049118340015 - rollout_corr/rollout_ppl:1.2328803930431604 - rollout_corr/rollout_log_ppl:0.204718574823346 - rollout_corr/log_ppl_diff:4.745496265590191 - rollout_corr/log_ppl_abs_diff:4.745496265590191 - rollout_corr/log_ppl_diff_max:7.430259704589844 - rollout_corr/log_ppl_diff_min:1.8656284809112549 - rollout_corr/ppl_ratio:280.6311411187053 - rollout_corr/chi2_token:3.6767448745667934 - rollout_corr/chi2_seq:-1.0 - actor/pg_loss:0.517254427075386 - actor/kl_loss:0.0 - actor/grpo_loss:0.0 - actor/vopd_loss:0.517254427075386 - actor/vopd_loss_weighted:0.517254427075386 - opsa/selection_level:1.0 - opsa/micro_selected_tokens:68.34375 - opsa/clipfrac:0.0 - self_distillation/num_distill_tokens:68.34375 - actor/grad_norm:512.4093627929688 - timing_s/update_actor/student_forward:24.425353458995232 - timing_s/update_actor/teacher_forward:0.0 - timing_s/update_actor/teacher_full_forward:0.0 - timing_s/update_actor/loss_compute:0.019424140045884997 - timing_s/update_actor/backward:57.51325103198178 - timing_s/update_actor/optimizer_step:0.09757484900183044 - timing_s/update_actor/teacher_ema_update:3.4097000025212765e-05 - perf/mfu/actor:0.0 - perf/max_memory_allocated_gb:81.5146484375 - perf/max_memory_reserved_gb:91.09375 - perf/cpu_memory_used_gb:247.89140701293945 - actor/lr:1e-06 - training/global_step:26 - training/epoch:0 - response_length/mean:341.734375 - response_length/max:1021.0 - response_length/min:32.0 - response_length/clip_ratio:0.0 - response_length_non_aborted/mean:341.734375 - response_length_non_aborted/max:1021.0 - response_length_non_aborted/min:32.0 - response_length_non_aborted/clip_ratio:0.0 - response/aborted_ratio:0.0 - prompt_length/mean:3393.859375 - prompt_length/max:4564.0 - prompt_length/min:3203.0 - prompt_length/clip_ratio:0.0 - num_turns/min:2 - num_turns/max:2 - num_turns/mean:2.0 - critic/advantages/mean:-0.10349538922309875 - critic/advantages/max:0.0 - critic/advantages/min:-1.0 - timing_s/start_profile:3.4998010960407555e-05 - timing_s/agent_loop/generate_sequences/min:6.237238884001272 - timing_s/agent_loop/generate_sequences/max:17.64973276400997 - timing_s/agent_loop/generate_sequences/mean:11.028866245344034 - timing_s/agent_loop/tool_calls/min:0.0 - timing_s/agent_loop/tool_calls/max:0.0 - timing_s/agent_loop/tool_calls/mean:0.0 - timing_s/agent_loop/slowest/generate_sequences:17.64973276400997 - timing_s/agent_loop/slowest/tool_calls:0.0 - timing_s/agent_loop/slowest/prompt_length:3342 - timing_s/agent_loop/slowest/response_length:1021 - timing_s/gen:24.444665563001763 - timing_s/old_log_prob:27.974211373992148 - timing_s/adv:0.003405725001357496 - timing_s/update_actor:93.28701134599396 - timing_s/dump_rollout_generations:0.05184583899972495 - timing_s/step:145.7760463500017 - timing_s/stop_profile:2.5866000214591622e-05 - timing_per_token_ms/update_actor:0.39019487926950186 - timing_per_token_ms/adv:1.4245246326962313e-05 - timing_per_token_ms/gen:1.117674800557897 - perf/total_num_tokens:239078 - perf/time_per_step:145.7760463500017 - perf/throughput:820.0181236428394[36m(TaskRunner pid=929411)[0m Training Progress:  24%|██▎       | 27/114 [1:20:51<3:54:50, 161.96s/it]
[36m(TaskRunner pid=929411)[0m Training Progress:  25%|██▍       | 28/114 [1:23:25<3:48:44, 159.58s/it]

[36m(TaskRunner pid=929411)[0m Dumped generations to /scratch/nkw3mr/Vision-OPD-OPSA/rollouts/OPSA-Qwen3.5-4B-think/27.jsonl
[36m(TaskRunner pid=929411)[0m step:27 - global_seqlen/min:241406 - global_seqlen/max:241406 - global_seqlen/minmax_diff:0 - global_seqlen/balanced_min:241406 - global_seqlen/balanced_max:241406 - global_seqlen/mean:241406.0 - actor/entropy:0.21456174331251532 - perf/mfu/actor_infer:0 - opsa/selected_tokens:4469.0 - opsa/selected_fraction:0.19997315195990692 - opsa/advantage_mean:-0.5142014017572444 - opsa/sel_logp_mean:-19.48887999272768 - opsa/zero_sel_responses:1.0 - opsa/sel_entropy_mean:0.2424173206090927 - opsa/sel_entropy_max:8.535130500793457 - opsa/sel_entropy_min:-3.814697265625e-06 - training/rollout_probs_diff_valid:1 - training/rollout_probs_diff_max:1.0 - training/rollout_probs_diff_mean:0.2970590889453888 - training/rollout_probs_diff_std:0.41198405623435974 - training/rollout_actor_probs_pearson_corr:0.3689611852169037 - rollout_corr/training_ppl:6936.28218008019 - rollout_corr/training_log_ppl:6.108264494076138 - rollout_corr/kl:5.887432100986189 - rollout_corr/k3_kl:5.596551380600431 - rollout_corr/rollout_ppl:1.253547651693225 - rollout_corr/rollout_log_ppl:0.2208325315004913 - rollout_corr/log_ppl_diff:5.887431951981853 - rollout_corr/log_ppl_abs_diff:5.887431951981853 - rollout_corr/log_ppl_diff_max:12.097325325012207 - rollout_corr/log_ppl_diff_min:0.007493185810744762 - rollout_corr/ppl_ratio:3736.905533116311 - rollout_corr/chi2_token:8.171364534646273 - rollout_corr/chi2_seq:-1.0 - actor/pg_loss:0.5064410176128149 - actor/kl_loss:0.0 - actor/grpo_loss:0.0 - actor/vopd_loss:0.5064410176128149 - actor/vopd_loss_weighted:0.5064410176128149 - opsa/selection_level:1.0 - opsa/micro_selected_tokens:69.828125 - opsa/clipfrac:0.0 - self_distillation/num_distill_tokens:69.828125 - actor/grad_norm:587.1325073242188 - timing_s/update_actor/student_forward:24.763321162987268 - timing_s/update_actor/teacher_forward:0.0 - timing_s/update_actor/teacher_full_forward:0.0 - timing_s/update_actor/loss_compute:0.02113543292216491 - timing_s/update_actor/backward:58.124203977989964 - timing_s/update_actor/optimizer_step:0.0853457850025734 - timing_s/update_actor/teacher_ema_update:3.001200093422085e-05 - perf/mfu/actor:0.0 - perf/max_memory_allocated_gb:81.5146484375 - perf/max_memory_reserved_gb:91.09375 - perf/cpu_memory_used_gb:248.00086212158203 - actor/lr:1e-06 - training/global_step:27 - training/epoch:0 - response_length/mean:349.1875 - response_length/max:4096.0 - response_length/min:4.0 - response_length/clip_ratio:0.015625 - response_length_non_aborted/mean:349.1875 - response_length_non_aborted/max:4096.0 - response_length_non_aborted/min:4.0 - response_length_non_aborted/clip_ratio:0.015625 - response/aborted_ratio:0.0 - prompt_length/mean:3422.78125 - prompt_length/max:5886.0 - prompt_length/min:3155.0 - prompt_length/clip_ratio:0.0 - num_turns/min:2 - num_turns/max:2 - num_turns/mean:2.0 - critic/advantages/mean:-0.10282646119594574 - critic/advantages/max:0.0 - critic/advantages/min:-1.0 - timing_s/start_profile:2.3082000552676618e-05 - timing_s/agent_loop/generate_sequences/min:4.74962970901106 - timing_s/agent_loop/generate_sequences/max:44.4894481220108 - timing_s/agent_loop/generate_sequences/mean:10.369474569359681 - timing_s/agent_loop/tool_calls/min:0.0 - timing_s/agent_loop/tool_calls/max:0.0 - timing_s/agent_loop/tool_calls/mean:0.0 - timing_s/agent_loop/slowest/generate_sequences:44.4894481220108 - timing_s/agent_loop/slowest/tool_calls:0.0 - timing_s/agent_loop/slowest/prompt_length:3392 - timing_s/agent_loop/slowest/response_length:4096 - timing_s/gen:51.43134023700259 - timing_s/old_log_prob:28.366650703988853 - timing_s/adv:0.0027740280056605116 - timing_s/update_actor:94.05394186200283 - timing_s/dump_rollout_generations:0.049156483000842854 - timing_s/step:173.91795814500074 - timing_s/stop_profile:2.3010987206362188e-05 - timing_per_token_ms/update_actor:0.3896089652369984 - timing_per_token_ms/adv:1.1491131146949585e-05 - timing_per_token_ms/gen:2.3013844745392245 - perf/total_num_tokens:241406 - perf/time_per_step:173.91795814500074 - perf/throughput:694.0226373826572
[36m(TaskRunner pid=929411)[0m Dumped generations to /scratch/nkw3mr/Vision-OPD-OPSA/rollouts/OPSA-Qwen3.5-4B-think/28.jsonl
[36m(TaskRunner pid=929411)[0m step:28 - global_seqlen/min:239781 - global_seqlen/max:239781 - global_seqlen/minmax_diff:0 - global_seqlen/balanced_min:239781 - global_seqlen/balanced_max:239781 - global_seqlen/mean:239781.0 - actor/entropy:0.22904649400152266 - perf/mfu/actor_infer:0 - opsa/selected_tokens:4382.0 - opsa/selected_fraction:0.2 - opsa/advantage_mean:-0.5146881061729803 - opsa/sel_logp_mean:-24.79649703331812 - opsa/zero_sel_responses:0.0 - opsa/sel_entropy_mean:0.14676453173160553 - opsa/sel_entropy_max:4.99615478515625 - opsa/sel_entropy_min:-3.814697265625e-06 - training/rollout_probs_diff_valid:1 - training/rollout_probs_diff_max:1.0 - training/rollout_probs_diff_mean:0.40453293919563293 - training/rollout_probs_diff_std:0.43905365467071533 - training/rollout_actor_probs_pearson_corr:0.318742960691452 - rollout_corr/training_ppl:18432.483548298478 - rollout_corr/training_log_ppl:8.03965911269188 - rollout_corr/kl:7.782290397211909 - rollout_corr/k3_kl:7.4019471779465675 - rollout_corr/rollout_ppl:1.299017222598195 - rollout_corr/rollout_log_ppl:0.25736870733089745 - rollout_corr/log_ppl_diff:7.782290389761329 - rollout_corr/log_ppl_abs_diff:7.782290389761329 - rollout_corr/log_ppl_diff_max:12.66527271270752 - rollout_corr/log_ppl_diff_min:1.9216855764389038 - rollout_corr/ppl_ratio:13563.887868985534 - rollout_corr/chi2_token:24.695787237025797 - rollout_corr/chi2_seq:-1.0 - actor/pg_loss:0.515340999700129 - actor/kl_loss:0.0 - actor/grpo_loss:0.0 - actor/vopd_loss:0.515340999700129 - actor/vopd_loss_weighted:0.515340999700129 - opsa/selection_level:1.0 - opsa/micro_selected_tokens:68.46875 - opsa/clipfrac:0.0 - self_distillation/num_distill_tokens:68.46875 - actor/grad_norm:811.8229370117188 - timing_s/update_actor/student_forward:24.611217530051363 - timing_s/update_actor/teacher_forward:0.0 - timing_s/update_actor/teacher_full_forward:0.0 - timing_s/update_actor/loss_compute:0.020276577008189633 - timing_s/update_actor/backward:57.2891021349933 - timing_s/update_actor/optimizer_step:0.09764292799809482 - timing_s/update_actor/teacher_ema_update:2.8278998797759414e-05 - perf/mfu/actor:0.0 - perf/max_memory_allocated_gb:81.5146484375 - perf/max_memory_reserved_gb:91.09375 - perf/cpu_memory_used_gb:247.8911247253418 - actor/lr:1e-06 - training/global_step:28 - training/epoch:0 - response_length/mean:342.34375 - response_length/max:1799.0 - response_length/min:77.0 - response_length/clip_ratio:0.0 - response_length_non_aborted/mean:342.34375 - response_length_non_aborted/max:1799.0 - response_length_non_aborted/min:77.0 - response_length_non_aborted/clip_ratio:0.0 - response/aborted_ratio:0.0 - prompt_length/mean:3404.234375 - prompt_length/max:4160.0 - prompt_length/min:3156.0 - prompt_length/clip_ratio:0.0 - num_turns/min:2 - num_turns/max:2 - num_turns/mean:2.0 - critic/advantages/mean:-0.10293762385845184 - critic/advantages/max:0.0 - critic/advantages/min:-1.0 - timing_s/start_profile:1.9036000594496727e-05 - timing_s/agent_loop/generate_sequences/min:7.44255611000699 - timing_s/agent_loop/generate_sequences/max:25.279547644007835 - timing_s/agent_loop/generate_sequences/mean:11.33053695479839 - timing_s/agent_loop/tool_calls/min:0.0 - timing_s/agent_loop/tool_calls/max:0.0 - timing_s/agent_loop/tool_calls/mean:0.0 - timing_s/agent_loop/slowest/generate_sequences:25.279547644007835 - timing_s/agent_loop/slowest/tool_calls:0.0 - timing_s/agent_loop/slowest/prompt_length:3354 - timing_s/agent_loop/slowest/response_length:1799 - timing_s/gen:31.97767446099897 - timing_s/old_log_prob:28.292859562992817 - timing_s/adv:0.0026643270102795213 - timing_s/update_actor:93.65368428500369 - timing_s/dump_rollout_generations:0.0475746130105108 - timing_s/step:153.9883802819968 - timing_s/stop_profile:2.3301996407099068e-05 - timing_per_token_ms/update_actor:0.3905800888519261 - timing_per_token_ms/adv:1.1111501788213083e-05 - timing_per_token_ms/gen:1.459501344637105 - perf/total_num_tokens:239781 - perf/time_per_step:153.9883802819968 - perf/throughput:778.5684853652346[36m(TaskRunner pid=929411)[0m Training Progress:  25%|██▌       | 29/114 [1:25:57<3:42:39, 157.18s/it]
[36m(TaskRunner pid=929411)[0m Training Progress:  26%|██▋       | 30/114 [1:28:43<3:43:43, 159.80s/it]

[36m(TaskRunner pid=929411)[0m Dumped generations to /scratch/nkw3mr/Vision-OPD-OPSA/rollouts/OPSA-Qwen3.5-4B-think/29.jsonl
[36m(TaskRunner pid=929411)[0m step:29 - global_seqlen/min:241827 - global_seqlen/max:241827 - global_seqlen/minmax_diff:0 - global_seqlen/balanced_min:241827 - global_seqlen/balanced_max:241827 - global_seqlen/mean:241827.0 - actor/entropy:0.20293568063061684 - perf/mfu/actor_infer:0 - opsa/selected_tokens:4775.0 - opsa/selected_fraction:0.19996649775953768 - opsa/advantage_mean:-0.5071981348167539 - opsa/sel_logp_mean:-28.555634816753926 - opsa/zero_sel_responses:0.0 - opsa/sel_entropy_mean:0.11056029796600342 - opsa/sel_entropy_max:7.680013656616211 - opsa/sel_entropy_min:-3.814697265625e-06 - training/rollout_probs_diff_valid:1 - training/rollout_probs_diff_max:1.0 - training/rollout_probs_diff_mean:0.41350531578063965 - training/rollout_probs_diff_std:0.44254928827285767 - training/rollout_actor_probs_pearson_corr:0.3087574541568756 - rollout_corr/training_ppl:160480.20294564962 - rollout_corr/training_log_ppl:9.430266201496124 - rollout_corr/kl:9.164265766739845 - rollout_corr/k3_kl:8.805282913148403 - rollout_corr/rollout_ppl:1.3112236727029085 - rollout_corr/rollout_log_ppl:0.2660006018122658 - rollout_corr/log_ppl_diff:9.164265643805265 - rollout_corr/log_ppl_abs_diff:9.164265643805265 - rollout_corr/log_ppl_diff_max:14.760336875915527 - rollout_corr/log_ppl_diff_min:3.661367177963257 - rollout_corr/ppl_ratio:115002.20616954565 - rollout_corr/chi2_token:95.69490276277065 - rollout_corr/chi2_seq:-1.0 - actor/pg_loss:0.5071309236809611 - actor/kl_loss:0.0 - actor/grpo_loss:0.0 - actor/vopd_loss:0.5071309236809611 - actor/vopd_loss_weighted:0.5071309236809611 - opsa/selection_level:1.0 - opsa/micro_selected_tokens:74.609375 - opsa/clipfrac:0.0 - self_distillation/num_distill_tokens:74.609375 - actor/grad_norm:891.9923706054688 - timing_s/update_actor/student_forward:24.492630961962277 - timing_s/update_actor/teacher_forward:0.0 - timing_s/update_actor/teacher_full_forward:0.0 - timing_s/update_actor/loss_compute:0.019892562937457114 - timing_s/update_actor/backward:57.63681625094614 - timing_s/update_actor/optimizer_step:0.101390473995707 - timing_s/update_actor/teacher_ema_update:5.181100277695805e-05 - perf/mfu/actor:0.0 - perf/max_memory_allocated_gb:81.5146484375 - perf/max_memory_reserved_gb:91.09375 - perf/cpu_memory_used_gb:247.9584503173828 - actor/lr:1e-06 - training/global_step:29 - training/epoch:0 - response_length/mean:373.109375 - response_length/max:1647.0 - response_length/min:39.0 - response_length/clip_ratio:0.0 - response_length_non_aborted/mean:373.109375 - response_length_non_aborted/max:1647.0 - response_length_non_aborted/min:39.0 - response_length_non_aborted/clip_ratio:0.0 - response/aborted_ratio:0.0 - prompt_length/mean:3405.4375 - prompt_length/max:4005.0 - prompt_length/min:3155.0 - prompt_length/clip_ratio:0.0 - num_turns/min:2 - num_turns/max:2 - num_turns/mean:2.0 - critic/advantages/mean:-0.10142263770103455 - critic/advantages/max:0.0 - critic/advantages/min:-1.0 - timing_s/start_profile:2.039800165221095e-05 - timing_s/agent_loop/generate_sequences/min:6.872568912993302 - timing_s/agent_loop/generate_sequences/max:23.654241675001686 - timing_s/agent_loop/generate_sequences/mean:11.35371482220171 - timing_s/agent_loop/tool_calls/min:0.0 - timing_s/agent_loop/tool_calls/max:0.0 - timing_s/agent_loop/tool_calls/mean:0.0 - timing_s/agent_loop/slowest/generate_sequences:23.654241675001686 - timing_s/agent_loop/slowest/tool_calls:0.0 - timing_s/agent_loop/slowest/prompt_length:3343 - timing_s/agent_loop/slowest/response_length:1647 - timing_s/gen:30.42745939300221 - timing_s/old_log_prob:27.744821883999975 - timing_s/adv:0.0026329350075684488 - timing_s/update_actor:93.27428379100456 - timing_s/dump_rollout_generations:0.04908775999501813 - timing_s/step:151.5114771320077 - timing_s/stop_profile:2.5075001758523285e-05 - timing_per_token_ms/update_actor:0.38570665720124125 - timing_per_token_ms/adv:1.0887680067024976e-05 - timing_per_token_ms/gen:1.274235076552712 - perf/total_num_tokens:241827 - perf/time_per_step:151.5114771320077 - perf/throughput:798.0484534161822
[36m(TaskRunner pid=929411)[0m Dumped generations to /scratch/nkw3mr/Vision-OPD-OPSA/rollouts/OPSA-Qwen3.5-4B-think/30.jsonl
[36m(TaskRunner pid=929411)[0m local_global_step_folder: /scratch/nkw3mr/Vision-OPD-OPSA/checkpoints/OPSA-Qwen3.5-4B-think/global_step_30
[36m(TaskRunner pid=929411)[0m step:30 - global_seqlen/min:230192 - global_seqlen/max:230192 - global_seqlen/minmax_diff:0 - global_seqlen/balanced_min:230192 - global_seqlen/balanced_max:230192 - global_seqlen/mean:230192.0 - actor/entropy:0.18776188953779638 - perf/mfu/actor_infer:0 - opsa/selected_tokens:2886.0 - opsa/selected_fraction:0.2 - opsa/advantage_mean:-0.5102417245971933 - opsa/sel_logp_mean:-35.47041753291753 - opsa/zero_sel_responses:0.0 - opsa/sel_entropy_mean:0.032093346118927 - opsa/sel_entropy_max:1.5669784545898438 - opsa/sel_entropy_min:-3.814697265625e-06 - training/rollout_probs_diff_valid:1 - training/rollout_probs_diff_max:1.0 - training/rollout_probs_diff_mean:0.47155123949050903 - training/rollout_probs_diff_std:0.4496210217475891 - training/rollout_actor_probs_pearson_corr:0.2877121865749359 - rollout_corr/training_ppl:1125812.7302875519 - rollout_corr/training_log_ppl:11.43011249601841 - rollout_corr/kl:11.155838057398796 - rollout_corr/k3_kl:10.754189312458038 - rollout_corr/rollout_ppl:1.3236894216388464 - rollout_corr/rollout_log_ppl:0.27427448000526056 - rollout_corr/log_ppl_diff:11.155837938189507 - rollout_corr/log_ppl_abs_diff:11.155837938189507 - rollout_corr/log_ppl_diff_max:16.396150588989258 - rollout_corr/log_ppl_diff_min:5.940436363220215 - rollout_corr/ppl_ratio:795433.1720561981 - rollout_corr/chi2_token:17.38683273177594 - rollout_corr/chi2_seq:-1.0 - actor/pg_loss:0.5110643869265914 - actor/kl_loss:0.0 - actor/grpo_loss:0.0 - actor/vopd_loss:0.5110643869265914 - actor/vopd_loss_weighted:0.5110643869265914 - opsa/selection_level:1.0 - opsa/micro_selected_tokens:45.09375 - opsa/clipfrac:0.0 - self_distillation/num_distill_tokens:45.09375 - actor/grad_norm:1156.228759765625 - timing_s/update_actor/student_forward:26.095144681006786 - timing_s/update_actor/teacher_forward:0.0 - timing_s/update_actor/teacher_full_forward:0.0 - timing_s/update_actor/loss_compute:0.01961290194594767 - timing_s/update_actor/backward:57.02697500595241 - timing_s/update_actor/optimizer_step:0.10692105699854437 - timing_s/update_actor/teacher_ema_update:3.117299638688564e-05 - perf/mfu/actor:0.0 - perf/max_memory_allocated_gb:81.5146484375 - perf/max_memory_reserved_gb:91.09375 - perf/cpu_memory_used_gb:247.9637565612793 - actor/lr:1e-06 - training/global_step:30 - training/epoch:0 - response_length/mean:225.46875 - response_length/max:1131.0 - response_length/min:18.0 - response_length/clip_ratio:0.0 - response_length_non_aborted/mean:225.46875 - response_length_non_aborted/max:1131.0 - response_length_non_aborted/min:18.0 - response_length_non_aborted/clip_ratio:0.0 - response/aborted_ratio:0.0 - prompt_length/mean:3371.28125 - prompt_length/max:3953.0 - prompt_length/min:3338.0 - prompt_length/clip_ratio:0.0 - num_turns/min:2 - num_turns/max:2 - num_turns/mean:2.0 - critic/advantages/mean:-0.10204833000898361 - critic/advantages/max:0.0 - critic/advantages/min:-1.0 - timing_s/start_profile:6.470900552812964e-05 - timing_s/agent_loop/generate_sequences/min:6.97205490199849 - timing_s/agent_loop/generate_sequences/max:18.299550194991753 - timing_s/agent_loop/generate_sequences/mean:9.509417329577445 - timing_s/agent_loop/tool_calls/min:0.0 - timing_s/agent_loop/tool_calls/max:0.0 - timing_s/agent_loop/tool_calls/mean:0.0 - timing_s/agent_loop/slowest/generate_sequences:18.299550194991753 - timing_s/agent_loop/slowest/tool_calls:0.0 - timing_s/agent_loop/slowest/prompt_length:3343 - timing_s/agent_loop/slowest/response_length:1131 - timing_s/gen:25.23187633600901 - timing_s/old_log_prob:27.827635665002163 - timing_s/adv:0.0029509109881473705 - timing_s/update_actor:94.44244276300014 - timing_s/dump_rollout_generations:0.04903884399391245 - timing_s/step:147.567280356001 - timing_s/save_checkpoint:18.300035638996633 - timing_s/stop_profile:4.248900222592056e-05 - timing_per_token_ms/update_actor:0.4102768244031076 - timing_per_token_ms/adv:1.2819346407118277e-05 - timing_per_token_ms/gen:1.748570778656203 - perf/total_num_tokens:230192 - perf/time_per_step:147.567280356001 - perf/throughput:779.9560967874102[36m(WorkerDict pid=942995)[0m /sfs/weka/scratch/nkw3mr/Vision-OPD-OPSA/verl/utils/device.py:134: FutureWarning: torch.cuda._set_allocator_settings is deprecated. Use torch._C._accelerator_setAllocatorSettings instead.
[36m(WorkerDict pid=942995)[0m   torch.cuda.memory._set_allocator_settings(f"expandable_segments:{enable}")
[36m(TaskRunner pid=929411)[0m Training Progress:  27%|██▋       | 31/114 [1:31:02<3:32:40, 153.74s/it]
[36m(WorkerDict pid=942993)[0m /sfs/weka/scratch/nkw3mr/Vision-OPD-OPSA/verl/utils/device.py:134: FutureWarning: torch.cuda._set_allocator_settings is deprecated. Use torch._C._accelerator_setAllocatorSettings instead.
[36m(WorkerDict pid=942993)[0m   torch.cuda.memory._set_allocator_settings(f"expandable_segments:{enable}")
[36m(TaskRunner pid=929411)[0m Training Progress:  28%|██▊       | 32/114 [1:33:52<3:36:45, 158.61s/it]

[36m(TaskRunner pid=929411)[0m Dumped generations to /scratch/nkw3mr/Vision-OPD-OPSA/rollouts/OPSA-Qwen3.5-4B-think/31.jsonl
[36m(TaskRunner pid=929411)[0m step:31 - global_seqlen/min:224537 - global_seqlen/max:224537 - global_seqlen/minmax_diff:0 - global_seqlen/balanced_min:224537 - global_seqlen/balanced_max:224537 - global_seqlen/mean:224537.0 - actor/entropy:0.19779419514816254 - perf/mfu/actor_infer:0 - opsa/selected_tokens:1288.0 - opsa/selected_fraction:0.19987585350713843 - opsa/advantage_mean:-0.5032486530564586 - opsa/sel_logp_mean:-40.436781225737576 - opsa/zero_sel_responses:0.0 - opsa/sel_entropy_mean:0.028025979176163673 - opsa/sel_entropy_max:4.314029693603516 - opsa/sel_entropy_min:-3.814697265625e-06 - training/rollout_probs_diff_valid:1 - training/rollout_probs_diff_max:1.0 - training/rollout_probs_diff_mean:0.5013748407363892 - training/rollout_probs_diff_std:0.45212215185165405 - training/rollout_actor_probs_pearson_corr:0.2657530903816223 - rollout_corr/training_ppl:4892245.3268013 - rollout_corr/training_log_ppl:12.86364721506834 - rollout_corr/kl:12.570689082145691 - rollout_corr/k3_kl:12.238227687776089 - rollout_corr/rollout_ppl:1.3657257128506899 - rollout_corr/rollout_log_ppl:0.29295830987393856 - rollout_corr/log_ppl_diff:12.570688918232918 - rollout_corr/log_ppl_abs_diff:12.570688918232918 - rollout_corr/log_ppl_diff_max:18.431324005126953 - rollout_corr/log_ppl_diff_min:7.822585105895996 - rollout_corr/ppl_ratio:3537780.262702942 - rollout_corr/chi2_token:92.39481722004712 - rollout_corr/chi2_seq:-1.0 - actor/pg_loss:0.5042208237573504 - actor/kl_loss:0.0 - actor/grpo_loss:0.0 - actor/vopd_loss:0.5042208237573504 - actor/vopd_loss_weighted:0.5042208237573504 - opsa/selection_level:1.0 - opsa/micro_selected_tokens:20.125 - opsa/clipfrac:0.0 - self_distillation/num_distill_tokens:20.125 - actor/grad_norm:1218.3795166015625 - timing_s/update_actor/student_forward:24.55664652491396 - timing_s/update_actor/teacher_forward:0.0 - timing_s/update_actor/teacher_full_forward:0.0 - timing_s/update_actor/loss_compute:0.019769890059251338 - timing_s/update_actor/backward:57.12899346598715 - timing_s/update_actor/optimizer_step:0.10005015799833927 - timing_s/update_actor/teacher_ema_update:2.928100002463907e-05 - perf/mfu/actor:0.0 - perf/max_memory_allocated_gb:81.5146484375 - perf/max_memory_reserved_gb:91.09375 - perf/cpu_memory_used_gb:248.1373405456543 - actor/lr:1e-06 - training/global_step:31 - training/epoch:0 - response_length/mean:100.6875 - response_length/max:514.0 - response_length/min:35.0 - response_length/clip_ratio:0.0 - response_length_non_aborted/mean:100.6875 - response_length_non_aborted/max:514.0 - response_length_non_aborted/min:35.0 - response_length_non_aborted/clip_ratio:0.0 - response/aborted_ratio:0.0 - prompt_length/mean:3407.703125 - prompt_length/max:4946.0 - prompt_length/min:3160.0 - prompt_length/clip_ratio:0.0 - num_turns/min:2 - num_turns/max:2 - num_turns/mean:2.0 - critic/advantages/mean:-0.10058725625276566 - critic/advantages/max:0.0 - critic/advantages/min:-1.0 - timing_s/start_profile:3.6950004869140685e-05 - timing_s/agent_loop/generate_sequences/min:6.758874453997123 - timing_s/agent_loop/generate_sequences/max:12.47710013599135 - timing_s/agent_loop/generate_sequences/mean:8.015078885640605 - timing_s/agent_loop/tool_calls/min:0.0 - timing_s/agent_loop/tool_calls/max:0.0 - timing_s/agent_loop/tool_calls/mean:0.0 - timing_s/agent_loop/slowest/generate_sequences:12.47710013599135 - timing_s/agent_loop/slowest/tool_calls:0.0 - timing_s/agent_loop/slowest/prompt_length:3358 - timing_s/agent_loop/slowest/response_length:514 - timing_s/gen:18.044200431002537 - timing_s/old_log_prob:28.377126070001395 - timing_s/adv:0.0029162930004531518 - timing_s/update_actor:93.03534928099543 - timing_s/dump_rollout_generations:0.04544779600109905 - timing_s/step:139.51839912800642 - timing_s/stop_profile:2.5564993848092854e-05 - timing_per_token_ms/update_actor:0.4143430672049392 - timing_per_token_ms/adv:1.298802870107444e-05 - timing_per_token_ms/gen:2.8001552500003934 - perf/total_num_tokens:224537 - perf/time_per_step:139.51839912800642 - perf/throughput:804.6859819327129
[36m(TaskRunner pid=929411)[0m Dumped generations to /scratch/nkw3mr/Vision-OPD-OPSA/rollouts/OPSA-Qwen3.5-4B-think/32.jsonl
[36m(TaskRunner pid=929411)[0m step:32 - global_seqlen/min:225676 - global_seqlen/max:225676 - global_seqlen/minmax_diff:0 - global_seqlen/balanced_min:225676 - global_seqlen/balanced_max:225676 - global_seqlen/mean:225676.0 - actor/entropy:0.16959231614600867 - perf/mfu/actor_infer:0 - opsa/selected_tokens:1639.0 - opsa/selected_fraction:0.2 - opsa/advantage_mean:-0.5075809834860242 - opsa/sel_logp_mean:-30.741381940207443 - opsa/zero_sel_responses:1.0 - opsa/sel_entropy_mean:0.11562327295541763 - opsa/sel_entropy_max:7.626116752624512 - opsa/sel_entropy_min:-3.814697265625e-06 - training/rollout_probs_diff_valid:1 - training/rollout_probs_diff_max:1.0 - training/rollout_probs_diff_mean:0.2602860629558563 - training/rollout_probs_diff_std:0.40932148694992065 - training/rollout_actor_probs_pearson_corr:0.3527332842350006 - rollout_corr/training_ppl:35060388.65939153 - rollout_corr/training_log_ppl:13.951178557152161 - rollout_corr/kl:13.720113077710266 - rollout_corr/k3_kl:13.209882202674635 - rollout_corr/rollout_ppl:1.2945780903100967 - rollout_corr/rollout_log_ppl:0.23106540040771506 - rollout_corr/log_ppl_diff:13.72011315220152 - rollout_corr/log_ppl_abs_diff:13.72011315220152 - rollout_corr/log_ppl_diff_max:20.947330474853516 - rollout_corr/log_ppl_diff_min:0.007642360404133797 - rollout_corr/ppl_ratio:26018901.201703735 - rollout_corr/chi2_token:1.3300627460703254 - rollout_corr/chi2_seq:-1.0 - actor/pg_loss:0.4995678197592497 - actor/kl_loss:0.0 - actor/grpo_loss:0.0 - actor/vopd_loss:0.4995678197592497 - actor/vopd_loss_weighted:0.4995678197592497 - opsa/selection_level:1.0 - opsa/micro_selected_tokens:25.609375 - opsa/clipfrac:0.0 - self_distillation/num_distill_tokens:25.609375 - actor/grad_norm:1492.78955078125 - timing_s/update_actor/student_forward:24.303750295075588 - timing_s/update_actor/teacher_forward:0.0 - timing_s/update_actor/teacher_full_forward:0.0 - timing_s/update_actor/loss_compute:0.019819473091047257 - timing_s/update_actor/backward:56.848721439004294 - timing_s/update_actor/optimizer_step:0.08486307600105647 - timing_s/update_actor/teacher_ema_update:2.9260001610964537e-05 - perf/mfu/actor:0.0 - perf/max_memory_allocated_gb:81.5146484375 - perf/max_memory_reserved_gb:91.09375 - perf/cpu_memory_used_gb:248.22436904907227 - actor/lr:1e-06 - training/global_step:32 - training/epoch:0 - response_length/mean:128.046875 - response_length/max:4096.0 - response_length/min:31.0 - response_length/clip_ratio:0.015625 - response_length_non_aborted/mean:128.046875 - response_length_non_aborted/max:4096.0 - response_length_non_aborted/min:31.0 - response_length_non_aborted/clip_ratio:0.015625 - response/aborted_ratio:0.0 - prompt_length/mean:3398.140625 - prompt_length/max:4094.0 - prompt_length/min:3200.0 - prompt_length/clip_ratio:0.0 - num_turns/min:2 - num_turns/max:2 - num_turns/mean:2.0 - critic/advantages/mean:-0.10151618719100952 - critic/advantages/max:0.0 - critic/advantages/min:-1.0 - timing_s/start_profile:3.136300074402243e-05 - timing_s/agent_loop/generate_sequences/min:6.510975052995491 - timing_s/agent_loop/generate_sequences/max:41.90115843899548 - timing_s/agent_loop/generate_sequences/mean:7.984508555469574 - timing_s/agent_loop/tool_calls/min:0.0 - timing_s/agent_loop/tool_calls/max:0.0 - timing_s/agent_loop/tool_calls/mean:0.0 - timing_s/agent_loop/slowest/generate_sequences:41.90115843899548 - timing_s/agent_loop/slowest/tool_calls:0.0 - timing_s/agent_loop/slowest/prompt_length:3350 - timing_s/agent_loop/slowest/response_length:4096 - timing_s/gen:48.43372024000564 - timing_s/old_log_prob:28.228993672993965 - timing_s/adv:0.002610142997582443 - timing_s/update_actor:92.38679412798956 - timing_s/dump_rollout_generations:0.0744397890084656 - timing_s/step:169.13953105900146 - timing_s/stop_profile:2.4444001610390842e-05 - timing_per_token_ms/update_actor:0.40937802038315796 - timing_per_token_ms/adv:1.156588648142666e-05 - timing_per_token_ms/gen:5.910155001831073 - perf/total_num_tokens:225676 - perf/time_per_step:169.13953105900146 - perf/throughput:667.1296727235124[36m(TaskRunner pid=929411)[0m Training Progress:  29%|██▉       | 33/114 [1:36:47<3:40:25, 163.28s/it]
[36m(TaskRunner pid=929411)[0m Training Progress:  30%|██▉       | 34/114 [1:39:04<3:27:30, 155.63s/it]

[36m(TaskRunner pid=929411)[0m Dumped generations to /scratch/nkw3mr/Vision-OPD-OPSA/rollouts/OPSA-Qwen3.5-4B-think/33.jsonl
[36m(TaskRunner pid=929411)[0m step:33 - global_seqlen/min:230092 - global_seqlen/max:230092 - global_seqlen/minmax_diff:0 - global_seqlen/balanced_min:230092 - global_seqlen/balanced_max:230092 - global_seqlen/mean:230092.0 - actor/entropy:0.12761848585796542 - perf/mfu/actor_infer:0 - opsa/selected_tokens:2244.0 - opsa/selected_fraction:0.1999465383587276 - opsa/advantage_mean:-0.5209667729396447 - opsa/sel_logp_mean:-21.271491338012478 - opsa/zero_sel_responses:0.0 - opsa/sel_entropy_mean:0.2869201600551605 - opsa/sel_entropy_max:6.842341899871826 - opsa/sel_entropy_min:-3.814697265625e-06 - training/rollout_probs_diff_valid:1 - training/rollout_probs_diff_max:1.0 - training/rollout_probs_diff_mean:0.16078153252601624 - training/rollout_probs_diff_std:0.34384340047836304 - training/rollout_actor_probs_pearson_corr:0.3796237111091614 - rollout_corr/training_ppl:2254485357.7848554 - rollout_corr/training_log_ppl:16.602279371698387 - rollout_corr/kl:16.4107339673792 - rollout_corr/k3_kl:15.86998865395799 - rollout_corr/rollout_ppl:1.2213418502360582 - rollout_corr/rollout_log_ppl:0.1915454778500134 - rollout_corr/log_ppl_diff:16.410733952361625 - rollout_corr/log_ppl_abs_diff:16.410733952361625 - rollout_corr/log_ppl_diff_max:25.23040008544922 - rollout_corr/log_ppl_diff_min:0.007482472807168961 - rollout_corr/ppl_ratio:2018497762.8752482 - rollout_corr/chi2_token:3.980313935317099 - rollout_corr/chi2_seq:-1.0 - actor/pg_loss:0.5156027665361762 - actor/kl_loss:0.0 - actor/grpo_loss:0.0 - actor/vopd_loss:0.5156027665361762 - actor/vopd_loss_weighted:0.5156027665361762 - opsa/selection_level:1.0 - opsa/micro_selected_tokens:35.0625 - opsa/clipfrac:0.0 - self_distillation/num_distill_tokens:35.0625 - actor/grad_norm:2125.47607421875 - timing_s/update_actor/student_forward:24.569265197991626 - timing_s/update_actor/teacher_forward:0.0 - timing_s/update_actor/teacher_full_forward:0.0 - timing_s/update_actor/loss_compute:0.019633202959084883 - timing_s/update_actor/backward:57.568944500075304 - timing_s/update_actor/optimizer_step:0.08610502899682615 - timing_s/update_actor/teacher_ema_update:2.9950999305583537e-05 - perf/mfu/actor:0.0 - perf/max_memory_allocated_gb:81.5146484375 - perf/max_memory_reserved_gb:91.09375 - perf/cpu_memory_used_gb:248.43641662597656 - actor/lr:1e-06 - training/global_step:33 - training/epoch:0 - response_length/mean:175.359375 - response_length/max:4096.0 - response_length/min:21.0 - response_length/clip_ratio:0.03125 - response_length_non_aborted/mean:175.359375 - response_length_non_aborted/max:4096.0 - response_length_non_aborted/min:21.0 - response_length_non_aborted/clip_ratio:0.03125 - response/aborted_ratio:0.0 - prompt_length/mean:3419.828125 - prompt_length/max:4850.0 - prompt_length/min:3205.0 - prompt_length/clip_ratio:0.0 - num_turns/min:2 - num_turns/max:2 - num_turns/mean:2.0 - critic/advantages/mean:-0.10416551679372787 - critic/advantages/max:0.0 - critic/advantages/min:-1.0 - timing_s/start_profile:1.984700793400407e-05 - timing_s/agent_loop/generate_sequences/min:6.495344050999847 - timing_s/agent_loop/generate_sequences/max:45.382382950992906 - timing_s/agent_loop/generate_sequences/mean:8.49047820096962 - timing_s/agent_loop/tool_calls/min:0.0 - timing_s/agent_loop/tool_calls/max:0.0 - timing_s/agent_loop/tool_calls/mean:0.0 - timing_s/agent_loop/slowest/generate_sequences:45.382382950992906 - timing_s/agent_loop/slowest/tool_calls:0.0 - timing_s/agent_loop/slowest/prompt_length:3355 - timing_s/agent_loop/slowest/response_length:4096 - timing_s/gen:51.97586326499004 - timing_s/old_log_prob:28.400860440000542 - timing_s/adv:0.00273599500360433 - timing_s/update_actor:93.68166842100618 - timing_s/dump_rollout_generations:0.04662468699098099 - timing_s/step:174.12073538800178 - timing_s/stop_profile:2.9089991585351527e-05 - timing_per_token_ms/update_actor:0.4071487423335282 - timing_per_token_ms/adv:1.1890874100813284e-05 - timing_per_token_ms/gen:4.631191594492563 - perf/total_num_tokens:230092 - perf/time_per_step:174.12073538800178 - perf/throughput:660.7254428580109
[36m(TaskRunner pid=929411)[0m Dumped generations to /scratch/nkw3mr/Vision-OPD-OPSA/rollouts/OPSA-Qwen3.5-4B-think/34.jsonl
[36m(TaskRunner pid=929411)[0m step:34 - global_seqlen/min:223466 - global_seqlen/max:223466 - global_seqlen/minmax_diff:0 - global_seqlen/balanced_min:223466 - global_seqlen/balanced_max:223466 - global_seqlen/mean:223466.0 - actor/entropy:0.08441301342099905 - perf/mfu/actor_infer:0 - opsa/selected_tokens:548.0 - opsa/selected_fraction:0.1997812613926358 - opsa/advantage_mean:-0.5012503296789461 - opsa/sel_logp_mean:-48.333841811131386 - opsa/zero_sel_responses:0.0 - opsa/sel_entropy_mean:7.741469016764313e-05 - opsa/sel_entropy_max:0.030956268310546875 - opsa/sel_entropy_min:0.0 - training/rollout_probs_diff_valid:1 - training/rollout_probs_diff_max:1.0 - training/rollout_probs_diff_mean:0.6246388554573059 - training/rollout_probs_diff_std:0.44080984592437744 - training/rollout_actor_probs_pearson_corr:0.16221554577350616 - rollout_corr/training_ppl:708370202509.6615 - rollout_corr/training_log_ppl:22.391208231449127 - rollout_corr/kl:22.210023626685143 - rollout_corr/k3_kl:21.615380823612213 - rollout_corr/rollout_ppl:1.2070537731051445 - rollout_corr/rollout_log_ppl:0.1811848956567701 - rollout_corr/log_ppl_diff:22.21002334356308 - rollout_corr/log_ppl_abs_diff:22.21002334356308 - rollout_corr/log_ppl_diff_max:30.72901725769043 - rollout_corr/log_ppl_diff_min:10.627586364746094 - rollout_corr/ppl_ratio:603118867846.7 - rollout_corr/chi2_token:6.5990384658798575 - rollout_corr/chi2_seq:-1.0 - actor/pg_loss:0.5012670550495386 - actor/kl_loss:0.0 - actor/grpo_loss:0.0 - actor/vopd_loss:0.5012670550495386 - actor/vopd_loss_weighted:0.5012670550495386 - opsa/selection_level:1.0 - opsa/micro_selected_tokens:8.5625 - opsa/clipfrac:0.0 - self_distillation/num_distill_tokens:8.5625 - actor/grad_norm:1347.26513671875 - timing_s/update_actor/student_forward:24.51335899604601 - timing_s/update_actor/teacher_forward:0.0 - timing_s/update_actor/teacher_full_forward:0.0 - timing_s/update_actor/loss_compute:0.01908127406204585 - timing_s/update_actor/backward:57.657964161000564 - timing_s/update_actor/optimizer_step:0.10614583699498326 - timing_s/update_actor/teacher_ema_update:2.925000444520265e-05 - perf/mfu/actor:0.0 - perf/max_memory_allocated_gb:81.5146484375 - perf/max_memory_reserved_gb:91.09375 - perf/cpu_memory_used_gb:248.3379135131836 - actor/lr:1e-06 - training/global_step:34 - training/epoch:0 - response_length/mean:42.859375 - response_length/max:195.0 - response_length/min:17.0 - response_length/clip_ratio:0.0 - response_length_non_aborted/mean:42.859375 - response_length_non_aborted/max:195.0 - response_length_non_aborted/min:17.0 - response_length_non_aborted/clip_ratio:0.0 - response/aborted_ratio:0.0 - prompt_length/mean:3448.796875 - prompt_length/max:4049.0 - prompt_length/min:3292.0 - prompt_length/clip_ratio:0.0 - num_turns/min:2 - num_turns/max:2 - num_turns/mean:2.0 - critic/advantages/mean:-0.10014043748378754 - critic/advantages/max:0.0 - critic/advantages/min:-1.0 - timing_s/start_profile:2.178900467697531e-05 - timing_s/agent_loop/generate_sequences/min:6.4792669040034525 - timing_s/agent_loop/generate_sequences/max:9.323375224994379 - timing_s/agent_loop/generate_sequences/mean:7.416630758548081 - timing_s/agent_loop/tool_calls/min:0.0 - timing_s/agent_loop/tool_calls/max:0.0 - timing_s/agent_loop/tool_calls/mean:0.0 - timing_s/agent_loop/slowest/generate_sequences:9.323375224994379 - timing_s/agent_loop/slowest/tool_calls:0.0 - timing_s/agent_loop/slowest/prompt_length:3345 - timing_s/agent_loop/slowest/response_length:195 - timing_s/gen:15.605404147994705 - timing_s/old_log_prob:28.345493428001646 - timing_s/adv:0.0035875240137102082 - timing_s/update_actor:93.72047253500205 - timing_s/dump_rollout_generations:0.046581938993767835 - timing_s/step:137.73452130399528 - timing_s/stop_profile:2.480400144122541e-05 - timing_per_token_ms/update_actor:0.4193947738582247 - timing_per_token_ms/adv:1.6054003802413827e-05 - timing_per_token_ms/gen:5.689173951146447 - perf/total_num_tokens:223466 - perf/time_per_step:137.73452130399528 - perf/throughput:811.2200118181916[36m(TaskRunner pid=929411)[0m Training Progress:  31%|███       | 35/114 [1:41:53<3:29:57, 159.47s/it]
[36m(TaskRunner pid=929411)[0m Training Progress:  32%|███▏      | 36/114 [1:44:42<3:31:08, 162.42s/it]

[36m(TaskRunner pid=929411)[0m Dumped generations to /scratch/nkw3mr/Vision-OPD-OPSA/rollouts/OPSA-Qwen3.5-4B-think/35.jsonl
[36m(TaskRunner pid=929411)[0m step:35 - global_seqlen/min:223498 - global_seqlen/max:223498 - global_seqlen/minmax_diff:0 - global_seqlen/balanced_min:223498 - global_seqlen/balanced_max:223498 - global_seqlen/mean:223498.0 - actor/entropy:0.07963699239189737 - perf/mfu/actor_infer:0 - opsa/selected_tokens:1302.0 - opsa/selected_fraction:0.19990787655458314 - opsa/advantage_mean:-0.509114255187332 - opsa/sel_logp_mean:-41.50606638824885 - opsa/zero_sel_responses:1.0 - opsa/sel_entropy_mean:0.02625129371881485 - opsa/sel_entropy_max:1.4401264190673828 - opsa/sel_entropy_min:0.0 - training/rollout_probs_diff_valid:1 - training/rollout_probs_diff_max:1.0 - training/rollout_probs_diff_mean:0.24251823127269745 - training/rollout_probs_diff_std:0.4072667360305786 - training/rollout_actor_probs_pearson_corr:0.346476674079895 - rollout_corr/training_ppl:17885951949817.156 - rollout_corr/training_log_ppl:24.812498641200364 - rollout_corr/kl:24.60014626607881 - rollout_corr/k3_kl:24.201513274347235 - rollout_corr/rollout_ppl:1.2491131257265806 - rollout_corr/rollout_log_ppl:0.21235249013625435 - rollout_corr/log_ppl_diff:24.60014613196836 - rollout_corr/log_ppl_abs_diff:24.60014613196836 - rollout_corr/log_ppl_diff_max:34.07575225830078 - rollout_corr/log_ppl_diff_min:0.013141775503754616 - rollout_corr/ppl_ratio:15171964832274.113 - rollout_corr/chi2_token:152.25712740421295 - rollout_corr/chi2_seq:-1.0 - actor/pg_loss:0.5018549542874098 - actor/kl_loss:0.0 - actor/grpo_loss:0.0 - actor/vopd_loss:0.5018549542874098 - actor/vopd_loss_weighted:0.5018549542874098 - opsa/selection_level:1.0 - opsa/micro_selected_tokens:20.34375 - opsa/clipfrac:0.0 - self_distillation/num_distill_tokens:20.34375 - actor/grad_norm:1272.19140625 - timing_s/update_actor/student_forward:24.120579229012947 - timing_s/update_actor/teacher_forward:0.0 - timing_s/update_actor/teacher_full_forward:0.0 - timing_s/update_actor/loss_compute:0.01979521894827485 - timing_s/update_actor/backward:56.995504374062875 - timing_s/update_actor/optimizer_step:0.08730941399699077 - timing_s/update_actor/teacher_ema_update:2.972099173348397e-05 - perf/mfu/actor:0.0 - perf/max_memory_allocated_gb:81.5146484375 - perf/max_memory_reserved_gb:91.09375 - perf/cpu_memory_used_gb:248.23551177978516 - actor/lr:1e-06 - training/global_step:35 - training/epoch:0 - response_length/mean:101.765625 - response_length/max:4096.0 - response_length/min:17.0 - response_length/clip_ratio:0.015625 - response_length_non_aborted/mean:101.765625 - response_length_non_aborted/max:4096.0 - response_length_non_aborted/min:17.0 - response_length_non_aborted/clip_ratio:0.015625 - response/aborted_ratio:0.0 - prompt_length/mean:3390.390625 - prompt_length/max:4471.0 - prompt_length/min:3155.0 - prompt_length/clip_ratio:0.0 - num_turns/min:2 - num_turns/max:2 - num_turns/mean:2.0 - critic/advantages/mean:-0.10177593678236008 - critic/advantages/max:0.0 - critic/advantages/min:-1.0 - timing_s/start_profile:2.273099380545318e-05 - timing_s/agent_loop/generate_sequences/min:5.642488355006208 - timing_s/agent_loop/generate_sequences/max:41.305708036001306 - timing_s/agent_loop/generate_sequences/mean:7.268736319063009 - timing_s/agent_loop/tool_calls/min:0.0 - timing_s/agent_loop/tool_calls/max:0.0 - timing_s/agent_loop/tool_calls/mean:0.0 - timing_s/agent_loop/slowest/generate_sequences:41.305708036001306 - timing_s/agent_loop/slowest/tool_calls:0.0 - timing_s/agent_loop/slowest/prompt_length:3342 - timing_s/agent_loop/slowest/response_length:4096 - timing_s/gen:47.50495512399357 - timing_s/old_log_prob:28.44332670100266 - timing_s/adv:0.0026497469953028485 - timing_s/update_actor:92.36496187699959 - timing_s/dump_rollout_generations:0.04588631499791518 - timing_s/step:168.37690977199236 - timing_s/stop_profile:2.6155990781262517e-05 - timing_per_token_ms/update_actor:0.41326974682994744 - timing_per_token_ms/adv:1.1855797346297722e-05 - timing_per_token_ms/gen:7.29386690065923 - perf/total_num_tokens:223498 - perf/time_per_step:168.37690977199236 - perf/throughput:663.6836378059494
[36m(TaskRunner pid=929411)[0m Dumped generations to /scratch/nkw3mr/Vision-OPD-OPSA/rollouts/OPSA-Qwen3.5-4B-think/36.jsonl
[36m(TaskRunner pid=929411)[0m step:36 - global_seqlen/min:223899 - global_seqlen/max:223899 - global_seqlen/minmax_diff:0 - global_seqlen/balanced_min:223899 - global_seqlen/balanced_max:223899 - global_seqlen/mean:223899.0 - actor/entropy:0.07919016203959472 - perf/mfu/actor_infer:0 - opsa/selected_tokens:1202.0 - opsa/selected_fraction:0.2 - opsa/advantage_mean:-0.5133959473468698 - opsa/sel_logp_mean:-42.574007513519135 - opsa/zero_sel_responses:0.0 - opsa/sel_entropy_mean:0.05607420951128006 - opsa/sel_entropy_max:2.092958450317383 - opsa/sel_entropy_min:0.0 - training/rollout_probs_diff_valid:1 - training/rollout_probs_diff_max:1.0 - training/rollout_probs_diff_mean:0.23723575472831726 - training/rollout_probs_diff_std:0.3964686691761017 - training/rollout_actor_probs_pearson_corr:0.35582417249679565 - rollout_corr/training_ppl:2.5488992014805548e+16 - rollout_corr/training_log_ppl:27.351249844301492 - rollout_corr/kl:27.1014663008973 - rollout_corr/k3_kl:26.47753328550607 - rollout_corr/rollout_ppl:1.2969468962401152 - rollout_corr/rollout_log_ppl:0.2497839064380969 - rollout_corr/log_ppl_diff:27.101466017309576 - rollout_corr/log_ppl_abs_diff:27.101466017309576 - rollout_corr/log_ppl_diff_max:41.739017486572266 - rollout_corr/log_ppl_diff_min:0.39585986733436584 - rollout_corr/ppl_ratio:2.366763717129662e+16 - rollout_corr/chi2_token:0.48456649482250214 - rollout_corr/chi2_seq:-1.0 - actor/pg_loss:0.5111075043678284 - actor/kl_loss:0.0 - actor/grpo_loss:0.0 - actor/vopd_loss:0.5111075043678284 - actor/vopd_loss_weighted:0.5111075043678284 - opsa/selection_level:1.0 - opsa/micro_selected_tokens:18.78125 - opsa/clipfrac:0.0 - self_distillation/num_distill_tokens:18.78125 - actor/grad_norm:969.8198852539062 - timing_s/update_actor/student_forward:24.24353427797905 - timing_s/update_actor/teacher_forward:0.0 - timing_s/update_actor/teacher_full_forward:0.0 - timing_s/update_actor/loss_compute:0.019407517960644327 - timing_s/update_actor/backward:56.929604037999525 - timing_s/update_actor/optimizer_step:0.08484809599758592 - timing_s/update_actor/teacher_ema_update:2.994100213982165e-05 - perf/mfu/actor:0.0 - perf/max_memory_allocated_gb:81.5146484375 - perf/max_memory_reserved_gb:91.09375 - perf/cpu_memory_used_gb:248.50743103027344 - actor/lr:1e-06 - training/global_step:36 - training/epoch:0 - response_length/mean:93.90625 - response_length/max:4096.0 - response_length/min:10.0 - response_length/clip_ratio:0.015625 - response_length_non_aborted/mean:93.90625 - response_length_non_aborted/max:4096.0 - response_length_non_aborted/min:10.0 - response_length_non_aborted/clip_ratio:0.015625 - response/aborted_ratio:0.0 - prompt_length/mean:3404.515625 - prompt_length/max:4238.0 - prompt_length/min:3113.0 - prompt_length/clip_ratio:0.0 - num_turns/min:2 - num_turns/max:2 - num_turns/mean:2.0 - critic/advantages/mean:-0.10267917811870575 - critic/advantages/max:0.0 - critic/advantages/min:-1.0 - timing_s/start_profile:7.940900104586035e-05 - timing_s/agent_loop/generate_sequences/min:6.480569442996057 - timing_s/agent_loop/generate_sequences/max:41.97213458799524 - timing_s/agent_loop/generate_sequences/mean:7.587469464875085 - timing_s/agent_loop/tool_calls/min:0.0 - timing_s/agent_loop/tool_calls/max:0.0 - timing_s/agent_loop/tool_calls/mean:0.0 - timing_s/agent_loop/slowest/generate_sequences:41.97213458799524 - timing_s/agent_loop/slowest/tool_calls:0.0 - timing_s/agent_loop/slowest/prompt_length:3343 - timing_s/agent_loop/slowest/response_length:4096 - timing_s/gen:47.910495189003996 - timing_s/old_log_prob:28.570791525999084 - timing_s/adv:0.002761229989118874 - timing_s/update_actor:92.66964814100356 - timing_s/dump_rollout_generations:0.047056786992470734 - timing_s/step:169.21416139000212 - timing_s/stop_profile:2.634600969031453e-05 - timing_per_token_ms/update_actor:0.41389040657172904 - timing_per_token_ms/adv:1.2332480221523428e-05 - timing_per_token_ms/gen:7.971796204493177 - perf/total_num_tokens:223899 - perf/time_per_step:169.21416139000212 - perf/throughput:661.5846988242347[36m(TaskRunner pid=929411)[0m Training Progress:  32%|███▏      | 37/114 [1:47:35<3:32:29, 165.58s/it]
[36m(TaskRunner pid=929411)[0m Training Progress:  33%|███▎      | 38/114 [1:50:30<3:33:20, 168.43s/it]

[36m(TaskRunner pid=929411)[0m Dumped generations to /scratch/nkw3mr/Vision-OPD-OPSA/rollouts/OPSA-Qwen3.5-4B-think/37.jsonl
[36m(TaskRunner pid=929411)[0m step:37 - global_seqlen/min:226571 - global_seqlen/max:226571 - global_seqlen/minmax_diff:0 - global_seqlen/balanced_min:226571 - global_seqlen/balanced_max:226571 - global_seqlen/mean:226571.0 - actor/entropy:0.06608208581201325 - perf/mfu/actor_infer:0 - opsa/selected_tokens:2016.0 - opsa/selected_fraction:0.19994049390062482 - opsa/advantage_mean:-0.5120355515252977 - opsa/sel_logp_mean:-30.324214874751984 - opsa/zero_sel_responses:0.0 - opsa/sel_entropy_mean:0.14965181052684784 - opsa/sel_entropy_max:6.2170820236206055 - opsa/sel_entropy_min:0.0 - training/rollout_probs_diff_valid:1 - training/rollout_probs_diff_max:1.0 - training/rollout_probs_diff_mean:0.13231541216373444 - training/rollout_probs_diff_std:0.3210180997848511 - training/rollout_actor_probs_pearson_corr:0.4139409363269806 - rollout_corr/training_ppl:5.990726668819697e+16 - rollout_corr/training_log_ppl:31.56572744526784 - rollout_corr/kl:31.318412946609897 - rollout_corr/k3_kl:30.635075405196403 - rollout_corr/rollout_ppl:1.2960641607642174 - rollout_corr/rollout_log_ppl:0.24731470665574307 - rollout_corr/log_ppl_diff:31.318412827371503 - rollout_corr/log_ppl_abs_diff:31.318412827371503 - rollout_corr/log_ppl_diff_max:42.08112335205078 - rollout_corr/log_ppl_diff_min:0.008936603553593159 - rollout_corr/ppl_ratio:4.754658716791075e+16 - rollout_corr/chi2_token:-0.04973185434937477 - rollout_corr/chi2_seq:-1.0 - actor/pg_loss:0.5074481964111328 - actor/kl_loss:0.0 - actor/grpo_loss:0.0 - actor/vopd_loss:0.5074481964111328 - actor/vopd_loss_weighted:0.5074481964111328 - opsa/selection_level:1.0 - opsa/micro_selected_tokens:31.5 - opsa/clipfrac:0.0 - self_distillation/num_distill_tokens:31.5 - actor/grad_norm:1037.2430419921875 - timing_s/update_actor/student_forward:24.022976576030487 - timing_s/update_actor/teacher_forward:0.0 - timing_s/update_actor/teacher_full_forward:0.0 - timing_s/update_actor/loss_compute:0.020078138884855434 - timing_s/update_actor/backward:56.78695758197864 - timing_s/update_actor/optimizer_step:0.08766784700856078 - timing_s/update_actor/teacher_ema_update:2.765799581538886e-05 - perf/mfu/actor:0.0 - perf/max_memory_allocated_gb:81.5146484375 - perf/max_memory_reserved_gb:91.09375 - perf/cpu_memory_used_gb:248.58087921142578 - actor/lr:1e-06 - training/global_step:37 - training/epoch:0 - response_length/mean:157.546875 - response_length/max:4096.0 - response_length/min:15.0 - response_length/clip_ratio:0.03125 - response_length_non_aborted/mean:157.546875 - response_length_non_aborted/max:4096.0 - response_length_non_aborted/min:15.0 - response_length_non_aborted/clip_ratio:0.03125 - response/aborted_ratio:0.0 - prompt_length/mean:3382.625 - prompt_length/max:3960.0 - prompt_length/min:3155.0 - prompt_length/clip_ratio:0.0 - num_turns/min:2 - num_turns/max:2 - num_turns/mean:2.0 - critic/advantages/mean:-0.10237663984298706 - critic/advantages/max:0.0 - critic/advantages/min:-1.0 - timing_s/start_profile:2.134998794645071e-05 - timing_s/agent_loop/generate_sequences/min:6.0994892190065 - timing_s/agent_loop/generate_sequences/max:45.394799926987616 - timing_s/agent_loop/generate_sequences/mean:8.10284594174982 - timing_s/agent_loop/tool_calls/min:0.0 - timing_s/agent_loop/tool_calls/max:0.0 - timing_s/agent_loop/tool_calls/mean:0.0 - timing_s/agent_loop/slowest/generate_sequences:45.394799926987616 - timing_s/agent_loop/slowest/tool_calls:0.0 - timing_s/agent_loop/slowest/prompt_length:3343 - timing_s/agent_loop/slowest/response_length:4096 - timing_s/gen:51.726801058001 - timing_s/old_log_prob:28.43278355500661 - timing_s/adv:0.0026927569997496903 - timing_s/update_actor:92.69416232399817 - timing_s/dump_rollout_generations:0.04648641499807127 - timing_s/step:172.91604907299916 - timing_s/stop_profile:3.058199945371598e-05 - timing_per_token_ms/update_actor:0.40911750543537423 - timing_per_token_ms/adv:1.1884826388856871e-05 - timing_per_token_ms/gen:5.130100273529803 - perf/total_num_tokens:226571 - perf/time_per_step:172.91604907299916 - perf/throughput:655.1474001824712
[36m(TaskRunner pid=929411)[0m Dumped generations to /scratch/nkw3mr/Vision-OPD-OPSA/rollouts/OPSA-Qwen3.5-4B-think/38.jsonl
[36m(TaskRunner pid=929411)[0m step:38 - global_seqlen/min:234940 - global_seqlen/max:234940 - global_seqlen/minmax_diff:0 - global_seqlen/balanced_min:234940 - global_seqlen/balanced_max:234940 - global_seqlen/mean:234940.0 - actor/entropy:0.041832099966995884 - perf/mfu/actor_infer:0 - opsa/selected_tokens:3569.0 - opsa/selected_fraction:0.2 - opsa/advantage_mean:-0.5114651693620412 - opsa/sel_logp_mean:-14.153950467567947 - opsa/zero_sel_responses:0.0 - opsa/sel_entropy_mean:0.1549929678440094 - opsa/sel_entropy_max:6.759302139282227 - opsa/sel_entropy_min:0.0 - training/rollout_probs_diff_valid:1 - training/rollout_probs_diff_max:1.0 - training/rollout_probs_diff_mean:0.061728838831186295 - training/rollout_probs_diff_std:0.22066327929496765 - training/rollout_actor_probs_pearson_corr:0.4564960300922394 - rollout_corr/training_ppl:2.4895674230345376e+19 - rollout_corr/training_log_ppl:31.807762663214817 - rollout_corr/kl:31.54354022769985 - rollout_corr/k3_kl:30.84654920227331 - rollout_corr/rollout_ppl:1.3307586275041103 - rollout_corr/rollout_log_ppl:0.26422253608325263 - rollout_corr/log_ppl_diff:31.543539974401938 - rollout_corr/log_ppl_abs_diff:31.543539974401938 - rollout_corr/log_ppl_diff_max:48.240718841552734 - rollout_corr/log_ppl_diff_min:0.00714277196675539 - rollout_corr/ppl_ratio:1.5212472438062844e+19 - rollout_corr/chi2_token:-0.5598023561760783 - rollout_corr/chi2_seq:-1.0 - actor/pg_loss:0.5057299928739667 - actor/kl_loss:0.0 - actor/grpo_loss:0.0 - actor/vopd_loss:0.5057299928739667 - actor/vopd_loss_weighted:0.5057299928739667 - opsa/selection_level:1.0 - opsa/micro_selected_tokens:55.765625 - opsa/clipfrac:0.0 - self_distillation/num_distill_tokens:55.765625 - actor/grad_norm:1071.337646484375 - timing_s/update_actor/student_forward:24.179937245935434 - timing_s/update_actor/teacher_forward:0.0 - timing_s/update_actor/teacher_full_forward:0.0 - timing_s/update_actor/loss_compute:0.019946507018175907 - timing_s/update_actor/backward:57.706243528969935 - timing_s/update_actor/optimizer_step:0.08492426099837758 - timing_s/update_actor/teacher_ema_update:2.7757996576838195e-05 - perf/mfu/actor:0.0 - perf/max_memory_allocated_gb:81.5146484375 - perf/max_memory_reserved_gb:91.09375 - perf/cpu_memory_used_gb:249.01364135742188 - actor/lr:1e-06 - training/global_step:38 - training/epoch:0 - response_length/mean:278.828125 - response_length/max:4096.0 - response_length/min:6.0 - response_length/clip_ratio:0.0625 - response_length_non_aborted/mean:278.828125 - response_length_non_aborted/max:4096.0 - response_length_non_aborted/min:6.0 - response_length_non_aborted/clip_ratio:0.0625 - response/aborted_ratio:0.0 - prompt_length/mean:3392.109375 - prompt_length/max:3995.0 - prompt_length/min:3172.0 - prompt_length/clip_ratio:0.0 - num_turns/min:2 - num_turns/max:2 - num_turns/mean:2.0 - critic/advantages/mean:-0.10229303687810898 - critic/advantages/max:0.0 - critic/advantages/min:-1.0 - timing_s/start_profile:4.252800135873258e-05 - timing_s/agent_loop/generate_sequences/min:4.176316191995284 - timing_s/agent_loop/generate_sequences/max:45.901309592009056 - timing_s/agent_loop/generate_sequences/mean:9.068867156875058 - timing_s/agent_loop/tool_calls/min:0.0 - timing_s/agent_loop/tool_calls/max:0.0 - timing_s/agent_loop/tool_calls/mean:0.0 - timing_s/agent_loop/slowest/generate_sequences:45.901309592009056 - timing_s/agent_loop/slowest/tool_calls:0.0 - timing_s/agent_loop/slowest/prompt_length:3995 - timing_s/agent_loop/slowest/response_length:4096 - timing_s/gen:52.00858593999874 - timing_s/old_log_prob:29.00490027399792 - timing_s/adv:0.0032143930002348498 - timing_s/update_actor:93.95161562299472 - timing_s/dump_rollout_generations:0.04771300300490111 - timing_s/step:175.0303909869981 - timing_s/stop_profile:3.330600156914443e-05 - timing_per_token_ms/update_actor:0.3998962101940696 - timing_per_token_ms/adv:1.3681761301757256e-05 - timing_per_token_ms/gen:2.9144626472400526 - perf/total_num_tokens:234940 - perf/time_per_step:175.0303909869981 - perf/throughput:671.1405907144783[36m(TaskRunner pid=929411)[0m Training Progress:  34%|███▍      | 39/114 [1:53:37<3:37:33, 174.05s/it]
[36m(TaskRunner pid=929411)[0m Training Progress:  35%|███▌      | 40/114 [1:57:30<3:56:21, 191.64s/it]

[36m(TaskRunner pid=929411)[0m Dumped generations to /scratch/nkw3mr/Vision-OPD-OPSA/rollouts/OPSA-Qwen3.5-4B-think/39.jsonl
[36m(TaskRunner pid=929411)[0m step:39 - global_seqlen/min:255616 - global_seqlen/max:255616 - global_seqlen/minmax_diff:0 - global_seqlen/balanced_min:255616 - global_seqlen/balanced_max:255616 - global_seqlen/mean:255616.0 - actor/entropy:0.022601241143348716 - perf/mfu/actor_infer:0 - opsa/selected_tokens:7591.0 - opsa/selected_fraction:0.19998946175935928 - opsa/advantage_mean:-0.509488872256208 - opsa/sel_logp_mean:-4.978810227572125 - opsa/zero_sel_responses:0.0 - opsa/sel_entropy_mean:0.13218693435192108 - opsa/sel_entropy_max:6.965340614318848 - opsa/sel_entropy_min:0.0 - training/rollout_probs_diff_valid:1 - training/rollout_probs_diff_max:1.0 - training/rollout_probs_diff_mean:0.023698940873146057 - training/rollout_probs_diff_std:0.13471372425556183 - training/rollout_actor_probs_pearson_corr:0.47584033012390137 - rollout_corr/training_ppl:1.441481686240553e+17 - rollout_corr/training_log_ppl:29.08087488362071 - rollout_corr/kl:28.860555054103315 - rollout_corr/k3_kl:28.22637279051196 - rollout_corr/rollout_ppl:1.2706880252808332 - rollout_corr/rollout_log_ppl:0.22031984760951673 - rollout_corr/log_ppl_diff:28.860555262770504 - rollout_corr/log_ppl_abs_diff:28.860555262770504 - rollout_corr/log_ppl_diff_max:42.25437545776367 - rollout_corr/log_ppl_diff_min:0.005835758987814188 - rollout_corr/ppl_ratio:1.1830051142885054e+17 - rollout_corr/chi2_token:-0.603588311932981 - rollout_corr/chi2_seq:-1.0 - actor/pg_loss:0.5034350156784058 - actor/kl_loss:0.0 - actor/grpo_loss:0.0 - actor/vopd_loss:0.5034350156784058 - actor/vopd_loss_weighted:0.5034350156784058 - opsa/selection_level:1.0 - opsa/micro_selected_tokens:118.609375 - opsa/clipfrac:0.0 - self_distillation/num_distill_tokens:118.609375 - actor/grad_norm:786.3200073242188 - timing_s/update_actor/student_forward:24.621765189964208 - timing_s/update_actor/teacher_forward:0.0 - timing_s/update_actor/teacher_full_forward:0.0 - timing_s/update_actor/loss_compute:0.019361530954483896 - timing_s/update_actor/backward:58.92751416498504 - timing_s/update_actor/optimizer_step:0.08546709400252439 - timing_s/update_actor/teacher_ema_update:5.3162992116995156e-05 - perf/mfu/actor:0.0 - perf/max_memory_allocated_gb:81.5146484375 - perf/max_memory_reserved_gb:91.09375 - perf/cpu_memory_used_gb:253.95982360839844 - actor/lr:1e-06 - training/global_step:39 - training/epoch:1 - response_length/mean:593.078125 - response_length/max:4096.0 - response_length/min:8.0 - response_length/clip_ratio:0.140625 - response_length_non_aborted/mean:593.078125 - response_length_non_aborted/max:4096.0 - response_length_non_aborted/min:8.0 - response_length_non_aborted/clip_ratio:0.140625 - response/aborted_ratio:0.0 - prompt_length/mean:3400.921875 - prompt_length/max:4946.0 - prompt_length/min:3113.0 - prompt_length/clip_ratio:0.0 - num_turns/min:2 - num_turns/max:2 - num_turns/mean:2.0 - critic/advantages/mean:-0.10189240425825119 - critic/advantages/max:0.0 - critic/advantages/min:-1.0 - timing_s/start_profile:0.00012311899627093226 - timing_s/agent_loop/generate_sequences/min:5.81404836299771 - timing_s/agent_loop/generate_sequences/max:52.311898432002636 - timing_s/agent_loop/generate_sequences/mean:13.018954116563236 - timing_s/agent_loop/tool_calls/min:0.0 - timing_s/agent_loop/tool_calls/max:0.0 - timing_s/agent_loop/tool_calls/mean:0.0 - timing_s/agent_loop/slowest/generate_sequences:52.311898432002636 - timing_s/agent_loop/slowest/tool_calls:0.0 - timing_s/agent_loop/slowest/prompt_length:3414 - timing_s/agent_loop/slowest/response_length:4096 - timing_s/gen:60.2627685930056 - timing_s/old_log_prob:30.044212991997483 - timing_s/adv:0.003938715992262587 - timing_s/update_actor:96.52004142900114 - timing_s/dump_rollout_generations:0.05749988599563949 - timing_s/step:186.91156792099355 - timing_s/stop_profile:2.6537003577686846e-05 - timing_per_token_ms/update_actor:0.377597808544853 - timing_per_token_ms/adv:1.540872242841836e-05 - timing_per_token_ms/gen:1.587658892773549 - perf/total_num_tokens:255616 - perf/time_per_step:186.91156792099355 - perf/throughput:683.7886034641992
[36m(TaskRunner pid=929411)[0m Dumped generations to /scratch/nkw3mr/Vision-OPD-OPSA/rollouts/OPSA-Qwen3.5-4B-think/40.jsonl
[36m(TaskRunner pid=929411)[0m local_global_step_folder: /scratch/nkw3mr/Vision-OPD-OPSA/checkpoints/OPSA-Qwen3.5-4B-think/global_step_40
[36m(TaskRunner pid=929411)[0m step:40 - global_seqlen/min:386682 - global_seqlen/max:386682 - global_seqlen/minmax_diff:0 - global_seqlen/balanced_min:386682 - global_seqlen/balanced_max:386682 - global_seqlen/mean:386682.0 - actor/entropy:0.02813505413786288 - perf/mfu/actor_infer:0 - opsa/selected_tokens:33669.0 - opsa/selected_fraction:0.19999762395528284 - opsa/advantage_mean:-0.5100035223425109 - opsa/sel_logp_mean:-0.57364984991758 - opsa/zero_sel_responses:0.0 - opsa/sel_entropy_mean:0.14292751252651215 - opsa/sel_entropy_max:7.143860816955566 - opsa/sel_entropy_min:0.0 - training/rollout_probs_diff_valid:1 - training/rollout_probs_diff_max:1.0 - training/rollout_probs_diff_mean:0.008604596368968487 - training/rollout_probs_diff_std:0.06558156758546829 - training/rollout_actor_probs_pearson_corr:0.39909547567367554 - rollout_corr/training_ppl:5.1800725997604864e+17 - rollout_corr/training_log_ppl:12.797606968662876 - rollout_corr/kl:12.697839828833821 - rollout_corr/k3_kl:12.428068754055857 - rollout_corr/rollout_ppl:1.1276739444583654 - rollout_corr/rollout_log_ppl:0.09976713861851749 - rollout_corr/log_ppl_diff:12.697839768254198 - rollout_corr/log_ppl_abs_diff:12.697839768254198 - rollout_corr/log_ppl_diff_max:44.084651947021484 - rollout_corr/log_ppl_diff_min:0.00597706064581871 - rollout_corr/ppl_ratio:3.594678374872842e+17 - rollout_corr/chi2_token:-0.22798791714012623 - rollout_corr/chi2_seq:-1.0 - actor/pg_loss:0.509192961268127 - actor/kl_loss:0.0 - actor/grpo_loss:0.0 - actor/vopd_loss:0.509192961268127 - actor/vopd_loss_weighted:0.509192961268127 - opsa/selection_level:1.0 - opsa/micro_selected_tokens:526.078125 - opsa/clipfrac:0.0 - self_distillation/num_distill_tokens:526.078125 - actor/grad_norm:399.42376708984375 - timing_s/update_actor/student_forward:26.2354772619874 - timing_s/update_actor/teacher_forward:0.0 - timing_s/update_actor/teacher_full_forward:0.0 - timing_s/update_actor/loss_compute:0.019988090978586115 - timing_s/update_actor/backward:66.82378168898867 - timing_s/update_actor/optimizer_step:0.08500461999210529 - timing_s/update_actor/teacher_ema_update:2.9269998776726425e-05 - perf/mfu/actor:0.0 - perf/max_memory_allocated_gb:81.5146484375 - perf/max_memory_reserved_gb:91.09375 - perf/cpu_memory_used_gb:253.93932723999023 - actor/lr:1e-06 - training/global_step:40 - training/epoch:1 - response_length/mean:2630.421875 - response_length/max:4096.0 - response_length/min:8.0 - response_length/clip_ratio:0.640625 - response_length_non_aborted/mean:2630.421875 - response_length_non_aborted/max:4096.0 - response_length_non_aborted/min:8.0 - response_length_non_aborted/clip_ratio:0.640625 - response/aborted_ratio:0.0 - prompt_length/mean:3411.484375 - prompt_length/max:4573.0 - prompt_length/min:3173.0 - prompt_length/clip_ratio:0.0 - num_turns/min:2 - num_turns/max:2 - num_turns/mean:2.0 - critic/advantages/mean:-0.10199949145317078 - critic/advantages/max:0.0 - critic/advantages/min:-1.0 - timing_s/start_profile:3.09730094159022e-05 - timing_s/agent_loop/generate_sequences/min:5.119213469995884 - timing_s/agent_loop/generate_sequences/max:65.24720557600085 - timing_s/agent_loop/generate_sequences/mean:43.878979072468155 - timing_s/agent_loop/tool_calls/min:0.0 - timing_s/agent_loop/tool_calls/max:0.0 - timing_s/agent_loop/tool_calls/mean:0.0 - timing_s/agent_loop/slowest/generate_sequences:65.24720557600085 - timing_s/agent_loop/slowest/tool_calls:0.0 - timing_s/agent_loop/slowest/prompt_length:3389 - timing_s/agent_loop/slowest/response_length:4096 - timing_s/gen:73.27243787400948 - timing_s/old_log_prob:30.853320647001965 - timing_s/adv:0.005207808004342951 - timing_s/update_actor:105.99699903099099 - timing_s/dump_rollout_generations:0.08237332699354738 - timing_s/step:210.2273412670038 - timing_s/save_checkpoint:22.288126104002004 - timing_s/stop_profile:2.954000956378877e-05 - timing_per_token_ms/update_actor:0.2741192996596454 - timing_per_token_ms/adv:1.3467934903468355e-05 - timing_per_token_ms/gen:0.43524647231022523 - perf/total_num_tokens:386682 - perf/time_per_step:210.2273412670038 - perf/throughput:919.6758082691208[36m(WorkerDict pid=942995)[0m /sfs/weka/scratch/nkw3mr/Vision-OPD-OPSA/verl/utils/device.py:134: FutureWarning: torch.cuda._set_allocator_settings is deprecated. Use torch._C._accelerator_setAllocatorSettings instead.
[36m(WorkerDict pid=942995)[0m   torch.cuda.memory._set_allocator_settings(f"expandable_segments:{enable}")
[36m(TaskRunner pid=929411)[0m Training Progress:  36%|███▌      | 41/114 [2:01:11<4:03:44, 200.33s/it]
[36m(WorkerDict pid=942993)[0m /sfs/weka/scratch/nkw3mr/Vision-OPD-OPSA/verl/utils/device.py:134: FutureWarning: torch.cuda._set_allocator_settings is deprecated. Use torch._C._accelerator_setAllocatorSettings instead.
[36m(WorkerDict pid=942993)[0m   torch.cuda.memory._set_allocator_settings(f"expandable_segments:{enable}")
[36m(TaskRunner pid=929411)[0m Training Progress:  37%|███▋      | 42/114 [2:04:59<4:10:40, 208.90s/it]

[36m(TaskRunner pid=929411)[0m Dumped generations to /scratch/nkw3mr/Vision-OPD-OPSA/rollouts/OPSA-Qwen3.5-4B-think/41.jsonl
[36m(TaskRunner pid=929411)[0m step:41 - global_seqlen/min:439288 - global_seqlen/max:439288 - global_seqlen/minmax_diff:0 - global_seqlen/balanced_min:439288 - global_seqlen/balanced_max:439288 - global_seqlen/mean:439288.0 - actor/entropy:0.02781874606019663 - perf/mfu/actor_infer:0 - opsa/selected_tokens:44271.0 - opsa/selected_fraction:0.19999819296430651 - opsa/advantage_mean:-0.5086772908619638 - opsa/sel_logp_mean:-0.2063974582683924 - opsa/zero_sel_responses:0.0 - opsa/sel_entropy_mean:0.12563517689704895 - opsa/sel_entropy_max:7.239307403564453 - opsa/sel_entropy_min:0.0 - training/rollout_probs_diff_valid:1 - training/rollout_probs_diff_max:1.0 - training/rollout_probs_diff_mean:0.005582431796938181 - training/rollout_probs_diff_std:0.04543399438261986 - training/rollout_actor_probs_pearson_corr:0.44672396779060364 - rollout_corr/training_ppl:3.672149603863914e+19 - rollout_corr/training_log_ppl:6.580558866815409 - rollout_corr/kl:6.516182102757739 - rollout_corr/k3_kl:6.3813030411656655 - rollout_corr/rollout_ppl:1.0859487187117338 - rollout_corr/rollout_log_ppl:0.06437695522959075 - rollout_corr/log_ppl_diff:6.516181864360988 - rollout_corr/log_ppl_abs_diff:6.516181864360988 - rollout_corr/log_ppl_diff_max:48.658294677734375 - rollout_corr/log_ppl_diff_min:0.0045118448324501514 - rollout_corr/ppl_ratio:2.4573573895515275e+19 - rollout_corr/chi2_token:-0.10124362725764513 - rollout_corr/chi2_seq:-1.0 - actor/pg_loss:0.5089879520237446 - actor/kl_loss:0.0 - actor/grpo_loss:0.0 - actor/vopd_loss:0.5089879520237446 - actor/vopd_loss_weighted:0.5089879520237446 - opsa/selection_level:1.0 - opsa/micro_selected_tokens:691.734375 - opsa/clipfrac:0.0 - self_distillation/num_distill_tokens:691.734375 - actor/grad_norm:269.9332275390625 - timing_s/update_actor/student_forward:27.143632494990015 - timing_s/update_actor/teacher_forward:0.0 - timing_s/update_actor/teacher_full_forward:0.0 - timing_s/update_actor/loss_compute:0.02020605899451766 - timing_s/update_actor/backward:69.7525777159317 - timing_s/update_actor/optimizer_step:0.08487416099524125 - timing_s/update_actor/teacher_ema_update:2.7918998966924846e-05 - perf/mfu/actor:0.0 - perf/max_memory_allocated_gb:81.5146484375 - perf/max_memory_reserved_gb:91.09375 - perf/cpu_memory_used_gb:254.24745559692383 - actor/lr:1e-06 - training/global_step:41 - training/epoch:1 - response_length/mean:3458.703125 - response_length/max:4096.0 - response_length/min:4.0 - response_length/clip_ratio:0.84375 - response_length_non_aborted/mean:3458.703125 - response_length_non_aborted/max:4096.0 - response_length_non_aborted/min:4.0 - response_length_non_aborted/clip_ratio:0.84375 - response/aborted_ratio:0.0 - prompt_length/mean:3405.171875 - prompt_length/max:4189.0 - prompt_length/min:3156.0 - prompt_length/clip_ratio:0.0 - num_turns/min:2 - num_turns/max:2 - num_turns/mean:2.0 - critic/advantages/mean:-0.10173454135656357 - critic/advantages/max:0.0 - critic/advantages/min:-1.0 - timing_s/start_profile:2.2922002244740725e-05 - timing_s/agent_loop/generate_sequences/min:6.073904131990275 - timing_s/agent_loop/generate_sequences/max:71.47634162400209 - timing_s/agent_loop/generate_sequences/mean:60.90106686312561 - timing_s/agent_loop/tool_calls/min:0.0 - timing_s/agent_loop/tool_calls/max:0.0 - timing_s/agent_loop/tool_calls/mean:0.0 - timing_s/agent_loop/slowest/generate_sequences:71.47634162400209 - timing_s/agent_loop/slowest/tool_calls:0.0 - timing_s/agent_loop/slowest/prompt_length:3341 - timing_s/agent_loop/slowest/response_length:4096 - timing_s/gen:79.10709666999173 - timing_s/old_log_prob:31.647536086995387 - timing_s/adv:0.0032320669997716323 - timing_s/update_actor:109.62352226101211 - timing_s/dump_rollout_generations:0.07529298000736162 - timing_s/step:220.47715629999584 - timing_s/stop_profile:2.604600740596652e-05 - timing_per_token_ms/update_actor:0.2495481831076927 - timing_per_token_ms/adv:7.357512610796635e-06 - timing_per_token_ms/gen:0.3573733682241435 - perf/total_num_tokens:439288 - perf/time_per_step:220.47715629999584 - perf/throughput:996.221121888645
[36m(TaskRunner pid=929411)[0m Dumped generations to /scratch/nkw3mr/Vision-OPD-OPSA/rollouts/OPSA-Qwen3.5-4B-think/42.jsonl
[36m(TaskRunner pid=929411)[0m step:42 - global_seqlen/min:473078 - global_seqlen/max:473078 - global_seqlen/minmax_diff:0 - global_seqlen/balanced_min:473078 - global_seqlen/balanced_max:473078 - global_seqlen/mean:473078.0 - actor/entropy:0.03154101776633844 - perf/mfu/actor_infer:0 - opsa/selected_tokens:50796.0 - opsa/selected_fraction:0.1999968501952879 - opsa/advantage_mean:-0.5096944918153005 - opsa/sel_logp_mean:-0.13000023993030949 - opsa/zero_sel_responses:0.0 - opsa/sel_entropy_mean:0.12908923625946045 - opsa/sel_entropy_max:6.657843589782715 - opsa/sel_entropy_min:0.0 - training/rollout_probs_diff_valid:1 - training/rollout_probs_diff_max:1.0 - training/rollout_probs_diff_mean:0.00616691168397665 - training/rollout_probs_diff_std:0.04494718089699745 - training/rollout_actor_probs_pearson_corr:0.42895522713661194 - rollout_corr/training_ppl:2.3324310386193203e+17 - rollout_corr/training_log_ppl:1.3778576360709849 - rollout_corr/kl:1.361634990076709 - rollout_corr/k3_kl:1.3295654514076887 - rollout_corr/rollout_ppl:1.0206804014742374 - rollout_corr/rollout_log_ppl:0.01622260340772641 - rollout_corr/log_ppl_diff:1.361634989756567 - rollout_corr/log_ppl_abs_diff:1.361634989756567 - rollout_corr/log_ppl_diff_max:43.30439376831055 - rollout_corr/log_ppl_diff_min:0.004023551940917969 - rollout_corr/ppl_ratio:1.4995882608951296e+17 - rollout_corr/chi2_token:-0.03535786271095276 - rollout_corr/chi2_seq:-1.0 - actor/pg_loss:0.5180409085005522 - actor/kl_loss:0.0 - actor/grpo_loss:0.0 - actor/vopd_loss:0.5180409085005522 - actor/vopd_loss_weighted:0.5180409085005522 - opsa/selection_level:1.0 - opsa/micro_selected_tokens:793.6875 - opsa/clipfrac:0.0 - self_distillation/num_distill_tokens:793.6875 - actor/grad_norm:239.34642028808594 - timing_s/update_actor/student_forward:27.88153641797544 - timing_s/update_actor/teacher_forward:0.0 - timing_s/update_actor/teacher_full_forward:0.0 - timing_s/update_actor/loss_compute:0.020697504995041527 - timing_s/update_actor/backward:71.90325024294725 - timing_s/update_actor/optimizer_step:0.08524696200038306 - timing_s/update_actor/teacher_ema_update:4.05249884352088e-05 - perf/mfu/actor:0.0 - perf/max_memory_allocated_gb:81.5146484375 - perf/max_memory_reserved_gb:91.09375 - perf/cpu_memory_used_gb:253.9701042175293 - actor/lr:1e-06 - training/global_step:42 - training/epoch:1 - response_length/mean:3968.5 - response_length/max:4096.0 - response_length/min:13.0 - response_length/clip_ratio:0.96875 - response_length_non_aborted/mean:3968.5 - response_length_non_aborted/max:4096.0 - response_length_non_aborted/min:13.0 - response_length_non_aborted/clip_ratio:0.96875 - response/aborted_ratio:0.0 - prompt_length/mean:3423.34375 - prompt_length/max:4475.0 - prompt_length/min:3109.0 - prompt_length/clip_ratio:0.0 - num_turns/min:2 - num_turns/max:2 - num_turns/mean:2.0 - critic/advantages/mean:-0.10193729400634766 - critic/advantages/max:0.0 - critic/advantages/min:-1.0 - timing_s/start_profile:2.7097004931420088e-05 - timing_s/agent_loop/generate_sequences/min:6.724992155999644 - timing_s/agent_loop/generate_sequences/max:75.88760169300076 - timing_s/agent_loop/generate_sequences/mean:72.87676167092081 - timing_s/agent_loop/tool_calls/min:0.0 - timing_s/agent_loop/tool_calls/max:0.0 - timing_s/agent_loop/tool_calls/mean:0.0 - timing_s/agent_loop/slowest/generate_sequences:75.88760169300076 - timing_s/agent_loop/slowest/tool_calls:0.0 - timing_s/agent_loop/slowest/prompt_length:3155 - timing_s/agent_loop/slowest/response_length:4096 - timing_s/gen:83.21235511099803 - timing_s/old_log_prob:31.953048139999737 - timing_s/adv:0.0030821399996057153 - timing_s/update_actor:113.48618663899833 - timing_s/dump_rollout_generations:0.07467053399886936 - timing_s/step:228.74848776400904 - timing_s/stop_profile:2.6676993002183735e-05 - timing_per_token_ms/update_actor:0.23988895412384076 - timing_per_token_ms/adv:6.515077851021851e-06 - timing_per_token_ms/gen:0.3276283352927666 - perf/total_num_tokens:473078 - perf/time_per_step:228.74848776400904 - perf/throughput:1034.057109238808[36m(TaskRunner pid=929411)[0m Training Progress:  38%|███▊      | 43/114 [2:08:49<4:14:41, 215.24s/it]
[36m(TaskRunner pid=929411)[0m Training Progress:  39%|███▊      | 44/114 [2:12:39<4:16:10, 219.58s/it]

[36m(TaskRunner pid=929411)[0m Dumped generations to /scratch/nkw3mr/Vision-OPD-OPSA/rollouts/OPSA-Qwen3.5-4B-think/43.jsonl
[36m(TaskRunner pid=929411)[0m step:43 - global_seqlen/min:482375 - global_seqlen/max:482375 - global_seqlen/minmax_diff:0 - global_seqlen/balanced_min:482375 - global_seqlen/balanced_max:482375 - global_seqlen/mean:482375.0 - actor/entropy:0.019417279181652702 - perf/mfu/actor_infer:0 - opsa/selected_tokens:52428.0 - opsa/selected_fraction:0.1999969482421875 - opsa/advantage_mean:-0.5056444969768062 - opsa/sel_logp_mean:-0.21237235470550087 - opsa/zero_sel_responses:0.0 - opsa/sel_entropy_mean:0.07547453790903091 - opsa/sel_entropy_max:6.685604095458984 - opsa/sel_entropy_min:0.0 - training/rollout_probs_diff_valid:1 - training/rollout_probs_diff_max:1.0 - training/rollout_probs_diff_mean:0.004935403820127249 - training/rollout_probs_diff_std:0.04887890815734863 - training/rollout_actor_probs_pearson_corr:0.28136396408081055 - rollout_corr/training_ppl:1.1446858029812574 - rollout_corr/training_log_ppl:0.042979534016922116 - rollout_corr/kl:0.042275574669474736 - rollout_corr/k3_kl:0.03749859812887735 - rollout_corr/rollout_ppl:1.0007044486701488 - rollout_corr/rollout_log_ppl:0.0007039551793326382 - rollout_corr/log_ppl_diff:0.04227557844569674 - rollout_corr/log_ppl_abs_diff:0.04227557844569674 - rollout_corr/log_ppl_diff_max:2.280778646469116 - rollout_corr/log_ppl_diff_min:0.004025517031550407 - rollout_corr/ppl_ratio:1.1439255438745022 - rollout_corr/chi2_token:-0.006625513546168804 - rollout_corr/chi2_seq:-1.0 - actor/pg_loss:0.5106118647381663 - actor/kl_loss:0.0 - actor/grpo_loss:0.0 - actor/vopd_loss:0.5106118647381663 - actor/vopd_loss_weighted:0.5106118647381663 - opsa/selection_level:1.0 - opsa/micro_selected_tokens:819.1875 - opsa/clipfrac:0.0 - self_distillation/num_distill_tokens:819.1875 - actor/grad_norm:138.46978759765625 - timing_s/update_actor/student_forward:27.997297590976814 - timing_s/update_actor/teacher_forward:0.0 - timing_s/update_actor/teacher_full_forward:0.0 - timing_s/update_actor/loss_compute:0.019670040026539937 - timing_s/update_actor/backward:72.8247613079293 - timing_s/update_actor/optimizer_step:0.08487819599395152 - timing_s/update_actor/teacher_ema_update:3.054201079066843e-05 - perf/mfu/actor:0.0 - perf/max_memory_allocated_gb:81.5146484375 - perf/max_memory_reserved_gb:91.09375 - perf/cpu_memory_used_gb:253.92779159545898 - actor/lr:1e-06 - training/global_step:43 - training/epoch:1 - response_length/mean:4096.0 - response_length/max:4096.0 - response_length/min:4096.0 - response_length/clip_ratio:1.0 - response_length_non_aborted/mean:4096.0 - response_length_non_aborted/max:4096.0 - response_length_non_aborted/min:4096.0 - response_length_non_aborted/clip_ratio:1.0 - response/aborted_ratio:0.0 - prompt_length/mean:3441.109375 - prompt_length/max:4850.0 - prompt_length/min:3297.0 - prompt_length/clip_ratio:0.0 - num_turns/min:2 - num_turns/max:2 - num_turns/mean:2.0 - critic/advantages/mean:-0.10112735629081726 - critic/advantages/max:0.0 - critic/advantages/min:-1.0 - timing_s/start_profile:2.1769999875687063e-05 - timing_s/agent_loop/generate_sequences/min:75.02382149201003 - timing_s/agent_loop/generate_sequences/max:76.29336941000656 - timing_s/agent_loop/generate_sequences/mean:75.58751041912433 - timing_s/agent_loop/tool_calls/min:0.0 - timing_s/agent_loop/tool_calls/max:0.0 - timing_s/agent_loop/tool_calls/mean:0.0 - timing_s/agent_loop/slowest/generate_sequences:76.29336941000656 - timing_s/agent_loop/slowest/tool_calls:0.0 - timing_s/agent_loop/slowest/prompt_length:3345 - timing_s/agent_loop/slowest/response_length:4096 - timing_s/gen:84.08613021099882 - timing_s/old_log_prob:31.853672887998982 - timing_s/adv:0.0032457049965159968 - timing_s/update_actor:113.86325793300057 - timing_s/dump_rollout_generations:0.08449690300039947 - timing_s/step:229.9074827430013 - timing_s/stop_profile:2.6376001187600195e-05 - timing_per_token_ms/update_actor:0.23604717892303823 - timing_per_token_ms/adv:6.728592892492349e-06 - timing_per_token_ms/gen:0.3207631309928849 - perf/total_num_tokens:482375 - perf/time_per_step:229.9074827430013 - perf/throughput:1049.0632889474412
[36m(TaskRunner pid=929411)[0m Dumped generations to /scratch/nkw3mr/Vision-OPD-OPSA/rollouts/OPSA-Qwen3.5-4B-think/44.jsonl
[36m(TaskRunner pid=929411)[0m step:44 - global_seqlen/min:480756 - global_seqlen/max:480756 - global_seqlen/minmax_diff:0 - global_seqlen/balanced_min:480756 - global_seqlen/balanced_max:480756 - global_seqlen/mean:480756.0 - actor/entropy:0.019858520914567634 - perf/mfu/actor_infer:0 - opsa/selected_tokens:52428.0 - opsa/selected_fraction:0.1999969482421875 - opsa/advantage_mean:-0.5063587577844854 - opsa/sel_logp_mean:-1.1991378354600595 - opsa/zero_sel_responses:0.0 - opsa/sel_entropy_mean:0.08022884279489517 - opsa/sel_entropy_max:6.308511734008789 - opsa/sel_entropy_min:0.0 - training/rollout_probs_diff_valid:1 - training/rollout_probs_diff_max:1.0 - training/rollout_probs_diff_mean:0.016689442098140717 - training/rollout_probs_diff_std:0.12145528197288513 - training/rollout_actor_probs_pearson_corr:0.09914402663707733 - rollout_corr/training_ppl:2540.7464051283896 - rollout_corr/training_log_ppl:0.24025331532902783 - rollout_corr/kl:0.23974454095150577 - rollout_corr/k3_kl:0.22312878450247808 - rollout_corr/rollout_ppl:1.000509137287736 - rollout_corr/rollout_log_ppl:0.000508769925711583 - rollout_corr/log_ppl_diff:0.2397445520546171 - rollout_corr/log_ppl_abs_diff:0.2397445520546171 - rollout_corr/log_ppl_diff_max:11.998305320739746 - rollout_corr/log_ppl_diff_min:0.004420371726155281 - rollout_corr/ppl_ratio:2540.0266125015914 - rollout_corr/chi2_token:-0.018071988597512245 - rollout_corr/chi2_seq:-1.0 - actor/pg_loss:0.5095774894580245 - actor/kl_loss:0.0 - actor/grpo_loss:0.0 - actor/vopd_loss:0.5095774894580245 - actor/vopd_loss_weighted:0.5095774894580245 - opsa/selection_level:1.0 - opsa/micro_selected_tokens:819.1875 - opsa/clipfrac:0.0 - self_distillation/num_distill_tokens:819.1875 - actor/grad_norm:130.6376190185547 - timing_s/update_actor/student_forward:28.00736816493736 - timing_s/update_actor/teacher_forward:0.0 - timing_s/update_actor/teacher_full_forward:0.0 - timing_s/update_actor/loss_compute:0.02227082403260283 - timing_s/update_actor/backward:72.46772584400605 - timing_s/update_actor/optimizer_step:0.08555291300581302 - timing_s/update_actor/teacher_ema_update:3.407700569368899e-05 - perf/mfu/actor:0.0 - perf/max_memory_allocated_gb:81.5146484375 - perf/max_memory_reserved_gb:91.09375 - perf/cpu_memory_used_gb:254.00571060180664 - actor/lr:1e-06 - training/global_step:44 - training/epoch:1 - response_length/mean:4096.0 - response_length/max:4096.0 - response_length/min:4096.0 - response_length/clip_ratio:1.0 - response_length_non_aborted/mean:4096.0 - response_length_non_aborted/max:4096.0 - response_length_non_aborted/min:4096.0 - response_length_non_aborted/clip_ratio:1.0 - response/aborted_ratio:0.0 - prompt_length/mean:3415.8125 - prompt_length/max:4564.0 - prompt_length/min:3203.0 - prompt_length/clip_ratio:0.0 - num_turns/min:2 - num_turns/max:2 - num_turns/mean:2.0 - critic/advantages/mean:-0.10127020627260208 - critic/advantages/max:0.0 - critic/advantages/min:-1.0 - timing_s/start_profile:2.609600778669119e-05 - timing_s/agent_loop/generate_sequences/min:75.03692861899617 - timing_s/agent_loop/generate_sequences/max:76.41215453200857 - timing_s/agent_loop/generate_sequences/mean:75.61955314697002 - timing_s/agent_loop/tool_calls/min:0.0 - timing_s/agent_loop/tool_calls/max:0.0 - timing_s/agent_loop/tool_calls/mean:0.0 - timing_s/agent_loop/slowest/generate_sequences:76.41215453200857 - timing_s/agent_loop/slowest/tool_calls:0.0 - timing_s/agent_loop/slowest/prompt_length:3345 - timing_s/agent_loop/slowest/response_length:4096 - timing_s/gen:84.2166305520077 - timing_s/old_log_prob:31.95091692999995 - timing_s/adv:0.0027096889971289784 - timing_s/update_actor:113.32251377099601 - timing_s/dump_rollout_generations:0.0741358209925238 - timing_s/step:229.58091088500805 - timing_s/stop_profile:2.3922999389469624e-05 - timing_per_token_ms/update_actor:0.2357173155841966 - timing_per_token_ms/adv:5.636308225230634e-06 - timing_per_token_ms/gen:0.3212609502868946 - perf/total_num_tokens:480756 - perf/time_per_step:229.58091088500805 - perf/throughput:1047.0295595281436[36m(TaskRunner pid=929411)[0m Training Progress:  39%|███▉      | 45/114 [2:18:04<4:48:45, 251.09s/it]
[36m(TaskRunner pid=929411)[0m Training Progress:  40%|████      | 46/114 [2:23:18<5:06:10, 270.15s/it]

[36m(TaskRunner pid=929411)[0m Dumped generations to /scratch/nkw3mr/Vision-OPD-OPSA/rollouts/OPSA-Qwen3.5-4B-think/45.jsonl
[36m(TaskRunner pid=929411)[0m step:45 - global_seqlen/min:474122 - global_seqlen/max:474122 - global_seqlen/minmax_diff:0 - global_seqlen/balanced_min:474122 - global_seqlen/balanced_max:474122 - global_seqlen/mean:474122.0 - actor/entropy:0.2584592656469056 - perf/mfu/actor_infer:0 - opsa/selected_tokens:51614.0 - opsa/selected_fraction:0.1999992250194714 - opsa/advantage_mean:-0.5641622412887007 - opsa/sel_logp_mean:-5.500556413957454 - opsa/zero_sel_responses:0.0 - opsa/sel_entropy_mean:0.7355508804321289 - opsa/sel_entropy_max:5.731959342956543 - opsa/sel_entropy_min:0.0 - training/rollout_probs_diff_valid:1 - training/rollout_probs_diff_max:0.9999999403953552 - training/rollout_probs_diff_mean:0.3220338523387909 - training/rollout_probs_diff_std:0.4608510136604309 - training/rollout_actor_probs_pearson_corr:0.02218235656619072 - rollout_corr/training_ppl:149757558798.6617 - rollout_corr/training_log_ppl:2.0327276707685087 - rollout_corr/kl:2.0290476615336956 - rollout_corr/k3_kl:1.7048856231667742 - rollout_corr/rollout_ppl:1.0037715025246143 - rollout_corr/rollout_log_ppl:0.003680036087246208 - rollout_corr/log_ppl_diff:2.0290476354639395 - rollout_corr/log_ppl_abs_diff:2.0290476354639395 - rollout_corr/log_ppl_diff_max:29.787059783935547 - rollout_corr/log_ppl_diff_min:0.004397215321660042 - rollout_corr/ppl_ratio:134950879246.62285 - rollout_corr/chi2_token:-0.3006083806976676 - rollout_corr/chi2_seq:-1.0 - actor/pg_loss:0.5994405653327703 - actor/kl_loss:0.0 - actor/grpo_loss:0.0 - actor/vopd_loss:0.5994405653327703 - actor/vopd_loss_weighted:0.5994405653327703 - opsa/selection_level:1.0 - opsa/micro_selected_tokens:806.46875 - opsa/clipfrac:0.0 - self_distillation/num_distill_tokens:806.46875 - actor/grad_norm:432.389404296875 - timing_s/update_actor/student_forward:51.098183424022864 - timing_s/update_actor/teacher_forward:0.0 - timing_s/update_actor/teacher_full_forward:0.0 - timing_s/update_actor/loss_compute:0.18329410201113205 - timing_s/update_actor/backward:131.95122609302052 - timing_s/update_actor/optimizer_step:0.08534299398888834 - timing_s/update_actor/teacher_ema_update:2.7287998818792403e-05 - perf/mfu/actor:0.0 - perf/max_memory_allocated_gb:81.5146484375 - perf/max_memory_reserved_gb:91.09375 - perf/cpu_memory_used_gb:254.12074661254883 - actor/lr:1e-06 - training/global_step:45 - training/epoch:1 - response_length/mean:4032.359375 - response_length/max:4096.0 - response_length/min:23.0 - response_length/clip_ratio:0.984375 - response_length_non_aborted/mean:4032.359375 - response_length_non_aborted/max:4096.0 - response_length_non_aborted/min:23.0 - response_length_non_aborted/clip_ratio:0.984375 - response/aborted_ratio:0.0 - prompt_length/mean:3375.796875 - prompt_length/max:3956.0 - prompt_length/min:3153.0 - prompt_length/clip_ratio:0.0 - num_turns/min:2 - num_turns/max:2 - num_turns/mean:2.0 - critic/advantages/mean:-0.11283200979232788 - critic/advantages/max:0.0 - critic/advantages/min:-1.0 - timing_s/start_profile:3.355700755491853e-05 - timing_s/agent_loop/generate_sequences/min:6.589024610992055 - timing_s/agent_loop/generate_sequences/max:76.5147715540079 - timing_s/agent_loop/generate_sequences/mean:74.92191153334375 - timing_s/agent_loop/tool_calls/min:0.0 - timing_s/agent_loop/tool_calls/max:0.0 - timing_s/agent_loop/tool_calls/mean:0.0 - timing_s/agent_loop/slowest/generate_sequences:76.5147715540079 - timing_s/agent_loop/slowest/tool_calls:0.0 - timing_s/agent_loop/slowest/prompt_length:3342 - timing_s/agent_loop/slowest/response_length:4096 - timing_s/gen:83.87137317399902 - timing_s/old_log_prob:37.55608023199602 - timing_s/adv:0.0034115320013370365 - timing_s/update_actor:202.95739919799962 - timing_s/dump_rollout_generations:0.07950916599656921 - timing_s/step:324.4834897260007 - timing_s/stop_profile:2.777799090836197e-05 - timing_per_token_ms/update_actor:0.428069988732857 - timing_per_token_ms/adv:7.195472897982031e-06 - timing_per_token_ms/gen:0.32499340558993073 - perf/total_num_tokens:474122 - perf/time_per_step:324.4834897260007 - perf/throughput:730.5795441246588
[36m(TaskRunner pid=929411)[0m Dumped generations to /scratch/nkw3mr/Vision-OPD-OPSA/rollouts/OPSA-Qwen3.5-4B-think/46.jsonl
[36m(TaskRunner pid=929411)[0m step:46 - global_seqlen/min:481746 - global_seqlen/max:481746 - global_seqlen/minmax_diff:0 - global_seqlen/balanced_min:481746 - global_seqlen/balanced_max:481746 - global_seqlen/mean:481746.0 - actor/entropy:0.585229758391506 - perf/mfu/actor_infer:0 - opsa/selected_tokens:52428.0 - opsa/selected_fraction:0.1999969482421875 - opsa/advantage_mean:-0.5582172664177538 - opsa/sel_logp_mean:-6.812010042343786 - opsa/zero_sel_responses:0.0 - opsa/sel_entropy_mean:0.7536455988883972 - opsa/sel_entropy_max:6.472700119018555 - opsa/sel_entropy_min:0.0 - training/rollout_probs_diff_valid:1 - training/rollout_probs_diff_max:1.0 - training/rollout_probs_diff_mean:0.8032781481742859 - training/rollout_probs_diff_std:0.3909473419189453 - training/rollout_actor_probs_pearson_corr:-0.019447270780801773 - rollout_corr/training_ppl:152.34490831196308 - rollout_corr/training_log_ppl:4.42989571516955 - rollout_corr/kl:4.429147681796167 - rollout_corr/k3_kl:3.6297513696299575 - rollout_corr/rollout_ppl:1.0007494501769543 - rollout_corr/rollout_log_ppl:0.0007480994382311756 - rollout_corr/log_ppl_diff:4.429147625909536 - rollout_corr/log_ppl_abs_diff:4.429147625909536 - rollout_corr/log_ppl_diff_max:7.80547571182251 - rollout_corr/log_ppl_diff_min:0.006482122931629419 - rollout_corr/ppl_ratio:152.0800968669355 - rollout_corr/chi2_token:2.295498352497816 - rollout_corr/chi2_seq:-1.0 - actor/pg_loss:0.5681896423920989 - actor/kl_loss:0.0 - actor/grpo_loss:0.0 - actor/vopd_loss:0.5681896423920989 - actor/vopd_loss_weighted:0.5681896423920989 - opsa/selection_level:1.0 - opsa/micro_selected_tokens:819.1875 - opsa/clipfrac:0.0 - self_distillation/num_distill_tokens:819.1875 - actor/grad_norm:670.9017944335938 - timing_s/update_actor/student_forward:37.8418953869259 - timing_s/update_actor/teacher_forward:0.0 - timing_s/update_actor/teacher_full_forward:0.0 - timing_s/update_actor/loss_compute:0.08476387690461706 - timing_s/update_actor/backward:92.81529175392643 - timing_s/update_actor/optimizer_step:0.08500001499487553 - timing_s/update_actor/teacher_ema_update:5.12100086780265e-05 - perf/mfu/actor:0.0 - perf/max_memory_allocated_gb:81.7646255493164 - perf/max_memory_reserved_gb:91.09375 - perf/cpu_memory_used_gb:254.42516326904297 - actor/lr:1e-06 - training/global_step:46 - training/epoch:1 - response_length/mean:4096.0 - response_length/max:4096.0 - response_length/min:4096.0 - response_length/clip_ratio:1.0 - response_length_non_aborted/mean:4096.0 - response_length_non_aborted/max:4096.0 - response_length_non_aborted/min:4096.0 - response_length_non_aborted/clip_ratio:1.0 - response/aborted_ratio:0.0 - prompt_length/mean:3431.28125 - prompt_length/max:5885.0 - prompt_length/min:3202.0 - prompt_length/clip_ratio:0.0 - num_turns/min:2 - num_turns/max:2 - num_turns/mean:2.0 - critic/advantages/mean:-0.11164174973964691 - critic/advantages/max:0.0 - critic/advantages/min:-1.0 - timing_s/start_profile:3.425699833314866e-05 - timing_s/agent_loop/generate_sequences/min:91.43906980699103 - timing_s/agent_loop/generate_sequences/max:99.70268014199974 - timing_s/agent_loop/generate_sequences/mean:95.5074373406253 - timing_s/agent_loop/tool_calls/min:0.0 - timing_s/agent_loop/tool_calls/max:0.0 - timing_s/agent_loop/tool_calls/mean:0.0 - timing_s/agent_loop/slowest/generate_sequences:99.70268014199974 - timing_s/agent_loop/slowest/tool_calls:0.0 - timing_s/agent_loop/slowest/prompt_length:3347 - timing_s/agent_loop/slowest/response_length:4096 - timing_s/gen:108.73669500900724 - timing_s/old_log_prob:58.807225576005294 - timing_s/adv:0.002795777007122524 - timing_s/update_actor:146.92938315200445 - timing_s/dump_rollout_generations:0.0737982889986597 - timing_s/step:314.5642045909917 - timing_s/stop_profile:3.077300789300352e-05 - timing_per_token_ms/update_actor:0.30499346782745357 - timing_per_token_ms/adv:5.803425471353211e-06 - timing_per_token_ms/gen:0.4147975731239595 - perf/total_num_tokens:481746 - perf/time_per_step:314.5642045909917 - perf/throughput:765.7355683975301[36m(TaskRunner pid=929411)[0m Training Progress:  41%|████      | 47/114 [2:28:32<5:16:20, 283.29s/it]
[36m(TaskRunner pid=929411)[0m Training Progress:  42%|████▏     | 48/114 [2:32:18<4:52:38, 266.03s/it]

[36m(TaskRunner pid=929411)[0m Dumped generations to /scratch/nkw3mr/Vision-OPD-OPSA/rollouts/OPSA-Qwen3.5-4B-think/47.jsonl
[36m(TaskRunner pid=929411)[0m step:47 - global_seqlen/min:481320 - global_seqlen/max:481320 - global_seqlen/minmax_diff:0 - global_seqlen/balanced_min:481320 - global_seqlen/balanced_max:481320 - global_seqlen/mean:481320.0 - actor/entropy:0.39405841974075884 - perf/mfu/actor_infer:0 - opsa/selected_tokens:52428.0 - opsa/selected_fraction:0.1999969482421875 - opsa/advantage_mean:-0.5239242538576715 - opsa/sel_logp_mean:-9.747960297932403 - opsa/zero_sel_responses:2.0 - opsa/sel_entropy_mean:0.5024144053459167 - opsa/sel_entropy_max:7.077983856201172 - opsa/sel_entropy_min:0.17197227478027344 - training/rollout_probs_diff_valid:1 - training/rollout_probs_diff_max:1.0 - training/rollout_probs_diff_mean:0.88400799036026 - training/rollout_probs_diff_std:0.3198589086532593 - training/rollout_actor_probs_pearson_corr:-0.010792912915349007 - rollout_corr/training_ppl:3213.66966801323 - rollout_corr/training_log_ppl:7.840422881345148 - rollout_corr/kl:7.840240505430117 - rollout_corr/k3_kl:6.956233427485131 - rollout_corr/rollout_ppl:1.0001825243234634 - rollout_corr/rollout_log_ppl:0.0001823895012481036 - rollout_corr/log_ppl_diff:7.840240527796411 - rollout_corr/log_ppl_abs_diff:7.840240939948856 - rollout_corr/log_ppl_diff_max:8.531266212463379 - rollout_corr/log_ppl_diff_min:-1.3188878256187309e-05 - rollout_corr/ppl_ratio:3213.1905944449827 - rollout_corr/chi2_token:-0.8842104328796268 - rollout_corr/chi2_seq:-0.9825922511518002 - actor/pg_loss:0.5091789849102497 - actor/kl_loss:0.0 - actor/grpo_loss:0.0 - actor/vopd_loss:0.5091789849102497 - actor/vopd_loss_weighted:0.5091789849102497 - opsa/selection_level:1.0 - opsa/micro_selected_tokens:819.1875 - opsa/clipfrac:0.0 - self_distillation/num_distill_tokens:819.1875 - actor/grad_norm:822.3983764648438 - timing_s/update_actor/student_forward:38.94317258003866 - timing_s/update_actor/teacher_forward:0.0 - timing_s/update_actor/teacher_full_forward:0.0 - timing_s/update_actor/loss_compute:0.09991260805691127 - timing_s/update_actor/backward:95.6888988030405 - timing_s/update_actor/optimizer_step:0.08480642900394741 - timing_s/update_actor/teacher_ema_update:2.6747002266347408e-05 - perf/mfu/actor:0.0 - perf/max_memory_allocated_gb:82.0756196975708 - perf/max_memory_reserved_gb:91.09375 - perf/cpu_memory_used_gb:254.7962760925293 - actor/lr:1e-06 - training/global_step:47 - training/epoch:1 - response_length/mean:4096.0 - response_length/max:4096.0 - response_length/min:4096.0 - response_length/clip_ratio:1.0 - response_length_non_aborted/mean:4096.0 - response_length_non_aborted/max:4096.0 - response_length_non_aborted/min:4096.0 - response_length_non_aborted/clip_ratio:1.0 - response/aborted_ratio:0.0 - prompt_length/mean:3424.625 - prompt_length/max:6138.0 - prompt_length/min:3297.0 - prompt_length/clip_ratio:0.0 - num_turns/min:2 - num_turns/max:2 - num_turns/mean:2.0 - critic/advantages/mean:-0.10478325188159943 - critic/advantages/max:0.0 - critic/advantages/min:-1.0 - timing_s/start_profile:5.3373994887806475e-05 - timing_s/agent_loop/generate_sequences/min:98.78740782399836 - timing_s/agent_loop/generate_sequences/max:101.12742651799635 - timing_s/agent_loop/generate_sequences/mean:99.95162914098546 - timing_s/agent_loop/tool_calls/min:0.0 - timing_s/agent_loop/tool_calls/max:0.0 - timing_s/agent_loop/tool_calls/mean:0.0 - timing_s/agent_loop/slowest/generate_sequences:101.12742651799635 - timing_s/agent_loop/slowest/tool_calls:0.0 - timing_s/agent_loop/slowest/prompt_length:3341 - timing_s/agent_loop/slowest/response_length:4096 - timing_s/gen:110.63426816900028 - timing_s/old_log_prob:52.48050379300548 - timing_s/adv:0.0031027080112835392 - timing_s/update_actor:150.5608384310035 - timing_s/dump_rollout_generations:0.07795606598665472 - timing_s/step:313.7769333529868 - timing_s/stop_profile:2.5986009859479964e-05 - timing_per_token_ms/update_actor:0.31280819087302314 - timing_per_token_ms/adv:6.446247841942033e-06 - timing_per_token_ms/gen:0.42203624026870834 - perf/total_num_tokens:481320 - perf/time_per_step:313.7769333529868 - perf/throughput:766.9779847369051
[36m(TaskRunner pid=929411)[0m Dumped generations to /scratch/nkw3mr/Vision-OPD-OPSA/rollouts/OPSA-Qwen3.5-4B-think/48.jsonl
[36m(TaskRunner pid=929411)[0m step:48 - global_seqlen/min:479577 - global_seqlen/max:479577 - global_seqlen/minmax_diff:0 - global_seqlen/balanced_min:479577 - global_seqlen/balanced_max:479577 - global_seqlen/mean:479577.0 - actor/entropy:0.05806678872613702 - perf/mfu/actor_infer:0 - opsa/selected_tokens:52428.0 - opsa/selected_fraction:0.1999969482421875 - opsa/advantage_mean:-0.5089492524271382 - opsa/sel_logp_mean:-15.281872281986725 - opsa/zero_sel_responses:0.0 - opsa/sel_entropy_mean:0.07008089125156403 - opsa/sel_entropy_max:3.915456771850586 - opsa/sel_entropy_min:0.0 - training/rollout_probs_diff_valid:1 - training/rollout_probs_diff_max:1.0 - training/rollout_probs_diff_mean:0.898470938205719 - training/rollout_probs_diff_std:0.3019962012767792 - training/rollout_actor_probs_pearson_corr:-0.01291890349239111 - rollout_corr/training_ppl:351100.8194418419 - rollout_corr/training_log_ppl:12.557632846524939 - rollout_corr/kl:12.557565482216887 - rollout_corr/k3_kl:11.659108685416868 - rollout_corr/rollout_ppl:1.0000673308968544 - rollout_corr/rollout_log_ppl:6.731535186521587e-05 - rollout_corr/log_ppl_diff:12.557565541792428 - rollout_corr/log_ppl_abs_diff:12.557565541792428 - rollout_corr/log_ppl_diff_max:13.56899356842041 - rollout_corr/log_ppl_diff_min:0.022102465853095055 - rollout_corr/ppl_ratio:351074.0086499769 - rollout_corr/chi2_token:-0.8984443945810199 - rollout_corr/chi2_seq:-1.0 - actor/pg_loss:0.5092102568596601 - actor/kl_loss:0.0 - actor/grpo_loss:0.0 - actor/vopd_loss:0.5092102568596601 - actor/vopd_loss_weighted:0.5092102568596601 - opsa/selection_level:1.0 - opsa/micro_selected_tokens:819.1875 - opsa/clipfrac:0.0 - self_distillation/num_distill_tokens:819.1875 - actor/grad_norm:1011.662109375 - timing_s/update_actor/student_forward:28.81136994397093 - timing_s/update_actor/teacher_forward:0.0 - timing_s/update_actor/teacher_full_forward:0.0 - timing_s/update_actor/loss_compute:0.023247377932420932 - timing_s/update_actor/backward:72.12041680395487 - timing_s/update_actor/optimizer_step:0.08525497400842141 - timing_s/update_actor/teacher_ema_update:3.265499253757298e-05 - perf/mfu/actor:0.0 - perf/max_memory_allocated_gb:82.0756196975708 - perf/max_memory_reserved_gb:91.09375 - perf/cpu_memory_used_gb:254.2447853088379 - actor/lr:1e-06 - training/global_step:48 - training/epoch:1 - response_length/mean:4096.0 - response_length/max:4096.0 - response_length/min:4096.0 - response_length/clip_ratio:1.0 - response_length_non_aborted/mean:4096.0 - response_length_non_aborted/max:4096.0 - response_length_non_aborted/min:4096.0 - response_length_non_aborted/clip_ratio:1.0 - response/aborted_ratio:0.0 - prompt_length/mean:3397.390625 - prompt_length/max:4289.0 - prompt_length/min:3253.0 - prompt_length/clip_ratio:0.0 - num_turns/min:2 - num_turns/max:2 - num_turns/mean:2.0 - critic/advantages/mean:-0.10178829729557037 - critic/advantages/max:0.0 - critic/advantages/min:-1.0 - timing_s/start_profile:7.919900235719979e-05 - timing_s/agent_loop/generate_sequences/min:76.5632106539997 - timing_s/agent_loop/generate_sequences/max:77.70709001200157 - timing_s/agent_loop/generate_sequences/mean:77.08062871659195 - timing_s/agent_loop/tool_calls/min:0.0 - timing_s/agent_loop/tool_calls/max:0.0 - timing_s/agent_loop/tool_calls/mean:0.0 - timing_s/agent_loop/slowest/generate_sequences:77.70709001200157 - timing_s/agent_loop/slowest/tool_calls:0.0 - timing_s/agent_loop/slowest/prompt_length:3342 - timing_s/agent_loop/slowest/response_length:4096 - timing_s/gen:84.24159702600446 - timing_s/old_log_prob:29.80553145200247 - timing_s/adv:0.002812219987390563 - timing_s/update_actor:111.48082031699596 - timing_s/dump_rollout_generations:0.07263523299479857 - timing_s/step:225.61714194499655 - timing_s/stop_profile:2.376300108153373e-05 - timing_per_token_ms/update_actor:0.23245656133842107 - timing_per_token_ms/adv:5.863959254490025e-06 - timing_per_token_ms/gen:0.32135618982698233 - perf/total_num_tokens:479577 - perf/time_per_step:225.61714194499655 - perf/throughput:1062.8115307765856[36m(TaskRunner pid=929411)[0m Training Progress:  43%|████▎     | 49/114 [2:36:03<4:34:46, 253.64s/it]
[36m(TaskRunner pid=929411)[0m Training Progress:  44%|████▍     | 50/114 [2:40:12<4:29:01, 252.21s/it]

[36m(TaskRunner pid=929411)[0m Dumped generations to /scratch/nkw3mr/Vision-OPD-OPSA/rollouts/OPSA-Qwen3.5-4B-think/49.jsonl
[36m(TaskRunner pid=929411)[0m step:49 - global_seqlen/min:477814 - global_seqlen/max:477814 - global_seqlen/minmax_diff:0 - global_seqlen/balanced_min:477814 - global_seqlen/balanced_max:477814 - global_seqlen/mean:477814.0 - actor/entropy:0.014133535252767615 - perf/mfu/actor_infer:0 - opsa/selected_tokens:52428.0 - opsa/selected_fraction:0.1999969482421875 - opsa/advantage_mean:-0.5062049754544328 - opsa/sel_logp_mean:-21.40960221637293 - opsa/zero_sel_responses:0.0 - opsa/sel_entropy_mean:0.012489121407270432 - opsa/sel_entropy_max:0.746668815612793 - opsa/sel_entropy_min:0.0032634735107421875 - training/rollout_probs_diff_valid:1 - training/rollout_probs_diff_max:1.0 - training/rollout_probs_diff_mean:0.9110707640647888 - training/rollout_probs_diff_std:0.2846260368824005 - training/rollout_actor_probs_pearson_corr:-0.01377109158784151 - rollout_corr/training_ppl:50430522.375 - rollout_corr/training_log_ppl:17.697802305221558 - rollout_corr/kl:17.69774329662323 - rollout_corr/k3_kl:16.786677926778793 - rollout_corr/rollout_ppl:1.0000591557472944 - rollout_corr/rollout_log_ppl:5.9131132617885884e-05 - rollout_corr/log_ppl_diff:17.697743266820908 - rollout_corr/log_ppl_abs_diff:17.697743266820908 - rollout_corr/log_ppl_diff_max:18.846920013427734 - rollout_corr/log_ppl_diff_min:17.172653198242188 - rollout_corr/ppl_ratio:50427463.125 - rollout_corr/chi2_token:-0.9110658848658204 - rollout_corr/chi2_seq:-1.0 - actor/pg_loss:0.5063836900517344 - actor/kl_loss:0.0 - actor/grpo_loss:0.0 - actor/vopd_loss:0.5063836900517344 - actor/vopd_loss_weighted:0.5063836900517344 - opsa/selection_level:1.0 - opsa/micro_selected_tokens:819.1875 - opsa/clipfrac:0.0 - self_distillation/num_distill_tokens:819.1875 - actor/grad_norm:1543.887939453125 - timing_s/update_actor/student_forward:27.908195751937455 - timing_s/update_actor/teacher_forward:0.0 - timing_s/update_actor/teacher_full_forward:0.0 - timing_s/update_actor/loss_compute:0.019492151026497595 - timing_s/update_actor/backward:71.72879351302981 - timing_s/update_actor/optimizer_step:0.08489357800863218 - timing_s/update_actor/teacher_ema_update:5.180099105928093e-05 - perf/mfu/actor:0.0 - perf/max_memory_allocated_gb:82.0756196975708 - perf/max_memory_reserved_gb:91.09375 - perf/cpu_memory_used_gb:254.5275001525879 - actor/lr:1e-06 - training/global_step:49 - training/epoch:1 - response_length/mean:4096.0 - response_length/max:4096.0 - response_length/min:4096.0 - response_length/clip_ratio:1.0 - response_length_non_aborted/mean:4096.0 - response_length_non_aborted/max:4096.0 - response_length_non_aborted/min:4096.0 - response_length_non_aborted/clip_ratio:1.0 - response/aborted_ratio:0.0 - prompt_length/mean:3369.84375 - prompt_length/max:3957.0 - prompt_length/min:3295.0 - prompt_length/clip_ratio:0.0 - num_turns/min:2 - num_turns/max:2 - num_turns/mean:2.0 - critic/advantages/mean:-0.10123945027589798 - critic/advantages/max:0.0 - critic/advantages/min:-1.0 - timing_s/start_profile:3.175399615429342e-05 - timing_s/agent_loop/generate_sequences/min:75.91582919699431 - timing_s/agent_loop/generate_sequences/max:77.24682893800491 - timing_s/agent_loop/generate_sequences/mean:76.66265028865632 - timing_s/agent_loop/tool_calls/min:0.0 - timing_s/agent_loop/tool_calls/max:0.0 - timing_s/agent_loop/tool_calls/mean:0.0 - timing_s/agent_loop/slowest/generate_sequences:77.24682893800491 - timing_s/agent_loop/slowest/tool_calls:0.0 - timing_s/agent_loop/slowest/prompt_length:3344 - timing_s/agent_loop/slowest/response_length:4096 - timing_s/gen:83.85599325400835 - timing_s/old_log_prob:29.828042224005912 - timing_s/adv:0.0027806370053440332 - timing_s/update_actor:110.8790036749997 - timing_s/dump_rollout_generations:0.0723893349932041 - timing_s/step:224.65131407399895 - timing_s/stop_profile:2.5244997232221067e-05 - timing_per_token_ms/update_actor:0.23205474028596837 - timing_per_token_ms/adv:5.819496719108342e-06 - timing_per_token_ms/gen:0.3198852281723341 - perf/total_num_tokens:477814 - perf/time_per_step:224.65131407399895 - perf/throughput:1063.456944308393
[36m(TaskRunner pid=929411)[0m Dumped generations to /scratch/nkw3mr/Vision-OPD-OPSA/rollouts/OPSA-Qwen3.5-4B-think/50.jsonl
[36m(TaskRunner pid=929411)[0m local_global_step_folder: /scratch/nkw3mr/Vision-OPD-OPSA/checkpoints/OPSA-Qwen3.5-4B-think/global_step_50
[36m(TaskRunner pid=929411)[0m step:50 - global_seqlen/min:482296 - global_seqlen/max:482296 - global_seqlen/minmax_diff:0 - global_seqlen/balanced_min:482296 - global_seqlen/balanced_max:482296 - global_seqlen/mean:482296.0 - actor/entropy:0.0436150989116868 - perf/mfu/actor_infer:0 - opsa/selected_tokens:52428.0 - opsa/selected_fraction:0.1999969482421875 - opsa/advantage_mean:-0.5178874405732624 - opsa/sel_logp_mean:-32.46459191653315 - opsa/zero_sel_responses:1.0 - opsa/sel_entropy_mean:0.007134012412279844 - opsa/sel_entropy_max:0.19118881225585938 - opsa/sel_entropy_min:0.00030517578125 - training/rollout_probs_diff_valid:1 - training/rollout_probs_diff_max:1.0 - training/rollout_probs_diff_mean:0.9030036926269531 - training/rollout_probs_diff_std:0.29593852162361145 - training/rollout_actor_probs_pearson_corr:-0.013197635300457478 - rollout_corr/training_ppl:1213784576000.0156 - rollout_corr/training_log_ppl:27.222018662418122 - rollout_corr/kl:27.221974754254916 - rollout_corr/k3_kl:26.318984442870715 - rollout_corr/rollout_ppl:1.0000436622649431 - rollout_corr/rollout_log_ppl:4.36440621216852e-05 - rollout_corr/log_ppl_diff:27.22197517148743 - rollout_corr/log_ppl_abs_diff:27.22197517148743 - rollout_corr/log_ppl_diff_max:29.30634307861328 - rollout_corr/log_ppl_diff_min:0.00825080368667841 - rollout_corr/ppl_ratio:1213710166528.0156 - rollout_corr/chi2_token:-0.9029706697911024 - rollout_corr/chi2_seq:-1.0 - actor/pg_loss:0.5129243656992912 - actor/kl_loss:0.0 - actor/grpo_loss:0.0 - actor/vopd_loss:0.5129243656992912 - actor/vopd_loss_weighted:0.5129243656992912 - opsa/selection_level:1.0 - opsa/micro_selected_tokens:819.1875 - opsa/clipfrac:0.0 - self_distillation/num_distill_tokens:819.1875 - actor/grad_norm:3737.95361328125 - timing_s/update_actor/student_forward:28.64532484501251 - timing_s/update_actor/teacher_forward:0.0 - timing_s/update_actor/teacher_full_forward:0.0 - timing_s/update_actor/loss_compute:0.02043362898984924 - timing_s/update_actor/backward:72.50105461099884 - timing_s/update_actor/optimizer_step:0.08491596899693832 - timing_s/update_actor/teacher_ema_update:2.791799488477409e-05 - perf/mfu/actor:0.0 - perf/max_memory_allocated_gb:82.0756196975708 - perf/max_memory_reserved_gb:91.09375 - perf/cpu_memory_used_gb:255.11485290527344 - actor/lr:1e-06 - training/global_step:50 - training/epoch:1 - response_length/mean:4096.0 - response_length/max:4096.0 - response_length/min:4096.0 - response_length/clip_ratio:1.0 - response_length_non_aborted/mean:4096.0 - response_length_non_aborted/max:4096.0 - response_length_non_aborted/min:4096.0 - response_length_non_aborted/clip_ratio:1.0 - response/aborted_ratio:0.0 - prompt_length/mean:3439.875 - prompt_length/max:4617.0 - prompt_length/min:3155.0 - prompt_length/clip_ratio:0.0 - num_turns/min:2 - num_turns/max:2 - num_turns/mean:2.0 - critic/advantages/mean:-0.10357590764760971 - critic/advantages/max:0.0 - critic/advantages/min:-1.0 - timing_s/start_profile:2.2419990273192525e-05 - timing_s/agent_loop/generate_sequences/min:75.0051342049992 - timing_s/agent_loop/generate_sequences/max:75.88295252798707 - timing_s/agent_loop/generate_sequences/mean:75.50346092135851 - timing_s/agent_loop/tool_calls/min:0.0 - timing_s/agent_loop/tool_calls/max:0.0 - timing_s/agent_loop/tool_calls/mean:0.0 - timing_s/agent_loop/slowest/generate_sequences:75.88295252798707 - timing_s/agent_loop/slowest/tool_calls:0.0 - timing_s/agent_loop/slowest/prompt_length:3339 - timing_s/agent_loop/slowest/response_length:4096 - timing_s/gen:82.55846230300085 - timing_s/old_log_prob:30.477332759997807 - timing_s/adv:0.0028876230062451214 - timing_s/update_actor:112.75718125699495 - timing_s/dump_rollout_generations:0.07914717099629343 - timing_s/step:225.8887498529948 - timing_s/save_checkpoint:22.92166334799549 - timing_s/stop_profile:3.201399522367865e-05 - timing_per_token_ms/update_actor:0.23379248688978335 - timing_per_token_ms/adv:5.987242287402594e-06 - timing_per_token_ms/gen:0.314935540401462 - perf/total_num_tokens:482296 - perf/time_per_step:225.8887498529948 - perf/throughput:1067.5520589535145[36m(WorkerDict pid=942995)[0m /sfs/weka/scratch/nkw3mr/Vision-OPD-OPSA/verl/utils/device.py:134: FutureWarning: torch.cuda._set_allocator_settings is deprecated. Use torch._C._accelerator_setAllocatorSettings instead.
[36m(WorkerDict pid=942995)[0m   torch.cuda.memory._set_allocator_settings(f"expandable_segments:{enable}")
[36m(TaskRunner pid=929411)[0m Training Progress:  45%|████▍     | 51/114 [2:43:58<4:16:36, 244.39s/it]
[36m(WorkerDict pid=942993)[0m /sfs/weka/scratch/nkw3mr/Vision-OPD-OPSA/verl/utils/device.py:134: FutureWarning: torch.cuda._set_allocator_settings is deprecated. Use torch._C._accelerator_setAllocatorSettings instead.
[36m(WorkerDict pid=942993)[0m   torch.cuda.memory._set_allocator_settings(f"expandable_segments:{enable}")
[36m(TaskRunner pid=929411)[0m Training Progress:  46%|████▌     | 52/114 [2:47:43<4:06:36, 238.66s/it]

[36m(TaskRunner pid=929411)[0m Dumped generations to /scratch/nkw3mr/Vision-OPD-OPSA/rollouts/OPSA-Qwen3.5-4B-think/51.jsonl
[36m(TaskRunner pid=929411)[0m step:51 - global_seqlen/min:480614 - global_seqlen/max:480614 - global_seqlen/minmax_diff:0 - global_seqlen/balanced_min:480614 - global_seqlen/balanced_max:480614 - global_seqlen/mean:480614.0 - actor/entropy:0.03861788629728835 - perf/mfu/actor_infer:0 - opsa/selected_tokens:52428.0 - opsa/selected_fraction:0.1999969482421875 - opsa/advantage_mean:-0.5178266801613641 - opsa/sel_logp_mean:-39.91587033646143 - opsa/zero_sel_responses:2.0 - opsa/sel_entropy_mean:0.0013402288313955069 - opsa/sel_entropy_max:0.037281036376953125 - opsa/sel_entropy_min:1.1444091796875e-05 - training/rollout_probs_diff_valid:1 - training/rollout_probs_diff_max:1.0 - training/rollout_probs_diff_mean:0.881237804889679 - training/rollout_probs_diff_std:0.32349562644958496 - training/rollout_actor_probs_pearson_corr:-0.013720034621655941 - rollout_corr/training_ppl:457608578727936.0 - rollout_corr/training_log_ppl:32.45563358186337 - rollout_corr/kl:32.45560407789367 - rollout_corr/k3_kl:31.57437622785892 - rollout_corr/rollout_ppl:1.0000296421349049 - rollout_corr/rollout_log_ppl:2.963080156816048e-05 - rollout_corr/log_ppl_diff:32.455604167300635 - rollout_corr/log_ppl_abs_diff:32.455604459200686 - rollout_corr/log_ppl_diff_max:35.59465026855469 - rollout_corr/log_ppl_diff_min:-9.34080162551254e-06 - rollout_corr/ppl_ratio:457596182069248.0 - rollout_corr/chi2_token:-0.8812206005677581 - rollout_corr/chi2_seq:-0.9831324443221092 - actor/pg_loss:0.5013039885088801 - actor/kl_loss:0.0 - actor/grpo_loss:0.0 - actor/vopd_loss:0.5013039885088801 - actor/vopd_loss_weighted:0.5013039885088801 - opsa/selection_level:1.0 - opsa/micro_selected_tokens:819.1875 - opsa/clipfrac:0.0 - self_distillation/num_distill_tokens:819.1875 - actor/grad_norm:4600.31298828125 - timing_s/update_actor/student_forward:28.663982090045465 - timing_s/update_actor/teacher_forward:0.0 - timing_s/update_actor/teacher_full_forward:0.0 - timing_s/update_actor/loss_compute:0.0207556699460838 - timing_s/update_actor/backward:72.25946802191902 - timing_s/update_actor/optimizer_step:0.08485030099109281 - timing_s/update_actor/teacher_ema_update:5.233100091572851e-05 - perf/mfu/actor:0.0 - perf/max_memory_allocated_gb:82.0756196975708 - perf/max_memory_reserved_gb:91.09375 - perf/cpu_memory_used_gb:256.0335006713867 - actor/lr:1e-06 - training/global_step:51 - training/epoch:1 - response_length/mean:4096.0 - response_length/max:4096.0 - response_length/min:4096.0 - response_length/clip_ratio:1.0 - response_length_non_aborted/mean:4096.0 - response_length_non_aborted/max:4096.0 - response_length_non_aborted/min:4096.0 - response_length_non_aborted/clip_ratio:1.0 - response/aborted_ratio:0.0 - prompt_length/mean:3413.59375 - prompt_length/max:5381.0 - prompt_length/min:3111.0 - prompt_length/clip_ratio:0.0 - num_turns/min:2 - num_turns/max:2 - num_turns/mean:2.0 - critic/advantages/mean:-0.10356375575065613 - critic/advantages/max:0.0 - critic/advantages/min:-1.0 - timing_s/start_profile:2.9310001991689205e-05 - timing_s/agent_loop/generate_sequences/min:74.86559162000776 - timing_s/agent_loop/generate_sequences/max:76.38025986599678 - timing_s/agent_loop/generate_sequences/mean:75.66206409490655 - timing_s/agent_loop/tool_calls/min:0.0 - timing_s/agent_loop/tool_calls/max:0.0 - timing_s/agent_loop/tool_calls/mean:0.0 - timing_s/agent_loop/slowest/generate_sequences:76.38025986599678 - timing_s/agent_loop/slowest/tool_calls:0.0 - timing_s/agent_loop/slowest/prompt_length:3344 - timing_s/agent_loop/slowest/response_length:4096 - timing_s/gen:82.52850552198652 - timing_s/old_log_prob:30.968908776005264 - timing_s/adv:0.002773676998913288 - timing_s/update_actor:112.50217998100561 - timing_s/dump_rollout_generations:0.0720255990017904 - timing_s/step:226.09042252499785 - timing_s/stop_profile:2.393299655523151e-05 - timing_per_token_ms/update_actor:0.2340801141477477 - timing_per_token_ms/adv:5.771111534231812e-06 - timing_per_token_ms/gen:0.3148212643508397 - perf/total_num_tokens:480614 - perf/time_per_step:226.09042252499785 - perf/throughput:1062.8800517785326
[36m(TaskRunner pid=929411)[0m Dumped generations to /scratch/nkw3mr/Vision-OPD-OPSA/rollouts/OPSA-Qwen3.5-4B-think/52.jsonl
[36m(TaskRunner pid=929411)[0m step:52 - global_seqlen/min:478922 - global_seqlen/max:478922 - global_seqlen/minmax_diff:0 - global_seqlen/balanced_min:478922 - global_seqlen/balanced_max:478922 - global_seqlen/mean:478922.0 - actor/entropy:0.0099936586630065 - perf/mfu/actor_infer:0 - opsa/selected_tokens:52428.0 - opsa/selected_fraction:0.1999969482421875 - opsa/advantage_mean:-0.532550742208362 - opsa/sel_logp_mean:-45.49409189745937 - opsa/zero_sel_responses:0.0 - opsa/sel_entropy_mean:0.00011906595318578184 - opsa/sel_entropy_max:0.00160980224609375 - opsa/sel_entropy_min:1.52587890625e-05 - training/rollout_probs_diff_valid:1 - training/rollout_probs_diff_max:1.0 - training/rollout_probs_diff_mean:0.9131733179092407 - training/rollout_probs_diff_std:0.28157204389572144 - training/rollout_actor_probs_pearson_corr:-0.010358697734773159 - rollout_corr/training_ppl:2.6000276311349658e+17 - rollout_corr/training_log_ppl:39.60914212465286 - rollout_corr/kl:39.609085977077484 - rollout_corr/k3_kl:38.69591706991196 - rollout_corr/rollout_ppl:1.0000559724867344 - rollout_corr/rollout_log_ppl:5.593323005524675e-05 - rollout_corr/log_ppl_diff:39.60908645391464 - rollout_corr/log_ppl_abs_diff:39.60908645391464 - rollout_corr/log_ppl_diff_max:42.850040435791016 - rollout_corr/log_ppl_diff_min:38.259483337402344 - rollout_corr/ppl_ratio:2.599846177490862e+17 - rollout_corr/chi2_token:-0.913167854771018 - rollout_corr/chi2_seq:-1.0 - actor/pg_loss:0.5318561485037208 - actor/kl_loss:0.0 - actor/grpo_loss:0.0 - actor/vopd_loss:0.5318561485037208 - actor/vopd_loss_weighted:0.5318561485037208 - opsa/selection_level:1.0 - opsa/micro_selected_tokens:819.1875 - opsa/clipfrac:0.0 - self_distillation/num_distill_tokens:819.1875 - actor/grad_norm:3388.04150390625 - timing_s/update_actor/student_forward:28.2640454290231 - timing_s/update_actor/teacher_forward:0.0 - timing_s/update_actor/teacher_full_forward:0.0 - timing_s/update_actor/loss_compute:0.02046368997253012 - timing_s/update_actor/backward:72.2562577129138 - timing_s/update_actor/optimizer_step:0.08510970699717291 - timing_s/update_actor/teacher_ema_update:2.6837005862034857e-05 - perf/mfu/actor:0.0 - perf/max_memory_allocated_gb:82.0756196975708 - perf/max_memory_reserved_gb:91.09375 - perf/cpu_memory_used_gb:256.07618713378906 - actor/lr:1e-06 - training/global_step:52 - training/epoch:1 - response_length/mean:4096.0 - response_length/max:4096.0 - response_length/min:4096.0 - response_length/clip_ratio:1.0 - response_length_non_aborted/mean:4096.0 - response_length_non_aborted/max:4096.0 - response_length_non_aborted/min:4096.0 - response_length_non_aborted/clip_ratio:1.0 - response/aborted_ratio:0.0 - prompt_length/mean:3387.15625 - prompt_length/max:3964.0 - prompt_length/min:3200.0 - prompt_length/clip_ratio:0.0 - num_turns/min:2 - num_turns/max:2 - num_turns/mean:2.0 - critic/advantages/mean:-0.1065085232257843 - critic/advantages/max:0.0 - critic/advantages/min:-1.0 - timing_s/start_profile:2.4824010324664414e-05 - timing_s/agent_loop/generate_sequences/min:74.87167401899933 - timing_s/agent_loop/generate_sequences/max:76.47094624800957 - timing_s/agent_loop/generate_sequences/mean:75.48482957385932 - timing_s/agent_loop/tool_calls/min:0.0 - timing_s/agent_loop/tool_calls/max:0.0 - timing_s/agent_loop/tool_calls/mean:0.0 - timing_s/agent_loop/slowest/generate_sequences:76.47094624800957 - timing_s/agent_loop/slowest/tool_calls:0.0 - timing_s/agent_loop/slowest/prompt_length:3422 - timing_s/agent_loop/slowest/response_length:4096 - timing_s/gen:82.84384910699737 - timing_s/old_log_prob:30.272649045000435 - timing_s/adv:0.0028917990130139515 - timing_s/update_actor:112.01598180898873 - timing_s/dump_rollout_generations:0.08444368299387861 - timing_s/step:225.23552594799548 - timing_s/stop_profile:3.0181996407918632e-05 - timing_per_token_ms/update_actor:0.23389191101888976 - timing_per_token_ms/adv:6.03814193754714e-06 - timing_per_token_ms/gen:0.31602420466231296 - perf/total_num_tokens:478922 - perf/time_per_step:225.23552594799548 - perf/throughput:1063.158216236674[36m(TaskRunner pid=929411)[0m Training Progress:  46%|████▋     | 53/114 [2:51:28<3:58:27, 234.56s/it]
[36m(TaskRunner pid=929411)[0m Training Progress:  47%|████▋     | 54/114 [2:55:13<3:51:30, 231.50s/it]

[36m(TaskRunner pid=929411)[0m Dumped generations to /scratch/nkw3mr/Vision-OPD-OPSA/rollouts/OPSA-Qwen3.5-4B-think/53.jsonl
[36m(TaskRunner pid=929411)[0m step:53 - global_seqlen/min:479620 - global_seqlen/max:479620 - global_seqlen/minmax_diff:0 - global_seqlen/balanced_min:479620 - global_seqlen/balanced_max:479620 - global_seqlen/mean:479620.0 - actor/entropy:0.011765995710447896 - perf/mfu/actor_infer:0 - opsa/selected_tokens:52428.0 - opsa/selected_fraction:0.1999969482421875 - opsa/advantage_mean:-0.5489882404201953 - opsa/sel_logp_mean:-51.485818646524756 - opsa/zero_sel_responses:0.0 - opsa/sel_entropy_mean:0.00013485908857546747 - opsa/sel_entropy_max:0.0012359619140625 - opsa/sel_entropy_min:1.52587890625e-05 - training/rollout_probs_diff_valid:1 - training/rollout_probs_diff_max:1.0 - training/rollout_probs_diff_mean:0.9145195484161377 - training/rollout_probs_diff_std:0.2795816957950592 - training/rollout_actor_probs_pearson_corr:-0.011768663302063942 - rollout_corr/training_ppl:4.884455797582463e+19 - rollout_corr/training_log_ppl:43.964180171489716 - rollout_corr/kl:43.96414929628372 - rollout_corr/k3_kl:43.04963570833206 - rollout_corr/rollout_ppl:1.0000309310853481 - rollout_corr/rollout_log_ppl:3.092729305062547e-05 - rollout_corr/log_ppl_diff:43.96414929628372 - rollout_corr/log_ppl_abs_diff:43.96414929628372 - rollout_corr/log_ppl_diff_max:48.186370849609375 - rollout_corr/log_ppl_diff_min:41.74592208862305 - rollout_corr/ppl_ratio:4.884390583013789e+19 - rollout_corr/chi2_token:-0.9145091809332371 - rollout_corr/chi2_seq:-1.0 - actor/pg_loss:0.5565831996500492 - actor/kl_loss:0.0 - actor/grpo_loss:0.0 - actor/vopd_loss:0.5565831996500492 - actor/vopd_loss_weighted:0.5565831996500492 - opsa/selection_level:1.0 - opsa/micro_selected_tokens:819.1875 - opsa/clipfrac:0.0 - self_distillation/num_distill_tokens:819.1875 - actor/grad_norm:2323.68359375 - timing_s/update_actor/student_forward:28.18390957293741 - timing_s/update_actor/teacher_forward:0.0 - timing_s/update_actor/teacher_full_forward:0.0 - timing_s/update_actor/loss_compute:0.020491723931627348 - timing_s/update_actor/backward:71.97615912997571 - timing_s/update_actor/optimizer_step:0.08506095300253946 - timing_s/update_actor/teacher_ema_update:3.5488003049977124e-05 - perf/mfu/actor:0.0 - perf/max_memory_allocated_gb:82.0756196975708 - perf/max_memory_reserved_gb:91.09375 - perf/cpu_memory_used_gb:255.96735763549805 - actor/lr:1e-06 - training/global_step:53 - training/epoch:1 - response_length/mean:4096.0 - response_length/max:4096.0 - response_length/min:4096.0 - response_length/clip_ratio:1.0 - response_length_non_aborted/mean:4096.0 - response_length_non_aborted/max:4096.0 - response_length_non_aborted/min:4096.0 - response_length_non_aborted/clip_ratio:1.0 - response/aborted_ratio:0.0 - prompt_length/mean:3398.0625 - prompt_length/max:4002.0 - prompt_length/min:3254.0 - prompt_length/clip_ratio:0.0 - num_turns/min:2 - num_turns/max:2 - num_turns/mean:2.0 - critic/advantages/mean:-0.10979597270488739 - critic/advantages/max:0.0 - critic/advantages/min:-1.0 - timing_s/start_profile:3.265499253757298e-05 - timing_s/agent_loop/generate_sequences/min:74.32788363799045 - timing_s/agent_loop/generate_sequences/max:76.10486814499018 - timing_s/agent_loop/generate_sequences/mean:75.29672532126528 - timing_s/agent_loop/tool_calls/min:0.0 - timing_s/agent_loop/tool_calls/max:0.0 - timing_s/agent_loop/tool_calls/mean:0.0 - timing_s/agent_loop/slowest/generate_sequences:76.10486814499018 - timing_s/agent_loop/slowest/tool_calls:0.0 - timing_s/agent_loop/slowest/prompt_length:3347 - timing_s/agent_loop/slowest/response_length:4096 - timing_s/gen:82.66613787099777 - timing_s/old_log_prob:30.59390009100025 - timing_s/adv:0.003227589011657983 - timing_s/update_actor:111.57869610399939 - timing_s/dump_rollout_generations:0.07457294799678493 - timing_s/step:224.93415650899988 - timing_s/stop_profile:2.6636000256985426e-05 - timing_per_token_ms/update_actor:0.23263979005045535 - timing_per_token_ms/adv:6.729471272378097e-06 - timing_per_token_ms/gen:0.31534629009627446 - perf/total_num_tokens:479620 - perf/time_per_step:224.93415650899988 - perf/throughput:1066.1342133265782
[36m(TaskRunner pid=929411)[0m Dumped generations to /scratch/nkw3mr/Vision-OPD-OPSA/rollouts/OPSA-Qwen3.5-4B-think/54.jsonl
[36m(TaskRunner pid=929411)[0m step:54 - global_seqlen/min:478566 - global_seqlen/max:478566 - global_seqlen/minmax_diff:0 - global_seqlen/balanced_min:478566 - global_seqlen/balanced_max:478566 - global_seqlen/mean:478566.0 - actor/entropy:0.0027112746611237526 - perf/mfu/actor_infer:0 - opsa/selected_tokens:52428.0 - opsa/selected_fraction:0.1999969482421875 - opsa/advantage_mean:-0.5070872866717212 - opsa/sel_logp_mean:-56.70975432974746 - opsa/zero_sel_responses:1.0 - opsa/sel_entropy_mean:3.785010846968362e-07 - opsa/sel_entropy_max:2.6702880859375e-05 - opsa/sel_entropy_min:0.0 - training/rollout_probs_diff_valid:1 - training/rollout_probs_diff_max:1.0 - training/rollout_probs_diff_mean:0.8963359594345093 - training/rollout_probs_diff_std:0.30481868982315063 - training/rollout_actor_probs_pearson_corr:-0.011182730086147785 - rollout_corr/training_ppl:7.601433262363381e+21 - rollout_corr/training_log_ppl:48.76029045645555 - rollout_corr/kl:48.7602762005669 - rollout_corr/k3_kl:47.86394333882845 - rollout_corr/rollout_ppl:1.0000142473727465 - rollout_corr/rollout_log_ppl:1.4238133967225952e-05 - rollout_corr/log_ppl_diff:48.76027643898548 - rollout_corr/log_ppl_abs_diff:48.76027655383526 - rollout_corr/log_ppl_diff_max:53.51592254638672 - rollout_corr/log_ppl_diff_min:-3.6751930565515067e-06 - rollout_corr/ppl_ratio:7.60135771711846e+21 - rollout_corr/chi2_token:-0.8963331021368504 - rollout_corr/chi2_seq:-0.9838974215090275 - actor/pg_loss:0.5006826380267739 - actor/kl_loss:0.0 - actor/grpo_loss:0.0 - actor/vopd_loss:0.5006826380267739 - actor/vopd_loss_weighted:0.5006826380267739 - opsa/selection_level:1.0 - opsa/micro_selected_tokens:819.1875 - opsa/clipfrac:0.0 - self_distillation/num_distill_tokens:819.1875 - actor/grad_norm:3461.51318359375 - timing_s/update_actor/student_forward:27.93769439694006 - timing_s/update_actor/teacher_forward:0.0 - timing_s/update_actor/teacher_full_forward:0.0 - timing_s/update_actor/loss_compute:0.020527692991890945 - timing_s/update_actor/backward:72.24914586900559 - timing_s/update_actor/optimizer_step:0.08467359100177418 - timing_s/update_actor/teacher_ema_update:2.7076996047981083e-05 - perf/mfu/actor:0.0 - perf/max_memory_allocated_gb:82.0756196975708 - perf/max_memory_reserved_gb:91.09375 - perf/cpu_memory_used_gb:255.91294479370117 - actor/lr:1e-06 - training/global_step:54 - training/epoch:1 - response_length/mean:4096.0 - response_length/max:4096.0 - response_length/min:4096.0 - response_length/clip_ratio:1.0 - response_length_non_aborted/mean:4096.0 - response_length_non_aborted/max:4096.0 - response_length_non_aborted/min:4096.0 - response_length_non_aborted/clip_ratio:1.0 - response/aborted_ratio:0.0 - prompt_length/mean:3381.59375 - prompt_length/max:4382.0 - prompt_length/min:3155.0 - prompt_length/clip_ratio:0.0 - num_turns/min:2 - num_turns/max:2 - num_turns/mean:2.0 - critic/advantages/mean:-0.10141590982675552 - critic/advantages/max:0.0 - critic/advantages/min:-1.0 - timing_s/start_profile:3.3064992749132216e-05 - timing_s/agent_loop/generate_sequences/min:74.56180556799518 - timing_s/agent_loop/generate_sequences/max:75.63122412899975 - timing_s/agent_loop/generate_sequences/mean:75.14216734237607 - timing_s/agent_loop/tool_calls/min:0.0 - timing_s/agent_loop/tool_calls/max:0.0 - timing_s/agent_loop/tool_calls/mean:0.0 - timing_s/agent_loop/slowest/generate_sequences:75.63122412899975 - timing_s/agent_loop/slowest/tool_calls:0.0 - timing_s/agent_loop/slowest/prompt_length:3387 - timing_s/agent_loop/slowest/response_length:4096 - timing_s/gen:82.35024730399891 - timing_s/old_log_prob:30.26628208901093 - timing_s/adv:0.0028036580042680725 - timing_s/update_actor:111.62269415899937 - timing_s/dump_rollout_generations:0.07149211999785621 - timing_s/step:224.32775896399107 - timing_s/stop_profile:2.4474007659591734e-05 - timing_per_token_ms/update_actor:0.23324409623541867 - timing_per_token_ms/adv:5.85845631379595e-06 - timing_per_token_ms/gen:0.3141412632141072 - perf/total_num_tokens:478566 - perf/time_per_step:224.32775896399107 - perf/throughput:1066.6669212275665[36m(TaskRunner pid=929411)[0m Training Progress:  48%|████▊     | 55/114 [2:59:00<3:46:31, 230.36s/it]
[36m(TaskRunner pid=929411)[0m Training Progress:  49%|████▉     | 56/114 [3:02:46<3:41:19, 228.96s/it]

[36m(TaskRunner pid=929411)[0m Dumped generations to /scratch/nkw3mr/Vision-OPD-OPSA/rollouts/OPSA-Qwen3.5-4B-think/55.jsonl
[36m(TaskRunner pid=929411)[0m step:55 - global_seqlen/min:480657 - global_seqlen/max:480657 - global_seqlen/minmax_diff:0 - global_seqlen/balanced_min:480657 - global_seqlen/balanced_max:480657 - global_seqlen/mean:480657.0 - actor/entropy:0.005235185304627521 - perf/mfu/actor_infer:0 - opsa/selected_tokens:52428.0 - opsa/selected_fraction:0.1999969482421875 - opsa/advantage_mean:-0.5000190737773709 - opsa/sel_logp_mean:-62.80230983443961 - opsa/zero_sel_responses:1.0 - opsa/sel_entropy_mean:1.4552137272971777e-10 - opsa/sel_entropy_max:3.814697265625e-06 - opsa/sel_entropy_min:0.0 - training/rollout_probs_diff_valid:1 - training/rollout_probs_diff_max:1.0 - training/rollout_probs_diff_mean:0.8979132771492004 - training/rollout_probs_diff_std:0.3027533292770386 - training/rollout_actor_probs_pearson_corr:-0.005035020876675844 - rollout_corr/training_ppl:3.9327082032557095e+23 - rollout_corr/training_log_ppl:52.03934431106609 - rollout_corr/kl:52.039302137171035 - rollout_corr/k3_kl:51.14139780071855 - rollout_corr/rollout_ppl:1.000042011961341 - rollout_corr/rollout_log_ppl:4.1994226686034586e-05 - rollout_corr/log_ppl_diff:52.03930255440355 - rollout_corr/log_ppl_abs_diff:52.03930255440355 - rollout_corr/log_ppl_diff_max:57.54886245727539 - rollout_corr/log_ppl_diff_min:0.008340624161064625 - rollout_corr/ppl_ratio:3.932655402860164e+23 - rollout_corr/chi2_token:-0.8978662369772792 - rollout_corr/chi2_seq:-1.0 - actor/pg_loss:0.49220204818993807 - actor/kl_loss:0.0 - actor/grpo_loss:0.0 - actor/vopd_loss:0.49220204818993807 - actor/vopd_loss_weighted:0.49220204818993807 - opsa/selection_level:1.0 - opsa/micro_selected_tokens:819.1875 - opsa/clipfrac:0.0 - self_distillation/num_distill_tokens:819.1875 - actor/grad_norm:2581.6923828125 - timing_s/update_actor/student_forward:28.085559622966684 - timing_s/update_actor/teacher_forward:0.0 - timing_s/update_actor/teacher_full_forward:0.0 - timing_s/update_actor/loss_compute:0.020256260948372073 - timing_s/update_actor/backward:73.56305716495262 - timing_s/update_actor/optimizer_step:0.08499902600306086 - timing_s/update_actor/teacher_ema_update:2.7727990527637303e-05 - perf/mfu/actor:0.0 - perf/max_memory_allocated_gb:82.0756196975708 - perf/max_memory_reserved_gb:91.09375 - perf/cpu_memory_used_gb:256.05345916748047 - actor/lr:1e-06 - training/global_step:55 - training/epoch:1 - response_length/mean:4096.0 - response_length/max:4096.0 - response_length/min:4096.0 - response_length/clip_ratio:1.0 - response_length_non_aborted/mean:4096.0 - response_length_non_aborted/max:4096.0 - response_length_non_aborted/min:4096.0 - response_length_non_aborted/clip_ratio:1.0 - response/aborted_ratio:0.0 - prompt_length/mean:3414.265625 - prompt_length/max:5647.0 - prompt_length/min:3154.0 - prompt_length/clip_ratio:0.0 - num_turns/min:2 - num_turns/max:2 - num_turns/mean:2.0 - critic/advantages/mean:-0.10000228881835938 - critic/advantages/max:0.0 - critic/advantages/min:-1.0 - timing_s/start_profile:6.23359956080094e-05 - timing_s/agent_loop/generate_sequences/min:74.90101984600187 - timing_s/agent_loop/generate_sequences/max:76.0617456320033 - timing_s/agent_loop/generate_sequences/mean:75.5210935362029 - timing_s/agent_loop/tool_calls/min:0.0 - timing_s/agent_loop/tool_calls/max:0.0 - timing_s/agent_loop/tool_calls/mean:0.0 - timing_s/agent_loop/slowest/generate_sequences:76.0617456320033 - timing_s/agent_loop/slowest/tool_calls:0.0 - timing_s/agent_loop/slowest/prompt_length:3346 - timing_s/agent_loop/slowest/response_length:4096 - timing_s/gen:82.91448082200077 - timing_s/old_log_prob:31.05599109000468 - timing_s/adv:0.002734442998189479 - timing_s/update_actor:113.56401302901213 - timing_s/dump_rollout_generations:0.07256381900515407 - timing_s/step:227.62492490500154 - timing_s/stop_profile:2.531500649638474e-05 - timing_per_token_ms/update_actor:0.23626830157266435 - timing_per_token_ms/adv:5.688969469267022e-06 - timing_per_token_ms/gen:0.31629364327240284 - perf/total_num_tokens:480657 - perf/time_per_step:227.62492490500154 - perf/throughput:1055.8092445293514
[36m(TaskRunner pid=929411)[0m Dumped generations to /scratch/nkw3mr/Vision-OPD-OPSA/rollouts/OPSA-Qwen3.5-4B-think/56.jsonl
[36m(TaskRunner pid=929411)[0m step:56 - global_seqlen/min:478718 - global_seqlen/max:478718 - global_seqlen/minmax_diff:0 - global_seqlen/balanced_min:478718 - global_seqlen/balanced_max:478718 - global_seqlen/mean:478718.0 - actor/entropy:0.0003248344910389278 - perf/mfu/actor_infer:0 - opsa/selected_tokens:52428.0 - opsa/selected_fraction:0.1999969482421875 - opsa/advantage_mean:-1.0 - opsa/sel_logp_mean:-67.8458314259556 - opsa/zero_sel_responses:0.0 - opsa/sel_entropy_mean:0.0 - opsa/sel_entropy_max:0.0 - opsa/sel_entropy_min:0.0 - training/rollout_probs_diff_valid:1 - training/rollout_probs_diff_max:1.0 - training/rollout_probs_diff_mean:0.9127905964851379 - training/rollout_probs_diff_std:0.2821308374404907 - training/rollout_actor_probs_pearson_corr:-0.008367844857275486 - rollout_corr/training_ppl:2.5162266824210308e+26 - rollout_corr/training_log_ppl:59.490753293037415 - rollout_corr/kl:59.49071246385574 - rollout_corr/k3_kl:58.57793718576431 - rollout_corr/rollout_ppl:1.000040652230382 - rollout_corr/rollout_log_ppl:4.064471465724251e-05 - rollout_corr/log_ppl_diff:59.49071288108826 - rollout_corr/log_ppl_abs_diff:59.49071288108826 - rollout_corr/log_ppl_diff_max:63.95530700683594 - rollout_corr/log_ppl_diff_min:58.253475189208984 - rollout_corr/ppl_ratio:2.5160483957204223e+26 - rollout_corr/chi2_token:-0.9127368601039052 - rollout_corr/chi2_seq:-1.0 - actor/pg_loss:1.0 - actor/kl_loss:0.0 - actor/grpo_loss:0.0 - actor/vopd_loss:1.0 - actor/vopd_loss_weighted:1.0 - opsa/selection_level:1.0 - opsa/micro_selected_tokens:819.1875 - opsa/clipfrac:0.0 - self_distillation/num_distill_tokens:819.1875 - actor/grad_norm:3579.884521484375 - timing_s/update_actor/student_forward:28.42062701897521 - timing_s/update_actor/teacher_forward:0.0 - timing_s/update_actor/teacher_full_forward:0.0 - timing_s/update_actor/loss_compute:0.02073740097694099 - timing_s/update_actor/backward:71.70565763102786 - timing_s/update_actor/optimizer_step:0.08501962300215382 - timing_s/update_actor/teacher_ema_update:5.377399793360382e-05 - perf/mfu/actor:0.0 - perf/max_memory_allocated_gb:82.0756196975708 - perf/max_memory_reserved_gb:91.09375 - perf/cpu_memory_used_gb:255.6919708251953 - actor/lr:1e-06 - training/global_step:56 - training/epoch:1 - response_length/mean:4096.0 - response_length/max:4096.0 - response_length/min:4096.0 - response_length/clip_ratio:1.0 - response_length_non_aborted/mean:4096.0 - response_length_non_aborted/max:4096.0 - response_length_non_aborted/min:4096.0 - response_length_non_aborted/clip_ratio:1.0 - response/aborted_ratio:0.0 - prompt_length/mean:3383.96875 - prompt_length/max:4005.0 - prompt_length/min:3201.0 - prompt_length/clip_ratio:0.0 - num_turns/min:2 - num_turns/max:2 - num_turns/mean:2.0 - critic/advantages/mean:-0.1999969482421875 - critic/advantages/max:0.0 - critic/advantages/min:-1.0 - timing_s/start_profile:2.2371008526533842e-05 - timing_s/agent_loop/generate_sequences/min:74.60422941499564 - timing_s/agent_loop/generate_sequences/max:75.87740445000236 - timing_s/agent_loop/generate_sequences/mean:75.3209722019235 - timing_s/agent_loop/tool_calls/min:0.0 - timing_s/agent_loop/tool_calls/max:0.0 - timing_s/agent_loop/tool_calls/mean:0.0 - timing_s/agent_loop/slowest/generate_sequences:75.87740445000236 - timing_s/agent_loop/slowest/tool_calls:0.0 - timing_s/agent_loop/slowest/prompt_length:3344 - timing_s/agent_loop/slowest/response_length:4096 - timing_s/gen:82.51264014100889 - timing_s/old_log_prob:30.928753675994813 - timing_s/adv:0.0031861030001891777 - timing_s/update_actor:112.0960470729915 - timing_s/dump_rollout_generations:0.07769691300927661 - timing_s/step:225.63283000400406 - timing_s/stop_profile:2.471399784553796e-05 - timing_per_token_ms/update_actor:0.23415883061215892 - timing_per_token_ms/adv:6.6554902890411005e-06 - timing_per_token_ms/gen:0.3147607427254062 - perf/total_num_tokens:478718 - perf/time_per_step:225.63283000400406 - perf/throughput:1060.8340993451723[36m(TaskRunner pid=929411)[0m Training Progress:  50%|█████     | 57/114 [3:06:31<3:36:31, 227.91s/it]
[36m(TaskRunner pid=929411)[0m Training Progress:  51%|█████     | 58/114 [3:10:18<3:32:24, 227.59s/it]

[36m(TaskRunner pid=929411)[0m Dumped generations to /scratch/nkw3mr/Vision-OPD-OPSA/rollouts/OPSA-Qwen3.5-4B-think/57.jsonl
[36m(TaskRunner pid=929411)[0m step:57 - global_seqlen/min:478762 - global_seqlen/max:478762 - global_seqlen/minmax_diff:0 - global_seqlen/balanced_min:478762 - global_seqlen/balanced_max:478762 - global_seqlen/mean:478762.0 - actor/entropy:0.00039788784124539234 - perf/mfu/actor_infer:0 - opsa/selected_tokens:52428.0 - opsa/selected_fraction:0.1999969482421875 - opsa/advantage_mean:-1.0 - opsa/sel_logp_mean:-73.86767566948959 - opsa/zero_sel_responses:0.0 - opsa/sel_entropy_mean:0.0 - opsa/sel_entropy_max:0.0 - opsa/sel_entropy_min:0.0 - training/rollout_probs_diff_valid:1 - training/rollout_probs_diff_max:1.0 - training/rollout_probs_diff_mean:0.9128857254981995 - training/rollout_probs_diff_std:0.281989723443985 - training/rollout_actor_probs_pearson_corr:-0.007370069157332182 - rollout_corr/training_ppl:3.65989087386103e+28 - rollout_corr/training_log_ppl:64.2900932431221 - rollout_corr/kl:64.29002577066422 - rollout_corr/k3_kl:63.37715137004852 - rollout_corr/rollout_ppl:1.0000672210007906 - rollout_corr/rollout_log_ppl:6.719094461965502e-05 - rollout_corr/log_ppl_diff:64.29002642631531 - rollout_corr/log_ppl_abs_diff:64.29002642631531 - rollout_corr/log_ppl_diff_max:68.89080047607422 - rollout_corr/log_ppl_diff_min:61.8126335144043 - rollout_corr/ppl_ratio:3.6597275233305713e+28 - rollout_corr/chi2_token:-0.912840991280973 - rollout_corr/chi2_seq:-1.0 - actor/pg_loss:1.0 - actor/kl_loss:0.0 - actor/grpo_loss:0.0 - actor/vopd_loss:1.0 - actor/vopd_loss_weighted:1.0 - opsa/selection_level:1.0 - opsa/micro_selected_tokens:819.1875 - opsa/clipfrac:0.0 - self_distillation/num_distill_tokens:819.1875 - actor/grad_norm:2225.6259765625 - timing_s/update_actor/student_forward:27.820408561980003 - timing_s/update_actor/teacher_forward:0.0 - timing_s/update_actor/teacher_full_forward:0.0 - timing_s/update_actor/loss_compute:0.020042611053213477 - timing_s/update_actor/backward:72.2546298061061 - timing_s/update_actor/optimizer_step:0.08485132399073336 - timing_s/update_actor/teacher_ema_update:2.8749011107720435e-05 - perf/mfu/actor:0.0 - perf/max_memory_allocated_gb:82.0756196975708 - perf/max_memory_reserved_gb:91.09375 - perf/cpu_memory_used_gb:255.86846923828125 - actor/lr:1e-06 - training/global_step:57 - training/epoch:1 - response_length/mean:4096.0 - response_length/max:4096.0 - response_length/min:4096.0 - response_length/clip_ratio:1.0 - response_length_non_aborted/mean:4096.0 - response_length_non_aborted/max:4096.0 - response_length_non_aborted/min:4096.0 - response_length_non_aborted/clip_ratio:1.0 - response/aborted_ratio:0.0 - prompt_length/mean:3384.65625 - prompt_length/max:3957.0 - prompt_length/min:3158.0 - prompt_length/clip_ratio:0.0 - num_turns/min:2 - num_turns/max:2 - num_turns/mean:2.0 - critic/advantages/mean:-0.1999969482421875 - critic/advantages/max:0.0 - critic/advantages/min:-1.0 - timing_s/start_profile:3.320501127745956e-05 - timing_s/agent_loop/generate_sequences/min:74.86569135899481 - timing_s/agent_loop/generate_sequences/max:75.90896245800832 - timing_s/agent_loop/generate_sequences/mean:75.4200882993282 - timing_s/agent_loop/tool_calls/min:0.0 - timing_s/agent_loop/tool_calls/max:0.0 - timing_s/agent_loop/tool_calls/mean:0.0 - timing_s/agent_loop/slowest/generate_sequences:75.90896245800832 - timing_s/agent_loop/slowest/tool_calls:0.0 - timing_s/agent_loop/slowest/prompt_length:3356 - timing_s/agent_loop/slowest/response_length:4096 - timing_s/gen:82.5646104960033 - timing_s/old_log_prob:30.869063870995888 - timing_s/adv:0.0030287569970823824 - timing_s/update_actor:111.90141299000243 - timing_s/dump_rollout_generations:0.07508865599811543 - timing_s/step:225.42846359999385 - timing_s/stop_profile:2.6205991161987185e-05 - timing_per_token_ms/update_actor:0.23373077435135292 - timing_per_token_ms/adv:6.326226803886654e-06 - timing_per_token_ms/gen:0.31495899389649695 - perf/total_num_tokens:478762 - perf/time_per_step:225.42846359999385 - perf/throughput:1061.8934103404258
[36m(TaskRunner pid=929411)[0m Dumped generations to /scratch/nkw3mr/Vision-OPD-OPSA/rollouts/OPSA-Qwen3.5-4B-think/58.jsonl
[36m(TaskRunner pid=929411)[0m step:58 - global_seqlen/min:480431 - global_seqlen/max:480431 - global_seqlen/minmax_diff:0 - global_seqlen/balanced_min:480431 - global_seqlen/balanced_max:480431 - global_seqlen/mean:480431.0 - actor/entropy:0.00042046084126923233 - perf/mfu/actor_infer:0 - opsa/selected_tokens:52428.0 - opsa/selected_fraction:0.1999969482421875 - opsa/advantage_mean:-1.0 - opsa/sel_logp_mean:-77.49938487067979 - opsa/zero_sel_responses:4.0 - opsa/sel_entropy_mean:0.0 - opsa/sel_entropy_max:0.0 - opsa/sel_entropy_min:0.0 - training/rollout_probs_diff_valid:1 - training/rollout_probs_diff_max:1.0 - training/rollout_probs_diff_mean:0.8838270902633667 - training/rollout_probs_diff_std:0.32041624188423157 - training/rollout_actor_probs_pearson_corr:-0.006896860897541046 - rollout_corr/training_ppl:2.0052409702666106e+30 - rollout_corr/training_log_ppl:65.63722702482482 - rollout_corr/kl:65.63719144528838 - rollout_corr/k3_kl:64.75336182133469 - rollout_corr/rollout_ppl:1.000035958364606 - rollout_corr/rollout_log_ppl:3.594348766133848e-05 - rollout_corr/log_ppl_diff:65.63719132607906 - rollout_corr/log_ppl_abs_diff:65.63719132607906 - rollout_corr/log_ppl_diff_max:72.93170166015625 - rollout_corr/log_ppl_diff_min:1.7845883121481165e-05 - rollout_corr/ppl_ratio:2.0049750713712606e+30 - rollout_corr/chi2_token:-0.8838366782292724 - rollout_corr/chi2_seq:-0.9865001486614347 - actor/pg_loss:0.9375 - actor/kl_loss:0.0 - actor/grpo_loss:0.0 - actor/vopd_loss:0.9375 - actor/vopd_loss_weighted:0.9375 - opsa/selection_level:1.0 - opsa/micro_selected_tokens:819.1875 - opsa/clipfrac:0.0 - self_distillation/num_distill_tokens:819.1875 - actor/grad_norm:4378.71630859375 - timing_s/update_actor/student_forward:28.25311070305179 - timing_s/update_actor/teacher_forward:0.0 - timing_s/update_actor/teacher_full_forward:0.0 - timing_s/update_actor/loss_compute:0.020215978933265433 - timing_s/update_actor/backward:72.3471410540078 - timing_s/update_actor/optimizer_step:0.08484239300014451 - timing_s/update_actor/teacher_ema_update:3.036200359929353e-05 - perf/mfu/actor:0.0 - perf/max_memory_allocated_gb:82.0756196975708 - perf/max_memory_reserved_gb:91.09375 - perf/cpu_memory_used_gb:256.48622131347656 - actor/lr:1e-06 - training/global_step:58 - training/epoch:1 - response_length/mean:4096.0 - response_length/max:4096.0 - response_length/min:4096.0 - response_length/clip_ratio:1.0 - response_length_non_aborted/mean:4096.0 - response_length_non_aborted/max:4096.0 - response_length_non_aborted/min:4096.0 - response_length_non_aborted/clip_ratio:1.0 - response/aborted_ratio:0.0 - prompt_length/mean:3410.734375 - prompt_length/max:4473.0 - prompt_length/min:3172.0 - prompt_length/clip_ratio:0.0 - num_turns/min:2 - num_turns/max:2 - num_turns/mean:2.0 - critic/advantages/mean:-0.1999969482421875 - critic/advantages/max:0.0 - critic/advantages/min:-1.0 - timing_s/start_profile:2.035799843724817e-05 - timing_s/agent_loop/generate_sequences/min:74.33780496800318 - timing_s/agent_loop/generate_sequences/max:76.05429070799437 - timing_s/agent_loop/generate_sequences/mean:75.23366211631264 - timing_s/agent_loop/tool_calls/min:0.0 - timing_s/agent_loop/tool_calls/max:0.0 - timing_s/agent_loop/tool_calls/mean:0.0 - timing_s/agent_loop/slowest/generate_sequences:76.05429070799437 - timing_s/agent_loop/slowest/tool_calls:0.0 - timing_s/agent_loop/slowest/prompt_length:3354 - timing_s/agent_loop/slowest/response_length:4096 - timing_s/gen:82.73163889101124 - timing_s/old_log_prob:31.109395859995857 - timing_s/adv:0.002712624002015218 - timing_s/update_actor:112.80439947600826 - timing_s/dump_rollout_generations:0.08365223900182173 - timing_s/step:226.74624131100427 - timing_s/stop_profile:2.4944005417637527e-05 - timing_per_token_ms/update_actor:0.23479833623560564 - timing_per_token_ms/adv:5.646230160033841e-06 - timing_per_token_ms/gen:0.3155961566582155 - perf/total_num_tokens:480431 - perf/time_per_step:226.74624131100427 - perf/throughput:1059.402346037222[36m(TaskRunner pid=929411)[0m Training Progress:  52%|█████▏    | 59/114 [3:14:07<3:28:55, 227.92s/it]
[36m(TaskRunner pid=929411)[0m Training Progress:  53%|█████▎    | 60/114 [3:18:18<3:31:20, 234.82s/it]

[36m(TaskRunner pid=929411)[0m Dumped generations to /scratch/nkw3mr/Vision-OPD-OPSA/rollouts/OPSA-Qwen3.5-4B-think/59.jsonl
[36m(TaskRunner pid=929411)[0m step:59 - global_seqlen/min:482595 - global_seqlen/max:482595 - global_seqlen/minmax_diff:0 - global_seqlen/balanced_min:482595 - global_seqlen/balanced_max:482595 - global_seqlen/mean:482595.0 - actor/entropy:0.0007320125187106896 - perf/mfu/actor_infer:0 - opsa/selected_tokens:52428.0 - opsa/selected_fraction:0.1999969482421875 - opsa/advantage_mean:-1.0 - opsa/sel_logp_mean:-79.98661974517434 - opsa/zero_sel_responses:1.0 - opsa/sel_entropy_mean:0.0 - opsa/sel_entropy_max:0.0 - opsa/sel_entropy_min:0.0 - training/rollout_probs_diff_valid:1 - training/rollout_probs_diff_max:1.0 - training/rollout_probs_diff_mean:0.901624858379364 - training/rollout_probs_diff_std:0.2977527976036072 - training/rollout_actor_probs_pearson_corr:-0.010322474874556065 - rollout_corr/training_ppl:4.644164006461e+31 - rollout_corr/training_log_ppl:69.4730693101883 - rollout_corr/kl:69.47294298366614 - rollout_corr/k3_kl:68.57133405927016 - rollout_corr/rollout_ppl:1.0001264922320843 - rollout_corr/rollout_log_ppl:0.0001263675448905377 - rollout_corr/log_ppl_diff:69.4729434605033 - rollout_corr/log_ppl_abs_diff:69.4729434605033 - rollout_corr/log_ppl_diff_max:76.13786315917969 - rollout_corr/log_ppl_diff_min:0.004412050824612379 - rollout_corr/ppl_ratio:4.6440460709659e+31 - rollout_corr/chi2_token:-0.9014805890619755 - rollout_corr/chi2_seq:-1.0 - actor/pg_loss:0.984375 - actor/kl_loss:0.0 - actor/grpo_loss:0.0 - actor/vopd_loss:0.984375 - actor/vopd_loss_weighted:0.984375 - opsa/selection_level:1.0 - opsa/micro_selected_tokens:819.1875 - opsa/clipfrac:0.0 - self_distillation/num_distill_tokens:819.1875 - actor/grad_norm:3402.66064453125 - timing_s/update_actor/student_forward:28.725887643027818 - timing_s/update_actor/teacher_forward:0.0 - timing_s/update_actor/teacher_full_forward:0.0 - timing_s/update_actor/loss_compute:0.020445874048164114 - timing_s/update_actor/backward:72.8390308299422 - timing_s/update_actor/optimizer_step:0.08490338199771941 - timing_s/update_actor/teacher_ema_update:2.9691000236198306e-05 - perf/mfu/actor:0.0 - perf/max_memory_allocated_gb:82.0756196975708 - perf/max_memory_reserved_gb:91.09375 - perf/cpu_memory_used_gb:256.48463439941406 - actor/lr:1e-06 - training/global_step:59 - training/epoch:1 - response_length/mean:4096.0 - response_length/max:4096.0 - response_length/min:4096.0 - response_length/clip_ratio:1.0 - response_length_non_aborted/mean:4096.0 - response_length_non_aborted/max:4096.0 - response_length_non_aborted/min:4096.0 - response_length_non_aborted/clip_ratio:1.0 - response/aborted_ratio:0.0 - prompt_length/mean:3444.546875 - prompt_length/max:5643.0 - prompt_length/min:3169.0 - prompt_length/clip_ratio:0.0 - num_turns/min:2 - num_turns/max:2 - num_turns/mean:2.0 - critic/advantages/mean:-0.1999969482421875 - critic/advantages/max:0.0 - critic/advantages/min:-1.0 - timing_s/start_profile:2.2751002688892186e-05 - timing_s/agent_loop/generate_sequences/min:75.10614390599949 - timing_s/agent_loop/generate_sequences/max:76.3257139769994 - timing_s/agent_loop/generate_sequences/mean:75.76432700110877 - timing_s/agent_loop/tool_calls/min:0.0 - timing_s/agent_loop/tool_calls/max:0.0 - timing_s/agent_loop/tool_calls/mean:0.0 - timing_s/agent_loop/slowest/generate_sequences:76.3257139769994 - timing_s/agent_loop/slowest/tool_calls:0.0 - timing_s/agent_loop/slowest/prompt_length:3346 - timing_s/agent_loop/slowest/response_length:4096 - timing_s/gen:83.07858054099779 - timing_s/old_log_prob:31.68706418799411 - timing_s/adv:0.0026801990024978295 - timing_s/update_actor:113.77247949599405 - timing_s/dump_rollout_generations:0.08158165200438816 - timing_s/step:228.63767948700115 - timing_s/stop_profile:2.8198002837598324e-05 - timing_per_token_ms/update_actor:0.2357514675783919 - timing_per_token_ms/adv:5.5537231063268984e-06 - timing_per_token_ms/gen:0.3169196340217506 - perf/total_num_tokens:482595 - perf/time_per_step:228.63767948700115 - perf/throughput:1055.3706656811946
[36m(TaskRunner pid=929411)[0m Dumped generations to /scratch/nkw3mr/Vision-OPD-OPSA/rollouts/OPSA-Qwen3.5-4B-think/60.jsonl
[36m(TaskRunner pid=929411)[0m local_global_step_folder: /scratch/nkw3mr/Vision-OPD-OPSA/checkpoints/OPSA-Qwen3.5-4B-think/global_step_60
[36m(TaskRunner pid=929411)[0m step:60 - global_seqlen/min:482176 - global_seqlen/max:482176 - global_seqlen/minmax_diff:0 - global_seqlen/balanced_min:482176 - global_seqlen/balanced_max:482176 - global_seqlen/mean:482176.0 - actor/entropy:0.0005719725122617092 - perf/mfu/actor_infer:0 - opsa/selected_tokens:52428.0 - opsa/selected_fraction:0.1999969482421875 - opsa/advantage_mean:-1.0 - opsa/sel_logp_mean:-83.68896391241321 - opsa/zero_sel_responses:3.0 - opsa/sel_entropy_mean:0.0 - opsa/sel_entropy_max:0.0 - opsa/sel_entropy_min:0.0 - training/rollout_probs_diff_valid:1 - training/rollout_probs_diff_max:1.0 - training/rollout_probs_diff_mean:0.8856428265571594 - training/rollout_probs_diff_std:0.3181510865688324 - training/rollout_actor_probs_pearson_corr:-0.016484804451465607 - rollout_corr/training_ppl:3.376238507942503e+33 - rollout_corr/training_log_ppl:72.13069337068009 - rollout_corr/kl:72.13045966391655 - rollout_corr/k3_kl:71.24486983034876 - rollout_corr/rollout_ppl:1.0002349838614464 - rollout_corr/rollout_log_ppl:0.0002347794836300432 - rollout_corr/log_ppl_diff:72.13045894863899 - rollout_corr/log_ppl_abs_diff:72.13045894863899 - rollout_corr/log_ppl_diff_max:80.30115509033203 - rollout_corr/log_ppl_diff_min:0.005684025585651398 - rollout_corr/ppl_ratio:3.375711190140465e+33 - rollout_corr/chi2_token:-0.8854681830853224 - rollout_corr/chi2_seq:-1.0 - actor/pg_loss:0.953125 - actor/kl_loss:0.0 - actor/grpo_loss:0.0 - actor/vopd_loss:0.953125 - actor/vopd_loss_weighted:0.953125 - opsa/selection_level:1.0 - opsa/micro_selected_tokens:819.1875 - opsa/clipfrac:0.0 - self_distillation/num_distill_tokens:819.1875 - actor/grad_norm:1889.173095703125 - timing_s/update_actor/student_forward:28.48686072700366 - timing_s/update_actor/teacher_forward:0.0 - timing_s/update_actor/teacher_full_forward:0.0 - timing_s/update_actor/loss_compute:0.019970395020209253 - timing_s/update_actor/backward:72.81013588495262 - timing_s/update_actor/optimizer_step:0.08492852399649564 - timing_s/update_actor/teacher_ema_update:2.993100497405976e-05 - perf/mfu/actor:0.0 - perf/max_memory_allocated_gb:82.0756196975708 - perf/max_memory_reserved_gb:91.09375 - perf/cpu_memory_used_gb:256.8552894592285 - actor/lr:1e-06 - training/global_step:60 - training/epoch:1 - response_length/mean:4096.0 - response_length/max:4096.0 - response_length/min:4096.0 - response_length/clip_ratio:1.0 - response_length_non_aborted/mean:4096.0 - response_length_non_aborted/max:4096.0 - response_length_non_aborted/min:4096.0 - response_length_non_aborted/clip_ratio:1.0 - response/aborted_ratio:0.0 - prompt_length/mean:3438.0 - prompt_length/max:5178.0 - prompt_length/min:3340.0 - prompt_length/clip_ratio:0.0 - num_turns/min:2 - num_turns/max:2 - num_turns/mean:2.0 - critic/advantages/mean:-0.1999969482421875 - critic/advantages/max:0.0 - critic/advantages/min:-1.0 - timing_s/start_profile:2.7256988687440753e-05 - timing_s/agent_loop/generate_sequences/min:75.4075850030058 - timing_s/agent_loop/generate_sequences/max:76.31786741300311 - timing_s/agent_loop/generate_sequences/mean:75.91321682795387 - timing_s/agent_loop/tool_calls/min:0.0 - timing_s/agent_loop/tool_calls/max:0.0 - timing_s/agent_loop/tool_calls/mean:0.0 - timing_s/agent_loop/slowest/generate_sequences:76.31786741300311 - timing_s/agent_loop/slowest/tool_calls:0.0 - timing_s/agent_loop/slowest/prompt_length:3344 - timing_s/agent_loop/slowest/response_length:4096 - timing_s/gen:83.1318718590046 - timing_s/old_log_prob:31.491753055990557 - timing_s/adv:0.002761270006885752 - timing_s/update_actor:113.74122097200598 - timing_s/dump_rollout_generations:0.0719710679986747 - timing_s/step:228.4537363290001 - timing_s/save_checkpoint:22.43870456800505 - timing_s/stop_profile:2.8839000151492655e-05 - timing_per_token_ms/update_actor:0.23589150221497124 - timing_per_token_ms/adv:5.726684876239697e-06 - timing_per_token_ms/gen:0.31712292426683275 - perf/total_num_tokens:482176 - perf/time_per_step:228.4537363290001 - perf/throughput:1055.303379467627[36m(WorkerDict pid=942995)[0m /sfs/weka/scratch/nkw3mr/Vision-OPD-OPSA/verl/utils/device.py:134: FutureWarning: torch.cuda._set_allocator_settings is deprecated. Use torch._C._accelerator_setAllocatorSettings instead.
[36m(WorkerDict pid=942995)[0m   torch.cuda.memory._set_allocator_settings(f"expandable_segments:{enable}")
[36m(TaskRunner pid=929411)[0m Training Progress:  54%|█████▎    | 61/114 [3:22:03<3:24:44, 231.78s/it]
[36m(WorkerDict pid=942993)[0m /sfs/weka/scratch/nkw3mr/Vision-OPD-OPSA/verl/utils/device.py:134: FutureWarning: torch.cuda._set_allocator_settings is deprecated. Use torch._C._accelerator_setAllocatorSettings instead.
[36m(WorkerDict pid=942993)[0m   torch.cuda.memory._set_allocator_settings(f"expandable_segments:{enable}")
[36m(TaskRunner pid=929411)[0m Training Progress:  54%|█████▍    | 62/114 [3:25:42<3:17:48, 228.24s/it]

[36m(TaskRunner pid=929411)[0m Dumped generations to /scratch/nkw3mr/Vision-OPD-OPSA/rollouts/OPSA-Qwen3.5-4B-think/61.jsonl
[36m(TaskRunner pid=929411)[0m step:61 - global_seqlen/min:470895 - global_seqlen/max:470895 - global_seqlen/minmax_diff:0 - global_seqlen/balanced_min:470895 - global_seqlen/balanced_max:470895 - global_seqlen/mean:470895.0 - actor/entropy:0.0009012166053374848 - perf/mfu/actor_infer:0 - opsa/selected_tokens:50074.0 - opsa/selected_fraction:0.19999680478004905 - opsa/advantage_mean:-1.0 - opsa/sel_logp_mean:-86.78276151296082 - opsa/zero_sel_responses:8.0 - opsa/sel_entropy_mean:0.0 - opsa/sel_entropy_max:0.0 - opsa/sel_entropy_min:0.0 - training/rollout_probs_diff_valid:1 - training/rollout_probs_diff_max:1.0 - training/rollout_probs_diff_mean:0.8822575807571411 - training/rollout_probs_diff_std:0.32205796241760254 - training/rollout_actor_probs_pearson_corr:-0.01179648470133543 - rollout_corr/training_ppl:2.396198573740067e+34 - rollout_corr/training_log_ppl:70.38835689432744 - rollout_corr/kl:70.38603307112498 - rollout_corr/k3_kl:69.54308455745922 - rollout_corr/rollout_ppl:1.0023462530225515 - rollout_corr/rollout_log_ppl:0.002324221651621161 - rollout_corr/log_ppl_diff:70.3860324755442 - rollout_corr/log_ppl_abs_diff:70.3860324755442 - rollout_corr/log_ppl_diff_max:82.65699005126953 - rollout_corr/log_ppl_diff_min:0.005288913380354643 - rollout_corr/ppl_ratio:2.395443844766097e+34 - rollout_corr/chi2_token:-0.8286658944562078 - rollout_corr/chi2_seq:-1.0 - actor/pg_loss:0.875 - actor/kl_loss:0.0 - actor/grpo_loss:0.0 - actor/vopd_loss:0.875 - actor/vopd_loss_weighted:0.875 - opsa/selection_level:1.0 - opsa/micro_selected_tokens:782.40625 - opsa/clipfrac:0.0 - self_distillation/num_distill_tokens:782.40625 - actor/grad_norm:1891.796630859375 - timing_s/update_actor/student_forward:28.183885489037493 - timing_s/update_actor/teacher_forward:0.0 - timing_s/update_actor/teacher_full_forward:0.0 - timing_s/update_actor/loss_compute:0.020200826053041965 - timing_s/update_actor/backward:72.20488098607166 - timing_s/update_actor/optimizer_step:0.08495242599747144 - timing_s/update_actor/teacher_ema_update:2.8398993890732527e-05 - perf/mfu/actor:0.0 - perf/max_memory_allocated_gb:82.0756196975708 - perf/max_memory_reserved_gb:91.09375 - perf/cpu_memory_used_gb:256.89877700805664 - actor/lr:1e-06 - training/global_step:61 - training/epoch:1 - response_length/mean:3912.09375 - response_length/max:4096.0 - response_length/min:109.0 - response_length/clip_ratio:0.953125 - response_length_non_aborted/mean:3912.09375 - response_length_non_aborted/max:4096.0 - response_length_non_aborted/min:109.0 - response_length_non_aborted/clip_ratio:0.953125 - response/aborted_ratio:0.0 - prompt_length/mean:3445.640625 - prompt_length/max:5886.0 - prompt_length/min:3248.0 - prompt_length/clip_ratio:0.0 - num_turns/min:2 - num_turns/max:2 - num_turns/mean:2.0 - critic/advantages/mean:-0.19999679923057556 - critic/advantages/max:0.0 - critic/advantages/min:-1.0 - timing_s/start_profile:3.168400144204497e-05 - timing_s/agent_loop/generate_sequences/min:8.484377244007192 - timing_s/agent_loop/generate_sequences/max:74.95330611300597 - timing_s/agent_loop/generate_sequences/mean:71.55849221929702 - timing_s/agent_loop/tool_calls/min:0.0 - timing_s/agent_loop/tool_calls/max:0.0 - timing_s/agent_loop/tool_calls/mean:0.0 - timing_s/agent_loop/slowest/generate_sequences:74.95330611300597 - timing_s/agent_loop/slowest/tool_calls:0.0 - timing_s/agent_loop/slowest/prompt_length:3533 - timing_s/agent_loop/slowest/response_length:4096 - timing_s/gen:81.2709076970059 - timing_s/old_log_prob:31.13402175300871 - timing_s/adv:0.0031752889917697757 - timing_s/update_actor:112.12883124999644 - timing_s/dump_rollout_generations:0.07209331600461155 - timing_s/step:224.62229163500888 - timing_s/stop_profile:2.5325003662146628e-05 - timing_per_token_ms/update_actor:0.23811854288110182 - timing_per_token_ms/adv:6.743093453465796e-06 - timing_per_token_ms/gen:0.3245980321319542 - perf/total_num_tokens:470895 - perf/time_per_step:224.62229163500888 - perf/throughput:1048.1929388494582
[36m(TaskRunner pid=929411)[0m Dumped generations to /scratch/nkw3mr/Vision-OPD-OPSA/rollouts/OPSA-Qwen3.5-4B-think/62.jsonl
[36m(TaskRunner pid=929411)[0m step:62 - global_seqlen/min:455583 - global_seqlen/max:455583 - global_seqlen/minmax_diff:0 - global_seqlen/balanced_min:455583 - global_seqlen/balanced_max:455583 - global_seqlen/mean:455583.0 - actor/entropy:0.003498113235919753 - perf/mfu/actor_infer:0 - opsa/selected_tokens:47756.0 - opsa/selected_fraction:0.19999664969177164 - opsa/advantage_mean:-1.0 - opsa/sel_logp_mean:-89.6248220118938 - opsa/zero_sel_responses:22.0 - opsa/sel_entropy_mean:0.0 - opsa/sel_entropy_max:0.0 - opsa/sel_entropy_min:0.0 - training/rollout_probs_diff_valid:1 - training/rollout_probs_diff_max:1.0 - training/rollout_probs_diff_mean:0.8751893043518066 - training/rollout_probs_diff_std:0.329389750957489 - training/rollout_actor_probs_pearson_corr:-0.01882820390164852 - rollout_corr/training_ppl:1.954590352191185e+34 - rollout_corr/training_log_ppl:67.17117934928683 - rollout_corr/kl:67.16529678158986 - rollout_corr/k3_kl:66.36568078694108 - rollout_corr/rollout_ppl:1.005972070619464 - rollout_corr/rollout_log_ppl:0.005882974159540311 - rollout_corr/log_ppl_diff:67.16529678088409 - rollout_corr/log_ppl_abs_diff:67.16529678088409 - rollout_corr/log_ppl_diff_max:80.13822174072266 - rollout_corr/log_ppl_diff_min:0.006720141042023897 - rollout_corr/ppl_ratio:1.9521984348829865e+34 - rollout_corr/chi2_token:-0.7951459381729364 - rollout_corr/chi2_seq:-1.0 - actor/pg_loss:0.65625 - actor/kl_loss:0.0 - actor/grpo_loss:0.0 - actor/vopd_loss:0.65625 - actor/vopd_loss_weighted:0.65625 - opsa/selection_level:1.0 - opsa/micro_selected_tokens:746.1875 - opsa/clipfrac:0.0 - self_distillation/num_distill_tokens:746.1875 - actor/grad_norm:2064.59814453125 - timing_s/update_actor/student_forward:28.01266507602122 - timing_s/update_actor/teacher_forward:0.0 - timing_s/update_actor/teacher_full_forward:0.0 - timing_s/update_actor/loss_compute:0.020345021970570087 - timing_s/update_actor/backward:70.29431879197364 - timing_s/update_actor/optimizer_step:0.08492770600423682 - timing_s/update_actor/teacher_ema_update:2.8107999241910875e-05 - perf/mfu/actor:0.0 - perf/max_memory_allocated_gb:82.0756196975708 - perf/max_memory_reserved_gb:91.09375 - perf/cpu_memory_used_gb:256.4414176940918 - actor/lr:1e-06 - training/global_step:62 - training/epoch:1 - response_length/mean:3731.0 - response_length/max:4096.0 - response_length/min:99.0 - response_length/clip_ratio:0.875 - response_length_non_aborted/mean:3731.0 - response_length_non_aborted/max:4096.0 - response_length_non_aborted/min:99.0 - response_length_non_aborted/clip_ratio:0.875 - response/aborted_ratio:0.0 - prompt_length/mean:3387.484375 - prompt_length/max:5366.0 - prompt_length/min:3252.0 - prompt_length/clip_ratio:0.0 - num_turns/min:2 - num_turns/max:2 - num_turns/mean:2.0 - critic/advantages/mean:-0.19999665021896362 - critic/advantages/max:0.0 - critic/advantages/min:-1.0 - timing_s/start_profile:6.395700620487332e-05 - timing_s/agent_loop/generate_sequences/min:7.539241379010491 - timing_s/agent_loop/generate_sequences/max:73.31291681800212 - timing_s/agent_loop/generate_sequences/mean:66.79220160279783 - timing_s/agent_loop/tool_calls/min:0.0 - timing_s/agent_loop/tool_calls/max:0.0 - timing_s/agent_loop/tool_calls/mean:0.0 - timing_s/agent_loop/slowest/generate_sequences:73.31291681800212 - timing_s/agent_loop/slowest/tool_calls:0.0 - timing_s/agent_loop/slowest/prompt_length:3362 - timing_s/agent_loop/slowest/response_length:4096 - timing_s/gen:79.8632382479991 - timing_s/old_log_prob:30.219159092011978 - timing_s/adv:0.005247752997092903 - timing_s/update_actor:109.74894068601134 - timing_s/dump_rollout_generations:0.07708381899283268 - timing_s/step:219.92707252601394 - timing_s/stop_profile:2.9360002372413874e-05 - timing_per_token_ms/update_actor:0.24089779619961968 - timing_per_token_ms/adv:1.1518763863210222e-05 - timing_per_token_ms/gen:0.3344580803068845 - perf/total_num_tokens:455583 - perf/time_per_step:219.92707252601394 - perf/throughput:1035.7592513902798[36m(TaskRunner pid=929411)[0m Training Progress:  55%|█████▌    | 63/114 [3:29:49<3:18:32, 233.58s/it]
[36m(TaskRunner pid=929411)[0m Training Progress:  56%|█████▌    | 64/114 [3:35:06<3:35:40, 258.81s/it]

[36m(TaskRunner pid=929411)[0m Dumped generations to /scratch/nkw3mr/Vision-OPD-OPSA/rollouts/OPSA-Qwen3.5-4B-think/63.jsonl
[36m(TaskRunner pid=929411)[0m step:63 - global_seqlen/min:443240 - global_seqlen/max:443240 - global_seqlen/minmax_diff:0 - global_seqlen/balanced_min:443240 - global_seqlen/balanced_max:443240 - global_seqlen/mean:443240.0 - actor/entropy:0.002769653609645484 - perf/mfu/actor_infer:0 - opsa/selected_tokens:45042.0 - opsa/selected_fraction:0.19999733585539023 - opsa/advantage_mean:-1.0 - opsa/sel_logp_mean:-92.66220416500155 - opsa/zero_sel_responses:22.0 - opsa/sel_entropy_mean:0.0 - opsa/sel_entropy_max:0.0 - opsa/sel_entropy_min:0.0 - training/rollout_probs_diff_valid:1 - training/rollout_probs_diff_max:1.0 - training/rollout_probs_diff_mean:0.8958491086959839 - training/rollout_probs_diff_std:0.3041936755180359 - training/rollout_actor_probs_pearson_corr:-0.022723488509655 - rollout_corr/training_ppl:8.920293574650612e+35 - rollout_corr/training_log_ppl:65.96702408930287 - rollout_corr/kl:65.95674792211503 - rollout_corr/k3_kl:65.18570562079549 - rollout_corr/rollout_ppl:1.010501254349947 - rollout_corr/rollout_log_ppl:0.010276956722123032 - rollout_corr/log_ppl_diff:65.95674660429358 - rollout_corr/log_ppl_abs_diff:65.95674660429358 - rollout_corr/log_ppl_diff_max:86.58240509033203 - rollout_corr/log_ppl_diff_min:0.42551350593566895 - rollout_corr/ppl_ratio:8.912149890372439e+35 - rollout_corr/chi2_token:-0.5672050686553121 - rollout_corr/chi2_seq:-1.0 - actor/pg_loss:0.65625 - actor/kl_loss:0.0 - actor/grpo_loss:0.0 - actor/vopd_loss:0.65625 - actor/vopd_loss_weighted:0.65625 - opsa/selection_level:1.0 - opsa/micro_selected_tokens:703.78125 - opsa/clipfrac:0.0 - self_distillation/num_distill_tokens:703.78125 - actor/grad_norm:1116.138427734375 - timing_s/update_actor/student_forward:31.773498311988078 - timing_s/update_actor/teacher_forward:0.0 - timing_s/update_actor/teacher_full_forward:0.0 - timing_s/update_actor/loss_compute:0.048482780999620445 - timing_s/update_actor/backward:82.55701353996119 - timing_s/update_actor/optimizer_step:0.0849333999940427 - timing_s/update_actor/teacher_ema_update:3.1803996535018086e-05 - perf/mfu/actor:0.0 - perf/max_memory_allocated_gb:82.0756196975708 - perf/max_memory_reserved_gb:91.09375 - perf/cpu_memory_used_gb:256.8824920654297 - actor/lr:1e-06 - training/global_step:63 - training/epoch:1 - response_length/mean:3518.953125 - response_length/max:4096.0 - response_length/min:76.0 - response_length/clip_ratio:0.828125 - response_length_non_aborted/mean:3518.953125 - response_length_non_aborted/max:4096.0 - response_length_non_aborted/min:76.0 - response_length_non_aborted/clip_ratio:0.828125 - response/aborted_ratio:0.0 - prompt_length/mean:3406.671875 - prompt_length/max:4303.0 - prompt_length/min:3160.0 - prompt_length/clip_ratio:0.0 - num_turns/min:2 - num_turns/max:2 - num_turns/mean:2.0 - critic/advantages/mean:-0.19999733567237854 - critic/advantages/max:0.0 - critic/advantages/min:-1.0 - timing_s/start_profile:5.193099786993116e-05 - timing_s/agent_loop/generate_sequences/min:7.269668244989589 - timing_s/agent_loop/generate_sequences/max:84.14716137999494 - timing_s/agent_loop/generate_sequences/mean:70.26909452487394 - timing_s/agent_loop/tool_calls/min:0.0 - timing_s/agent_loop/tool_calls/max:0.0 - timing_s/agent_loop/tool_calls/mean:0.0 - timing_s/agent_loop/slowest/generate_sequences:84.14716137999494 - timing_s/agent_loop/slowest/tool_calls:0.0 - timing_s/agent_loop/slowest/prompt_length:3345 - timing_s/agent_loop/slowest/response_length:4096 - timing_s/gen:90.56885098099883 - timing_s/old_log_prob:29.22446595999645 - timing_s/adv:0.00527975799923297 - timing_s/update_actor:126.077620105003 - timing_s/dump_rollout_generations:0.07771362899802625 - timing_s/step:245.96851208800217 - timing_s/stop_profile:2.8349008061923087e-05 - timing_per_token_ms/update_actor:0.28444549252098866 - timing_per_token_ms/adv:1.1911736303657093e-05 - timing_per_token_ms/gen:0.4021475269233962 - perf/total_num_tokens:443240 - perf/time_per_step:245.96851208800217 - perf/throughput:901.0096378544144
[36m(TaskRunner pid=929411)[0m Dumped generations to /scratch/nkw3mr/Vision-OPD-OPSA/rollouts/OPSA-Qwen3.5-4B-think/64.jsonl
[36m(TaskRunner pid=929411)[0m step:64 - global_seqlen/min:417700 - global_seqlen/max:417700 - global_seqlen/minmax_diff:0 - global_seqlen/balanced_min:417700 - global_seqlen/balanced_max:417700 - global_seqlen/mean:417700.0 - actor/entropy:0.02356471996542111 - perf/mfu/actor_infer:0 - opsa/selected_tokens:39904.0 - opsa/selected_fraction:0.19999599045728836 - opsa/advantage_mean:-1.0 - opsa/sel_logp_mean:-95.15286688051323 - opsa/zero_sel_responses:36.0 - opsa/sel_entropy_mean:0.0 - opsa/sel_entropy_max:0.0 - opsa/sel_entropy_min:0.0 - training/rollout_probs_diff_valid:1 - training/rollout_probs_diff_max:1.0 - training/rollout_probs_diff_mean:0.8617544770240784 - training/rollout_probs_diff_std:0.3423149883747101 - training/rollout_actor_probs_pearson_corr:-0.015659917145967484 - rollout_corr/training_ppl:inf - rollout_corr/training_log_ppl:56.11191164748743 - rollout_corr/kl:56.08541943645105 - rollout_corr/k3_kl:55.421560768503696 - rollout_corr/rollout_ppl:1.027858640998602 - rollout_corr/rollout_log_ppl:0.02649296135238899 - rollout_corr/log_ppl_diff:56.08541896007955 - rollout_corr/log_ppl_abs_diff:56.08541896007955 - rollout_corr/log_ppl_diff_max:90.95724487304688 - rollout_corr/log_ppl_diff_min:0.2771342098712921 - rollout_corr/ppl_ratio:inf - rollout_corr/chi2_token:-0.1509918849915266 - rollout_corr/chi2_seq:-1.0 - actor/pg_loss:0.4375 - actor/kl_loss:0.0 - actor/grpo_loss:0.0 - actor/vopd_loss:0.4375 - actor/vopd_loss_weighted:0.4375 - opsa/selection_level:1.0 - opsa/micro_selected_tokens:623.5 - opsa/clipfrac:0.0 - self_distillation/num_distill_tokens:623.5 - actor/grad_norm:639.6689453125 - timing_s/update_actor/student_forward:53.71708795397717 - timing_s/update_actor/teacher_forward:0.0 - timing_s/update_actor/teacher_full_forward:0.0 - timing_s/update_actor/loss_compute:0.23718084786378313 - timing_s/update_actor/backward:140.14855721098138 - timing_s/update_actor/optimizer_step:0.1828402660030406 - timing_s/update_actor/teacher_ema_update:5.503499414771795e-05 - perf/mfu/actor:0.0 - perf/max_memory_allocated_gb:82.0756196975708 - perf/max_memory_reserved_gb:91.09375 - perf/cpu_memory_used_gb:261.83436584472656 - actor/lr:1e-06 - training/global_step:64 - training/epoch:1 - response_length/mean:3117.5625 - response_length/max:4096.0 - response_length/min:46.0 - response_length/clip_ratio:0.671875 - response_length_non_aborted/mean:3117.5625 - response_length_non_aborted/max:4096.0 - response_length_non_aborted/min:46.0 - response_length_non_aborted/clip_ratio:0.671875 - response/aborted_ratio:0.0 - prompt_length/mean:3409.0 - prompt_length/max:4191.0 - prompt_length/min:3159.0 - prompt_length/clip_ratio:0.0 - num_turns/min:2 - num_turns/max:2 - num_turns/mean:2.0 - critic/advantages/mean:-0.1999959945678711 - critic/advantages/max:0.0 - critic/advantages/min:-1.0 - timing_s/start_profile:2.165000478271395e-05 - timing_s/agent_loop/generate_sequences/min:6.461483405000763 - timing_s/agent_loop/generate_sequences/max:68.38339197498863 - timing_s/agent_loop/generate_sequences/mean:52.86784552351628 - timing_s/agent_loop/tool_calls/min:0.0 - timing_s/agent_loop/tool_calls/max:0.0 - timing_s/agent_loop/tool_calls/mean:0.0 - timing_s/agent_loop/slowest/generate_sequences:68.38339197498863 - timing_s/agent_loop/slowest/tool_calls:0.0 - timing_s/agent_loop/slowest/prompt_length:3341 - timing_s/agent_loop/slowest/response_length:4096 - timing_s/gen:74.9814798800071 - timing_s/old_log_prob:29.941687283004285 - timing_s/adv:0.0048810209991643205 - timing_s/update_actor:212.6165641490079 - timing_s/dump_rollout_generations:0.06672475999221206 - timing_s/step:317.6266219149984 - timing_s/stop_profile:2.334199962206185e-05 - timing_per_token_ms/update_actor:0.5090173908283646 - timing_per_token_ms/adv:1.1685470431324684e-05 - timing_per_token_ms/gen:0.37580180770236715 - perf/total_num_tokens:417700 - perf/time_per_step:317.6266219149984 - perf/throughput:657.5330453751807[36m(TaskRunner pid=929411)[0m Training Progress:  57%|█████▋    | 65/114 [3:45:25<4:59:26, 366.66s/it]
[36m(TaskRunner pid=929411)[0m Training Progress:  58%|█████▊    | 66/114 [3:51:20<4:50:40, 363.34s/it]

[36m(TaskRunner pid=929411)[0m Dumped generations to /scratch/nkw3mr/Vision-OPD-OPSA/rollouts/OPSA-Qwen3.5-4B-think/65.jsonl
[36m(TaskRunner pid=929411)[0m step:65 - global_seqlen/min:340665 - global_seqlen/max:340665 - global_seqlen/minmax_diff:0 - global_seqlen/balanced_min:340665 - global_seqlen/balanced_max:340665 - global_seqlen/mean:340665.0 - actor/entropy:0.11715364747503448 - perf/mfu/actor_infer:0 - opsa/selected_tokens:24934.0 - opsa/selected_fraction:0.19999518741026526 - opsa/advantage_mean:-0.500040105879522 - opsa/sel_logp_mean:-97.22530480468437 - opsa/zero_sel_responses:52.0 - opsa/sel_entropy_mean:3.059835718133286e-10 - opsa/sel_entropy_max:3.814697265625e-06 - opsa/sel_entropy_min:0.0 - training/rollout_probs_diff_valid:1 - training/rollout_probs_diff_max:1.0 - training/rollout_probs_diff_mean:0.676050066947937 - training/rollout_probs_diff_std:0.4552527070045471 - training/rollout_actor_probs_pearson_corr:0.052298277616500854 - rollout_corr/training_ppl:inf - rollout_corr/training_log_ppl:23.82936791749671 - rollout_corr/kl:23.72342811943963 - rollout_corr/k3_kl:23.34469998255372 - rollout_corr/rollout_ppl:1.1751559730619192 - rollout_corr/rollout_log_ppl:0.10593966879594063 - rollout_corr/log_ppl_diff:23.723428125027567 - rollout_corr/log_ppl_abs_diff:23.723428125027567 - rollout_corr/log_ppl_diff_max:89.18987274169922 - rollout_corr/log_ppl_diff_min:0.2670944035053253 - rollout_corr/ppl_ratio:inf - rollout_corr/chi2_token:0.46283884067088366 - rollout_corr/chi2_seq:-1.0 - actor/pg_loss:0.09376186411827803 - actor/kl_loss:0.0 - actor/grpo_loss:0.0 - actor/vopd_loss:0.09376186411827803 - actor/vopd_loss_weighted:0.09376186411827803 - opsa/selection_level:1.0 - opsa/micro_selected_tokens:389.59375 - opsa/clipfrac:0.0 - self_distillation/num_distill_tokens:389.59375 - actor/grad_norm:209.52304077148438 - timing_s/update_actor/student_forward:62.800972781013115 - timing_s/update_actor/teacher_forward:0.0 - timing_s/update_actor/teacher_full_forward:0.0 - timing_s/update_actor/loss_compute:0.33771279091888573 - timing_s/update_actor/backward:158.4268370300415 - timing_s/update_actor/optimizer_step:0.09350144400377758 - timing_s/update_actor/teacher_ema_update:4.750500374939293e-05 - perf/mfu/actor:0.0 - perf/max_memory_allocated_gb:82.0756196975708 - perf/max_memory_reserved_gb:91.09375 - perf/cpu_memory_used_gb:261.8230171203613 - actor/lr:1e-06 - training/global_step:65 - training/epoch:1 - response_length/mean:1948.015625 - response_length/max:4096.0 - response_length/min:15.0 - response_length/clip_ratio:0.28125 - response_length_non_aborted/mean:1948.015625 - response_length_non_aborted/max:4096.0 - response_length_non_aborted/min:15.0 - response_length_non_aborted/clip_ratio:0.28125 - response/aborted_ratio:0.0 - prompt_length/mean:3374.875 - prompt_length/max:3955.0 - prompt_length/min:3106.0 - prompt_length/clip_ratio:0.0 - num_turns/min:2 - num_turns/max:2 - num_turns/mean:2.0 - critic/advantages/mean:-0.1000056117773056 - critic/advantages/max:0.0 - critic/advantages/min:-1.0 - timing_s/start_profile:2.125900937244296e-05 - timing_s/agent_loop/generate_sequences/min:12.87861985899508 - timing_s/agent_loop/generate_sequences/max:301.79381515500427 - timing_s/agent_loop/generate_sequences/mean:154.64447690007705 - timing_s/agent_loop/tool_calls/min:0.0 - timing_s/agent_loop/tool_calls/max:0.0 - timing_s/agent_loop/tool_calls/mean:0.0 - timing_s/agent_loop/slowest/generate_sequences:301.79381515500427 - timing_s/agent_loop/slowest/tool_calls:0.0 - timing_s/agent_loop/slowest/prompt_length:3349 - timing_s/agent_loop/slowest/response_length:4096 - timing_s/gen:310.0155996079993 - timing_s/old_log_prob:64.52484420100518 - timing_s/adv:0.003970160003518686 - timing_s/update_actor:243.6348639450007 - timing_s/dump_rollout_generations:0.05872458399971947 - timing_s/step:618.2516321389994 - timing_s/stop_profile:2.4132998078130186e-05 - timing_per_token_ms/update_actor:0.7151743323939961 - timing_per_token_ms/adv:1.1654147046273277e-05 - timing_per_token_ms/gen:2.4866298204743553 - perf/total_num_tokens:340665 - perf/time_per_step:618.2516321389994 - perf/throughput:275.5067534730013
[36m(TaskRunner pid=929411)[0m Dumped generations to /scratch/nkw3mr/Vision-OPD-OPSA/rollouts/OPSA-Qwen3.5-4B-think/66.jsonl
[36m(TaskRunner pid=929411)[0m step:66 - global_seqlen/min:324608 - global_seqlen/max:324608 - global_seqlen/minmax_diff:0 - global_seqlen/balanced_min:324608 - global_seqlen/balanced_max:324608 - global_seqlen/mean:324608.0 - actor/entropy:0.0873649344799111 - perf/mfu/actor_infer:0 - opsa/selected_tokens:21406.0 - opsa/selected_fraction:0.1999962627999103 - opsa/advantage_mean:-0.5042823036619406 - opsa/sel_logp_mean:-97.9314911706998 - opsa/zero_sel_responses:49.0 - opsa/sel_entropy_mean:9.801380684848482e-08 - opsa/sel_entropy_max:1.1444091796875e-05 - opsa/sel_entropy_min:0.0 - training/rollout_probs_diff_valid:1 - training/rollout_probs_diff_max:1.0 - training/rollout_probs_diff_mean:0.6186423301696777 - training/rollout_probs_diff_std:0.4755483567714691 - training/rollout_actor_probs_pearson_corr:0.07316762208938599 - rollout_corr/training_ppl:inf - rollout_corr/training_log_ppl:19.24538262898568 - rollout_corr/kl:19.15974430856295 - rollout_corr/k3_kl:18.878588638151996 - rollout_corr/rollout_ppl:1.092182470485568 - rollout_corr/rollout_log_ppl:0.08563849859365291 - rollout_corr/log_ppl_diff:19.15974404849112 - rollout_corr/log_ppl_abs_diff:19.15974404849112 - rollout_corr/log_ppl_diff_max:89.4693832397461 - rollout_corr/log_ppl_diff_min:0.0934574156999588 - rollout_corr/ppl_ratio:inf - rollout_corr/chi2_token:11.22377607692033 - rollout_corr/chi2_seq:-1.0 - actor/pg_loss:0.1179742980748415 - actor/kl_loss:0.0 - actor/grpo_loss:0.0 - actor/vopd_loss:0.1179742980748415 - actor/vopd_loss_weighted:0.1179742980748415 - opsa/selection_level:1.0 - opsa/micro_selected_tokens:334.46875 - opsa/clipfrac:0.0 - self_distillation/num_distill_tokens:334.46875 - actor/grad_norm:188.72027587890625 - timing_s/update_actor/student_forward:26.042087546986295 - timing_s/update_actor/teacher_forward:0.0 - timing_s/update_actor/teacher_full_forward:0.0 - timing_s/update_actor/loss_compute:0.020151077100308612 - timing_s/update_actor/backward:62.688800821022596 - timing_s/update_actor/optimizer_step:0.08486760400410276 - timing_s/update_actor/teacher_ema_update:3.0301001970656216e-05 - perf/mfu/actor:0.0 - perf/max_memory_allocated_gb:82.0756196975708 - perf/max_memory_reserved_gb:91.09375 - perf/cpu_memory_used_gb:257.29423904418945 - actor/lr:1e-06 - training/global_step:66 - training/epoch:1 - response_length/mean:1672.375 - response_length/max:4096.0 - response_length/min:15.0 - response_length/clip_ratio:0.203125 - response_length_non_aborted/mean:1672.375 - response_length_non_aborted/max:4096.0 - response_length_non_aborted/min:15.0 - response_length_non_aborted/clip_ratio:0.203125 - response/aborted_ratio:0.0 - prompt_length/mean:3399.625 - prompt_length/max:4049.0 - prompt_length/min:3156.0 - prompt_length/clip_ratio:0.0 - num_turns/min:2 - num_turns/max:2 - num_turns/mean:2.0 - critic/advantages/mean:-0.10085456818342209 - critic/advantages/max:0.0 - critic/advantages/min:-1.0 - timing_s/start_profile:2.156999835278839e-05 - timing_s/agent_loop/generate_sequences/min:8.411063598992769 - timing_s/agent_loop/generate_sequences/max:218.4353603250056 - timing_s/agent_loop/generate_sequences/mean:104.60686885243808 - timing_s/agent_loop/tool_calls/min:0.0 - timing_s/agent_loop/tool_calls/max:0.0 - timing_s/agent_loop/tool_calls/mean:0.0 - timing_s/agent_loop/slowest/generate_sequences:218.4353603250056 - timing_s/agent_loop/slowest/tool_calls:0.0 - timing_s/agent_loop/slowest/prompt_length:3341 - timing_s/agent_loop/slowest/response_length:4096 - timing_s/gen:226.61961843099562 - timing_s/old_log_prob:28.91651910400833 - timing_s/adv:0.0032406079990323633 - timing_s/update_actor:99.90664483600995 - timing_s/dump_rollout_generations:0.0721347470098408 - timing_s/step:355.53172522899695 - timing_s/stop_profile:2.7507994673214853e-05 - timing_per_token_ms/update_actor:0.30777628658569706 - timing_per_token_ms/adv:9.983142741498557e-06 - timing_per_token_ms/gen:2.1173071458161634 - perf/total_num_tokens:324608 - perf/time_per_step:355.53172522899695 - perf/throughput:456.5105966154229[36m(TaskRunner pid=929411)[0m Training Progress:  59%|█████▉    | 67/114 [3:54:38<4:05:42, 313.66s/it]
[36m(TaskRunner pid=929411)[0m Training Progress:  60%|█████▉    | 68/114 [3:57:45<3:31:21, 275.69s/it]

[36m(TaskRunner pid=929411)[0m Dumped generations to /scratch/nkw3mr/Vision-OPD-OPSA/rollouts/OPSA-Qwen3.5-4B-think/67.jsonl
[36m(TaskRunner pid=929411)[0m step:67 - global_seqlen/min:333971 - global_seqlen/max:333971 - global_seqlen/minmax_diff:0 - global_seqlen/balanced_min:333971 - global_seqlen/balanced_max:333971 - global_seqlen/mean:333971.0 - actor/entropy:0.05978803852227915 - perf/mfu/actor_infer:0 - opsa/selected_tokens:22840.0 - opsa/selected_fraction:0.19999649743437067 - opsa/advantage_mean:-0.5095373043454466 - opsa/sel_logp_mean:-100.67856830122592 - opsa/zero_sel_responses:51.0 - opsa/sel_entropy_mean:1.3097572946207947e-06 - opsa/sel_entropy_max:6.866455078125e-05 - opsa/sel_entropy_min:0.0 - training/rollout_probs_diff_valid:1 - training/rollout_probs_diff_max:1.0 - training/rollout_probs_diff_mean:0.7228788733482361 - training/rollout_probs_diff_std:0.43860235810279846 - training/rollout_actor_probs_pearson_corr:0.01520757656544447 - rollout_corr/training_ppl:inf - rollout_corr/training_log_ppl:28.71052767150104 - rollout_corr/kl:28.63423689827323 - rollout_corr/k3_kl:28.28430860489607 - rollout_corr/rollout_ppl:1.0823650863021612 - rollout_corr/rollout_log_ppl:0.076291307207498 - rollout_corr/log_ppl_diff:28.634236463345587 - rollout_corr/log_ppl_abs_diff:28.634236463345587 - rollout_corr/log_ppl_diff_max:92.86785125732422 - rollout_corr/log_ppl_diff_min:0.638472318649292 - rollout_corr/ppl_ratio:inf - rollout_corr/chi2_token:0.20550074893981218 - rollout_corr/chi2_seq:-1.0 - actor/pg_loss:0.10333131905645132 - actor/kl_loss:0.0 - actor/grpo_loss:0.0 - actor/vopd_loss:0.10333131905645132 - actor/vopd_loss_weighted:0.10333131905645132 - opsa/selection_level:1.0 - opsa/micro_selected_tokens:356.875 - opsa/clipfrac:0.0 - self_distillation/num_distill_tokens:356.875 - actor/grad_norm:164.07455444335938 - timing_s/update_actor/student_forward:27.404397787016933 - timing_s/update_actor/teacher_forward:0.0 - timing_s/update_actor/teacher_full_forward:0.0 - timing_s/update_actor/loss_compute:0.019653180992463604 - timing_s/update_actor/backward:63.37384983189986 - timing_s/update_actor/optimizer_step:0.08512709100614302 - timing_s/update_actor/teacher_ema_update:5.287300155032426e-05 - perf/mfu/actor:0.0 - perf/max_memory_allocated_gb:82.0756196975708 - perf/max_memory_reserved_gb:91.09375 - perf/cpu_memory_used_gb:251.2890625 - actor/lr:1e-06 - training/global_step:67 - training/epoch:1 - response_length/mean:1784.40625 - response_length/max:4096.0 - response_length/min:15.0 - response_length/clip_ratio:0.328125 - response_length_non_aborted/mean:1784.40625 - response_length_non_aborted/max:4096.0 - response_length_non_aborted/min:15.0 - response_length_non_aborted/clip_ratio:0.328125 - response/aborted_ratio:0.0 - prompt_length/mean:3433.890625 - prompt_length/max:3959.0 - prompt_length/min:3219.0 - prompt_length/clip_ratio:0.0 - num_turns/min:2 - num_turns/max:2 - num_turns/mean:2.0 - critic/advantages/mean:-0.10190568119287491 - critic/advantages/max:0.0 - critic/advantages/min:-1.0 - timing_s/start_profile:2.92899931082502e-05 - timing_s/agent_loop/generate_sequences/min:6.175917700005812 - timing_s/agent_loop/generate_sequences/max:59.54053035200923 - timing_s/agent_loop/generate_sequences/mean:29.552670883344035 - timing_s/agent_loop/tool_calls/min:0.0 - timing_s/agent_loop/tool_calls/max:0.0 - timing_s/agent_loop/tool_calls/mean:0.0 - timing_s/agent_loop/slowest/generate_sequences:59.54053035200923 - timing_s/agent_loop/slowest/tool_calls:0.0 - timing_s/agent_loop/slowest/prompt_length:3346 - timing_s/agent_loop/slowest/response_length:4096 - timing_s/gen:66.08792181999888 - timing_s/old_log_prob:29.31192478199955 - timing_s/adv:0.0038244489987846464 - timing_s/update_actor:102.20691088000603 - timing_s/dump_rollout_generations:0.059019774009357207 - timing_s/step:197.685383397009 - timing_s/stop_profile:3.0180992325767875e-05 - timing_per_token_ms/update_actor:0.3060352871357275 - timing_per_token_ms/adv:1.1451440390886174e-05 - timing_per_token_ms/gen:0.5786932087003632 - perf/total_num_tokens:333971 - perf/time_per_step:197.685383397009 - perf/throughput:844.7033216646331
[36m(TaskRunner pid=929411)[0m Dumped generations to /scratch/nkw3mr/Vision-OPD-OPSA/rollouts/OPSA-Qwen3.5-4B-think/68.jsonl
[36m(TaskRunner pid=929411)[0m step:68 - global_seqlen/min:307120 - global_seqlen/max:307120 - global_seqlen/minmax_diff:0 - global_seqlen/balanced_min:307120 - global_seqlen/balanced_max:307120 - global_seqlen/mean:307120.0 - actor/entropy:0.037074232079036346 - perf/mfu/actor_infer:0 - opsa/selected_tokens:18055.0 - opsa/selected_fraction:0.1999977845717577 - opsa/advantage_mean:-0.5029077817779009 - opsa/sel_logp_mean:-102.4669205206314 - opsa/zero_sel_responses:55.0 - opsa/sel_entropy_mean:6.655384510168005e-08 - opsa/sel_entropy_max:1.1444091796875e-05 - opsa/sel_entropy_min:0.0 - training/rollout_probs_diff_valid:1 - training/rollout_probs_diff_max:1.0 - training/rollout_probs_diff_mean:0.5599402785301208 - training/rollout_probs_diff_std:0.48689135909080505 - training/rollout_actor_probs_pearson_corr:0.06265223771333694 - rollout_corr/training_ppl:inf - rollout_corr/training_log_ppl:19.802089469740167 - rollout_corr/kl:19.717301935190335 - rollout_corr/k3_kl:19.521858523134142 - rollout_corr/rollout_ppl:1.0911643151193857 - rollout_corr/rollout_log_ppl:0.0847873138700379 - rollout_corr/log_ppl_diff:19.717302126344293 - rollout_corr/log_ppl_abs_diff:19.717302126344293 - rollout_corr/log_ppl_diff_max:98.17137908935547 - rollout_corr/log_ppl_diff_min:0.2161063551902771 - rollout_corr/ppl_ratio:inf - rollout_corr/chi2_token:3.5472044022753835 - rollout_corr/chi2_seq:-1.0 - actor/pg_loss:0.07060858327895403 - actor/kl_loss:0.0 - actor/grpo_loss:0.0 - actor/vopd_loss:0.07060858327895403 - actor/vopd_loss_weighted:0.07060858327895403 - opsa/selection_level:1.0 - opsa/micro_selected_tokens:282.109375 - opsa/clipfrac:0.0 - self_distillation/num_distill_tokens:282.109375 - actor/grad_norm:107.31771850585938 - timing_s/update_actor/student_forward:25.39197874299134 - timing_s/update_actor/teacher_forward:0.0 - timing_s/update_actor/teacher_full_forward:0.0 - timing_s/update_actor/loss_compute:0.01983066400862299 - timing_s/update_actor/backward:61.24895179498708 - timing_s/update_actor/optimizer_step:0.08514042700699065 - timing_s/update_actor/teacher_ema_update:2.7937989216297865e-05 - perf/mfu/actor:0.0 - perf/max_memory_allocated_gb:82.0756196975708 - perf/max_memory_reserved_gb:91.09375 - perf/cpu_memory_used_gb:247.90897369384766 - actor/lr:1e-06 - training/global_step:68 - training/epoch:1 - response_length/mean:1410.5625 - response_length/max:4096.0 - response_length/min:13.0 - response_length/clip_ratio:0.171875 - response_length_non_aborted/mean:1410.5625 - response_length_non_aborted/max:4096.0 - response_length_non_aborted/min:13.0 - response_length_non_aborted/clip_ratio:0.171875 - response/aborted_ratio:0.0 - prompt_length/mean:3388.1875 - prompt_length/max:3957.0 - prompt_length/min:3150.0 - prompt_length/clip_ratio:0.0 - num_turns/min:2 - num_turns/max:2 - num_turns/mean:2.0 - critic/advantages/mean:-0.10058043897151947 - critic/advantages/max:0.0 - critic/advantages/min:-1.0 - timing_s/start_profile:6.416800897568464e-05 - timing_s/agent_loop/generate_sequences/min:6.633795240006293 - timing_s/agent_loop/generate_sequences/max:57.07570502399176 - timing_s/agent_loop/generate_sequences/mean:24.224928313593182 - timing_s/agent_loop/tool_calls/min:0.0 - timing_s/agent_loop/tool_calls/max:0.0 - timing_s/agent_loop/tool_calls/mean:0.0 - timing_s/agent_loop/slowest/generate_sequences:57.07570502399176 - timing_s/agent_loop/slowest/tool_calls:0.0 - timing_s/agent_loop/slowest/prompt_length:3347 - timing_s/agent_loop/slowest/response_length:4096 - timing_s/gen:63.37432716200419 - timing_s/old_log_prob:27.066100277996156 - timing_s/adv:0.003456505000940524 - timing_s/update_actor:96.54472869100573 - timing_s/dump_rollout_generations:0.05463916600274388 - timing_s/step:187.05825481899956 - timing_s/stop_profile:2.6216002879664302e-05 - timing_per_token_ms/update_actor:0.3143550686735013 - timing_per_token_ms/adv:1.1254574762114236e-05 - timing_per_token_ms/gen:0.7020063711507398 - perf/total_num_tokens:307120 - perf/time_per_step:187.05825481899956 - perf/throughput:820.9207348191451[36m(TaskRunner pid=929411)[0m Training Progress:  61%|██████    | 69/114 [4:00:49<3:06:04, 248.09s/it]
[36m(TaskRunner pid=929411)[0m Training Progress:  61%|██████▏   | 70/114 [4:04:03<2:50:10, 232.05s/it]

[36m(TaskRunner pid=929411)[0m Dumped generations to /scratch/nkw3mr/Vision-OPD-OPSA/rollouts/OPSA-Qwen3.5-4B-think/69.jsonl
[36m(TaskRunner pid=929411)[0m step:69 - global_seqlen/min:291125 - global_seqlen/max:291125 - global_seqlen/minmax_diff:0 - global_seqlen/balanced_min:291125 - global_seqlen/balanced_max:291125 - global_seqlen/mean:291125.0 - actor/entropy:0.049221124765507995 - perf/mfu/actor_infer:0 - opsa/selected_tokens:14728.0 - opsa/selected_fraction:0.19999728412161705 - opsa/advantage_mean:-0.5007469098507096 - opsa/sel_logp_mean:-104.00319120043454 - opsa/zero_sel_responses:57.0 - opsa/sel_entropy_mean:1.709465102806007e-08 - opsa/sel_entropy_max:1.1444091796875e-05 - opsa/sel_entropy_min:0.0 - training/rollout_probs_diff_valid:1 - training/rollout_probs_diff_max:1.0 - training/rollout_probs_diff_mean:0.5308471918106079 - training/rollout_probs_diff_std:0.48879945278167725 - training/rollout_actor_probs_pearson_corr:0.08905988186597824 - rollout_corr/training_ppl:inf - rollout_corr/training_log_ppl:16.656332654180005 - rollout_corr/kl:16.570763319614343 - rollout_corr/k3_kl:16.394878871389665 - rollout_corr/rollout_ppl:1.091549688950181 - rollout_corr/rollout_log_ppl:0.08556947200304421 - rollout_corr/log_ppl_diff:16.570763197960332 - rollout_corr/log_ppl_abs_diff:16.570763197960332 - rollout_corr/log_ppl_diff_max:100.97713470458984 - rollout_corr/log_ppl_diff_min:0.09799917042255402 - rollout_corr/ppl_ratio:inf - rollout_corr/chi2_token:1.8369257440790534 - rollout_corr/chi2_seq:-1.0 - actor/pg_loss:0.05475444719195366 - actor/kl_loss:0.0 - actor/grpo_loss:0.0 - actor/vopd_loss:0.05475444719195366 - actor/vopd_loss_weighted:0.05475444719195366 - opsa/selection_level:1.0 - opsa/micro_selected_tokens:230.125 - opsa/clipfrac:0.0 - self_distillation/num_distill_tokens:230.125 - actor/grad_norm:65.34538269042969 - timing_s/update_actor/student_forward:24.718984543025726 - timing_s/update_actor/teacher_forward:0.0 - timing_s/update_actor/teacher_full_forward:0.0 - timing_s/update_actor/loss_compute:0.019487843062961474 - timing_s/update_actor/backward:60.45532782797818 - timing_s/update_actor/optimizer_step:0.0849601459922269 - timing_s/update_actor/teacher_ema_update:2.894000499509275e-05 - perf/mfu/actor:0.0 - perf/max_memory_allocated_gb:82.0756196975708 - perf/max_memory_reserved_gb:91.09375 - perf/cpu_memory_used_gb:248.19737243652344 - actor/lr:1e-06 - training/global_step:69 - training/epoch:1 - response_length/mean:1150.640625 - response_length/max:4096.0 - response_length/min:15.0 - response_length/clip_ratio:0.125 - response_length_non_aborted/mean:1150.640625 - response_length_non_aborted/max:4096.0 - response_length_non_aborted/min:15.0 - response_length_non_aborted/clip_ratio:0.125 - response/aborted_ratio:0.0 - prompt_length/mean:3398.1875 - prompt_length/max:4012.0 - prompt_length/min:3155.0 - prompt_length/clip_ratio:0.0 - num_turns/min:2 - num_turns/max:2 - num_turns/mean:2.0 - critic/advantages/mean:-0.1001480221748352 - critic/advantages/max:0.0 - critic/advantages/min:-1.0 - timing_s/start_profile:2.3311993572860956e-05 - timing_s/agent_loop/generate_sequences/min:6.087853648001328 - timing_s/agent_loop/generate_sequences/max:56.42015582398744 - timing_s/agent_loop/generate_sequences/mean:20.29231927446881 - timing_s/agent_loop/tool_calls/min:0.0 - timing_s/agent_loop/tool_calls/max:0.0 - timing_s/agent_loop/tool_calls/mean:0.0 - timing_s/agent_loop/slowest/generate_sequences:56.42015582398744 - timing_s/agent_loop/slowest/tool_calls:0.0 - timing_s/agent_loop/slowest/prompt_length:3362 - timing_s/agent_loop/slowest/response_length:4096 - timing_s/gen:62.79684593400452 - timing_s/old_log_prob:26.241327704992727 - timing_s/adv:0.0031879970047157258 - timing_s/update_actor:94.51086201099679 - timing_s/dump_rollout_generations:0.05267887399531901 - timing_s/step:183.61973380000563 - timing_s/stop_profile:2.7067013434134424e-05 - timing_per_token_ms/update_actor:0.3246401443056996 - timing_per_token_ms/adv:1.0950612296146762e-05 - timing_per_token_ms/gen:0.8527429819530495 - perf/total_num_tokens:291125 - perf/time_per_step:183.61973380000563 - perf/throughput:792.7388684624894
[36m(TaskRunner pid=929411)[0m Dumped generations to /scratch/nkw3mr/Vision-OPD-OPSA/rollouts/OPSA-Qwen3.5-4B-think/70.jsonl
[36m(TaskRunner pid=929411)[0m local_global_step_folder: /scratch/nkw3mr/Vision-OPD-OPSA/checkpoints/OPSA-Qwen3.5-4B-think/global_step_70
[36m(TaskRunner pid=929411)[0m step:70 - global_seqlen/min:241919 - global_seqlen/max:241919 - global_seqlen/minmax_diff:0 - global_seqlen/balanced_min:241919 - global_seqlen/balanced_max:241919 - global_seqlen/mean:241919.0 - actor/entropy:0.044138965684891285 - perf/mfu/actor_infer:0 - opsa/selected_tokens:4625.0 - opsa/selected_fraction:0.2 - opsa/advantage_mean:-0.5005097128378379 - opsa/sel_logp_mean:-88.87144594594595 - opsa/zero_sel_responses:0.0 - opsa/sel_entropy_mean:1.2243735000083689e-05 - opsa/sel_entropy_max:0.012010574340820312 - opsa/sel_entropy_min:0.0 - training/rollout_probs_diff_valid:1 - training/rollout_probs_diff_max:1.0 - training/rollout_probs_diff_mean:0.24716146290302277 - training/rollout_probs_diff_std:0.3988751769065857 - training/rollout_actor_probs_pearson_corr:0.3702860176563263 - rollout_corr/training_ppl:inf - rollout_corr/training_log_ppl:5.259123309515417 - rollout_corr/kl:5.1374228447675705 - rollout_corr/k3_kl:5.065941601060331 - rollout_corr/rollout_ppl:1.1344504747539759 - rollout_corr/rollout_log_ppl:0.12170054246598738 - rollout_corr/log_ppl_diff:5.137422782368958 - rollout_corr/log_ppl_abs_diff:5.137422782368958 - rollout_corr/log_ppl_diff_max:91.15364837646484 - rollout_corr/log_ppl_diff_min:0.6066616177558899 - rollout_corr/ppl_ratio:inf - rollout_corr/chi2_token:1.5983163164928555 - rollout_corr/chi2_seq:-1.0 - actor/pg_loss:0.5028010802343488 - actor/kl_loss:0.0 - actor/grpo_loss:0.0 - actor/vopd_loss:0.5028010802343488 - actor/vopd_loss_weighted:0.5028010802343488 - opsa/selection_level:1.0 - opsa/micro_selected_tokens:72.265625 - opsa/clipfrac:0.0 - self_distillation/num_distill_tokens:72.265625 - actor/grad_norm:5591.6904296875 - timing_s/update_actor/student_forward:24.5217800509854 - timing_s/update_actor/teacher_forward:0.0 - timing_s/update_actor/teacher_full_forward:0.0 - timing_s/update_actor/loss_compute:0.01939863499137573 - timing_s/update_actor/backward:58.29169245599769 - timing_s/update_actor/optimizer_step:0.08492276500328444 - timing_s/update_actor/teacher_ema_update:2.9700007871724665e-05 - perf/mfu/actor:0.0 - perf/max_memory_allocated_gb:82.0756196975708 - perf/max_memory_reserved_gb:91.09375 - perf/cpu_memory_used_gb:250.62714385986328 - actor/lr:1e-06 - training/global_step:70 - training/epoch:1 - response_length/mean:361.328125 - response_length/max:4096.0 - response_length/min:12.0 - response_length/clip_ratio:0.015625 - response_length_non_aborted/mean:361.328125 - response_length_non_aborted/max:4096.0 - response_length_non_aborted/min:12.0 - response_length_non_aborted/clip_ratio:0.015625 - response/aborted_ratio:0.0 - prompt_length/mean:3418.65625 - prompt_length/max:4575.0 - prompt_length/min:3296.0 - prompt_length/clip_ratio:0.0 - num_turns/min:2 - num_turns/max:2 - num_turns/mean:2.0 - critic/advantages/mean:-0.10010194033384323 - critic/advantages/max:0.0 - critic/advantages/min:-1.0 - timing_s/start_profile:4.442100180312991e-05 - timing_s/agent_loop/generate_sequences/min:6.093240636997507 - timing_s/agent_loop/generate_sequences/max:45.40962936800497 - timing_s/agent_loop/generate_sequences/mean:10.311588898000082 - timing_s/agent_loop/tool_calls/min:0.0 - timing_s/agent_loop/tool_calls/max:0.0 - timing_s/agent_loop/tool_calls/mean:0.0 - timing_s/agent_loop/slowest/generate_sequences:45.40962936800497 - timing_s/agent_loop/slowest/tool_calls:0.0 - timing_s/agent_loop/slowest/prompt_length:3353 - timing_s/agent_loop/slowest/response_length:4096 - timing_s/gen:51.63562986699981 - timing_s/old_log_prob:27.706242143001873 - timing_s/adv:0.0028453050035750493 - timing_s/update_actor:93.6215845830011 - timing_s/dump_rollout_generations:0.047131098006502725 - timing_s/step:173.02676729999075 - timing_s/save_checkpoint:21.550053416009177 - timing_s/stop_profile:2.6505993446335196e-05 - timing_per_token_ms/update_actor:0.3869955835754988 - timing_per_token_ms/adv:1.1761395357847251e-05 - timing_per_token_ms/gen:2.2328921023567485 - perf/total_num_tokens:241919 - perf/time_per_step:173.02676729999075 - perf/throughput:699.0796966707617[36m(WorkerDict pid=942995)[0m /sfs/weka/scratch/nkw3mr/Vision-OPD-OPSA/verl/utils/device.py:134: FutureWarning: torch.cuda._set_allocator_settings is deprecated. Use torch._C._accelerator_setAllocatorSettings instead.
[36m(WorkerDict pid=942995)[0m   torch.cuda.memory._set_allocator_settings(f"expandable_segments:{enable}")
[36m(TaskRunner pid=929411)[0m Training Progress:  62%|██████▏   | 71/114 [4:06:57<2:33:46, 214.56s/it]
[36m(WorkerDict pid=942993)[0m /sfs/weka/scratch/nkw3mr/Vision-OPD-OPSA/verl/utils/device.py:134: FutureWarning: torch.cuda._set_allocator_settings is deprecated. Use torch._C._accelerator_setAllocatorSettings instead.
[36m(WorkerDict pid=942993)[0m   torch.cuda.memory._set_allocator_settings(f"expandable_segments:{enable}")
[36m(TaskRunner pid=929411)[0m Training Progress:  63%|██████▎   | 72/114 [4:10:05<2:24:32, 206.49s/it]

[36m(TaskRunner pid=929411)[0m Dumped generations to /scratch/nkw3mr/Vision-OPD-OPSA/rollouts/OPSA-Qwen3.5-4B-think/71.jsonl
[36m(TaskRunner pid=929411)[0m step:71 - global_seqlen/min:237035 - global_seqlen/max:237035 - global_seqlen/minmax_diff:0 - global_seqlen/balanced_min:237035 - global_seqlen/balanced_max:237035 - global_seqlen/mean:237035.0 - actor/entropy:0.0001333261353201609 - perf/mfu/actor_infer:0 - opsa/selected_tokens:3942.0 - opsa/selected_fraction:0.1999594197017348 - opsa/advantage_mean:-0.5073276250753107 - opsa/sel_logp_mean:-102.29263381532218 - opsa/zero_sel_responses:32.0 - opsa/sel_entropy_mean:3.9524984458694234e-05 - opsa/sel_entropy_max:0.002696990966796875 - opsa/sel_entropy_min:0.0 - training/rollout_probs_diff_valid:1 - training/rollout_probs_diff_max:1.0 - training/rollout_probs_diff_mean:0.2213386595249176 - training/rollout_probs_diff_std:0.3999777138233185 - training/rollout_actor_probs_pearson_corr:0.26141229271888733 - rollout_corr/training_ppl:inf - rollout_corr/training_log_ppl:4.889675504993647 - rollout_corr/kl:4.811020611785352 - rollout_corr/k3_kl:4.770024708006531 - rollout_corr/rollout_ppl:1.0840275269001722 - rollout_corr/rollout_log_ppl:0.07865490215954196 - rollout_corr/log_ppl_diff:4.81102058570832 - rollout_corr/log_ppl_abs_diff:4.81102058570832 - rollout_corr/log_ppl_diff_max:94.88029479980469 - rollout_corr/log_ppl_diff_min:0.31633245944976807 - rollout_corr/ppl_ratio:inf - rollout_corr/chi2_token:0.5467510838061571 - rollout_corr/chi2_seq:-1.0 - actor/pg_loss:0.2501218179240823 - actor/kl_loss:0.0 - actor/grpo_loss:0.0 - actor/vopd_loss:0.2501218179240823 - actor/vopd_loss_weighted:0.2501218179240823 - opsa/selection_level:1.0 - opsa/micro_selected_tokens:61.59375 - opsa/clipfrac:0.0 - self_distillation/num_distill_tokens:61.59375 - actor/grad_norm:343.1716003417969 - timing_s/update_actor/student_forward:24.358499027017388 - timing_s/update_actor/teacher_forward:0.0 - timing_s/update_actor/teacher_full_forward:0.0 - timing_s/update_actor/loss_compute:0.019642296931124292 - timing_s/update_actor/backward:57.348521712992806 - timing_s/update_actor/optimizer_step:0.08469952498853672 - timing_s/update_actor/teacher_ema_update:2.7898000553250313e-05 - perf/mfu/actor:0.0 - perf/max_memory_allocated_gb:82.0756196975708 - perf/max_memory_reserved_gb:91.09375 - perf/cpu_memory_used_gb:251.51605606079102 - actor/lr:1e-06 - training/global_step:71 - training/epoch:1 - response_length/mean:308.03125 - response_length/max:4096.0 - response_length/min:15.0 - response_length/clip_ratio:0.015625 - response_length_non_aborted/mean:308.03125 - response_length_non_aborted/max:4096.0 - response_length_non_aborted/min:15.0 - response_length_non_aborted/clip_ratio:0.015625 - response/aborted_ratio:0.0 - prompt_length/mean:3395.640625 - prompt_length/max:3968.0 - prompt_length/min:3205.0 - prompt_length/clip_ratio:0.0 - num_turns/min:2 - num_turns/max:2 - num_turns/mean:2.0 - critic/advantages/mean:-0.10144492238759995 - critic/advantages/max:0.0 - critic/advantages/min:-1.0 - timing_s/start_profile:4.456100577954203e-05 - timing_s/agent_loop/generate_sequences/min:5.8897567149979295 - timing_s/agent_loop/generate_sequences/max:46.40163251799822 - timing_s/agent_loop/generate_sequences/mean:9.558997929874977 - timing_s/agent_loop/tool_calls/min:0.0 - timing_s/agent_loop/tool_calls/max:0.0 - timing_s/agent_loop/tool_calls/mean:0.0 - timing_s/agent_loop/slowest/generate_sequences:46.40163251799822 - timing_s/agent_loop/slowest/tool_calls:0.0 - timing_s/agent_loop/slowest/prompt_length:3345 - timing_s/agent_loop/slowest/response_length:4096 - timing_s/gen:51.86992454600113 - timing_s/old_log_prob:28.517866203997983 - timing_s/adv:0.002639924001414329 - timing_s/update_actor:93.24795429199003 - timing_s/dump_rollout_generations:0.05311870500736404 - timing_s/step:173.70499779400416 - timing_s/stop_profile:3.187399124726653e-05 - timing_per_token_ms/update_actor:0.39339318789204136 - timing_per_token_ms/adv:1.113727509192452e-05 - timing_per_token_ms/gen:2.631121261337178 - perf/total_num_tokens:237035 - perf/time_per_step:173.70499779400416 - perf/throughput:682.2918252504702
[36m(TaskRunner pid=929411)[0m Dumped generations to /scratch/nkw3mr/Vision-OPD-OPSA/rollouts/OPSA-Qwen3.5-4B-think/72.jsonl
[36m(TaskRunner pid=929411)[0m step:72 - global_seqlen/min:277893 - global_seqlen/max:277893 - global_seqlen/minmax_diff:0 - global_seqlen/balanced_min:277893 - global_seqlen/balanced_max:277893 - global_seqlen/mean:277893.0 - actor/entropy:0.020105720815886588 - perf/mfu/actor_infer:0 - opsa/selected_tokens:11839.0 - opsa/selected_fraction:0.2 - opsa/advantage_mean:-0.5128085257807881 - opsa/sel_logp_mean:-105.75762311005997 - opsa/zero_sel_responses:56.0 - opsa/sel_entropy_mean:0.000128014842630364 - opsa/sel_entropy_max:0.00499725341796875 - opsa/sel_entropy_min:0.0 - training/rollout_probs_diff_valid:1 - training/rollout_probs_diff_max:1.0 - training/rollout_probs_diff_mean:0.6301313638687134 - training/rollout_probs_diff_std:0.4779540002346039 - training/rollout_actor_probs_pearson_corr:0.024453626945614815 - rollout_corr/training_ppl:inf - rollout_corr/training_log_ppl:15.568408463383093 - rollout_corr/kl:15.508477261988446 - rollout_corr/k3_kl:15.362486811354756 - rollout_corr/rollout_ppl:1.0632832311093807 - rollout_corr/rollout_log_ppl:0.05993116928584641 - rollout_corr/log_ppl_diff:15.508477461058646 - rollout_corr/log_ppl_abs_diff:15.508477461058646 - rollout_corr/log_ppl_diff_max:102.00482940673828 - rollout_corr/log_ppl_diff_min:0.2082817554473877 - rollout_corr/ppl_ratio:inf - rollout_corr/chi2_token:0.39934335090219975 - rollout_corr/chi2_seq:-1.0 - actor/pg_loss:0.06332202721387148 - actor/kl_loss:0.0 - actor/grpo_loss:0.0 - actor/vopd_loss:0.06332202721387148 - actor/vopd_loss_weighted:0.06332202721387148 - opsa/selection_level:1.0 - opsa/micro_selected_tokens:184.984375 - opsa/clipfrac:0.0 - self_distillation/num_distill_tokens:184.984375 - actor/grad_norm:119.55252838134766 - timing_s/update_actor/student_forward:25.667319353073253 - timing_s/update_actor/teacher_forward:0.0 - timing_s/update_actor/teacher_full_forward:0.0 - timing_s/update_actor/loss_compute:0.019578729043132626 - timing_s/update_actor/backward:59.996521302949986 - timing_s/update_actor/optimizer_step:0.08490586699917912 - timing_s/update_actor/teacher_ema_update:2.8158989152871072e-05 - perf/mfu/actor:0.0 - perf/max_memory_allocated_gb:82.0756196975708 - perf/max_memory_reserved_gb:91.09375 - perf/cpu_memory_used_gb:248.23577117919922 - actor/lr:1e-06 - training/global_step:72 - training/epoch:1 - response_length/mean:924.921875 - response_length/max:4096.0 - response_length/min:16.0 - response_length/clip_ratio:0.125 - response_length_non_aborted/mean:924.921875 - response_length_non_aborted/max:4096.0 - response_length_non_aborted/min:16.0 - response_length_non_aborted/clip_ratio:0.125 - response/aborted_ratio:0.0 - prompt_length/mean:3417.15625 - prompt_length/max:4148.0 - prompt_length/min:3205.0 - prompt_length/clip_ratio:0.0 - num_turns/min:2 - num_turns/max:2 - num_turns/mean:2.0 - critic/advantages/mean:-0.10256170481443405 - critic/advantages/max:0.0 - critic/advantages/min:-1.0 - timing_s/start_profile:3.414700040593743e-05 - timing_s/agent_loop/generate_sequences/min:6.492484590999084 - timing_s/agent_loop/generate_sequences/max:54.17889718899096 - timing_s/agent_loop/generate_sequences/mean:17.405224393658045 - timing_s/agent_loop/tool_calls/min:0.0 - timing_s/agent_loop/tool_calls/max:0.0 - timing_s/agent_loop/tool_calls/mean:0.0 - timing_s/agent_loop/slowest/generate_sequences:54.17889718899096 - timing_s/agent_loop/slowest/tool_calls:0.0 - timing_s/agent_loop/slowest/prompt_length:3486 - timing_s/agent_loop/slowest/response_length:4096 - timing_s/gen:60.4868414359953 - timing_s/old_log_prob:29.302897709989338 - timing_s/adv:0.0037510789989028126 - timing_s/update_actor:97.76054006699997 - timing_s/dump_rollout_generations:0.051729968006839044 - timing_s/step:187.62127196400252 - timing_s/stop_profile:2.6285997591912746e-05 - timing_per_token_ms/update_actor:0.35179202091092604 - timing_per_token_ms/adv:1.3498285307304656e-05 - timing_per_token_ms/gen:1.0218234890783902 - perf/total_num_tokens:277893 - perf/time_per_step:187.62127196400252 - perf/throughput:740.5690119543515
[33m(raylet)[0m Raylet is terminated. Termination is unexpected. Possible reasons include: (1) SIGKILL by the user or system OOM killer, (2) Invalid memory access from Raylet causing SIGSEGV or SIGBUS, (3) Other termination signals. Last 20 lines of the Raylet logs:
    - num bytes created total: 1212788219074
    0 pending objects of total size 0MB
    - objects spillable: 0
    - bytes spillable: 0
    - objects unsealed: 0
    - bytes unsealed: 0
    - objects in use: 1
    - bytes in use: 5237881106
    - objects evictable: 0
    - bytes evictable: 0
    
    - objects created by worker: 1
    - bytes created by worker: 5237881106
    - objects restored: 0
    - bytes restored: 0
    - objects received: 0
    - bytes received: 0
    - objects errored: 0
    - bytes errored: 0
    

Error executing job with overrides: ['data.train_files=["/scratch/nkw3mr/Vision-OPD-OPSA/data/TreeVGR-RL-37K/train_6k_armA_hide.parquet"]', 'data.val_files=[]', 'data.filter_overlong_prompts=False', 'data.max_prompt_length=8192', 'data.max_response_length=4096', 'data.truncation=error', 'data.shuffle=True', 'data.trust_remote_code=True', 'data.return_multi_modal_inputs=True', 'data.image_key=images', 'data.train_batch_size=64', 'data.dataloader_num_workers=8', 'actor_rollout_ref.model.path=Qwen/Qwen3.5-4B', 'actor_rollout_ref.model.trust_remote_code=True', 'actor_rollout_ref.model.use_remove_padding=True', 'actor_rollout_ref.model.enable_gradient_checkpointing=True', 'actor_rollout_ref.rollout.n=1', 'actor_rollout_ref.actor.optim.lr=1e-6', 'actor_rollout_ref.actor.optim.lr_warmup_steps=0', 'actor_rollout_ref.actor.optim.betas=[0.9,0.98]', 'actor_rollout_ref.actor.optim.weight_decay=0.1', 'actor_rollout_ref.actor.ppo_mini_batch_size=64', 'actor_rollout_ref.actor.use_dynamic_bsz=False', 'actor_rollout_ref.actor.ppo_micro_batch_size_per_gpu=1', 'actor_rollout_ref.actor.ppo_max_token_len_per_gpu=12288', 'actor_rollout_ref.actor.fsdp_config.param_offload=True', 'actor_rollout_ref.actor.fsdp_config.optimizer_offload=True', 'actor_rollout_ref.model.enable_activation_offload=True', 'actor_rollout_ref.actor.ulysses_sequence_parallel_size=2', 'actor_rollout_ref.ref.ulysses_sequence_parallel_size=2', 'actor_rollout_ref.actor.clip_ratio_high=0.3', 'actor_rollout_ref.actor.clip_ratio_low=0.2', 'actor_rollout_ref.actor.use_kl_loss=False', 'actor_rollout_ref.actor.policy_loss.loss_mode=vopd', 'actor_rollout_ref.actor.calculate_entropy=True', 'actor_rollout_ref.actor.self_distillation.full_logit_distillation=False', 'actor_rollout_ref.actor.self_distillation.distillation_topk=null', 'actor_rollout_ref.actor.self_distillation.opsa_enable=True', 'actor_rollout_ref.actor.self_distillation.opsa_mode=entropy', 'actor_rollout_ref.actor.self_distillation.opsa_token_fraction=0.2', 'actor_rollout_ref.actor.self_distillation.opsa_advantage_min=-1.0', 'actor_rollout_ref.actor.self_distillation.opsa_advantage_max=-0.5', 'actor_rollout_ref.actor.self_distillation.opsa_fixed_advantage=null', 'actor_rollout_ref.actor.self_distillation.evt_enable=False', 'actor_rollout_ref.actor.self_distillation.state_adaptive=False', 'actor_rollout_ref.actor.self_distillation.max_reprompt_len=10240', 'actor_rollout_ref.actor.self_distillation.is_clip=null', 'actor_rollout_ref.actor.self_distillation.teacher_always_on=False', 'actor_rollout_ref.actor.self_distillation.teacher_image_key=null', 'actor_rollout_ref.actor.self_distillation.dont_reprompt_on_self_success=True', 'actor_rollout_ref.actor.self_distillation.include_environment_feedback=False', 'algorithm.rollout_correction.rollout_is=null', 'algorithm.adv_estimator=grpo', 'algorithm.norm_adv_by_std_in_grpo=False', 'algorithm.use_kl_in_reward=False', 'actor_rollout_ref.rollout.name=vllm', 'actor_rollout_ref.rollout.tensor_model_parallel_size=1', 'actor_rollout_ref.rollout.gpu_memory_utilization=0.45', 'actor_rollout_ref.rollout.log_prob_micro_batch_size_per_gpu=1', 'actor_rollout_ref.rollout.max_num_batched_tokens=12288', 'actor_rollout_ref.rollout.max_model_len=12288', '+actor_rollout_ref.rollout.engine_kwargs.vllm.compilation_config.pass_config.fuse_allreduce_rms=False', '+actor_rollout_ref.rollout.engine_kwargs.vllm.kernel_config.enable_flashinfer_autotune=False', 'actor_rollout_ref.rollout.response_length=4096', 'actor_rollout_ref.rollout.calculate_log_probs=True', 'actor_rollout_ref.rollout.agent.num_workers=8', 'actor_rollout_ref.ref.log_prob_micro_batch_size_per_gpu=1', 'actor_rollout_ref.ref.fsdp_config.param_offload=True', 'reward_model.enable=False', 'critic.model.path=Qwen/Qwen3.5-4B', 'reward_model.use_reward_loop=False', 'custom_reward_function.path=null', 'trainer.project_name=Vision-OPD-StateAdaptive', 'trainer.group_name=OPSA-Qwen3.5-4B-think', 'trainer.experiment_name=OPSA-Qwen3.5-4B-think', 'trainer.logger=["console","tensorboard","wandb"]', 'trainer.n_gpus_per_node=2', 'trainer.nnodes=1', 'trainer.save_freq=10', 'trainer.test_freq=-1', 'trainer.max_actor_ckpt_to_keep=null', 'trainer.total_epochs=3', 'trainer.total_training_steps=null', 'trainer.val_before_train=False', 'trainer.default_local_dir=/scratch/nkw3mr/Vision-OPD-OPSA/checkpoints/OPSA-Qwen3.5-4B-think', 'trainer.rollout_data_dir=/scratch/nkw3mr/Vision-OPD-OPSA/rollouts/OPSA-Qwen3.5-4B-think']
Traceback (most recent call last):
  File "/sfs/weka/scratch/nkw3mr/Vision-OPD-OPSA/verl/trainer/main_ppo.py", line 46, in main
    run_ppo(config)
  File "/sfs/weka/scratch/nkw3mr/Vision-OPD-OPSA/verl/trainer/main_ppo.py", line 100, in run_ppo
    ray.get(runner.run.remote(config))
  File "/sfs/weka/scratch/nkw3mr/envs/vision-opd/lib/python3.12/site-packages/ray/_private/auto_init_hook.py", line 22, in auto_init_wrapper
    return fn(*args, **kwargs)
           ^^^^^^^^^^^^^^^^^^^
  File "/sfs/weka/scratch/nkw3mr/envs/vision-opd/lib/python3.12/site-packages/ray/_private/client_mode_hook.py", line 104, in wrapper
    return func(*args, **kwargs)
           ^^^^^^^^^^^^^^^^^^^^^
  File "/sfs/weka/scratch/nkw3mr/envs/vision-opd/lib/python3.12/site-packages/ray/_private/worker.py", line 2967, in get
    values, debugger_breakpoint = worker.get_objects(
                                  ^^^^^^^^^^^^^^^^^^^
  File "/sfs/weka/scratch/nkw3mr/envs/vision-opd/lib/python3.12/site-packages/ray/_private/worker.py", line 1017, in get_objects
    raise value
ray.exceptions.ActorUnavailableError: The actor b286a2f2d4775e3ce5a8327101000000 is unavailable: The actor is temporarily unavailable: RpcError: RPC error: Socket closed rpc_code: 14. The task may or may not have been executed on the actor.

Set the environment variable HYDRA_FULL_ERROR=1 for a complete stack trace.
