Running: Aha-center-floor-Qwen3.5-4B-6karmA  (aha_beta=4.0, floor_alpha=0.1)
Teacher: frozen init copy (source=legacy, update_rate=0.0)
2026-09-10 15:12:36,698	INFO worker.py:1998 -- Started a local Ray instance. View the dashboard at [1m[32mhttp://127.0.0.1:8265 [39m[22m
/sfs/weka/scratch/nkw3mr/envs/vision-opd/lib/python3.12/site-packages/ray/_private/worker.py:2046: FutureWarning: Tip: In future versions of Ray, Ray will no longer override accelerator visible devices env var if num_gpus=0 or num_gpus=None (default). To enable this behavior and turn off this error message, set RAY_ACCEL_ENV_VAR_OVERRIDE_ON_ZERO=0
  warnings.warn(
ray init kwargs: {'num_cpus': None, 'runtime_env': {'env_vars': {'TOKENIZERS_PARALLELISM': 'true', 'NCCL_DEBUG': 'WARN', 'VLLM_LOGGING_LEVEL': 'WARN', 'VLLM_ALLOW_RUNTIME_LORA_UPDATING': 'true', 'VLLM_ALLREDUCE_USE_SYMM_MEM': '0', 'CUDA_DEVICE_MAX_CONNECTIONS': '1', 'NCCL_CUMEM_ENABLE': '0'}, 'working_dir': None}}
[36m(TaskRunner pid=745489)[0m TaskRunner hostname: udc-aw37-6, PID: 745489
[36m(TaskRunner pid=745489)[0m {'actor_rollout_ref': {'actor': {'_target_': 'verl.workers.config.FSDPActorConfig',
[36m(TaskRunner pid=745489)[0m                                  'calculate_entropy': False,
[36m(TaskRunner pid=745489)[0m                                  'calculate_sum_pi_squared': False,
[36m(TaskRunner pid=745489)[0m                                  'checkpoint': {'_target_': 'verl.trainer.config.CheckpointConfig',
[36m(TaskRunner pid=745489)[0m                                                 'async_save': False,
[36m(TaskRunner pid=745489)[0m                                                 'load_contents': ['model',
[36m(TaskRunner pid=745489)[0m                                                                   'optimizer',
[36m(TaskRunner pid=745489)[0m                                                                   'extra'],
[36m(TaskRunner pid=745489)[0m                                                 'save_contents': ['model',
[36m(TaskRunner pid=745489)[0m                                                                   'optimizer',
[36m(TaskRunner pid=745489)[0m                                                                   'extra']},
[36m(TaskRunner pid=745489)[0m                                  'clip_ratio': 0.2,
[36m(TaskRunner pid=745489)[0m                                  'clip_ratio_c': 3.0,
[36m(TaskRunner pid=745489)[0m                                  'clip_ratio_high': 0.3,
[36m(TaskRunner pid=745489)[0m                                  'clip_ratio_low': 0.2,
[36m(TaskRunner pid=745489)[0m                                  'data_loader_seed': 42,
[36m(TaskRunner pid=745489)[0m                                  'entropy_checkpointing': False,
[36m(TaskRunner pid=745489)[0m                                  'entropy_coeff': 0,
[36m(TaskRunner pid=745489)[0m                                  'entropy_from_logits_with_chunking': False,
[36m(TaskRunner pid=745489)[0m                                  'freeze_vision_tower': False,
[36m(TaskRunner pid=745489)[0m                                  'fsdp_config': {'_target_': 'verl.workers.config.FSDPEngineConfig',
[36m(TaskRunner pid=745489)[0m                                                  'dtype': 'bfloat16',
[36m(TaskRunner pid=745489)[0m                                                  'entropy_checkpointing': False,
[36m(TaskRunner pid=745489)[0m                                                  'entropy_from_logits_with_chunking': False,
[36m(TaskRunner pid=745489)[0m                                                  'forward_only': False,
[36m(TaskRunner pid=745489)[0m                                                  'forward_prefetch': False,
[36m(TaskRunner pid=745489)[0m                                                  'fsdp_size': -1,
[36m(TaskRunner pid=745489)[0m                                                  'full_determinism': False,
[36m(TaskRunner pid=745489)[0m                                                  'model_dtype': 'fp32',
[36m(TaskRunner pid=745489)[0m                                                  'offload_policy': False,
[36m(TaskRunner pid=745489)[0m                                                  'optimizer_offload': True,
[36m(TaskRunner pid=745489)[0m                                                  'param_offload': True,
[36m(TaskRunner pid=745489)[0m                                                  'reshard_after_forward': True,
[36m(TaskRunner pid=745489)[0m                                                  'seed': 42,
[36m(TaskRunner pid=745489)[0m                                                  'strategy': 'fsdp',
[36m(TaskRunner pid=745489)[0m                                                  'ulysses_sequence_parallel_size': 1,
[36m(TaskRunner pid=745489)[0m                                                  'use_orig_params': False,
[36m(TaskRunner pid=745489)[0m                                                  'use_torch_compile': True,
[36m(TaskRunner pid=745489)[0m                                                  'wrap_policy': {'min_num_params': 0}},
[36m(TaskRunner pid=745489)[0m                                  'grad_clip': 1.0,
[36m(TaskRunner pid=745489)[0m                                  'kl_loss_coef': 0.001,
[36m(TaskRunner pid=745489)[0m                                  'kl_loss_type': 'low_var_kl',
[36m(TaskRunner pid=745489)[0m                                  'loss_agg_mode': 'token-mean',
[36m(TaskRunner pid=745489)[0m                                  'loss_scale_factor': None,
[36m(TaskRunner pid=745489)[0m                                  'optim': {'_target_': 'verl.workers.config.FSDPOptimizerConfig',
[36m(TaskRunner pid=745489)[0m                                            'betas': [0.9, 0.999],
[36m(TaskRunner pid=745489)[0m                                            'clip_grad': 1.0,
[36m(TaskRunner pid=745489)[0m                                            'lr': 2e-06,
[36m(TaskRunner pid=745489)[0m                                            'lr_scheduler_type': 'constant',
[36m(TaskRunner pid=745489)[0m                                            'lr_warmup_steps': 10,
[36m(TaskRunner pid=745489)[0m                                            'lr_warmup_steps_ratio': 0.0,
[36m(TaskRunner pid=745489)[0m                                            'min_lr_ratio': 0.0,
[36m(TaskRunner pid=745489)[0m                                            'num_cycles': 0.5,
[36m(TaskRunner pid=745489)[0m                                            'optimizer': 'AdamW',
[36m(TaskRunner pid=745489)[0m                                            'optimizer_impl': 'torch.optim',
[36m(TaskRunner pid=745489)[0m                                            'override_optimizer_config': None,
[36m(TaskRunner pid=745489)[0m                                            'total_training_steps': -1,
[36m(TaskRunner pid=745489)[0m                                            'warmup_style': None,
[36m(TaskRunner pid=745489)[0m                                            'weight_decay': 0.01},
[36m(TaskRunner pid=745489)[0m                                  'policy_loss': {'_target_': 'verl.workers.config.PolicyLossConfig',
[36m(TaskRunner pid=745489)[0m                                                  'clip_cov_lb': 1.0,
[36m(TaskRunner pid=745489)[0m                                                  'clip_cov_ratio': 0.0002,
[36m(TaskRunner pid=745489)[0m                                                  'clip_cov_ub': 5.0,
[36m(TaskRunner pid=745489)[0m                                                  'kl_cov_ratio': 0.0002,
[36m(TaskRunner pid=745489)[0m                                                  'loss_mode': 'vopd',
[36m(TaskRunner pid=745489)[0m                                                  'ppo_kl_coef': 0.1},
[36m(TaskRunner pid=745489)[0m                                  'ppo_epochs': 1,
[36m(TaskRunner pid=745489)[0m                                  'ppo_max_token_len_per_gpu': 9216,
[36m(TaskRunner pid=745489)[0m                                  'ppo_micro_batch_size': None,
[36m(TaskRunner pid=745489)[0m                                  'ppo_micro_batch_size_per_gpu': 1,
[36m(TaskRunner pid=745489)[0m                                  'ppo_mini_batch_size': 48,
[36m(TaskRunner pid=745489)[0m                                  'profiler': {'_target_': 'verl.utils.profiler.ProfilerConfig',
[36m(TaskRunner pid=745489)[0m                                               'all_ranks': False,
[36m(TaskRunner pid=745489)[0m                                               'enable': False,
[36m(TaskRunner pid=745489)[0m                                               'ranks': [],
[36m(TaskRunner pid=745489)[0m                                               'save_path': 'outputs/profile',
[36m(TaskRunner pid=745489)[0m                                               'tool': None,
[36m(TaskRunner pid=745489)[0m                                               'tool_config': {'npu': {'_target_': 'verl.utils.profiler.config.NPUToolConfig',
[36m(TaskRunner pid=745489)[0m                                                                       'analysis': True,
[36m(TaskRunner pid=745489)[0m                                                                       'contents': [],
[36m(TaskRunner pid=745489)[0m                                                                       'discrete': False,
[36m(TaskRunner pid=745489)[0m                                                                       'level': 'level0'},
[36m(TaskRunner pid=745489)[0m                                                               'nsys': {'_target_': 'verl.utils.profiler.config.NsightToolConfig',
[36m(TaskRunner pid=745489)[0m                                                                        'discrete': False},
[36m(TaskRunner pid=745489)[0m                                                               'torch': {'_target_': 'verl.utils.profiler.config.TorchProfilerToolConfig',
[36m(TaskRunner pid=745489)[0m                                                                         'step_end': None,
[36m(TaskRunner pid=745489)[0m                                                                         'step_start': 0},
[36m(TaskRunner pid=745489)[0m                                                               'torch_memory': {'_target_': 'verl.utils.profiler.config.TorchMemoryToolConfig',
[36m(TaskRunner pid=745489)[0m                                                                                'stack_depth': 32,
[36m(TaskRunner pid=745489)[0m                                                                                'trace_alloc_max_entries': 100000}}},
[36m(TaskRunner pid=745489)[0m                                  'rollout_n': 2,
[36m(TaskRunner pid=745489)[0m                                  'router_replay': {'_target_': 'verl.workers.config.RouterReplayConfig',
[36m(TaskRunner pid=745489)[0m                                                    'mode': 'disabled',
[36m(TaskRunner pid=745489)[0m                                                    'record_file': None,
[36m(TaskRunner pid=745489)[0m                                                    'replay_file': None},
[36m(TaskRunner pid=745489)[0m                                  'self_distillation': {'_target_': 'verl.workers.config.SelfDistillationConfig',
[36m(TaskRunner pid=745489)[0m                                                        'aha_beta': 4.0,
[36m(TaskRunner pid=745489)[0m                                                        'aha_center_u': True,
[36m(TaskRunner pid=745489)[0m                                                        'aha_enable': True,
[36m(TaskRunner pid=745489)[0m                                                        'aha_floor_alpha': 0.1,
[36m(TaskRunner pid=745489)[0m                                                        'alpha': 0.5,
[36m(TaskRunner pid=745489)[0m                                                        'answer_hint_template': '\n'
[36m(TaskRunner pid=745489)[0m                                                                                '\n'
[36m(TaskRunner pid=745489)[0m                                                                                'Here '
[36m(TaskRunner pid=745489)[0m                                                                                'is '
[36m(TaskRunner pid=745489)[0m                                                                                'a '
[36m(TaskRunner pid=745489)[0m                                                                                'reference '
[36m(TaskRunner pid=745489)[0m                                                                                'solution '
[36m(TaskRunner pid=745489)[0m                                                                                'to '
[36m(TaskRunner pid=745489)[0m                                                                                'this '
[36m(TaskRunner pid=745489)[0m                                                                                'problem:\n'
[36m(TaskRunner pid=745489)[0m                                                                                '{answer}\n'
[36m(TaskRunner pid=745489)[0m                                                                                '\n'
[36m(TaskRunner pid=745489)[0m                                                                                'After '
[36m(TaskRunner pid=745489)[0m                                                                                'understanding '
[36m(TaskRunner pid=745489)[0m                                                                                'the '
[36m(TaskRunner pid=745489)[0m                                                                                'reference '
[36m(TaskRunner pid=745489)[0m                                                                                'solution, '
[36m(TaskRunner pid=745489)[0m                                                                                'please '
[36m(TaskRunner pid=745489)[0m                                                                                'try '
[36m(TaskRunner pid=745489)[0m                                                                                'to '
[36m(TaskRunner pid=745489)[0m                                                                                'solve '
[36m(TaskRunner pid=745489)[0m                                                                                'this '
[36m(TaskRunner pid=745489)[0m                                                                                'problem '
[36m(TaskRunner pid=745489)[0m                                                                                'using '
[36m(TaskRunner pid=745489)[0m                                                                                'your '
[36m(TaskRunner pid=745489)[0m                                                                                'own '
[36m(TaskRunner pid=745489)[0m                                                                                'approach '
[36m(TaskRunner pid=745489)[0m                                                                                'below:',
[36m(TaskRunner pid=745489)[0m                                                        'distillation_add_tail': True,
[36m(TaskRunner pid=745489)[0m                                                        'distillation_topk': 100,
[36m(TaskRunner pid=745489)[0m                                                        'dont_reprompt_on_self_success': True,
[36m(TaskRunner pid=745489)[0m                                                        'environment_feedback_only_without_solution': True,
[36m(TaskRunner pid=745489)[0m                                                        'evt_clip_neg': 2.0,
[36m(TaskRunner pid=745489)[0m                                                        'evt_clip_pos': 1.0,
[36m(TaskRunner pid=745489)[0m                                                        'evt_ema_eta': 0.05,
[36m(TaskRunner pid=745489)[0m                                                        'evt_enable': False,
[36m(TaskRunner pid=745489)[0m                                                        'evt_negative_only': False,
[36m(TaskRunner pid=745489)[0m                                                        'evt_neutral_base': 0.0,
[36m(TaskRunner pid=745489)[0m                                                        'evt_token_fraction': 0.2,
[36m(TaskRunner pid=745489)[0m                                                        'evt_ubar_init': None,
[36m(TaskRunner pid=745489)[0m                                                        'fallback_to_policy_loss_on_missing_teacher': False,
[36m(TaskRunner pid=745489)[0m                                                        'feedback_template': '\n'
[36m(TaskRunner pid=745489)[0m                                                                             'The '
[36m(TaskRunner pid=745489)[0m                                                                             'following '
[36m(TaskRunner pid=745489)[0m                                                                             'is '
[36m(TaskRunner pid=745489)[0m                                                                             'feedback '
[36m(TaskRunner pid=745489)[0m                                                                             'from '
[36m(TaskRunner pid=745489)[0m                                                                             'your '
[36m(TaskRunner pid=745489)[0m                                                                             'unsuccessful '
[36m(TaskRunner pid=745489)[0m                                                                             'earlier '
[36m(TaskRunner pid=745489)[0m                                                                             'attempt:\n'
[36m(TaskRunner pid=745489)[0m                                                                             '\n'
[36m(TaskRunner pid=745489)[0m                                                                             '{feedback_raw}',
[36m(TaskRunner pid=745489)[0m                                                        'full_logit_distillation': True,
[36m(TaskRunner pid=745489)[0m                                                        'gamma': 1.0,
[36m(TaskRunner pid=745489)[0m                                                        'include_environment_feedback': False,
[36m(TaskRunner pid=745489)[0m                                                        'is_clip': 2.0,
[36m(TaskRunner pid=745489)[0m                                                        'log_prob_dump_dir': None,
[36m(TaskRunner pid=745489)[0m                                                        'max_reprompt_len': 10240,
[36m(TaskRunner pid=745489)[0m                                                        'null_image_key': 'null_images',
[36m(TaskRunner pid=745489)[0m                                                        'opsa_advantage_max': -0.5,
[36m(TaskRunner pid=745489)[0m                                                        'opsa_advantage_min': -1.0,
[36m(TaskRunner pid=745489)[0m                                                        'opsa_enable': False,
[36m(TaskRunner pid=745489)[0m                                                        'opsa_fixed_advantage': None,
[36m(TaskRunner pid=745489)[0m                                                        'opsa_mode': 'entropy',
[36m(TaskRunner pid=745489)[0m                                                        'opsa_token_fraction': 0.2,
[36m(TaskRunner pid=745489)[0m                                                        'remove_thinking_from_demonstration': True,
[36m(TaskRunner pid=745489)[0m                                                        'reprompt_template': '{prompt}{solution}{feedback}\n'
[36m(TaskRunner pid=745489)[0m                                                                             '\n'
[36m(TaskRunner pid=745489)[0m                                                                             'Correctly '
[36m(TaskRunner pid=745489)[0m                                                                             'solve '
[36m(TaskRunner pid=745489)[0m                                                                             'the '
[36m(TaskRunner pid=745489)[0m                                                                             'original '
[36m(TaskRunner pid=745489)[0m                                                                             'question.',
[36m(TaskRunner pid=745489)[0m                                                        'reprompt_truncation': 'right',
[36m(TaskRunner pid=745489)[0m                                                        'sa_beta_max': 8.0,
[36m(TaskRunner pid=745489)[0m                                                        'sa_binary_iters': 8,
[36m(TaskRunner pid=745489)[0m                                                        'sa_center_u': False,
[36m(TaskRunner pid=745489)[0m                                                        'sa_eps_max': 0.5,
[36m(TaskRunner pid=745489)[0m                                                        'sa_lambda': 1.0,
[36m(TaskRunner pid=745489)[0m                                                        'sa_rho': 0.9,
[36m(TaskRunner pid=745489)[0m                                                        'sa_tau_e': 0.03,
[36m(TaskRunner pid=745489)[0m                                                        'sa_temp_e': 0.015,
[36m(TaskRunner pid=745489)[0m                                                        'sa_u_clip': None,
[36m(TaskRunner pid=745489)[0m                                                        'sa_zero_floor': False,
[36m(TaskRunner pid=745489)[0m                                                        'solution_template': '\n'
[36m(TaskRunner pid=745489)[0m                                                                             'Correct '
[36m(TaskRunner pid=745489)[0m                                                                             'solution:\n'
[36m(TaskRunner pid=745489)[0m                                                                             '\n'
[36m(TaskRunner pid=745489)[0m                                                                             '{successful_previous_attempt}',
[36m(TaskRunner pid=745489)[0m                                                        'state_adaptive': False,
[36m(TaskRunner pid=745489)[0m                                                        'success_reward_threshold': 0.5,
[36m(TaskRunner pid=745489)[0m                                                        'teacher_always_on': True,
[36m(TaskRunner pid=745489)[0m                                                        'teacher_image_key': 'bbox_images',
[36m(TaskRunner pid=745489)[0m                                                        'teacher_model_path': None,
[36m(TaskRunner pid=745489)[0m                                                        'teacher_model_source': 'legacy',
[36m(TaskRunner pid=745489)[0m                                                        'teacher_prompt_mode': None,
[36m(TaskRunner pid=745489)[0m                                                        'teacher_regularization': 'ema',
[36m(TaskRunner pid=745489)[0m                                                        'teacher_update_interval': None,
[36m(TaskRunner pid=745489)[0m                                                        'teacher_update_rate': 0.0},
[36m(TaskRunner pid=745489)[0m                                  'shuffle': False,
[36m(TaskRunner pid=745489)[0m                                  'strategy': 'fsdp',
[36m(TaskRunner pid=745489)[0m                                  'sum_pi_squared_checkpointing': False,
[36m(TaskRunner pid=745489)[0m                                  'tau_neg': 1.05,
[36m(TaskRunner pid=745489)[0m                                  'tau_pos': 1.0,
[36m(TaskRunner pid=745489)[0m                                  'ulysses_sequence_parallel_size': 2,
[36m(TaskRunner pid=745489)[0m                                  'use_dynamic_bsz': False,
[36m(TaskRunner pid=745489)[0m                                  'use_fused_kernels': False,
[36m(TaskRunner pid=745489)[0m                                  'use_kl_loss': False,
[36m(TaskRunner pid=745489)[0m                                  'use_prefix_grouper': False,
[36m(TaskRunner pid=745489)[0m                                  'use_remove_padding': True,
[36m(TaskRunner pid=745489)[0m                                  'use_torch_compile': True},
[36m(TaskRunner pid=745489)[0m                        'hybrid_engine': True,
[36m(TaskRunner pid=745489)[0m                        'model': {'_target_': 'verl.workers.config.HFModelConfig',
[36m(TaskRunner pid=745489)[0m                                  'custom_chat_template': None,
[36m(TaskRunner pid=745489)[0m                                  'custom_chat_template_file': '/sfs/weka/scratch/nkw3mr/Vision-OPD-OPSA/chat_templates/perception_chat_template_qwen35.jinja',
[36m(TaskRunner pid=745489)[0m                                  'enable_activation_offload': True,
[36m(TaskRunner pid=745489)[0m                                  'enable_gradient_checkpointing': True,
[36m(TaskRunner pid=745489)[0m                                  'exclude_modules': None,
[36m(TaskRunner pid=745489)[0m                                  'external_lib': None,
[36m(TaskRunner pid=745489)[0m                                  'fused_kernel_options': {'impl_backend': 'torch'},
[36m(TaskRunner pid=745489)[0m                                  'hf_config_path': None,
[36m(TaskRunner pid=745489)[0m                                  'lora_adapter_path': None,
[36m(TaskRunner pid=745489)[0m                                  'lora_alpha': 16,
[36m(TaskRunner pid=745489)[0m                                  'lora_rank': 0,
[36m(TaskRunner pid=745489)[0m                                  'override_config': {},
[36m(TaskRunner pid=745489)[0m                                  'path': 'Qwen/Qwen3.5-4B',
[36m(TaskRunner pid=745489)[0m                                  'target_modules': 'all-linear',
[36m(TaskRunner pid=745489)[0m                                  'tiled_mlp': {'enabled': False,
[36m(TaskRunner pid=745489)[0m                                                'num_shards': 4},
[36m(TaskRunner pid=745489)[0m                                  'tokenizer_path': None,
[36m(TaskRunner pid=745489)[0m                                  'trust_remote_code': True,
[36m(TaskRunner pid=745489)[0m                                  'use_fused_kernels': False,
[36m(TaskRunner pid=745489)[0m                                  'use_liger': False,
[36m(TaskRunner pid=745489)[0m                                  'use_remove_padding': True,
[36m(TaskRunner pid=745489)[0m                                  'use_shm': False},
[36m(TaskRunner pid=745489)[0m                        'nccl_timeout': 600,
[36m(TaskRunner pid=745489)[0m                        'ref': {'_target_': 'verl.workers.config.FSDPActorConfig',
[36m(TaskRunner pid=745489)[0m                                'entropy_checkpointing': False,
[36m(TaskRunner pid=745489)[0m                                'entropy_from_logits_with_chunking': False,
[36m(TaskRunner pid=745489)[0m                                'fsdp_config': {'_target_': 'verl.workers.config.FSDPEngineConfig',
[36m(TaskRunner pid=745489)[0m                                                'dtype': 'bfloat16',
[36m(TaskRunner pid=745489)[0m                                                'entropy_checkpointing': False,
[36m(TaskRunner pid=745489)[0m                                                'entropy_from_logits_with_chunking': False,
[36m(TaskRunner pid=745489)[0m                                                'forward_only': True,
[36m(TaskRunner pid=745489)[0m                                                'forward_prefetch': False,
[36m(TaskRunner pid=745489)[0m                                                'fsdp_size': -1,
[36m(TaskRunner pid=745489)[0m                                                'full_determinism': False,
[36m(TaskRunner pid=745489)[0m                                                'model_dtype': 'fp32',
[36m(TaskRunner pid=745489)[0m                                                'offload_policy': False,
[36m(TaskRunner pid=745489)[0m                                                'optimizer_offload': False,
[36m(TaskRunner pid=745489)[0m                                                'param_offload': True,
[36m(TaskRunner pid=745489)[0m                                                'reshard_after_forward': True,
[36m(TaskRunner pid=745489)[0m                                                'seed': 42,
[36m(TaskRunner pid=745489)[0m                                                'strategy': 'fsdp',
[36m(TaskRunner pid=745489)[0m                                                'ulysses_sequence_parallel_size': 1,
[36m(TaskRunner pid=745489)[0m                                                'use_orig_params': False,
[36m(TaskRunner pid=745489)[0m                                                'use_torch_compile': True,
[36m(TaskRunner pid=745489)[0m                                                'wrap_policy': {'min_num_params': 0}},
[36m(TaskRunner pid=745489)[0m                                'log_prob_max_token_len_per_gpu': 9216,
[36m(TaskRunner pid=745489)[0m                                'log_prob_micro_batch_size': None,
[36m(TaskRunner pid=745489)[0m                                'log_prob_micro_batch_size_per_gpu': 1,
[36m(TaskRunner pid=745489)[0m                                'log_prob_use_dynamic_bsz': False,
[36m(TaskRunner pid=745489)[0m                                'profiler': {'_target_': 'verl.utils.profiler.ProfilerConfig',
[36m(TaskRunner pid=745489)[0m                                             'all_ranks': False,
[36m(TaskRunner pid=745489)[0m                                             'enable': False,
[36m(TaskRunner pid=745489)[0m                                             'ranks': [],
[36m(TaskRunner pid=745489)[0m                                             'save_path': 'outputs/profile',
[36m(TaskRunner pid=745489)[0m                                             'tool': None,
[36m(TaskRunner pid=745489)[0m                                             'tool_config': {'npu': {'_target_': 'verl.utils.profiler.config.NPUToolConfig',
[36m(TaskRunner pid=745489)[0m                                                                     'analysis': True,
[36m(TaskRunner pid=745489)[0m                                                                     'contents': [],
[36m(TaskRunner pid=745489)[0m                                                                     'discrete': False,
[36m(TaskRunner pid=745489)[0m                                                                     'level': 'level0'},
[36m(TaskRunner pid=745489)[0m                                                             'nsys': {'_target_': 'verl.utils.profiler.config.NsightToolConfig',
[36m(TaskRunner pid=745489)[0m                                                                      'discrete': False},
[36m(TaskRunner pid=745489)[0m                                                             'torch': {'_target_': 'verl.utils.profiler.config.TorchProfilerToolConfig',
[36m(TaskRunner pid=745489)[0m                                                                       'step_end': None,
[36m(TaskRunner pid=745489)[0m                                                                       'step_start': 0},
[36m(TaskRunner pid=745489)[0m                                                             'torch_memory': {'_target_': 'verl.utils.profiler.config.TorchMemoryToolConfig',
[36m(TaskRunner pid=745489)[0m                                                                              'stack_depth': 32,
[36m(TaskRunner pid=745489)[0m                                                                              'trace_alloc_max_entries': 100000}}},
[36m(TaskRunner pid=745489)[0m                                'rollout_n': 2,
[36m(TaskRunner pid=745489)[0m                                'router_replay': {'_target_': 'verl.workers.config.RouterReplayConfig',
[36m(TaskRunner pid=745489)[0m                                                  'mode': 'disabled',
[36m(TaskRunner pid=745489)[0m                                                  'record_file': None,
[36m(TaskRunner pid=745489)[0m                                                  'replay_file': None},
[36m(TaskRunner pid=745489)[0m                                'strategy': 'fsdp',
[36m(TaskRunner pid=745489)[0m                                'ulysses_sequence_parallel_size': 2,
[36m(TaskRunner pid=745489)[0m                                'use_torch_compile': True},
[36m(TaskRunner pid=745489)[0m                        'rollout': {'_target_': 'verl.workers.config.RolloutConfig',
[36m(TaskRunner pid=745489)[0m                                    'agent': {'_target_': 'verl.workers.config.AgentLoopConfig',
[36m(TaskRunner pid=745489)[0m                                              'agent_loop_config_path': None,
[36m(TaskRunner pid=745489)[0m                                              'custom_async_server': {'_target_': 'verl.workers.config.CustomAsyncServerConfig',
[36m(TaskRunner pid=745489)[0m                                                                      'name': None,
[36m(TaskRunner pid=745489)[0m                                                                      'path': None},
[36m(TaskRunner pid=745489)[0m                                              'default_agent_loop': 'single_turn_agent',
[36m(TaskRunner pid=745489)[0m                                              'num_workers': 8},
[36m(TaskRunner pid=745489)[0m                                    'calculate_log_probs': True,
[36m(TaskRunner pid=745489)[0m                                    'cudagraph_capture_sizes': None,
[36m(TaskRunner pid=745489)[0m                                    'data_parallel_size': 1,
[36m(TaskRunner pid=745489)[0m                                    'disable_log_stats': True,
[36m(TaskRunner pid=745489)[0m                                    'do_sample': True,
[36m(TaskRunner pid=745489)[0m                                    'dtype': 'bfloat16',
[36m(TaskRunner pid=745489)[0m                                    'enable_chunked_prefill': True,
[36m(TaskRunner pid=745489)[0m                                    'enable_prefix_caching': True,
[36m(TaskRunner pid=745489)[0m                                    'enable_rollout_routing_replay': False,
[36m(TaskRunner pid=745489)[0m                                    'enforce_eager': False,
[36m(TaskRunner pid=745489)[0m                                    'engine_kwargs': {'sglang': {},
[36m(TaskRunner pid=745489)[0m                                                      'vllm': {'compilation_config': {'pass_config': {'fuse_allreduce_rms': False}},
[36m(TaskRunner pid=745489)[0m                                                               'kernel_config': {'enable_flashinfer_autotune': False}}},
[36m(TaskRunner pid=745489)[0m                                    'expert_parallel_size': 1,
[36m(TaskRunner pid=745489)[0m                                    'free_cache_engine': True,
[36m(TaskRunner pid=745489)[0m                                    'gpu_memory_utilization': 0.45,
[36m(TaskRunner pid=745489)[0m                                    'ignore_eos': False,
[36m(TaskRunner pid=745489)[0m                                    'layered_summon': False,
[36m(TaskRunner pid=745489)[0m                                    'load_format': 'dummy',
[36m(TaskRunner pid=745489)[0m                                    'log_prob_max_token_len_per_gpu': 9216,
[36m(TaskRunner pid=745489)[0m                                    'log_prob_micro_batch_size': None,
[36m(TaskRunner pid=745489)[0m                                    'log_prob_micro_batch_size_per_gpu': 1,
[36m(TaskRunner pid=745489)[0m                                    'log_prob_use_dynamic_bsz': False,
[36m(TaskRunner pid=745489)[0m                                    'logprobs_mode': 'processed_logprobs',
[36m(TaskRunner pid=745489)[0m                                    'max_model_len': 9216,
[36m(TaskRunner pid=745489)[0m                                    'max_num_batched_tokens': 9216,
[36m(TaskRunner pid=745489)[0m                                    'max_num_seqs': 1024,
[36m(TaskRunner pid=745489)[0m                                    'mode': 'async',
[36m(TaskRunner pid=745489)[0m                                    'multi_stage_wake_up': False,
[36m(TaskRunner pid=745489)[0m                                    'multi_turn': {'_target_': 'verl.workers.config.MultiTurnConfig',
[36m(TaskRunner pid=745489)[0m                                                   'enable': False,
[36m(TaskRunner pid=745489)[0m                                                   'format': 'hermes',
[36m(TaskRunner pid=745489)[0m                                                   'interaction_config_path': None,
[36m(TaskRunner pid=745489)[0m                                                   'max_assistant_turns': None,
[36m(TaskRunner pid=745489)[0m                                                   'max_parallel_calls': 1,
[36m(TaskRunner pid=745489)[0m                                                   'max_tool_response_length': 256,
[36m(TaskRunner pid=745489)[0m                                                   'max_user_turns': None,
[36m(TaskRunner pid=745489)[0m                                                   'num_repeat_rollouts': None,
[36m(TaskRunner pid=745489)[0m                                                   'tokenization_sanity_check_mode': 'strict',
[36m(TaskRunner pid=745489)[0m                                                   'tool_config_path': None,
[36m(TaskRunner pid=745489)[0m                                                   'tool_response_truncate_side': 'middle',
[36m(TaskRunner pid=745489)[0m                                                   'use_inference_chat_template': False},
[36m(TaskRunner pid=745489)[0m                                    'n': 2,
[36m(TaskRunner pid=745489)[0m                                    'name': 'vllm',
[36m(TaskRunner pid=745489)[0m                                    'over_sample_rate': 0,
[36m(TaskRunner pid=745489)[0m                                    'pipeline_model_parallel_size': 1,
[36m(TaskRunner pid=745489)[0m                                    'profiler': {'_target_': 'verl.utils.profiler.ProfilerConfig',
[36m(TaskRunner pid=745489)[0m                                                 'all_ranks': False,
[36m(TaskRunner pid=745489)[0m                                                 'enable': False,
[36m(TaskRunner pid=745489)[0m                                                 'ranks': [],
[36m(TaskRunner pid=745489)[0m                                                 'save_path': 'outputs/profile',
[36m(TaskRunner pid=745489)[0m                                                 'tool': None,
[36m(TaskRunner pid=745489)[0m                                                 'tool_config': {'npu': {'_target_': 'verl.utils.profiler.config.NPUToolConfig',
[36m(TaskRunner pid=745489)[0m                                                                         'analysis': True,
[36m(TaskRunner pid=745489)[0m                                                                         'contents': [],
[36m(TaskRunner pid=745489)[0m                                                                         'discrete': False,
[36m(TaskRunner pid=745489)[0m                                                                         'level': 'level0'},
[36m(TaskRunner pid=745489)[0m                                                                 'nsys': {'_target_': 'verl.utils.profiler.config.NsightToolConfig',
[36m(TaskRunner pid=745489)[0m                                                                          'discrete': False},
[36m(TaskRunner pid=745489)[0m                                                                 'torch': {'_target_': 'verl.utils.profiler.config.TorchProfilerToolConfig',
[36m(TaskRunner pid=745489)[0m                                                                           'step_end': None,
[36m(TaskRunner pid=745489)[0m                                                                           'step_start': 0},
[36m(TaskRunner pid=745489)[0m                                                                 'torch_memory': {'_target_': 'verl.utils.profiler.config.TorchMemoryToolConfig',
[36m(TaskRunner pid=745489)[0m                                                                                  'stack_depth': 32,
[36m(TaskRunner pid=745489)[0m                                                                                  'trace_alloc_max_entries': 100000}}},
[36m(TaskRunner pid=745489)[0m                                    'prometheus': {'_target_': 'verl.workers.config.PrometheusConfig',
[36m(TaskRunner pid=745489)[0m                                                   'enable': False,
[36m(TaskRunner pid=745489)[0m                                                   'file': '/tmp/ray/session_latest/metrics/prometheus/prometheus.yml',
[36m(TaskRunner pid=745489)[0m                                                   'port': 9090,
[36m(TaskRunner pid=745489)[0m                                                   'served_model_name': 'Qwen/Qwen3.5-4B'},
[36m(TaskRunner pid=745489)[0m                                    'prompt_length': 8192,
[36m(TaskRunner pid=745489)[0m                                    'quantization': None,
[36m(TaskRunner pid=745489)[0m                                    'quantization_config_file': None,
[36m(TaskRunner pid=745489)[0m                                    'response_length': 1024,
[36m(TaskRunner pid=745489)[0m                                    'scheduling_policy': 'fcfs',
[36m(TaskRunner pid=745489)[0m                                    'skip_dump_dir': '/tmp/rollout_dump',
[36m(TaskRunner pid=745489)[0m                                    'skip_rollout': False,
[36m(TaskRunner pid=745489)[0m                                    'skip_tokenizer_init': True,
[36m(TaskRunner pid=745489)[0m                                    'temperature': 1.0,
[36m(TaskRunner pid=745489)[0m                                    'tensor_model_parallel_size': 1,
[36m(TaskRunner pid=745489)[0m                                    'top_k': -1,
[36m(TaskRunner pid=745489)[0m                                    'top_p': 1,
[36m(TaskRunner pid=745489)[0m                                    'trace': {'_target_': 'verl.workers.config.TraceConfig',
[36m(TaskRunner pid=745489)[0m                                              'backend': None,
[36m(TaskRunner pid=745489)[0m                                              'max_samples_per_step_per_worker': None,
[36m(TaskRunner pid=745489)[0m                                              'token2text': False},
[36m(TaskRunner pid=745489)[0m                                    'update_weights_bucket_megabytes': 512,
[36m(TaskRunner pid=745489)[0m                                    'val_kwargs': {'_target_': 'verl.workers.config.SamplingConfig',
[36m(TaskRunner pid=745489)[0m                                                   'do_sample': False,
[36m(TaskRunner pid=745489)[0m                                                   'n': 1,
[36m(TaskRunner pid=745489)[0m                                                   'temperature': 0,
[36m(TaskRunner pid=745489)[0m                                                   'top_k': -1,
[36m(TaskRunner pid=745489)[0m                                                   'top_p': 1.0}}},
[36m(TaskRunner pid=745489)[0m  'algorithm': {'_target_': 'verl.trainer.config.AlgoConfig',
[36m(TaskRunner pid=745489)[0m                'adv_estimator': 'grpo',
[36m(TaskRunner pid=745489)[0m                'gamma': 1.0,
[36m(TaskRunner pid=745489)[0m                'kl_ctrl': {'_target_': 'verl.trainer.config.KLControlConfig',
[36m(TaskRunner pid=745489)[0m                            'horizon': 10000,
[36m(TaskRunner pid=745489)[0m                            'kl_coef': 0.001,
[36m(TaskRunner pid=745489)[0m                            'target_kl': 0.1,
[36m(TaskRunner pid=745489)[0m                            'type': 'fixed'},
[36m(TaskRunner pid=745489)[0m                'kl_penalty': 'kl',
[36m(TaskRunner pid=745489)[0m                'lam': 1.0,
[36m(TaskRunner pid=745489)[0m                'norm_adv_by_std_in_grpo': False,
[36m(TaskRunner pid=745489)[0m                'pf_ppo': {'reweight_method': 'pow', 'weight_pow': 2.0},
[36m(TaskRunner pid=745489)[0m                'rollout_correction': {'bypass_mode': False,
[36m(TaskRunner pid=745489)[0m                                       'loss_type': 'ppo_clip',
[36m(TaskRunner pid=745489)[0m                                       'rollout_is': 'token',
[36m(TaskRunner pid=745489)[0m                                       'rollout_is_batch_normalize': False,
[36m(TaskRunner pid=745489)[0m                                       'rollout_is_threshold': 2.0,
[36m(TaskRunner pid=745489)[0m                                       'rollout_rs': None,
[36m(TaskRunner pid=745489)[0m                                       'rollout_rs_threshold': None},
[36m(TaskRunner pid=745489)[0m                'use_kl_in_reward': False,
[36m(TaskRunner pid=745489)[0m                'use_pf_ppo': False},
[36m(TaskRunner pid=745489)[0m  'critic': {'_target_': 'verl.workers.config.FSDPCriticConfig',
[36m(TaskRunner pid=745489)[0m             'checkpoint': {'_target_': 'verl.trainer.config.CheckpointConfig',
[36m(TaskRunner pid=745489)[0m                            'async_save': False,
[36m(TaskRunner pid=745489)[0m                            'load_contents': ['model', 'optimizer', 'extra'],
[36m(TaskRunner pid=745489)[0m                            'save_contents': ['model', 'optimizer', 'extra']},
[36m(TaskRunner pid=745489)[0m             'cliprange_value': 0.5,
[36m(TaskRunner pid=745489)[0m             'data_loader_seed': 42,
[36m(TaskRunner pid=745489)[0m             'enable': None,
[36m(TaskRunner pid=745489)[0m             'forward_max_token_len_per_gpu': 32768,
[36m(TaskRunner pid=745489)[0m             'forward_micro_batch_size': None,
[36m(TaskRunner pid=745489)[0m             'forward_micro_batch_size_per_gpu': None,
[36m(TaskRunner pid=745489)[0m             'grad_clip': 1.0,
[36m(TaskRunner pid=745489)[0m             'loss_agg_mode': 'token-mean',
[36m(TaskRunner pid=745489)[0m             'model': {'_target_': 'verl.workers.config.FSDPCriticModelCfg',
[36m(TaskRunner pid=745489)[0m                       'enable_activation_offload': False,
[36m(TaskRunner pid=745489)[0m                       'enable_gradient_checkpointing': True,
[36m(TaskRunner pid=745489)[0m                       'external_lib': None,
[36m(TaskRunner pid=745489)[0m                       'fsdp_config': {'_target_': 'verl.workers.config.FSDPEngineConfig',
[36m(TaskRunner pid=745489)[0m                                       'dtype': 'bfloat16',
[36m(TaskRunner pid=745489)[0m                                       'entropy_checkpointing': False,
[36m(TaskRunner pid=745489)[0m                                       'entropy_from_logits_with_chunking': False,
[36m(TaskRunner pid=745489)[0m                                       'forward_only': False,
[36m(TaskRunner pid=745489)[0m                                       'forward_prefetch': False,
[36m(TaskRunner pid=745489)[0m                                       'fsdp_size': -1,
[36m(TaskRunner pid=745489)[0m                                       'full_determinism': False,
[36m(TaskRunner pid=745489)[0m                                       'model_dtype': 'fp32',
[36m(TaskRunner pid=745489)[0m                                       'offload_policy': False,
[36m(TaskRunner pid=745489)[0m                                       'optimizer_offload': False,
[36m(TaskRunner pid=745489)[0m                                       'param_offload': False,
[36m(TaskRunner pid=745489)[0m                                       'reshard_after_forward': True,
[36m(TaskRunner pid=745489)[0m                                       'seed': 42,
[36m(TaskRunner pid=745489)[0m                                       'strategy': 'fsdp',
[36m(TaskRunner pid=745489)[0m                                       'ulysses_sequence_parallel_size': 1,
[36m(TaskRunner pid=745489)[0m                                       'use_orig_params': False,
[36m(TaskRunner pid=745489)[0m                                       'use_torch_compile': True,
[36m(TaskRunner pid=745489)[0m                                       'wrap_policy': {'min_num_params': 0}},
[36m(TaskRunner pid=745489)[0m                       'lora_alpha': 16,
[36m(TaskRunner pid=745489)[0m                       'lora_rank': 0,
[36m(TaskRunner pid=745489)[0m                       'override_config': {},
[36m(TaskRunner pid=745489)[0m                       'path': 'Qwen/Qwen3.5-4B',
[36m(TaskRunner pid=745489)[0m                       'target_modules': 'all-linear',
[36m(TaskRunner pid=745489)[0m                       'tiled_mlp': {'enabled': False, 'num_shards': 4},
[36m(TaskRunner pid=745489)[0m                       'tokenizer_path': 'Qwen/Qwen3.5-4B',
[36m(TaskRunner pid=745489)[0m                       'trust_remote_code': True,
[36m(TaskRunner pid=745489)[0m                       'use_remove_padding': False,
[36m(TaskRunner pid=745489)[0m                       'use_shm': False},
[36m(TaskRunner pid=745489)[0m             'optim': {'_target_': 'verl.workers.config.FSDPOptimizerConfig',
[36m(TaskRunner pid=745489)[0m                       'betas': [0.9, 0.999],
[36m(TaskRunner pid=745489)[0m                       'clip_grad': 1.0,
[36m(TaskRunner pid=745489)[0m                       'lr': 1e-05,
[36m(TaskRunner pid=745489)[0m                       'lr_scheduler_type': 'constant',
[36m(TaskRunner pid=745489)[0m                       'lr_warmup_steps': -1,
[36m(TaskRunner pid=745489)[0m                       'lr_warmup_steps_ratio': 0.0,
[36m(TaskRunner pid=745489)[0m                       'min_lr_ratio': 0.0,
[36m(TaskRunner pid=745489)[0m                       'num_cycles': 0.5,
[36m(TaskRunner pid=745489)[0m                       'optimizer': 'AdamW',
[36m(TaskRunner pid=745489)[0m                       'optimizer_impl': 'torch.optim',
[36m(TaskRunner pid=745489)[0m                       'override_optimizer_config': None,
[36m(TaskRunner pid=745489)[0m                       'total_training_steps': -1,
[36m(TaskRunner pid=745489)[0m                       'warmup_style': None,
[36m(TaskRunner pid=745489)[0m                       'weight_decay': 0.01},
[36m(TaskRunner pid=745489)[0m             'ppo_epochs': 1,
[36m(TaskRunner pid=745489)[0m             'ppo_max_token_len_per_gpu': 32768,
[36m(TaskRunner pid=745489)[0m             'ppo_micro_batch_size': None,
[36m(TaskRunner pid=745489)[0m             'ppo_micro_batch_size_per_gpu': None,
[36m(TaskRunner pid=745489)[0m             'ppo_mini_batch_size': 48,
[36m(TaskRunner pid=745489)[0m             'profiler': {'_target_': 'verl.utils.profiler.ProfilerConfig',
[36m(TaskRunner pid=745489)[0m                          'all_ranks': False,
[36m(TaskRunner pid=745489)[0m                          'enable': False,
[36m(TaskRunner pid=745489)[0m                          'ranks': [],
[36m(TaskRunner pid=745489)[0m                          'save_path': 'outputs/profile',
[36m(TaskRunner pid=745489)[0m                          'tool': None,
[36m(TaskRunner pid=745489)[0m                          'tool_config': {'npu': {'_target_': 'verl.utils.profiler.config.NPUToolConfig',
[36m(TaskRunner pid=745489)[0m                                                  'analysis': True,
[36m(TaskRunner pid=745489)[0m                                                  'contents': [],
[36m(TaskRunner pid=745489)[0m                                                  'discrete': False,
[36m(TaskRunner pid=745489)[0m                                                  'level': 'level0'},
[36m(TaskRunner pid=745489)[0m                                          'nsys': {'_target_': 'verl.utils.profiler.config.NsightToolConfig',
[36m(TaskRunner pid=745489)[0m                                                   'discrete': False},
[36m(TaskRunner pid=745489)[0m                                          'torch': {'_target_': 'verl.utils.profiler.config.TorchProfilerToolConfig',
[36m(TaskRunner pid=745489)[0m                                                    'step_end': None,
[36m(TaskRunner pid=745489)[0m                                                    'step_start': 0},
[36m(TaskRunner pid=745489)[0m                                          'torch_memory': {'_target_': 'verl.utils.profiler.config.TorchMemoryToolConfig',
[36m(TaskRunner pid=745489)[0m                                                           'stack_depth': 32,
[36m(TaskRunner pid=745489)[0m                                                           'trace_alloc_max_entries': 100000}}},
[36m(TaskRunner pid=745489)[0m             'rollout_n': 2,
[36m(TaskRunner pid=745489)[0m             'shuffle': False,
[36m(TaskRunner pid=745489)[0m             'strategy': 'fsdp',
[36m(TaskRunner pid=745489)[0m             'ulysses_sequence_parallel_size': 1,
[36m(TaskRunner pid=745489)[0m             'use_dynamic_bsz': False},
[36m(TaskRunner pid=745489)[0m  'custom_reward_function': {'name': 'compute_score', 'path': None},
[36m(TaskRunner pid=745489)[0m  'data': {'apply_chat_template_kwargs': {},
[36m(TaskRunner pid=745489)[0m           'custom_cls': {'name': None, 'path': None},
[36m(TaskRunner pid=745489)[0m           'datagen': {'name': None, 'path': None},
[36m(TaskRunner pid=745489)[0m           'dataloader_num_workers': 8,
[36m(TaskRunner pid=745489)[0m           'filter_overlong_prompts': False,
[36m(TaskRunner pid=745489)[0m           'filter_overlong_prompts_workers': 1,
[36m(TaskRunner pid=745489)[0m           'image_key': 'images',
[36m(TaskRunner pid=745489)[0m           'image_patch_size': 14,
[36m(TaskRunner pid=745489)[0m           'max_prompt_length': 8192,
[36m(TaskRunner pid=745489)[0m           'max_response_length': 1024,
[36m(TaskRunner pid=745489)[0m           'prompt_key': 'prompt',
[36m(TaskRunner pid=745489)[0m           'return_full_prompt': False,
[36m(TaskRunner pid=745489)[0m           'return_multi_modal_inputs': True,
[36m(TaskRunner pid=745489)[0m           'return_raw_chat': True,
[36m(TaskRunner pid=745489)[0m           'return_raw_input_ids': False,
[36m(TaskRunner pid=745489)[0m           'reward_fn_key': 'data_source',
[36m(TaskRunner pid=745489)[0m           'sampler': {'class_name': None, 'class_path': None},
[36m(TaskRunner pid=745489)[0m           'seed': None,
[36m(TaskRunner pid=745489)[0m           'shuffle': True,
[36m(TaskRunner pid=745489)[0m           'tokenizer': None,
[36m(TaskRunner pid=745489)[0m           'tool_config_path': None,
[36m(TaskRunner pid=745489)[0m           'train_batch_size': 48,
[36m(TaskRunner pid=745489)[0m           'train_files': ['/sfs/weka/scratch/nkw3mr/Vision-OPD-OPSA/data/TreeVGR-RL-37K/train_6karmA_aha.parquet'],
[36m(TaskRunner pid=745489)[0m           'train_max_samples': -1,
[36m(TaskRunner pid=745489)[0m           'truncation': 'error',
[36m(TaskRunner pid=745489)[0m           'trust_remote_code': True,
[36m(TaskRunner pid=745489)[0m           'use_shm': False,
[36m(TaskRunner pid=745489)[0m           'val_batch_size': None,
[36m(TaskRunner pid=745489)[0m           'val_files': [],
[36m(TaskRunner pid=745489)[0m           'val_max_samples': -1,
[36m(TaskRunner pid=745489)[0m           'validation_shuffle': False,
[36m(TaskRunner pid=745489)[0m           'video_key': 'videos'},
[36m(TaskRunner pid=745489)[0m  'global_profiler': {'_target_': 'verl.utils.profiler.ProfilerConfig',
[36m(TaskRunner pid=745489)[0m                      'global_tool_config': {'nsys': {'_target_': 'verl.utils.profiler.config.NsightToolConfig',
[36m(TaskRunner pid=745489)[0m                                                      'controller_nsight_options': {'cuda-graph-trace': 'graph',
[36m(TaskRunner pid=745489)[0m                                                                                    'cuda-memory-usage': 'true',
[36m(TaskRunner pid=745489)[0m                                                                                    'trace': 'cuda,nvtx,cublas,ucx'},
[36m(TaskRunner pid=745489)[0m                                                      'discrete': False,
[36m(TaskRunner pid=745489)[0m                                                      'worker_nsight_options': {'capture-range': 'cudaProfilerApi',
[36m(TaskRunner pid=745489)[0m                                                                                'capture-range-end': None,
[36m(TaskRunner pid=745489)[0m                                                                                'cuda-graph-trace': 'graph',
[36m(TaskRunner pid=745489)[0m                                                                                'cuda-memory-usage': 'true',
[36m(TaskRunner pid=745489)[0m                                                                                'kill': 'none',
[36m(TaskRunner pid=745489)[0m                                                                                'trace': 'cuda,nvtx,cublas,ucx'}},
[36m(TaskRunner pid=745489)[0m                                             'torch_memory': {'context': 'all',
[36m(TaskRunner pid=745489)[0m                                                              'kw_args': {},
[36m(TaskRunner pid=745489)[0m                                                              'stack_depth': 32,
[36m(TaskRunner pid=745489)[0m                                                              'stacks': 'all',
[36m(TaskRunner pid=745489)[0m                                                              'trace_alloc_max_entries': 100000}},
[36m(TaskRunner pid=745489)[0m                      'profile_continuous_steps': False,
[36m(TaskRunner pid=745489)[0m                      'save_path': 'outputs/profile',
[36m(TaskRunner pid=745489)[0m                      'steps': None,
[36m(TaskRunner pid=745489)[0m                      'tool': None},
[36m(TaskRunner pid=745489)[0m  'max_model_len': 18944,
[36m(TaskRunner pid=745489)[0m  'ray_kwargs': {'ray_init': {'num_cpus': None}, 'timeline_json_file': None},
[36m(TaskRunner pid=745489)[0m  'reward_manager': {'_target_': 'verl.trainer.config.config.RewardManagerConfig',
[36m(TaskRunner pid=745489)[0m                     'module': {'_target_': 'verl.trainer.config.config.ModuleConfig',
[36m(TaskRunner pid=745489)[0m                                'name': 'custom_reward_manager',
[36m(TaskRunner pid=745489)[0m                                'path': None},
[36m(TaskRunner pid=745489)[0m                     'name': 'naive',
[36m(TaskRunner pid=745489)[0m                     'source': 'register'},
[36m(TaskRunner pid=745489)[0m  'reward_model': {'enable': False,
[36m(TaskRunner pid=745489)[0m                   'enable_resource_pool': False,
[36m(TaskRunner pid=745489)[0m                   'forward_max_token_len_per_gpu': 32768,
[36m(TaskRunner pid=745489)[0m                   'launch_reward_fn_async': False,
[36m(TaskRunner pid=745489)[0m                   'max_length': None,
[36m(TaskRunner pid=745489)[0m                   'micro_batch_size': None,
[36m(TaskRunner pid=745489)[0m                   'micro_batch_size_per_gpu': None,
[36m(TaskRunner pid=745489)[0m                   'model': {'external_lib': None,
[36m(TaskRunner pid=745489)[0m                             'fsdp_config': {'_target_': 'verl.workers.config.FSDPEngineConfig',
[36m(TaskRunner pid=745489)[0m                                             'forward_prefetch': False,
[36m(TaskRunner pid=745489)[0m                                             'fsdp_size': -1,
[36m(TaskRunner pid=745489)[0m                                             'param_offload': False,
[36m(TaskRunner pid=745489)[0m                                             'reshard_after_forward': True,
[36m(TaskRunner pid=745489)[0m                                             'wrap_policy': {'min_num_params': 0}},
[36m(TaskRunner pid=745489)[0m                             'input_tokenizer': 'Qwen/Qwen3.5-4B',
[36m(TaskRunner pid=745489)[0m                             'override_config': {},
[36m(TaskRunner pid=745489)[0m                             'path': '~/models/FsfairX-LLaMA3-RM-v0.1',
[36m(TaskRunner pid=745489)[0m                             'trust_remote_code': False,
[36m(TaskRunner pid=745489)[0m                             'use_fused_kernels': False,
[36m(TaskRunner pid=745489)[0m                             'use_remove_padding': False,
[36m(TaskRunner pid=745489)[0m                             'use_shm': False},
[36m(TaskRunner pid=745489)[0m                   'n_gpus_per_node': 8,
[36m(TaskRunner pid=745489)[0m                   'nnodes': 0,
[36m(TaskRunner pid=745489)[0m                   'num_workers': 1,
[36m(TaskRunner pid=745489)[0m                   'profiler': {'_target_': 'verl.utils.profiler.ProfilerConfig',
[36m(TaskRunner pid=745489)[0m                                'all_ranks': False,
[36m(TaskRunner pid=745489)[0m                                'enable': False,
[36m(TaskRunner pid=745489)[0m                                'ranks': [],
[36m(TaskRunner pid=745489)[0m                                'save_path': 'outputs/profile',
[36m(TaskRunner pid=745489)[0m                                'tool': None,
[36m(TaskRunner pid=745489)[0m                                'tool_config': {'npu': {'_target_': 'verl.utils.profiler.config.NPUToolConfig',
[36m(TaskRunner pid=745489)[0m                                                        'analysis': True,
[36m(TaskRunner pid=745489)[0m                                                        'contents': [],
[36m(TaskRunner pid=745489)[0m                                                        'discrete': False,
[36m(TaskRunner pid=745489)[0m                                                        'level': 'level0'},
[36m(TaskRunner pid=745489)[0m                                                'nsys': {'_target_': 'verl.utils.profiler.config.NsightToolConfig',
[36m(TaskRunner pid=745489)[0m                                                         'discrete': False},
[36m(TaskRunner pid=745489)[0m                                                'torch': {'_target_': 'verl.utils.profiler.config.TorchProfilerToolConfig',
[36m(TaskRunner pid=745489)[0m                                                          'step_end': None,
[36m(TaskRunner pid=745489)[0m                                                          'step_start': 0},
[36m(TaskRunner pid=745489)[0m                                                'torch_memory': {'_target_': 'verl.utils.profiler.config.TorchMemoryToolConfig',
[36m(TaskRunner pid=745489)[0m                                                                 'stack_depth': 32,
[36m(TaskRunner pid=745489)[0m                                                                 'trace_alloc_max_entries': 100000}}},
[36m(TaskRunner pid=745489)[0m                   'reward_loop_class_name': None,
[36m(TaskRunner pid=745489)[0m                   'reward_loop_module_path': None,
[36m(TaskRunner pid=745489)[0m                   'reward_loop_source': 'register',
[36m(TaskRunner pid=745489)[0m                   'reward_manager': 'naive',
[36m(TaskRunner pid=745489)[0m                   'rollout': {'_target_': 'verl.workers.config.RolloutConfig',
[36m(TaskRunner pid=745489)[0m                               'cudagraph_capture_sizes': None,
[36m(TaskRunner pid=745489)[0m                               'data_parallel_size': 1,
[36m(TaskRunner pid=745489)[0m                               'disable_log_stats': True,
[36m(TaskRunner pid=745489)[0m                               'dtype': 'bfloat16',
[36m(TaskRunner pid=745489)[0m                               'enable_chunked_prefill': True,
[36m(TaskRunner pid=745489)[0m                               'enable_prefix_caching': True,
[36m(TaskRunner pid=745489)[0m                               'enforce_eager': True,
[36m(TaskRunner pid=745489)[0m                               'engine_kwargs': {},
[36m(TaskRunner pid=745489)[0m                               'expert_parallel_size': 1,
[36m(TaskRunner pid=745489)[0m                               'free_cache_engine': True,
[36m(TaskRunner pid=745489)[0m                               'gpu_memory_utilization': 0.5,
[36m(TaskRunner pid=745489)[0m                               'limit_images': None,
[36m(TaskRunner pid=745489)[0m                               'load_format': 'auto',
[36m(TaskRunner pid=745489)[0m                               'max_model_len': None,
[36m(TaskRunner pid=745489)[0m                               'max_num_batched_tokens': 8192,
[36m(TaskRunner pid=745489)[0m                               'max_num_seqs': 1024,
[36m(TaskRunner pid=745489)[0m                               'name': '???',
[36m(TaskRunner pid=745489)[0m                               'prompt_length': 2048,
[36m(TaskRunner pid=745489)[0m                               'response_length': 2048,
[36m(TaskRunner pid=745489)[0m                               'skip_tokenizer_init': False,
[36m(TaskRunner pid=745489)[0m /sfs/weka/scratch/nkw3mr/Vision-OPD-OPSA/verl/trainer/main_ppo.py:320: UserWarning: Disabled critic as algorithm.adv_estimator != gae. If it is not intended, please set critic.enable=True
[36m(TaskRunner pid=745489)[0m   use_critic=need_critic(config),
[36m(TaskRunner pid=745489)[0m /sfs/weka/scratch/nkw3mr/Vision-OPD-OPSA/verl/utils/profiler/config.py:52: UserWarning: Torch profiler tool config is not fully supported now.
[36m(TaskRunner pid=745489)[0m   warnings.warn("Torch profiler tool config is not fully supported now.", stacklevel=1)
[36m(TaskRunner pid=745489)[0m Warning: You are sending unauthenticated requests to the HF Hub. Please set a HF_TOKEN to enable higher rate limits and faster downloads.
[36m(TaskRunner pid=745489)[0m WARNING:2026-09-10 15:12:51,774:Warning: You are sending unauthenticated requests to the HF Hub. Please set a HF_TOKEN to enable higher rate limits and faster downloads.
[36m(TaskRunner pid=745489)[0m The `use_fast` parameter is deprecated and will be removed in a future version. Use `backend="torchvision"` instead of `use_fast=True`, or `backend="pil"` instead of `use_fast=False`.
[36m(TaskRunner pid=745489)[0m /sfs/weka/scratch/nkw3mr/Vision-OPD-OPSA/verl/trainer/ppo/ray_trainer.py:389: UserWarning: Disabled critic as algorithm.adv_estimator != gae. If it is not intended, please set critic.enable=True
[36m(TaskRunner pid=745489)[0m   self.use_critic = need_critic(self.config)
[36m(WorkerDict pid=798195)[0m [W910 15:13:04.561901626 socket.cpp:764] [c10d] The client socket cannot be initialized to connect to [udc-aw37-6-s.hpc.virginia.edu]:36611 (errno: 97 - Address family not supported by protocol).
[36m(WorkerDict pid=798195)[0m Warning: You are sending unauthenticated requests to the HF Hub. Please set a HF_TOKEN to enable higher rate limits and faster downloads.
[36m(WorkerDict pid=798195)[0m WARNING:2026-09-10 15:13:04,451:Warning: You are sending unauthenticated requests to the HF Hub. Please set a HF_TOKEN to enable higher rate limits and faster downloads.
[36m(TaskRunner pid=745489)[0m                               'tensor_model_parallel_size': 2},
[36m(TaskRunner pid=745489)[0m                   'sandbox_fusion': {'max_concurrent': 64,
[36m(TaskRunner pid=745489)[0m                                      'memory_limit_mb': 1024,
[36m(TaskRunner pid=745489)[0m                                      'url': None},
[36m(TaskRunner pid=745489)[0m                   'strategy': 'fsdp',
[36m(TaskRunner pid=745489)[0m                   'ulysses_sequence_parallel_size': 1,
[36m(TaskRunner pid=745489)[0m                   'use_dynamic_bsz': False,
[36m(TaskRunner pid=745489)[0m                   'use_reward_loop': False},
[36m(TaskRunner pid=745489)[0m  'trainer': {'balance_batch': True,
[36m(TaskRunner pid=745489)[0m              'critic_warmup': 0,
[36m(TaskRunner pid=745489)[0m              'default_hdfs_dir': None,
[36m(TaskRunner pid=745489)[0m              'default_local_dir': '/sfs/weka/scratch/nkw3mr/Vision-OPD-OPSA/checkpoints/Aha-center-floor-Qwen3.5-4B-6karmA',
[36m(TaskRunner pid=745489)[0m              'del_local_ckpt_after_load': False,
[36m(TaskRunner pid=745489)[0m              'device': 'cuda',
[36m(TaskRunner pid=745489)[0m              'esi_redundant_time': 0,
[36m(TaskRunner pid=745489)[0m              'experiment_name': 'Aha-center-floor-Qwen3.5-4B-6karmA',
[36m(TaskRunner pid=745489)[0m              'group_name': 'Aha-center-floor-Qwen3.5-4B-6karmA',
[36m(TaskRunner pid=745489)[0m              'log_val_generations': 0,
[36m(TaskRunner pid=745489)[0m              'logger': ['console', 'tensorboard', 'wandb'],
[36m(TaskRunner pid=745489)[0m              'max_actor_ckpt_to_keep': None,
[36m(TaskRunner pid=745489)[0m              'max_critic_ckpt_to_keep': None,
[36m(TaskRunner pid=745489)[0m              'n_gpus_per_node': 2,
[36m(TaskRunner pid=745489)[0m              'nnodes': 1,
[36m(TaskRunner pid=745489)[0m              'project_name': 'Vision-OPD-StateAdaptive',
[36m(TaskRunner pid=745489)[0m              'ray_wait_register_center_timeout': 300,
[36m(TaskRunner pid=745489)[0m              'resume_from_path': None,
[36m(TaskRunner pid=745489)[0m              'resume_mode': 'auto',
[36m(TaskRunner pid=745489)[0m              'rollout_data_dir': '/sfs/weka/scratch/nkw3mr/Vision-OPD-OPSA/rollouts/Aha-center-floor-Qwen3.5-4B-6karmA',
[36m(TaskRunner pid=745489)[0m              'save_freq': 5,
[36m(TaskRunner pid=745489)[0m              'test_freq': -1,
[36m(TaskRunner pid=745489)[0m              'total_epochs': 1,
[36m(TaskRunner pid=745489)[0m              'total_training_steps': None,
[36m(TaskRunner pid=745489)[0m              'use_legacy_worker_impl': 'auto',
[36m(TaskRunner pid=745489)[0m              'val_before_train': False,
[36m(TaskRunner pid=745489)[0m              'val_only': False,
[36m(TaskRunner pid=745489)[0m              'validation_data_dir': None},
[36m(TaskRunner pid=745489)[0m  'transfer_queue': {'enable': False},
[36m(TaskRunner pid=745489)[0m  'vars': {'ckpt_dir': './checkpoints', 'dir': './data', 'log_dir': './output'}}
[36m(TaskRunner pid=745489)[0m [validate_config] All configuration checks passed successfully!
[36m(TaskRunner pid=745489)[0m Using dataset class: RLHFDataset
[36m(TaskRunner pid=745489)[0m dataset len: 2459
[36m(TaskRunner pid=745489)[0m Size of train dataloader: 51, Size of val dataloader: 0
[36m(TaskRunner pid=745489)[0m Total training steps: 51
[36m(TaskRunner pid=745489)[0m colocated worker base class <class 'verl.single_controller.base.worker.Worker'>
[36m(TaskRunner pid=745489)[0m bind role actor_rollout_ref method chat_completion to class <class 'verl.single_controller.ray.base.create_colocated_worker_cls.<locals>.WorkerDict'>
[36m(TaskRunner pid=745489)[0m bind role actor_rollout_ref method generate to class <class 'verl.single_controller.ray.base.create_colocated_worker_cls.<locals>.WorkerDict'>
[36m(TaskRunner pid=745489)[0m bind role actor_rollout_ref method get_zeromq_address to class <class 'verl.single_controller.ray.base.create_colocated_worker_cls.<locals>.WorkerDict'>
[36m(TaskRunner pid=745489)[0m bind role actor_rollout_ref method sleep to class <class 'verl.single_controller.ray.base.create_colocated_worker_cls.<locals>.WorkerDict'>
[36m(TaskRunner pid=745489)[0m bind role actor_rollout_ref method wake_up to class <class 'verl.single_controller.ray.base.create_colocated_worker_cls.<locals>.WorkerDict'>
[36m(WorkerDict pid=798191)[0m [Gloo] Rank 0 is connected to 1 peer ranks. Expected number of connected peer ranks is : 1
[36m(WorkerDict pid=798191)[0m Model config after override: Qwen3_5Config {
[36m(WorkerDict pid=798191)[0m   "architectures": [
[36m(WorkerDict pid=798191)[0m     "Qwen3_5ForConditionalGeneration"
[36m(WorkerDict pid=798191)[0m   ],
[36m(WorkerDict pid=798191)[0m   "bos_token_id": null,
[36m(WorkerDict pid=798191)[0m   "eos_token_id": 248046,
[36m(WorkerDict pid=798191)[0m   "image_token_id": 248056,
[36m(WorkerDict pid=798191)[0m   "model_type": "qwen3_5",
[36m(WorkerDict pid=798191)[0m   "pad_token_id": 248044,
[36m(WorkerDict pid=798191)[0m   "text_config": {
[36m(WorkerDict pid=798191)[0m     "attention_bias": false,
[36m(WorkerDict pid=798191)[0m     "attention_dropout": 0.0,
[36m(WorkerDict pid=798191)[0m     "attn_output_gate": true,
[36m(WorkerDict pid=798191)[0m     "bos_token_id": null,
[36m(WorkerDict pid=798191)[0m     "dtype": "bfloat16",
[36m(WorkerDict pid=798191)[0m     "eos_token_id": 248044,
[36m(WorkerDict pid=798191)[0m     "full_attention_interval": 4,
[36m(WorkerDict pid=798191)[0m     "head_dim": 256,
[36m(WorkerDict pid=798191)[0m     "hidden_act": "silu",
[36m(WorkerDict pid=798191)[0m     "hidden_size": 2560,
[36m(WorkerDict pid=798191)[0m     "initializer_range": 0.02,
[36m(WorkerDict pid=798191)[0m     "intermediate_size": 9216,
[36m(WorkerDict pid=798191)[0m     "layer_types": [
[36m(WorkerDict pid=798191)[0m       "linear_attention",
[36m(WorkerDict pid=798191)[0m       "linear_attention",
[36m(WorkerDict pid=798191)[0m       "linear_attention",
[36m(WorkerDict pid=798191)[0m       "full_attention",
[36m(WorkerDict pid=798191)[0m       "linear_attention",
[36m(WorkerDict pid=798191)[0m       "linear_attention",
[36m(WorkerDict pid=798191)[0m       "linear_attention",
[36m(WorkerDict pid=798191)[0m       "full_attention",
[36m(WorkerDict pid=798191)[0m       "linear_attention",
[36m(WorkerDict pid=798191)[0m       "linear_attention",
[36m(WorkerDict pid=798191)[0m       "linear_attention",
[36m(WorkerDict pid=798191)[0m       "full_attention",
[36m(WorkerDict pid=798191)[0m       "linear_attention",
[36m(WorkerDict pid=798191)[0m       "linear_attention",
[36m(WorkerDict pid=798191)[0m       "linear_attention",
[36m(WorkerDict pid=798191)[0m       "full_attention",
[36m(WorkerDict pid=798191)[0m       "linear_attention",
[36m(WorkerDict pid=798191)[0m       "linear_attention",
[36m(WorkerDict pid=798191)[0m       "linear_attention",
[36m(WorkerDict pid=798191)[0m       "full_attention",
[36m(WorkerDict pid=798191)[0m       "linear_attention",
[36m(WorkerDict pid=798191)[0m       "linear_attention",
[36m(WorkerDict pid=798191)[0m       "linear_attention",
[36m(WorkerDict pid=798191)[0m       "full_attention",
[36m(WorkerDict pid=798191)[0m       "linear_attention",
[36m(WorkerDict pid=798191)[0m       "linear_attention",
[36m(WorkerDict pid=798191)[0m       "linear_attention",
[36m(WorkerDict pid=798191)[0m       "full_attention",
[36m(WorkerDict pid=798191)[0m       "linear_attention",
[36m(WorkerDict pid=798191)[0m       "linear_attention",
[36m(WorkerDict pid=798191)[0m       "linear_attention",
[36m(WorkerDict pid=798191)[0m       "full_attention"
[36m(WorkerDict pid=798191)[0m     ],
[36m(WorkerDict pid=798191)[0m     "linear_conv_kernel_dim": 4,
[36m(WorkerDict pid=798191)[0m     "linear_key_head_dim": 128,
[36m(WorkerDict pid=798191)[0m     "linear_num_key_heads": 16,
[36m(WorkerDict pid=798191)[0m     "linear_num_value_heads": 32,
[36m(WorkerDict pid=798191)[0m     "linear_value_head_dim": 128,
[36m(WorkerDict pid=798195)[0m Flash Attention 2 only supports torch.float16 and torch.bfloat16 dtypes, but the current dype in Qwen3_5ForConditionalGeneration is torch.float32. You should run training or inference using Automatic Mixed-Precision via the `with torch.autocast(device_type='torch_device'):` decorator, or load the model with the `dtype` argument. Example: `model = AutoModel.from_pretrained("meta-llama/Llama-3.2-1B", attn_implementation="flash_attention_2", dtype=torch.float16)`
[36m(WorkerDict pid=798195)[0m Flash Attention 2 only supports torch.float16 and torch.bfloat16 dtypes, but the current dype in Qwen3_5Model is torch.float32. You should run training or inference using Automatic Mixed-Precision via the `with torch.autocast(device_type='torch_device'):` decorator, or load the model with the `dtype` argument. Example: `model = AutoModel.from_pretrained("meta-llama/Llama-3.2-1B", attn_implementation="flash_attention_2", dtype=torch.float16)`
[36m(WorkerDict pid=798195)[0m Flash Attention 2 only supports torch.float16 and torch.bfloat16 dtypes, but the current dype in Qwen3_5VisionModel is torch.float32. You should run training or inference using Automatic Mixed-Precision via the `with torch.autocast(device_type='torch_device'):` decorator, or load the model with the `dtype` argument. Example: `model = AutoModel.from_pretrained("meta-llama/Llama-3.2-1B", attn_implementation="flash_attention_2", dtype=torch.float16)`
[36m(WorkerDict pid=798195)[0m Flash Attention 2 only supports torch.float16 and torch.bfloat16 dtypes, but the current dype in Qwen3_5TextModel is torch.float32. You should run training or inference using Automatic Mixed-Precision via the `with torch.autocast(device_type='torch_device'):` decorator, or load the model with the `dtype` argument. Example: `model = AutoModel.from_pretrained("meta-llama/Llama-3.2-1B", attn_implementation="flash_attention_2", dtype=torch.float16)`
[36m(WorkerDict pid=798191)[0m [W910 15:13:04.561948930 socket.cpp:764] [c10d] The client socket cannot be initialized to connect to [udc-aw37-6-s.hpc.virginia.edu]:36611 (errno: 97 - Address family not supported by protocol).
[36m(WorkerDict pid=798191)[0m Warning: You are sending unauthenticated requests to the HF Hub. Please set a HF_TOKEN to enable higher rate limits and faster downloads.
[36m(WorkerDict pid=798191)[0m WARNING:2026-09-10 15:13:04,483:Warning: You are sending unauthenticated requests to the HF Hub. Please set a HF_TOKEN to enable higher rate limits and faster downloads.
[36m(WorkerDict pid=798195)[0m Loading weights:   0%|          | 0/723 [00:00<?, ?it/s]
[36m(WorkerDict pid=798195)[0m Loading weights:   0%|          | 1/723 [00:00<04:05,  2.94it/s]
[36m(WorkerDict pid=798191)[0m Loading weights:  21%|██        | 149/723 [00:00<00:02, 271.67it/s]Loading weights:  26%|██▋       | 191/723 [00:00<00:01, 295.64it/s]
[36m(WorkerDict pid=798191)[0m Loading weights:  37%|███▋      | 270/723 [00:00<00:01, 319.80it/s]Loading weights:  42%|████▏     | 307/723 [00:01<00:01, 327.92it/s]
[36m(WorkerDict pid=798191)[0m Loading weights:  58%|█████▊    | 417/723 [00:01<00:00, 318.92it/s]Loading weights:  77%|███████▋  | 558/723 [00:01<00:00, 612.02it/s]
[36m(WorkerDict pid=798195)[0m Loading weights: 100%|██████████| 723/723 [00:01<00:00, 453.12it/s]
[36m(WorkerDict pid=798195)[0m /sfs/weka/scratch/nkw3mr/Vision-OPD-OPSA/verl/utils/profiler/config.py:52: UserWarning: Torch profiler tool config is not fully supported now.
[36m(WorkerDict pid=798195)[0m   warnings.warn("Torch profiler tool config is not fully supported now.", stacklevel=1)
[36m(WorkerDict pid=798191)[0m Flash Attention 2 only supports torch.float16 and torch.bfloat16 dtypes, but the current dype in Qwen3_5TextModel is torch.float32. You should run training or inference using Automatic Mixed-Precision via the `with torch.autocast(device_type='torch_device'):` decorator, or load the model with the `dtype` argument. Example: `model = AutoModel.from_pretrained("meta-llama/Llama-3.2-1B", attn_implementation="flash_attention_2", dtype=torch.float16)`[32m [repeated 4x across cluster][0m
[36m(WorkerDict pid=798191)[0m Loading weights:   0%|          | 0/723 [00:00<?, ?it/s]
[36m(WorkerDict pid=798195)[0m Loading weights:  71%|███████   | 514/723 [00:01<00:00, 514.13it/s][32m [repeated 15x across cluster][0m
[36m(WorkerDict pid=798195)[0m /sfs/weka/scratch/nkw3mr/Vision-OPD-OPSA/verl/workers/fsdp_workers.py:666: FutureWarning: FSDP.state_dict_type() and FSDP.set_state_dict_type() are being deprecated. Please use APIs, get_state_dict() and set_state_dict(), which can support different parallelisms, FSDP1, FSDP2, DDP. API doc: https://pytorch.org/docs/stable/distributed.checkpoint.html#torch.distributed.checkpoint.state_dict.get_state_dict .Tutorial: https://pytorch.org/tutorials/recipes/distributed_checkpoint_recipe.html .
[36m(WorkerDict pid=798195)[0m   FSDP.set_state_dict_type(
[36m(WorkerDict pid=798191)[0m Loading weights: 100%|██████████| 723/723 [00:01<00:00, 450.26it/s]
[36m(WorkerDict pid=798191)[0m /sfs/weka/scratch/nkw3mr/Vision-OPD-OPSA/verl/utils/profiler/config.py:52: UserWarning: Torch profiler tool config is not fully supported now.
[36m(WorkerDict pid=798191)[0m   warnings.warn("Torch profiler tool config is not fully supported now.", stacklevel=1)
[36m(WorkerDict pid=798191)[0m     "mamba_ssm_dtype": "float32",
[36m(WorkerDict pid=798191)[0m     "max_position_embeddings": 262144,
[36m(WorkerDict pid=798191)[0m     "mlp_only_layers": [],
[36m(WorkerDict pid=798191)[0m     "model_type": "qwen3_5_text",
[36m(WorkerDict pid=798191)[0m     "mtp_num_hidden_layers": 1,
[36m(WorkerDict pid=798191)[0m     "mtp_use_dedicated_embeddings": false,
[36m(WorkerDict pid=798191)[0m     "num_attention_heads": 16,
[36m(WorkerDict pid=798191)[0m     "num_hidden_layers": 32,
[36m(WorkerDict pid=798191)[0m     "num_key_value_heads": 4,
[36m(WorkerDict pid=798191)[0m     "pad_token_id": null,
[36m(WorkerDict pid=798191)[0m     "partial_rotary_factor": 0.25,
[36m(WorkerDict pid=798191)[0m     "rms_norm_eps": 1e-06,
[36m(WorkerDict pid=798191)[0m     "rope_parameters": {
[36m(WorkerDict pid=798191)[0m       "mrope_interleaved": true,
[36m(WorkerDict pid=798191)[0m       "mrope_section": [
[36m(WorkerDict pid=798191)[0m         11,
[36m(WorkerDict pid=798191)[0m         11,
[36m(WorkerDict pid=798191)[0m         10
[36m(WorkerDict pid=798191)[0m       ],
[36m(WorkerDict pid=798191)[0m       "partial_rotary_factor": 0.25,
[36m(WorkerDict pid=798191)[0m       "rope_theta": 10000000,
[36m(WorkerDict pid=798191)[0m       "rope_type": "default"
[36m(WorkerDict pid=798191)[0m     },
[36m(WorkerDict pid=798191)[0m     "tie_word_embeddings": true,
[36m(WorkerDict pid=798191)[0m     "use_cache": true,
[36m(WorkerDict pid=798191)[0m     "vocab_size": 248320
[36m(WorkerDict pid=798191)[0m   },
[36m(WorkerDict pid=798191)[0m   "tie_word_embeddings": true,
[36m(WorkerDict pid=798191)[0m   "transformers_version": "5.5.0",
[36m(WorkerDict pid=798191)[0m   "video_token_id": 248057,
[36m(WorkerDict pid=798191)[0m   "vision_config": {
[36m(WorkerDict pid=798191)[0m     "deepstack_visual_indexes": [],
[36m(WorkerDict pid=798191)[0m     "depth": 24,
[36m(WorkerDict pid=798191)[0m     "hidden_act": "gelu_pytorch_tanh",
[36m(WorkerDict pid=798191)[0m     "hidden_size": 1024,
[36m(WorkerDict pid=798191)[0m     "in_channels": 3,
[36m(WorkerDict pid=798191)[0m     "initializer_range": 0.02,
[36m(WorkerDict pid=798191)[0m     "intermediate_size": 4096,
[36m(WorkerDict pid=798191)[0m     "model_type": "qwen3_5",
[36m(WorkerDict pid=798191)[0m     "num_heads": 16,
[36m(WorkerDict pid=798191)[0m     "num_position_embeddings": 2304,
[36m(WorkerDict pid=798191)[0m     "out_hidden_size": 2560,
[36m(WorkerDict pid=798191)[0m     "patch_size": 16,
[36m(WorkerDict pid=798191)[0m     "spatial_merge_size": 2,
[36m(WorkerDict pid=798191)[0m     "temporal_patch_size": 2
[36m(WorkerDict pid=798191)[0m   },
[36m(WorkerDict pid=798191)[0m   "vision_end_token_id": 248054,
[36m(WorkerDict pid=798191)[0m   "vision_start_token_id": 248053
[36m(WorkerDict pid=798191)[0m }
[36m(WorkerDict pid=798191)[0m 
[36m(WorkerDict pid=798195)[0m [Gloo] Rank 0 is connected to 0 peer ranks. Expected number of connected peer ranks is : 0[32m [repeated 3x across cluster] (Ray deduplicates logs by default. Set RAY_DEDUP_LOGS=0 to disable log deduplication, or see https://docs.ray.io/en/master/ray-observability/user-guides/configure-logging.html#log-deduplication for more options.)[0m
[36m(WorkerDict pid=798195)[0m Monkey patch Qwen3_5TextModel.forward for Ulysses SP input slicing.
[36m(WorkerDict pid=798195)[0m Monkey patch Qwen3_5ForConditionalGeneration model forward
[36m(WorkerDict pid=798195)[0m Monkey patch _flash_attention_forward in transformers.integrations.flash_attention
[36m(WorkerDict pid=798195)[0m Skipping monkey patch for Qwen3_5ForConditionalGeneration as use_fused_kernels is False or fused_kernels_backend is torch
[36m(WorkerDict pid=798191)[0m Qwen3_5ForConditionalGeneration contains 4.54B parameters
[36m(WorkerDict pid=798191)[0m wrap_policy: functools.partial(<function _or_policy at 0x14767d8c23e0>, policies=[functools.partial(<function transformer_auto_wrap_policy at 0x14767d8c22a0>, transformer_layer_cls={<class 'transformers.models.qwen3_5.modeling_qwen3_5.Qwen3_5DecoderLayer'>, <class 'transformers.models.qwen3_5.modeling_qwen3_5.Qwen3_5VisionBlock'>})])
[36m(WorkerDict pid=798191)[0m Total steps: 51, num_warmup_steps: 10
[36m(WorkerDict pid=798191)[0m Actor use_remove_padding=True
[36m(WorkerDict pid=798191)[0m Actor use_fused_kernels=False
[36m(WorkerDict pid=798191)[0m Actor use_prefix_grouper=False
[36m(WorkerDict pid=798191)[0m NCCL version 2.27.5+cuda12.9
[36m(WorkerDict pid=798191)[0m [Gloo] Rank 0 is connected to 0 peer ranks. Expected number of connected peer ranks is : 0
[36m(WorkerDict pid=798191)[0m [Gloo] Rank 0 is connected to 0 peer ranks. Expected number of connected peer ranks is : 0
[36m(WorkerDict pid=798191)[0m Monkey patch Qwen3_5TextModel.forward for Ulysses SP input slicing.
[36m(WorkerDict pid=798191)[0m Monkey patch Qwen3_5ForConditionalGeneration model forward
[36m(WorkerDict pid=798191)[0m Monkey patch _flash_attention_forward in transformers.integrations.flash_attention
[36m(WorkerDict pid=798191)[0m Skipping monkey patch for Qwen3_5ForConditionalGeneration as use_fused_kernels is False or fused_kernels_backend is torch
[36m(WorkerDict pid=798191)[0m reference model: Qwen/Qwen3.5-4B
[36m(WorkerDict pid=798191)[0m Model config after override: Qwen3_5Config {
[36m(WorkerDict pid=798191)[0m   "architectures": [
[36m(WorkerDict pid=798191)[0m     "Qwen3_5ForConditionalGeneration"
[36m(WorkerDict pid=798191)[0m   ],
[36m(WorkerDict pid=798191)[0m   "bos_token_id": null,
[36m(WorkerDict pid=798191)[0m   "eos_token_id": 248046,
[36m(WorkerDict pid=798191)[0m   "image_token_id": 248056,
[36m(WorkerDict pid=798191)[0m   "model_type": "qwen3_5",
[36m(WorkerDict pid=798191)[0m   "pad_token_id": 248044,
[36m(WorkerDict pid=798191)[0m   "text_config": {
[36m(WorkerDict pid=798191)[0m     "attention_bias": false,
[36m(WorkerDict pid=798191)[0m     "attention_dropout": 0.0,
[36m(WorkerDict pid=798191)[0m     "attn_output_gate": true,
[36m(WorkerDict pid=798191)[0m     "bos_token_id": null,
[36m(WorkerDict pid=798191)[0m     "dtype": "bfloat16",
[36m(WorkerDict pid=798191)[0m     "eos_token_id": 248044,
[36m(WorkerDict pid=798191)[0m     "full_attention_interval": 4,
[36m(WorkerDict pid=798191)[0m     "head_dim": 256,
[36m(WorkerDict pid=798191)[0m     "hidden_act": "silu",
[36m(WorkerDict pid=798191)[0m     "hidden_size": 2560,
[36m(WorkerDict pid=798191)[0m     "initializer_range": 0.02,
[36m(WorkerDict pid=798191)[0m     "intermediate_size": 9216,
[36m(WorkerDict pid=798191)[0m     "layer_types": [
[36m(WorkerDict pid=798191)[0m       "linear_attention",
[36m(WorkerDict pid=798191)[0m       "linear_attention",
[36m(WorkerDict pid=798191)[0m       "linear_attention",
[36m(WorkerDict pid=798191)[0m       "full_attention",
[36m(WorkerDict pid=798191)[0m       "linear_attention",
[36m(WorkerDict pid=798191)[0m       "linear_attention",
[36m(WorkerDict pid=798191)[0m       "linear_attention",
[36m(WorkerDict pid=798191)[0m       "full_attention",
[36m(WorkerDict pid=798191)[0m       "linear_attention",
[36m(WorkerDict pid=798191)[0m       "linear_attention",
[36m(WorkerDict pid=798191)[0m       "linear_attention",
[36m(WorkerDict pid=798191)[0m       "full_attention",
[36m(WorkerDict pid=798191)[0m       "linear_attention",
[36m(WorkerDict pid=798191)[0m       "linear_attention",
[36m(WorkerDict pid=798191)[0m       "linear_attention",
[36m(WorkerDict pid=798191)[0m       "full_attention",
[36m(WorkerDict pid=798191)[0m       "linear_attention",
[36m(WorkerDict pid=798191)[0m       "linear_attention",
[36m(WorkerDict pid=798191)[0m       "linear_attention",
[36m(WorkerDict pid=798191)[0m       "full_attention",
[36m(WorkerDict pid=798191)[0m       "linear_attention",
[36m(WorkerDict pid=798191)[0m       "linear_attention",
[36m(WorkerDict pid=798191)[0m       "linear_attention",
[36m(WorkerDict pid=798191)[0m       "full_attention",
[36m(WorkerDict pid=798191)[0m       "linear_attention",
[36m(WorkerDict pid=798191)[0m       "linear_attention",
[36m(WorkerDict pid=798195)[0m Loading weights:   0%|          | 0/723 [00:00<?, ?it/s]
[36m(WorkerDict pid=798195)[0m Loading weights:   0%|          | 1/723 [00:00<04:01,  3.00it/s]
[36m(WorkerDict pid=798195)[0m Loading weights:  28%|██▊       | 204/723 [00:00<00:00, 607.60it/s]
[36m(WorkerDict pid=798191)[0m Loading weights:  52%|█████▏    | 378/723 [00:00<00:00, 730.44it/s]Loading weights:  84%|████████▍ | 610/723 [00:00<00:00, 1124.93it/s]
[36m(WorkerDict pid=798195)[0m Loading weights: 100%|██████████| 723/723 [00:00<00:00, 826.39it/s]
[36m(TaskRunner pid=745489)[0m W0910 15:13:30.901000 745489 site-packages/torch/utils/cpp_extension.py:118] No CUDA runtime is found, using CUDA_HOME='/apps/software/standard/core/cuda/12.8.0'
[36m(WorkerDict pid=798191)[0m /sfs/weka/scratch/nkw3mr/Vision-OPD-OPSA/verl/workers/fsdp_workers.py:666: FutureWarning: FSDP.state_dict_type() and FSDP.set_state_dict_type() are being deprecated. Please use APIs, get_state_dict() and set_state_dict(), which can support different parallelisms, FSDP1, FSDP2, DDP. API doc: https://pytorch.org/docs/stable/distributed.checkpoint.html#torch.distributed.checkpoint.state_dict.get_state_dict .Tutorial: https://pytorch.org/tutorials/recipes/distributed_checkpoint_recipe.html .
[36m(WorkerDict pid=798191)[0m   FSDP.set_state_dict_type(
[36m(TaskRunner pid=745489)[0m /sfs/weka/scratch/nkw3mr/Vision-OPD-OPSA/verl/utils/profiler/config.py:52: UserWarning: Torch profiler tool config is not fully supported now.
[36m(TaskRunner pid=745489)[0m   warnings.warn("Torch profiler tool config is not fully supported now.", stacklevel=1)
[36m(WorkerDict pid=798191)[0m Loading weights:   0%|          | 0/723 [00:00<?, ?it/s]
[36m(WorkerDict pid=798195)[0m Loading weights:  58%|█████▊    | 417/723 [00:00<00:00, 609.23it/s][32m [repeated 4x across cluster][0m
[36m(WorkerDict pid=798191)[0m Loading weights: 100%|██████████| 723/723 [00:00<00:00, 956.05it/s] 
[36m(pid=947070)[0m W0910 15:13:40.869000 947070 site-packages/torch/utils/cpp_extension.py:118] No CUDA runtime is found, using CUDA_HOME='/apps/software/standard/core/cuda/12.8.0'
[36m(pid=947006)[0m W0910 15:13:40.869000 947006 site-packages/torch/utils/cpp_extension.py:118] No CUDA runtime is found, using CUDA_HOME='/apps/software/standard/core/cuda/12.8.0'
[36m(vLLMHttpServer pid=947070)[0m Warning: You are sending unauthenticated requests to the HF Hub. Please set a HF_TOKEN to enable higher rate limits and faster downloads.
[36m(vLLMHttpServer pid=947070)[0m Using blocking ray.get inside async actor. This blocks the event loop. Please use `await` on object ref with asyncio.gather if you want to yield execution to the event loop instead.
[36m(vLLMHttpServer pid=947070)[0m The argument `trust_remote_code` is to be used with Auto classes. It has no effect here and is ignored.
[36m(vLLMHttpServer pid=947070)[0m `layer_type_validation` is deprecated and will be removed in v5.20. Use `PreTrainedConfig.validate_layer_type` instead
[36m(vLLMHttpServer pid=947070)[0m `layer_type_validation` is deprecated and will be removed in v5.20. Use `PreTrainedConfig.validate_layer_type` instead
[36m(vLLMHttpServer pid=947070)[0m `layer_type_validation` is deprecated and will be removed in v5.20. Use `PreTrainedConfig.validate_layer_type` instead
[36m(vLLMHttpServer pid=947070)[0m `Qwen2VLImageProcessorFast` is deprecated. The `Fast` suffix for image processors has been removed; use `Qwen2VLImageProcessor` instead.
[36m(vLLMHttpServer pid=947006)[0m Warning: You are sending unauthenticated requests to the HF Hub. Please set a HF_TOKEN to enable higher rate limits and faster downloads.
[36m(vLLMHttpServer pid=947070)[0m The `use_fast` parameter is deprecated and will be removed in a future version. Use `backend="torchvision"` instead of `use_fast=True`, or `backend="pil"` instead of `use_fast=False`.
[36m(vLLMHttpServer pid=947006)[0m Using blocking ray.get inside async actor. This blocks the event loop. Please use `await` on object ref with asyncio.gather if you want to yield execution to the event loop instead.
[36m(vLLMHttpServer pid=947006)[0m The argument `trust_remote_code` is to be used with Auto classes. It has no effect here and is ignored.[32m [repeated 3x across cluster][0m
[36m(vLLMHttpServer pid=947006)[0m `layer_type_validation` is deprecated and will be removed in v5.20. Use `PreTrainedConfig.validate_layer_type` instead[32m [repeated 9x across cluster][0m
[36m(vLLMHttpServer pid=947006)[0m `Qwen2VLImageProcessorFast` is deprecated. The `Fast` suffix for image processors has been removed; use `Qwen2VLImageProcessor` instead.
[36m(WorkerDict pid=798191)[0m       "linear_attention",
[36m(WorkerDict pid=798191)[0m       "full_attention",
[36m(WorkerDict pid=798191)[0m       "linear_attention",
[36m(WorkerDict pid=798191)[0m       "linear_attention",
[36m(WorkerDict pid=798191)[0m       "linear_attention",
[36m(WorkerDict pid=798191)[0m       "full_attention"
[36m(WorkerDict pid=798191)[0m     ],
[36m(WorkerDict pid=798191)[0m     "linear_conv_kernel_dim": 4,
[36m(WorkerDict pid=798191)[0m     "linear_key_head_dim": 128,
[36m(WorkerDict pid=798191)[0m     "linear_num_key_heads": 16,
[36m(WorkerDict pid=798191)[0m     "linear_num_value_heads": 32,
[36m(WorkerDict pid=798191)[0m     "linear_value_head_dim": 128,
[36m(WorkerDict pid=798191)[0m     "mamba_ssm_dtype": "float32",
[36m(WorkerDict pid=798191)[0m     "max_position_embeddings": 262144,
[36m(WorkerDict pid=798191)[0m     "mlp_only_layers": [],
[36m(WorkerDict pid=798191)[0m     "model_type": "qwen3_5_text",
[36m(WorkerDict pid=798191)[0m     "mtp_num_hidden_layers": 1,
[36m(WorkerDict pid=798191)[0m     "mtp_use_dedicated_embeddings": false,
[36m(WorkerDict pid=798191)[0m     "num_attention_heads": 16,
[36m(WorkerDict pid=798191)[0m     "num_hidden_layers": 32,
[36m(WorkerDict pid=798191)[0m     "num_key_value_heads": 4,
[36m(WorkerDict pid=798191)[0m     "pad_token_id": null,
[36m(WorkerDict pid=798191)[0m     "partial_rotary_factor": 0.25,
[36m(WorkerDict pid=798191)[0m     "rms_norm_eps": 1e-06,
[36m(WorkerDict pid=798191)[0m     "rope_parameters": {
[36m(WorkerDict pid=798191)[0m       "mrope_interleaved": true,
[36m(WorkerDict pid=798191)[0m       "mrope_section": [
[36m(WorkerDict pid=798191)[0m         11,
[36m(WorkerDict pid=798191)[0m         11,
[36m(WorkerDict pid=798191)[0m         10
[36m(WorkerDict pid=798191)[0m       ],
[36m(WorkerDict pid=798191)[0m       "partial_rotary_factor": 0.25,
[36m(WorkerDict pid=798191)[0m       "rope_theta": 10000000,
[36m(WorkerDict pid=798191)[0m       "rope_type": "default"
[36m(WorkerDict pid=798191)[0m     },
[36m(WorkerDict pid=798191)[0m     "tie_word_embeddings": true,
[36m(WorkerDict pid=798191)[0m     "use_cache": true,
[36m(WorkerDict pid=798191)[0m     "vocab_size": 248320
[36m(WorkerDict pid=798191)[0m   },
[36m(WorkerDict pid=798191)[0m   "tie_word_embeddings": true,
[36m(WorkerDict pid=798191)[0m   "transformers_version": "5.5.0",
[36m(WorkerDict pid=798191)[0m   "video_token_id": 248057,
[36m(WorkerDict pid=798191)[0m   "vision_config": {
[36m(WorkerDict pid=798191)[0m     "deepstack_visual_indexes": [],
[36m(WorkerDict pid=798191)[0m     "depth": 24,
[36m(WorkerDict pid=798191)[0m     "hidden_act": "gelu_pytorch_tanh",
[36m(WorkerDict pid=798191)[0m     "hidden_size": 1024,
[36m(WorkerDict pid=798191)[0m     "in_channels": 3,
[36m(WorkerDict pid=798191)[0m     "initializer_range": 0.02,
[36m(WorkerDict pid=798191)[0m     "intermediate_size": 4096,
[36m(WorkerDict pid=798191)[0m     "model_type": "qwen3_5",
[36m(WorkerDict pid=798191)[0m     "num_heads": 16,
[36m(WorkerDict pid=798191)[0m     "num_position_embeddings": 2304,
[36m(WorkerDict pid=798191)[0m     "out_hidden_size": 2560,
[36m(WorkerDict pid=798191)[0m     "patch_size": 16,
[36m(WorkerDict pid=798191)[0m     "spatial_merge_size": 2,
[36m(WorkerDict pid=798191)[0m     "temporal_patch_size": 2
[36m(WorkerDict pid=798191)[0m   },
[36m(WorkerDict pid=798191)[0m   "vision_end_token_id": 248054,
[36m(WorkerDict pid=798191)[0m   "vision_start_token_id": 248053
[36m(WorkerDict pid=798191)[0m }
[36m(WorkerDict pid=798191)[0m 
[36m(WorkerDict pid=798195)[0m [Gloo] Rank 0 is connected to 0 peer ranks. Expected number of connected peer ranks is : 0[32m [repeated 2x across cluster][0m
[36m(WorkerDict pid=798195)[0m Monkey patch Qwen3_5TextModel.forward for Ulysses SP input slicing.
[36m(WorkerDict pid=798195)[0m Monkey patch Qwen3_5ForConditionalGeneration model forward
[36m(WorkerDict pid=798195)[0m Monkey patch _flash_attention_forward in transformers.integrations.flash_attention
[36m(WorkerDict pid=798195)[0m Skipping monkey patch for Qwen3_5ForConditionalGeneration as use_fused_kernels is False or fused_kernels_backend is torch
[36m(WorkerDict pid=798191)[0m Qwen3_5ForConditionalGeneration contains 4.54B parameters
[36m(WorkerDict pid=798191)[0m wrap_policy: functools.partial(<function _or_policy at 0x14767d8c23e0>, policies=[functools.partial(<function transformer_auto_wrap_policy at 0x14767d8c22a0>, transformer_layer_cls={<class 'transformers.models.qwen3_5.modeling_qwen3_5.Qwen3_5DecoderLayer'>, <class 'transformers.models.qwen3_5.modeling_qwen3_5.Qwen3_5VisionBlock'>})])
[36m(WorkerDict pid=798191)[0m Ref use_remove_padding=True
[36m(WorkerDict pid=798191)[0m Ref use_fused_kernels=False
[36m(WorkerDict pid=798191)[0m Ref use_prefix_grouper=False
[36m(vLLMHttpServer pid=947070)[0m ['serve',
[36m(vLLMHttpServer pid=947070)[0m  'Qwen/Qwen3.5-4B',
[36m(vLLMHttpServer pid=947070)[0m  '--dtype',
[36m(vLLMHttpServer pid=947070)[0m  'bfloat16',
[36m(vLLMHttpServer pid=947070)[0m  '--load_format',
[36m(vLLMHttpServer pid=947070)[0m  'dummy',
[36m(vLLMHttpServer pid=947070)[0m  '--trust_remote_code',
[36m(vLLMHttpServer pid=947070)[0m  '--max_model_len',
[36m(vLLMHttpServer pid=947070)[0m  '262144',
[36m(vLLMHttpServer pid=947070)[0m  '--max_num_seqs',
[36m(vLLMHttpServer pid=947070)[0m  '1024',
[36m(vLLMHttpServer pid=947070)[0m  '--enable_chunked_prefill',
[36m(vLLMHttpServer pid=947070)[0m  '--max_num_batched_tokens',
[36m(vLLMHttpServer pid=947070)[0m  '9216',
[36m(vLLMHttpServer pid=947070)[0m  '--enable_prefix_caching',
[36m(vLLMHttpServer pid=947070)[0m  '--enable_sleep_mode',
[36m(vLLMHttpServer pid=947070)[0m  '--logprobs_mode',
[36m(vLLMHttpServer pid=947070)[0m  'processed_logprobs',
[36m(vLLMHttpServer pid=947070)[0m  '--disable_custom_all_reduce',
[36m(vLLMHttpServer pid=947070)[0m  '--gpu_memory_utilization',
[36m(vLLMHttpServer pid=947070)[0m  '0.45',
[36m(vLLMHttpServer pid=947070)[0m  '--disable_log_stats',
[36m(vLLMHttpServer pid=947070)[0m  '--tensor_parallel_size',
[36m(vLLMHttpServer pid=947070)[0m  '1',
[36m(vLLMHttpServer pid=947070)[0m  '--seed',
[36m(vLLMHttpServer pid=947070)[0m  '0',
[36m(vLLMHttpServer pid=947070)[0m  '--override_generation_config',
[36m(vLLMHttpServer pid=947070)[0m  '{"temperature": 1.0, "top_k": -1, "top_p": 1, "repetition_penalty": 1.0, '
[36m(vLLMHttpServer pid=947070)[0m  '"max_new_tokens": 1024}',
[36m(vLLMHttpServer pid=947070)[0m  '--hf_overrides',
[36m(vLLMHttpServer pid=947070)[0m  '{}',
[36m(vLLMHttpServer pid=947070)[0m  '--scheduling_policy',
[36m(vLLMHttpServer pid=947070)[0m  'fcfs',
[36m(vLLMHttpServer pid=947070)[0m  '--compilation_config',
[36m(vLLMHttpServer pid=947070)[0m  '{"pass_config": {"fuse_allreduce_rms": false}}',
[36m(vLLMHttpServer pid=947070)[0m  '--kernel_config',
[36m(vLLMHttpServer pid=947070)[0m  '{"enable_flashinfer_autotune": false}']
[36m(vLLMHttpServer pid=947070)[0m WARNING 09-10 15:13:47 [envs.py:1717] Unknown vLLM environment variable detected: VLLM_USE_V1
[36m(WorkerDict pid=798191)[0m Monkey patch Qwen3_5TextModel.forward for Ulysses SP input slicing.
[36m(WorkerDict pid=798191)[0m Monkey patch Qwen3_5ForConditionalGeneration model forward
[36m(WorkerDict pid=798191)[0m Monkey patch _flash_attention_forward in transformers.integrations.flash_attention
[36m(WorkerDict pid=798191)[0m Skipping monkey patch for Qwen3_5ForConditionalGeneration as use_fused_kernels is False or fused_kernels_backend is torch
[36m(vLLMHttpServer pid=947070)[0m WARNING 09-10 15:13:47 [config.py:372] Mamba cache mode is set to 'align' for Qwen3_5ForConditionalGeneration by default when prefix caching is enabled
[36m(vLLMHttpServer pid=947070)[0m WARNING 09-10 15:13:47 [vllm.py:743] Async scheduling will be disabled because it is not supported with the `<class 'verl.workers.rollout.vllm_rollout.vllm_async_server.ExternalZeroMQDistributedExecutor'>` distributed executor backend (only `mp`, `uni`, and `external_launcher` are supported).
[36m(vLLMHttpServer pid=947070)[0m W0910 15:14:05.497000 47838 site-packages/torch/utils/cpp_extension.py:118] No CUDA runtime is found, using CUDA_HOME='/apps/software/standard/core/cuda/12.8.0'
[36m(vLLMHttpServer pid=947006)[0m The `use_fast` parameter is deprecated and will be removed in a future version. Use `backend="torchvision"` instead of `use_fast=True`, or `backend="pil"` instead of `use_fast=False`.
[36m(WorkerDict pid=798195)[0m `Qwen2VLImageProcessorFast` is deprecated. The `Fast` suffix for image processors has been removed; use `Qwen2VLImageProcessor` instead.
[36m(WorkerDict pid=798195)[0m The `use_fast` parameter is deprecated and will be removed in a future version. Use `backend="torchvision"` instead of `use_fast=True`, or `backend="pil"` instead of `use_fast=False`.
[36m(vLLMHttpServer pid=947006)[0m W0910 15:14:05.497000 47342 site-packages/torch/utils/cpp_extension.py:118] No CUDA runtime is found, using CUDA_HOME='/apps/software/standard/core/cuda/12.8.0'
[36m(WorkerDict pid=798191)[0m `Qwen2VLImageProcessorFast` is deprecated. The `Fast` suffix for image processors has been removed; use `Qwen2VLImageProcessor` instead.
[36m(WorkerDict pid=798195)[0m <frozen importlib._bootstrap_external>:1301: FutureWarning: The cuda.cudart module is deprecated and will be removed in a future release, please switch to use the cuda.bindings.runtime module instead.
[36m(WorkerDict pid=798195)[0m <frozen importlib._bootstrap_external>:1301: FutureWarning: The cuda.nvrtc module is deprecated and will be removed in a future release, please switch to use the cuda.bindings.nvrtc module instead.
[36m(WorkerDict pid=798195)[0m Exception ignored in: <function CompiledFxGraph.__del__ at 0x146715646660>
[36m(WorkerDict pid=798195)[0m Traceback (most recent call last):
[36m(WorkerDict pid=798195)[0m   File "/sfs/weka/scratch/nkw3mr/envs/vision-opd/lib/python3.12/site-packages/torch/_inductor/output_code.py", line 603, in __del__
[36m(WorkerDict pid=798195)[0m     if self.compiled_fn_runner is not None:
[36m(WorkerDict pid=798195)[0m        ^^^^^^^^^^^^^^^^^^^^^^^
[36m(WorkerDict pid=798195)[0m AttributeError: 'CompiledFxGraph' object has no attribute 'compiled_fn_runner'
[36m(WorkerDict pid=798195)[0m [rank1]:W0910 15:14:24.154000 798195 site-packages/torch/_inductor/codecache.py:1040] fx graph cache unable to load compiled graph
[36m(WorkerDict pid=798195)[0m [rank1]:W0910 15:14:24.154000 798195 site-packages/torch/_inductor/codecache.py:1040] Traceback (most recent call last):
[36m(WorkerDict pid=798195)[0m [rank1]:W0910 15:14:24.154000 798195 site-packages/torch/_inductor/codecache.py:1040]   File "/sfs/weka/scratch/nkw3mr/envs/vision-opd/lib/python3.12/site-packages/torch/_inductor/codecache.py", line 1038, in iterate_over_candidates
[36m(WorkerDict pid=798195)[0m [rank1]:W0910 15:14:24.154000 798195 site-packages/torch/_inductor/codecache.py:1040]     yield pickle.loads(content), content
[36m(WorkerDict pid=798195)[0m [rank1]:W0910 15:14:24.154000 798195 site-packages/torch/_inductor/codecache.py:1040]           ^^^^^^^^^^^^^^^^^^^^^
[36m(WorkerDict pid=798195)[0m [rank1]:W0910 15:14:24.154000 798195 site-packages/torch/_inductor/codecache.py:1040] _pickle.UnpicklingError: pickle data was truncated
[36m(WorkerDict pid=798191)[0m The `use_fast` parameter is deprecated and will be removed in a future version. Use `backend="torchvision"` instead of `use_fast=True`, or `backend="pil"` instead of `use_fast=False`.
[36m(WorkerDict pid=798195)[0m /sfs/weka/scratch/nkw3mr/envs/vision-opd/lib/python3.12/site-packages/vllm/model_executor/layers/fla/ops/utils.py:113: UserWarning: Input tensor shape suggests potential format mismatch: seq_len (16) < num_heads (32). This may indicate the inputs were passed in head-first format [B, H, T, ...] when head_first=False was specified. Please verify your input tensor format matches the expected shape [B, T, H, ...].
[36m(WorkerDict pid=798195)[0m   return fn(*contiguous_args, **contiguous_kwargs)
[36m(WorkerDict pid=798191)[0m Capturing CUDA graphs (mixed prefill-decode, PIECEWISE):   0%|          | 0/51 [00:00<?, ?it/s]
[36m(WorkerDict pid=798191)[0m <frozen importlib._bootstrap_external>:1301: FutureWarning: The cuda.cudart module is deprecated and will be removed in a future release, please switch to use the cuda.bindings.runtime module instead.
[36m(WorkerDict pid=798191)[0m <frozen importlib._bootstrap_external>:1301: FutureWarning: The cuda.nvrtc module is deprecated and will be removed in a future release, please switch to use the cuda.bindings.nvrtc module instead.
[36m(WorkerDict pid=798191)[0m /sfs/weka/scratch/nkw3mr/envs/vision-opd/lib/python3.12/site-packages/vllm/model_executor/layers/fla/ops/utils.py:113: UserWarning: Input tensor shape suggests potential format mismatch: seq_len (16) < num_heads (32). This may indicate the inputs were passed in head-first format [B, H, T, ...] when head_first=False was specified. Please verify your input tensor format matches the expected shape [B, T, H, ...].
[36m(WorkerDict pid=798191)[0m   return fn(*contiguous_args, **contiguous_kwargs)
[36m(WorkerDict pid=798191)[0m Capturing CUDA graphs (mixed prefill-decode, PIECEWISE):   8%|▊         | 4/51 [00:00<00:01, 36.39it/s]
[36m(WorkerDict pid=798191)[0m Capturing CUDA graphs (mixed prefill-decode, PIECEWISE):  18%|█▊        | 9/51 [00:00<00:01, 39.36it/s]
[36m(WorkerDict pid=798191)[0m Capturing CUDA graphs (mixed prefill-decode, PIECEWISE):  27%|██▋       | 14/51 [00:00<00:00, 40.94it/s]
[36m(WorkerDict pid=798191)[0m Capturing CUDA graphs (mixed prefill-decode, PIECEWISE):  37%|███▋      | 19/51 [00:00<00:00, 42.60it/s]
[36m(WorkerDict pid=798191)[0m Capturing CUDA graphs (mixed prefill-decode, PIECEWISE):  47%|████▋     | 24/51 [00:00<00:00, 44.94it/s]
[36m(WorkerDict pid=798191)[0m Capturing CUDA graphs (mixed prefill-decode, PIECEWISE):  59%|█████▉    | 30/51 [00:00<00:00, 46.93it/s]
[36m(WorkerDict pid=798191)[0m Capturing CUDA graphs (mixed prefill-decode, PIECEWISE):  69%|██████▊   | 35/51 [00:00<00:00, 45.47it/s]
[36m(WorkerDict pid=798191)[0m Capturing CUDA graphs (mixed prefill-decode, PIECEWISE):  78%|███████▊  | 40/51 [00:00<00:00, 46.01it/s]
[36m(WorkerDict pid=798191)[0m Capturing CUDA graphs (mixed prefill-decode, PIECEWISE):  90%|█████████ | 46/51 [00:01<00:00, 48.57it/s]
[36m(WorkerDict pid=798191)[0m Capturing CUDA graphs (mixed prefill-decode, PIECEWISE): 100%|██████████| 51/51 [00:01<00:00, 48.94it/s]Capturing CUDA graphs (mixed prefill-decode, PIECEWISE): 100%|██████████| 51/51 [00:01<00:00, 45.86it/s]
[36m(WorkerDict pid=798191)[0m Capturing CUDA graphs (decode, FULL):   0%|          | 0/51 [00:00<?, ?it/s]
[36m(WorkerDict pid=798191)[0m Capturing CUDA graphs (decode, FULL):   6%|▌         | 3/51 [00:00<00:01, 29.17it/s]
[36m(WorkerDict pid=798191)[0m Capturing CUDA graphs (decode, FULL):  12%|█▏        | 6/51 [00:00<00:01, 28.29it/s]
[36m(WorkerDict pid=798191)[0m Capturing CUDA graphs (decode, FULL):  18%|█▊        | 9/51 [00:00<00:01, 28.99it/s]
[36m(WorkerDict pid=798191)[0m Capturing CUDA graphs (decode, FULL):  24%|██▎       | 12/51 [00:00<00:01, 20.31it/s]
[36m(WorkerDict pid=798191)[0m Capturing CUDA graphs (decode, FULL):  31%|███▏      | 16/51 [00:00<00:01, 24.64it/s]
[36m(WorkerDict pid=798191)[0m Capturing CUDA graphs (decode, FULL):  39%|███▉      | 20/51 [00:00<00:01, 28.69it/s]
[36m(WorkerDict pid=798191)[0m Capturing CUDA graphs (decode, FULL):  49%|████▉     | 25/51 [00:00<00:00, 33.57it/s]
[36m(WorkerDict pid=798191)[0m Capturing CUDA graphs (decode, FULL):  59%|█████▉    | 30/51 [00:00<00:00, 37.29it/s]
[36m(WorkerDict pid=798191)[0m Capturing CUDA graphs (decode, FULL):  69%|██████▊   | 35/51 [00:01<00:00, 39.32it/s]Capturing CUDA graphs (decode, FULL):  78%|███████▊  | 40/51 [00:01<00:00, 41.55it/s]
[36m(WorkerDict pid=798191)[0m Capturing CUDA graphs (decode, FULL):  90%|█████████ | 46/51 [00:01<00:00, 45.97it/s]
[36m(WorkerDict pid=798191)[0m Capturing CUDA graphs (decode, FULL): 100%|██████████| 51/51 [00:01<00:00, 37.09it/s]
[36m(vLLMHttpServer pid=947070)[0m (EngineCore pid=47838) Warning: You are sending unauthenticated requests to the HF Hub. Please set a HF_TOKEN to enable higher rate limits and faster downloads.
[36m(vLLMHttpServer pid=947070)[0m (EngineCore pid=47838) `Qwen2VLImageProcessorFast` is deprecated. The `Fast` suffix for image processors has been removed; use `Qwen2VLImageProcessor` instead.
[36m(vLLMHttpServer pid=947070)[0m (EngineCore pid=47838) The `use_fast` parameter is deprecated and will be removed in a future version. Use `backend="torchvision"` instead of `use_fast=True`, or `backend="pil"` instead of `use_fast=False`.
[36m(vLLMHttpServer pid=947070)[0m The argument `trust_remote_code` is to be used with Auto classes. It has no effect here and is ignored.
[36m(vLLMHttpServer pid=947070)[0m `layer_type_validation` is deprecated and will be removed in v5.20. Use `PreTrainedConfig.validate_layer_type` instead
[36m(vLLMHttpServer pid=947070)[0m `layer_type_validation` is deprecated and will be removed in v5.20. Use `PreTrainedConfig.validate_layer_type` instead
[36m(vLLMHttpServer pid=947070)[0m `layer_type_validation` is deprecated and will be removed in v5.20. Use `PreTrainedConfig.validate_layer_type` instead
[36m(vLLMHttpServer pid=947070)[0m The argument `trust_remote_code` is to be used with Auto classes. It has no effect here and is ignored.
[36m(vLLMHttpServer pid=947006)[0m (EngineCore pid=47342) Warning: You are sending unauthenticated requests to the HF Hub. Please set a HF_TOKEN to enable higher rate limits and faster downloads.
[36m(vLLMHttpServer pid=947006)[0m (EngineCore pid=47342) `Qwen2VLImageProcessorFast` is deprecated. The `Fast` suffix for image processors has been removed; use `Qwen2VLImageProcessor` instead.
[36m(vLLMHttpServer pid=947006)[0m (EngineCore pid=47342) The `use_fast` parameter is deprecated and will be removed in a future version. Use `backend="torchvision"` instead of `use_fast=True`, or `backend="pil"` instead of `use_fast=False`.
[36m(vLLMHttpServer pid=947070)[0m The argument `trust_remote_code` is to be used with Auto classes. It has no effect here and is ignored.[32m [repeated 5x across cluster][0m
[36m(vLLMHttpServer pid=947006)[0m `layer_type_validation` is deprecated and will be removed in v5.20. Use `PreTrainedConfig.validate_layer_type` instead[32m [repeated 15x across cluster][0m
[36m(WorkerDict pid=798195)[0m /sfs/weka/scratch/nkw3mr/Vision-OPD-OPSA/verl/utils/device.py:134: FutureWarning: torch.cuda._set_allocator_settings is deprecated. Use torch._C._accelerator_setAllocatorSettings instead.
[36m(WorkerDict pid=798195)[0m   torch.cuda.memory._set_allocator_settings(f"expandable_segments:{enable}")
[36m(TaskRunner pid=745489)[0m wandb: Currently logged in as: nkw3mr (nkw3mr-university-of-virginia) to https://api.wandb.ai. Use `wandb login --relogin` to force relogin
[36m(TaskRunner pid=745489)[0m wandb: setting up run pznuva6g
[36m(vLLMHttpServer pid=947006)[0m The argument `trust_remote_code` is to be used with Auto classes. It has no effect here and is ignored.[32m [repeated 3x across cluster][0m
[36m(vLLMHttpServer pid=947006)[0m `layer_type_validation` is deprecated and will be removed in v5.20. Use `PreTrainedConfig.validate_layer_type` instead[32m [repeated 12x across cluster][0m
[36m(TaskRunner pid=745489)[0m wandb: Tracking run with wandb version 0.23.1
[36m(TaskRunner pid=745489)[0m wandb: Run data is saved locally in /sfs/weka/scratch/nkw3mr/Vision-OPD-OPSA/wandb/run-20260910_151506-pznuva6g
[36m(TaskRunner pid=745489)[0m wandb: Run `wandb offline` to turn off syncing.
[36m(TaskRunner pid=745489)[0m wandb: Syncing run Aha-center-floor-Qwen3.5-4B-6karmA
[36m(TaskRunner pid=745489)[0m wandb: ⭐️ View project at https://wandb.ai/nkw3mr-university-of-virginia/Vision-OPD-StateAdaptive
[36m(TaskRunner pid=745489)[0m wandb: 🚀 View run at https://wandb.ai/nkw3mr-university-of-virginia/Vision-OPD-StateAdaptive/runs/pznuva6g
[36m(TaskRunner pid=745489)[0m wandb: Detected [openai] in use.
[36m(TaskRunner pid=745489)[0m wandb: Use W&B Weave for improved LLM call tracing. Install Weave with `pip install weave` then add `import weave` to the top of your script.
[36m(TaskRunner pid=745489)[0m wandb: For more information, check out the docs at: https://weave-docs.wandb.ai/
[36m(TaskRunner pid=745489)[0m Training Progress:   0%|          | 0/51 [00:00<?, ?it/s]
[36m(AgentLoopWorker pid=298220)[0m W0910 15:15:14.608000 298220 site-packages/torch/utils/cpp_extension.py:118] No CUDA runtime is found, using CUDA_HOME='/apps/software/standard/core/cuda/12.8.0'
[36m(WorkerDict pid=798191)[0m /sfs/weka/scratch/nkw3mr/Vision-OPD-OPSA/verl/utils/device.py:134: FutureWarning: torch.cuda._set_allocator_settings is deprecated. Use torch._C._accelerator_setAllocatorSettings instead.
[36m(WorkerDict pid=798191)[0m   torch.cuda.memory._set_allocator_settings(f"expandable_segments:{enable}")
[36m(AgentLoopWorker pid=298194)[0m Warning: You are sending unauthenticated requests to the HF Hub. Please set a HF_TOKEN to enable higher rate limits and faster downloads.
[36m(AgentLoopWorker pid=298194)[0m Keyword argument `video_metadatas` is not a valid argument for this processor and will be ignored.
[36m(AgentLoopWorker pid=298260)[0m W0910 15:15:15.285000 298260 site-packages/torch/utils/cpp_extension.py:118] No CUDA runtime is found, using CUDA_HOME='/apps/software/standard/core/cuda/12.8.0'[32m [repeated 7x across cluster][0m
[36m(vLLMHttpServer pid=947006)[0m WARNING 09-10 15:13:58 [system_utils.py:152] We must use the `spawn` multiprocessing start method. Overriding VLLM_WORKER_MULTIPROC_METHOD to 'spawn'. See https://docs.vllm.ai/en/latest/usage/troubleshooting.html#python-multiprocessing for more information. Reasons: In a Ray actor and can only be spawned
[36m(vLLMHttpServer pid=947006)[0m WARNING 09-10 15:13:47 [envs.py:1717] Unknown vLLM environment variable detected: VLLM_USE_V1
[36m(vLLMHttpServer pid=947006)[0m WARNING 09-10 15:13:47 [config.py:372] Mamba cache mode is set to 'align' for Qwen3_5ForConditionalGeneration by default when prefix caching is enabled
[36m(vLLMHttpServer pid=947006)[0m WARNING 09-10 15:13:47 [vllm.py:743] Async scheduling will be disabled because it is not supported with the `<class 'verl.workers.rollout.vllm_rollout.vllm_async_server.ExternalZeroMQDistributedExecutor'>` distributed executor backend (only `mp`, `uni`, and `external_launcher` are supported).
[36m(WorkerDict pid=798191)[0m WARNING 09-10 15:14:09 [worker_base.py:287] Missing `shared_worker_lock` argument from executor. This argument is needed for mm_processor_cache_type='shm'.
[36m(vLLMHttpServer pid=947070)[0m WARNING 09-10 15:13:58 [system_utils.py:152] We must use the `spawn` multiprocessing start method. Overriding VLLM_WORKER_MULTIPROC_METHOD to 'spawn'. See https://docs.vllm.ai/en/latest/usage/troubleshooting.html#python-multiprocessing for more information. Reasons: In a Ray actor and can only be spawned
[36m(vLLMHttpServer pid=947070)[0m WARNING 09-10 15:14:54 [api_router.py:30] LoRA dynamic loading & unloading is enabled in the API server. This should ONLY be used for local development!
[36m(WorkerDict pid=798195)[0m WARNING 09-10 15:14:09 [worker_base.py:287] Missing `shared_worker_lock` argument from executor. This argument is needed for mm_processor_cache_type='shm'.
[36m(vLLMHttpServer pid=947070)[0m WARNING 09-10 15:14:55 [model.py:1376] Default vLLM sampling parameters have been overridden by the model's `generation_config.json`: `{'repetition_penalty': 1.0, 'temperature': 1.0, 'top_k': -1, 'top_p': 1, 'max_tokens': 1024}`. If this is not intended, please relaunch vLLM instance with `--generation-config vllm`.
[36m(TaskRunner pid=745489)[0m AgentLoopManager: ['10.250.133.122:34875', '10.250.133.122:38873']
[36m(vLLMHttpServer pid=947006)[0m WARNING 09-10 15:14:54 [api_router.py:30] LoRA dynamic loading & unloading is enabled in the API server. This should ONLY be used for local development!
[36m(vLLMHttpServer pid=947006)[0m WARNING 09-10 15:14:55 [model.py:1376] Default vLLM sampling parameters have been overridden by the model's `generation_config.json`: `{'repetition_penalty': 1.0, 'temperature': 1.0, 'top_k': -1, 'top_p': 1, 'max_tokens': 1024}`. If this is not intended, please relaunch vLLM instance with `--generation-config vllm`.
[36m(TaskRunner pid=745489)[0m Saving tensorboard log to tensorboard_log/Vision-OPD-StateAdaptive/Aha-center-floor-Qwen3.5-4B-6karmA.
[36m(TaskRunner pid=745489)[0m Checkpoint tracker file does not exist: /sfs/weka/scratch/nkw3mr/Vision-OPD-OPSA/checkpoints/Aha-center-floor-Qwen3.5-4B-6karmA/latest_checkpointed_iteration.txt
[36m(TaskRunner pid=745489)[0m Training from scratch
[36m(AgentLoopWorker pid=298194)[0m Using dataset class: RLHFDataset
[36m(vLLMHttpServer pid=947070)[0m WARNING 09-10 15:15:21 [input_processor.py:227] Passing raw prompts to InputProcessor is deprecated and will be removed in v0.18. You should instead pass the outputs of Renderer.render_cmpl() or Renderer.render_chat().
[36m(TaskRunner pid=745489)[0m Dumped generations to /sfs/weka/scratch/nkw3mr/Vision-OPD-OPSA/rollouts/Aha-center-floor-Qwen3.5-4B-6karmA/1.jsonl
[36m(AgentLoopWorker pid=298260)[0m Using dataset class: RLHFDataset[32m [repeated 7x across cluster][0m
[36m(vLLMHttpServer pid=947006)[0m WARNING 09-10 15:15:21 [input_processor.py:227] Passing raw prompts to InputProcessor is deprecated and will be removed in v0.18. You should instead pass the outputs of Renderer.render_cmpl() or Renderer.render_chat().
[36m(TaskRunner pid=745489)[0m step:1 - global_seqlen/min:342540 - global_seqlen/max:342540 - global_seqlen/minmax_diff:0 - global_seqlen/balanced_min:342540 - global_seqlen/balanced_max:342540 - global_seqlen/mean:342540.0 - self_distillation/teacher_always_on_fraction:1.0 - self_distillation/teacher_image_swap_fraction:1.0 - self_distillation/policy_fallback_fraction:0.0 - self_distillation/grpo_fallback_count:0.0 - rollout_corr/rollout_is_mean:1.0 - rollout_corr/rollout_is_ratio_fraction_high:0.0 - rollout_corr/rollout_is_ratio_fraction_low:0.0 - rollout_corr/rollout_is_max:1.0 - rollout_corr/rollout_is_min:1.0 - rollout_corr/rollout_is_std:0.0 - rollout_corr/rollout_is_eff_sample_size:1.0 - rollout_corr/rollout_is_seq_mean:1.0 - rollout_corr/rollout_is_seq_std:0.0 - rollout_corr/rollout_is_seq_max:1.0 - rollout_corr/rollout_is_seq_min:1.0 - rollout_corr/rollout_is_seq_max_deviation:0.0 - rollout_corr/rollout_is_seq_fraction_high:0.0 - rollout_corr/rollout_is_seq_fraction_low:0.0 - rollout_corr/training_ppl:1.8191077535351117 - rollout_corr/training_log_ppl:0.5706951629448062 - rollout_corr/kl:0.013656592661088022 - rollout_corr/k3_kl:0.05533552304647552 - rollout_corr/rollout_ppl:1.7780651897192001 - rollout_corr/rollout_log_ppl:0.5570385614410043 - rollout_corr/log_ppl_diff:0.013656601503801843 - rollout_corr/log_ppl_abs_diff:0.06996988392590235 - rollout_corr/log_ppl_diff_max:0.14556509256362915 - rollout_corr/log_ppl_diff_min:-0.40198490023612976 - rollout_corr/ppl_ratio:1.0183857915302117 - rollout_corr/chi2_token:0.2608046308159828 - rollout_corr/chi2_seq:10.86054970882833 - actor/pg_loss:0.2267540087147306 - actor/kl_loss:0.0 - actor/grpo_loss:0.0 - actor/vopd_loss:0.2267540087147306 - actor/vopd_loss_weighted:0.2267540087147306 - actor/policy_fallback_fraction:0.0 - aha/u_mean:-1.1548137285280973 - aha/u_neg_valley_frac:0.5280951603005329 - aha/floor_clamped_frac:0.5280951603005329 - aha/q_tail_mass:0.009737198787775014 - aha/u_centered_mean:-0.7003233583333591 - aha/u_centered_absmean:1.1089474766825635 - aha/u_centered_wmean:-2.522502972011435e-08 - aha/argmax_conf:0.9841991662979126 - self_distillation/raw_jsd_token_mean:0.22675400871473053 - self_distillation/weighted_jsd_token_mean:0.22675400871473053 - self_distillation/self_distillation_mask.mean():1.0 - self_distillation/num_distill_tokens:143.8125 - self_distillation/empty_target_batch:0.0 - actor/grad_norm:4.512289524078369 - timing_s/update_actor/student_forward:41.88802023330936 - timing_s/update_actor/teacher_forward:59.145349005179014 - timing_s/update_actor/teacher_full_forward:0.0 - timing_s/update_actor/teacher_null_forward:59.01532192440936 - timing_s/update_actor/loss_compute:0.05771729809930548 - timing_s/update_actor/backward:88.81854002078762 - timing_s/update_actor/optimizer_step:0.21573750698007643 - timing_s/update_actor/teacher_ema_update:7.738597923889756e-05 - perf/mfu/actor:0.0 - perf/max_memory_allocated_gb:79.08452987670898 - perf/max_memory_reserved_gb:89.98046875 - perf/cpu_memory_used_gb:268.137638092041 - actor/lr:0.0 - training/global_step:1 - training/epoch:0 - response_length/mean:143.8125 - response_length/max:1024.0 - response_length/min:4.0 - response_length/clip_ratio:0.010416666977107525 - response_length_non_aborted/mean:143.8125 - response_length_non_aborted/max:1024.0 - response_length_non_aborted/min:4.0 - response_length_non_aborted/clip_ratio:0.010416666977107525 - response/aborted_ratio:0.0 - prompt_length/mean:3424.3125 - prompt_length/max:5330.0 - prompt_length/min:3158.0 - prompt_length/clip_ratio:0.0 - num_turns/min:2 - num_turns/max:2 - num_turns/mean:2.0 - timing_s/start_profile:0.00014341698260977864 - timing_s/agent_loop/generate_sequences/min:12.906099048035685 - timing_s/agent_loop/generate_sequences/max:31.4235239700065 - timing_s/agent_loop/generate_sequences/mean:20.77511900505245 - timing_s/agent_loop/tool_calls/min:0.0 - timing_s/agent_loop/tool_calls/max:0.0 - timing_s/agent_loop/tool_calls/mean:0.0 - timing_s/agent_loop/slowest/generate_sequences:31.4235239700065 - timing_s/agent_loop/slowest[36m(TaskRunner pid=745489)[0m Training Progress:   2%|▏         | 1/51 [06:08<5:07:09, 368.58s/it]
[36m(AgentLoopWorker pid=298260)[0m Warning: You are sending unauthenticated requests to the HF Hub. Please set a HF_TOKEN to enable higher rate limits and faster downloads.[32m [repeated 7x across cluster][0m
[36m(AgentLoopWorker pid=298246)[0m Keyword argument `video_metadatas` is not a valid argument for this processor and will be ignored.[32m [repeated 7x across cluster][0m
[36m(TaskRunner pid=745489)[0m Training Progress:   4%|▍         | 2/51 [12:06<4:56:01, 362.48s/it]
/tool_calls:0.0 - timing_s/agent_loop/slowest/prompt_length:3347 - timing_s/agent_loop/slowest/response_length:1024 - timing_s/gen:48.86937043396756 - timing_s/adv:23.440050770994276 - timing_s/update_actor:296.01924462703755 - timing_s/dump_rollout_generations:0.055614241980947554 - timing_s/step:368.41048218199285 - timing_s/stop_profile:2.8479029424488544e-05 - timing_per_token_ms/gen:3.5397197185258267 - timing_per_token_ms/adv:0.06843011260289097 - timing_per_token_ms/update_actor:0.8641888381708343 - perf/total_num_tokens:342540 - perf/time_per_step:368.41048218199285 - perf/throughput:464.8890525199376
[36m(TaskRunner pid=745489)[0m Dumped generations to /sfs/weka/scratch/nkw3mr/Vision-OPD-OPSA/rollouts/Aha-center-floor-Qwen3.5-4B-6karmA/2.jsonl
[36m(TaskRunner pid=745489)[0m step:2 - global_seqlen/min:338537 - global_seqlen/max:338537 - global_seqlen/minmax_diff:0 - global_seqlen/balanced_min:338537 - global_seqlen/balanced_max:338537 - global_seqlen/mean:338537.0 - self_distillation/teacher_always_on_fraction:1.0 - self_distillation/teacher_image_swap_fraction:1.0 - self_distillation/policy_fallback_fraction:0.0 - self_distillation/grpo_fallback_count:0.0 - rollout_corr/rollout_is_mean:1.0 - rollout_corr/rollout_is_ratio_fraction_high:0.0 - rollout_corr/rollout_is_ratio_fraction_low:0.0 - rollout_corr/rollout_is_max:1.0 - rollout_corr/rollout_is_min:1.0 - rollout_corr/rollout_is_std:0.0 - rollout_corr/rollout_is_eff_sample_size:1.0 - rollout_corr/rollout_is_seq_mean:1.0 - rollout_corr/rollout_is_seq_std:0.0 - rollout_corr/rollout_is_seq_max:1.0 - rollout_corr/rollout_is_seq_min:1.0 - rollout_corr/rollout_is_seq_max_deviation:0.0 - rollout_corr/rollout_is_seq_fraction_high:0.0 - rollout_corr/rollout_is_seq_fraction_low:0.0 - rollout_corr/training_ppl:1.8808729474743207 - rollout_corr/training_log_ppl:0.6037184998082618 - rollout_corr/kl:0.02250873503301894 - rollout_corr/k3_kl:0.08846920062205754 - rollout_corr/rollout_ppl:1.831870686262846 - rollout_corr/rollout_log_ppl:0.5812097665232917 - rollout_corr/log_ppl_diff:0.022508733595410984 - rollout_corr/log_ppl_abs_diff:0.060148946940898895 - rollout_corr/log_ppl_diff_max:0.1387937068939209 - rollout_corr/log_ppl_diff_min:-0.6439189910888672 - rollout_corr/ppl_ratio:1.0266388511906068 - rollout_corr/chi2_token:1.3485012253125508 - rollout_corr/chi2_seq:39.64954640343785 - actor/pg_loss:0.23837605587323188 - actor/kl_loss:0.0 - actor/grpo_loss:0.0 - actor/vopd_loss:0.23837605587323188 - actor/vopd_loss_weighted:0.23837605587323188 - actor/policy_fallback_fraction:0.0 - aha/u_mean:-1.0575291099958122 - aha/u_neg_valley_frac:0.5310948438321551 - aha/floor_clamped_frac:0.5310948438321551 - aha/q_tail_mass:0.009518530128213834 - aha/u_centered_mean:-0.6617815811187029 - aha/u_centered_absmean:1.0804872003694375 - aha/u_centered_wmean:-2.355834326170832e-08 - aha/argmax_conf:0.9539699554443359 - self_distillation/raw_jsd_token_mean:0.23837605587323196 - self_distillation/weighted_jsd_token_mean:0.23837605587323196 - self_distillation/self_distillation_mask.mean():1.0 - self_distillation/num_distill_tokens:152.13541666666666 - self_distillation/empty_target_batch:0.0 - actor/grad_norm:4.104280471801758 - timing_s/update_actor/student_forward:41.22243656020146 - timing_s/update_actor/teacher_forward:58.782973911904264 - timing_s/update_actor/teacher_full_forward:0.0 - timing_s/update_actor/teacher_null_forward:71.99720559356501 - timing_s/update_actor/loss_compute:0.06314666400430724 - timing_s/update_actor/backward:86.8072932511568 - timing_s/update_actor/optimizer_step:0.08546450099674985 - timing_s/update_actor/teacher_ema_update:4.925800021737814e-05 - perf/mfu/actor:0.0 - perf/max_memory_allocated_gb:81.72182655334473 - perf/max_memory_reserved_gb:93.55078125 - perf/cpu_memory_used_gb:337.0057029724121 - actor/lr:2e-07 - training/global_step:2 - training/epoch:0 - response_length/mean:152.1354217529297 - response_length/max:1024.0 - response_length/min:4.0 - response_length/clip_ratio:0.010416666977107525 - response_length_non_aborted/mean:152.1354217529297 - response_length_non_aborted/max:1024.0 - response_length_non_aborted/min:4.0 - response_length_non_aborted/clip_ratio:0.010416666977107525 - response/aborted_ratio:0.0 - prompt_length/mean:3374.291748046875 - prompt_length/max:3971.0 - prompt_length/min:3161.0 - prompt_length/clip_ratio:0.0 - num_turns/min:2 - num_turns/max:2 - num_turns/mean:2.0 - timing_s/start_profile:4.9727968871593475e-05 - timing_s/agent_loop/generate_sequences/min:2.602862480969634 - timing_s/agent_loop/generate_sequences/max:24.05491341499146 - timing_s/agent_loop/generate_sequences/mean:13.882470853726167 - timing_s/agent_loop/tool_calls/min:0.0 - timing_s/agent_loop/tool_calls/max:0.0 - timing_s/agent_loop/tool_calls/mean:0.0 - timing_s/agent_loop/slowest/generate_sequences:24.05491341499146 - timing_s/agent_loop/slowest/tool_calls:0.0 - timing_s/agent_loop/slowest/prompt_length:3960 - timing_s/agent_loop/slowest/response_length:1024 - timing_s/gen:34.26593246596167 - timing_s/adv:22.059080071980134 - timing_s/update_actor:301.5994129619794 - timing_s/dump_rollout_generations:0.05808256799355149 - timing_s/step:358.0038559960085 - timing_s/stop_profile:2.6156019885092974e-05 - timing_per_token_ms/gen:2.346178190069269 - timing_per_token_ms/adv:0.06516002703391396 - timing_per_token_ms/update_actor:0.8908905465635348 - perf/total_num_tokens:338537 - perf/time_per_step:358.0038559960085 - perf/throughput:472.811946477714
[36m(TaskRunner pid=745489)[0m Dumped generations to /sfs/weka/scratch/nkw3mr/Vision-OPD-OPSA/rollouts/Aha-center-floor-Qwen3.5-4B-6karmA/3.jsonl
[36m(TaskRunner pid=745489)[0m step:3 - global_seqlen/min:337800 - global_seqlen/max:337800 - global_seqlen/minmax_diff:0 - global_seqlen/balanced_min:337800 - global_seqlen/balanced_max:337800 - global_seqlen/mean:337800.0 - self_distillation/teacher_always_on_fraction:1.0 - self_distillation/teacher_image_swap_fraction:1.0 - self_distillation/policy_fallback_fraction:0.0 - self_distillation/grpo_fallback_count:0.0 - rollout_corr/rollout_is_mean:1.0 - rollout_corr/rollout_is_ratio_fraction_high:0.0 - rollout_corr/rollout_is_ratio_fraction_low:0.0 - rollout_corr/rollout_is_max:1.0 - rollout_corr/rollout_is_min:1.0 - rollout_corr/rollout_is_std:0.0 - rollout_corr/rollout_is_eff_sample_size:1.0 - rollout_corr/rollout_is_seq_mean:1.0 - rollout_corr/rollout_is_seq_std:0.0 - rollout_corr/rollout_is_seq_max:1.0 - rollout_corr/rollout_is_seq_min:1.0 - rollout_corr/rollout_is_seq_max_deviation:0.0 - rollout_corr/rollout_is_seq_fraction_high:0.0 - rollout_corr/rollout_is_seq_fraction_low:0.0 - rollout_corr/training_ppl:1.812381237745285 - rollout_corr/training_log_ppl:0.5678921777677411 - rollout_corr/kl:0.004951599113458845 - rollout_corr/k3_kl:0.10218271088767021 - rollout_corr/rollout_ppl:1.8102907290061314 - rollout_corr/rollout_log_ppl:0.5629405709914863 - rollout_corr/log_ppl_diff:0.0049516068150599795 - rollout_corr/log_ppl_abs_diff:0.06367399108906587 - rollout_corr/log_ppl_diff_max:0.12483346462249756 - rollout_corr/log_ppl_diff_min:-0.6949479579925537 - rollout_corr/ppl_ratio:1.0112829025213916 - rollout_corr/chi2_token:1.1977266979714234 - rollout_corr/chi2_seq:4.642652717108528 - actor/pg_loss:0.240191539080115 - actor/kl_loss:0.0 - actor/grpo_loss:0.0 - actor/vopd_loss:0.240191539080115 - actor/vopd_loss_weighted:0.240191539080115 - actor/policy_fallback_fraction:0.0 - aha/u_mean:-0.9494544942196322 - aha/u_neg_valley_frac:0.5209680825161437 - aha/floor_clamped_frac:0.5209680825161437 - aha/q_tail_mass:0.011053815505600065 - aha/u_centered_mean:-0.5949513433733955 - aha/u_centered_absmean:1.0348079302348197 - aha/u_centered_wmean:-1.4291135909510108e-08 - aha/argmax_conf:0.9736141562461853 - self_distillation/raw_jsd_token_mean:0.24019153908011504 - self_distillation/weighted_jsd_token_mean:0.24019153908011504 - self_distillation/self_distillation_mask.mean():1.0 - self_distillation/num_distill_tokens:138.45833333333334 - self_distillation/empty_target_batch:0.0 - actor/grad_norm:5.067531585693359 - timing_s/update_actor/student_forward:44.37997445568908 - timing_s/update_actor/teacher_forward:71.009325566818 - timing_s/update_actor/teacher_full_forward:0.0 - timing_s/update_actor/teacher_null_forward:55.95080948877148 - timing_s/update_actor/loss_compute:0.0615038099931553 - timing_s/update_actor/backward:87.21482902759453 - timing_s/update_actor/optimizer_step:0.08562308800173923 - timing_s/update_actor/teacher_ema_update:5.1480019465088844e-05 - perf/mfu/actor:0.0 - perf/max_memory_allocated_gb:81.72182655334473 - perf/max_memory_reserved_gb:93.55078125 - perf/cpu_memory_used_gb:341.60985565185547 - actor/lr:4e-07 - training/global_step:3 - training/epoch:0 - response_length/mean:138.4583282470703 - response_length/max:1024.0 - response_length/min:4.0 - response_length/clip_ratio:0.010416666977107525 - response_length_non_aborted/mean:138.4583282470703 - response_length_non_aborted/max:1024.0 - response_length_non_aborted/min:4.0 - response_length_non_aborted/clip_ratio:0.010416666977107525 - response/aborted_ratio:0.0 - prompt_length/mean:3380.291748046875 - prompt_length/max:3959.0 - prompt_length/min:3158.0 - prompt_length/clip_ratio:0.0 - num_turns/min:2 - num_turns/max:2 - num_turns/mean:2.0 - timing_s/start_profile:2.6515976060181856e-05 - timing_s/agent_loop/generate_sequences/min:4.957752745016478 - timing_s/agent_loop/generate_sequences/max:24.590182387968525 - timing_s/agent_loop/generate_sequences/mean:14.263192679052736 - timing_s/agent_loop/tool_calls/min:0.0 - timing_s/agent_loop/tool_calls/max:0.0 - timing_s/agent_loop/tool_calls/mean:0.0 - timing_s/agent_loop/slowest/generate_sequences:24.5901823[36m(TaskRunner pid=745489)[0m Training Progress:   6%|▌         | 3/51 [18:02<4:47:30, 359.38s/it]
[36m(TaskRunner pid=745489)[0m Training Progress:   8%|▊         | 4/51 [23:53<4:39:01, 356.19s/it]
87968525 - timing_s/agent_loop/slowest/tool_calls:0.0 - timing_s/agent_loop/slowest/prompt_length:3348 - timing_s/agent_loop/slowest/response_length:1024 - timing_s/gen:34.79917499097064 - timing_s/adv:22.608865425980184 - timing_s/update_actor:297.93905847496353 - timing_s/dump_rollout_generations:0.05202919599832967 - timing_s/step:355.4222539739567 - timing_s/stop_profile:2.4553039111196995e-05 - timing_per_token_ms/gen:2.618054092008023 - timing_per_token_ms/adv:0.066929737791534 - timing_per_token_ms/update_actor:0.8819983969063455 - perf/total_num_tokens:337800 - perf/time_per_step:355.4222539739567 - perf/throughput:475.209411092126
[36m(TaskRunner pid=745489)[0m Dumped generations to /sfs/weka/scratch/nkw3mr/Vision-OPD-OPSA/rollouts/Aha-center-floor-Qwen3.5-4B-6karmA/4.jsonl
[36m(TaskRunner pid=745489)[0m step:4 - global_seqlen/min:334243 - global_seqlen/max:334243 - global_seqlen/minmax_diff:0 - global_seqlen/balanced_min:334243 - global_seqlen/balanced_max:334243 - global_seqlen/mean:334243.0 - self_distillation/teacher_always_on_fraction:1.0 - self_distillation/teacher_image_swap_fraction:1.0 - self_distillation/policy_fallback_fraction:0.0 - self_distillation/grpo_fallback_count:0.0 - rollout_corr/rollout_is_mean:1.0 - rollout_corr/rollout_is_ratio_fraction_high:0.0 - rollout_corr/rollout_is_ratio_fraction_low:0.0 - rollout_corr/rollout_is_max:1.0 - rollout_corr/rollout_is_min:1.0 - rollout_corr/rollout_is_std:0.0 - rollout_corr/rollout_is_eff_sample_size:1.0 - rollout_corr/rollout_is_seq_mean:1.0 - rollout_corr/rollout_is_seq_std:0.0 - rollout_corr/rollout_is_seq_max:1.0 - rollout_corr/rollout_is_seq_min:1.0 - rollout_corr/rollout_is_seq_max_deviation:0.0 - rollout_corr/rollout_is_seq_fraction_high:0.0 - rollout_corr/rollout_is_seq_fraction_low:0.0 - rollout_corr/training_ppl:1.8938093533118565 - rollout_corr/training_log_ppl:0.6109448388839761 - rollout_corr/kl:0.008091325659430973 - rollout_corr/k3_kl:0.0754135669152068 - rollout_corr/rollout_ppl:1.886163382480542 - rollout_corr/rollout_log_ppl:0.6028535072691739 - rollout_corr/log_ppl_diff:0.00809133161480228 - rollout_corr/log_ppl_abs_diff:0.06456793891265988 - rollout_corr/log_ppl_diff_max:0.14347755908966064 - rollout_corr/log_ppl_diff_min:-0.5487048625946045 - rollout_corr/ppl_ratio:1.013040163864692 - rollout_corr/chi2_token:0.5207638572901487 - rollout_corr/chi2_seq:37.90779094273845 - actor/pg_loss:0.23698366635896184 - actor/kl_loss:0.0 - actor/grpo_loss:0.0 - actor/vopd_loss:0.23698366635896184 - actor/vopd_loss_weighted:0.23698366635896184 - actor/policy_fallback_fraction:0.0 - aha/u_mean:-1.1572343832813203 - aha/u_neg_valley_frac:0.5300177098251879 - aha/floor_clamped_frac:0.5300177098251879 - aha/q_tail_mass:0.0104361714096702 - aha/u_centered_mean:-0.7085281517356634 - aha/u_centered_absmean:1.1154086921984951 - aha/u_centered_wmean:-2.4884360898547637e-08 - aha/argmax_conf:0.9540025591850281 - self_distillation/raw_jsd_token_mean:0.23698366635896187 - self_distillation/weighted_jsd_token_mean:0.23698366635896187 - self_distillation/self_distillation_mask.mean():1.0 - self_distillation/num_distill_tokens:99.11458333333333 - self_distillation/empty_target_batch:0.0 - actor/grad_norm:2.289473533630371 - timing_s/update_actor/student_forward:40.616259891248774 - timing_s/update_actor/teacher_forward:56.90901876112912 - timing_s/update_actor/teacher_full_forward:0.0 - timing_s/update_actor/teacher_null_forward:77.53187715297099 - timing_s/update_actor/loss_compute:0.06014992931159213 - timing_s/update_actor/backward:86.32412255124655 - timing_s/update_actor/optimizer_step:0.08523991797119379 - timing_s/update_actor/teacher_ema_update:4.5501976273953915e-05 - perf/mfu/actor:0.0 - perf/max_memory_allocated_gb:81.72182655334473 - perf/max_memory_reserved_gb:93.55078125 - perf/cpu_memory_used_gb:339.59738540649414 - actor/lr:6e-07 - training/global_step:4 - training/epoch:0 - response_length/mean:99.11458587646484 - response_length/max:339.0 - response_length/min:2.0 - response_length/clip_ratio:0.0 - response_length_non_aborted/mean:99.11458587646484 - response_length_non_aborted/max:339.0 - response_length_non_aborted/min:2.0 - response_length_non_aborted/clip_ratio:0.0 - response/aborted_ratio:0.0 - prompt_length/mean:3382.583251953125 - prompt_length/max:3963.0 - prompt_length/min:3207.0 - prompt_length/clip_ratio:0.0 - num_turns/min:2 - num_turns/max:2 - num_turns/mean:2.0 - timing_s/start_profile:2.3833010345697403e-05 - timing_s/agent_loop/generate_sequences/min:4.163362032035366 - timing_s/agent_loop/generate_sequences/max:17.795579351019114 - timing_s/agent_loop/generate_sequences/mean:13.420793131434039 - timing_s/agent_loop/tool_calls/min:0.0 - timing_s/agent_loop/tool_calls/max:0.0 - timing_s/agent_loop/tool_calls/mean:0.0 - timing_s/agent_loop/slowest/generate_sequences:17.795579351019114 - timing_s/agent_loop/slowest/tool_calls:0.0 - timing_s/agent_loop/slowest/prompt_length:3388 - timing_s/agent_loop/slowest/response_length:339 - timing_s/gen:27.77836540300632 - timing_s/adv:20.131910769967362 - timing_s/update_actor:303.03786550898803 - timing_s/dump_rollout_generations:0.052732472016941756 - timing_s/step:351.0291442539892 - timing_s/stop_profile:2.345204120501876e-05 - timing_per_token_ms/gen:2.9194288389917307 - timing_per_token_ms/adv:0.06023136092593521 - timing_per_token_ms/update_actor:0.9066393776653154 - perf/total_num_tokens:334243 - perf/time_per_step:351.0291442539892 - perf/throughput:476.09009888671306
[36m(TaskRunner pid=745489)[0m Dumped generations to /sfs/weka/scratch/nkw3mr/Vision-OPD-OPSA/rollouts/Aha-center-floor-Qwen3.5-4B-6karmA/5.jsonl
[36m(TaskRunner pid=745489)[0m local_global_step_folder: /sfs/weka/scratch/nkw3mr/Vision-OPD-OPSA/checkpoints/Aha-center-floor-Qwen3.5-4B-6karmA/global_step_5
[36m(TaskRunner pid=745489)[0m step:5 - global_seqlen/min:348345 - global_seqlen/max:348345 - global_seqlen/minmax_diff:0 - global_seqlen/balanced_min:348345 - global_seqlen/balanced_max:348345 - global_seqlen/mean:348345.0 - self_distillation/teacher_always_on_fraction:1.0 - self_distillation/teacher_image_swap_fraction:1.0 - self_distillation/policy_fallback_fraction:0.0 - self_distillation/grpo_fallback_count:0.0 - rollout_corr/rollout_is_mean:1.0 - rollout_corr/rollout_is_ratio_fraction_high:0.0 - rollout_corr/rollout_is_ratio_fraction_low:0.0 - rollout_corr/rollout_is_max:1.0 - rollout_corr/rollout_is_min:1.0 - rollout_corr/rollout_is_std:0.0 - rollout_corr/rollout_is_eff_sample_size:1.0 - rollout_corr/rollout_is_seq_mean:1.0 - rollout_corr/rollout_is_seq_std:0.0 - rollout_corr/rollout_is_seq_max:1.0 - rollout_corr/rollout_is_seq_min:1.0 - rollout_corr/rollout_is_seq_max_deviation:0.0 - rollout_corr/rollout_is_seq_fraction_high:0.0 - rollout_corr/rollout_is_seq_fraction_low:0.0 - rollout_corr/training_ppl:1.8961741303404172 - rollout_corr/training_log_ppl:0.6197803701894978 - rollout_corr/kl:0.03169026714294887 - rollout_corr/k3_kl:0.04632316297890308 - rollout_corr/rollout_ppl:1.8370109672347705 - rollout_corr/rollout_log_ppl:0.5880901052926978 - rollout_corr/log_ppl_diff:0.03169026489680012 - rollout_corr/log_ppl_abs_diff:0.04306730208918452 - rollout_corr/log_ppl_diff_max:0.14508652687072754 - rollout_corr/log_ppl_diff_min:-0.24117225408554077 - rollout_corr/ppl_ratio:1.0333624066164095 - rollout_corr/chi2_token:0.3060430729140838 - rollout_corr/chi2_seq:29.644404363508027 - actor/pg_loss:0.23520229052519423 - actor/kl_loss:0.0 - actor/grpo_loss:0.0 - actor/vopd_loss:0.23520229052519423 - actor/vopd_loss_weighted:0.23520229052519423 - actor/policy_fallback_fraction:0.0 - aha/u_mean:-0.7232768448302522 - aha/u_neg_valley_frac:0.5343058295547962 - aha/floor_clamped_frac:0.5343058295547962 - aha/q_tail_mass:0.00999144873003388 - aha/u_centered_mean:-0.538973674721395 - aha/u_centered_absmean:0.9801707326744994 - aha/u_centered_wmean:-7.766432759057085e-09 - aha/argmax_conf:0.9468936920166016 - self_distillation/raw_jsd_token_mean:0.23520229052519426 - self_distillation/weighted_jsd_token_mean:0.23520229052519426 - self_distillation/self_distillation_mask.mean():1.0 - self_distillation/num_distill_tokens:173.40625 - self_distillation/empty_target_batch:0.0 - actor/grad_norm:2.312659502029419 - timing_s/update_actor/student_forward:46.05542983795749 - timing_s/update_actor/teacher_forward:67.5084764030762 - timing_s/update_actor/teacher_full_forward:0.0 - timing_s/update_actor/teacher_null_forward:61.34934344876092 - timing_s/update_actor/loss_compute:0.05686011759098619 - timing_s/update_actor/backward:89.23141399485758 - timing_s/update_actor/optimizer_step:0.08539844898041338 - timing_s/update_actor/teacher_ema_update:4.897697363048792e-05 - perf/mfu/actor:0.0 - perf/max_memory_allocated_gb:83.66352033615112 - perf/max_memory_reserved_gb:95.115234375 - perf/cpu_memory_used_gb:341.3102035522461 - actor/lr:8e-07 - training/global_step:5 - training/epoch:0 - response_length/mean:173.40625 - response_length/max:1024.0 - response_length/min:4.0 - response_length/clip_ratio:0.02083333395421505 - response_length_non_aborted/mean:173.40625 - response_length_non_aborted/max:1024.0 - response_length_non_aborted/min:4.0 - response_length_non_aborted/clip_ratio:0.02083333395421505 - response/aborted_ratio:0.0 - prompt_length/mean:3455.1875 - prompt_length/max:5649.0 - prompt_length/min:3255.0 - prompt_length/clip_ratio:0.0 - num_turns/min:2 - num_turns/max:2 - num_turns/mean:2.0 - timing_s/start_profile:4.9878028221428394e-05 - timing_s/agent_loop/generate_sequences/min:8.366232004016638 - timing_s/agent_loop/generate_sequences/max:26.319696165039204 - timing_s/agent_loop/generate_sequences/mean:15.59583306118293 - timing_s/agent_loop/tool_calls/min:0.0 - timing_s/agent_loop/tool_calls/max:0.0 - timing_s/agent_loop/tool_calls/mean:0.0 - timing_s/agent_loop/slowest/generate_sequences:26.319696165039204 - timing_s/agent_loop/s[36m(TaskRunner pid=745489)[0m Training Progress:  10%|▉         | 5/51 [30:12<4:39:18, 364.31s/it]
[36m(WorkerDict pid=798191)[0m /sfs/weka/scratch/nkw3mr/Vision-OPD-OPSA/verl/utils/device.py:134: FutureWarning: torch.cuda._set_allocator_settings is deprecated. Use torch._C._accelerator_setAllocatorSettings instead.
[36m(WorkerDict pid=798191)[0m   torch.cuda.memory._set_allocator_settings(f"expandable_segments:{enable}")
[36m(TaskRunner pid=745489)[0m Training Progress:  12%|█▏        | 6/51 [36:20<4:34:16, 365.69s/it]
[36m(WorkerDict pid=798195)[0m /sfs/weka/scratch/nkw3mr/Vision-OPD-OPSA/verl/utils/device.py:134: FutureWarning: torch.cuda._set_allocator_settings is deprecated. Use torch._C._accelerator_setAllocatorSettings instead.
[36m(WorkerDict pid=798195)[0m   torch.cuda.memory._set_allocator_settings(f"expandable_segments:{enable}")
lowest/tool_calls:0.0 - timing_s/agent_loop/slowest/prompt_length:3342 - timing_s/agent_loop/slowest/response_length:1024 - timing_s/gen:36.368211163033266 - timing_s/adv:20.092509266047273 - timing_s/update_actor:303.50335800799076 - timing_s/dump_rollout_generations:0.05855207104468718 - timing_s/step:360.0542663380038 - timing_s/save_checkpoint:18.372513328969944 - timing_s/stop_profile:3.69609915651381e-05 - timing_per_token_ms/gen:2.184670581067656 - timing_per_token_ms/adv:0.05767991291979868 - timing_per_token_ms/update_actor:0.8712723248733031 - perf/total_num_tokens:348345 - perf/time_per_step:360.0542663380038 - perf/throughput:483.7395811788387
[36m(TaskRunner pid=745489)[0m Dumped generations to /sfs/weka/scratch/nkw3mr/Vision-OPD-OPSA/rollouts/Aha-center-floor-Qwen3.5-4B-6karmA/6.jsonl
[36m(TaskRunner pid=745489)[0m step:6 - global_seqlen/min:344179 - global_seqlen/max:344179 - global_seqlen/minmax_diff:0 - global_seqlen/balanced_min:344179 - global_seqlen/balanced_max:344179 - global_seqlen/mean:344179.0 - self_distillation/teacher_always_on_fraction:1.0 - self_distillation/teacher_image_swap_fraction:1.0 - self_distillation/policy_fallback_fraction:0.0 - self_distillation/grpo_fallback_count:0.0 - rollout_corr/rollout_is_mean:1.0 - rollout_corr/rollout_is_ratio_fraction_high:0.0 - rollout_corr/rollout_is_ratio_fraction_low:0.0 - rollout_corr/rollout_is_max:1.0 - rollout_corr/rollout_is_min:1.0 - rollout_corr/rollout_is_std:0.0 - rollout_corr/rollout_is_eff_sample_size:1.0 - rollout_corr/rollout_is_seq_mean:1.0 - rollout_corr/rollout_is_seq_std:0.0 - rollout_corr/rollout_is_seq_max:1.0 - rollout_corr/rollout_is_seq_min:1.0 - rollout_corr/rollout_is_seq_max_deviation:0.0 - rollout_corr/rollout_is_seq_fraction_high:0.0 - rollout_corr/rollout_is_seq_fraction_low:0.0 - rollout_corr/training_ppl:1.957628846168518 - rollout_corr/training_log_ppl:0.6515571385001143 - rollout_corr/kl:0.04164396782016411 - rollout_corr/k3_kl:0.038696065666348055 - rollout_corr/rollout_ppl:1.8799074180424213 - rollout_corr/rollout_log_ppl:0.609913168164591 - rollout_corr/log_ppl_diff:0.041643970335523285 - rollout_corr/log_ppl_abs_diff:0.04326388736565908 - rollout_corr/log_ppl_diff_max:0.13740980625152588 - rollout_corr/log_ppl_diff_min:-0.03503823280334473 - rollout_corr/ppl_ratio:1.0430930809428294 - rollout_corr/chi2_token:0.09968738630414009 - rollout_corr/chi2_seq:-0.5892912553002437 - actor/pg_loss:0.25879307269739604 - actor/kl_loss:0.0 - actor/grpo_loss:0.0 - actor/vopd_loss:0.25879307269739604 - actor/vopd_loss_weighted:0.25879307269739604 - actor/policy_fallback_fraction:0.0 - aha/u_mean:-0.8018710818141699 - aha/u_neg_valley_frac:0.5486175324767828 - aha/floor_clamped_frac:0.5486175324767828 - aha/q_tail_mass:0.011877205578305924 - aha/u_centered_mean:-0.6230353703722358 - aha/u_centered_absmean:1.0679525652279456 - aha/u_centered_wmean:-8.745441665986009e-09 - aha/argmax_conf:0.9171087741851807 - self_distillation/raw_jsd_token_mean:0.2587930726973961 - self_distillation/weighted_jsd_token_mean:0.2587930726973961 - self_distillation/self_distillation_mask.mean():1.0 - self_distillation/num_distill_tokens:172.01041666666666 - self_distillation/empty_target_batch:0.0 - actor/grad_norm:1.8469395637512207 - timing_s/update_actor/student_forward:45.53649709367892 - timing_s/update_actor/teacher_forward:72.19525951048126 - timing_s/update_actor/teacher_full_forward:0.0 - timing_s/update_actor/teacher_null_forward:54.88381490926258 - timing_s/update_actor/loss_compute:0.05709154630312696 - timing_s/update_actor/backward:93.74192370974924 - timing_s/update_actor/optimizer_step:0.08540391601854935 - timing_s/update_actor/teacher_ema_update:4.196702502667904e-05 - perf/mfu/actor:0.0 - perf/max_memory_allocated_gb:83.66352033615112 - perf/max_memory_reserved_gb:95.115234375 - perf/cpu_memory_used_gb:342.8278121948242 - actor/lr:1e-06 - training/global_step:6 - training/epoch:0 - response_length/mean:172.0104217529297 - response_length/max:1024.0 - response_length/min:4.0 - response_length/clip_ratio:0.02083333395421505 - response_length_non_aborted/mean:172.0104217529297 - response_length_non_aborted/max:1024.0 - response_length_non_aborted/min:4.0 - response_length_non_aborted/clip_ratio:0.02083333395421505 - response/aborted_ratio:0.0 - prompt_length/mean:3413.1875 - prompt_length/max:4014.0 - prompt_length/min:3113.0 - prompt_length/clip_ratio:0.0 - num_turns/min:2 - num_turns/max:2 - num_turns/mean:2.0 - timing_s/start_profile:2.7597998268902302e-05 - timing_s/agent_loop/generate_sequences/min:7.847335217986256 - timing_s/agent_loop/generate_sequences/max:23.348233769007493 - timing_s/agent_loop/generate_sequences/mean:14.42653413726354 - timing_s/agent_loop/tool_calls/min:0.0 - timing_s/agent_loop/tool_calls/max:0.0 - timing_s/agent_loop/tool_calls/mean:0.0 - timing_s/agent_loop/slowest/generate_sequences:23.348233769007493 - timing_s/agent_loop/slowest/tool_calls:0.0 - timing_s/agent_loop/slowest/prompt_length:3357 - timing_s/agent_loop/slowest/response_length:1024 - timing_s/gen:33.666587561019696 - timing_s/adv:21.185490236035548 - timing_s/update_actor:312.94014508696273 - timing_s/dump_rollout_generations:0.25432036397978663 - timing_s/step:368.066586653993 - timing_s/stop_profile:2.4134002160280943e-05 - timing_per_token_ms/gen:2.0387929244243743 - timing_per_token_ms/adv:0.061553698035137376 - timing_per_token_ms/update_actor:0.9092366038804306 - perf/total_num_tokens:344179 - perf/time_per_step:368.066586653993 - perf/throughput:467.54991145603645
[36m(TaskRunner pid=745489)[0m Dumped generations to /sfs/weka/scratch/nkw3mr/Vision-OPD-OPSA/rollouts/Aha-center-floor-Qwen3.5-4B-6karmA/7.jsonl
[36m(TaskRunner pid=745489)[0m step:7 - global_seqlen/min:343126 - global_seqlen/max:343126 - global_seqlen/minmax_diff:0 - global_seqlen/balanced_min:343126 - global_seqlen/balanced_max:343126 - global_seqlen/mean:343126.0 - self_distillation/teacher_always_on_fraction:1.0 - self_distillation/teacher_image_swap_fraction:1.0 - self_distillation/policy_fallback_fraction:0.0 - self_distillation/grpo_fallback_count:0.0 - rollout_corr/rollout_is_mean:1.0 - rollout_corr/rollout_is_ratio_fraction_high:0.0 - rollout_corr/rollout_is_ratio_fraction_low:0.0 - rollout_corr/rollout_is_max:1.0 - rollout_corr/rollout_is_min:1.0 - rollout_corr/rollout_is_std:0.0 - rollout_corr/rollout_is_eff_sample_size:1.0 - rollout_corr/rollout_is_seq_mean:1.0 - rollout_corr/rollout_is_seq_std:0.0 - rollout_corr/rollout_is_seq_max:1.0 - rollout_corr/rollout_is_seq_min:1.0 - rollout_corr/rollout_is_seq_max_deviation:0.0 - rollout_corr/rollout_is_seq_fraction_high:0.0 - rollout_corr/rollout_is_seq_fraction_low:0.0 - rollout_corr/training_ppl:1.9530809732774894 - rollout_corr/training_log_ppl:0.648883167343835 - rollout_corr/kl:0.04133474504093707 - rollout_corr/k3_kl:0.03723013983108103 - rollout_corr/rollout_ppl:1.8736977366109688 - rollout_corr/rollout_log_ppl:0.6075484263710678 - rollout_corr/log_ppl_diff:0.04133474097276727 - rollout_corr/log_ppl_abs_diff:0.043351269171883665 - rollout_corr/log_ppl_diff_max:0.1295691728591919 - rollout_corr/log_ppl_diff_min:-0.07321509718894958 - rollout_corr/ppl_ratio:1.042756690333287 - rollout_corr/chi2_token:0.08011970482766628 - rollout_corr/chi2_seq:3.3991537814339003 - actor/pg_loss:0.25292124180123216 - actor/kl_loss:0.0 - actor/grpo_loss:0.0 - actor/vopd_loss:0.25292124180123216 - actor/vopd_loss_weighted:0.25292124180123216 - actor/policy_fallback_fraction:0.0 - aha/u_mean:-0.8632933330942857 - aha/u_neg_valley_frac:0.5582348741590977 - aha/floor_clamped_frac:0.5582348741590977 - aha/q_tail_mass:0.010803193517707163 - aha/u_centered_mean:-0.6637201892832915 - aha/u_centered_absmean:1.1304179926713307 - aha/u_centered_wmean:-6.704255416448146e-09 - aha/argmax_conf:0.9064719080924988 - self_distillation/raw_jsd_token_mean:0.2529212418012321 - self_distillation/weighted_jsd_token_mean:0.2529212418012321 - self_distillation/self_distillation_mask.mean():1.0 - self_distillation/num_distill_tokens:187.25 - self_distillation/empty_target_batch:0.0 - actor/grad_norm:1.4204604625701904 - timing_s/update_actor/student_forward:48.63261517271167 - timing_s/update_actor/teacher_forward:70.8282152369502 - timing_s/update_actor/teacher_full_forward:0.0 - timing_s/update_actor/teacher_null_forward:59.58689764695009 - timing_s/update_actor/loss_compute:0.057499229442328215 - timing_s/update_actor/backward:86.60830234060995 - timing_s/update_actor/optimizer_step:0.08548001997405663 - timing_s/update_actor/teacher_ema_update:6.105395732447505e-05 - perf/mfu/actor:0.0 - perf/max_memory_allocated_gb:83.66352033615112 - perf/max_memory_reserved_gb:95.115234375 - perf/cpu_memory_used_gb:341.0189666748047 - actor/lr:1.2e-06 - training/global_step:7 - training/epoch:0 - response_length/mean:187.25 - response_length/max:1024.0 - response_length/min:28.0 - response_length/clip_ratio:0.0416666679084301 - response_length_non_aborted/mean:187.25 - response_length_non_aborted/max:1024.0 - response_length_non_aborted/min:28.0 - response_length_non_aborted/clip_ratio:0.0416666679084301 - response/aborted_ratio:0.0 - prompt_length/mean:3386.979248046875 - prompt_length/max:3960.0 - prompt_length/min:3160.0 - prompt_length/clip_ratio:0.0 - num_turns/min:2 - num_turns/max:2 - num_turns/mean:2.0 - timing_s/start_profile:6.297597428783774e-05 - timing_s/agent_loop/generate_sequences/min:11.68309569201665 - timing_s/agent_loop/generate_sequences/max:24.56106852600351 - timing_s/agent_loop/generate_sequences/mean:14.75856473207447 - timing_s/agent_loop/tool_calls/min:0.0 - timing_s/agent_loop/tool_calls/max:0.0 - timing_s/agent_loop/tool_calls/mean:0.0 - timing_s/agent_loop/slowest/generate_sequences:24.56106852600351 - timing_s/agent_loop/sl[36m(TaskRunner pid=745489)[0m Training Progress:  14%|█▎        | 7/51 [42:22<4:27:13, 364.39s/it]
[36m(TaskRunner pid=745489)[0m Training Progress:  16%|█▌        | 8/51 [48:25<4:20:51, 363.99s/it]
owest/tool_calls:0.0 - timing_s/agent_loop/slowest/prompt_length:3352 - timing_s/agent_loop/slowest/response_length:1024 - timing_s/gen:35.091945064021274 - timing_s/adv:20.44399658101611 - timing_s/update_actor:305.7958164199954 - timing_s/dump_rollout_generations:0.05419058701954782 - timing_s/step:361.4108581839828 - timing_s/stop_profile:3.09229944832623e-05 - timing_per_token_ms/gen:1.9521553773932618 - timing_per_token_ms/adv:0.05958160145548897 - timing_per_token_ms/update_actor:0.8912056108251645 - perf/total_num_tokens:343126 - perf/time_per_step:361.4108581839828 - perf/throughput:474.70350188721426
[36m(TaskRunner pid=745489)[0m Dumped generations to /sfs/weka/scratch/nkw3mr/Vision-OPD-OPSA/rollouts/Aha-center-floor-Qwen3.5-4B-6karmA/8.jsonl
[36m(TaskRunner pid=745489)[0m step:8 - global_seqlen/min:343495 - global_seqlen/max:343495 - global_seqlen/minmax_diff:0 - global_seqlen/balanced_min:343495 - global_seqlen/balanced_max:343495 - global_seqlen/mean:343495.0 - self_distillation/teacher_always_on_fraction:1.0 - self_distillation/teacher_image_swap_fraction:1.0 - self_distillation/policy_fallback_fraction:0.0 - self_distillation/grpo_fallback_count:0.0 - rollout_corr/rollout_is_mean:1.0 - rollout_corr/rollout_is_ratio_fraction_high:0.0 - rollout_corr/rollout_is_ratio_fraction_low:0.0 - rollout_corr/rollout_is_max:1.0 - rollout_corr/rollout_is_min:1.0 - rollout_corr/rollout_is_std:0.0 - rollout_corr/rollout_is_eff_sample_size:1.0 - rollout_corr/rollout_is_seq_mean:1.0 - rollout_corr/rollout_is_seq_std:0.0 - rollout_corr/rollout_is_seq_max:1.0 - rollout_corr/rollout_is_seq_min:1.0 - rollout_corr/rollout_is_seq_max_deviation:0.0 - rollout_corr/rollout_is_seq_fraction_high:0.0 - rollout_corr/rollout_is_seq_fraction_low:0.0 - rollout_corr/training_ppl:2.0229732232789197 - rollout_corr/training_log_ppl:0.6827579809663197 - rollout_corr/kl:0.03662622749834554 - rollout_corr/k3_kl:0.0399690213574407 - rollout_corr/rollout_ppl:1.9500018320977688 - rollout_corr/rollout_log_ppl:0.6461317580348501 - rollout_corr/log_ppl_diff:0.03662622293146948 - rollout_corr/log_ppl_abs_diff:0.04326680931262672 - rollout_corr/log_ppl_diff_max:0.15794533491134644 - rollout_corr/log_ppl_diff_min:-0.2097654938697815 - rollout_corr/ppl_ratio:1.0381663267811139 - rollout_corr/chi2_token:0.12141249763468902 - rollout_corr/chi2_seq:0.825623977308472 - actor/pg_loss:0.24139881134033206 - actor/kl_loss:0.0 - actor/grpo_loss:0.0 - actor/vopd_loss:0.24139881134033206 - actor/vopd_loss_weighted:0.24139881134033206 - actor/policy_fallback_fraction:0.0 - aha/u_mean:-0.892744650618018 - aha/u_neg_valley_frac:0.5484600101287166 - aha/floor_clamped_frac:0.5484600101287166 - aha/q_tail_mass:0.0108846917107428 - aha/u_centered_mean:-0.6342435605280722 - aha/u_centered_absmean:1.0899049701790016 - aha/u_centered_wmean:-1.0498781734027037e-08 - aha/argmax_conf:0.9453141093254089 - self_distillation/raw_jsd_token_mean:0.24139881134033203 - self_distillation/weighted_jsd_token_mean:0.24139881134033203 - self_distillation/self_distillation_mask.mean():1.0 - self_distillation/num_distill_tokens:182.03125 - self_distillation/empty_target_batch:0.0 - actor/grad_norm:1.4688613414764404 - timing_s/update_actor/student_forward:50.30489654216217 - timing_s/update_actor/teacher_forward:72.50956051552203 - timing_s/update_actor/teacher_full_forward:0.0 - timing_s/update_actor/teacher_null_forward:56.74817117373459 - timing_s/update_actor/loss_compute:0.06052488915156573 - timing_s/update_actor/backward:86.79355509090237 - timing_s/update_actor/optimizer_step:0.08492326899431646 - timing_s/update_actor/teacher_ema_update:4.198699025437236e-05 - perf/mfu/actor:0.0 - perf/max_memory_allocated_gb:83.66352033615112 - perf/max_memory_reserved_gb:95.115234375 - perf/cpu_memory_used_gb:348.020809173584 - actor/lr:1.4e-06 - training/global_step:8 - training/epoch:0 - response_length/mean:182.03125 - response_length/max:1024.0 - response_length/min:4.0 - response_length/clip_ratio:0.03125 - response_length_non_aborted/mean:182.03125 - response_length_non_aborted/max:1024.0 - response_length_non_aborted/min:4.0 - response_length_non_aborted/clip_ratio:0.03125 - response/aborted_ratio:0.0 - prompt_length/mean:3396.041748046875 - prompt_length/max:5383.0 - prompt_length/min:3249.0 - prompt_length/clip_ratio:0.0 - num_turns/min:2 - num_turns/max:2 - num_turns/mean:2.0 - timing_s/start_profile:4.322000313550234e-05 - timing_s/agent_loop/generate_sequences/min:9.397828920045868 - timing_s/agent_loop/generate_sequences/max:22.984263701015152 - timing_s/agent_loop/generate_sequences/mean:13.749957098310915 - timing_s/agent_loop/tool_calls/min:0.0 - timing_s/agent_loop/tool_calls/max:0.0 - timing_s/agent_loop/tool_calls/mean:0.0 - timing_s/agent_loop/slowest/generate_sequences:22.984263701015152 - timing_s/agent_loop/slowest/tool_calls:0.0 - timing_s/agent_loop/slowest/prompt_length:3354 - timing_s/agent_loop/slowest/response_length:993 - timing_s/gen:34.62496499699773 - timing_s/adv:19.728014540974982 - timing_s/update_actor:308.3861573089962 - timing_s/dump_rollout_generations:0.053608992020599544 - timing_s/step:362.8177513119881 - timing_s/stop_profile:2.3221014998853207e-05 - timing_per_token_ms/gen:1.9813999998281964 - timing_per_token_ms/adv:0.0574331927421796 - timing_per_token_ms/update_actor:0.8977893631901372 - perf/total_num_tokens:343495 - perf/time_per_step:362.8177513119881 - perf/throughput:473.37127077973037
[36m(TaskRunner pid=745489)[0m Dumped generations to /sfs/weka/scratch/nkw3mr/Vision-OPD-OPSA/rollouts/Aha-center-floor-Qwen3.5-4B-6karmA/9.jsonl
[36m(TaskRunner pid=745489)[0m step:9 - global_seqlen/min:342389 - global_seqlen/max:342389 - global_seqlen/minmax_diff:0 - global_seqlen/balanced_min:342389 - global_seqlen/balanced_max:342389 - global_seqlen/mean:342389.0 - self_distillation/teacher_always_on_fraction:1.0 - self_distillation/teacher_image_swap_fraction:1.0 - self_distillation/policy_fallback_fraction:0.0 - self_distillation/grpo_fallback_count:0.0 - rollout_corr/rollout_is_mean:1.0 - rollout_corr/rollout_is_ratio_fraction_high:0.0 - rollout_corr/rollout_is_ratio_fraction_low:0.0 - rollout_corr/rollout_is_max:1.0 - rollout_corr/rollout_is_min:1.0 - rollout_corr/rollout_is_std:0.0 - rollout_corr/rollout_is_eff_sample_size:1.0 - rollout_corr/rollout_is_seq_mean:1.0 - rollout_corr/rollout_is_seq_std:0.0 - rollout_corr/rollout_is_seq_max:1.0 - rollout_corr/rollout_is_seq_min:1.0 - rollout_corr/rollout_is_seq_max_deviation:0.0 - rollout_corr/rollout_is_seq_fraction_high:0.0 - rollout_corr/rollout_is_seq_fraction_low:0.0 - rollout_corr/training_ppl:2.3601183717449508 - rollout_corr/training_log_ppl:0.8203432817632953 - rollout_corr/kl:0.04051334517923048 - rollout_corr/k3_kl:0.03800048848885732 - rollout_corr/rollout_ppl:2.2652218913038573 - rollout_corr/rollout_log_ppl:0.7798299361020327 - rollout_corr/log_ppl_diff:0.04051334566126267 - rollout_corr/log_ppl_abs_diff:0.04573188380648693 - rollout_corr/log_ppl_diff_max:0.14802414178848267 - rollout_corr/log_ppl_diff_min:-0.08891153335571289 - rollout_corr/ppl_ratio:1.0420501586049795 - rollout_corr/chi2_token:0.08866994455456734 - rollout_corr/chi2_seq:3.970688493922353 - actor/pg_loss:0.24323092298194138 - actor/kl_loss:0.0 - actor/grpo_loss:0.0 - actor/vopd_loss:0.24323092298194138 - actor/vopd_loss_weighted:0.24323092298194138 - actor/policy_fallback_fraction:0.0 - aha/u_mean:-0.9452671270119026 - aha/u_neg_valley_frac:0.5576288647328814 - aha/floor_clamped_frac:0.5576288647328814 - aha/q_tail_mass:0.007915970112549076 - aha/u_centered_mean:-0.6844287240722527 - aha/u_centered_absmean:1.1192095472166936 - aha/u_centered_wmean:-8.48303632561854e-09 - aha/argmax_conf:0.8701539039611816 - self_distillation/raw_jsd_token_mean:0.24323092298194146 - self_distillation/weighted_jsd_token_mean:0.24323092298194146 - self_distillation/self_distillation_mask.mean():1.0 - self_distillation/num_distill_tokens:139.73958333333334 - self_distillation/empty_target_batch:0.0 - actor/grad_norm:1.8478087186813354 - timing_s/update_actor/student_forward:47.62860881816596 - timing_s/update_actor/teacher_forward:69.77652949973708 - timing_s/update_actor/teacher_full_forward:0.0 - timing_s/update_actor/teacher_null_forward:64.11403143615462 - timing_s/update_actor/loss_compute:0.0580806081998162 - timing_s/update_actor/backward:87.14234785217559 - timing_s/update_actor/optimizer_step:0.08550070301862434 - timing_s/update_actor/teacher_ema_update:6.580102490261197e-05 - perf/mfu/actor:0.0 - perf/max_memory_allocated_gb:83.66352033615112 - perf/max_memory_reserved_gb:95.115234375 - perf/cpu_memory_used_gb:350.2974319458008 - actor/lr:1.6e-06 - training/global_step:9 - training/epoch:0 - response_length/mean:139.7395782470703 - response_length/max:1024.0 - response_length/min:4.0 - response_length/clip_ratio:0.010416666977107525 - response_length_non_aborted/mean:139.7395782470703 - response_length_non_aborted/max:1024.0 - response_length_non_aborted/min:4.0 - response_length_non_aborted/clip_ratio:0.010416666977107525 - response/aborted_ratio:0.0 - prompt_length/mean:3426.8125 - prompt_length/max:3956.0 - prompt_length/min:3342.0 - prompt_length/clip_ratio:0.0 - num_turns/min:2 - num_turns/max:2 - num_turns/mean:2.0 - timing_s/start_profile:4.147697472944856e-05 - timing_s/agent_loop/generate_sequences/min:7.759904590959195 - timing_s/agent_loop/generate_sequences/max:24.73891116102459 - timing_s/agent_loop/generate_sequences/mean:15.110733933580681 - timing_s/agent_loop/tool_calls/min:0.0 - timing_s/agent_loop/tool_calls/max:0.0 - timing_s/agent_loop/tool_calls/mean:0.0 - timing_s/agent_loop/slowest/generate_sequences:24.738911161[36m(TaskRunner pid=745489)[0m Training Progress:  18%|█▊        | 9/51 [54:40<4:17:12, 367.44s/it]
[36m(TaskRunner pid=745489)[0m Training Progress:  20%|█▉        | 10/51 [1:01:18<4:17:32, 376.88s/it]
[36m(WorkerDict pid=798195)[0m /sfs/weka/scratch/nkw3mr/Vision-OPD-OPSA/verl/utils/device.py:134: FutureWarning: torch.cuda._set_allocator_settings is deprecated. Use torch._C._accelerator_setAllocatorSettings instead.
[36m(WorkerDict pid=798195)[0m   torch.cuda.memory._set_allocator_settings(f"expandable_segments:{enable}")
02459 - timing_s/agent_loop/slowest/tool_calls:0.0 - timing_s/agent_loop/slowest/prompt_length:3343 - timing_s/agent_loop/slowest/response_length:1024 - timing_s/gen:34.428670468972996 - timing_s/adv:27.662768834037706 - timing_s/update_actor:312.52728390000993 - timing_s/dump_rollout_generations:0.05688647902570665 - timing_s/step:374.69999598601134 - timing_s/stop_profile:4.216801607981324e-05 - timing_per_token_ms/gen:2.5664308959353703 - timing_per_token_ms/adv:0.08079339241049714 - timing_per_token_ms/update_actor:0.9127842421923892 - perf/total_num_tokens:342389 - perf/time_per_step:374.69999598601134 - perf/throughput:456.8841789002613
[36m(TaskRunner pid=745489)[0m Dumped generations to /sfs/weka/scratch/nkw3mr/Vision-OPD-OPSA/rollouts/Aha-center-floor-Qwen3.5-4B-6karmA/10.jsonl
[36m(TaskRunner pid=745489)[0m local_global_step_folder: /sfs/weka/scratch/nkw3mr/Vision-OPD-OPSA/checkpoints/Aha-center-floor-Qwen3.5-4B-6karmA/global_step_10
[36m(TaskRunner pid=745489)[0m step:10 - global_seqlen/min:345867 - global_seqlen/max:345867 - global_seqlen/minmax_diff:0 - global_seqlen/balanced_min:345867 - global_seqlen/balanced_max:345867 - global_seqlen/mean:345867.0 - self_distillation/teacher_always_on_fraction:1.0 - self_distillation/teacher_image_swap_fraction:1.0 - self_distillation/policy_fallback_fraction:0.0 - self_distillation/grpo_fallback_count:0.0 - rollout_corr/rollout_is_mean:1.0 - rollout_corr/rollout_is_ratio_fraction_high:0.0 - rollout_corr/rollout_is_ratio_fraction_low:0.0 - rollout_corr/rollout_is_max:1.0 - rollout_corr/rollout_is_min:1.0 - rollout_corr/rollout_is_std:0.0 - rollout_corr/rollout_is_eff_sample_size:1.0 - rollout_corr/rollout_is_seq_mean:1.0 - rollout_corr/rollout_is_seq_std:0.0 - rollout_corr/rollout_is_seq_max:1.0 - rollout_corr/rollout_is_seq_min:1.0 - rollout_corr/rollout_is_seq_max_deviation:0.0 - rollout_corr/rollout_is_seq_fraction_high:0.0 - rollout_corr/rollout_is_seq_fraction_low:0.0 - rollout_corr/training_ppl:2.355685175706943 - rollout_corr/training_log_ppl:0.8309746111432711 - rollout_corr/kl:0.04147401615167231 - rollout_corr/k3_kl:0.0456564849979865 - rollout_corr/rollout_ppl:2.2574526531000934 - rollout_corr/rollout_log_ppl:0.7895005907242497 - rollout_corr/log_ppl_diff:0.04147402041902145 - rollout_corr/log_ppl_abs_diff:0.044285136895875134 - rollout_corr/log_ppl_diff_max:0.11350035667419434 - rollout_corr/log_ppl_diff_min:-0.038558244705200195 - rollout_corr/ppl_ratio:1.0428511531402667 - rollout_corr/chi2_token:0.19742377288639545 - rollout_corr/chi2_seq:-0.24270943055550256 - actor/pg_loss:0.25257699082915985 - actor/kl_loss:0.0 - actor/grpo_loss:0.0 - actor/vopd_loss:0.25257699082915985 - actor/vopd_loss_weighted:0.25257699082915985 - actor/policy_fallback_fraction:0.0 - aha/u_mean:-0.7428590559672253 - aha/u_neg_valley_frac:0.549891121375064 - aha/floor_clamped_frac:0.549891121375064 - aha/q_tail_mass:0.007499755000746215 - aha/u_centered_mean:-0.5958911615113417 - aha/u_centered_absmean:1.060640796398123 - aha/u_centered_wmean:-8.982285362839812e-09 - aha/argmax_conf:0.8579680919647217 - self_distillation/raw_jsd_token_mean:0.2525769908291598 - self_distillation/weighted_jsd_token_mean:0.2525769908291598 - self_distillation/self_distillation_mask.mean():1.0 - self_distillation/num_distill_tokens:205.65625 - self_distillation/empty_target_batch:0.0 - actor/grad_norm:1.8714609146118164 - timing_s/update_actor/student_forward:49.1575929390965 - timing_s/update_actor/teacher_forward:73.44206294452306 - timing_s/update_actor/teacher_full_forward:0.0 - timing_s/update_actor/teacher_null_forward:56.878484852728434 - timing_s/update_actor/loss_compute:0.05940249765990302 - timing_s/update_actor/backward:89.79244795441628 - timing_s/update_actor/optimizer_step:0.08556434500496835 - timing_s/update_actor/teacher_ema_update:7.645401638001204e-05 - perf/mfu/actor:0.0 - perf/max_memory_allocated_gb:83.66352033615112 - perf/max_memory_reserved_gb:95.115234375 - perf/cpu_memory_used_gb:350.392147064209 - actor/lr:1.8e-06 - training/global_step:10 - training/epoch:0 - response_length/mean:205.65625 - response_length/max:1024.0 - response_length/min:31.0 - response_length/clip_ratio:0.0625 - response_length_non_aborted/mean:205.65625 - response_length_non_aborted/max:1024.0 - response_length_non_aborted/min:31.0 - response_length_non_aborted/clip_ratio:0.0625 - response/aborted_ratio:0.0 - prompt_length/mean:3397.125 - prompt_length/max:5180.0 - prompt_length/min:3260.0 - prompt_length/clip_ratio:0.0 - num_turns/min:2 - num_turns/max:2 - num_turns/mean:2.0 - timing_s/start_profile:6.182497600093484e-05 - timing_s/agent_loop/generate_sequences/min:12.304353465966415 - timing_s/agent_loop/generate_sequences/max:25.30072704399936 - timing_s/agent_loop/generate_sequences/mean:15.353917006426855 - timing_s/agent_loop/tool_calls/min:0.0 - timing_s/agent_loop/tool_calls/max:0.0 - timing_s/agent_loop/tool_calls/mean:0.0 - timing_s/agent_loop/slowest/generate_sequences:25.30072704399936 - timing_s/agent_loop/slowest/tool_calls:0.0 - timing_s/agent_loop/slowest/prompt_length:3350 - timing_s/agent_loop/slowest/response_length:1024 - timing_s/gen:35.82417241099756 - timing_s/adv:25.979374355985783 - timing_s/update_actor:313.5059795610141 - timing_s/dump_rollout_generations:0.2562726669711992 - timing_s/step:375.58638084999984 - timing_s/save_checkpoint:22.08706227899529 - timing_s/stop_profile:3.5969947930425406e-05 - timing_per_token_ms/gen:1.8145252702728847 - timing_per_token_ms/adv:0.0751137701948604 - timing_per_token_ms/update_actor:0.9064350734849352 - perf/total_num_tokens:345867 - perf/time_per_step:375.58638084999984 - perf/throughput:460.4360243537837
[36m(TaskRunner pid=745489)[0m Dumped generations to /sfs/weka/scratch/nkw3mr/Vision-OPD-OPSA/rollouts/Aha-center-floor-Qwen3.5-4B-6karmA/11.jsonl
[36m(TaskRunner pid=745489)[0m step:11 - global_seqlen/min:341079 - global_seqlen/max:341079 - global_seqlen/minmax_diff:0 - global_seqlen/balanced_min:341079 - global_seqlen/balanced_max:341079 - global_seqlen/mean:341079.0 - self_distillation/teacher_always_on_fraction:1.0 - self_distillation/teacher_image_swap_fraction:1.0 - self_distillation/policy_fallback_fraction:0.0 - self_distillation/grpo_fallback_count:0.0 - rollout_corr/rollout_is_mean:1.0 - rollout_corr/rollout_is_ratio_fraction_high:0.0 - rollout_corr/rollout_is_ratio_fraction_low:0.0 - rollout_corr/rollout_is_max:1.0 - rollout_corr/rollout_is_min:1.0 - rollout_corr/rollout_is_std:0.0 - rollout_corr/rollout_is_eff_sample_size:1.0 - rollout_corr/rollout_is_seq_mean:1.0 - rollout_corr/rollout_is_seq_std:0.0 - rollout_corr/rollout_is_seq_max:1.0 - rollout_corr/rollout_is_seq_min:1.0 - rollout_corr/rollout_is_seq_max_deviation:0.0 - rollout_corr/rollout_is_seq_fraction_high:0.0 - rollout_corr/rollout_is_seq_fraction_low:0.0 - rollout_corr/training_ppl:2.5426669542988143 - rollout_corr/training_log_ppl:0.9014391427238783 - rollout_corr/kl:0.027380898442061152 - rollout_corr/k3_kl:0.04063976401812397 - rollout_corr/rollout_ppl:2.478581598649422 - rollout_corr/rollout_log_ppl:0.8740582382306457 - rollout_corr/log_ppl_diff:0.027380904493232567 - rollout_corr/log_ppl_abs_diff:0.046749903820455074 - rollout_corr/log_ppl_diff_max:0.1534385085105896 - rollout_corr/log_ppl_diff_min:-0.284165620803833 - rollout_corr/ppl_ratio:1.0294394083321095 - rollout_corr/chi2_token:0.14707054818669954 - rollout_corr/chi2_seq:-0.2865510980288188 - actor/pg_loss:0.2485675014225611 - actor/kl_loss:0.0 - actor/grpo_loss:0.0 - actor/vopd_loss:0.2485675014225611 - actor/vopd_loss_weighted:0.2485675014225611 - actor/policy_fallback_fraction:0.0 - aha/u_mean:-0.9740836017481342 - aha/u_neg_valley_frac:0.5577617312471072 - aha/floor_clamped_frac:0.5577617312471072 - aha/q_tail_mass:0.007776393660435588 - aha/u_centered_mean:-0.7043481371365488 - aha/u_centered_absmean:1.1565227340906858 - aha/u_centered_wmean:-1.0833215647459982e-08 - aha/argmax_conf:0.938065767288208 - self_distillation/raw_jsd_token_mean:0.2485675014225611 - self_distillation/weighted_jsd_token_mean:0.2485675014225611 - self_distillation/self_distillation_mask.mean():1.0 - self_distillation/num_distill_tokens:160.73958333333334 - self_distillation/empty_target_batch:0.0 - actor/grad_norm:1.1866834163665771 - timing_s/update_actor/student_forward:51.0495157771511 - timing_s/update_actor/teacher_forward:72.88475837733131 - timing_s/update_actor/teacher_full_forward:0.0 - timing_s/update_actor/teacher_null_forward:59.53036546061048 - timing_s/update_actor/loss_compute:0.0592878891620785 - timing_s/update_actor/backward:86.77768159995321 - timing_s/update_actor/optimizer_step:0.08517639699857682 - timing_s/update_actor/teacher_ema_update:4.84469928778708e-05 - perf/mfu/actor:0.0 - perf/max_memory_allocated_gb:83.66352033615112 - perf/max_memory_reserved_gb:95.115234375 - perf/cpu_memory_used_gb:350.1065902709961 - actor/lr:2e-06 - training/global_step:11 - training/epoch:0 - response_length/mean:160.7395782470703 - response_length/max:1024.0 - response_length/min:4.0 - response_length/clip_ratio:0.010416666977107525 - response_length_non_aborted/mean:160.7395782470703 - response_length_non_aborted/max:1024.0 - response_length_non_aborted/min:4.0 - response_length_non_aborted/clip_ratio:0.010416666977107525 - response/aborted_ratio:0.0 - prompt_length/mean:3392.166748046875 - prompt_length/max:4338.0 - prompt_length/min:3254.0 - prompt_length/clip_ratio:0.0 - num_turns/min:2 - num_turns/max:2 - num_turns/mean:2.0 - timing_s/start_profile:3.9484002627432346e-05 - timing_s/agent_loop/generate_sequences/min:7.103299735987093 - timing_s/agent_loop/generate_sequences/max:22.32962256699102 - timing_s/agent_loop/generate_sequences/mean:13.490594786697935 - timing_s/agent_loop/tool_calls/min:0.0 - timing_s/agent_loop/tool_calls/max:0.0 - timing_s/agent_loop/tool_calls/mean:0.0 - timing_s/agent_loop/slowest/generate_sequences:22.32962[36m(TaskRunner pid=745489)[0m Training Progress:  22%|██▏       | 11/51 [1:07:36<4:11:27, 377.20s/it]
[36m(WorkerDict pid=798191)[0m /sfs/weka/scratch/nkw3mr/Vision-OPD-OPSA/verl/utils/device.py:134: FutureWarning: torch.cuda._set_allocator_settings is deprecated. Use torch._C._accelerator_setAllocatorSettings instead.
[36m(WorkerDict pid=798191)[0m   torch.cuda.memory._set_allocator_settings(f"expandable_segments:{enable}")
[36m(TaskRunner pid=745489)[0m Training Progress:  24%|██▎       | 12/51 [1:13:49<4:04:24, 376.00s/it]
256699102 - timing_s/agent_loop/slowest/tool_calls:0.0 - timing_s/agent_loop/slowest/prompt_length:3369 - timing_s/agent_loop/slowest/response_length:1024 - timing_s/gen:34.041811281989794 - timing_s/adv:28.131023807974998 - timing_s/update_actor:315.3463275550166 - timing_s/dump_rollout_generations:0.05855852202512324 - timing_s/step:377.6069056200213 - timing_s/stop_profile:2.8669019229710102e-05 - timing_per_token_ms/gen:2.2060664430036807 - timing_per_token_ms/adv:0.08247656351746956 - timing_per_token_ms/update_actor:0.9245550959015847 - perf/total_num_tokens:341079 - perf/time_per_step:377.6069056200213 - perf/throughput:451.6323654621155
[36m(TaskRunner pid=745489)[0m Dumped generations to /sfs/weka/scratch/nkw3mr/Vision-OPD-OPSA/rollouts/Aha-center-floor-Qwen3.5-4B-6karmA/12.jsonl
[36m(TaskRunner pid=745489)[0m step:12 - global_seqlen/min:352983 - global_seqlen/max:352983 - global_seqlen/minmax_diff:0 - global_seqlen/balanced_min:352983 - global_seqlen/balanced_max:352983 - global_seqlen/mean:352983.0 - self_distillation/teacher_always_on_fraction:1.0 - self_distillation/teacher_image_swap_fraction:1.0 - self_distillation/policy_fallback_fraction:0.0 - self_distillation/grpo_fallback_count:0.0 - rollout_corr/rollout_is_mean:1.0 - rollout_corr/rollout_is_ratio_fraction_high:0.0 - rollout_corr/rollout_is_ratio_fraction_low:0.0 - rollout_corr/rollout_is_max:1.0 - rollout_corr/rollout_is_min:1.0 - rollout_corr/rollout_is_std:0.0 - rollout_corr/rollout_is_eff_sample_size:1.0 - rollout_corr/rollout_is_seq_mean:1.0 - rollout_corr/rollout_is_seq_std:0.0 - rollout_corr/rollout_is_seq_max:1.0 - rollout_corr/rollout_is_seq_min:1.0 - rollout_corr/rollout_is_seq_max_deviation:0.0 - rollout_corr/rollout_is_seq_fraction_high:0.0 - rollout_corr/rollout_is_seq_fraction_low:0.0 - rollout_corr/training_ppl:2.5347901148100696 - rollout_corr/training_log_ppl:0.9018368298808733 - rollout_corr/kl:0.014549532383625774 - rollout_corr/k3_kl:0.03690916755779957 - rollout_corr/rollout_ppl:2.4916785831252732 - rollout_corr/rollout_log_ppl:0.8872872913877169 - rollout_corr/log_ppl_diff:0.014549538493156433 - rollout_corr/log_ppl_abs_diff:0.037255036334196724 - rollout_corr/log_ppl_diff_max:0.08280938863754272 - rollout_corr/log_ppl_diff_min:-0.3185442090034485 - rollout_corr/ppl_ratio:1.016219909613331 - rollout_corr/chi2_token:0.18036641428867975 - rollout_corr/chi2_seq:11.61499928496778 - actor/pg_loss:0.2266503033170011 - actor/kl_loss:0.0 - actor/grpo_loss:0.0 - actor/vopd_loss:0.2266503033170011 - actor/vopd_loss_weighted:0.2266503033170011 - actor/policy_fallback_fraction:0.0 - aha/u_mean:-0.898276054727224 - aha/u_neg_valley_frac:0.559332221125563 - aha/floor_clamped_frac:0.559332221125563 - aha/q_tail_mass:0.009252552021659236 - aha/u_centered_mean:-0.6427876014883319 - aha/u_centered_absmean:1.070056784587602 - aha/u_centered_wmean:-1.2963987742684036e-08 - aha/argmax_conf:0.9597738981246948 - self_distillation/raw_jsd_token_mean:0.2266503033170011 - self_distillation/weighted_jsd_token_mean:0.2266503033170011 - self_distillation/self_distillation_mask.mean():1.0 - self_distillation/num_distill_tokens:181.07291666666666 - self_distillation/empty_target_batch:0.0 - actor/grad_norm:1.0571980476379395 - timing_s/update_actor/student_forward:48.605674190679565 - timing_s/update_actor/teacher_forward:72.64359602279728 - timing_s/update_actor/teacher_full_forward:0.0 - timing_s/update_actor/teacher_null_forward:60.199049654765986 - timing_s/update_actor/loss_compute:0.05853115557692945 - timing_s/update_actor/backward:89.32210034067975 - timing_s/update_actor/optimizer_step:0.08592241199221462 - timing_s/update_actor/teacher_ema_update:4.3279025703668594e-05 - perf/mfu/actor:0.0 - perf/max_memory_allocated_gb:83.66352033615112 - perf/max_memory_reserved_gb:95.115234375 - perf/cpu_memory_used_gb:343.8404083251953 - actor/lr:2e-06 - training/global_step:12 - training/epoch:0 - response_length/mean:181.0729217529297 - response_length/max:1024.0 - response_length/min:4.0 - response_length/clip_ratio:0.02083333395421505 - response_length_non_aborted/mean:181.0729217529297 - response_length_non_aborted/max:1024.0 - response_length_non_aborted/min:4.0 - response_length_non_aborted/clip_ratio:0.02083333395421505 - response/aborted_ratio:0.0 - prompt_length/mean:3495.833251953125 - prompt_length/max:4948.0 - prompt_length/min:3341.0 - prompt_length/clip_ratio:0.0 - num_turns/min:2 - num_turns/max:2 - num_turns/mean:2.0 - timing_s/start_profile:4.5903027057647705e-05 - timing_s/agent_loop/generate_sequences/min:6.583911054010969 - timing_s/agent_loop/generate_sequences/max:23.833593009971082 - timing_s/agent_loop/generate_sequences/mean:14.661882974259546 - timing_s/agent_loop/tool_calls/min:0.0 - timing_s/agent_loop/tool_calls/max:0.0 - timing_s/agent_loop/tool_calls/mean:0.0 - timing_s/agent_loop/slowest/generate_sequences:23.833593009971082 - timing_s/agent_loop/slowest/tool_calls:0.0 - timing_s/agent_loop/slowest/prompt_length:3353 - timing_s/agent_loop/slowest/response_length:1024 - timing_s/gen:36.37094560300466 - timing_s/adv:22.751240735989995 - timing_s/update_actor:313.7232237710268 - timing_s/dump_rollout_generations:0.06444451701827347 - timing_s/step:372.9402849129983 - timing_s/stop_profile:2.8468959499150515e-05 - timing_per_token_ms/gen:2.092328459011946 - timing_per_token_ms/adv:0.0644542109279767 - timing_per_token_ms/update_actor:0.8887771472592925 - perf/total_num_tokens:352983 - perf/time_per_step:372.9402849129983 - perf/throughput:473.24332377011234
[36m(TaskRunner pid=745489)[0m Dumped generations to /sfs/weka/scratch/nkw3mr/Vision-OPD-OPSA/rollouts/Aha-center-floor-Qwen3.5-4B-6karmA/13.jsonl
[36m(TaskRunner pid=745489)[0m step:13 - global_seqlen/min:352433 - global_seqlen/max:352433 - global_seqlen/minmax_diff:0 - global_seqlen/balanced_min:352433 - global_seqlen/balanced_max:352433 - global_seqlen/mean:352433.0 - self_distillation/teacher_always_on_fraction:1.0 - self_distillation/teacher_image_swap_fraction:1.0 - self_distillation/policy_fallback_fraction:0.0 - self_distillation/grpo_fallback_count:0.0 - rollout_corr/rollout_is_mean:1.0 - rollout_corr/rollout_is_ratio_fraction_high:0.0 - rollout_corr/rollout_is_ratio_fraction_low:0.0 - rollout_corr/rollout_is_max:1.0 - rollout_corr/rollout_is_min:1.0 - rollout_corr/rollout_is_std:0.0 - rollout_corr/rollout_is_eff_sample_size:1.0 - rollout_corr/rollout_is_seq_mean:1.0 - rollout_corr/rollout_is_seq_std:0.0 - rollout_corr/rollout_is_seq_max:1.0 - rollout_corr/rollout_is_seq_min:1.0 - rollout_corr/rollout_is_seq_max_deviation:0.0 - rollout_corr/rollout_is_seq_fraction_high:0.0 - rollout_corr/rollout_is_seq_fraction_low:0.0 - rollout_corr/training_ppl:2.695922125130892 - rollout_corr/training_log_ppl:0.9515000131602088 - rollout_corr/kl:0.019965703264764063 - rollout_corr/k3_kl:0.026560727312850457 - rollout_corr/rollout_ppl:2.6376394083102546 - rollout_corr/rollout_log_ppl:0.9315343170116345 - rollout_corr/log_ppl_diff:0.019965696148574352 - rollout_corr/log_ppl_abs_diff:0.036642739859720073 - rollout_corr/log_ppl_diff_max:0.08325576782226562 - rollout_corr/log_ppl_diff_min:-0.24201327562332153 - rollout_corr/ppl_ratio:1.021229920287927 - rollout_corr/chi2_token:0.08194798044860363 - rollout_corr/chi2_seq:-0.3106531382848819 - actor/pg_loss:0.22251490201839866 - actor/kl_loss:0.0 - actor/grpo_loss:0.0 - actor/vopd_loss:0.22251490201839866 - actor/vopd_loss_weighted:0.22251490201839866 - actor/policy_fallback_fraction:0.0 - aha/u_mean:-0.8546967366225241 - aha/u_neg_valley_frac:0.5575713828826944 - aha/floor_clamped_frac:0.5575713828826944 - aha/q_tail_mass:0.00959827634346766 - aha/u_centered_mean:-0.6301057789629946 - aha/u_centered_absmean:1.0584940978636344 - aha/u_centered_wmean:-9.134239212227335e-09 - aha/argmax_conf:0.9404584169387817 - self_distillation/raw_jsd_token_mean:0.22251490201839866 - self_distillation/weighted_jsd_token_mean:0.22251490201839866 - self_distillation/self_distillation_mask.mean():1.0 - self_distillation/num_distill_tokens:232.82291666666666 - self_distillation/empty_target_batch:0.0 - actor/grad_norm:1.0342634916305542 - timing_s/update_actor/student_forward:50.79829172225436 - timing_s/update_actor/teacher_forward:73.000053810596 - timing_s/update_actor/teacher_full_forward:0.0 - timing_s/update_actor/teacher_null_forward:58.94152506807586 - timing_s/update_actor/loss_compute:0.057798700232524425 - timing_s/update_actor/backward:88.60222538630478 - timing_s/update_actor/optimizer_step:0.08529322501271963 - timing_s/update_actor/teacher_ema_update:4.722498124465346e-05 - perf/mfu/actor:0.0 - perf/max_memory_allocated_gb:83.66352033615112 - perf/max_memory_reserved_gb:95.115234375 - perf/cpu_memory_used_gb:347.39788818359375 - actor/lr:2e-06 - training/global_step:13 - training/epoch:0 - response_length/mean:232.8229217529297 - response_length/max:1024.0 - response_length/min:4.0 - response_length/clip_ratio:0.0520833320915699 - response_length_non_aborted/mean:232.8229217529297 - response_length_non_aborted/max:1024.0 - response_length_non_aborted/min:4.0 - response_length_non_aborted/clip_ratio:0.0520833320915699 - response/aborted_ratio:0.0 - prompt_length/mean:3438.354248046875 - prompt_length/max:4384.0 - prompt_length/min:3203.0 - prompt_length/clip_ratio:0.0 - num_turns/min:2 - num_turns/max:2 - num_turns/mean:2.0 - timing_s/start_profile:5.504500586539507e-05 - timing_s/agent_loop/generate_sequences/min:7.042291778954677 - timing_s/agent_loop/generate_sequences/max:26.92095529800281 - timing_s/agent_loop/generate_sequences/mean:16.18499405395596 - timing_s/agent_loop/tool_calls/min:0.0 - timing_s/agent_loop/tool_calls/max:0.0 - timing_s/agent_loop/tool_calls/mean:0.0 - timing_s/agent_loop/slowest/generate_sequences:26.9[36m(TaskRunner pid=745489)[0m Training Progress:  25%|██▌       | 13/51 [1:20:07<3:58:25, 376.45s/it]
[36m(TaskRunner pid=745489)[0m Training Progress:  27%|██▋       | 14/51 [1:26:13<3:50:15, 373.39s/it]
2095529800281 - timing_s/agent_loop/slowest/tool_calls:0.0 - timing_s/agent_loop/slowest/prompt_length:3373 - timing_s/agent_loop/slowest/response_length:1024 - timing_s/gen:38.99554798001191 - timing_s/adv:23.819517271011136 - timing_s/update_actor:314.234017994022 - timing_s/dump_rollout_generations:0.06240750302094966 - timing_s/step:377.13907554000616 - timing_s/stop_profile:2.416397910565138e-05 - timing_per_token_ms/gen:1.7446891852718853 - timing_per_token_ms/adv:0.06758594476400093 - timing_per_token_ms/update_actor:0.8916134924766466 - perf/total_num_tokens:352433 - perf/time_per_step:377.13907554000616 - perf/throughput:467.24540475601634
[36m(TaskRunner pid=745489)[0m Dumped generations to /sfs/weka/scratch/nkw3mr/Vision-OPD-OPSA/rollouts/Aha-center-floor-Qwen3.5-4B-6karmA/14.jsonl
[36m(TaskRunner pid=745489)[0m step:14 - global_seqlen/min:346580 - global_seqlen/max:346580 - global_seqlen/minmax_diff:0 - global_seqlen/balanced_min:346580 - global_seqlen/balanced_max:346580 - global_seqlen/mean:346580.0 - self_distillation/teacher_always_on_fraction:1.0 - self_distillation/teacher_image_swap_fraction:1.0 - self_distillation/policy_fallback_fraction:0.0 - self_distillation/grpo_fallback_count:0.0 - rollout_corr/rollout_is_mean:1.0 - rollout_corr/rollout_is_ratio_fraction_high:0.0 - rollout_corr/rollout_is_ratio_fraction_low:0.0 - rollout_corr/rollout_is_max:1.0 - rollout_corr/rollout_is_min:1.0 - rollout_corr/rollout_is_std:0.0 - rollout_corr/rollout_is_eff_sample_size:1.0 - rollout_corr/rollout_is_seq_mean:1.0 - rollout_corr/rollout_is_seq_std:0.0 - rollout_corr/rollout_is_seq_max:1.0 - rollout_corr/rollout_is_seq_min:1.0 - rollout_corr/rollout_is_seq_max_deviation:0.0 - rollout_corr/rollout_is_seq_fraction_high:0.0 - rollout_corr/rollout_is_seq_fraction_low:0.0 - rollout_corr/training_ppl:2.644686494022608 - rollout_corr/training_log_ppl:0.9274723852674166 - rollout_corr/kl:0.023276916113597206 - rollout_corr/k3_kl:0.027480924109113403 - rollout_corr/rollout_ppl:2.577838367472092 - rollout_corr/rollout_log_ppl:0.904195467941463 - rollout_corr/log_ppl_diff:0.023276917325953644 - rollout_corr/log_ppl_abs_diff:0.036674195590118565 - rollout_corr/log_ppl_diff_max:0.1355244517326355 - rollout_corr/log_ppl_diff_min:-0.15672367811203003 - rollout_corr/ppl_ratio:1.024408978720506 - rollout_corr/chi2_token:0.07763240734736125 - rollout_corr/chi2_seq:0.7457560567806164 - actor/pg_loss:0.23910759819167038 - actor/kl_loss:0.0 - actor/grpo_loss:0.0 - actor/vopd_loss:0.23910759819167038 - actor/vopd_loss_weighted:0.23910759819167038 - actor/policy_fallback_fraction:0.0 - aha/u_mean:-0.8201701650104951 - aha/u_neg_valley_frac:0.5473796037646631 - aha/floor_clamped_frac:0.5473796037646631 - aha/q_tail_mass:0.008722945093306103 - aha/u_centered_mean:-0.6330215734584878 - aha/u_centered_absmean:1.0910212186475594 - aha/u_centered_wmean:-1.1720418283903827e-08 - aha/argmax_conf:0.9367840886116028 - self_distillation/raw_jsd_token_mean:0.23910759819167046 - self_distillation/weighted_jsd_token_mean:0.23910759819167046 - self_distillation/self_distillation_mask.mean():1.0 - self_distillation/num_distill_tokens:220.77083333333334 - self_distillation/empty_target_batch:0.0 - actor/grad_norm:1.1283272504806519 - timing_s/update_actor/student_forward:52.975126583944075 - timing_s/update_actor/teacher_forward:73.14489175908966 - timing_s/update_actor/teacher_full_forward:0.0 - timing_s/update_actor/teacher_null_forward:54.9486102971714 - timing_s/update_actor/loss_compute:0.056289436179213226 - timing_s/update_actor/backward:86.50881791108986 - timing_s/update_actor/optimizer_step:0.08559719700133428 - timing_s/update_actor/teacher_ema_update:5.4334988817572594e-05 - perf/mfu/actor:0.0 - perf/max_memory_allocated_gb:83.66352033615112 - perf/max_memory_reserved_gb:95.115234375 - perf/cpu_memory_used_gb:346.26443099975586 - actor/lr:2e-06 - training/global_step:14 - training/epoch:0 - response_length/mean:220.7708282470703 - response_length/max:1024.0 - response_length/min:4.0 - response_length/clip_ratio:0.0625 - response_length_non_aborted/mean:220.7708282470703 - response_length_non_aborted/max:1024.0 - response_length_non_aborted/min:4.0 - response_length_non_aborted/clip_ratio:0.0625 - response/aborted_ratio:0.0 - prompt_length/mean:3389.4375 - prompt_length/max:3960.0 - prompt_length/min:3155.0 - prompt_length/clip_ratio:0.0 - num_turns/min:2 - num_turns/max:2 - num_turns/mean:2.0 - timing_s/start_profile:3.118300810456276e-05 - timing_s/agent_loop/generate_sequences/min:6.1158176779863425 - timing_s/agent_loop/generate_sequences/max:25.388188538025133 - timing_s/agent_loop/generate_sequences/mean:15.18976194722139 - timing_s/agent_loop/tool_calls/min:0.0 - timing_s/agent_loop/tool_calls/max:0.0 - timing_s/agent_loop/tool_calls/mean:0.0 - timing_s/agent_loop/slowest/generate_sequences:25.388188538025133 - timing_s/agent_loop/slowest/tool_calls:0.0 - timing_s/agent_loop/slowest/prompt_length:3162 - timing_s/agent_loop/slowest/response_length:1024 - timing_s/gen:37.47165118798148 - timing_s/adv:20.510968714021146 - timing_s/update_actor:307.50381925998954 - timing_s/dump_rollout_generations:0.4909342100145295 - timing_s/step:366.0017221010057 - timing_s/stop_profile:3.220397047698498e-05 - timing_per_token_ms/gen:1.768031102575327 - timing_per_token_ms/adv:0.059181051168622385 - timing_per_token_ms/update_actor:0.8872520608805746 - perf/total_num_tokens:346580 - perf/time_per_step:366.0017221010057 - perf/throughput:473.46771759772497
[36m(TaskRunner pid=745489)[0m Dumped generations to /sfs/weka/scratch/nkw3mr/Vision-OPD-OPSA/rollouts/Aha-center-floor-Qwen3.5-4B-6karmA/15.jsonl
[36m(TaskRunner pid=745489)[0m local_global_step_folder: /sfs/weka/scratch/nkw3mr/Vision-OPD-OPSA/checkpoints/Aha-center-floor-Qwen3.5-4B-6karmA/global_step_15
[36m(TaskRunner pid=745489)[0m step:15 - global_seqlen/min:344681 - global_seqlen/max:344681 - global_seqlen/minmax_diff:0 - global_seqlen/balanced_min:344681 - global_seqlen/balanced_max:344681 - global_seqlen/mean:344681.0 - self_distillation/teacher_always_on_fraction:1.0 - self_distillation/teacher_image_swap_fraction:1.0 - self_distillation/policy_fallback_fraction:0.0 - self_distillation/grpo_fallback_count:0.0 - rollout_corr/rollout_is_mean:1.0 - rollout_corr/rollout_is_ratio_fraction_high:0.0 - rollout_corr/rollout_is_ratio_fraction_low:0.0 - rollout_corr/rollout_is_max:1.0 - rollout_corr/rollout_is_min:1.0 - rollout_corr/rollout_is_std:0.0 - rollout_corr/rollout_is_eff_sample_size:1.0 - rollout_corr/rollout_is_seq_mean:1.0 - rollout_corr/rollout_is_seq_std:0.0 - rollout_corr/rollout_is_seq_max:1.0 - rollout_corr/rollout_is_seq_min:1.0 - rollout_corr/rollout_is_seq_max_deviation:0.0 - rollout_corr/rollout_is_seq_fraction_high:0.0 - rollout_corr/rollout_is_seq_fraction_low:0.0 - rollout_corr/training_ppl:2.7246271868546805 - rollout_corr/training_log_ppl:0.9345849103604754 - rollout_corr/kl:-0.002649804187361345 - rollout_corr/k3_kl:0.03964412542700302 - rollout_corr/rollout_ppl:2.705851625651121 - rollout_corr/rollout_log_ppl:0.9372347185077766 - rollout_corr/log_ppl_diff:-0.0026498081473012767 - rollout_corr/log_ppl_abs_diff:0.05217438144609332 - rollout_corr/log_ppl_diff_max:0.4049091935157776 - rollout_corr/log_ppl_diff_min:-0.31584882736206055 - rollout_corr/ppl_ratio:1.0011793623367946 - rollout_corr/chi2_token:0.21208584681153297 - rollout_corr/chi2_seq:2.0712971643855176 - actor/pg_loss:0.193594068531335 - actor/kl_loss:0.0 - actor/grpo_loss:0.0 - actor/vopd_loss:0.193594068531335 - actor/vopd_loss_weighted:0.193594068531335 - actor/policy_fallback_fraction:0.0 - aha/u_mean:-0.8218587279237303 - aha/u_neg_valley_frac:0.5289304807471732 - aha/floor_clamped_frac:0.5289304807471732 - aha/q_tail_mass:0.010674798314984931 - aha/u_centered_mean:-0.5479731586334916 - aha/u_centered_absmean:0.9509199870129427 - aha/u_centered_wmean:-1.6022972186326607e-08 - aha/argmax_conf:0.9708192348480225 - self_distillation/raw_jsd_token_mean:0.193594068531335 - self_distillation/weighted_jsd_token_mean:0.193594068531335 - self_distillation/self_distillation_mask.mean():1.0 - self_distillation/num_distill_tokens:207.78125 - self_distillation/empty_target_batch:0.0 - actor/grad_norm:0.9183027148246765 - timing_s/update_actor/student_forward:56.29812854755437 - timing_s/update_actor/teacher_forward:72.13663944078144 - timing_s/update_actor/teacher_full_forward:0.0 - timing_s/update_actor/teacher_null_forward:52.95015605801018 - timing_s/update_actor/loss_compute:0.05640506377676502 - timing_s/update_actor/backward:86.1062085260055 - timing_s/update_actor/optimizer_step:0.0851334510371089 - timing_s/update_actor/teacher_ema_update:3.538897726684809e-05 - perf/mfu/actor:0.0 - perf/max_memory_allocated_gb:83.66352033615112 - perf/max_memory_reserved_gb:95.115234375 - perf/cpu_memory_used_gb:346.60478591918945 - actor/lr:2e-06 - training/global_step:15 - training/epoch:0 - response_length/mean:207.78125 - response_length/max:1024.0 - response_length/min:4.0 - response_length/clip_ratio:0.0416666679084301 - response_length_non_aborted/mean:207.78125 - response_length_non_aborted/max:1024.0 - response_length_non_aborted/min:4.0 - response_length_non_aborted/clip_ratio:0.0416666679084301 - response/aborted_ratio:0.0 - prompt_length/mean:3382.645751953125 - prompt_length/max:3970.0 - prompt_length/min:3156.0 - prompt_length/clip_ratio:0.0 - num_turns/min:2 - num_turns/max:2 - num_turns/mean:2.0 - timing_s/start_profile:4.070496652275324e-05 - timing_s/agent_loop/generate_sequences/min:3.666858309006784 - timing_s/agent_loop/generate_sequences/max:25.812730787030887 - timing_s/agent_loop/generate_sequences/mean:14.458315878240683 - timing_s/agent_loop/tool_calls/min:0.0 - timing_s/agent_loop/tool_calls/max:0.0 - timing_s/agent_loop/tool_calls/mean:0.0 - timing_s/agent_loop/slowest/generate_sequences:25.812730787030887 - timing_s/agent_[36m(TaskRunner pid=745489)[0m Training Progress:  29%|██▉       | 15/51 [1:32:39<3:46:14, 377.06s/it]
[36m(WorkerDict pid=798195)[0m /sfs/weka/scratch/nkw3mr/Vision-OPD-OPSA/verl/utils/device.py:134: FutureWarning: torch.cuda._set_allocator_settings is deprecated. Use torch._C._accelerator_setAllocatorSettings instead.
[36m(WorkerDict pid=798195)[0m   torch.cuda.memory._set_allocator_settings(f"expandable_segments:{enable}")
[36m(TaskRunner pid=745489)[0m Training Progress:  31%|███▏      | 16/51 [1:38:48<3:38:34, 374.69s/it]
[36m(WorkerDict pid=798191)[0m /sfs/weka/scratch/nkw3mr/Vision-OPD-OPSA/verl/utils/device.py:134: FutureWarning: torch.cuda._set_allocator_settings is deprecated. Use torch._C._accelerator_setAllocatorSettings instead.
[36m(WorkerDict pid=798191)[0m   torch.cuda.memory._set_allocator_settings(f"expandable_segments:{enable}")
loop/slowest/tool_calls:0.0 - timing_s/agent_loop/slowest/prompt_length:3390 - timing_s/agent_loop/slowest/response_length:1024 - timing_s/gen:36.62601344496943 - timing_s/adv:21.398391355003696 - timing_s/update_actor:307.90700510900933 - timing_s/dump_rollout_generations:0.053470963961444795 - timing_s/step:366.0132810449577 - timing_s/save_checkpoint:19.117378841969185 - timing_s/stop_profile:2.914003562182188e-05 - timing_per_token_ms/gen:1.836166513509271 - timing_per_token_ms/adv:0.06208172587117856 - timing_per_token_ms/update_actor:0.8933100609230255 - perf/total_num_tokens:344681 - perf/time_per_step:366.0132810449577 - perf/throughput:470.8585970103945
[36m(TaskRunner pid=745489)[0m Dumped generations to /sfs/weka/scratch/nkw3mr/Vision-OPD-OPSA/rollouts/Aha-center-floor-Qwen3.5-4B-6karmA/16.jsonl
[36m(TaskRunner pid=745489)[0m step:16 - global_seqlen/min:345267 - global_seqlen/max:345267 - global_seqlen/minmax_diff:0 - global_seqlen/balanced_min:345267 - global_seqlen/balanced_max:345267 - global_seqlen/mean:345267.0 - self_distillation/teacher_always_on_fraction:1.0 - self_distillation/teacher_image_swap_fraction:1.0 - self_distillation/policy_fallback_fraction:0.0 - self_distillation/grpo_fallback_count:0.0 - rollout_corr/rollout_is_mean:1.0 - rollout_corr/rollout_is_ratio_fraction_high:0.0 - rollout_corr/rollout_is_ratio_fraction_low:0.0 - rollout_corr/rollout_is_max:1.0 - rollout_corr/rollout_is_min:1.0 - rollout_corr/rollout_is_std:0.0 - rollout_corr/rollout_is_eff_sample_size:1.0 - rollout_corr/rollout_is_seq_mean:1.0 - rollout_corr/rollout_is_seq_std:0.0 - rollout_corr/rollout_is_seq_max:1.0 - rollout_corr/rollout_is_seq_min:1.0 - rollout_corr/rollout_is_seq_max_deviation:0.0 - rollout_corr/rollout_is_seq_fraction_high:0.0 - rollout_corr/rollout_is_seq_fraction_low:0.0 - rollout_corr/training_ppl:2.7195234820246696 - rollout_corr/training_log_ppl:0.9182409779168665 - rollout_corr/kl:0.0010575583777002369 - rollout_corr/k3_kl:0.028430653444956988 - rollout_corr/rollout_ppl:2.6874213529129825 - rollout_corr/rollout_log_ppl:0.9171834272953371 - rollout_corr/log_ppl_diff:0.0010575506215294201 - rollout_corr/log_ppl_abs_diff:0.04380694000671307 - rollout_corr/log_ppl_diff_max:0.06654691696166992 - rollout_corr/log_ppl_diff_min:-0.22786396741867065 - rollout_corr/ppl_ratio:1.0028528744975727 - rollout_corr/chi2_token:0.13251952392359576 - rollout_corr/chi2_seq:0.24981619976460934 - actor/pg_loss:0.18783068752478965 - actor/kl_loss:0.0 - actor/grpo_loss:0.0 - actor/vopd_loss:0.18783068752478965 - actor/vopd_loss_weighted:0.18783068752478965 - actor/policy_fallback_fraction:0.0 - aha/u_mean:-1.0712230918191683 - aha/u_neg_valley_frac:0.5320582975012561 - aha/floor_clamped_frac:0.5320582975012561 - aha/q_tail_mass:0.014014797941115376 - aha/u_centered_mean:-0.6466943202928329 - aha/u_centered_absmean:1.0149029685805242 - aha/u_centered_wmean:-2.4340194558087242e-08 - aha/argmax_conf:0.9555714726448059 - self_distillation/raw_jsd_token_mean:0.18783068752478962 - self_distillation/weighted_jsd_token_mean:0.18783068752478962 - self_distillation/self_distillation_mask.mean():1.0 - self_distillation/num_distill_tokens:175.96875 - self_distillation/empty_target_batch:0.0 - actor/grad_norm:0.983249306678772 - timing_s/update_actor/student_forward:46.8026612700196 - timing_s/update_actor/teacher_forward:74.21301176876295 - timing_s/update_actor/teacher_full_forward:0.0 - timing_s/update_actor/teacher_null_forward:54.00781223276863 - timing_s/update_actor/loss_compute:0.05859087797580287 - timing_s/update_actor/backward:92.81725723674754 - timing_s/update_actor/optimizer_step:0.08517709199804813 - timing_s/update_actor/teacher_ema_update:4.9637979827821255e-05 - perf/mfu/actor:0.0 - perf/max_memory_allocated_gb:83.66352033615112 - perf/max_memory_reserved_gb:95.115234375 - perf/cpu_memory_used_gb:347.0321617126465 - actor/lr:2e-06 - training/global_step:16 - training/epoch:0 - response_length/mean:175.96875 - response_length/max:1024.0 - response_length/min:4.0 - response_length/clip_ratio:0.03125 - response_length_non_aborted/mean:175.96875 - response_length_non_aborted/max:1024.0 - response_length_non_aborted/min:4.0 - response_length_non_aborted/clip_ratio:0.03125 - response/aborted_ratio:0.0 - prompt_length/mean:3420.5625 - prompt_length/max:4018.0 - prompt_length/min:3171.0 - prompt_length/clip_ratio:0.0 - num_turns/min:2 - num_turns/max:2 - num_turns/mean:2.0 - timing_s/start_profile:2.8148991987109184e-05 - timing_s/agent_loop/generate_sequences/min:1.6071702300105244 - timing_s/agent_loop/generate_sequences/max:25.18798833503388 - timing_s/agent_loop/generate_sequences/mean:14.060895911637393 - timing_s/agent_loop/tool_calls/min:0.0 - timing_s/agent_loop/tool_calls/max:0.0 - timing_s/agent_loop/tool_calls/mean:0.0 - timing_s/agent_loop/slowest/generate_sequences:25.18798833503388 - timing_s/agent_loop/slowest/tool_calls:0.0 - timing_s/agent_loop/slowest/prompt_length:3343 - timing_s/agent_loop/slowest/response_length:1024 - timing_s/gen:37.38399960298557 - timing_s/adv:25.340322125004604 - timing_s/update_actor:306.0270652259933 - timing_s/dump_rollout_generations:0.06332809798186645 - timing_s/step:368.8401336039533 - timing_s/stop_profile:2.9740971513092518e-05 - timing_per_token_ms/gen:2.2129876045098897 - timing_per_token_ms/adv:0.0733934089414992 - timing_per_token_ms/update_actor:0.886349014606068 - perf/total_num_tokens:345267 - perf/time_per_step:368.8401336039533 - perf/throughput:468.0442399616073
[36m(TaskRunner pid=745489)[0m Dumped generations to /sfs/weka/scratch/nkw3mr/Vision-OPD-OPSA/rollouts/Aha-center-floor-Qwen3.5-4B-6karmA/17.jsonl
[36m(TaskRunner pid=745489)[0m step:17 - global_seqlen/min:347803 - global_seqlen/max:347803 - global_seqlen/minmax_diff:0 - global_seqlen/balanced_min:347803 - global_seqlen/balanced_max:347803 - global_seqlen/mean:347803.0 - self_distillation/teacher_always_on_fraction:1.0 - self_distillation/teacher_image_swap_fraction:1.0 - self_distillation/policy_fallback_fraction:0.0 - self_distillation/grpo_fallback_count:0.0 - rollout_corr/rollout_is_mean:1.0 - rollout_corr/rollout_is_ratio_fraction_high:0.0 - rollout_corr/rollout_is_ratio_fraction_low:0.0 - rollout_corr/rollout_is_max:1.0 - rollout_corr/rollout_is_min:1.0 - rollout_corr/rollout_is_std:0.0 - rollout_corr/rollout_is_eff_sample_size:1.0 - rollout_corr/rollout_is_seq_mean:1.0 - rollout_corr/rollout_is_seq_std:0.0 - rollout_corr/rollout_is_seq_max:1.0 - rollout_corr/rollout_is_seq_min:1.0 - rollout_corr/rollout_is_seq_max_deviation:0.0 - rollout_corr/rollout_is_seq_fraction_high:0.0 - rollout_corr/rollout_is_seq_fraction_low:0.0 - rollout_corr/training_ppl:3.008516751229763 - rollout_corr/training_log_ppl:1.0306612964098651 - rollout_corr/kl:0.022295840562340647 - rollout_corr/k3_kl:0.026972669382454722 - rollout_corr/rollout_ppl:2.928973456223806 - rollout_corr/rollout_log_ppl:1.0083654513582587 - rollout_corr/log_ppl_diff:0.022295845051606495 - rollout_corr/log_ppl_abs_diff:0.03127696178853512 - rollout_corr/log_ppl_diff_max:0.08937114477157593 - rollout_corr/log_ppl_diff_min:-0.1751982569694519 - rollout_corr/ppl_ratio:1.0231419863800209 - rollout_corr/chi2_token:0.0714587103575468 - rollout_corr/chi2_seq:-0.16517252288758755 - actor/pg_loss:0.21433780447841852 - actor/kl_loss:0.0 - actor/grpo_loss:0.0 - actor/vopd_loss:0.21433780447841852 - actor/vopd_loss_weighted:0.21433780447841852 - actor/policy_fallback_fraction:0.0 - aha/u_mean:-0.8647226501343539 - aha/u_neg_valley_frac:0.5484812601159016 - aha/floor_clamped_frac:0.5484812601159016 - aha/q_tail_mass:0.009358061124013753 - aha/u_centered_mean:-0.6402259039847801 - aha/u_centered_absmean:1.0401069143166144 - aha/u_centered_wmean:-1.6925313599142993e-08 - aha/argmax_conf:0.9642190933227539 - self_distillation/raw_jsd_token_mean:0.21433780447841855 - self_distillation/weighted_jsd_token_mean:0.21433780447841855 - self_distillation/self_distillation_mask.mean():1.0 - self_distillation/num_distill_tokens:178.86458333333334 - self_distillation/empty_target_batch:0.0 - actor/grad_norm:1.1902697086334229 - timing_s/update_actor/student_forward:48.84069990291027 - timing_s/update_actor/teacher_forward:74.53253171598772 - timing_s/update_actor/teacher_full_forward:0.0 - timing_s/update_actor/teacher_null_forward:53.61606143193785 - timing_s/update_actor/loss_compute:0.056980131776072085 - timing_s/update_actor/backward:94.10842569300439 - timing_s/update_actor/optimizer_step:0.08529223199002445 - timing_s/update_actor/teacher_ema_update:4.721502773463726e-05 - perf/mfu/actor:0.0 - perf/max_memory_allocated_gb:83.99814510345459 - perf/max_memory_reserved_gb:96.5 - perf/cpu_memory_used_gb:345.27273178100586 - actor/lr:2e-06 - training/global_step:17 - training/epoch:0 - response_length/mean:178.8645782470703 - response_length/max:1024.0 - response_length/min:4.0 - response_length/clip_ratio:0.03125 - response_length_non_aborted/mean:178.8645782470703 - response_length_non_aborted/max:1024.0 - response_length_non_aborted/min:4.0 - response_length_non_aborted/clip_ratio:0.03125 - response/aborted_ratio:0.0 - prompt_length/mean:3444.083251953125 - prompt_length/max:5887.0 - prompt_length/min:3204.0 - prompt_length/clip_ratio:0.0 - num_turns/min:2 - num_turns/max:2 - num_turns/mean:2.0 - timing_s/start_profile:4.6733999624848366e-05 - timing_s/agent_loop/generate_sequences/min:5.746849560993724 - timing_s/agent_loop/generate_sequences/max:25.93109833804192 - timing_s/agent_loop/generate_sequences/mean:14.77670627058554 - timing_s/agent_loop/tool_calls/min:0.0 - timing_s/agent_loop/tool_calls/max:0.0 - timing_s/agent_loop/tool_calls/mean:0.0 - timing_s/agent_loop/slowest/generate_sequences:25.93109833804192 - timing_s/ag[36m(TaskRunner pid=745489)[0m Training Progress:  33%|███▎      | 17/51 [1:44:55<3:31:04, 372.48s/it]
[36m(TaskRunner pid=745489)[0m Training Progress:  35%|███▌      | 18/51 [1:51:05<3:24:27, 371.74s/it]
ent_loop/slowest/tool_calls:0.0 - timing_s/agent_loop/slowest/prompt_length:3345 - timing_s/agent_loop/slowest/response_length:1024 - timing_s/gen:35.903595606971066 - timing_s/adv:21.889982866006903 - timing_s/update_actor:309.1167453020462 - timing_s/dump_rollout_generations:0.056340879993513227 - timing_s/step:366.99322156899143 - timing_s/stop_profile:2.9199989512562752e-05 - timing_per_token_ms/gen:2.090943777704913 - timing_per_token_ms/adv:0.06293787824143812 - timing_per_token_ms/update_actor:0.8887696348278945 - perf/total_num_tokens:347803 - perf/time_per_step:366.99322156899143 - perf/throughput:473.85480106833
[36m(TaskRunner pid=745489)[0m Dumped generations to /sfs/weka/scratch/nkw3mr/Vision-OPD-OPSA/rollouts/Aha-center-floor-Qwen3.5-4B-6karmA/18.jsonl
[36m(TaskRunner pid=745489)[0m step:18 - global_seqlen/min:346109 - global_seqlen/max:346109 - global_seqlen/minmax_diff:0 - global_seqlen/balanced_min:346109 - global_seqlen/balanced_max:346109 - global_seqlen/mean:346109.0 - self_distillation/teacher_always_on_fraction:1.0 - self_distillation/teacher_image_swap_fraction:1.0 - self_distillation/policy_fallback_fraction:0.0 - self_distillation/grpo_fallback_count:0.0 - rollout_corr/rollout_is_mean:1.0 - rollout_corr/rollout_is_ratio_fraction_high:0.0 - rollout_corr/rollout_is_ratio_fraction_low:0.0 - rollout_corr/rollout_is_max:1.0 - rollout_corr/rollout_is_min:1.0 - rollout_corr/rollout_is_std:0.0 - rollout_corr/rollout_is_eff_sample_size:1.0 - rollout_corr/rollout_is_seq_mean:1.0 - rollout_corr/rollout_is_seq_std:0.0 - rollout_corr/rollout_is_seq_max:1.0 - rollout_corr/rollout_is_seq_min:1.0 - rollout_corr/rollout_is_seq_max_deviation:0.0 - rollout_corr/rollout_is_seq_fraction_high:0.0 - rollout_corr/rollout_is_seq_fraction_low:0.0 - rollout_corr/training_ppl:2.974360305815935 - rollout_corr/training_log_ppl:1.0331686309849222 - rollout_corr/kl:0.02480525138404725 - rollout_corr/k3_kl:0.02910607258672826 - rollout_corr/rollout_ppl:2.893045835196972 - rollout_corr/rollout_log_ppl:1.0083633757506807 - rollout_corr/log_ppl_diff:0.024805255234241486 - rollout_corr/log_ppl_abs_diff:0.035868446032206215 - rollout_corr/log_ppl_diff_max:0.19224011898040771 - rollout_corr/log_ppl_diff_min:-0.16419589519500732 - rollout_corr/ppl_ratio:1.0260139635453622 - rollout_corr/chi2_token:0.07529403020938237 - rollout_corr/chi2_seq:0.017324357603987057 - actor/pg_loss:0.2331579825404333 - actor/kl_loss:0.0 - actor/grpo_loss:0.0 - actor/vopd_loss:0.2331579825404333 - actor/vopd_loss_weighted:0.2331579825404333 - actor/policy_fallback_fraction:0.0 - aha/u_mean:-0.8811271184046442 - aha/u_neg_valley_frac:0.5356351615240177 - aha/floor_clamped_frac:0.5356351615240177 - aha/q_tail_mass:0.010336293641188377 - aha/u_centered_mean:-0.6409038012692084 - aha/u_centered_absmean:1.0769753043229382 - aha/u_centered_wmean:-1.320540125050266e-08 - aha/argmax_conf:0.9718273878097534 - self_distillation/raw_jsd_token_mean:0.2331579825404333 - self_distillation/weighted_jsd_token_mean:0.2331579825404333 - self_distillation/self_distillation_mask.mean():1.0 - self_distillation/num_distill_tokens:192.69791666666666 - self_distillation/empty_target_batch:0.0 - actor/grad_norm:1.0103542804718018 - timing_s/update_actor/student_forward:46.39743046811782 - timing_s/update_actor/teacher_forward:72.91517944668885 - timing_s/update_actor/teacher_full_forward:0.0 - timing_s/update_actor/teacher_null_forward:56.88370499917073 - timing_s/update_actor/loss_compute:0.058071492763701826 - timing_s/update_actor/backward:93.93891202821396 - timing_s/update_actor/optimizer_step:0.08576905698282644 - timing_s/update_actor/teacher_ema_update:5.8120000176131725e-05 - perf/mfu/actor:0.0 - perf/max_memory_allocated_gb:83.99814510345459 - perf/max_memory_reserved_gb:96.5 - perf/cpu_memory_used_gb:347.22079849243164 - actor/lr:2e-06 - training/global_step:18 - training/epoch:0 - response_length/mean:192.6979217529297 - response_length/max:1024.0 - response_length/min:4.0 - response_length/clip_ratio:0.0520833320915699 - response_length_non_aborted/mean:192.6979217529297 - response_length_non_aborted/max:1024.0 - response_length_non_aborted/min:4.0 - response_length_non_aborted/clip_ratio:0.0520833320915699 - response/aborted_ratio:0.0 - prompt_length/mean:3412.604248046875 - prompt_length/max:4477.0 - prompt_length/min:3207.0 - prompt_length/clip_ratio:0.0 - num_turns/min:2 - num_turns/max:2 - num_turns/mean:2.0 - timing_s/start_profile:3.328599268570542e-05 - timing_s/agent_loop/generate_sequences/min:4.735916309000459 - timing_s/agent_loop/generate_sequences/max:24.37666434899438 - timing_s/agent_loop/generate_sequences/mean:14.346665372022471 - timing_s/agent_loop/tool_calls/min:0.0 - timing_s/agent_loop/tool_calls/max:0.0 - timing_s/agent_loop/tool_calls/mean:0.0 - timing_s/agent_loop/slowest/generate_sequences:24.37666434899438 - timing_s/agent_loop/slowest/tool_calls:0.0 - timing_s/agent_loop/slowest/prompt_length:4477 - timing_s/agent_loop/slowest/response_length:1024 - timing_s/gen:37.01888415002031 - timing_s/adv:23.641426910005976 - timing_s/update_actor:308.936531831976 - timing_s/dump_rollout_generations:0.057214219006709754 - timing_s/step:369.6792468620115 - timing_s/stop_profile:2.8698996175080538e-05 - timing_per_token_ms/gen:2.0011289339975304 - timing_per_token_ms/adv:0.06830630497908455 - timing_per_token_ms/update_actor:0.8925989553348108 - perf/total_num_tokens:346109 - perf/time_per_step:369.6792468620115 - perf/throughput:468.1206788559469
[36m(TaskRunner pid=745489)[0m Dumped generations to /sfs/weka/scratch/nkw3mr/Vision-OPD-OPSA/rollouts/Aha-center-floor-Qwen3.5-4B-6karmA/19.jsonl
[36m(TaskRunner pid=745489)[0m step:19 - global_seqlen/min:337608 - global_seqlen/max:337608 - global_seqlen/minmax_diff:0 - global_seqlen/balanced_min:337608 - global_seqlen/balanced_max:337608 - global_seqlen/mean:337608.0 - self_distillation/teacher_always_on_fraction:1.0 - self_distillation/teacher_image_swap_fraction:1.0 - self_distillation/policy_fallback_fraction:0.0 - self_distillation/grpo_fallback_count:0.0 - rollout_corr/rollout_is_mean:1.0 - rollout_corr/rollout_is_ratio_fraction_high:0.0 - rollout_corr/rollout_is_ratio_fraction_low:0.0 - rollout_corr/rollout_is_max:1.0 - rollout_corr/rollout_is_min:1.0 - rollout_corr/rollout_is_std:0.0 - rollout_corr/rollout_is_eff_sample_size:1.0 - rollout_corr/rollout_is_seq_mean:1.0 - rollout_corr/rollout_is_seq_std:0.0 - rollout_corr/rollout_is_seq_max:1.0 - rollout_corr/rollout_is_seq_min:1.0 - rollout_corr/rollout_is_seq_max_deviation:0.0 - rollout_corr/rollout_is_seq_fraction_high:0.0 - rollout_corr/rollout_is_seq_fraction_low:0.0 - rollout_corr/training_ppl:3.214634789774815 - rollout_corr/training_log_ppl:1.0763701990557213 - rollout_corr/kl:0.022731223260961997 - rollout_corr/k3_kl:0.03433006219249061 - rollout_corr/rollout_ppl:3.142218509068092 - rollout_corr/rollout_log_ppl:1.0536389860014121 - rollout_corr/log_ppl_diff:0.02273121305430929 - rollout_corr/log_ppl_abs_diff:0.03848737214381496 - rollout_corr/log_ppl_diff_max:0.11723494529724121 - rollout_corr/log_ppl_diff_min:-0.27454257011413574 - rollout_corr/ppl_ratio:1.0240957972904046 - rollout_corr/chi2_token:0.16004042886197567 - rollout_corr/chi2_seq:2.2447801853219667 - actor/pg_loss:0.24021498920046727 - actor/kl_loss:0.0 - actor/grpo_loss:0.0 - actor/vopd_loss:0.24021498920046727 - actor/vopd_loss_weighted:0.24021498920046727 - actor/policy_fallback_fraction:0.0 - aha/u_mean:-0.9183559066344363 - aha/u_neg_valley_frac:0.5322038067194322 - aha/floor_clamped_frac:0.5322038067194322 - aha/q_tail_mass:0.009643839093579723 - aha/u_centered_mean:-0.6779793947256015 - aha/u_centered_absmean:1.112504848279059 - aha/u_centered_wmean:-1.0761299561237262e-08 - aha/argmax_conf:0.9650102853775024 - self_distillation/raw_jsd_token_mean:0.24021498920046724 - self_distillation/weighted_jsd_token_mean:0.24021498920046724 - self_distillation/self_distillation_mask.mean():1.0 - self_distillation/num_distill_tokens:132.10416666666666 - self_distillation/empty_target_batch:0.0 - actor/grad_norm:0.9211639165878296 - timing_s/update_actor/student_forward:47.203446103143506 - timing_s/update_actor/teacher_forward:75.02393461065367 - timing_s/update_actor/teacher_full_forward:0.0 - timing_s/update_actor/teacher_null_forward:54.50520287489053 - timing_s/update_actor/loss_compute:0.058534559328109026 - timing_s/update_actor/backward:92.90034294006182 - timing_s/update_actor/optimizer_step:0.08554158703191206 - timing_s/update_actor/teacher_ema_update:5.253194831311703e-05 - perf/mfu/actor:0.0 - perf/max_memory_allocated_gb:83.99814510345459 - perf/max_memory_reserved_gb:96.5 - perf/cpu_memory_used_gb:345.978515625 - actor/lr:2e-06 - training/global_step:19 - training/epoch:0 - response_length/mean:132.1041717529297 - response_length/max:1024.0 - response_length/min:3.0 - response_length/clip_ratio:0.010416666977107525 - response_length_non_aborted/mean:132.1041717529297 - response_length_non_aborted/max:1024.0 - response_length_non_aborted/min:3.0 - response_length_non_aborted/clip_ratio:0.010416666977107525 - response/aborted_ratio:0.0 - prompt_length/mean:3384.645751953125 - prompt_length/max:3959.0 - prompt_length/min:3342.0 - prompt_length/clip_ratio:0.0 - num_turns/min:2 - num_turns/max:2 - num_turns/mean:2.0 - timing_s/start_profile:4.010502016171813e-05 - timing_s/agent_loop/generate_sequences/min:4.690047784999479 - timing_s/agent_loop/generate_sequences/max:22.249724977998994 - timing_s/agent_loop/generate_sequences/mean:13.437799444272363 - timing_s/agent_loop/tool_calls/min:0.0 - timing_s/agent_loop/tool_calls/max:0.0 - timing_s/agent_loop/tool_calls/mean:0.0 - timing_s/agent_loop/slowest/generate_sequences:22.24972497[36m(TaskRunner pid=745489)[0m Training Progress:  37%|███▋      | 19/51 [1:57:16<3:18:07, 371.49s/it]
[36m(TaskRunner pid=745489)[0m Training Progress:  39%|███▉      | 20/51 [2:03:46<3:14:41, 376.83s/it]
[36m(WorkerDict pid=798195)[0m /sfs/weka/scratch/nkw3mr/Vision-OPD-OPSA/verl/utils/device.py:134: FutureWarning: torch.cuda._set_allocator_settings is deprecated. Use torch._C._accelerator_setAllocatorSettings instead.
[36m(WorkerDict pid=798195)[0m   torch.cuda.memory._set_allocator_settings(f"expandable_segments:{enable}")
7998994 - timing_s/agent_loop/slowest/tool_calls:0.0 - timing_s/agent_loop/slowest/prompt_length:3343 - timing_s/agent_loop/slowest/response_length:1024 - timing_s/gen:34.04130919801537 - timing_s/adv:28.607635685009882 - timing_s/update_actor:307.4106168510043 - timing_s/dump_rollout_generations:0.4842165079899132 - timing_s/step:370.57313441002043 - timing_s/stop_profile:2.388301072642207e-05 - timing_per_token_ms/gen:2.6842224568692137 - timing_per_token_ms/adv:0.08473624939281617 - timing_per_token_ms/update_actor:0.9105548945848567 - perf/total_num_tokens:337608 - perf/time_per_step:370.57313441002043 - perf/throughput:455.5214189197723
[36m(TaskRunner pid=745489)[0m Dumped generations to /sfs/weka/scratch/nkw3mr/Vision-OPD-OPSA/rollouts/Aha-center-floor-Qwen3.5-4B-6karmA/20.jsonl
[36m(TaskRunner pid=745489)[0m local_global_step_folder: /sfs/weka/scratch/nkw3mr/Vision-OPD-OPSA/checkpoints/Aha-center-floor-Qwen3.5-4B-6karmA/global_step_20
[36m(TaskRunner pid=745489)[0m step:20 - global_seqlen/min:339171 - global_seqlen/max:339171 - global_seqlen/minmax_diff:0 - global_seqlen/balanced_min:339171 - global_seqlen/balanced_max:339171 - global_seqlen/mean:339171.0 - self_distillation/teacher_always_on_fraction:1.0 - self_distillation/teacher_image_swap_fraction:1.0 - self_distillation/policy_fallback_fraction:0.0 - self_distillation/grpo_fallback_count:0.0 - rollout_corr/rollout_is_mean:1.0 - rollout_corr/rollout_is_ratio_fraction_high:0.0 - rollout_corr/rollout_is_ratio_fraction_low:0.0 - rollout_corr/rollout_is_max:1.0 - rollout_corr/rollout_is_min:1.0 - rollout_corr/rollout_is_std:0.0 - rollout_corr/rollout_is_eff_sample_size:1.0 - rollout_corr/rollout_is_seq_mean:1.0 - rollout_corr/rollout_is_seq_std:0.0 - rollout_corr/rollout_is_seq_max:1.0 - rollout_corr/rollout_is_seq_min:1.0 - rollout_corr/rollout_is_seq_max_deviation:0.0 - rollout_corr/rollout_is_seq_fraction_high:0.0 - rollout_corr/rollout_is_seq_fraction_low:0.0 - rollout_corr/training_ppl:3.0509939367572465 - rollout_corr/training_log_ppl:1.0209885550041993 - rollout_corr/kl:0.02168953398904705 - rollout_corr/k3_kl:0.030693629926342208 - rollout_corr/rollout_ppl:2.9700996801257133 - rollout_corr/rollout_log_ppl:0.9992990085544685 - rollout_corr/log_ppl_diff:0.021689546449730795 - rollout_corr/log_ppl_abs_diff:0.03780094829077522 - rollout_corr/log_ppl_diff_max:0.1089773178100586 - rollout_corr/log_ppl_diff_min:-0.11673000454902649 - rollout_corr/ppl_ratio:1.0227603732297819 - rollout_corr/chi2_token:0.12598601542413235 - rollout_corr/chi2_seq:0.4637038813283046 - actor/pg_loss:0.22463265398012788 - actor/kl_loss:0.0 - actor/grpo_loss:0.0 - actor/vopd_loss:0.22463265398012788 - actor/vopd_loss_weighted:0.22463265398012788 - actor/policy_fallback_fraction:0.0 - aha/u_mean:-1.0003079191665165 - aha/u_neg_valley_frac:0.5354905010511478 - aha/floor_clamped_frac:0.5354905010511478 - aha/q_tail_mass:0.009899250877992927 - aha/u_centered_mean:-0.6707878985907882 - aha/u_centered_absmean:1.0823145780401926 - aha/u_centered_wmean:-1.6388855459658253e-08 - aha/argmax_conf:0.9535344839096069 - self_distillation/raw_jsd_token_mean:0.22463265398012786 - self_distillation/weighted_jsd_token_mean:0.22463265398012786 - self_distillation/self_distillation_mask.mean():1.0 - self_distillation/num_distill_tokens:131.80208333333334 - self_distillation/empty_target_batch:0.0 - actor/grad_norm:1.5165252685546875 - timing_s/update_actor/student_forward:46.822450187872164 - timing_s/update_actor/teacher_forward:76.63093985139858 - timing_s/update_actor/teacher_full_forward:0.0 - timing_s/update_actor/teacher_null_forward:54.5395492578391 - timing_s/update_actor/loss_compute:0.05791678326204419 - timing_s/update_actor/backward:93.9335038131685 - timing_s/update_actor/optimizer_step:0.08681622496806085 - timing_s/update_actor/teacher_ema_update:8.053000783547759e-05 - perf/mfu/actor:0.0 - perf/max_memory_allocated_gb:83.99814510345459 - perf/max_memory_reserved_gb:96.5 - perf/cpu_memory_used_gb:346.24428939819336 - actor/lr:2e-06 - training/global_step:20 - training/epoch:0 - response_length/mean:131.8020782470703 - response_length/max:1024.0 - response_length/min:4.0 - response_length/clip_ratio:0.010416666977107525 - response_length_non_aborted/mean:131.8020782470703 - response_length_non_aborted/max:1024.0 - response_length_non_aborted/min:4.0 - response_length_non_aborted/clip_ratio:0.010416666977107525 - response/aborted_ratio:0.0 - prompt_length/mean:3401.229248046875 - prompt_length/max:4475.0 - prompt_length/min:3204.0 - prompt_length/clip_ratio:0.0 - num_turns/min:2 - num_turns/max:2 - num_turns/mean:2.0 - timing_s/start_profile:2.3922999389469624e-05 - timing_s/agent_loop/generate_sequences/min:5.37793946696911 - timing_s/agent_loop/generate_sequences/max:23.812964609009214 - timing_s/agent_loop/generate_sequences/mean:14.412231377646094 - timing_s/agent_loop/tool_calls/min:0.0 - timing_s/agent_loop/tool_calls/max:0.0 - timing_s/agent_loop/tool_calls/mean:0.0 - timing_s/agent_loop/slowest/generate_sequences:23.812964609009214 - timing_s/agent_loop/slowest/tool_calls:0.0 - timing_s/agent_loop/slowest/prompt_length:3441 - timing_s/agent_loop/slowest/response_length:1024 - timing_s/gen:35.011968397011515 - timing_s/adv:22.812773576006293 - timing_s/update_actor:311.5683229630231 - timing_s/dump_rollout_generations:0.060607423016335815 - timing_s/step:369.4739220350166 - timing_s/save_checkpoint:19.447799073008355 - timing_s/stop_profile:6.827304605394602e-05 - timing_per_token_ms/gen:2.767088310836285 - timing_per_token_ms/adv:0.06726038952624575 - timing_per_token_ms/update_actor:0.9186172254202839 - perf/total_num_tokens:339171 - perf/time_per_step:369.4739220350166 - perf/throughput:458.99179857117946
[36m(TaskRunner pid=745489)[0m Dumped generations to /sfs/weka/scratch/nkw3mr/Vision-OPD-OPSA/rollouts/Aha-center-floor-Qwen3.5-4B-6karmA/21.jsonl
[36m(TaskRunner pid=745489)[0m step:21 - global_seqlen/min:335505 - global_seqlen/max:335505 - global_seqlen/minmax_diff:0 - global_seqlen/balanced_min:335505 - global_seqlen/balanced_max:335505 - global_seqlen/mean:335505.0 - self_distillation/teacher_always_on_fraction:1.0 - self_distillation/teacher_image_swap_fraction:1.0 - self_distillation/policy_fallback_fraction:0.0 - self_distillation/grpo_fallback_count:0.0 - rollout_corr/rollout_is_mean:1.0 - rollout_corr/rollout_is_ratio_fraction_high:0.0 - rollout_corr/rollout_is_ratio_fraction_low:0.0 - rollout_corr/rollout_is_max:1.0 - rollout_corr/rollout_is_min:1.0 - rollout_corr/rollout_is_std:0.0 - rollout_corr/rollout_is_eff_sample_size:1.0 - rollout_corr/rollout_is_seq_mean:1.0 - rollout_corr/rollout_is_seq_std:0.0 - rollout_corr/rollout_is_seq_max:1.0 - rollout_corr/rollout_is_seq_min:1.0 - rollout_corr/rollout_is_seq_max_deviation:0.0 - rollout_corr/rollout_is_seq_fraction_high:0.0 - rollout_corr/rollout_is_seq_fraction_low:0.0 - rollout_corr/training_ppl:3.4795678618053594 - rollout_corr/training_log_ppl:1.1248699953624357 - rollout_corr/kl:0.018282334951436496 - rollout_corr/k3_kl:0.028033425347530283 - rollout_corr/rollout_ppl:3.3948766253888607 - rollout_corr/rollout_log_ppl:1.106587640165041 - rollout_corr/log_ppl_diff:0.01828235519739489 - rollout_corr/log_ppl_abs_diff:0.03967242354216675 - rollout_corr/log_ppl_diff_max:0.10365450382232666 - rollout_corr/log_ppl_diff_min:-0.18622606992721558 - rollout_corr/ppl_ratio:1.019576841344436 - rollout_corr/chi2_token:0.10189238935709 - rollout_corr/chi2_seq:-0.47980045961836976 - actor/pg_loss:0.2255406664432181 - actor/kl_loss:0.0 - actor/grpo_loss:0.0 - actor/vopd_loss:0.2255406664432181 - actor/vopd_loss_weighted:0.2255406664432181 - actor/policy_fallback_fraction:0.0 - aha/u_mean:-1.0278719706063082 - aha/u_neg_valley_frac:0.5281227595793704 - aha/floor_clamped_frac:0.5281227595793704 - aha/q_tail_mass:0.014350437115657163 - aha/u_centered_mean:-0.7037321073779216 - aha/u_centered_absmean:1.0935491556689765 - aha/u_centered_wmean:-1.968587479371046e-08 - aha/argmax_conf:0.9416687488555908 - self_distillation/raw_jsd_token_mean:0.22554066644321816 - self_distillation/weighted_jsd_token_mean:0.22554066644321816 - self_distillation/self_distillation_mask.mean():1.0 - self_distillation/num_distill_tokens:107.84375 - self_distillation/empty_target_batch:0.0 - actor/grad_norm:2.258837938308716 - timing_s/update_actor/student_forward:56.50379684835207 - timing_s/update_actor/teacher_forward:70.59943463013042 - timing_s/update_actor/teacher_full_forward:0.0 - timing_s/update_actor/teacher_null_forward:54.16884484968614 - timing_s/update_actor/loss_compute:0.05631792405620217 - timing_s/update_actor/backward:86.08284623594955 - timing_s/update_actor/optimizer_step:0.08557376300450414 - timing_s/update_actor/teacher_ema_update:5.664798663929105e-05 - perf/mfu/actor:0.0 - perf/max_memory_allocated_gb:83.99814510345459 - perf/max_memory_reserved_gb:96.5 - perf/cpu_memory_used_gb:347.4522247314453 - actor/lr:2e-06 - training/global_step:21 - training/epoch:0 - response_length/mean:107.84375 - response_length/max:649.0 - response_length/min:2.0 - response_length/clip_ratio:0.0 - response_length_non_aborted/mean:107.84375 - response_length_non_aborted/max:649.0 - response_length_non_aborted/min:2.0 - response_length_non_aborted/clip_ratio:0.0 - response/aborted_ratio:0.0 - prompt_length/mean:3387.0 - prompt_length/max:3968.0 - prompt_length/min:3205.0 - prompt_length/clip_ratio:0.0 - num_turns/min:2 - num_turns/max:2 - num_turns/mean:2.0 - timing_s/start_profile:4.451099084690213e-05 - timing_s/agent_loop/generate_sequences/min:4.644676745985635 - timing_s/agent_loop/generate_sequences/max:19.724389410985168 - timing_s/agent_loop/generate_sequences/mean:12.540160283750689 - timing_s/agent_loop/tool_calls/min:0.0 - timing_s/agent_loop/tool_calls/max:0.0 - timing_s/agent_loop/tool_calls/mean:0.0 - timing_s/agent_loop/slowest/generate_sequences:19.724389410985168 - timing_s/agent_loop/slowest/tool_calls:0.0 - timing_s/agent_loop[36m(TaskRunner pid=745489)[0m Training Progress:  41%|████      | 21/51 [2:09:49<3:06:28, 372.95s/it]
[36m(WorkerDict pid=798191)[0m /sfs/weka/scratch/nkw3mr/Vision-OPD-OPSA/verl/utils/device.py:134: FutureWarning: torch.cuda._set_allocator_settings is deprecated. Use torch._C._accelerator_setAllocatorSettings instead.
[36m(WorkerDict pid=798191)[0m   torch.cuda.memory._set_allocator_settings(f"expandable_segments:{enable}")
[36m(TaskRunner pid=745489)[0m Training Progress:  43%|████▎     | 22/51 [2:15:43<2:57:24, 367.07s/it]
/slowest/prompt_length:3348 - timing_s/agent_loop/slowest/response_length:649 - timing_s/gen:31.331749601988122 - timing_s/adv:27.03713691601297 - timing_s/update_actor:305.07763550104573 - timing_s/dump_rollout_generations:0.056242772028781474 - timing_s/step:363.525091694959 - timing_s/stop_profile:2.5935005396604538e-05 - timing_per_token_ms/gen:3.026344982322817 - timing_per_token_ms/adv:0.08058639041448852 - timing_per_token_ms/update_actor:0.9093087599321791 - perf/total_num_tokens:335505 - perf/time_per_step:363.525091694959 - perf/throughput:461.46058094048817
[36m(TaskRunner pid=745489)[0m Dumped generations to /sfs/weka/scratch/nkw3mr/Vision-OPD-OPSA/rollouts/Aha-center-floor-Qwen3.5-4B-6karmA/22.jsonl
[36m(TaskRunner pid=745489)[0m step:22 - global_seqlen/min:335067 - global_seqlen/max:335067 - global_seqlen/minmax_diff:0 - global_seqlen/balanced_min:335067 - global_seqlen/balanced_max:335067 - global_seqlen/mean:335067.0 - self_distillation/teacher_always_on_fraction:1.0 - self_distillation/teacher_image_swap_fraction:1.0 - self_distillation/policy_fallback_fraction:0.0 - self_distillation/grpo_fallback_count:0.0 - rollout_corr/rollout_is_mean:1.0 - rollout_corr/rollout_is_ratio_fraction_high:0.0 - rollout_corr/rollout_is_ratio_fraction_low:0.0 - rollout_corr/rollout_is_max:1.0 - rollout_corr/rollout_is_min:1.0 - rollout_corr/rollout_is_std:0.0 - rollout_corr/rollout_is_eff_sample_size:1.0 - rollout_corr/rollout_is_seq_mean:1.0 - rollout_corr/rollout_is_seq_std:0.0 - rollout_corr/rollout_is_seq_max:1.0 - rollout_corr/rollout_is_seq_min:1.0 - rollout_corr/rollout_is_seq_max_deviation:0.0 - rollout_corr/rollout_is_seq_fraction_high:0.0 - rollout_corr/rollout_is_seq_fraction_low:0.0 - rollout_corr/training_ppl:3.108205401649078 - rollout_corr/training_log_ppl:1.0531137593400974 - rollout_corr/kl:0.014226731643551224 - rollout_corr/k3_kl:0.031216780009951133 - rollout_corr/rollout_ppl:3.0594374177356563 - rollout_corr/rollout_log_ppl:1.038887033239007 - rollout_corr/log_ppl_diff:0.014226726101090511 - rollout_corr/log_ppl_abs_diff:0.04444828489795327 - rollout_corr/log_ppl_diff_max:0.11524885892868042 - rollout_corr/log_ppl_diff_min:-0.41319847106933594 - rollout_corr/ppl_ratio:1.0165194751073916 - rollout_corr/chi2_token:0.12135964011152585 - rollout_corr/chi2_seq:10.788672680656115 - actor/pg_loss:0.2315409043803812 - actor/kl_loss:0.0 - actor/grpo_loss:0.0 - actor/vopd_loss:0.2315409043803812 - actor/vopd_loss_weighted:0.2315409043803812 - actor/policy_fallback_fraction:0.0 - aha/u_mean:-1.0801493030739948 - aha/u_neg_valley_frac:0.5193292079493403 - aha/floor_clamped_frac:0.5193292079493403 - aha/q_tail_mass:0.010607136836464784 - aha/u_centered_mean:-0.7011918871818731 - aha/u_centered_absmean:1.1108833666269977 - aha/u_centered_wmean:-2.5561999572020395e-08 - aha/argmax_conf:0.9173299074172974 - self_distillation/raw_jsd_token_mean:0.2315409043803811 - self_distillation/weighted_jsd_token_mean:0.2315409043803811 - self_distillation/self_distillation_mask.mean():1.0 - self_distillation/num_distill_tokens:102.92708333333333 - self_distillation/empty_target_batch:0.0 - actor/grad_norm:2.21732497215271 - timing_s/update_actor/student_forward:54.35080316301901 - timing_s/update_actor/teacher_forward:69.62872425490059 - timing_s/update_actor/teacher_full_forward:0.0 - timing_s/update_actor/teacher_null_forward:54.789897637208924 - timing_s/update_actor/loss_compute:0.057100616104435176 - timing_s/update_actor/backward:85.98218972806353 - timing_s/update_actor/optimizer_step:0.08542170200962573 - timing_s/update_actor/teacher_ema_update:4.979799268767238e-05 - perf/mfu/actor:0.0 - perf/max_memory_allocated_gb:83.99814510345459 - perf/max_memory_reserved_gb:96.5 - perf/cpu_memory_used_gb:347.98499298095703 - actor/lr:2e-06 - training/global_step:22 - training/epoch:0 - response_length/mean:102.92708587646484 - response_length/max:361.0 - response_length/min:3.0 - response_length/clip_ratio:0.0 - response_length_non_aborted/mean:102.92708587646484 - response_length_non_aborted/max:361.0 - response_length_non_aborted/min:3.0 - response_length_non_aborted/clip_ratio:0.0 - response/aborted_ratio:0.0 - prompt_length/mean:3387.354248046875 - prompt_length/max:3978.0 - prompt_length/min:3158.0 - prompt_length/clip_ratio:0.0 - num_turns/min:2 - num_turns/max:2 - num_turns/mean:2.0 - timing_s/start_profile:4.589301533997059e-05 - timing_s/agent_loop/generate_sequences/min:1.7277917159954086 - timing_s/agent_loop/generate_sequences/max:17.629487499012612 - timing_s/agent_loop/generate_sequences/mean:12.448109492551643 - timing_s/agent_loop/tool_calls/min:0.0 - timing_s/agent_loop/tool_calls/max:0.0 - timing_s/agent_loop/tool_calls/mean:0.0 - timing_s/agent_loop/slowest/generate_sequences:17.629487499012612 - timing_s/agent_loop/slowest/tool_calls:0.0 - timing_s/agent_loop/slowest/prompt_length:3355 - timing_s/agent_loop/slowest/response_length:275 - timing_s/gen:27.38427275797585 - timing_s/adv:23.15968486201018 - timing_s/update_actor:302.38964505604235 - timing_s/dump_rollout_generations:0.05587609397480264 - timing_s/step:353.0162998040323 - timing_s/stop_profile:2.9980961699038744e-05 - timing_per_token_ms/gen:2.7714070193275835 - timing_per_token_ms/adv:0.06911956373504458 - timing_per_token_ms/update_actor:0.9024751618513382 - perf/total_num_tokens:335067 - perf/time_per_step:353.0162998040323 - perf/throughput:474.57723649871633
[36m(TaskRunner pid=745489)[0m Dumped generations to /sfs/weka/scratch/nkw3mr/Vision-OPD-OPSA/rollouts/Aha-center-floor-Qwen3.5-4B-6karmA/23.jsonl
[36m(TaskRunner pid=745489)[0m step:23 - global_seqlen/min:347512 - global_seqlen/max:347512 - global_seqlen/minmax_diff:0 - global_seqlen/balanced_min:347512 - global_seqlen/balanced_max:347512 - global_seqlen/mean:347512.0 - self_distillation/teacher_always_on_fraction:1.0 - self_distillation/teacher_image_swap_fraction:1.0 - self_distillation/policy_fallback_fraction:0.0 - self_distillation/grpo_fallback_count:0.0 - rollout_corr/rollout_is_mean:1.0 - rollout_corr/rollout_is_ratio_fraction_high:0.0 - rollout_corr/rollout_is_ratio_fraction_low:0.0 - rollout_corr/rollout_is_max:1.0 - rollout_corr/rollout_is_min:1.0 - rollout_corr/rollout_is_std:0.0 - rollout_corr/rollout_is_eff_sample_size:1.0 - rollout_corr/rollout_is_seq_mean:1.0 - rollout_corr/rollout_is_seq_std:0.0 - rollout_corr/rollout_is_seq_max:1.0 - rollout_corr/rollout_is_seq_min:1.0 - rollout_corr/rollout_is_seq_max_deviation:0.0 - rollout_corr/rollout_is_seq_fraction_high:0.0 - rollout_corr/rollout_is_seq_fraction_low:0.0 - rollout_corr/training_ppl:3.184523838261763 - rollout_corr/training_log_ppl:1.0524103767238557 - rollout_corr/kl:0.010611485437645266 - rollout_corr/k3_kl:0.027568828674702672 - rollout_corr/rollout_ppl:3.1474035320182643 - rollout_corr/rollout_log_ppl:1.0417988901026547 - rollout_corr/log_ppl_diff:0.010611486621201038 - rollout_corr/log_ppl_abs_diff:0.0378063702955842 - rollout_corr/log_ppl_diff_max:0.10152935981750488 - rollout_corr/log_ppl_diff_min:-0.3123478889465332 - rollout_corr/ppl_ratio:1.0123242332289617 - rollout_corr/chi2_token:0.10834348450104396 - rollout_corr/chi2_seq:2.144631507496039 - actor/pg_loss:0.22897048150965313 - actor/kl_loss:0.0 - actor/grpo_loss:0.0 - actor/vopd_loss:0.22897048150965313 - actor/vopd_loss_weighted:0.22897048150965313 - actor/policy_fallback_fraction:0.0 - aha/u_mean:-0.9684029561467469 - aha/u_neg_valley_frac:0.5326881310902536 - aha/floor_clamped_frac:0.5326881310902536 - aha/q_tail_mass:0.012297392618805247 - aha/u_centered_mean:-0.6587313619844887 - aha/u_centered_absmean:1.0802688316131632 - aha/u_centered_wmean:-1.478960263024548e-08 - aha/argmax_conf:0.9643000364303589 - self_distillation/raw_jsd_token_mean:0.22897048150965324 - self_distillation/weighted_jsd_token_mean:0.22897048150965324 - self_distillation/self_distillation_mask.mean():1.0 - self_distillation/num_distill_tokens:145.0625 - self_distillation/empty_target_batch:0.0 - actor/grad_norm:1.4832816123962402 - timing_s/update_actor/student_forward:54.45859414059669 - timing_s/update_actor/teacher_forward:72.40444076311542 - timing_s/update_actor/teacher_full_forward:0.0 - timing_s/update_actor/teacher_null_forward:54.759211579337716 - timing_s/update_actor/loss_compute:0.0569542144658044 - timing_s/update_actor/backward:88.31196748482762 - timing_s/update_actor/optimizer_step:0.08633548597572371 - timing_s/update_actor/teacher_ema_update:5.383399548009038e-05 - perf/mfu/actor:0.0 - perf/max_memory_allocated_gb:83.99814510345459 - perf/max_memory_reserved_gb:96.5 - perf/cpu_memory_used_gb:349.74489974975586 - actor/lr:2e-06 - training/global_step:23 - training/epoch:0 - response_length/mean:145.0625 - response_length/max:1024.0 - response_length/min:3.0 - response_length/clip_ratio:0.03125 - response_length_non_aborted/mean:145.0625 - response_length_non_aborted/max:1024.0 - response_length_non_aborted/min:3.0 - response_length_non_aborted/clip_ratio:0.03125 - response/aborted_ratio:0.0 - prompt_length/mean:3474.854248046875 - prompt_length/max:4866.0 - prompt_length/min:3221.0 - prompt_length/clip_ratio:0.0 - num_turns/min:2 - num_turns/max:2 - num_turns/mean:2.0 - timing_s/start_profile:3.480800660327077e-05 - timing_s/agent_loop/generate_sequences/min:2.5374503399943933 - timing_s/agent_loop/generate_sequences/max:24.584569972008467 - timing_s/agent_loop/generate_sequences/mean:14.252320648217696 - timing_s/agent_loop/tool_calls/min:0.0 - timing_s/agent_loop/tool_calls/max:0.0 - timing_s/agent_loop/tool_calls/mean:0.0 - timing_s/agent_loop/slowest/generate_sequences:24.584569972008467 - timing_s/agent_loop/slowest/tool_calls:0[36m(TaskRunner pid=745489)[0m Training Progress:  45%|████▌     | 23/51 [2:21:53<2:51:41, 367.92s/it]
[36m(TaskRunner pid=745489)[0m Training Progress:  47%|████▋     | 24/51 [2:28:04<2:45:58, 368.82s/it]
.0 - timing_s/agent_loop/slowest/prompt_length:3962 - timing_s/agent_loop/slowest/response_length:1024 - timing_s/gen:35.22795645997394 - timing_s/adv:25.275450709974393 - timing_s/update_actor:309.02079131797655 - timing_s/dump_rollout_generations:0.055185846984386444 - timing_s/step:369.60336296400055 - timing_s/stop_profile:2.3322005290538073e-05 - timing_per_token_ms/gen:2.5296536306171147 - timing_per_token_ms/adv:0.07273259832746608 - timing_per_token_ms/update_actor:0.8892377567335129 - perf/total_num_tokens:347512 - perf/time_per_step:369.60336296400055 - perf/throughput:470.1147700783336
[36m(TaskRunner pid=745489)[0m Dumped generations to /sfs/weka/scratch/nkw3mr/Vision-OPD-OPSA/rollouts/Aha-center-floor-Qwen3.5-4B-6karmA/24.jsonl
[36m(TaskRunner pid=745489)[0m step:24 - global_seqlen/min:340225 - global_seqlen/max:340225 - global_seqlen/minmax_diff:0 - global_seqlen/balanced_min:340225 - global_seqlen/balanced_max:340225 - global_seqlen/mean:340225.0 - self_distillation/teacher_always_on_fraction:1.0 - self_distillation/teacher_image_swap_fraction:1.0 - self_distillation/policy_fallback_fraction:0.0 - self_distillation/grpo_fallback_count:0.0 - rollout_corr/rollout_is_mean:1.0 - rollout_corr/rollout_is_ratio_fraction_high:0.0 - rollout_corr/rollout_is_ratio_fraction_low:0.0 - rollout_corr/rollout_is_max:1.0 - rollout_corr/rollout_is_min:1.0 - rollout_corr/rollout_is_std:0.0 - rollout_corr/rollout_is_eff_sample_size:1.0 - rollout_corr/rollout_is_seq_mean:1.0 - rollout_corr/rollout_is_seq_std:0.0 - rollout_corr/rollout_is_seq_max:1.0 - rollout_corr/rollout_is_seq_min:1.0 - rollout_corr/rollout_is_seq_max_deviation:0.0 - rollout_corr/rollout_is_seq_fraction_high:0.0 - rollout_corr/rollout_is_seq_fraction_low:0.0 - rollout_corr/training_ppl:3.5088227887948356 - rollout_corr/training_log_ppl:1.1082130383389692 - rollout_corr/kl:0.025873774154509494 - rollout_corr/k3_kl:0.02626088600360769 - rollout_corr/rollout_ppl:3.4497911309202514 - rollout_corr/rollout_log_ppl:1.0823392520348232 - rollout_corr/log_ppl_diff:0.02587378630414605 - rollout_corr/log_ppl_abs_diff:0.032818134408444166 - rollout_corr/log_ppl_diff_max:0.15627312660217285 - rollout_corr/log_ppl_diff_min:-0.08258181810379028 - rollout_corr/ppl_ratio:1.0267189579705398 - rollout_corr/chi2_token:0.06385135650634766 - rollout_corr/chi2_seq:-0.09662811582287152 - actor/pg_loss:0.22290667626657518 - actor/kl_loss:0.0 - actor/grpo_loss:0.0 - actor/vopd_loss:0.22290667626657518 - actor/vopd_loss_weighted:0.22290667626657518 - actor/policy_fallback_fraction:0.0 - aha/u_mean:-0.8565523062667731 - aha/u_neg_valley_frac:0.5348406399910649 - aha/floor_clamped_frac:0.5348406399910649 - aha/q_tail_mass:0.009158484946700204 - aha/u_centered_mean:-0.595482642063871 - aha/u_centered_absmean:1.0107880079497893 - aha/u_centered_wmean:-1.61771730207196e-08 - aha/argmax_conf:0.9566678404808044 - self_distillation/raw_jsd_token_mean:0.22290667626657523 - self_distillation/weighted_jsd_token_mean:0.22290667626657523 - self_distillation/self_distillation_mask.mean():1.0 - self_distillation/num_distill_tokens:145.51041666666666 - self_distillation/empty_target_batch:0.0 - actor/grad_norm:2.21671724319458 - timing_s/update_actor/student_forward:56.46598439884838 - timing_s/update_actor/teacher_forward:72.04035348282196 - timing_s/update_actor/teacher_full_forward:0.0 - timing_s/update_actor/teacher_null_forward:54.842870990978554 - timing_s/update_actor/loss_compute:0.05680827097967267 - timing_s/update_actor/backward:86.63690285588382 - timing_s/update_actor/optimizer_step:0.08537836198229343 - timing_s/update_actor/teacher_ema_update:4.7365028876811266e-05 - perf/mfu/actor:0.0 - perf/max_memory_allocated_gb:84.43045425415039 - perf/max_memory_reserved_gb:96.8359375 - perf/cpu_memory_used_gb:348.34388732910156 - actor/lr:2e-06 - training/global_step:24 - training/epoch:0 - response_length/mean:145.5104217529297 - response_length/max:1024.0 - response_length/min:2.0 - response_length/clip_ratio:0.02083333395421505 - response_length_non_aborted/mean:145.5104217529297 - response_length_non_aborted/max:1024.0 - response_length_non_aborted/min:2.0 - response_length_non_aborted/clip_ratio:0.02083333395421505 - response/aborted_ratio:0.0 - prompt_length/mean:3398.5 - prompt_length/max:6140.0 - prompt_length/min:3155.0 - prompt_length/clip_ratio:0.0 - num_turns/min:2 - num_turns/max:2 - num_turns/mean:2.0 - timing_s/start_profile:2.8138980269432068e-05 - timing_s/agent_loop/generate_sequences/min:1.5700358029571362 - timing_s/agent_loop/generate_sequences/max:25.46799466299126 - timing_s/agent_loop/generate_sequences/mean:14.67802066833489 - timing_s/agent_loop/tool_calls/min:0.0 - timing_s/agent_loop/tool_calls/max:0.0 - timing_s/agent_loop/tool_calls/mean:0.0 - timing_s/agent_loop/slowest/generate_sequences:25.46799466299126 - timing_s/agent_loop/slowest/tool_calls:0.0 - timing_s/agent_loop/slowest/prompt_length:3359 - timing_s/agent_loop/slowest/response_length:1024 - timing_s/gen:36.49492114497116 - timing_s/adv:24.31312128796708 - timing_s/update_actor:309.2789106630371 - timing_s/dump_rollout_generations:0.06210277497302741 - timing_s/step:370.17310672899475 - timing_s/stop_profile:2.8418959118425846e-05 - timing_per_token_ms/gen:2.612565047245412 - timing_per_token_ms/adv:0.0714618893025706 - timing_per_token_ms/update_actor:0.9090422827923789 - perf/total_num_tokens:340225 - perf/time_per_step:370.17310672899475 - perf/throughput:459.54851097419146
[36m(TaskRunner pid=745489)[0m Dumped generations to /sfs/weka/scratch/nkw3mr/Vision-OPD-OPSA/rollouts/Aha-center-floor-Qwen3.5-4B-6karmA/25.jsonl
[36m(TaskRunner pid=745489)[0m local_global_step_folder: /sfs/weka/scratch/nkw3mr/Vision-OPD-OPSA/checkpoints/Aha-center-floor-Qwen3.5-4B-6karmA/global_step_25
[36m(TaskRunner pid=745489)[0m step:25 - global_seqlen/min:352153 - global_seqlen/max:352153 - global_seqlen/minmax_diff:0 - global_seqlen/balanced_min:352153 - global_seqlen/balanced_max:352153 - global_seqlen/mean:352153.0 - self_distillation/teacher_always_on_fraction:1.0 - self_distillation/teacher_image_swap_fraction:1.0 - self_distillation/policy_fallback_fraction:0.0 - self_distillation/grpo_fallback_count:0.0 - rollout_corr/rollout_is_mean:1.0 - rollout_corr/rollout_is_ratio_fraction_high:0.0 - rollout_corr/rollout_is_ratio_fraction_low:0.0 - rollout_corr/rollout_is_max:1.0 - rollout_corr/rollout_is_min:1.0 - rollout_corr/rollout_is_std:0.0 - rollout_corr/rollout_is_eff_sample_size:1.0 - rollout_corr/rollout_is_seq_mean:1.0 - rollout_corr/rollout_is_seq_std:0.0 - rollout_corr/rollout_is_seq_max:1.0 - rollout_corr/rollout_is_seq_min:1.0 - rollout_corr/rollout_is_seq_max_deviation:0.0 - rollout_corr/rollout_is_seq_fraction_high:0.0 - rollout_corr/rollout_is_seq_fraction_low:0.0 - rollout_corr/training_ppl:3.06066432967782 - rollout_corr/training_log_ppl:1.0577649141972263 - rollout_corr/kl:0.028483912196103727 - rollout_corr/k3_kl:0.027096330385878293 - rollout_corr/rollout_ppl:2.9685662960012755 - rollout_corr/rollout_log_ppl:1.0292809897412856 - rollout_corr/log_ppl_diff:0.028483924455940723 - rollout_corr/log_ppl_abs_diff:0.03271278956284126 - rollout_corr/log_ppl_diff_max:0.2238280177116394 - rollout_corr/log_ppl_diff_min:-0.07632315158843994 - rollout_corr/ppl_ratio:1.0296070805440347 - rollout_corr/chi2_token:0.06451450350383918 - rollout_corr/chi2_seq:1.5097834734867017 - actor/pg_loss:0.24268154326515884 - actor/kl_loss:0.0 - actor/grpo_loss:0.0 - actor/vopd_loss:0.24268154326515884 - actor/vopd_loss_weighted:0.24268154326515884 - actor/policy_fallback_fraction:0.0 - aha/u_mean:-0.8908283676331242 - aha/u_neg_valley_frac:0.5625240749989947 - aha/floor_clamped_frac:0.5625240749989947 - aha/q_tail_mass:0.008380098679121298 - aha/u_centered_mean:-0.6923374952748418 - aha/u_centered_absmean:1.134084755865236 - aha/u_centered_wmean:-6.2361379880917595e-09 - aha/argmax_conf:0.9225807189941406 - self_distillation/raw_jsd_token_mean:0.24268154326515892 - self_distillation/weighted_jsd_token_mean:0.24268154326515892 - self_distillation/self_distillation_mask.mean():1.0 - self_distillation/num_distill_tokens:172.78125 - self_distillation/empty_target_batch:0.0 - actor/grad_norm:0.9711747169494629 - timing_s/update_actor/student_forward:49.533679114014376 - timing_s/update_actor/teacher_forward:74.69818940607365 - timing_s/update_actor/teacher_full_forward:0.0 - timing_s/update_actor/teacher_null_forward:55.0081998911337 - timing_s/update_actor/loss_compute:0.05744565685745329 - timing_s/update_actor/backward:95.88742264604662 - timing_s/update_actor/optimizer_step:0.08522637700662017 - timing_s/update_actor/teacher_ema_update:4.865700611844659e-05 - perf/mfu/actor:0.0 - perf/max_memory_allocated_gb:84.43045425415039 - perf/max_memory_reserved_gb:96.8359375 - perf/cpu_memory_used_gb:316.4996795654297 - actor/lr:2e-06 - training/global_step:25 - training/epoch:0 - response_length/mean:172.78125 - response_length/max:1024.0 - response_length/min:4.0 - response_length/clip_ratio:0.010416666977107525 - response_length_non_aborted/mean:172.78125 - response_length_non_aborted/max:1024.0 - response_length_non_aborted/min:4.0 - response_length_non_aborted/clip_ratio:0.010416666977107525 - response/aborted_ratio:0.0 - prompt_length/mean:3495.479248046875 - prompt_length/max:5645.0 - prompt_length/min:3108.0 - prompt_length/clip_ratio:0.0 - num_turns/min:2 - num_turns/max:2 - num_turns/mean:2.0 - timing_s/start_profile:2.921995474025607e-05 - timing_s/agent_loop/generate_sequences/min:5.791167292976752 - timing_s/agent_loop/generate_sequences/max:25.324619974009693 - timing_s/agent_loop/generate_sequences/mean:14.469980430828096 - timing_s/agent_loop/tool_calls/min:0.0 - timing_s/agent_loop/tool_calls/max:0.0 - timing_s/agent_loop/tool_calls/mean:0.0 - timing_s/agent_loop/slowest/generate_sequences:25.324619974009693 - timing[36m(TaskRunner pid=745489)[0m Training Progress:  49%|████▉     | 25/51 [2:34:40<2:43:25, 377.15s/it]
[36m(WorkerDict pid=798195)[0m /sfs/weka/scratch/nkw3mr/Vision-OPD-OPSA/verl/utils/device.py:134: FutureWarning: torch.cuda._set_allocator_settings is deprecated. Use torch._C._accelerator_setAllocatorSettings instead.
[36m(WorkerDict pid=798195)[0m   torch.cuda.memory._set_allocator_settings(f"expandable_segments:{enable}")
[36m(TaskRunner pid=745489)[0m Training Progress:  51%|█████     | 26/51 [2:40:43<2:35:23, 372.93s/it]
[36m(WorkerDict pid=798191)[0m /sfs/weka/scratch/nkw3mr/Vision-OPD-OPSA/verl/utils/device.py:134: FutureWarning: torch.cuda._set_allocator_settings is deprecated. Use torch._C._accelerator_setAllocatorSettings instead.
[36m(WorkerDict pid=798191)[0m   torch.cuda.memory._set_allocator_settings(f"expandable_segments:{enable}")
_s/agent_loop/slowest/tool_calls:0.0 - timing_s/agent_loop/slowest/prompt_length:3360 - timing_s/agent_loop/slowest/response_length:1024 - timing_s/gen:36.23480421799468 - timing_s/adv:25.54641306801932 - timing_s/update_actor:313.0593884399859 - timing_s/dump_rollout_generations:0.05417912796838209 - timing_s/step:374.92029077000916 - timing_s/save_checkpoint:21.319485566054936 - timing_s/stop_profile:2.8368958737701178e-05 - timing_per_token_ms/gen:2.18453030795169 - timing_per_token_ms/adv:0.07254350543093292 - timing_per_token_ms/update_actor:0.8889868563947657 - perf/total_num_tokens:352153 - perf/time_per_step:374.92029077000916 - perf/throughput:469.63715844339896
[36m(TaskRunner pid=745489)[0m Dumped generations to /sfs/weka/scratch/nkw3mr/Vision-OPD-OPSA/rollouts/Aha-center-floor-Qwen3.5-4B-6karmA/26.jsonl
[36m(TaskRunner pid=745489)[0m step:26 - global_seqlen/min:345676 - global_seqlen/max:345676 - global_seqlen/minmax_diff:0 - global_seqlen/balanced_min:345676 - global_seqlen/balanced_max:345676 - global_seqlen/mean:345676.0 - self_distillation/teacher_always_on_fraction:1.0 - self_distillation/teacher_image_swap_fraction:1.0 - self_distillation/policy_fallback_fraction:0.0 - self_distillation/grpo_fallback_count:0.0 - rollout_corr/rollout_is_mean:1.0 - rollout_corr/rollout_is_ratio_fraction_high:0.0 - rollout_corr/rollout_is_ratio_fraction_low:0.0 - rollout_corr/rollout_is_max:1.0 - rollout_corr/rollout_is_min:1.0 - rollout_corr/rollout_is_std:0.0 - rollout_corr/rollout_is_eff_sample_size:1.0 - rollout_corr/rollout_is_seq_mean:1.0 - rollout_corr/rollout_is_seq_std:0.0 - rollout_corr/rollout_is_seq_max:1.0 - rollout_corr/rollout_is_seq_min:1.0 - rollout_corr/rollout_is_seq_max_deviation:0.0 - rollout_corr/rollout_is_seq_fraction_high:0.0 - rollout_corr/rollout_is_seq_fraction_low:0.0 - rollout_corr/training_ppl:2.9543886110186577 - rollout_corr/training_log_ppl:1.0205565967286627 - rollout_corr/kl:0.02353634093257521 - rollout_corr/k3_kl:0.023423009134906653 - rollout_corr/rollout_ppl:2.879985804359118 - rollout_corr/rollout_log_ppl:0.9970202582577864 - rollout_corr/log_ppl_diff:0.023536338470876217 - rollout_corr/log_ppl_abs_diff:0.030410837692519028 - rollout_corr/log_ppl_diff_max:0.08690154552459717 - rollout_corr/log_ppl_diff_min:-0.07900452613830566 - rollout_corr/ppl_ratio:1.0241858499745529 - rollout_corr/chi2_token:0.0522066547224919 - rollout_corr/chi2_seq:11.420837316662073 - actor/pg_loss:0.22654000793894136 - actor/kl_loss:0.0 - actor/grpo_loss:0.0 - actor/vopd_loss:0.22654000793894136 - actor/vopd_loss_weighted:0.22654000793894136 - actor/policy_fallback_fraction:0.0 - aha/u_mean:-0.8483574352721917 - aha/u_neg_valley_frac:0.547395528604587 - aha/floor_clamped_frac:0.547395528604587 - aha/q_tail_mass:0.009229472451030082 - aha/u_centered_mean:-0.6424462096377587 - aha/u_centered_absmean:1.0888578277081251 - aha/u_centered_wmean:-1.3879549667569768e-08 - aha/argmax_conf:0.9477488398551941 - self_distillation/raw_jsd_token_mean:0.22654000793894133 - self_distillation/weighted_jsd_token_mean:0.22654000793894133 - self_distillation/self_distillation_mask.mean():1.0 - self_distillation/num_distill_tokens:196.70833333333334 - self_distillation/empty_target_batch:0.0 - actor/grad_norm:0.9587294459342957 - timing_s/update_actor/student_forward:46.26080071902834 - timing_s/update_actor/teacher_forward:73.92529377894243 - timing_s/update_actor/teacher_full_forward:0.0 - timing_s/update_actor/teacher_null_forward:55.60399569146102 - timing_s/update_actor/loss_compute:0.059475886926520616 - timing_s/update_actor/backward:93.7367511888151 - timing_s/update_actor/optimizer_step:0.08594502496998757 - timing_s/update_actor/teacher_ema_update:5.249201785773039e-05 - perf/mfu/actor:0.0 - perf/max_memory_allocated_gb:84.43045425415039 - perf/max_memory_reserved_gb:96.8359375 - perf/cpu_memory_used_gb:332.3119316101074 - actor/lr:2e-06 - training/global_step:26 - training/epoch:0 - response_length/mean:196.7083282470703 - response_length/max:1024.0 - response_length/min:4.0 - response_length/clip_ratio:0.03125 - response_length_non_aborted/mean:196.7083282470703 - response_length_non_aborted/max:1024.0 - response_length_non_aborted/min:4.0 - response_length_non_aborted/clip_ratio:0.03125 - response/aborted_ratio:0.0 - prompt_length/mean:3404.083251953125 - prompt_length/max:4524.0 - prompt_length/min:3111.0 - prompt_length/clip_ratio:0.0 - num_turns/min:2 - num_turns/max:2 - num_turns/mean:2.0 - timing_s/start_profile:3.5078031942248344e-05 - timing_s/agent_loop/generate_sequences/min:3.969947440957185 - timing_s/agent_loop/generate_sequences/max:24.808815366006456 - timing_s/agent_loop/generate_sequences/mean:14.452748598635177 - timing_s/agent_loop/tool_calls/min:0.0 - timing_s/agent_loop/tool_calls/max:0.0 - timing_s/agent_loop/tool_calls/mean:0.0 - timing_s/agent_loop/slowest/generate_sequences:24.808815366006456 - timing_s/agent_loop/slowest/tool_calls:0.0 - timing_s/agent_loop/slowest/prompt_length:3356 - timing_s/agent_loop/slowest/response_length:1024 - timing_s/gen:33.57734131999314 - timing_s/adv:21.944715504010674 - timing_s/update_actor:307.1416555410251 - timing_s/dump_rollout_generations:0.06201803497970104 - timing_s/step:362.7470829160302 - timing_s/stop_profile:3.322603879496455e-05 - timing_per_token_ms/gen:1.7780841622533965 - timing_per_token_ms/adv:0.06348348020692983 - timing_per_token_ms/update_actor:0.8885246749587044 - perf/total_num_tokens:345676 - perf/time_per_step:362.7470829160302 - perf/throughput:476.46971716657214
[36m(TaskRunner pid=745489)[0m Dumped generations to /sfs/weka/scratch/nkw3mr/Vision-OPD-OPSA/rollouts/Aha-center-floor-Qwen3.5-4B-6karmA/27.jsonl
[36m(TaskRunner pid=745489)[0m step:27 - global_seqlen/min:342735 - global_seqlen/max:342735 - global_seqlen/minmax_diff:0 - global_seqlen/balanced_min:342735 - global_seqlen/balanced_max:342735 - global_seqlen/mean:342735.0 - self_distillation/teacher_always_on_fraction:1.0 - self_distillation/teacher_image_swap_fraction:1.0 - self_distillation/policy_fallback_fraction:0.0 - self_distillation/grpo_fallback_count:0.0 - rollout_corr/rollout_is_mean:1.0 - rollout_corr/rollout_is_ratio_fraction_high:0.0 - rollout_corr/rollout_is_ratio_fraction_low:0.0 - rollout_corr/rollout_is_max:1.0 - rollout_corr/rollout_is_min:1.0 - rollout_corr/rollout_is_std:0.0 - rollout_corr/rollout_is_eff_sample_size:1.0 - rollout_corr/rollout_is_seq_mean:1.0 - rollout_corr/rollout_is_seq_std:0.0 - rollout_corr/rollout_is_seq_max:1.0 - rollout_corr/rollout_is_seq_min:1.0 - rollout_corr/rollout_is_seq_max_deviation:0.0 - rollout_corr/rollout_is_seq_fraction_high:0.0 - rollout_corr/rollout_is_seq_fraction_low:0.0 - rollout_corr/training_ppl:3.095857258886099 - rollout_corr/training_log_ppl:1.0618446214745443 - rollout_corr/kl:0.020111877565417064 - rollout_corr/k3_kl:0.026258074397749926 - rollout_corr/rollout_ppl:3.0240088937183223 - rollout_corr/rollout_log_ppl:1.0417327427615721 - rollout_corr/log_ppl_diff:0.020111878712972004 - rollout_corr/log_ppl_abs_diff:0.029526287068923313 - rollout_corr/log_ppl_diff_max:0.10862112045288086 - rollout_corr/log_ppl_diff_min:-0.1733211874961853 - rollout_corr/ppl_ratio:1.0208807761470478 - rollout_corr/chi2_token:0.08410482294857502 - rollout_corr/chi2_seq:15.93225978128612 - actor/pg_loss:0.22479614888046248 - actor/kl_loss:0.0 - actor/grpo_loss:0.0 - actor/vopd_loss:0.22479614888046248 - actor/vopd_loss_weighted:0.22479614888046248 - actor/policy_fallback_fraction:0.0 - aha/u_mean:-0.7700916163933774 - aha/u_neg_valley_frac:0.5609440635889769 - aha/floor_clamped_frac:0.5609440635889769 - aha/q_tail_mass:0.008832785142431021 - aha/u_centered_mean:-0.6455274338368326 - aha/u_centered_absmean:1.0609040446579456 - aha/u_centered_wmean:-9.179562711376701e-09 - aha/argmax_conf:0.9571398496627808 - self_distillation/raw_jsd_token_mean:0.22479614888046248 - self_distillation/weighted_jsd_token_mean:0.22479614888046248 - self_distillation/self_distillation_mask.mean():1.0 - self_distillation/num_distill_tokens:195.38541666666666 - self_distillation/empty_target_batch:0.0 - actor/grad_norm:0.9361732006072998 - timing_s/update_actor/student_forward:48.08951514371438 - timing_s/update_actor/teacher_forward:74.5359681576374 - timing_s/update_actor/teacher_full_forward:0.0 - timing_s/update_actor/teacher_null_forward:55.492583979154006 - timing_s/update_actor/loss_compute:0.05838020594092086 - timing_s/update_actor/backward:93.67679432075238 - timing_s/update_actor/optimizer_step:0.08583414898021147 - timing_s/update_actor/teacher_ema_update:6.902398308739066e-05 - perf/mfu/actor:0.0 - perf/max_memory_allocated_gb:84.43045425415039 - perf/max_memory_reserved_gb:96.8359375 - perf/cpu_memory_used_gb:336.8517379760742 - actor/lr:2e-06 - training/global_step:27 - training/epoch:0 - response_length/mean:195.3854217529297 - response_length/max:1024.0 - response_length/min:4.0 - response_length/clip_ratio:0.02083333395421505 - response_length_non_aborted/mean:195.3854217529297 - response_length_non_aborted/max:1024.0 - response_length_non_aborted/min:4.0 - response_length_non_aborted/clip_ratio:0.02083333395421505 - response/aborted_ratio:0.0 - prompt_length/mean:3374.770751953125 - prompt_length/max:3958.0 - prompt_length/min:3212.0 - prompt_length/clip_ratio:0.0 - num_turns/min:2 - num_turns/max:2 - num_turns/mean:2.0 - timing_s/start_profile:2.8378970455378294e-05 - timing_s/agent_loop/generate_sequences/min:4.67592897900613 - timing_s/agent_loop/generate_sequences/max:24.90215017797891 - timing_s/agent_loop/generate_sequences/mean:15.031993527286128 - timing_s/agent_loop/tool_calls/min:0.0 - timing_s/agent_loop/tool_calls/max:0.0 - timing_s/agent_loop/tool_calls/mean:0.0 - timing_s/agent_loop/slowest/generate_sequences:24.9[36m(TaskRunner pid=745489)[0m Training Progress:  53%|█████▎    | 27/51 [2:46:52<2:28:37, 371.57s/it]
[36m(TaskRunner pid=745489)[0m Training Progress:  55%|█████▍    | 28/51 [2:53:07<2:22:51, 372.69s/it]
0215017797891 - timing_s/agent_loop/slowest/tool_calls:0.0 - timing_s/agent_loop/slowest/prompt_length:3351 - timing_s/agent_loop/slowest/response_length:1024 - timing_s/gen:35.934137406991795 - timing_s/adv:20.9896601929795 - timing_s/update_actor:311.07773447502404 - timing_s/dump_rollout_generations:0.05896381102502346 - timing_s/step:368.0850901819649 - timing_s/stop_profile:3.138295141980052e-05 - timing_per_token_ms/gen:1.9157721067863622 - timing_per_token_ms/adv:0.06124165957074562 - timing_per_token_ms/update_actor:0.9076334032854072 - perf/total_num_tokens:342735 - perf/time_per_step:368.0850901819649 - perf/throughput:465.56490488458394
[36m(TaskRunner pid=745489)[0m Dumped generations to /sfs/weka/scratch/nkw3mr/Vision-OPD-OPSA/rollouts/Aha-center-floor-Qwen3.5-4B-6karmA/28.jsonl
[36m(TaskRunner pid=745489)[0m step:28 - global_seqlen/min:345353 - global_seqlen/max:345353 - global_seqlen/minmax_diff:0 - global_seqlen/balanced_min:345353 - global_seqlen/balanced_max:345353 - global_seqlen/mean:345353.0 - self_distillation/teacher_always_on_fraction:1.0 - self_distillation/teacher_image_swap_fraction:1.0 - self_distillation/policy_fallback_fraction:0.0 - self_distillation/grpo_fallback_count:0.0 - rollout_corr/rollout_is_mean:1.0 - rollout_corr/rollout_is_ratio_fraction_high:0.0 - rollout_corr/rollout_is_ratio_fraction_low:0.0 - rollout_corr/rollout_is_max:1.0 - rollout_corr/rollout_is_min:1.0 - rollout_corr/rollout_is_std:0.0 - rollout_corr/rollout_is_eff_sample_size:1.0 - rollout_corr/rollout_is_seq_mean:1.0 - rollout_corr/rollout_is_seq_std:0.0 - rollout_corr/rollout_is_seq_max:1.0 - rollout_corr/rollout_is_seq_min:1.0 - rollout_corr/rollout_is_seq_max_deviation:0.0 - rollout_corr/rollout_is_seq_fraction_high:0.0 - rollout_corr/rollout_is_seq_fraction_low:0.0 - rollout_corr/training_ppl:2.766135323792696 - rollout_corr/training_log_ppl:0.9361666630332669 - rollout_corr/kl:0.011395714304550589 - rollout_corr/k3_kl:0.022726881146657735 - rollout_corr/rollout_ppl:2.7167889500657716 - rollout_corr/rollout_log_ppl:0.924770942889154 - rollout_corr/log_ppl_diff:0.011395720144112905 - rollout_corr/log_ppl_abs_diff:0.0351046584546566 - rollout_corr/log_ppl_diff_max:0.146342933177948 - rollout_corr/log_ppl_diff_min:-0.16605067253112793 - rollout_corr/ppl_ratio:1.0124570379654567 - rollout_corr/chi2_token:0.0736666526645422 - rollout_corr/chi2_seq:-0.22970398142933846 - actor/pg_loss:0.206827188031942 - actor/kl_loss:0.0 - actor/grpo_loss:0.0 - actor/vopd_loss:0.206827188031942 - actor/vopd_loss_weighted:0.206827188031942 - actor/policy_fallback_fraction:0.0 - aha/u_mean:-1.1469325307989493 - aha/u_neg_valley_frac:0.517529326180617 - aha/floor_clamped_frac:0.517529326180617 - aha/q_tail_mass:0.011099384371751361 - aha/u_centered_mean:-0.6743852441043904 - aha/u_centered_absmean:1.0519123959044616 - aha/u_centered_wmean:-2.5981581401948728e-08 - aha/argmax_conf:0.936610221862793 - self_distillation/raw_jsd_token_mean:0.20682718803194197 - self_distillation/weighted_jsd_token_mean:0.20682718803194197 - self_distillation/self_distillation_mask.mean():1.0 - self_distillation/num_distill_tokens:136.48958333333334 - self_distillation/empty_target_batch:0.0 - actor/grad_norm:1.0477036237716675 - timing_s/update_actor/student_forward:55.28580253676046 - timing_s/update_actor/teacher_forward:72.5169883792405 - timing_s/update_actor/teacher_full_forward:0.0 - timing_s/update_actor/teacher_null_forward:56.7031409558258 - timing_s/update_actor/loss_compute:0.05921842280076817 - timing_s/update_actor/backward:88.34301918238634 - timing_s/update_actor/optimizer_step:0.08585938502801582 - timing_s/update_actor/teacher_ema_update:5.05890347994864e-05 - perf/mfu/actor:0.0 - perf/max_memory_allocated_gb:84.43045425415039 - perf/max_memory_reserved_gb:96.8359375 - perf/cpu_memory_used_gb:339.68310546875 - actor/lr:2e-06 - training/global_step:28 - training/epoch:0 - response_length/mean:136.4895782470703 - response_length/max:1024.0 - response_length/min:4.0 - response_length/clip_ratio:0.02083333395421505 - response_length_non_aborted/mean:136.4895782470703 - response_length_non_aborted/max:1024.0 - response_length_non_aborted/min:4.0 - response_length_non_aborted/clip_ratio:0.02083333395421505 - response/aborted_ratio:0.0 - prompt_length/mean:3460.9375 - prompt_length/max:5085.0 - prompt_length/min:3299.0 - prompt_length/clip_ratio:0.0 - num_turns/min:2 - num_turns/max:2 - num_turns/mean:2.0 - timing_s/start_profile:3.538798773661256e-05 - timing_s/agent_loop/generate_sequences/min:1.3473731190315448 - timing_s/agent_loop/generate_sequences/max:24.60171449597692 - timing_s/agent_loop/generate_sequences/mean:13.617979783530245 - timing_s/agent_loop/tool_calls/min:0.0 - timing_s/agent_loop/tool_calls/max:0.0 - timing_s/agent_loop/tool_calls/mean:0.0 - timing_s/agent_loop/slowest/generate_sequences:24.60171449597692 - timing_s/agent_loop/slowest/tool_calls:0.0 - timing_s/agent_loop/slowest/prompt_length:3352 - timing_s/agent_loop/slowest/response_length:1024 - timing_s/gen:35.29138398205396 - timing_s/adv:25.316297287005 - timing_s/update_actor:313.97785187500995 - timing_s/dump_rollout_generations:0.371627100976184 - timing_s/step:374.9846867619781 - timing_s/stop_profile:3.164296504110098e-05 - timing_per_token_ms/gen:2.6933819722242203 - timing_per_token_ms/adv:0.07330556644072876 - timing_per_token_ms/update_actor:0.9091504978239944 - perf/total_num_tokens:345353 - perf/time_per_step:374.9846867619781 - perf/throughput:460.4894708929983
[36m(TaskRunner pid=745489)[0m Dumped generations to /sfs/weka/scratch/nkw3mr/Vision-OPD-OPSA/rollouts/Aha-center-floor-Qwen3.5-4B-6karmA/29.jsonl
[36m(TaskRunner pid=745489)[0m step:29 - global_seqlen/min:338845 - global_seqlen/max:338845 - global_seqlen/minmax_diff:0 - global_seqlen/balanced_min:338845 - global_seqlen/balanced_max:338845 - global_seqlen/mean:338845.0 - self_distillation/teacher_always_on_fraction:1.0 - self_distillation/teacher_image_swap_fraction:1.0 - self_distillation/policy_fallback_fraction:0.0 - self_distillation/grpo_fallback_count:0.0 - rollout_corr/rollout_is_mean:1.0 - rollout_corr/rollout_is_ratio_fraction_high:0.0 - rollout_corr/rollout_is_ratio_fraction_low:0.0 - rollout_corr/rollout_is_max:1.0 - rollout_corr/rollout_is_min:1.0 - rollout_corr/rollout_is_std:0.0 - rollout_corr/rollout_is_eff_sample_size:1.0 - rollout_corr/rollout_is_seq_mean:1.0 - rollout_corr/rollout_is_seq_std:0.0 - rollout_corr/rollout_is_seq_max:1.0 - rollout_corr/rollout_is_seq_min:1.0 - rollout_corr/rollout_is_seq_max_deviation:0.0 - rollout_corr/rollout_is_seq_fraction_high:0.0 - rollout_corr/rollout_is_seq_fraction_low:0.0 - rollout_corr/training_ppl:2.848271396011114 - rollout_corr/training_log_ppl:0.934792162074397 - rollout_corr/kl:0.01030721139477464 - rollout_corr/k3_kl:0.028603089216630906 - rollout_corr/rollout_ppl:2.7900696409245334 - rollout_corr/rollout_log_ppl:0.9244849563886722 - rollout_corr/log_ppl_diff:0.010307205685724815 - rollout_corr/log_ppl_abs_diff:0.03979767688239614 - rollout_corr/log_ppl_diff_max:0.2505398094654083 - rollout_corr/log_ppl_diff_min:-0.15166765451431274 - rollout_corr/ppl_ratio:1.011865268771847 - rollout_corr/chi2_token:0.115112346286575 - rollout_corr/chi2_seq:5.983388472969334 - actor/pg_loss:0.2215359744101686 - actor/kl_loss:0.0 - actor/grpo_loss:0.0 - actor/vopd_loss:0.2215359744101686 - actor/vopd_loss_weighted:0.2215359744101686 - actor/policy_fallback_fraction:0.0 - aha/u_mean:-1.0785792966077377 - aha/u_neg_valley_frac:0.5320574411501487 - aha/floor_clamped_frac:0.5320574411501487 - aha/q_tail_mass:0.01375912189655537 - aha/u_centered_mean:-0.7003106897075971 - aha/u_centered_absmean:1.1041683219373226 - aha/u_centered_wmean:-2.130862258112783e-08 - aha/argmax_conf:0.9597224593162537 - self_distillation/raw_jsd_token_mean:0.2215359744101685 - self_distillation/weighted_jsd_token_mean:0.2215359744101685 - self_distillation/self_distillation_mask.mean():1.0 - self_distillation/num_distill_tokens:144.53125 - self_distillation/empty_target_batch:0.0 - actor/grad_norm:1.1781458854675293 - timing_s/update_actor/student_forward:46.74113282945473 - timing_s/update_actor/teacher_forward:74.72610423492733 - timing_s/update_actor/teacher_full_forward:0.0 - timing_s/update_actor/teacher_null_forward:54.90844597911928 - timing_s/update_actor/loss_compute:0.05826646968489513 - timing_s/update_actor/backward:91.7262945206021 - timing_s/update_actor/optimizer_step:0.08556519000558183 - timing_s/update_actor/teacher_ema_update:5.2541960030794144e-05 - perf/mfu/actor:0.0 - perf/max_memory_allocated_gb:84.43045425415039 - perf/max_memory_reserved_gb:96.8359375 - perf/cpu_memory_used_gb:338.74044036865234 - actor/lr:2e-06 - training/global_step:29 - training/epoch:0 - response_length/mean:144.53125 - response_length/max:1024.0 - response_length/min:4.0 - response_length/clip_ratio:0.02083333395421505 - response_length_non_aborted/mean:144.53125 - response_length_non_aborted/max:1024.0 - response_length_non_aborted/min:4.0 - response_length_non_aborted/clip_ratio:0.02083333395421505 - response/aborted_ratio:0.0 - prompt_length/mean:3385.104248046875 - prompt_length/max:3964.0 - prompt_length/min:3203.0 - prompt_length/clip_ratio:0.0 - num_turns/min:2 - num_turns/max:2 - num_turns/mean:2.0 - timing_s/start_profile:5.441397661343217e-05 - timing_s/agent_loop/generate_sequences/min:4.755443341040518 - timing_s/agent_loop/generate_sequences/max:24.666889737010933 - timing_s/agent_loop/generate_sequences/mean:13.081190780846251 - timing_s/agent_loop/tool_calls/min:0.0 - timing_s/agent_loop/tool_calls/max:0.0 - timing_s/agent_loop/tool_calls/mean:0.0 - timing_s/agent_loop/slowest/generate_sequences:24.666889737010933 - timing_s/agent_loo[36m(TaskRunner pid=745489)[0m Training Progress:  57%|█████▋    | 29/51 [2:59:20<2:16:39, 372.71s/it]
[36m(TaskRunner pid=745489)[0m Training Progress:  59%|█████▉    | 30/51 [3:05:54<2:12:42, 379.19s/it]
[36m(WorkerDict pid=798195)[0m /sfs/weka/scratch/nkw3mr/Vision-OPD-OPSA/verl/utils/device.py:134: FutureWarning: torch.cuda._set_allocator_settings is deprecated. Use torch._C._accelerator_setAllocatorSettings instead.
[36m(WorkerDict pid=798195)[0m   torch.cuda.memory._set_allocator_settings(f"expandable_segments:{enable}")
p/slowest/tool_calls:0.0 - timing_s/agent_loop/slowest/prompt_length:3406 - timing_s/agent_loop/slowest/response_length:1024 - timing_s/gen:35.90657009597635 - timing_s/adv:28.271004268026445 - timing_s/update_actor:308.1463877809583 - timing_s/dump_rollout_generations:0.058912366977892816 - timing_s/step:372.40900325600524 - timing_s/stop_profile:2.430297899991274e-05 - timing_per_token_ms/gen:2.5878609078181154 - timing_per_token_ms/adv:0.08343344085946804 - timing_per_token_ms/update_actor:0.9094021979989622 - perf/total_num_tokens:338845 - perf/time_per_step:372.40900325600524 - perf/throughput:454.93663826256596
[36m(TaskRunner pid=745489)[0m Dumped generations to /sfs/weka/scratch/nkw3mr/Vision-OPD-OPSA/rollouts/Aha-center-floor-Qwen3.5-4B-6karmA/30.jsonl
[36m(TaskRunner pid=745489)[0m local_global_step_folder: /sfs/weka/scratch/nkw3mr/Vision-OPD-OPSA/checkpoints/Aha-center-floor-Qwen3.5-4B-6karmA/global_step_30
[36m(TaskRunner pid=745489)[0m step:30 - global_seqlen/min:341523 - global_seqlen/max:341523 - global_seqlen/minmax_diff:0 - global_seqlen/balanced_min:341523 - global_seqlen/balanced_max:341523 - global_seqlen/mean:341523.0 - self_distillation/teacher_always_on_fraction:1.0 - self_distillation/teacher_image_swap_fraction:1.0 - self_distillation/policy_fallback_fraction:0.0 - self_distillation/grpo_fallback_count:0.0 - rollout_corr/rollout_is_mean:1.0 - rollout_corr/rollout_is_ratio_fraction_high:0.0 - rollout_corr/rollout_is_ratio_fraction_low:0.0 - rollout_corr/rollout_is_max:1.0 - rollout_corr/rollout_is_min:1.0 - rollout_corr/rollout_is_std:0.0 - rollout_corr/rollout_is_eff_sample_size:1.0 - rollout_corr/rollout_is_seq_mean:1.0 - rollout_corr/rollout_is_seq_std:0.0 - rollout_corr/rollout_is_seq_max:1.0 - rollout_corr/rollout_is_seq_min:1.0 - rollout_corr/rollout_is_seq_max_deviation:0.0 - rollout_corr/rollout_is_seq_fraction_high:0.0 - rollout_corr/rollout_is_seq_fraction_low:0.0 - rollout_corr/training_ppl:2.9557812499503293 - rollout_corr/training_log_ppl:0.9348889039829373 - rollout_corr/kl:0.0030408162647290737 - rollout_corr/k3_kl:0.021244504491429932 - rollout_corr/rollout_ppl:2.917688942203919 - rollout_corr/rollout_log_ppl:0.9318480961956084 - rollout_corr/log_ppl_diff:0.0030408077873289585 - rollout_corr/log_ppl_abs_diff:0.04030858368302385 - rollout_corr/log_ppl_diff_max:0.11954987049102783 - rollout_corr/log_ppl_diff_min:-0.16391950845718384 - rollout_corr/ppl_ratio:1.0043707247823477 - rollout_corr/chi2_token:0.0864097351829211 - rollout_corr/chi2_seq:0.8022375044723352 - actor/pg_loss:0.17685125883629857 - actor/kl_loss:0.0 - actor/grpo_loss:0.0 - actor/vopd_loss:0.17685125883629857 - actor/vopd_loss_weighted:0.17685125883629857 - actor/policy_fallback_fraction:0.0 - aha/u_mean:-1.1146218003899169 - aha/u_neg_valley_frac:0.5013987075847884 - aha/floor_clamped_frac:0.5013987075847884 - aha/q_tail_mass:0.0067254625594254476 - aha/u_centered_mean:-0.6231726797219986 - aha/u_centered_absmean:0.9789151313404242 - aha/u_centered_wmean:-2.904226987342449e-08 - aha/argmax_conf:0.9484697580337524 - self_distillation/raw_jsd_token_mean:0.17685125883629857 - self_distillation/weighted_jsd_token_mean:0.17685125883629857 - self_distillation/self_distillation_mask.mean():1.0 - self_distillation/num_distill_tokens:135.23958333333334 - self_distillation/empty_target_batch:0.0 - actor/grad_norm:1.3904625177383423 - timing_s/update_actor/student_forward:55.55575105821481 - timing_s/update_actor/teacher_forward:72.20260776911164 - timing_s/update_actor/teacher_full_forward:0.0 - timing_s/update_actor/teacher_null_forward:57.165157787909266 - timing_s/update_actor/loss_compute:0.05935925937956199 - timing_s/update_actor/backward:87.8094479671563 - timing_s/update_actor/optimizer_step:0.08568412798922509 - timing_s/update_actor/teacher_ema_update:5.234201671555638e-05 - perf/mfu/actor:0.0 - perf/max_memory_allocated_gb:84.43045425415039 - perf/max_memory_reserved_gb:96.8359375 - perf/cpu_memory_used_gb:339.74267578125 - actor/lr:2e-06 - training/global_step:30 - training/epoch:0 - response_length/mean:135.2395782470703 - response_length/max:1024.0 - response_length/min:4.0 - response_length/clip_ratio:0.010416666977107525 - response_length_non_aborted/mean:135.2395782470703 - response_length_non_aborted/max:1024.0 - response_length_non_aborted/min:4.0 - response_length_non_aborted/clip_ratio:0.010416666977107525 - response/aborted_ratio:0.0 - prompt_length/mean:3422.291748046875 - prompt_length/max:4239.0 - prompt_length/min:3258.0 - prompt_length/clip_ratio:0.0 - num_turns/min:2 - num_turns/max:2 - num_turns/mean:2.0 - timing_s/start_profile:2.3541972041130066e-05 - timing_s/agent_loop/generate_sequences/min:4.266822682984639 - timing_s/agent_loop/generate_sequences/max:24.397431867022533 - timing_s/agent_loop/generate_sequences/mean:12.489566531562863 - timing_s/agent_loop/tool_calls/min:0.0 - timing_s/agent_loop/tool_calls/max:0.0 - timing_s/agent_loop/tool_calls/mean:0.0 - timing_s/agent_loop/slowest/generate_sequences:24.397431867022533 - timing_s/agent_loop/slowest/tool_calls:0.0 - timing_s/agent_loop/slowest/prompt_length:3354 - timing_s/agent_loop/slowest/response_length:1024 - timing_s/gen:35.2023803369957 - timing_s/adv:23.611076435016003 - timing_s/update_actor:312.8013160479604 - timing_s/dump_rollout_generations:0.05384783004410565 - timing_s/step:371.6948092249804 - timing_s/save_checkpoint:22.28824445902137 - timing_s/stop_profile:3.649003338068724e-05 - timing_per_token_ms/gen:2.7114211150732266 - timing_per_token_ms/adv:0.06913465984726067 - timing_per_token_ms/update_actor:0.915901172243042 - perf/total_num_tokens:341523 - perf/time_per_step:371.6948092249804 - perf/throughput:459.4131953471565
[36m(TaskRunner pid=745489)[0m Dumped generations to /sfs/weka/scratch/nkw3mr/Vision-OPD-OPSA/rollouts/Aha-center-floor-Qwen3.5-4B-6karmA/31.jsonl
[36m(TaskRunner pid=745489)[0m step:31 - global_seqlen/min:339104 - global_seqlen/max:339104 - global_seqlen/minmax_diff:0 - global_seqlen/balanced_min:339104 - global_seqlen/balanced_max:339104 - global_seqlen/mean:339104.0 - self_distillation/teacher_always_on_fraction:1.0 - self_distillation/teacher_image_swap_fraction:1.0 - self_distillation/policy_fallback_fraction:0.0 - self_distillation/grpo_fallback_count:0.0 - rollout_corr/rollout_is_mean:1.0 - rollout_corr/rollout_is_ratio_fraction_high:0.0 - rollout_corr/rollout_is_ratio_fraction_low:0.0 - rollout_corr/rollout_is_max:1.0 - rollout_corr/rollout_is_min:1.0 - rollout_corr/rollout_is_std:0.0 - rollout_corr/rollout_is_eff_sample_size:1.0 - rollout_corr/rollout_is_seq_mean:1.0 - rollout_corr/rollout_is_seq_std:0.0 - rollout_corr/rollout_is_seq_max:1.0 - rollout_corr/rollout_is_seq_min:1.0 - rollout_corr/rollout_is_seq_max_deviation:0.0 - rollout_corr/rollout_is_seq_fraction_high:0.0 - rollout_corr/rollout_is_seq_fraction_low:0.0 - rollout_corr/training_ppl:3.087965858479341 - rollout_corr/training_log_ppl:1.000387974549085 - rollout_corr/kl:0.011857438311077809 - rollout_corr/k3_kl:0.023325952723098453 - rollout_corr/rollout_ppl:3.0167927195628486 - rollout_corr/rollout_log_ppl:0.9885305444089075 - rollout_corr/log_ppl_diff:0.011857430140177408 - rollout_corr/log_ppl_abs_diff:0.037642717361450195 - rollout_corr/log_ppl_diff_max:0.17086493968963623 - rollout_corr/log_ppl_diff_min:-0.1440010666847229 - rollout_corr/ppl_ratio:1.0129767792920272 - rollout_corr/chi2_token:0.07905857264995575 - rollout_corr/chi2_seq:10.340892277657986 - actor/pg_loss:0.22120992049894994 - actor/kl_loss:0.0 - actor/grpo_loss:0.0 - actor/vopd_loss:0.22120992049894994 - actor/vopd_loss_weighted:0.22120992049894994 - actor/policy_fallback_fraction:0.0 - aha/u_mean:-1.190859771760491 - aha/u_neg_valley_frac:0.5286533540735642 - aha/floor_clamped_frac:0.5286533540735642 - aha/q_tail_mass:0.03175419198107458 - aha/u_centered_mean:-0.7453408245831573 - aha/u_centered_absmean:1.1289962930604815 - aha/u_centered_wmean:-2.8545182516037198e-08 - aha/argmax_conf:0.9441781044006348 - self_distillation/raw_jsd_token_mean:0.22120992049894994 - self_distillation/weighted_jsd_token_mean:0.22120992049894994 - self_distillation/self_distillation_mask.mean():1.0 - self_distillation/num_distill_tokens:127.39583333333333 - self_distillation/empty_target_batch:0.0 - actor/grad_norm:0.9915464520454407 - timing_s/update_actor/student_forward:47.33415946003515 - timing_s/update_actor/teacher_forward:77.58247557521099 - timing_s/update_actor/teacher_full_forward:0.0 - timing_s/update_actor/teacher_null_forward:53.87188440881437 - timing_s/update_actor/loss_compute:0.05712273594690487 - timing_s/update_actor/backward:94.31708485272247 - timing_s/update_actor/optimizer_step:0.08543362200725824 - timing_s/update_actor/teacher_ema_update:7.26499711163342e-05 - perf/mfu/actor:0.0 - perf/max_memory_allocated_gb:84.43045425415039 - perf/max_memory_reserved_gb:96.8359375 - perf/cpu_memory_used_gb:339.5612487792969 - actor/lr:2e-06 - training/global_step:31 - training/epoch:0 - response_length/mean:127.39583587646484 - response_length/max:1024.0 - response_length/min:4.0 - response_length/clip_ratio:0.0416666679084301 - response_length_non_aborted/mean:127.39583587646484 - response_length_non_aborted/max:1024.0 - response_length_non_aborted/min:4.0 - response_length_non_aborted/clip_ratio:0.0416666679084301 - response/aborted_ratio:0.0 - prompt_length/mean:3404.9375 - prompt_length/max:5368.0 - prompt_length/min:3255.0 - prompt_length/clip_ratio:0.0 - num_turns/min:2 - num_turns/max:2 - num_turns/mean:2.0 - timing_s/start_profile:2.9060000088065863e-05 - timing_s/agent_loop/generate_sequences/min:4.761683294957038 - timing_s/agent_loop/generate_sequences/max:23.867245208995882 - timing_s/agent_loop/generate_sequences/mean:12.445398155522222 - timing_s/agent_loop/tool_calls/min:0.0 - timing_s/agent_loop/tool_calls/max:0.0 - timing_s/agent_loop/tool_calls/mean:0.0 - timing_s/agent_loop/slowest/generate_sequences:23.867245208[36m(TaskRunner pid=745489)[0m Training Progress:  61%|██████    | 31/51 [3:12:06<2:05:39, 377.00s/it]
[36m(WorkerDict pid=798191)[0m /sfs/weka/scratch/nkw3mr/Vision-OPD-OPSA/verl/utils/device.py:134: FutureWarning: torch.cuda._set_allocator_settings is deprecated. Use torch._C._accelerator_setAllocatorSettings instead.
[36m(WorkerDict pid=798191)[0m   torch.cuda.memory._set_allocator_settings(f"expandable_segments:{enable}")
[36m(TaskRunner pid=745489)[0m Training Progress:  63%|██████▎   | 32/51 [3:18:22<1:59:18, 376.74s/it]
995882 - timing_s/agent_loop/slowest/tool_calls:0.0 - timing_s/agent_loop/slowest/prompt_length:3347 - timing_s/agent_loop/slowest/response_length:1024 - timing_s/gen:34.40454034798313 - timing_s/adv:23.81607281899778 - timing_s/update_actor:313.26564717903966 - timing_s/dump_rollout_generations:0.0563800010131672 - timing_s/step:371.5683778299717 - timing_s/stop_profile:2.990098437294364e-05 - timing_per_token_ms/gen:2.8131267659839025 - timing_per_token_ms/adv:0.07023235591145426 - timing_per_token_ms/update_actor:0.9238040458945919 - perf/total_num_tokens:339104 - perf/time_per_step:371.5683778299717 - perf/throughput:456.31439626325346
[36m(TaskRunner pid=745489)[0m Dumped generations to /sfs/weka/scratch/nkw3mr/Vision-OPD-OPSA/rollouts/Aha-center-floor-Qwen3.5-4B-6karmA/32.jsonl
[36m(TaskRunner pid=745489)[0m step:32 - global_seqlen/min:339560 - global_seqlen/max:339560 - global_seqlen/minmax_diff:0 - global_seqlen/balanced_min:339560 - global_seqlen/balanced_max:339560 - global_seqlen/mean:339560.0 - self_distillation/teacher_always_on_fraction:1.0 - self_distillation/teacher_image_swap_fraction:1.0 - self_distillation/policy_fallback_fraction:0.0 - self_distillation/grpo_fallback_count:0.0 - rollout_corr/rollout_is_mean:1.0 - rollout_corr/rollout_is_ratio_fraction_high:0.0 - rollout_corr/rollout_is_ratio_fraction_low:0.0 - rollout_corr/rollout_is_max:1.0 - rollout_corr/rollout_is_min:1.0 - rollout_corr/rollout_is_std:0.0 - rollout_corr/rollout_is_eff_sample_size:1.0 - rollout_corr/rollout_is_seq_mean:1.0 - rollout_corr/rollout_is_seq_std:0.0 - rollout_corr/rollout_is_seq_max:1.0 - rollout_corr/rollout_is_seq_min:1.0 - rollout_corr/rollout_is_seq_max_deviation:0.0 - rollout_corr/rollout_is_seq_fraction_high:0.0 - rollout_corr/rollout_is_seq_fraction_low:0.0 - rollout_corr/training_ppl:3.4121999194224677 - rollout_corr/training_log_ppl:1.125730731524527 - rollout_corr/kl:0.02417009462533315 - rollout_corr/k3_kl:0.026141144508907626 - rollout_corr/rollout_ppl:3.3137306620677314 - rollout_corr/rollout_log_ppl:1.1015606395279367 - rollout_corr/log_ppl_diff:0.024170091996590298 - rollout_corr/log_ppl_abs_diff:0.039484268675247826 - rollout_corr/log_ppl_diff_max:0.18056142330169678 - rollout_corr/log_ppl_diff_min:-0.08866000175476074 - rollout_corr/ppl_ratio:1.0255148131400347 - rollout_corr/chi2_token:0.06127262177566687 - rollout_corr/chi2_seq:0.8115601049115261 - actor/pg_loss:0.2322731311942334 - actor/kl_loss:0.0 - actor/grpo_loss:0.0 - actor/vopd_loss:0.2322731311942334 - actor/vopd_loss_weighted:0.2322731311942334 - actor/policy_fallback_fraction:0.0 - aha/u_mean:-0.803367322019767 - aha/u_neg_valley_frac:0.5226233042776585 - aha/floor_clamped_frac:0.5226233042776585 - aha/q_tail_mass:0.020930418366314523 - aha/u_centered_mean:-0.5999063912313432 - aha/u_centered_absmean:1.0337571958079934 - aha/u_centered_wmean:-1.6984218106572135e-08 - aha/argmax_conf:0.9521716237068176 - self_distillation/raw_jsd_token_mean:0.23227313119423343 - self_distillation/weighted_jsd_token_mean:0.23227313119423343 - self_distillation/self_distillation_mask.mean():1.0 - self_distillation/num_distill_tokens:164.85416666666666 - self_distillation/empty_target_batch:0.0 - actor/grad_norm:1.474540114402771 - timing_s/update_actor/student_forward:60.72356911789393 - timing_s/update_actor/teacher_forward:63.6467942695017 - timing_s/update_actor/teacher_full_forward:0.0 - timing_s/update_actor/teacher_null_forward:61.654604188748635 - timing_s/update_actor/loss_compute:0.057004913222044706 - timing_s/update_actor/backward:86.14598335308256 - timing_s/update_actor/optimizer_step:0.08554477099096403 - timing_s/update_actor/teacher_ema_update:7.587403524667025e-05 - perf/mfu/actor:0.0 - perf/max_memory_allocated_gb:84.43045425415039 - perf/max_memory_reserved_gb:96.8359375 - perf/cpu_memory_used_gb:338.8282051086426 - actor/lr:2e-06 - training/global_step:32 - training/epoch:0 - response_length/mean:164.8541717529297 - response_length/max:1024.0 - response_length/min:4.0 - response_length/clip_ratio:0.0520833320915699 - response_length_non_aborted/mean:164.8541717529297 - response_length_non_aborted/max:1024.0 - response_length_non_aborted/min:4.0 - response_length_non_aborted/clip_ratio:0.0520833320915699 - response/aborted_ratio:0.0 - prompt_length/mean:3372.229248046875 - prompt_length/max:3958.0 - prompt_length/min:3157.0 - prompt_length/clip_ratio:0.0 - num_turns/min:2 - num_turns/max:2 - num_turns/mean:2.0 - timing_s/start_profile:2.958101686090231e-05 - timing_s/agent_loop/generate_sequences/min:4.251506154017989 - timing_s/agent_loop/generate_sequences/max:24.751982038957067 - timing_s/agent_loop/generate_sequences/mean:13.012791045801956 - timing_s/agent_loop/tool_calls/min:0.0 - timing_s/agent_loop/tool_calls/max:0.0 - timing_s/agent_loop/tool_calls/mean:0.0 - timing_s/agent_loop/slowest/generate_sequences:24.751982038957067 - timing_s/agent_loop/slowest/tool_calls:0.0 - timing_s/agent_loop/slowest/prompt_length:3410 - timing_s/agent_loop/slowest/response_length:1024 - timing_s/gen:36.50168035499519 - timing_s/adv:25.508539081027266 - timing_s/update_actor:313.7013442349853 - timing_s/dump_rollout_generations:0.07302981201792136 - timing_s/step:375.80952301598154 - timing_s/stop_profile:3.0931958463042974e-05 - timing_per_token_ms/gen:2.306437530329533 - timing_per_token_ms/adv:0.07512233207983056 - timing_per_token_ms/update_actor:0.9238465786164015 - perf/total_num_tokens:339560 - perf/time_per_step:375.80952301598154 - perf/throughput:451.7714150441579
[36m(TaskRunner pid=745489)[0m Dumped generations to /sfs/weka/scratch/nkw3mr/Vision-OPD-OPSA/rollouts/Aha-center-floor-Qwen3.5-4B-6karmA/33.jsonl
[36m(TaskRunner pid=745489)[0m step:33 - global_seqlen/min:340845 - global_seqlen/max:340845 - global_seqlen/minmax_diff:0 - global_seqlen/balanced_min:340845 - global_seqlen/balanced_max:340845 - global_seqlen/mean:340845.0 - self_distillation/teacher_always_on_fraction:1.0 - self_distillation/teacher_image_swap_fraction:1.0 - self_distillation/policy_fallback_fraction:0.0 - self_distillation/grpo_fallback_count:0.0 - rollout_corr/rollout_is_mean:1.0 - rollout_corr/rollout_is_ratio_fraction_high:0.0 - rollout_corr/rollout_is_ratio_fraction_low:0.0 - rollout_corr/rollout_is_max:1.0 - rollout_corr/rollout_is_min:1.0 - rollout_corr/rollout_is_std:0.0 - rollout_corr/rollout_is_eff_sample_size:1.0 - rollout_corr/rollout_is_seq_mean:1.0 - rollout_corr/rollout_is_seq_std:0.0 - rollout_corr/rollout_is_seq_max:1.0 - rollout_corr/rollout_is_seq_min:1.0 - rollout_corr/rollout_is_seq_max_deviation:0.0 - rollout_corr/rollout_is_seq_fraction_high:0.0 - rollout_corr/rollout_is_seq_fraction_low:0.0 - rollout_corr/training_ppl:3.6811798736453056 - rollout_corr/training_log_ppl:1.1851457245647907 - rollout_corr/kl:0.019790805923851924 - rollout_corr/k3_kl:0.02255279111705022 - rollout_corr/rollout_ppl:3.60252388070027 - rollout_corr/rollout_log_ppl:1.1653549252077937 - rollout_corr/log_ppl_diff:0.019790799356997013 - rollout_corr/log_ppl_abs_diff:0.035052482349177204 - rollout_corr/log_ppl_diff_max:0.20864588022232056 - rollout_corr/log_ppl_diff_min:-0.11662083864212036 - rollout_corr/ppl_ratio:1.0208979267627 - rollout_corr/chi2_token:0.05874106908837954 - rollout_corr/chi2_seq:5.890339981764555 - actor/pg_loss:0.22075991392678893 - actor/kl_loss:0.0 - actor/grpo_loss:0.0 - actor/vopd_loss:0.22075991392678893 - actor/vopd_loss_weighted:0.22075991392678893 - actor/policy_fallback_fraction:0.0 - aha/u_mean:-0.8411850090148315 - aha/u_neg_valley_frac:0.523618234321475 - aha/floor_clamped_frac:0.523618234321475 - aha/q_tail_mass:0.010705753025921657 - aha/u_centered_mean:-0.5855916789732873 - aha/u_centered_absmean:1.0094429853682716 - aha/u_centered_wmean:-1.6707460526755685e-08 - aha/argmax_conf:0.9849406480789185 - self_distillation/raw_jsd_token_mean:0.22075991392678893 - self_distillation/weighted_jsd_token_mean:0.22075991392678893 - self_distillation/self_distillation_mask.mean():1.0 - self_distillation/num_distill_tokens:180.80208333333334 - self_distillation/empty_target_batch:0.0 - actor/grad_norm:0.8736578822135925 - timing_s/update_actor/student_forward:58.521258716180455 - timing_s/update_actor/teacher_forward:73.0645645231125 - timing_s/update_actor/teacher_full_forward:0.0 - timing_s/update_actor/teacher_null_forward:53.67452599230455 - timing_s/update_actor/loss_compute:0.05783736426383257 - timing_s/update_actor/backward:86.30620447109686 - timing_s/update_actor/optimizer_step:0.08612394297961146 - timing_s/update_actor/teacher_ema_update:8.283299393951893e-05 - perf/mfu/actor:0.0 - perf/max_memory_allocated_gb:84.43045425415039 - perf/max_memory_reserved_gb:96.8359375 - perf/cpu_memory_used_gb:337.99377059936523 - actor/lr:2e-06 - training/global_step:33 - training/epoch:0 - response_length/mean:180.8020782470703 - response_length/max:1024.0 - response_length/min:4.0 - response_length/clip_ratio:0.03125 - response_length_non_aborted/mean:180.8020782470703 - response_length_non_aborted/max:1024.0 - response_length_non_aborted/min:4.0 - response_length_non_aborted/clip_ratio:0.03125 - response/aborted_ratio:0.0 - prompt_length/mean:3369.666748046875 - prompt_length/max:4002.0 - prompt_length/min:3341.0 - prompt_length/clip_ratio:0.0 - num_turns/min:2 - num_turns/max:2 - num_turns/mean:2.0 - timing_s/start_profile:4.3720006942749023e-05 - timing_s/agent_loop/generate_sequences/min:5.363965450960677 - timing_s/agent_loop/generate_sequences/max:24.71044890000485 - timing_s/agent_loop/generate_sequences/mean:13.928664007814708 - timing_s/agent_loop/tool_calls/min:0.0 - timing_s/agent_loop/tool_calls/max:0.0 - timing_s/agent_loop/tool_calls/mean:0.0 - timing_s/agent_loop/slowest/generate_sequences:24.71044890000485 - timing_s/ag[36m(TaskRunner pid=745489)[0m Training Progress:  65%|██████▍   | 33/51 [3:24:32<1:52:25, 374.73s/it]
[36m(TaskRunner pid=745489)[0m Training Progress:  67%|██████▋   | 34/51 [3:30:49<1:46:20, 375.33s/it]
ent_loop/slowest/tool_calls:0.0 - timing_s/agent_loop/slowest/prompt_length:3395 - timing_s/agent_loop/slowest/response_length:1024 - timing_s/gen:35.188626038026996 - timing_s/adv:22.30643798399251 - timing_s/update_actor:312.14944582397584 - timing_s/dump_rollout_generations:0.05789400398498401 - timing_s/step:369.73432182800025 - timing_s/stop_profile:2.3522006813436747e-05 - timing_per_token_ms/gen:2.0273449350709796 - timing_per_token_ms/adv:0.06544452165644944 - timing_per_token_ms/update_actor:0.9158105467997941 - perf/total_num_tokens:340845 - perf/time_per_step:369.73432182800025 - perf/throughput:460.9323233975564
[36m(TaskRunner pid=745489)[0m Dumped generations to /sfs/weka/scratch/nkw3mr/Vision-OPD-OPSA/rollouts/Aha-center-floor-Qwen3.5-4B-6karmA/34.jsonl
[36m(TaskRunner pid=745489)[0m step:34 - global_seqlen/min:350556 - global_seqlen/max:350556 - global_seqlen/minmax_diff:0 - global_seqlen/balanced_min:350556 - global_seqlen/balanced_max:350556 - global_seqlen/mean:350556.0 - self_distillation/teacher_always_on_fraction:1.0 - self_distillation/teacher_image_swap_fraction:1.0 - self_distillation/policy_fallback_fraction:0.0 - self_distillation/grpo_fallback_count:0.0 - rollout_corr/rollout_is_mean:1.0 - rollout_corr/rollout_is_ratio_fraction_high:0.0 - rollout_corr/rollout_is_ratio_fraction_low:0.0 - rollout_corr/rollout_is_max:1.0 - rollout_corr/rollout_is_min:1.0 - rollout_corr/rollout_is_std:0.0 - rollout_corr/rollout_is_eff_sample_size:1.0 - rollout_corr/rollout_is_seq_mean:1.0 - rollout_corr/rollout_is_seq_std:0.0 - rollout_corr/rollout_is_seq_max:1.0 - rollout_corr/rollout_is_seq_min:1.0 - rollout_corr/rollout_is_seq_max_deviation:0.0 - rollout_corr/rollout_is_seq_fraction_high:0.0 - rollout_corr/rollout_is_seq_fraction_low:0.0 - rollout_corr/training_ppl:3.6992023587226868 - rollout_corr/training_log_ppl:1.2003042803456385 - rollout_corr/kl:0.021448273683442192 - rollout_corr/k3_kl:0.024424359339415485 - rollout_corr/rollout_ppl:3.615377056101958 - rollout_corr/rollout_log_ppl:1.1788560083756845 - rollout_corr/log_ppl_diff:0.021448271969954174 - rollout_corr/log_ppl_abs_diff:0.029992242033282917 - rollout_corr/log_ppl_diff_max:0.12504124641418457 - rollout_corr/log_ppl_diff_min:-0.07166743278503418 - rollout_corr/ppl_ratio:1.022143407414357 - rollout_corr/chi2_token:0.06800154658655326 - rollout_corr/chi2_seq:0.1741586153705915 - actor/pg_loss:0.22049614135661008 - actor/kl_loss:0.0 - actor/grpo_loss:0.0 - actor/vopd_loss:0.22049614135661008 - actor/vopd_loss_weighted:0.22049614135661008 - actor/policy_fallback_fraction:0.0 - aha/u_mean:-0.8601846184416596 - aha/u_neg_valley_frac:0.5514842110375563 - aha/floor_clamped_frac:0.5514842110375563 - aha/q_tail_mass:0.012716189099649 - aha/u_centered_mean:-0.6521550984277079 - aha/u_centered_absmean:1.0630822523186605 - aha/u_centered_wmean:-1.6952535346134955e-08 - aha/argmax_conf:0.9794031381607056 - self_distillation/raw_jsd_token_mean:0.22049614135661008 - self_distillation/weighted_jsd_token_mean:0.22049614135661008 - self_distillation/self_distillation_mask.mean():1.0 - self_distillation/num_distill_tokens:218.39583333333334 - self_distillation/empty_target_batch:0.0 - actor/grad_norm:1.120099663734436 - timing_s/update_actor/student_forward:61.13749917066889 - timing_s/update_actor/teacher_forward:65.23075691785198 - timing_s/update_actor/teacher_full_forward:0.0 - timing_s/update_actor/teacher_null_forward:60.92561436723918 - timing_s/update_actor/loss_compute:0.05961781705264002 - timing_s/update_actor/backward:88.3008616187144 - timing_s/update_actor/optimizer_step:0.08618193003349006 - timing_s/update_actor/teacher_ema_update:7.795594865456223e-05 - perf/mfu/actor:0.0 - perf/max_memory_allocated_gb:84.43045425415039 - perf/max_memory_reserved_gb:96.8359375 - perf/cpu_memory_used_gb:340.1908531188965 - actor/lr:2e-06 - training/global_step:34 - training/epoch:0 - response_length/mean:218.3958282470703 - response_length/max:1024.0 - response_length/min:4.0 - response_length/clip_ratio:0.09375 - response_length_non_aborted/mean:218.3958282470703 - response_length_non_aborted/max:1024.0 - response_length_non_aborted/min:4.0 - response_length_non_aborted/clip_ratio:0.09375 - response/aborted_ratio:0.0 - prompt_length/mean:3433.229248046875 - prompt_length/max:4849.0 - prompt_length/min:3342.0 - prompt_length/clip_ratio:0.0 - num_turns/min:2 - num_turns/max:2 - num_turns/mean:2.0 - timing_s/start_profile:2.2500986233353615e-05 - timing_s/agent_loop/generate_sequences/min:4.752917542995419 - timing_s/agent_loop/generate_sequences/max:26.868633211997803 - timing_s/agent_loop/generate_sequences/mean:15.643913952770768 - timing_s/agent_loop/tool_calls/min:0.0 - timing_s/agent_loop/tool_calls/max:0.0 - timing_s/agent_loop/tool_calls/mean:0.0 - timing_s/agent_loop/slowest/generate_sequences:26.868633211997803 - timing_s/agent_loop/slowest/tool_calls:0.0 - timing_s/agent_loop/slowest/prompt_length:3343 - timing_s/agent_loop/slowest/response_length:1024 - timing_s/gen:37.62536751496373 - timing_s/adv:22.11014691501623 - timing_s/update_actor:316.35503119201167 - timing_s/dump_rollout_generations:0.3114896910265088 - timing_s/step:376.4269532180042 - timing_s/stop_profile:3.066199133172631e-05 - timing_per_token_ms/gen:1.7945896935497343 - timing_per_token_ms/adv:0.06307165450032585 - timing_per_token_ms/update_actor:0.9024379305788851 - perf/total_num_tokens:350556 - perf/time_per_step:376.4269532180042 - perf/throughput:465.6361572984636
[36m(TaskRunner pid=745489)[0m Dumped generations to /sfs/weka/scratch/nkw3mr/Vision-OPD-OPSA/rollouts/Aha-center-floor-Qwen3.5-4B-6karmA/35.jsonl
[36m(TaskRunner pid=745489)[0m local_global_step_folder: /sfs/weka/scratch/nkw3mr/Vision-OPD-OPSA/checkpoints/Aha-center-floor-Qwen3.5-4B-6karmA/global_step_35
[36m(TaskRunner pid=745489)[0m step:35 - global_seqlen/min:337260 - global_seqlen/max:337260 - global_seqlen/minmax_diff:0 - global_seqlen/balanced_min:337260 - global_seqlen/balanced_max:337260 - global_seqlen/mean:337260.0 - self_distillation/teacher_always_on_fraction:1.0 - self_distillation/teacher_image_swap_fraction:1.0 - self_distillation/policy_fallback_fraction:0.0 - self_distillation/grpo_fallback_count:0.0 - rollout_corr/rollout_is_mean:1.0 - rollout_corr/rollout_is_ratio_fraction_high:0.0 - rollout_corr/rollout_is_ratio_fraction_low:0.0 - rollout_corr/rollout_is_max:1.0 - rollout_corr/rollout_is_min:1.0 - rollout_corr/rollout_is_std:0.0 - rollout_corr/rollout_is_eff_sample_size:1.0 - rollout_corr/rollout_is_seq_mean:1.0 - rollout_corr/rollout_is_seq_std:0.0 - rollout_corr/rollout_is_seq_max:1.0 - rollout_corr/rollout_is_seq_min:1.0 - rollout_corr/rollout_is_seq_max_deviation:0.0 - rollout_corr/rollout_is_seq_fraction_high:0.0 - rollout_corr/rollout_is_seq_fraction_low:0.0 - rollout_corr/training_ppl:4.075462797035773 - rollout_corr/training_log_ppl:1.2095887223258615 - rollout_corr/kl:0.019945661602378095 - rollout_corr/k3_kl:0.022432300420253643 - rollout_corr/rollout_ppl:3.982434688756863 - rollout_corr/rollout_log_ppl:1.189643054579695 - rollout_corr/log_ppl_diff:0.01994566774616639 - rollout_corr/log_ppl_abs_diff:0.03299488096187512 - rollout_corr/log_ppl_diff_max:0.0939226746559143 - rollout_corr/log_ppl_diff_min:-0.1423882246017456 - rollout_corr/ppl_ratio:1.0208054042110841 - rollout_corr/chi2_token:0.05503035274644693 - rollout_corr/chi2_seq:7.362889237701893 - actor/pg_loss:0.2284145520679886 - actor/kl_loss:0.0 - actor/grpo_loss:0.0 - actor/vopd_loss:0.2284145520679886 - actor/vopd_loss_weighted:0.2284145520679886 - actor/policy_fallback_fraction:0.0 - aha/u_mean:-0.7464906401874032 - aha/u_neg_valley_frac:0.5208197943866253 - aha/floor_clamped_frac:0.5208197943866253 - aha/q_tail_mass:0.020479820646452634 - aha/u_centered_mean:-0.5744302417491175 - aha/u_centered_absmean:1.0090092727914453 - aha/u_centered_wmean:-1.0926553054852137e-08 - aha/argmax_conf:0.9807818531990051 - self_distillation/raw_jsd_token_mean:0.22841455206798855 - self_distillation/weighted_jsd_token_mean:0.22841455206798855 - self_distillation/self_distillation_mask.mean():1.0 - self_distillation/num_distill_tokens:151.97916666666666 - self_distillation/empty_target_batch:0.0 - actor/grad_norm:1.0080221891403198 - timing_s/update_actor/student_forward:51.82018832041649 - timing_s/update_actor/teacher_forward:73.29757464700378 - timing_s/update_actor/teacher_full_forward:0.0 - timing_s/update_actor/teacher_null_forward:53.61382844590116 - timing_s/update_actor/loss_compute:0.05702369945356622 - timing_s/update_actor/backward:90.12743831420084 - timing_s/update_actor/optimizer_step:0.08545168105047196 - timing_s/update_actor/teacher_ema_update:7.542403182014823e-05 - perf/mfu/actor:0.0 - perf/max_memory_allocated_gb:84.43045425415039 - perf/max_memory_reserved_gb:96.8359375 - perf/cpu_memory_used_gb:339.4232711791992 - actor/lr:2e-06 - training/global_step:35 - training/epoch:0 - response_length/mean:151.9791717529297 - response_length/max:1024.0 - response_length/min:4.0 - response_length/clip_ratio:0.03125 - response_length_non_aborted/mean:151.9791717529297 - response_length_non_aborted/max:1024.0 - response_length_non_aborted/min:4.0 - response_length_non_aborted/clip_ratio:0.03125 - response/aborted_ratio:0.0 - prompt_length/mean:3361.145751953125 - prompt_length/max:3960.0 - prompt_length/min:3205.0 - prompt_length/clip_ratio:0.0 - num_turns/min:2 - num_turns/max:2 - num_turns/mean:2.0 - timing_s/start_profile:2.6826979592442513e-05 - timing_s/agent_loop/generate_sequences/min:5.010329303040635 - timing_s/agent_loop/generate_sequences/max:24.728359398024622 - timing_s/agent_loop/generate_sequences/mean:14.270994637947297 - timing_s/agent_loop/tool_calls/min:0.0 - timing_s/agent_loop/tool_calls/max:0.0 - timing_s/agent_loop/tool_calls/mean:0.0 - timing_s/agent_loop/slowest/generate_sequences:24.728359398024622 - timing_s/age[36m(TaskRunner pid=745489)[0m Training Progress:  69%|██████▊   | 35/51 [3:37:18<1:41:11, 379.47s/it]
[36m(WorkerDict pid=798195)[0m /sfs/weka/scratch/nkw3mr/Vision-OPD-OPSA/verl/utils/device.py:134: FutureWarning: torch.cuda._set_allocator_settings is deprecated. Use torch._C._accelerator_setAllocatorSettings instead.
[36m(WorkerDict pid=798195)[0m   torch.cuda.memory._set_allocator_settings(f"expandable_segments:{enable}")
[36m(TaskRunner pid=745489)[0m Training Progress:  71%|███████   | 36/51 [3:43:33<1:34:33, 378.25s/it]
[36m(WorkerDict pid=798191)[0m /sfs/weka/scratch/nkw3mr/Vision-OPD-OPSA/verl/utils/device.py:134: FutureWarning: torch.cuda._set_allocator_settings is deprecated. Use torch._C._accelerator_setAllocatorSettings instead.
[36m(WorkerDict pid=798191)[0m   torch.cuda.memory._set_allocator_settings(f"expandable_segments:{enable}")
nt_loop/slowest/tool_calls:0.0 - timing_s/agent_loop/slowest/prompt_length:3346 - timing_s/agent_loop/slowest/response_length:1024 - timing_s/gen:36.36875681398669 - timing_s/adv:22.68283526302548 - timing_s/update_actor:307.89444323495263 - timing_s/dump_rollout_generations:0.06107986002461985 - timing_s/step:367.03877085394925 - timing_s/save_checkpoint:21.783614646003116 - timing_s/stop_profile:4.12169611081481e-05 - timing_per_token_ms/gen:2.4927180818359624 - timing_per_token_ms/adv:0.06725622742995162 - timing_per_token_ms/update_actor:0.9129290257811559 - perf/total_num_tokens:337260 - perf/time_per_step:367.03877085394925 - perf/throughput:459.43375302741697
[36m(TaskRunner pid=745489)[0m Dumped generations to /sfs/weka/scratch/nkw3mr/Vision-OPD-OPSA/rollouts/Aha-center-floor-Qwen3.5-4B-6karmA/36.jsonl
[36m(TaskRunner pid=745489)[0m step:36 - global_seqlen/min:348692 - global_seqlen/max:348692 - global_seqlen/minmax_diff:0 - global_seqlen/balanced_min:348692 - global_seqlen/balanced_max:348692 - global_seqlen/mean:348692.0 - self_distillation/teacher_always_on_fraction:1.0 - self_distillation/teacher_image_swap_fraction:1.0 - self_distillation/policy_fallback_fraction:0.0 - self_distillation/grpo_fallback_count:0.0 - rollout_corr/rollout_is_mean:1.0 - rollout_corr/rollout_is_ratio_fraction_high:0.0 - rollout_corr/rollout_is_ratio_fraction_low:0.0 - rollout_corr/rollout_is_max:1.0 - rollout_corr/rollout_is_min:1.0 - rollout_corr/rollout_is_std:0.0 - rollout_corr/rollout_is_eff_sample_size:1.0 - rollout_corr/rollout_is_seq_mean:1.0 - rollout_corr/rollout_is_seq_std:0.0 - rollout_corr/rollout_is_seq_max:1.0 - rollout_corr/rollout_is_seq_min:1.0 - rollout_corr/rollout_is_seq_max_deviation:0.0 - rollout_corr/rollout_is_seq_fraction_high:0.0 - rollout_corr/rollout_is_seq_fraction_low:0.0 - rollout_corr/training_ppl:3.620905971775452 - rollout_corr/training_log_ppl:1.1884998641908169 - rollout_corr/kl:0.024784298559097806 - rollout_corr/k3_kl:0.025628357199214708 - rollout_corr/rollout_ppl:3.5237300942341485 - rollout_corr/rollout_log_ppl:1.1637155568848054 - rollout_corr/log_ppl_diff:0.024784307306011517 - rollout_corr/log_ppl_abs_diff:0.034476740285754204 - rollout_corr/log_ppl_diff_max:0.12727391719818115 - rollout_corr/log_ppl_diff_min:-0.12323510646820068 - rollout_corr/ppl_ratio:1.0257257167249918 - rollout_corr/chi2_token:0.06423382026453812 - rollout_corr/chi2_seq:1.2957654874771833 - actor/pg_loss:0.2377846631376693 - actor/kl_loss:0.0 - actor/grpo_loss:0.0 - actor/vopd_loss:0.2377846631376693 - actor/vopd_loss_weighted:0.2377846631376693 - actor/policy_fallback_fraction:0.0 - aha/u_mean:-0.7917307897102243 - aha/u_neg_valley_frac:0.5379152474924922 - aha/floor_clamped_frac:0.5379152474924922 - aha/q_tail_mass:0.010993756956016417 - aha/u_centered_mean:-0.6402641019473473 - aha/u_centered_absmean:1.0724115405852597 - aha/u_centered_wmean:-1.1690134994283655e-08 - aha/argmax_conf:0.9471604824066162 - self_distillation/raw_jsd_token_mean:0.23778466313766936 - self_distillation/weighted_jsd_token_mean:0.23778466313766936 - self_distillation/self_distillation_mask.mean():1.0 - self_distillation/num_distill_tokens:183.08333333333334 - self_distillation/empty_target_batch:0.0 - actor/grad_norm:1.1546471118927002 - timing_s/update_actor/student_forward:49.3317921689013 - timing_s/update_actor/teacher_forward:73.94531395006925 - timing_s/update_actor/teacher_full_forward:0.0 - timing_s/update_actor/teacher_null_forward:56.24776176700834 - timing_s/update_actor/loss_compute:0.0579617623006925 - timing_s/update_actor/backward:94.35737615736434 - timing_s/update_actor/optimizer_step:0.08553847699658945 - timing_s/update_actor/teacher_ema_update:7.105799159035087e-05 - perf/mfu/actor:0.0 - perf/max_memory_allocated_gb:85.47815561294556 - perf/max_memory_reserved_gb:97.109375 - perf/cpu_memory_used_gb:338.848087310791 - actor/lr:2e-06 - training/global_step:36 - training/epoch:0 - response_length/mean:183.0833282470703 - response_length/max:1024.0 - response_length/min:4.0 - response_length/clip_ratio:0.03125 - response_length_non_aborted/mean:183.0833282470703 - response_length_non_aborted/max:1024.0 - response_length_non_aborted/min:4.0 - response_length_non_aborted/clip_ratio:0.03125 - response/aborted_ratio:0.0 - prompt_length/mean:3449.125 - prompt_length/max:5888.0 - prompt_length/min:3157.0 - prompt_length/clip_ratio:0.0 - num_turns/min:2 - num_turns/max:2 - num_turns/mean:2.0 - timing_s/start_profile:2.6775989681482315e-05 - timing_s/agent_loop/generate_sequences/min:4.946802748949267 - timing_s/agent_loop/generate_sequences/max:26.002417894022074 - timing_s/agent_loop/generate_sequences/mean:14.599042345831549 - timing_s/agent_loop/tool_calls/min:0.0 - timing_s/agent_loop/tool_calls/max:0.0 - timing_s/agent_loop/tool_calls/mean:0.0 - timing_s/agent_loop/slowest/generate_sequences:26.002417894022074 - timing_s/agent_loop/slowest/tool_calls:0.0 - timing_s/agent_loop/slowest/prompt_length:3535 - timing_s/agent_loop/slowest/response_length:1024 - timing_s/gen:35.84798669698648 - timing_s/adv:23.808411334000994 - timing_s/update_actor:315.3107564719976 - timing_s/dump_rollout_generations:0.05493435700191185 - timing_s/step:375.04914456402184 - timing_s/stop_profile:2.4634005967527628e-05 - timing_per_token_ms/gen:2.0395986969154802 - timing_per_token_ms/adv:0.06827920151308603 - timing_per_token_ms/update_actor:0.9042672515342984 - perf/total_num_tokens:348692 - perf/time_per_step:375.04914456402184 - perf/throughput:464.86174552582855
[36m(TaskRunner pid=745489)[0m Dumped generations to /sfs/weka/scratch/nkw3mr/Vision-OPD-OPSA/rollouts/Aha-center-floor-Qwen3.5-4B-6karmA/37.jsonl
[36m(TaskRunner pid=745489)[0m step:37 - global_seqlen/min:346483 - global_seqlen/max:346483 - global_seqlen/minmax_diff:0 - global_seqlen/balanced_min:346483 - global_seqlen/balanced_max:346483 - global_seqlen/mean:346483.0 - self_distillation/teacher_always_on_fraction:1.0 - self_distillation/teacher_image_swap_fraction:1.0 - self_distillation/policy_fallback_fraction:0.0 - self_distillation/grpo_fallback_count:0.0 - rollout_corr/rollout_is_mean:1.0 - rollout_corr/rollout_is_ratio_fraction_high:0.0 - rollout_corr/rollout_is_ratio_fraction_low:0.0 - rollout_corr/rollout_is_max:1.0 - rollout_corr/rollout_is_min:1.0 - rollout_corr/rollout_is_std:0.0 - rollout_corr/rollout_is_eff_sample_size:1.0 - rollout_corr/rollout_is_seq_mean:1.0 - rollout_corr/rollout_is_seq_std:0.0 - rollout_corr/rollout_is_seq_max:1.0 - rollout_corr/rollout_is_seq_min:1.0 - rollout_corr/rollout_is_seq_max_deviation:0.0 - rollout_corr/rollout_is_seq_fraction_high:0.0 - rollout_corr/rollout_is_seq_fraction_low:0.0 - rollout_corr/training_ppl:4.20619256918629 - rollout_corr/training_log_ppl:1.1613921774551272 - rollout_corr/kl:0.01294863350843419 - rollout_corr/k3_kl:0.0249456489370156 - rollout_corr/rollout_ppl:4.152357506255309 - rollout_corr/rollout_log_ppl:1.1484435534415145 - rollout_corr/log_ppl_diff:0.012948624013612667 - rollout_corr/log_ppl_abs_diff:0.03756347997114062 - rollout_corr/log_ppl_diff_max:0.12411308288574219 - rollout_corr/log_ppl_diff_min:-0.15116441249847412 - rollout_corr/ppl_ratio:1.0141582749783993 - rollout_corr/chi2_token:0.08212992921471596 - rollout_corr/chi2_seq:1.9593612731744845 - actor/pg_loss:0.20296871234798644 - actor/kl_loss:0.0 - actor/grpo_loss:0.0 - actor/vopd_loss:0.20296871234798644 - actor/vopd_loss_weighted:0.20296871234798644 - actor/policy_fallback_fraction:0.0 - aha/u_mean:-0.948664522691009 - aha/u_neg_valley_frac:0.5251755751669407 - aha/floor_clamped_frac:0.5251755751669407 - aha/q_tail_mass:0.02354761704750293 - aha/u_centered_mean:-0.6450013757372896 - aha/u_centered_absmean:1.0401184593016903 - aha/u_centered_wmean:-1.9625306238620077e-08 - aha/argmax_conf:0.9682533740997314 - self_distillation/raw_jsd_token_mean:0.2029687123479865 - self_distillation/weighted_jsd_token_mean:0.2029687123479865 - self_distillation/self_distillation_mask.mean():1.0 - self_distillation/num_distill_tokens:185.53125 - self_distillation/empty_target_batch:0.0 - actor/grad_norm:1.102669358253479 - timing_s/update_actor/student_forward:48.109526836895384 - timing_s/update_actor/teacher_forward:73.46618201711681 - timing_s/update_actor/teacher_full_forward:0.0 - timing_s/update_actor/teacher_null_forward:57.12983551179059 - timing_s/update_actor/loss_compute:0.06081851408816874 - timing_s/update_actor/backward:94.09736615145812 - timing_s/update_actor/optimizer_step:0.08573957299813628 - timing_s/update_actor/teacher_ema_update:4.8436049837619066e-05 - perf/mfu/actor:0.0 - perf/max_memory_allocated_gb:85.47815561294556 - perf/max_memory_reserved_gb:97.109375 - perf/cpu_memory_used_gb:338.31285858154297 - actor/lr:2e-06 - training/global_step:37 - training/epoch:0 - response_length/mean:185.53125 - response_length/max:1024.0 - response_length/min:4.0 - response_length/clip_ratio:0.03125 - response_length_non_aborted/mean:185.53125 - response_length_non_aborted/max:1024.0 - response_length_non_aborted/min:4.0 - response_length_non_aborted/clip_ratio:0.03125 - response/aborted_ratio:0.0 - prompt_length/mean:3423.666748046875 - prompt_length/max:4162.0 - prompt_length/min:3158.0 - prompt_length/clip_ratio:0.0 - num_turns/min:2 - num_turns/max:2 - num_turns/mean:2.0 - timing_s/start_profile:4.672404611483216e-05 - timing_s/agent_loop/generate_sequences/min:4.261391811014619 - timing_s/agent_loop/generate_sequences/max:24.57424034900032 - timing_s/agent_loop/generate_sequences/mean:14.068673243500598 - timing_s/agent_loop/tool_calls/min:0.0 - timing_s/agent_loop/tool_calls/max:0.0 - timing_s/agent_loop/tool_calls/mean:0.0 - timing_s/agent_loop/slowest/generate_sequences:24.57424034900032 - timing_s/agent_loop/slowest/tool_calls:[36m(TaskRunner pid=745489)[0m Training Progress:  73%|███████▎  | 37/51 [3:49:51<1:28:14, 378.15s/it]
[36m(TaskRunner pid=745489)[0m Training Progress:  75%|███████▍  | 38/51 [3:56:03<1:21:30, 376.21s/it]
0.0 - timing_s/agent_loop/slowest/prompt_length:3351 - timing_s/agent_loop/slowest/response_length:1024 - timing_s/gen:35.53712936397642 - timing_s/adv:28.383308367978316 - timing_s/update_actor:313.5748466089717 - timing_s/dump_rollout_generations:0.06723459798377007 - timing_s/step:377.5943097760319 - timing_s/stop_profile:2.4423992726951838e-05 - timing_per_token_ms/gen:1.9952349314455347 - timing_per_token_ms/adv:0.08191832894536909 - timing_per_token_ms/update_actor:0.9050223145406029 - perf/total_num_tokens:346483 - perf/time_per_step:377.5943097760319 - perf/throughput:458.80325925133064
[36m(TaskRunner pid=745489)[0m Dumped generations to /sfs/weka/scratch/nkw3mr/Vision-OPD-OPSA/rollouts/Aha-center-floor-Qwen3.5-4B-6karmA/38.jsonl
[36m(TaskRunner pid=745489)[0m step:38 - global_seqlen/min:341345 - global_seqlen/max:341345 - global_seqlen/minmax_diff:0 - global_seqlen/balanced_min:341345 - global_seqlen/balanced_max:341345 - global_seqlen/mean:341345.0 - self_distillation/teacher_always_on_fraction:1.0 - self_distillation/teacher_image_swap_fraction:1.0 - self_distillation/policy_fallback_fraction:0.0 - self_distillation/grpo_fallback_count:0.0 - rollout_corr/rollout_is_mean:1.0 - rollout_corr/rollout_is_ratio_fraction_high:0.0 - rollout_corr/rollout_is_ratio_fraction_low:0.0 - rollout_corr/rollout_is_max:1.0 - rollout_corr/rollout_is_min:1.0 - rollout_corr/rollout_is_std:0.0 - rollout_corr/rollout_is_eff_sample_size:1.0 - rollout_corr/rollout_is_seq_mean:1.0 - rollout_corr/rollout_is_seq_std:0.0 - rollout_corr/rollout_is_seq_max:1.0 - rollout_corr/rollout_is_seq_min:1.0 - rollout_corr/rollout_is_seq_max_deviation:0.0 - rollout_corr/rollout_is_seq_fraction_high:0.0 - rollout_corr/rollout_is_seq_fraction_low:0.0 - rollout_corr/training_ppl:3.5015304076174893 - rollout_corr/training_log_ppl:1.1010036782051127 - rollout_corr/kl:0.018014367463668652 - rollout_corr/k3_kl:0.0283355856071618 - rollout_corr/rollout_ppl:3.4243616859118142 - rollout_corr/rollout_log_ppl:1.0829893128635983 - rollout_corr/log_ppl_diff:0.01801436534151435 - rollout_corr/log_ppl_abs_diff:0.03638838060821096 - rollout_corr/log_ppl_diff_max:0.18104451894760132 - rollout_corr/log_ppl_diff_min:-0.18172967433929443 - rollout_corr/ppl_ratio:1.0191880017518997 - rollout_corr/chi2_token:0.11507905398805936 - rollout_corr/chi2_seq:-0.1500292799125115 - actor/pg_loss:0.22182940643203145 - actor/kl_loss:0.0 - actor/grpo_loss:0.0 - actor/vopd_loss:0.22182940643203145 - actor/vopd_loss_weighted:0.22182940643203145 - actor/policy_fallback_fraction:0.0 - aha/u_mean:-0.8889259447266037 - aha/u_neg_valley_frac:0.5101462050030628 - aha/floor_clamped_frac:0.5101462050030628 - aha/q_tail_mass:0.01567031039352666 - aha/u_centered_mean:-0.6367077734903432 - aha/u_centered_absmean:1.0575012691939871 - aha/u_centered_wmean:-2.003127711503831e-08 - aha/argmax_conf:0.9717933535575867 - self_distillation/raw_jsd_token_mean:0.22182940643203133 - self_distillation/weighted_jsd_token_mean:0.22182940643203133 - self_distillation/self_distillation_mask.mean():1.0 - self_distillation/num_distill_tokens:154.84375 - self_distillation/empty_target_batch:0.0 - actor/grad_norm:0.982864260673523 - timing_s/update_actor/student_forward:53.85578429722227 - timing_s/update_actor/teacher_forward:71.55256286112126 - timing_s/update_actor/teacher_full_forward:0.0 - timing_s/update_actor/teacher_null_forward:57.040164651407395 - timing_s/update_actor/loss_compute:0.06148956122342497 - timing_s/update_actor/backward:86.92773052095436 - timing_s/update_actor/optimizer_step:0.08542397897690535 - timing_s/update_actor/teacher_ema_update:4.8877031076699495e-05 - perf/mfu/actor:0.0 - perf/max_memory_allocated_gb:85.47815561294556 - perf/max_memory_reserved_gb:97.109375 - perf/cpu_memory_used_gb:338.729736328125 - actor/lr:2e-06 - training/global_step:38 - training/epoch:0 - response_length/mean:154.84375 - response_length/max:1024.0 - response_length/min:4.0 - response_length/clip_ratio:0.02083333395421505 - response_length_non_aborted/mean:154.84375 - response_length_non_aborted/max:1024.0 - response_length_non_aborted/min:4.0 - response_length_non_aborted/clip_ratio:0.02083333395421505 - response/aborted_ratio:0.0 - prompt_length/mean:3400.833251953125 - prompt_length/max:3960.0 - prompt_length/min:3300.0 - prompt_length/clip_ratio:0.0 - num_turns/min:2 - num_turns/max:2 - num_turns/mean:2.0 - timing_s/start_profile:2.6266032364219427e-05 - timing_s/agent_loop/generate_sequences/min:2.87186809402192 - timing_s/agent_loop/generate_sequences/max:23.529338466003537 - timing_s/agent_loop/generate_sequences/mean:13.405009240480771 - timing_s/agent_loop/tool_calls/min:0.0 - timing_s/agent_loop/tool_calls/max:0.0 - timing_s/agent_loop/tool_calls/mean:0.0 - timing_s/agent_loop/slowest/generate_sequences:23.529338466003537 - timing_s/agent_loop/slowest/tool_calls:0.0 - timing_s/agent_loop/slowest/prompt_length:3356 - timing_s/agent_loop/slowest/response_length:1024 - timing_s/gen:35.19805972004542 - timing_s/adv:26.354313440038823 - timing_s/update_actor:309.7067211290123 - timing_s/dump_rollout_generations:0.05691421095980331 - timing_s/step:371.34084615000756 - timing_s/stop_profile:3.011099761351943e-05 - timing_per_token_ms/gen:2.367847946185363 - timing_per_token_ms/adv:0.0772072637362165 - timing_per_token_ms/update_actor:0.9073128978863387 - perf/total_num_tokens:341345 - perf/time_per_step:371.34084615000756 - perf/throughput:459.6114372267435
[36m(TaskRunner pid=745489)[0m Dumped generations to /sfs/weka/scratch/nkw3mr/Vision-OPD-OPSA/rollouts/Aha-center-floor-Qwen3.5-4B-6karmA/39.jsonl
[36m(TaskRunner pid=745489)[0m step:39 - global_seqlen/min:339749 - global_seqlen/max:339749 - global_seqlen/minmax_diff:0 - global_seqlen/balanced_min:339749 - global_seqlen/balanced_max:339749 - global_seqlen/mean:339749.0 - self_distillation/teacher_always_on_fraction:1.0 - self_distillation/teacher_image_swap_fraction:1.0 - self_distillation/policy_fallback_fraction:0.0 - self_distillation/grpo_fallback_count:0.0 - rollout_corr/rollout_is_mean:1.0 - rollout_corr/rollout_is_ratio_fraction_high:0.0 - rollout_corr/rollout_is_ratio_fraction_low:0.0 - rollout_corr/rollout_is_max:1.0 - rollout_corr/rollout_is_min:1.0 - rollout_corr/rollout_is_std:0.0 - rollout_corr/rollout_is_eff_sample_size:1.0 - rollout_corr/rollout_is_seq_mean:1.0 - rollout_corr/rollout_is_seq_std:0.0 - rollout_corr/rollout_is_seq_max:1.0 - rollout_corr/rollout_is_seq_min:1.0 - rollout_corr/rollout_is_seq_max_deviation:0.0 - rollout_corr/rollout_is_seq_fraction_high:0.0 - rollout_corr/rollout_is_seq_fraction_low:0.0 - rollout_corr/training_ppl:4.679353402306636 - rollout_corr/training_log_ppl:1.1741954044749339 - rollout_corr/kl:0.011602228232428994 - rollout_corr/k3_kl:0.023266683998978504 - rollout_corr/rollout_ppl:4.6244408910473185 - rollout_corr/rollout_log_ppl:1.1625931753466527 - rollout_corr/log_ppl_diff:0.011602229128281275 - rollout_corr/log_ppl_abs_diff:0.03452403967579206 - rollout_corr/log_ppl_diff_max:0.14623522758483887 - rollout_corr/log_ppl_diff_min:-0.1807321310043335 - rollout_corr/ppl_ratio:1.01265173094968 - rollout_corr/chi2_token:0.07801095272103946 - rollout_corr/chi2_seq:-0.33127141805986565 - actor/pg_loss:0.22287796490612286 - actor/kl_loss:0.0 - actor/grpo_loss:0.0 - actor/vopd_loss:0.22287796490612286 - actor/vopd_loss_weighted:0.22287796490612286 - actor/policy_fallback_fraction:0.0 - aha/u_mean:-0.8736332683183718 - aha/u_neg_valley_frac:0.5201621440549692 - aha/floor_clamped_frac:0.5201621440549692 - aha/q_tail_mass:0.015494317396435994 - aha/u_centered_mean:-0.5906428417123001 - aha/u_centered_absmean:1.0132369898880522 - aha/u_centered_wmean:-1.6690011382195873e-08 - aha/argmax_conf:0.9728323221206665 - self_distillation/raw_jsd_token_mean:0.22287796490612286 - self_distillation/weighted_jsd_token_mean:0.22287796490612286 - self_distillation/self_distillation_mask.mean():1.0 - self_distillation/num_distill_tokens:155.03125 - self_distillation/empty_target_batch:0.0 - actor/grad_norm:0.9609666466712952 - timing_s/update_actor/student_forward:57.54769444378326 - timing_s/update_actor/teacher_forward:71.46751516399672 - timing_s/update_actor/teacher_full_forward:0.0 - timing_s/update_actor/teacher_null_forward:53.19922011066228 - timing_s/update_actor/loss_compute:0.0565049578435719 - timing_s/update_actor/backward:86.32612623780733 - timing_s/update_actor/optimizer_step:0.08569644403178245 - timing_s/update_actor/teacher_ema_update:5.378399509936571e-05 - perf/mfu/actor:0.0 - perf/max_memory_allocated_gb:85.47815561294556 - perf/max_memory_reserved_gb:97.109375 - perf/cpu_memory_used_gb:337.99185943603516 - actor/lr:2e-06 - training/global_step:39 - training/epoch:0 - response_length/mean:155.03125 - response_length/max:1024.0 - response_length/min:4.0 - response_length/clip_ratio:0.02083333395421505 - response_length_non_aborted/mean:155.03125 - response_length_non_aborted/max:1024.0 - response_length_non_aborted/min:4.0 - response_length_non_aborted/clip_ratio:0.02083333395421505 - response/aborted_ratio:0.0 - prompt_length/mean:3384.020751953125 - prompt_length/max:4007.0 - prompt_length/min:3157.0 - prompt_length/clip_ratio:0.0 - num_turns/min:2 - num_turns/max:2 - num_turns/mean:2.0 - timing_s/start_profile:4.369002999737859e-05 - timing_s/agent_loop/generate_sequences/min:2.816572186013218 - timing_s/agent_loop/generate_sequences/max:24.45576867100317 - timing_s/agent_loop/generate_sequences/mean:12.813454475845598 - timing_s/agent_loop/tool_calls/min:0.0 - timing_s/agent_loop/tool_calls/max:0.0 - timing_s/agent_loop/tool_calls/mean:0.0 - timing_s/agent_loop/slowest/generate_sequences:24.45576867100317 - timing_s/[36m(TaskRunner pid=745489)[0m Training Progress:  76%|███████▋  | 39/51 [4:02:09<1:14:36, 373.02s/it]
[36m(TaskRunner pid=745489)[0m Training Progress:  78%|███████▊  | 40/51 [4:08:35<1:09:07, 377.03s/it]
[36m(WorkerDict pid=798195)[0m /sfs/weka/scratch/nkw3mr/Vision-OPD-OPSA/verl/utils/device.py:134: FutureWarning: torch.cuda._set_allocator_settings is deprecated. Use torch._C._accelerator_setAllocatorSettings instead.
[36m(WorkerDict pid=798195)[0m   torch.cuda.memory._set_allocator_settings(f"expandable_segments:{enable}")
agent_loop/slowest/tool_calls:0.0 - timing_s/agent_loop/slowest/prompt_length:3348 - timing_s/agent_loop/slowest/response_length:1024 - timing_s/gen:35.285258647985756 - timing_s/adv:21.710662771947682 - timing_s/update_actor:308.17459735198645 - timing_s/dump_rollout_generations:0.056786055967677385 - timing_s/step:365.24920397100504 - timing_s/stop_profile:2.3172004148364067e-05 - timing_per_token_ms/gen:2.3708431531267724 - timing_per_token_ms/adv:0.0639020652656746 - timing_per_token_ms/update_actor:0.9070655023325644 - perf/total_num_tokens:339749 - perf/time_per_step:365.24920397100504 - perf/throughput:465.0920471642844
[36m(TaskRunner pid=745489)[0m Dumped generations to /sfs/weka/scratch/nkw3mr/Vision-OPD-OPSA/rollouts/Aha-center-floor-Qwen3.5-4B-6karmA/40.jsonl
[36m(TaskRunner pid=745489)[0m local_global_step_folder: /sfs/weka/scratch/nkw3mr/Vision-OPD-OPSA/checkpoints/Aha-center-floor-Qwen3.5-4B-6karmA/global_step_40
[36m(TaskRunner pid=745489)[0m step:40 - global_seqlen/min:340671 - global_seqlen/max:340671 - global_seqlen/minmax_diff:0 - global_seqlen/balanced_min:340671 - global_seqlen/balanced_max:340671 - global_seqlen/mean:340671.0 - self_distillation/teacher_always_on_fraction:1.0 - self_distillation/teacher_image_swap_fraction:1.0 - self_distillation/policy_fallback_fraction:0.0 - self_distillation/grpo_fallback_count:0.0 - rollout_corr/rollout_is_mean:1.0 - rollout_corr/rollout_is_ratio_fraction_high:0.0 - rollout_corr/rollout_is_ratio_fraction_low:0.0 - rollout_corr/rollout_is_max:1.0 - rollout_corr/rollout_is_min:1.0 - rollout_corr/rollout_is_std:0.0 - rollout_corr/rollout_is_eff_sample_size:1.0 - rollout_corr/rollout_is_seq_mean:1.0 - rollout_corr/rollout_is_seq_std:0.0 - rollout_corr/rollout_is_seq_max:1.0 - rollout_corr/rollout_is_seq_min:1.0 - rollout_corr/rollout_is_seq_max_deviation:0.0 - rollout_corr/rollout_is_seq_fraction_high:0.0 - rollout_corr/rollout_is_seq_fraction_low:0.0 - rollout_corr/training_ppl:4.046660194794337 - rollout_corr/training_log_ppl:1.2497606111379962 - rollout_corr/kl:0.017442407418760315 - rollout_corr/k3_kl:0.024731893572607078 - rollout_corr/rollout_ppl:3.9577848513921103 - rollout_corr/rollout_log_ppl:1.232318195514381 - rollout_corr/log_ppl_diff:0.017442415623615187 - rollout_corr/log_ppl_abs_diff:0.029694088579465944 - rollout_corr/log_ppl_diff_max:0.07869434356689453 - rollout_corr/log_ppl_diff_min:-0.12189573049545288 - rollout_corr/ppl_ratio:1.0180768705904484 - rollout_corr/chi2_token:0.076227568089962 - rollout_corr/chi2_seq:12384.36746304234 - actor/pg_loss:0.21844724855812578 - actor/kl_loss:0.0 - actor/grpo_loss:0.0 - actor/vopd_loss:0.21844724855812578 - actor/vopd_loss_weighted:0.21844724855812578 - actor/policy_fallback_fraction:0.0 - aha/u_mean:-0.6249422383358857 - aha/u_neg_valley_frac:0.5187080968171358 - aha/floor_clamped_frac:0.5187080968171358 - aha/q_tail_mass:0.012876342536211874 - aha/u_centered_mean:-0.5137477525665114 - aha/u_centered_absmean:0.9469388614719113 - aha/u_centered_wmean:-1.0649383679582625e-08 - aha/argmax_conf:0.9653081893920898 - self_distillation/raw_jsd_token_mean:0.21844724855812578 - self_distillation/weighted_jsd_token_mean:0.21844724855812578 - self_distillation/self_distillation_mask.mean():1.0 - self_distillation/num_distill_tokens:174.57291666666666 - self_distillation/empty_target_batch:0.0 - actor/grad_norm:0.8557996153831482 - timing_s/update_actor/student_forward:58.218088746012654 - timing_s/update_actor/teacher_forward:73.19308863417245 - timing_s/update_actor/teacher_full_forward:0.0 - timing_s/update_actor/teacher_null_forward:54.07035393099068 - timing_s/update_actor/loss_compute:0.059208220918662846 - timing_s/update_actor/backward:86.44855891523184 - timing_s/update_actor/optimizer_step:0.0858014079858549 - timing_s/update_actor/teacher_ema_update:7.916800677776337e-05 - perf/mfu/actor:0.0 - perf/max_memory_allocated_gb:85.47815561294556 - perf/max_memory_reserved_gb:97.109375 - perf/cpu_memory_used_gb:346.8202095031738 - actor/lr:2e-06 - training/global_step:40 - training/epoch:0 - response_length/mean:174.5729217529297 - response_length/max:1024.0 - response_length/min:4.0 - response_length/clip_ratio:0.02083333395421505 - response_length_non_aborted/mean:174.5729217529297 - response_length_non_aborted/max:1024.0 - response_length_non_aborted/min:4.0 - response_length_non_aborted/clip_ratio:0.02083333395421505 - response/aborted_ratio:0.0 - prompt_length/mean:3374.083251953125 - prompt_length/max:3955.0 - prompt_length/min:3340.0 - prompt_length/clip_ratio:0.0 - num_turns/min:2 - num_turns/max:2 - num_turns/mean:2.0 - timing_s/start_profile:3.8773054257035255e-05 - timing_s/agent_loop/generate_sequences/min:5.538908719958272 - timing_s/agent_loop/generate_sequences/max:23.990172903984785 - timing_s/agent_loop/generate_sequences/mean:14.228074029686468 - timing_s/agent_loop/tool_calls/min:0.0 - timing_s/agent_loop/tool_calls/max:0.0 - timing_s/agent_loop/tool_calls/mean:0.0 - timing_s/agent_loop/slowest/generate_sequences:23.990172903984785 - timing_s/agent_loop/slowest/tool_calls:0.0 - timing_s/agent_loop/slowest/prompt_length:3370 - timing_s/agent_loop/slowest/response_length:1024 - timing_s/gen:34.13613753800746 - timing_s/adv:19.313259509042837 - timing_s/update_actor:311.7613598849857 - timing_s/dump_rollout_generations:0.42319289402803406 - timing_s/step:365.6625424680533 - timing_s/save_checkpoint:20.43395865301136 - timing_s/stop_profile:3.275496419519186e-05 - timing_per_token_ms/gen:2.0368839153891916 - timing_per_token_ms/adv:0.0566918214613009 - timing_per_token_ms/update_actor:0.9151391221588738 - perf/total_num_tokens:340671 - perf/time_per_step:365.6625424680533 - perf/throughput:465.82704055579234
[36m(TaskRunner pid=745489)[0m Dumped generations to /sfs/weka/scratch/nkw3mr/Vision-OPD-OPSA/rollouts/Aha-center-floor-Qwen3.5-4B-6karmA/41.jsonl
[36m(TaskRunner pid=745489)[0m step:41 - global_seqlen/min:345335 - global_seqlen/max:345335 - global_seqlen/minmax_diff:0 - global_seqlen/balanced_min:345335 - global_seqlen/balanced_max:345335 - global_seqlen/mean:345335.0 - self_distillation/teacher_always_on_fraction:1.0 - self_distillation/teacher_image_swap_fraction:1.0 - self_distillation/policy_fallback_fraction:0.0 - self_distillation/grpo_fallback_count:0.0 - rollout_corr/rollout_is_mean:1.0 - rollout_corr/rollout_is_ratio_fraction_high:0.0 - rollout_corr/rollout_is_ratio_fraction_low:0.0 - rollout_corr/rollout_is_max:1.0 - rollout_corr/rollout_is_min:1.0 - rollout_corr/rollout_is_std:0.0 - rollout_corr/rollout_is_eff_sample_size:1.0 - rollout_corr/rollout_is_seq_mean:1.0 - rollout_corr/rollout_is_seq_std:0.0 - rollout_corr/rollout_is_seq_max:1.0 - rollout_corr/rollout_is_seq_min:1.0 - rollout_corr/rollout_is_seq_max_deviation:0.0 - rollout_corr/rollout_is_seq_fraction_high:0.0 - rollout_corr/rollout_is_seq_fraction_low:0.0 - rollout_corr/training_ppl:3.810638959209124 - rollout_corr/training_log_ppl:1.191250543575734 - rollout_corr/kl:0.016767324393792176 - rollout_corr/k3_kl:0.025921893772003084 - rollout_corr/rollout_ppl:3.7291811518371105 - rollout_corr/rollout_log_ppl:1.1744832238182425 - rollout_corr/log_ppl_diff:0.01676731975749135 - rollout_corr/log_ppl_abs_diff:0.03227946953848004 - rollout_corr/log_ppl_diff_max:0.10846889019012451 - rollout_corr/log_ppl_diff_min:-0.12752985954284668 - rollout_corr/ppl_ratio:1.0176412742584944 - rollout_corr/chi2_token:0.08249023618797462 - rollout_corr/chi2_seq:0.8893829087416331 - actor/pg_loss:0.23329175791392723 - actor/kl_loss:0.0 - actor/grpo_loss:0.0 - actor/vopd_loss:0.23329175791392723 - actor/vopd_loss_weighted:0.23329175791392723 - actor/policy_fallback_fraction:0.0 - aha/u_mean:-0.8441061791557635 - aha/u_neg_valley_frac:0.5235228906385601 - aha/floor_clamped_frac:0.5235228906385601 - aha/q_tail_mass:0.010959405372962768 - aha/u_centered_mean:-0.6260428821454601 - aha/u_centered_absmean:1.0536729963496327 - aha/u_centered_wmean:-1.3965834263357513e-08 - aha/argmax_conf:0.9475606083869934 - self_distillation/raw_jsd_token_mean:0.23329175791392723 - self_distillation/weighted_jsd_token_mean:0.23329175791392723 - self_distillation/self_distillation_mask.mean():1.0 - self_distillation/num_distill_tokens:164.38541666666666 - self_distillation/empty_target_batch:0.0 - actor/grad_norm:1.0662415027618408 - timing_s/update_actor/student_forward:49.99248929112218 - timing_s/update_actor/teacher_forward:77.675105041184 - timing_s/update_actor/teacher_full_forward:0.0 - timing_s/update_actor/teacher_null_forward:56.600398598995525 - timing_s/update_actor/loss_compute:0.05742573895258829 - timing_s/update_actor/backward:95.32475542335305 - timing_s/update_actor/optimizer_step:0.08566697302740067 - timing_s/update_actor/teacher_ema_update:8.019997039809823e-05 - perf/mfu/actor:0.0 - perf/max_memory_allocated_gb:85.47815561294556 - perf/max_memory_reserved_gb:97.109375 - perf/cpu_memory_used_gb:341.315185546875 - actor/lr:2e-06 - training/global_step:41 - training/epoch:0 - response_length/mean:164.3854217529297 - response_length/max:1024.0 - response_length/min:4.0 - response_length/clip_ratio:0.0416666679084301 - response_length_non_aborted/mean:164.3854217529297 - response_length_non_aborted/max:1024.0 - response_length_non_aborted/min:4.0 - response_length_non_aborted/clip_ratio:0.0416666679084301 - response/aborted_ratio:0.0 - prompt_length/mean:3432.854248046875 - prompt_length/max:4948.0 - prompt_length/min:3162.0 - prompt_length/clip_ratio:0.0 - num_turns/min:2 - num_turns/max:2 - num_turns/mean:2.0 - timing_s/start_profile:3.3496005926281214e-05 - timing_s/agent_loop/generate_sequences/min:5.808592545974534 - timing_s/agent_loop/generate_sequences/max:24.864079074002802 - timing_s/agent_loop/generate_sequences/mean:14.09446888472909 - timing_s/agent_loop/tool_calls/min:0.0 - timing_s/agent_loop/tool_calls/max:0.0 - timing_s/agent_loop/tool_calls/mean:0.0 - timing_s/agent_loop/slowest/generate_sequences:24.86407[36m(TaskRunner pid=745489)[0m Training Progress:  80%|████████  | 41/51 [4:15:00<1:03:14, 379.48s/it]
[36m(WorkerDict pid=798191)[0m /sfs/weka/scratch/nkw3mr/Vision-OPD-OPSA/verl/utils/device.py:134: FutureWarning: torch.cuda._set_allocator_settings is deprecated. Use torch._C._accelerator_setAllocatorSettings instead.
[36m(WorkerDict pid=798191)[0m   torch.cuda.memory._set_allocator_settings(f"expandable_segments:{enable}")
[36m(TaskRunner pid=745489)[0m Training Progress:  82%|████████▏ | 42/51 [4:21:24<57:06, 380.72s/it]  
9074002802 - timing_s/agent_loop/slowest/tool_calls:0.0 - timing_s/agent_loop/slowest/prompt_length:3351 - timing_s/agent_loop/slowest/response_length:1024 - timing_s/gen:35.8873333230149 - timing_s/adv:22.323090683028568 - timing_s/update_actor:326.5618385859998 - timing_s/dump_rollout_generations:0.05803938501048833 - timing_s/step:384.8579011869733 - timing_s/stop_profile:3.0262046493589878e-05 - timing_per_token_ms/gen:2.274084869337488 - timing_per_token_ms/adv:0.06464184250953008 - timing_per_token_ms/update_actor:0.9456378258386778 - perf/total_num_tokens:345335 - perf/time_per_step:384.8579011869733 - perf/throughput:448.6526052017156
[36m(TaskRunner pid=745489)[0m Dumped generations to /sfs/weka/scratch/nkw3mr/Vision-OPD-OPSA/rollouts/Aha-center-floor-Qwen3.5-4B-6karmA/42.jsonl
[36m(TaskRunner pid=745489)[0m 
[36m(TaskRunner pid=745489)[0m step:42 - global_seqlen/min:336111 - global_seqlen/max:336111 - global_seqlen/minmax_diff:0 - global_seqlen/balanced_min:336111 - global_seqlen/balanced_max:336111 - global_seqlen/mean:336111.0 - self_distillation/teacher_always_on_fraction:1.0 - self_distillation/teacher_image_swap_fraction:1.0 - self_distillation/policy_fallback_fraction:0.0 - self_distillation/grpo_fallback_count:0.0 - rollout_corr/rollout_is_mean:1.0 - rollout_corr/rollout_is_ratio_fraction_high:0.0 - rollout_corr/rollout_is_ratio_fraction_low:0.0 - rollout_corr/rollout_is_max:1.0 - rollout_corr/rollout_is_min:1.0 - rollout_corr/rollout_is_std:0.0 - rollout_corr/rollout_is_eff_sample_size:1.0 - rollout_corr/rollout_is_seq_mean:1.0 - rollout_corr/rollout_is_seq_std:0.0 - rollout_corr/rollout_is_seq_max:1.0 - rollout_corr/rollout_is_seq_min:1.0 - rollout_corr/rollout_is_seq_max_deviation:0.0 - rollout_corr/rollout_is_seq_fraction_high:0.0 - rollout_corr/rollout_is_seq_fraction_low:0.0 - rollout_corr/training_ppl:4.950719124327104 - rollout_corr/training_log_ppl:1.354082291945815 - rollout_corr/kl:0.024563539350007584 - rollout_corr/k3_kl:0.03360097302356735 - rollout_corr/rollout_ppl:4.749016364415486 - rollout_corr/rollout_log_ppl:1.329518732149154 - rollout_corr/log_ppl_diff:0.02456355979666114 - rollout_corr/log_ppl_abs_diff:0.043069403463353716 - rollout_corr/log_ppl_diff_max:0.39377880096435547 - rollout_corr/log_ppl_diff_min:-0.1456645131111145 - rollout_corr/ppl_ratio:1.0273178468147914 - rollout_corr/chi2_token:0.29331521689891815 - rollout_corr/chi2_seq:-0.037470715741316475 - actor/pg_loss:0.22540197095562087 - actor/kl_loss:0.0 - actor/grpo_loss:0.0 - actor/vopd_loss:0.22540197095562087 - actor/vopd_loss_weighted:0.22540197095562087 - actor/policy_fallback_fraction:0.0 - aha/u_mean:-0.9409743638437552 - aha/u_neg_valley_frac:0.5112138305169841 - aha/floor_clamped_frac:0.5112138305169841 - aha/q_tail_mass:0.020725884219776464 - aha/u_centered_mean:-0.677483091421891 - aha/u_centered_absmean:1.0600130140470962 - aha/u_centered_wmean:-2.322898521739854e-08 - aha/argmax_conf:0.9506433606147766 - self_distillation/raw_jsd_token_mean:0.22540197095562084 - self_distillation/weighted_jsd_token_mean:0.22540197095562084 - self_distillation/self_distillation_mask.mean():1.0 - self_distillation/num_distill_tokens:125.63541666666667 - self_distillation/empty_target_batch:0.0 - actor/grad_norm:1.4163920879364014 - timing_s/update_actor/student_forward:48.051383813028224 - timing_s/update_actor/teacher_forward:77.25902050011791 - timing_s/update_actor/teacher_full_forward:0.0 - timing_s/update_actor/teacher_null_forward:55.2633752701222 - timing_s/update_actor/loss_compute:0.058101587055716664 - timing_s/update_actor/backward:93.2866440967191 - timing_s/update_actor/optimizer_step:0.08545946999220178 - timing_s/update_actor/teacher_ema_update:5.71979908272624e-05 - perf/mfu/actor:0.0 - perf/max_memory_allocated_gb:85.47815561294556 - perf/max_memory_reserved_gb:97.109375 - perf/cpu_memory_used_gb:345.671142578125 - actor/lr:2e-06 - training/global_step:42 - training/epoch:0 - response_length/mean:125.63541412353516 - response_length/max:1024.0 - response_length/min:2.0 - response_length/clip_ratio:0.02083333395421505 - response_length_non_aborted/mean:125.63541412353516 - response_length_non_aborted/max:1024.0 - response_length_non_aborted/min:2.0 - response_length_non_aborted/clip_ratio:0.02083333395421505 - response/aborted_ratio:0.0 - prompt_length/mean:3375.520751953125 - prompt_length/max:3957.0 - prompt_length/min:3250.0 - prompt_length/clip_ratio:0.0 - num_turns/min:2 - num_turns/max:2 - num_turns/mean:2.0 - timing_s/start_profile:4.147703293710947e-05 - timing_s/agent_loop/generate_sequences/min:2.8617620290024206 - timing_s/agent_loop/generate_sequences/max:24.17347094399156 - timing_s/agent_loop/generate_sequences/mean:12.513652604457699 - timing_s/agent_loop/tool_calls/min:0.0 - timing_s/agent_loop/tool_calls/max:0.0 - timing_s/agent_loop/tool_calls/mean:0.0 - timing_s/agent_loop/slowest/generate_sequences:24.17347094399156 - timing_s/agent_loop/slowest/tool_calls:0.0 - timing_s/agent_loop/slowest/prompt_length:3350 - timing_s/agent_loop/slowest/response_length:1024 - timing_s/gen:37.91818735504057 - timing_s/adv:26.292716118041426 - timing_s/update_actor:318.66847478901036 - timing_s/dump_rollout_generations:0.3839409190113656 - timing_s/step:383.28859646595083 - timing_s/stop_profile:3.000104334205389e-05 - timing_per_token_ms/gen:3.1438676191891695 - timing_per_token_ms/adv:0.07822628869046662 - timing_per_token_ms/update_actor:0.9481048665143669 - perf/total_num_tokens:336111 - perf/time_per_step:383.28859646595083 - perf/throughput:438.4568222209791
[36m(TaskRunner pid=745489)[0m Dumped generations to /sfs/weka/scratch/nkw3mr/Vision-OPD-OPSA/rollouts/Aha-center-floor-Qwen3.5-4B-6karmA/43.jsonl
[36m(TaskRunner pid=745489)[0m step:43 - global_seqlen/min:336655 - global_seqlen/max:336655 - global_seqlen/minmax_diff:0 - global_seqlen/balanced_min:336655 - global_seqlen/balanced_max:336655 - global_seqlen/mean:336655.0 - self_distillation/teacher_always_on_fraction:1.0 - self_distillation/teacher_image_swap_fraction:1.0 - self_distillation/policy_fallback_fraction:0.0 - self_distillation/grpo_fallback_count:0.0 - rollout_corr/rollout_is_mean:1.0 - rollout_corr/rollout_is_ratio_fraction_high:0.0 - rollout_corr/rollout_is_ratio_fraction_low:0.0 - rollout_corr/rollout_is_max:1.0 - rollout_corr/rollout_is_min:1.0 - rollout_corr/rollout_is_std:0.0 - rollout_corr/rollout_is_eff_sample_size:1.0 - rollout_corr/rollout_is_seq_mean:1.0 - rollout_corr/rollout_is_seq_std:0.0 - rollout_corr/rollout_is_seq_max:1.0 - rollout_corr/rollout_is_seq_min:1.0 - rollout_corr/rollout_is_seq_max_deviation:0.0 - rollout_corr/rollout_is_seq_fraction_high:0.0 - rollout_corr/rollout_is_seq_fraction_low:0.0 - rollout_corr/training_ppl:5.779431153088808 - rollout_corr/training_log_ppl:1.3703890992328525 - rollout_corr/kl:0.013945484379898213 - rollout_corr/k3_kl:0.028219705802257522 - rollout_corr/rollout_ppl:5.665046896785498 - rollout_corr/rollout_log_ppl:1.356443620286882 - rollout_corr/log_ppl_diff:0.013945478945970535 - rollout_corr/log_ppl_abs_diff:0.03440786463518938 - rollout_corr/log_ppl_diff_max:0.11077094078063965 - rollout_corr/log_ppl_diff_min:-0.10619568824768066 - rollout_corr/ppl_ratio:1.0148380485673745 - rollout_corr/chi2_token:0.09947900970776875 - rollout_corr/chi2_seq:1.5151627318312724 - actor/pg_loss:0.2255724755620274 - actor/kl_loss:0.0 - actor/grpo_loss:0.0 - actor/vopd_loss:0.2255724755620274 - actor/vopd_loss_weighted:0.2255724755620274 - actor/policy_fallback_fraction:0.0 - aha/u_mean:-0.932587834695975 - aha/u_neg_valley_frac:0.5029196242491404 - aha/floor_clamped_frac:0.5029196242491404 - aha/q_tail_mass:0.019541164309733478 - aha/u_centered_mean:-0.6246043818149095 - aha/u_centered_absmean:1.0225066144485027 - aha/u_centered_wmean:-1.8433308754395306e-08 - aha/argmax_conf:0.9199764132499695 - self_distillation/raw_jsd_token_mean:0.22557247556202734 - self_distillation/weighted_jsd_token_mean:0.22557247556202734 - self_distillation/self_distillation_mask.mean():1.0 - self_distillation/num_distill_tokens:109.76041666666667 - self_distillation/empty_target_batch:0.0 - actor/grad_norm:1.1001334190368652 - timing_s/update_actor/student_forward:48.751024813973345 - timing_s/update_actor/teacher_forward:74.85786964616273 - timing_s/update_actor/teacher_full_forward:0.0 - timing_s/update_actor/teacher_null_forward:56.57725479203509 - timing_s/update_actor/loss_compute:0.059193248860538006 - timing_s/update_actor/backward:93.21701487497194 - timing_s/update_actor/optimizer_step:0.08580958400852978 - timing_s/update_actor/teacher_ema_update:6.034300895407796e-05 - perf/mfu/actor:0.0 - perf/max_memory_allocated_gb:85.47815561294556 - perf/max_memory_reserved_gb:97.109375 - perf/cpu_memory_used_gb:347.57623291015625 - actor/lr:2e-06 - training/global_step:43 - training/epoch:0 - response_length/mean:109.76041412353516 - response_length/max:1024.0 - response_length/min:2.0 - response_length/clip_ratio:0.010416666977107525 - response_length_non_aborted/mean:109.76041412353516 - response_length_non_aborted/max:1024.0 - response_length_non_aborted/min:2.0 - response_length_non_aborted/clip_ratio:0.010416666977107525 - response/aborted_ratio:0.0 - prompt_length/mean:3397.0625 - prompt_length/max:4096.0 - prompt_length/min:3202.0 - prompt_length/clip_ratio:0.0 - num_turns/min:2 - num_turns/max:2 - num_turns/mean:2.0 - timing_s/start_profile:4.237802932038903e-05 - timing_s/agent_loop/generate_sequences/min:4.661463461990934 - timing_s/agent_loop/generate_sequences/max:23.065195308008697 - timing_s/agent_loop/generate_sequences/mean:14.037427133173574 - timing_s/agent_loop/tool_calls/min:0.0 - timing_s/agent_loop/tool_calls/max:0.0 - timing_s/agent_loop/tool_calls/mean:0.0 - timing_s/agent_loop/slowest/generate_sequences:23.065195[36m(TaskRunner pid=745489)[0m Training Progress:  84%|████████▍ | 43/51 [4:27:32<50:16, 377.03s/it]
[36m(TaskRunner pid=745489)[0m Training Progress:  86%|████████▋ | 44/51 [4:33:52<44:05, 377.90s/it]
308008697 - timing_s/agent_loop/slowest/tool_calls:0.0 - timing_s/agent_loop/slowest/prompt_length:3296 - timing_s/agent_loop/slowest/response_length:1024 - timing_s/gen:36.478198585042264 - timing_s/adv:18.705897731008008 - timing_s/update_actor:312.81346166995354 - timing_s/dump_rollout_generations:0.056739346007816494 - timing_s/step:368.080510120024 - timing_s/stop_profile:2.7987989597022533e-05 - timing_per_token_ms/gen:3.4619150218318557 - timing_per_token_ms/adv:0.05556399795341821 - timing_per_token_ms/update_actor:0.9291810953942569 - perf/total_num_tokens:336655 - perf/time_per_step:368.080510120024 - perf/throughput:457.3116352862901
[36m(TaskRunner pid=745489)[0m Dumped generations to /sfs/weka/scratch/nkw3mr/Vision-OPD-OPSA/rollouts/Aha-center-floor-Qwen3.5-4B-6karmA/44.jsonl
[36m(TaskRunner pid=745489)[0m step:44 - global_seqlen/min:342050 - global_seqlen/max:342050 - global_seqlen/minmax_diff:0 - global_seqlen/balanced_min:342050 - global_seqlen/balanced_max:342050 - global_seqlen/mean:342050.0 - self_distillation/teacher_always_on_fraction:1.0 - self_distillation/teacher_image_swap_fraction:1.0 - self_distillation/policy_fallback_fraction:0.0 - self_distillation/grpo_fallback_count:0.0 - rollout_corr/rollout_is_mean:1.0 - rollout_corr/rollout_is_ratio_fraction_high:0.0 - rollout_corr/rollout_is_ratio_fraction_low:0.0 - rollout_corr/rollout_is_max:1.0 - rollout_corr/rollout_is_min:1.0 - rollout_corr/rollout_is_std:0.0 - rollout_corr/rollout_is_eff_sample_size:1.0 - rollout_corr/rollout_is_seq_mean:1.0 - rollout_corr/rollout_is_seq_std:0.0 - rollout_corr/rollout_is_seq_max:1.0 - rollout_corr/rollout_is_seq_min:1.0 - rollout_corr/rollout_is_seq_max_deviation:0.0 - rollout_corr/rollout_is_seq_fraction_high:0.0 - rollout_corr/rollout_is_seq_fraction_low:0.0 - rollout_corr/training_ppl:6.161970611661673 - rollout_corr/training_log_ppl:1.2950386082132657 - rollout_corr/kl:0.0013403800045731866 - rollout_corr/k3_kl:0.03926592868325921 - rollout_corr/rollout_ppl:6.181902509182692 - rollout_corr/rollout_log_ppl:1.2936982282747824 - rollout_corr/log_ppl_diff:0.0013403799384832382 - rollout_corr/log_ppl_abs_diff:0.04413918467859427 - rollout_corr/log_ppl_diff_max:0.14041489362716675 - rollout_corr/log_ppl_diff_min:-0.6705801486968994 - rollout_corr/ppl_ratio:1.0046192693213623 - rollout_corr/chi2_token:0.23418537341058254 - rollout_corr/chi2_seq:142.19863492436707 - actor/pg_loss:0.22453900533340246 - actor/kl_loss:0.0 - actor/grpo_loss:0.0 - actor/vopd_loss:0.22453900533340246 - actor/vopd_loss_weighted:0.22453900533340246 - actor/policy_fallback_fraction:0.0 - aha/u_mean:-0.9471920319677641 - aha/u_neg_valley_frac:0.5030006239345918 - aha/floor_clamped_frac:0.5030006239345918 - aha/q_tail_mass:0.012845329986760134 - aha/u_centered_mean:-0.6389311007612074 - aha/u_centered_absmean:1.038152244950955 - aha/u_centered_wmean:-2.179174356878773e-08 - aha/argmax_conf:0.9574173092842102 - self_distillation/raw_jsd_token_mean:0.2245390053334025 - self_distillation/weighted_jsd_token_mean:0.2245390053334025 - self_distillation/self_distillation_mask.mean():1.0 - self_distillation/num_distill_tokens:126.22916666666667 - self_distillation/empty_target_batch:0.0 - actor/grad_norm:1.7454005479812622 - timing_s/update_actor/student_forward:58.021433401911054 - timing_s/update_actor/teacher_forward:73.2086447859765 - timing_s/update_actor/teacher_full_forward:0.0 - timing_s/update_actor/teacher_null_forward:57.50661119632423 - timing_s/update_actor/loss_compute:0.05680514394771308 - timing_s/update_actor/backward:87.91595498728566 - timing_s/update_actor/optimizer_step:0.08544932096265256 - timing_s/update_actor/teacher_ema_update:4.850700497627258e-05 - perf/mfu/actor:0.0 - perf/max_memory_allocated_gb:85.47815561294556 - perf/max_memory_reserved_gb:97.109375 - perf/cpu_memory_used_gb:340.18188095092773 - actor/lr:2e-06 - training/global_step:44 - training/epoch:0 - response_length/mean:126.22916412353516 - response_length/max:1024.0 - response_length/min:2.0 - response_length/clip_ratio:0.03125 - response_length_non_aborted/mean:126.22916412353516 - response_length_non_aborted/max:1024.0 - response_length_non_aborted/min:2.0 - response_length_non_aborted/clip_ratio:0.03125 - response/aborted_ratio:0.0 - prompt_length/mean:3436.791748046875 - prompt_length/max:4852.0 - prompt_length/min:3207.0 - prompt_length/clip_ratio:0.0 - num_turns/min:2 - num_turns/max:2 - num_turns/mean:2.0 - timing_s/start_profile:3.587902756407857e-05 - timing_s/agent_loop/generate_sequences/min:4.807410312001593 - timing_s/agent_loop/generate_sequences/max:23.68715163099114 - timing_s/agent_loop/generate_sequences/mean:12.863854209204268 - timing_s/agent_loop/tool_calls/min:0.0 - timing_s/agent_loop/tool_calls/max:0.0 - timing_s/agent_loop/tool_calls/mean:0.0 - timing_s/agent_loop/slowest/generate_sequences:23.68715163099114 - timing_s/agent_loop/slowest/tool_calls:0.0 - timing_s/agent_loop/slowest/prompt_length:3344 - timing_s/agent_loop/slowest/response_length:1024 - timing_s/gen:36.55733878700994 - timing_s/adv:24.92636510601733 - timing_s/update_actor:317.9763038880192 - timing_s/dump_rollout_generations:0.06228734500473365 - timing_s/step:379.5467377079767 - timing_s/stop_profile:3.23639833368361e-05 - timing_per_token_ms/gen:3.0167798966009194 - timing_per_token_ms/adv:0.07287345448331334 - timing_per_token_ms/update_actor:0.9296193652624446 - perf/total_num_tokens:342050 - perf/time_per_step:379.5467377079767 - perf/throughput:450.60326702527647
[36m(TaskRunner pid=745489)[0m Dumped generations to /sfs/weka/scratch/nkw3mr/Vision-OPD-OPSA/rollouts/Aha-center-floor-Qwen3.5-4B-6karmA/45.jsonl
[36m(TaskRunner pid=745489)[0m local_global_step_folder: /sfs/weka/scratch/nkw3mr/Vision-OPD-OPSA/checkpoints/Aha-center-floor-Qwen3.5-4B-6karmA/global_step_45
[36m(TaskRunner pid=745489)[0m step:45 - global_seqlen/min:343077 - global_seqlen/max:343077 - global_seqlen/minmax_diff:0 - global_seqlen/balanced_min:343077 - global_seqlen/balanced_max:343077 - global_seqlen/mean:343077.0 - self_distillation/teacher_always_on_fraction:1.0 - self_distillation/teacher_image_swap_fraction:1.0 - self_distillation/policy_fallback_fraction:0.0 - self_distillation/grpo_fallback_count:0.0 - rollout_corr/rollout_is_mean:1.0 - rollout_corr/rollout_is_ratio_fraction_high:0.0 - rollout_corr/rollout_is_ratio_fraction_low:0.0 - rollout_corr/rollout_is_max:1.0 - rollout_corr/rollout_is_min:1.0 - rollout_corr/rollout_is_std:0.0 - rollout_corr/rollout_is_eff_sample_size:1.0 - rollout_corr/rollout_is_seq_mean:1.0 - rollout_corr/rollout_is_seq_std:0.0 - rollout_corr/rollout_is_seq_max:1.0 - rollout_corr/rollout_is_seq_min:1.0 - rollout_corr/rollout_is_seq_max_deviation:0.0 - rollout_corr/rollout_is_seq_fraction_high:0.0 - rollout_corr/rollout_is_seq_fraction_low:0.0 - rollout_corr/training_ppl:4.626043173174064 - rollout_corr/training_log_ppl:1.3220014696319897 - rollout_corr/kl:0.010610484305895321 - rollout_corr/k3_kl:0.02987396162643563 - rollout_corr/rollout_ppl:4.503722303857406 - rollout_corr/rollout_log_ppl:1.3113910007911425 - rollout_corr/log_ppl_diff:0.010610468840847412 - rollout_corr/log_ppl_abs_diff:0.04104923099900285 - rollout_corr/log_ppl_diff_max:0.17189741134643555 - rollout_corr/log_ppl_diff_min:-0.3577381372451782 - rollout_corr/ppl_ratio:1.0126148679604132 - rollout_corr/chi2_token:0.12611664521197477 - rollout_corr/chi2_seq:1.3000099180887144 - actor/pg_loss:0.23719743762922008 - actor/kl_loss:0.0 - actor/grpo_loss:0.0 - actor/vopd_loss:0.23719743762922008 - actor/vopd_loss_weighted:0.23719743762922008 - actor/policy_fallback_fraction:0.0 - aha/u_mean:-0.9439724917174317 - aha/u_neg_valley_frac:0.5069250672434767 - aha/floor_clamped_frac:0.5069250672434767 - aha/q_tail_mass:0.013782517679980325 - aha/u_centered_mean:-0.6318204434743772 - aha/u_centered_absmean:1.046122017626961 - aha/u_centered_wmean:-1.8864546146834155e-08 - aha/argmax_conf:0.9722808003425598 - self_distillation/raw_jsd_token_mean:0.23719743762922008 - self_distillation/weighted_jsd_token_mean:0.23719743762922008 - self_distillation/self_distillation_mask.mean():1.0 - self_distillation/num_distill_tokens:107.48958333333333 - self_distillation/empty_target_batch:0.0 - actor/grad_norm:1.642079472541809 - timing_s/update_actor/student_forward:50.8410925460048 - timing_s/update_actor/teacher_forward:68.46583700022893 - timing_s/update_actor/teacher_full_forward:0.0 - timing_s/update_actor/teacher_null_forward:64.64921662618872 - timing_s/update_actor/loss_compute:0.0595726752653718 - timing_s/update_actor/backward:94.3770961672999 - timing_s/update_actor/optimizer_step:0.08542526897508651 - timing_s/update_actor/teacher_ema_update:4.770600935444236e-05 - perf/mfu/actor:0.0 - perf/max_memory_allocated_gb:85.47815561294556 - perf/max_memory_reserved_gb:97.109375 - perf/cpu_memory_used_gb:341.6493492126465 - actor/lr:2e-06 - training/global_step:45 - training/epoch:0 - response_length/mean:107.48958587646484 - response_length/max:1024.0 - response_length/min:4.0 - response_length/clip_ratio:0.02083333395421505 - response_length_non_aborted/mean:107.48958587646484 - response_length_non_aborted/max:1024.0 - response_length_non_aborted/min:4.0 - response_length_non_aborted/clip_ratio:0.02083333395421505 - response/aborted_ratio:0.0 - prompt_length/mean:3466.229248046875 - prompt_length/max:4051.0 - prompt_length/min:3294.0 - prompt_length/clip_ratio:0.0 - num_turns/min:2 - num_turns/max:2 - num_turns/mean:2.0 - timing_s/start_profile:5.6037039030343294e-05 - timing_s/agent_loop/generate_sequences/min:4.568234630045481 - timing_s/agent_loop/generate_sequences/max:23.510183514968958 - timing_s/agent_loop/generate_sequences/mean:12.799426077219929 - timing_s/agent_loop/tool_calls/min:0.0 - timing_s/agent_loop/tool_calls/max:0.0 - timing_s/agent_loop/tool_calls/mean:0.0 - timing_s/agent_loop/slowest/generate_sequences:23.5101[36m(TaskRunner pid=745489)[0m Training Progress:  88%|████████▊ | 45/51 [4:40:35<38:33, 385.54s/it]
[36m(WorkerDict pid=798195)[0m /sfs/weka/scratch/nkw3mr/Vision-OPD-OPSA/verl/utils/device.py:134: FutureWarning: torch.cuda._set_allocator_settings is deprecated. Use torch._C._accelerator_setAllocatorSettings instead.
[36m(WorkerDict pid=798195)[0m   torch.cuda.memory._set_allocator_settings(f"expandable_segments:{enable}")
[36m(TaskRunner pid=745489)[0m Training Progress:  90%|█████████ | 46/51 [4:46:46<31:45, 381.05s/it]
[36m(WorkerDict pid=798191)[0m /sfs/weka/scratch/nkw3mr/Vision-OPD-OPSA/verl/utils/device.py:134: FutureWarning: torch.cuda._set_allocator_settings is deprecated. Use torch._C._accelerator_setAllocatorSettings instead.
[36m(WorkerDict pid=798191)[0m   torch.cuda.memory._set_allocator_settings(f"expandable_segments:{enable}")
83514968958 - timing_s/agent_loop/slowest/tool_calls:0.0 - timing_s/agent_loop/slowest/prompt_length:3347 - timing_s/agent_loop/slowest/response_length:1024 - timing_s/gen:34.926216318970546 - timing_s/adv:23.014976763981394 - timing_s/update_actor:322.6925978899817 - timing_s/dump_rollout_generations:0.057057293015532196 - timing_s/step:380.7158350649988 - timing_s/save_checkpoint:22.321062470029574 - timing_s/stop_profile:3.6209996324032545e-05 - timing_per_token_ms/gen:3.384651256804976 - timing_per_token_ms/adv:0.0670839979479283 - timing_per_token_ms/update_actor:0.9405835946157326 - perf/total_num_tokens:343077 - perf/time_per_step:380.7158350649988 - perf/throughput:450.56833522754204
[36m(TaskRunner pid=745489)[0m Dumped generations to /sfs/weka/scratch/nkw3mr/Vision-OPD-OPSA/rollouts/Aha-center-floor-Qwen3.5-4B-6karmA/46.jsonl
[36m(TaskRunner pid=745489)[0m step:46 - global_seqlen/min:336683 - global_seqlen/max:336683 - global_seqlen/minmax_diff:0 - global_seqlen/balanced_min:336683 - global_seqlen/balanced_max:336683 - global_seqlen/mean:336683.0 - self_distillation/teacher_always_on_fraction:1.0 - self_distillation/teacher_image_swap_fraction:1.0 - self_distillation/policy_fallback_fraction:0.0 - self_distillation/grpo_fallback_count:0.0 - rollout_corr/rollout_is_mean:1.0 - rollout_corr/rollout_is_ratio_fraction_high:0.0 - rollout_corr/rollout_is_ratio_fraction_low:0.0 - rollout_corr/rollout_is_max:1.0 - rollout_corr/rollout_is_min:1.0 - rollout_corr/rollout_is_std:0.0 - rollout_corr/rollout_is_eff_sample_size:1.0 - rollout_corr/rollout_is_seq_mean:1.0 - rollout_corr/rollout_is_seq_std:0.0 - rollout_corr/rollout_is_seq_max:1.0 - rollout_corr/rollout_is_seq_min:1.0 - rollout_corr/rollout_is_seq_max_deviation:0.0 - rollout_corr/rollout_is_seq_fraction_high:0.0 - rollout_corr/rollout_is_seq_fraction_low:0.0 - rollout_corr/training_ppl:5.074396447589 - rollout_corr/training_log_ppl:1.4123716050138075 - rollout_corr/kl:0.03071722028653312 - rollout_corr/k3_kl:0.032545759197091684 - rollout_corr/rollout_ppl:4.924250493446986 - rollout_corr/rollout_log_ppl:1.3816543801998098 - rollout_corr/log_ppl_diff:0.030717224813997746 - rollout_corr/log_ppl_abs_diff:0.03489723149687052 - rollout_corr/log_ppl_diff_max:0.38794970512390137 - rollout_corr/log_ppl_diff_min:-0.0393032431602478 - rollout_corr/ppl_ratio:1.03247787989676 - rollout_corr/chi2_token:0.09712371788918972 - rollout_corr/chi2_seq:3.0908003946145377 - actor/pg_loss:0.2485942495792794 - actor/kl_loss:0.0 - actor/grpo_loss:0.0 - actor/vopd_loss:0.2485942495792794 - actor/vopd_loss_weighted:0.2485942495792794 - actor/policy_fallback_fraction:0.0 - aha/u_mean:-0.6862626476455868 - aha/u_neg_valley_frac:0.5168358121688167 - aha/floor_clamped_frac:0.5168358121688167 - aha/q_tail_mass:0.01630019198975674 - aha/u_centered_mean:-0.5624916104910275 - aha/u_centered_absmean:1.0092788540447752 - aha/u_centered_wmean:-1.3337504644409434e-08 - aha/argmax_conf:0.9441989660263062 - self_distillation/raw_jsd_token_mean:0.24859424957927936 - self_distillation/weighted_jsd_token_mean:0.24859424957927936 - self_distillation/self_distillation_mask.mean():1.0 - self_distillation/num_distill_tokens:130.30208333333334 - self_distillation/empty_target_batch:0.0 - actor/grad_norm:1.3744029998779297 - timing_s/update_actor/student_forward:56.27245778415818 - timing_s/update_actor/teacher_forward:73.6610607917537 - timing_s/update_actor/teacher_full_forward:0.0 - timing_s/update_actor/teacher_null_forward:55.12469816632802 - timing_s/update_actor/loss_compute:0.058037228998728096 - timing_s/update_actor/backward:86.29161120502977 - timing_s/update_actor/optimizer_step:0.08541383099509403 - timing_s/update_actor/teacher_ema_update:3.920303424820304e-05 - perf/mfu/actor:0.0 - perf/max_memory_allocated_gb:85.47815561294556 - perf/max_memory_reserved_gb:97.109375 - perf/cpu_memory_used_gb:343.30874252319336 - actor/lr:2e-06 - training/global_step:46 - training/epoch:0 - response_length/mean:130.3020782470703 - response_length/max:1024.0 - response_length/min:3.0 - response_length/clip_ratio:0.010416666977107525 - response_length_non_aborted/mean:130.3020782470703 - response_length_non_aborted/max:1024.0 - response_length_non_aborted/min:3.0 - response_length_non_aborted/clip_ratio:0.010416666977107525 - response/aborted_ratio:0.0 - prompt_length/mean:3376.8125 - prompt_length/max:3960.0 - prompt_length/min:3157.0 - prompt_length/clip_ratio:0.0 - num_turns/min:2 - num_turns/max:2 - num_turns/mean:2.0 - timing_s/start_profile:2.3082015104591846e-05 - timing_s/agent_loop/generate_sequences/min:4.429506601009052 - timing_s/agent_loop/generate_sequences/max:22.03916752396617 - timing_s/agent_loop/generate_sequences/mean:13.689678577201752 - timing_s/agent_loop/tool_calls/min:0.0 - timing_s/agent_loop/tool_calls/max:0.0 - timing_s/agent_loop/tool_calls/mean:0.0 - timing_s/agent_loop/slowest/generate_sequences:22.03916752396617 - timing_s/agent_loop/slowest/tool_calls:0.0 - timing_s/agent_loop/slowest/prompt_length:3350 - timing_s/agent_loop/slowest/response_length:1024 - timing_s/gen:34.17369226599112 - timing_s/adv:22.613084811950102 - timing_s/update_actor:313.36181002203375 - timing_s/dump_rollout_generations:0.06230743898777291 - timing_s/step:370.234706896008 - timing_s/stop_profile:2.9410002753138542e-05 - timing_per_token_ms/gen:2.7319283928364473 - timing_per_token_ms/adv:0.06716432018233799 - timing_per_token_ms/update_actor:0.9307324991818231 - perf/total_num_tokens:336683 - perf/time_per_step:370.234706896008 - perf/throughput:454.6885985145741
[36m(TaskRunner pid=745489)[0m Dumped generations to /sfs/weka/scratch/nkw3mr/Vision-OPD-OPSA/rollouts/Aha-center-floor-Qwen3.5-4B-6karmA/47.jsonl
[36m(TaskRunner pid=745489)[0m step:47 - global_seqlen/min:342719 - global_seqlen/max:342719 - global_seqlen/minmax_diff:0 - global_seqlen/balanced_min:342719 - global_seqlen/balanced_max:342719 - global_seqlen/mean:342719.0 - self_distillation/teacher_always_on_fraction:1.0 - self_distillation/teacher_image_swap_fraction:1.0 - self_distillation/policy_fallback_fraction:0.0 - self_distillation/grpo_fallback_count:0.0 - rollout_corr/rollout_is_mean:1.0 - rollout_corr/rollout_is_ratio_fraction_high:0.0 - rollout_corr/rollout_is_ratio_fraction_low:0.0 - rollout_corr/rollout_is_max:1.0 - rollout_corr/rollout_is_min:1.0 - rollout_corr/rollout_is_std:0.0 - rollout_corr/rollout_is_eff_sample_size:1.0 - rollout_corr/rollout_is_seq_mean:1.0 - rollout_corr/rollout_is_seq_std:0.0 - rollout_corr/rollout_is_seq_max:1.0 - rollout_corr/rollout_is_seq_min:1.0 - rollout_corr/rollout_is_seq_max_deviation:0.0 - rollout_corr/rollout_is_seq_fraction_high:0.0 - rollout_corr/rollout_is_seq_fraction_low:0.0 - rollout_corr/training_ppl:10.698467602332434 - rollout_corr/training_log_ppl:1.2208869118864338 - rollout_corr/kl:0.01725351045509645 - rollout_corr/k3_kl:0.023094727580125134 - rollout_corr/rollout_ppl:10.661059085279703 - rollout_corr/rollout_log_ppl:1.2036333956445258 - rollout_corr/log_ppl_diff:0.017253516241908073 - rollout_corr/log_ppl_abs_diff:0.034826370577017464 - rollout_corr/log_ppl_diff_max:0.1546710729598999 - rollout_corr/log_ppl_diff_min:-0.11275005340576172 - rollout_corr/ppl_ratio:1.0183882806450129 - rollout_corr/chi2_token:0.06638453590373199 - rollout_corr/chi2_seq:0.18450291578968367 - actor/pg_loss:0.23011562967925178 - actor/kl_loss:0.0 - actor/grpo_loss:0.0 - actor/vopd_loss:0.23011562967925178 - actor/vopd_loss_weighted:0.23011562967925178 - actor/policy_fallback_fraction:0.0 - aha/u_mean:-0.9678593663017333 - aha/u_neg_valley_frac:0.5314671266824007 - aha/floor_clamped_frac:0.5314671266824007 - aha/q_tail_mass:0.016873833196977255 - aha/u_centered_mean:-0.6768707904654244 - aha/u_centered_absmean:1.099781328657021 - aha/u_centered_wmean:-1.894845112181594e-08 - aha/argmax_conf:0.979525625705719 - self_distillation/raw_jsd_token_mean:0.23011562967925178 - self_distillation/weighted_jsd_token_mean:0.23011562967925178 - self_distillation/self_distillation_mask.mean():1.0 - self_distillation/num_distill_tokens:152.55208333333334 - self_distillation/empty_target_batch:0.0 - actor/grad_norm:1.0356736183166504 - timing_s/update_actor/student_forward:59.36916328006191 - timing_s/update_actor/teacher_forward:64.39054026181111 - timing_s/update_actor/teacher_full_forward:0.0 - timing_s/update_actor/teacher_null_forward:63.560693323088344 - timing_s/update_actor/loss_compute:0.058584541897289455 - timing_s/update_actor/backward:87.17851621366572 - timing_s/update_actor/optimizer_step:0.08559555298415944 - timing_s/update_actor/teacher_ema_update:6.167404353618622e-05 - perf/mfu/actor:0.0 - perf/max_memory_allocated_gb:85.47815561294556 - perf/max_memory_reserved_gb:97.109375 - perf/cpu_memory_used_gb:346.64490509033203 - actor/lr:2e-06 - training/global_step:47 - training/epoch:0 - response_length/mean:152.5520782470703 - response_length/max:1024.0 - response_length/min:4.0 - response_length/clip_ratio:0.0416666679084301 - response_length_non_aborted/mean:152.5520782470703 - response_length_non_aborted/max:1024.0 - response_length_non_aborted/min:4.0 - response_length_non_aborted/clip_ratio:0.0416666679084301 - response/aborted_ratio:0.0 - prompt_length/mean:3417.4375 - prompt_length/max:4473.0 - prompt_length/min:3254.0 - prompt_length/clip_ratio:0.0 - num_turns/min:2 - num_turns/max:2 - num_turns/mean:2.0 - timing_s/start_profile:4.144699778407812e-05 - timing_s/agent_loop/generate_sequences/min:1.734842962003313 - timing_s/agent_loop/generate_sequences/max:24.39967993297614 - timing_s/agent_loop/generate_sequences/mean:14.352270282248355 - timing_s/agent_loop/tool_calls/min:0.0 - timing_s/agent_loop/tool_calls/max:0.0 - timing_s/agent_loop/tool_calls/mean:0.0 - timing_s/agent_loop/slowest/generate_sequences:24.399679932[36m(TaskRunner pid=745489)[0m Training Progress:  92%|█████████▏| 47/51 [4:53:02<25:18, 379.55s/it]
[36m(TaskRunner pid=745489)[0m Training Progress:  94%|█████████▍| 48/51 [4:59:19<18:56, 378.82s/it]
97614 - timing_s/agent_loop/slowest/tool_calls:0.0 - timing_s/agent_loop/slowest/prompt_length:3356 - timing_s/agent_loop/slowest/response_length:1024 - timing_s/gen:36.13706875196658 - timing_s/adv:23.3193992220331 - timing_s/update_actor:316.21254002297064 - timing_s/dump_rollout_generations:0.05501471000025049 - timing_s/step:375.74915766099 - timing_s/stop_profile:2.4012988433241844e-05 - timing_per_token_ms/gen:2.4675362753135257 - timing_per_token_ms/adv:0.06804232978630627 - timing_per_token_ms/update_actor:0.9226583294855862 - perf/total_num_tokens:342719 - perf/time_per_step:375.74915766099 - perf/throughput:456.04759586608225
[36m(TaskRunner pid=745489)[0m Dumped generations to /sfs/weka/scratch/nkw3mr/Vision-OPD-OPSA/rollouts/Aha-center-floor-Qwen3.5-4B-6karmA/48.jsonl
[36m(TaskRunner pid=745489)[0m step:48 - global_seqlen/min:340903 - global_seqlen/max:340903 - global_seqlen/minmax_diff:0 - global_seqlen/balanced_min:340903 - global_seqlen/balanced_max:340903 - global_seqlen/mean:340903.0 - self_distillation/teacher_always_on_fraction:1.0 - self_distillation/teacher_image_swap_fraction:1.0 - self_distillation/policy_fallback_fraction:0.0 - self_distillation/grpo_fallback_count:0.0 - rollout_corr/rollout_is_mean:1.0 - rollout_corr/rollout_is_ratio_fraction_high:0.0 - rollout_corr/rollout_is_ratio_fraction_low:0.0 - rollout_corr/rollout_is_max:1.0 - rollout_corr/rollout_is_min:1.0 - rollout_corr/rollout_is_std:0.0 - rollout_corr/rollout_is_eff_sample_size:1.0 - rollout_corr/rollout_is_seq_mean:1.0 - rollout_corr/rollout_is_seq_std:0.0 - rollout_corr/rollout_is_seq_max:1.0 - rollout_corr/rollout_is_seq_min:1.0 - rollout_corr/rollout_is_seq_max_deviation:0.0 - rollout_corr/rollout_is_seq_fraction_high:0.0 - rollout_corr/rollout_is_seq_fraction_low:0.0 - rollout_corr/training_ppl:9.52359160532554 - rollout_corr/training_log_ppl:1.3244091818730037 - rollout_corr/kl:0.019299873446774047 - rollout_corr/k3_kl:0.02676152379798206 - rollout_corr/rollout_ppl:8.11089134340485 - rollout_corr/rollout_log_ppl:1.3051093183457851 - rollout_corr/log_ppl_diff:0.019299863527218502 - rollout_corr/log_ppl_abs_diff:0.04111422039568424 - rollout_corr/log_ppl_diff_max:0.3471646308898926 - rollout_corr/log_ppl_diff_min:-0.28177404403686523 - rollout_corr/ppl_ratio:1.02137362336119 - rollout_corr/chi2_token:0.08408116052548091 - rollout_corr/chi2_seq:1.1081966341783602 - actor/pg_loss:0.22470157962137216 - actor/kl_loss:0.0 - actor/grpo_loss:0.0 - actor/vopd_loss:0.22470157962137216 - actor/vopd_loss_weighted:0.22470157962137216 - actor/policy_fallback_fraction:0.0 - aha/u_mean:-0.8196857499230342 - aha/u_neg_valley_frac:0.5200328857948383 - aha/floor_clamped_frac:0.5200328857948383 - aha/q_tail_mass:0.017183027432452036 - aha/u_centered_mean:-0.600994466454722 - aha/u_centered_absmean:1.0104573424905539 - aha/u_centered_wmean:-1.3236189500815595e-08 - aha/argmax_conf:0.969344973564148 - self_distillation/raw_jsd_token_mean:0.22470157962137213 - self_distillation/weighted_jsd_token_mean:0.22470157962137213 - self_distillation/self_distillation_mask.mean():1.0 - self_distillation/num_distill_tokens:145.28125 - self_distillation/empty_target_batch:0.0 - actor/grad_norm:1.236276388168335 - timing_s/update_actor/student_forward:47.74339119205251 - timing_s/update_actor/teacher_forward:75.29293902934296 - timing_s/update_actor/teacher_full_forward:0.0 - timing_s/update_actor/teacher_null_forward:58.094469372939784 - timing_s/update_actor/loss_compute:0.05876450164942071 - timing_s/update_actor/backward:93.4394027426606 - timing_s/update_actor/optimizer_step:0.0851376079954207 - timing_s/update_actor/teacher_ema_update:4.374998388811946e-05 - perf/mfu/actor:0.0 - perf/max_memory_allocated_gb:85.47815561294556 - perf/max_memory_reserved_gb:97.109375 - perf/cpu_memory_used_gb:348.0491409301758 - actor/lr:2e-06 - training/global_step:48 - training/epoch:0 - response_length/mean:145.28125 - response_length/max:1024.0 - response_length/min:4.0 - response_length/clip_ratio:0.0416666679084301 - response_length_non_aborted/mean:145.28125 - response_length_non_aborted/max:1024.0 - response_length_non_aborted/min:4.0 - response_length_non_aborted/clip_ratio:0.0416666679084301 - response/aborted_ratio:0.0 - prompt_length/mean:3405.791748046875 - prompt_length/max:4240.0 - prompt_length/min:3115.0 - prompt_length/clip_ratio:0.0 - num_turns/min:2 - num_turns/max:2 - num_turns/mean:2.0 - timing_s/start_profile:4.2018014937639236e-05 - timing_s/agent_loop/generate_sequences/min:2.292952288989909 - timing_s/agent_loop/generate_sequences/max:24.187550409988035 - timing_s/agent_loop/generate_sequences/mean:13.08144345270072 - timing_s/agent_loop/tool_calls/min:0.0 - timing_s/agent_loop/tool_calls/max:0.0 - timing_s/agent_loop/tool_calls/mean:0.0 - timing_s/agent_loop/slowest/generate_sequences:24.187550409988035 - timing_s/agent_loop/slowest/tool_calls:0.0 - timing_s/agent_loop/slowest/prompt_length:3348 - timing_s/agent_loop/slowest/response_length:1024 - timing_s/gen:37.338633036997635 - timing_s/adv:22.985734900983516 - timing_s/update_actor:316.3617978830007 - timing_s/dump_rollout_generations:0.057618952996563166 - timing_s/step:376.76798146398505 - timing_s/stop_profile:3.227399429306388e-05 - timing_per_token_ms/gen:2.677180256470756 - timing_per_token_ms/adv:0.06742602705456835 - timing_per_token_ms/update_actor:0.9280111875900203 - perf/total_num_tokens:340903 - perf/time_per_step:376.76798146398505 - perf/throughput:452.4044196581851
[36m(TaskRunner pid=745489)[0m Dumped generations to /sfs/weka/scratch/nkw3mr/Vision-OPD-OPSA/rollouts/Aha-center-floor-Qwen3.5-4B-6karmA/49.jsonl
[36m(TaskRunner pid=745489)[0m step:49 - global_seqlen/min:334713 - global_seqlen/max:334713 - global_seqlen/minmax_diff:0 - global_seqlen/balanced_min:334713 - global_seqlen/balanced_max:334713 - global_seqlen/mean:334713.0 - self_distillation/teacher_always_on_fraction:1.0 - self_distillation/teacher_image_swap_fraction:1.0 - self_distillation/policy_fallback_fraction:0.0 - self_distillation/grpo_fallback_count:0.0 - rollout_corr/rollout_is_mean:1.0 - rollout_corr/rollout_is_ratio_fraction_high:0.0 - rollout_corr/rollout_is_ratio_fraction_low:0.0 - rollout_corr/rollout_is_max:1.0 - rollout_corr/rollout_is_min:1.0 - rollout_corr/rollout_is_std:0.0 - rollout_corr/rollout_is_eff_sample_size:1.0 - rollout_corr/rollout_is_seq_mean:1.0 - rollout_corr/rollout_is_seq_std:0.0 - rollout_corr/rollout_is_seq_max:1.0 - rollout_corr/rollout_is_seq_min:1.0 - rollout_corr/rollout_is_seq_max_deviation:0.0 - rollout_corr/rollout_is_seq_fraction_high:0.0 - rollout_corr/rollout_is_seq_fraction_low:0.0 - rollout_corr/training_ppl:4.104580332835515 - rollout_corr/training_log_ppl:1.2056971775988738 - rollout_corr/kl:0.010712360937645826 - rollout_corr/k3_kl:0.027825732103641105 - rollout_corr/rollout_ppl:4.016070333619912 - rollout_corr/rollout_log_ppl:1.1949848084089656 - rollout_corr/log_ppl_diff:0.010712369189908108 - rollout_corr/log_ppl_abs_diff:0.03368838457390666 - rollout_corr/log_ppl_diff_max:0.09374058246612549 - rollout_corr/log_ppl_diff_min:-0.3123326301574707 - rollout_corr/ppl_ratio:1.012130909288923 - rollout_corr/chi2_token:0.11323046870529652 - rollout_corr/chi2_seq:0.3413492099692424 - actor/pg_loss:0.22511393707827657 - actor/kl_loss:0.0 - actor/grpo_loss:0.0 - actor/vopd_loss:0.22511393707827657 - actor/vopd_loss_weighted:0.22511393707827657 - actor/policy_fallback_fraction:0.0 - aha/u_mean:-0.9262294173240662 - aha/u_neg_valley_frac:0.5267259323348602 - aha/floor_clamped_frac:0.5267259323348602 - aha/q_tail_mass:0.024397313099171924 - aha/u_centered_mean:-0.6533066394040361 - aha/u_centered_absmean:1.0540431709960103 - aha/u_centered_wmean:-1.9492653517058183e-08 - aha/argmax_conf:0.975163996219635 - self_distillation/raw_jsd_token_mean:0.22511393707827665 - self_distillation/weighted_jsd_token_mean:0.22511393707827665 - self_distillation/self_distillation_mask.mean():1.0 - self_distillation/num_distill_tokens:119.30208333333333 - self_distillation/empty_target_batch:0.0 - actor/grad_norm:1.1921660900115967 - timing_s/update_actor/student_forward:47.52193602290936 - timing_s/update_actor/teacher_forward:76.22278379992349 - timing_s/update_actor/teacher_full_forward:0.0 - timing_s/update_actor/teacher_null_forward:56.19331865583081 - timing_s/update_actor/loss_compute:0.05884449486620724 - timing_s/update_actor/backward:94.19238512625452 - timing_s/update_actor/optimizer_step:0.08534046198474243 - timing_s/update_actor/teacher_ema_update:5.175103433430195e-05 - perf/mfu/actor:0.0 - perf/max_memory_allocated_gb:85.47815561294556 - perf/max_memory_reserved_gb:97.109375 - perf/cpu_memory_used_gb:347.3205146789551 - actor/lr:2e-06 - training/global_step:49 - training/epoch:0 - response_length/mean:119.30208587646484 - response_length/max:816.0 - response_length/min:4.0 - response_length/clip_ratio:0.0 - response_length_non_aborted/mean:119.30208587646484 - response_length_non_aborted/max:816.0 - response_length_non_aborted/min:4.0 - response_length_non_aborted/clip_ratio:0.0 - response/aborted_ratio:0.0 - prompt_length/mean:3367.291748046875 - prompt_length/max:3962.0 - prompt_length/min:3157.0 - prompt_length/clip_ratio:0.0 - num_turns/min:2 - num_turns/max:2 - num_turns/mean:2.0 - timing_s/start_profile:2.876901999115944e-05 - timing_s/agent_loop/generate_sequences/min:5.933744163019583 - timing_s/agent_loop/generate_sequences/max:21.089681782003026 - timing_s/agent_loop/generate_sequences/mean:13.220695935311596 - timing_s/agent_loop/tool_calls/min:0.0 - timing_s/agent_loop/tool_calls/max:0.0 - timing_s/agent_loop/tool_calls/mean:0.0 - timing_s/agent_loop/slowest/generate_sequences:21.089681782003026 - timing_s/agent_lo[36m(TaskRunner pid=745489)[0m Training Progress:  96%|█████████▌| 49/51 [5:05:30<12:33, 376.54s/it]
[36m(TaskRunner pid=745489)[0m Training Progress:  98%|█████████▊| 50/51 [5:12:07<06:22, 382.47s/it]
[36m(WorkerDict pid=798195)[0m /sfs/weka/scratch/nkw3mr/Vision-OPD-OPSA/verl/utils/device.py:134: FutureWarning: torch.cuda._set_allocator_settings is deprecated. Use torch._C._accelerator_setAllocatorSettings instead.
[36m(WorkerDict pid=798195)[0m   torch.cuda.memory._set_allocator_settings(f"expandable_segments:{enable}")
op/slowest/tool_calls:0.0 - timing_s/agent_loop/slowest/prompt_length:3349 - timing_s/agent_loop/slowest/response_length:816 - timing_s/gen:33.49977820098866 - timing_s/adv:23.38496357999975 - timing_s/update_actor:313.88112978701247 - timing_s/dump_rollout_generations:0.05556667101336643 - timing_s/step:370.84756097901845 - timing_s/stop_profile:2.2921012714505196e-05 - timing_per_token_ms/gen:2.9249784511471804 - timing_per_token_ms/adv:0.06986571653924331 - timing_per_token_ms/update_actor:0.9377619924741868 - perf/total_num_tokens:334713 - perf/time_per_step:370.84756097901845 - perf/throughput:451.28111280599353
[36m(TaskRunner pid=745489)[0m Dumped generations to /sfs/weka/scratch/nkw3mr/Vision-OPD-OPSA/rollouts/Aha-center-floor-Qwen3.5-4B-6karmA/50.jsonl
[36m(TaskRunner pid=745489)[0m local_global_step_folder: /sfs/weka/scratch/nkw3mr/Vision-OPD-OPSA/checkpoints/Aha-center-floor-Qwen3.5-4B-6karmA/global_step_50
[36m(TaskRunner pid=745489)[0m step:50 - global_seqlen/min:340277 - global_seqlen/max:340277 - global_seqlen/minmax_diff:0 - global_seqlen/balanced_min:340277 - global_seqlen/balanced_max:340277 - global_seqlen/mean:340277.0 - self_distillation/teacher_always_on_fraction:1.0 - self_distillation/teacher_image_swap_fraction:1.0 - self_distillation/policy_fallback_fraction:0.0 - self_distillation/grpo_fallback_count:0.0 - rollout_corr/rollout_is_mean:1.0 - rollout_corr/rollout_is_ratio_fraction_high:0.0 - rollout_corr/rollout_is_ratio_fraction_low:0.0 - rollout_corr/rollout_is_max:1.0 - rollout_corr/rollout_is_min:1.0 - rollout_corr/rollout_is_std:0.0 - rollout_corr/rollout_is_eff_sample_size:1.0 - rollout_corr/rollout_is_seq_mean:1.0 - rollout_corr/rollout_is_seq_std:0.0 - rollout_corr/rollout_is_seq_max:1.0 - rollout_corr/rollout_is_seq_min:1.0 - rollout_corr/rollout_is_seq_max_deviation:0.0 - rollout_corr/rollout_is_seq_fraction_high:0.0 - rollout_corr/rollout_is_seq_fraction_low:0.0 - rollout_corr/training_ppl:3.8260745281974473 - rollout_corr/training_log_ppl:1.108998539391905 - rollout_corr/kl:0.013508272080192304 - rollout_corr/k3_kl:0.01927440464510255 - rollout_corr/rollout_ppl:3.7422296442091465 - rollout_corr/rollout_log_ppl:1.095490271691233 - rollout_corr/log_ppl_diff:0.01350826770067215 - rollout_corr/log_ppl_abs_diff:0.02756955474615097 - rollout_corr/log_ppl_diff_max:0.18021941184997559 - rollout_corr/log_ppl_diff_min:-0.15328097343444824 - rollout_corr/ppl_ratio:1.0143573476622503 - rollout_corr/chi2_token:0.059140761072436966 - rollout_corr/chi2_seq:3.249744676053524 - actor/pg_loss:0.21312537948445723 - actor/kl_loss:0.0 - actor/grpo_loss:0.0 - actor/vopd_loss:0.21312537948445723 - actor/vopd_loss_weighted:0.21312537948445723 - actor/policy_fallback_fraction:0.0 - aha/u_mean:-0.9942297432862688 - aha/u_neg_valley_frac:0.5317148280640444 - aha/floor_clamped_frac:0.5317148280640444 - aha/q_tail_mass:0.029165272984755575 - aha/u_centered_mean:-0.6461132082913537 - aha/u_centered_absmean:1.0443667300666373 - aha/u_centered_wmean:-1.9341061848442143e-08 - aha/argmax_conf:0.9682996869087219 - self_distillation/raw_jsd_token_mean:0.21312537948445728 - self_distillation/weighted_jsd_token_mean:0.21312537948445728 - self_distillation/self_distillation_mask.mean():1.0 - self_distillation/num_distill_tokens:153.11458333333334 - self_distillation/empty_target_batch:0.0 - actor/grad_norm:0.825924813747406 - timing_s/update_actor/student_forward:55.89618917793268 - timing_s/update_actor/teacher_forward:73.72771257295972 - timing_s/update_actor/teacher_full_forward:0.0 - timing_s/update_actor/teacher_null_forward:55.25612399878446 - timing_s/update_actor/loss_compute:0.05882112879771739 - timing_s/update_actor/backward:87.32641815586248 - timing_s/update_actor/optimizer_step:0.0861922480398789 - timing_s/update_actor/teacher_ema_update:6.312696496024728e-05 - perf/mfu/actor:0.0 - perf/max_memory_allocated_gb:85.47815561294556 - perf/max_memory_reserved_gb:97.109375 - perf/cpu_memory_used_gb:337.81790924072266 - actor/lr:2e-06 - training/global_step:50 - training/epoch:0 - response_length/mean:153.1145782470703 - response_length/max:1024.0 - response_length/min:4.0 - response_length/clip_ratio:0.0416666679084301 - response_length_non_aborted/mean:153.1145782470703 - response_length_non_aborted/max:1024.0 - response_length_non_aborted/min:4.0 - response_length_non_aborted/clip_ratio:0.0416666679084301 - response/aborted_ratio:0.0 - prompt_length/mean:3391.4375 - prompt_length/max:3957.0 - prompt_length/min:3174.0 - prompt_length/clip_ratio:0.0 - num_turns/min:2 - num_turns/max:2 - num_turns/mean:2.0 - timing_s/start_profile:3.043096512556076e-05 - timing_s/agent_loop/generate_sequences/min:6.291702158981934 - timing_s/agent_loop/generate_sequences/max:25.273178443021607 - timing_s/agent_loop/generate_sequences/mean:14.255295392379898 - timing_s/agent_loop/tool_calls/min:0.0 - timing_s/agent_loop/tool_calls/max:0.0 - timing_s/agent_loop/tool_calls/mean:0.0 - timing_s/agent_loop/slowest/generate_sequences:25.273178443021607 - timing_s/agent_loop/slowest/tool_calls:0.0 - timing_s/agent_loop/slowest/prompt_length:3356 - timing_s/agent_loop/slowest/response_length:1024 - timing_s/gen:36.27386611799011 - timing_s/adv:24.27544364001369 - timing_s/update_actor:312.9713794379495 - timing_s/dump_rollout_generations:0.06267750402912498 - timing_s/step:373.6114620179869 - timing_s/save_checkpoint:22.35081310500391 - timing_s/stop_profile:4.070496652275324e-05 - timing_per_token_ms/gen:2.467777816041235 - timing_per_token_ms/adv:0.07134024233202271 - timing_per_token_ms/update_actor:0.9197547275835555 - perf/total_num_tokens:340277 - perf/time_per_step:373.6114620179869 - perf/throughput:455.3888659652764
[36m(TaskRunner pid=745489)[0m Dumped generations to /sfs/weka/scratch/nkw3mr/Vision-OPD-OPSA/rollouts/Aha-center-floor-Qwen3.5-4B-6karmA/51.jsonl
[36m(TaskRunner pid=745489)[0m local_global_step_folder: /sfs/weka/scratch/nkw3mr/Vision-OPD-OPSA/checkpoints/Aha-center-floor-Qwen3.5-4B-6karmA/global_step_51
[36m(TaskRunner pid=745489)[0m step:51 - global_seqlen/min:344276 - global_seqlen/max:344276 - global_seqlen/minmax_diff:0 - global_seqlen/balanced_min:344276 - global_seqlen/balanced_max:344276 - global_seqlen/mean:344276.0 - self_distillation/teacher_always_on_fraction:1.0 - self_distillation/teacher_image_swap_fraction:1.0 - self_distillation/policy_fallback_fraction:0.0 - self_distillation/grpo_fallback_count:0.0 - rollout_corr/rollout_is_mean:1.0 - rollout_corr/rollout_is_ratio_fraction_high:0.0 - rollout_corr/rollout_is_ratio_fraction_low:0.0 - rollout_corr/rollout_is_max:1.0 - rollout_corr/rollout_is_min:1.0 - rollout_corr/rollout_is_std:0.0 - rollout_corr/rollout_is_eff_sample_size:1.0 - rollout_corr/rollout_is_seq_mean:1.0 - rollout_corr/rollout_is_seq_std:0.0 - rollout_corr/rollout_is_seq_max:1.0 - rollout_corr/rollout_is_seq_min:1.0 - rollout_corr/rollout_is_seq_max_deviation:0.0 - rollout_corr/rollout_is_seq_fraction_high:0.0 - rollout_corr/rollout_is_seq_fraction_low:0.0 - rollout_corr/training_ppl:2.970282399406036 - rollout_corr/training_log_ppl:0.9580827932804823 - rollout_corr/kl:0.01345764713793566 - rollout_corr/k3_kl:0.021660821033340955 - rollout_corr/rollout_ppl:2.910568118095398 - rollout_corr/rollout_log_ppl:0.9446251310097674 - rollout_corr/log_ppl_diff:0.01345766227071484 - rollout_corr/log_ppl_abs_diff:0.03570944986616572 - rollout_corr/log_ppl_diff_max:0.17599481344223022 - rollout_corr/log_ppl_diff_min:-0.17709004878997803 - rollout_corr/ppl_ratio:1.0146294254809618 - rollout_corr/chi2_token:0.06280756928026676 - rollout_corr/chi2_seq:0.23409805757304034 - actor/pg_loss:0.19958508625374327 - actor/kl_loss:0.0 - actor/grpo_loss:0.0 - actor/vopd_loss:0.19958508625374327 - actor/vopd_loss_weighted:0.19958508625374327 - actor/policy_fallback_fraction:0.0 - aha/u_mean:-1.0021072191690716 - aha/u_neg_valley_frac:0.5278151499417921 - aha/floor_clamped_frac:0.5278151499417921 - aha/q_tail_mass:0.015610246901322474 - aha/u_centered_mean:-0.6616041221423075 - aha/u_centered_absmean:1.0587388615434368 - aha/u_centered_wmean:-2.1366890983383808e-08 - aha/argmax_conf:0.9585057497024536 - self_distillation/raw_jsd_token_mean:0.1995850862537433 - self_distillation/weighted_jsd_token_mean:0.1995850862537433 - self_distillation/self_distillation_mask.mean():1.0 - self_distillation/num_distill_tokens:177.70833333333334 - self_distillation/empty_target_batch:0.0 - actor/grad_norm:1.0071265697479248 - timing_s/update_actor/student_forward:54.635602267691866 - timing_s/update_actor/teacher_forward:74.39449774485547 - timing_s/update_actor/teacher_full_forward:0.0 - timing_s/update_actor/teacher_null_forward:55.83429507497931 - timing_s/update_actor/loss_compute:0.058054877910763025 - timing_s/update_actor/backward:87.09971187723568 - timing_s/update_actor/optimizer_step:0.08575955498963594 - timing_s/update_actor/teacher_ema_update:4.850700497627258e-05 - perf/mfu/actor:0.0 - perf/max_memory_allocated_gb:85.47815561294556 - perf/max_memory_reserved_gb:97.109375 - perf/cpu_memory_used_gb:341.06982803344727 - actor/lr:2e-06 - training/global_step:51 - training/epoch:0 - response_length/mean:177.7083282470703 - response_length/max:1024.0 - response_length/min:4.0 - response_length/clip_ratio:0.0416666679084301 - response_length_non_aborted/mean:177.7083282470703 - response_length_non_aborted/max:1024.0 - response_length_non_aborted/min:4.0 - response_length_non_aborted/clip_ratio:0.0416666679084301 - response/aborted_ratio:0.0 - prompt_length/mean:3408.5 - prompt_length/max:3997.0 - prompt_length/min:3202.0 - prompt_length/clip_ratio:0.0 - num_turns/min:2 - num_turns/max:2 - num_turns/mean:2.0 - timing_s/start_profile:4.811602411791682e-05 - timing_s/agent_loop/generate_sequences/min:5.292469464999158 - timing_s/agent_loop/generate_sequences/max:25.733187081001233 - timing_s/agent_loop/generate_sequences/mean:14.18915988549937 - timing_s/agent_loop/tool_calls/min:0.0 - timing_s/agent_loop/tool_calls/max:0.0 - timing_s/agent_loop/tool_calls/mean:0.0 - timing_s/agent_loop/slowest/generate_sequences:25.73318708100123[36m(TaskRunner pid=745489)[0m Training Progress: 100%|██████████| 51/51 [5:18:41<00:00, 385.93s/it]Training Progress: 100%|██████████| 51/51 [5:18:41<00:00, 374.93s/it]
[36m(WorkerDict pid=798191)[0m /sfs/weka/scratch/nkw3mr/Vision-OPD-OPSA/verl/utils/device.py:134: FutureWarning: torch.cuda._set_allocator_settings is deprecated. Use torch._C._accelerator_setAllocatorSettings instead.
[36m(WorkerDict pid=798191)[0m   torch.cuda.memory._set_allocator_settings(f"expandable_segments:{enable}")
[36m(TaskRunner pid=745489)[0m wandb: updating run metadata
[36m(TaskRunner pid=745489)[0m wandb: uploading config.yaml
[36m(TaskRunner pid=745489)[0m wandb: 
[36m(TaskRunner pid=745489)[0m wandb: Run history:
[36m(TaskRunner pid=745489)[0m wandb:                actor/grad_norm ▇▆█▃▃▂▂▃▃▂▁▁▁▁▂▂▃▃▂▃▁▁▁▂▁▁▁▁▁▁▁▁▂▁▂▂▁▂▂▁
[36m(TaskRunner pid=745489)[0m wandb:                actor/grpo_loss ▁▁▁▁▁▁▁▁▁▁▁▁▁▁▁▁▁▁▁▁▁▁▁▁▁▁▁▁▁▁▁▁▁▁▁▁▁▁▁▁
[36m(TaskRunner pid=745489)[0m wandb:                  actor/kl_loss ▁▁▁▁▁▁▁▁▁▁▁▁▁▁▁▁▁▁▁▁▁▁▁▁▁▁▁▁▁▁▁▁▁▁▁▁▁▁▁▁
[36m(TaskRunner pid=745489)[0m wandb:                       actor/lr ▁▂▂▃▄▅▆▇▇███████████████████████████████
[36m(TaskRunner pid=745489)[0m wandb:                  actor/pg_loss ▆▆▆▆█▇▇▇▇▅▆▂▂▄▆▅▆▅▅▇▅▄▅▁▅▅▅▅▆▃▅▅▅▅▅▇▆▅▅▃
[36m(TaskRunner pid=745489)[0m wandb: actor/policy_fallback_fraction ▁▁▁▁▁▁▁▁▁▁▁▁▁▁▁▁▁▁▁▁▁▁▁▁▁▁▁▁▁▁▁▁▁▁▁▁▁▁▁▁
[36m(TaskRunner pid=745489)[0m wandb:                actor/vopd_loss ▆▇▇▇▆█▇▇██▅▃▂▄▆▅▅▆▆▅▆▅▄▅▁▆▅▅▇▃▅▅▆▅▅█▆▅▅▃
[36m(TaskRunner pid=745489)[0m wandb:       actor/vopd_loss_weighted ▆▇▇▇▆█▇▇█▆▇▃▂▄▆▅▆▆▅▇▅▄▅▁▅▅▅▇▃▅▅▆▅▅▅█▆▅▅▃
[36m(TaskRunner pid=745489)[0m wandb:                aha/argmax_conf █▆▇▆▆▄▆▂▁▅▆▅▇▆▇▇▆▆▄▇▅▆▆▅▆▆███▇▇▆▆▄▆▆█▇▇▇
[36m(TaskRunner pid=745489)[0m wandb:         aha/floor_clamped_frac ▄▄▃▅▇▇█▇██▆▄▅▇▅▅▄▃▅▅▆█▃▅▁▃▄▃▅▄▃▃▄▂▁▂▃▅▃▄
[36m(TaskRunner pid=745489)[0m wandb:                           +102 ...
[36m(TaskRunner pid=745489)[0m wandb: 
[36m(TaskRunner pid=745489)[0m wandb: Run summary:
[36m(TaskRunner pid=745489)[0m wandb:                actor/grad_norm 1.00713
[36m(TaskRunner pid=745489)[0m wandb:                actor/grpo_loss 0
[36m(TaskRunner pid=745489)[0m wandb:                  actor/kl_loss 0
[36m(TaskRunner pid=745489)[0m wandb:                       actor/lr 0.0
[36m(TaskRunner pid=745489)[0m wandb:                  actor/pg_loss 0.19959
[36m(TaskRunner pid=745489)[0m wandb: actor/policy_fallback_fraction 0
[36m(TaskRunner pid=745489)[0m wandb:                actor/vopd_loss 0.19959
[36m(TaskRunner pid=745489)[0m wandb:       actor/vopd_loss_weighted 0.19959
[36m(TaskRunner pid=745489)[0m wandb:                aha/argmax_conf 0.95851
[36m(TaskRunner pid=745489)[0m wandb:         aha/floor_clamped_frac 0.52782
[36m(TaskRunner pid=745489)[0m wandb:                           +102 ...
[36m(TaskRunner pid=745489)[0m wandb: 
[36m(TaskRunner pid=745489)[0m wandb: 🚀 View run Aha-center-floor-Qwen3.5-4B-6karmA at: https://wandb.ai/nkw3mr-university-of-virginia/Vision-OPD-StateAdaptive/runs/pznuva6g
[36m(TaskRunner pid=745489)[0m wandb: ⭐️ View project at: https://wandb.ai/nkw3mr-university-of-virginia/Vision-OPD-StateAdaptive
[36m(TaskRunner pid=745489)[0m wandb: Synced 5 W&B file(s), 0 media file(s), 0 artifact file(s) and 0 other file(s)
[36m(TaskRunner pid=745489)[0m wandb: Find logs at: ./wandb/run-20260910_151506-pznuva6g/logs
3 - timing_s/agent_loop/slowest/tool_calls:0.0 - timing_s/agent_loop/slowest/prompt_length:3997 - timing_s/agent_loop/slowest/response_length:1024 - timing_s/gen:36.04616192402318 - timing_s/adv:22.021159846975934 - timing_s/update_actor:313.12318472896004 - timing_s/dump_rollout_generations:0.05547977896640077 - timing_s/step:371.27296271099476 - timing_s/save_checkpoint:22.375965298037045 - timing_s/stop_profile:3.14330100081861e-05 - timing_per_token_ms/gen:2.112905153811441 - timing_per_token_ms/adv:0.06396367985853192 - timing_per_token_ms/update_actor:0.9095120912551559 - perf/total_num_tokens:344276 - perf/time_per_step:371.27296271099476 - perf/throughput:463.64270304809446
[36m(TaskRunner pid=745489)[0m 'Final validation metrics: None'
