Running: Aha-center-Qwen3.5-4B-6karmA  (aha_beta=4.0, floor_alpha=null)
Teacher: frozen init copy (source=legacy, update_rate=0.0)
2026-09-10 04:07:07,004	INFO worker.py:1998 -- Started a local Ray instance. View the dashboard at [1m[32mhttp://127.0.0.1:8265 [39m[22m
/sfs/weka/scratch/nkw3mr/envs/vision-opd/lib/python3.12/site-packages/ray/_private/worker.py:2046: FutureWarning: Tip: In future versions of Ray, Ray will no longer override accelerator visible devices env var if num_gpus=0 or num_gpus=None (default). To enable this behavior and turn off this error message, set RAY_ACCEL_ENV_VAR_OVERRIDE_ON_ZERO=0
  warnings.warn(
[36m(TaskRunner pid=229704)[0m /sfs/weka/scratch/nkw3mr/Vision-OPD-OPSA/verl/trainer/main_ppo.py:320: UserWarning: Disabled critic as algorithm.adv_estimator != gae. If it is not intended, please set critic.enable=True
[36m(TaskRunner pid=229704)[0m   use_critic=need_critic(config),
ray init kwargs: {'num_cpus': None, 'runtime_env': {'env_vars': {'TOKENIZERS_PARALLELISM': 'true', 'NCCL_DEBUG': 'WARN', 'VLLM_LOGGING_LEVEL': 'WARN', 'VLLM_ALLOW_RUNTIME_LORA_UPDATING': 'true', 'VLLM_ALLREDUCE_USE_SYMM_MEM': '0', 'CUDA_DEVICE_MAX_CONNECTIONS': '1', 'NCCL_CUMEM_ENABLE': '0'}, 'working_dir': None}}
[36m(TaskRunner pid=229704)[0m TaskRunner hostname: udc-aw37-6, PID: 229704
[36m(TaskRunner pid=229704)[0m {'actor_rollout_ref': {'actor': {'_target_': 'verl.workers.config.FSDPActorConfig',
[36m(TaskRunner pid=229704)[0m                                  'calculate_entropy': False,
[36m(TaskRunner pid=229704)[0m                                  'calculate_sum_pi_squared': False,
[36m(TaskRunner pid=229704)[0m                                  'checkpoint': {'_target_': 'verl.trainer.config.CheckpointConfig',
[36m(TaskRunner pid=229704)[0m                                                 'async_save': False,
[36m(TaskRunner pid=229704)[0m                                                 'load_contents': ['model',
[36m(TaskRunner pid=229704)[0m                                                                   'optimizer',
[36m(TaskRunner pid=229704)[0m                                                                   'extra'],
[36m(TaskRunner pid=229704)[0m                                                 'save_contents': ['model',
[36m(TaskRunner pid=229704)[0m                                                                   'optimizer',
[36m(TaskRunner pid=229704)[0m                                                                   'extra']},
[36m(TaskRunner pid=229704)[0m                                  'clip_ratio': 0.2,
[36m(TaskRunner pid=229704)[0m                                  'clip_ratio_c': 3.0,
[36m(TaskRunner pid=229704)[0m                                  'clip_ratio_high': 0.3,
[36m(TaskRunner pid=229704)[0m                                  'clip_ratio_low': 0.2,
[36m(TaskRunner pid=229704)[0m                                  'data_loader_seed': 42,
[36m(TaskRunner pid=229704)[0m                                  'entropy_checkpointing': False,
[36m(TaskRunner pid=229704)[0m                                  'entropy_coeff': 0,
[36m(TaskRunner pid=229704)[0m                                  'entropy_from_logits_with_chunking': False,
[36m(TaskRunner pid=229704)[0m                                  'freeze_vision_tower': False,
[36m(TaskRunner pid=229704)[0m                                  'fsdp_config': {'_target_': 'verl.workers.config.FSDPEngineConfig',
[36m(TaskRunner pid=229704)[0m                                                  'dtype': 'bfloat16',
[36m(TaskRunner pid=229704)[0m                                                  'entropy_checkpointing': False,
[36m(TaskRunner pid=229704)[0m                                                  'entropy_from_logits_with_chunking': False,
[36m(TaskRunner pid=229704)[0m                                                  'forward_only': False,
[36m(TaskRunner pid=229704)[0m                                                  'forward_prefetch': False,
[36m(TaskRunner pid=229704)[0m                                                  'fsdp_size': -1,
[36m(TaskRunner pid=229704)[0m                                                  'full_determinism': False,
[36m(TaskRunner pid=229704)[0m                                                  'model_dtype': 'fp32',
[36m(TaskRunner pid=229704)[0m                                                  'offload_policy': False,
[36m(TaskRunner pid=229704)[0m                                                  'optimizer_offload': True,
[36m(TaskRunner pid=229704)[0m                                                  'param_offload': True,
[36m(TaskRunner pid=229704)[0m                                                  'reshard_after_forward': True,
[36m(TaskRunner pid=229704)[0m                                                  'seed': 42,
[36m(TaskRunner pid=229704)[0m                                                  'strategy': 'fsdp',
[36m(TaskRunner pid=229704)[0m                                                  'ulysses_sequence_parallel_size': 1,
[36m(TaskRunner pid=229704)[0m                                                  'use_orig_params': False,
[36m(TaskRunner pid=229704)[0m                                                  'use_torch_compile': True,
[36m(TaskRunner pid=229704)[0m                                                  'wrap_policy': {'min_num_params': 0}},
[36m(TaskRunner pid=229704)[0m                                  'grad_clip': 1.0,
[36m(TaskRunner pid=229704)[0m                                  'kl_loss_coef': 0.001,
[36m(TaskRunner pid=229704)[0m                                  'kl_loss_type': 'low_var_kl',
[36m(TaskRunner pid=229704)[0m                                  'loss_agg_mode': 'token-mean',
[36m(TaskRunner pid=229704)[0m                                  'loss_scale_factor': None,
[36m(TaskRunner pid=229704)[0m                                  'optim': {'_target_': 'verl.workers.config.FSDPOptimizerConfig',
[36m(TaskRunner pid=229704)[0m                                            'betas': [0.9, 0.999],
[36m(TaskRunner pid=229704)[0m                                            'clip_grad': 1.0,
[36m(TaskRunner pid=229704)[0m                                            'lr': 2e-06,
[36m(TaskRunner pid=229704)[0m                                            'lr_scheduler_type': 'constant',
[36m(TaskRunner pid=229704)[0m                                            'lr_warmup_steps': 10,
[36m(TaskRunner pid=229704)[0m                                            'lr_warmup_steps_ratio': 0.0,
[36m(TaskRunner pid=229704)[0m                                            'min_lr_ratio': 0.0,
[36m(TaskRunner pid=229704)[0m                                            'num_cycles': 0.5,
[36m(TaskRunner pid=229704)[0m                                            'optimizer': 'AdamW',
[36m(TaskRunner pid=229704)[0m                                            'optimizer_impl': 'torch.optim',
[36m(TaskRunner pid=229704)[0m                                            'override_optimizer_config': None,
[36m(TaskRunner pid=229704)[0m                                            'total_training_steps': -1,
[36m(TaskRunner pid=229704)[0m                                            'warmup_style': None,
[36m(TaskRunner pid=229704)[0m                                            'weight_decay': 0.01},
[36m(TaskRunner pid=229704)[0m                                  'policy_loss': {'_target_': 'verl.workers.config.PolicyLossConfig',
[36m(TaskRunner pid=229704)[0m                                                  'clip_cov_lb': 1.0,
[36m(TaskRunner pid=229704)[0m                                                  'clip_cov_ratio': 0.0002,
[36m(TaskRunner pid=229704)[0m                                                  'clip_cov_ub': 5.0,
[36m(TaskRunner pid=229704)[0m                                                  'kl_cov_ratio': 0.0002,
[36m(TaskRunner pid=229704)[0m                                                  'loss_mode': 'vopd',
[36m(TaskRunner pid=229704)[0m                                                  'ppo_kl_coef': 0.1},
[36m(TaskRunner pid=229704)[0m                                  'ppo_epochs': 1,
[36m(TaskRunner pid=229704)[0m                                  'ppo_max_token_len_per_gpu': 9216,
[36m(TaskRunner pid=229704)[0m                                  'ppo_micro_batch_size': None,
[36m(TaskRunner pid=229704)[0m                                  'ppo_micro_batch_size_per_gpu': 1,
[36m(TaskRunner pid=229704)[0m                                  'ppo_mini_batch_size': 48,
[36m(TaskRunner pid=229704)[0m                                  'profiler': {'_target_': 'verl.utils.profiler.ProfilerConfig',
[36m(TaskRunner pid=229704)[0m                                               'all_ranks': False,
[36m(TaskRunner pid=229704)[0m                                               'enable': False,
[36m(TaskRunner pid=229704)[0m                                               'ranks': [],
[36m(TaskRunner pid=229704)[0m                                               'save_path': 'outputs/profile',
[36m(TaskRunner pid=229704)[0m                                               'tool': None,
[36m(TaskRunner pid=229704)[0m                                               'tool_config': {'npu': {'_target_': 'verl.utils.profiler.config.NPUToolConfig',
[36m(TaskRunner pid=229704)[0m                                                                       'analysis': True,
[36m(TaskRunner pid=229704)[0m                                                                       'contents': [],
[36m(TaskRunner pid=229704)[0m                                                                       'discrete': False,
[36m(TaskRunner pid=229704)[0m                                                                       'level': 'level0'},
[36m(TaskRunner pid=229704)[0m                                                               'nsys': {'_target_': 'verl.utils.profiler.config.NsightToolConfig',
[36m(TaskRunner pid=229704)[0m                                                                        'discrete': False},
[36m(TaskRunner pid=229704)[0m                                                               'torch': {'_target_': 'verl.utils.profiler.config.TorchProfilerToolConfig',
[36m(TaskRunner pid=229704)[0m                                                                         'step_end': None,
[36m(TaskRunner pid=229704)[0m                                                                         'step_start': 0},
[36m(TaskRunner pid=229704)[0m                                                               'torch_memory': {'_target_': 'verl.utils.profiler.config.TorchMemoryToolConfig',
[36m(TaskRunner pid=229704)[0m                                                                                'stack_depth': 32,
[36m(TaskRunner pid=229704)[0m                                                                                'trace_alloc_max_entries': 100000}}},
[36m(TaskRunner pid=229704)[0m                                  'rollout_n': 2,
[36m(TaskRunner pid=229704)[0m                                  'router_replay': {'_target_': 'verl.workers.config.RouterReplayConfig',
[36m(TaskRunner pid=229704)[0m                                                    'mode': 'disabled',
[36m(TaskRunner pid=229704)[0m                                                    'record_file': None,
[36m(TaskRunner pid=229704)[0m                                                    'replay_file': None},
[36m(TaskRunner pid=229704)[0m                                  'self_distillation': {'_target_': 'verl.workers.config.SelfDistillationConfig',
[36m(TaskRunner pid=229704)[0m                                                        'aha_beta': 4.0,
[36m(TaskRunner pid=229704)[0m                                                        'aha_center_u': True,
[36m(TaskRunner pid=229704)[0m                                                        'aha_enable': True,
[36m(TaskRunner pid=229704)[0m                                                        'aha_floor_alpha': None,
[36m(TaskRunner pid=229704)[0m                                                        'alpha': 0.5,
[36m(TaskRunner pid=229704)[0m                                                        'answer_hint_template': '\n'
[36m(TaskRunner pid=229704)[0m                                                                                '\n'
[36m(TaskRunner pid=229704)[0m                                                                                'Here '
[36m(TaskRunner pid=229704)[0m                                                                                'is '
[36m(TaskRunner pid=229704)[0m                                                                                'a '
[36m(TaskRunner pid=229704)[0m                                                                                'reference '
[36m(TaskRunner pid=229704)[0m                                                                                'solution '
[36m(TaskRunner pid=229704)[0m                                                                                'to '
[36m(TaskRunner pid=229704)[0m                                                                                'this '
[36m(TaskRunner pid=229704)[0m                                                                                'problem:\n'
[36m(TaskRunner pid=229704)[0m                                                                                '{answer}\n'
[36m(TaskRunner pid=229704)[0m                                                                                '\n'
[36m(TaskRunner pid=229704)[0m                                                                                'After '
[36m(TaskRunner pid=229704)[0m                                                                                'understanding '
[36m(TaskRunner pid=229704)[0m                                                                                'the '
[36m(TaskRunner pid=229704)[0m                                                                                'reference '
[36m(TaskRunner pid=229704)[0m                                                                                'solution, '
[36m(TaskRunner pid=229704)[0m                                                                                'please '
[36m(TaskRunner pid=229704)[0m                                                                                'try '
[36m(TaskRunner pid=229704)[0m                                                                                'to '
[36m(TaskRunner pid=229704)[0m                                                                                'solve '
[36m(TaskRunner pid=229704)[0m                                                                                'this '
[36m(TaskRunner pid=229704)[0m                                                                                'problem '
[36m(TaskRunner pid=229704)[0m                                                                                'using '
[36m(TaskRunner pid=229704)[0m                                                                                'your '
[36m(TaskRunner pid=229704)[0m                                                                                'own '
[36m(TaskRunner pid=229704)[0m                                                                                'approach '
[36m(TaskRunner pid=229704)[0m                                                                                'below:',
[36m(TaskRunner pid=229704)[0m                                                        'distillation_add_tail': True,
[36m(TaskRunner pid=229704)[0m                                                        'distillation_topk': 100,
[36m(TaskRunner pid=229704)[0m                                                        'dont_reprompt_on_self_success': True,
[36m(TaskRunner pid=229704)[0m                                                        'environment_feedback_only_without_solution': True,
[36m(TaskRunner pid=229704)[0m                                                        'evt_clip_neg': 2.0,
[36m(TaskRunner pid=229704)[0m                                                        'evt_clip_pos': 1.0,
[36m(TaskRunner pid=229704)[0m                                                        'evt_ema_eta': 0.05,
[36m(TaskRunner pid=229704)[0m                                                        'evt_enable': False,
[36m(TaskRunner pid=229704)[0m                                                        'evt_negative_only': False,
[36m(TaskRunner pid=229704)[0m                                                        'evt_neutral_base': 0.0,
[36m(TaskRunner pid=229704)[0m                                                        'evt_token_fraction': 0.2,
[36m(TaskRunner pid=229704)[0m                                                        'evt_ubar_init': None,
[36m(TaskRunner pid=229704)[0m                                                        'fallback_to_policy_loss_on_missing_teacher': False,
[36m(TaskRunner pid=229704)[0m                                                        'feedback_template': '\n'
[36m(TaskRunner pid=229704)[0m                                                                             'The '
[36m(TaskRunner pid=229704)[0m                                                                             'following '
[36m(TaskRunner pid=229704)[0m                                                                             'is '
[36m(TaskRunner pid=229704)[0m                                                                             'feedback '
[36m(TaskRunner pid=229704)[0m                                                                             'from '
[36m(TaskRunner pid=229704)[0m                                                                             'your '
[36m(TaskRunner pid=229704)[0m                                                                             'unsuccessful '
[36m(TaskRunner pid=229704)[0m                                                                             'earlier '
[36m(TaskRunner pid=229704)[0m                                                                             'attempt:\n'
[36m(TaskRunner pid=229704)[0m                                                                             '\n'
[36m(TaskRunner pid=229704)[0m                                                                             '{feedback_raw}',
[36m(TaskRunner pid=229704)[0m                                                        'full_logit_distillation': True,
[36m(TaskRunner pid=229704)[0m                                                        'gamma': 1.0,
[36m(TaskRunner pid=229704)[0m                                                        'include_environment_feedback': False,
[36m(TaskRunner pid=229704)[0m                                                        'is_clip': 2.0,
[36m(TaskRunner pid=229704)[0m                                                        'log_prob_dump_dir': None,
[36m(TaskRunner pid=229704)[0m                                                        'max_reprompt_len': 10240,
[36m(TaskRunner pid=229704)[0m                                                        'null_image_key': 'null_images',
[36m(TaskRunner pid=229704)[0m                                                        'opsa_advantage_max': -0.5,
[36m(TaskRunner pid=229704)[0m                                                        'opsa_advantage_min': -1.0,
[36m(TaskRunner pid=229704)[0m                                                        'opsa_enable': False,
[36m(TaskRunner pid=229704)[0m                                                        'opsa_fixed_advantage': None,
[36m(TaskRunner pid=229704)[0m                                                        'opsa_mode': 'entropy',
[36m(TaskRunner pid=229704)[0m                                                        'opsa_token_fraction': 0.2,
[36m(TaskRunner pid=229704)[0m                                                        'remove_thinking_from_demonstration': True,
[36m(TaskRunner pid=229704)[0m                                                        'reprompt_template': '{prompt}{solution}{feedback}\n'
[36m(TaskRunner pid=229704)[0m                                                                             '\n'
[36m(TaskRunner pid=229704)[0m                                                                             'Correctly '
[36m(TaskRunner pid=229704)[0m                                                                             'solve '
[36m(TaskRunner pid=229704)[0m                                                                             'the '
[36m(TaskRunner pid=229704)[0m                                                                             'original '
[36m(TaskRunner pid=229704)[0m                                                                             'question.',
[36m(TaskRunner pid=229704)[0m                                                        'reprompt_truncation': 'right',
[36m(TaskRunner pid=229704)[0m                                                        'sa_beta_max': 8.0,
[36m(TaskRunner pid=229704)[0m                                                        'sa_binary_iters': 8,
[36m(TaskRunner pid=229704)[0m                                                        'sa_center_u': False,
[36m(TaskRunner pid=229704)[0m                                                        'sa_eps_max': 0.5,
[36m(TaskRunner pid=229704)[0m                                                        'sa_lambda': 1.0,
[36m(TaskRunner pid=229704)[0m                                                        'sa_rho': 0.9,
[36m(TaskRunner pid=229704)[0m                                                        'sa_tau_e': 0.03,
[36m(TaskRunner pid=229704)[0m                                                        'sa_temp_e': 0.015,
[36m(TaskRunner pid=229704)[0m                                                        'sa_u_clip': None,
[36m(TaskRunner pid=229704)[0m                                                        'sa_zero_floor': False,
[36m(TaskRunner pid=229704)[0m                                                        'solution_template': '\n'
[36m(TaskRunner pid=229704)[0m                                                                             'Correct '
[36m(TaskRunner pid=229704)[0m                                                                             'solution:\n'
[36m(TaskRunner pid=229704)[0m                                                                             '\n'
[36m(TaskRunner pid=229704)[0m                                                                             '{successful_previous_attempt}',
[36m(TaskRunner pid=229704)[0m                                                        'state_adaptive': False,
[36m(TaskRunner pid=229704)[0m                                                        'success_reward_threshold': 0.5,
[36m(TaskRunner pid=229704)[0m                                                        'teacher_always_on': True,
[36m(TaskRunner pid=229704)[0m                                                        'teacher_image_key': 'bbox_images',
[36m(TaskRunner pid=229704)[0m                                                        'teacher_model_path': None,
[36m(TaskRunner pid=229704)[0m                                                        'teacher_model_source': 'legacy',
[36m(TaskRunner pid=229704)[0m                                                        'teacher_prompt_mode': None,
[36m(TaskRunner pid=229704)[0m                                                        'teacher_regularization': 'ema',
[36m(TaskRunner pid=229704)[0m                                                        'teacher_update_interval': None,
[36m(TaskRunner pid=229704)[0m                                                        'teacher_update_rate': 0.0},
[36m(TaskRunner pid=229704)[0m                                  'shuffle': False,
[36m(TaskRunner pid=229704)[0m                                  'strategy': 'fsdp',
[36m(TaskRunner pid=229704)[0m                                  'sum_pi_squared_checkpointing': False,
[36m(TaskRunner pid=229704)[0m                                  'tau_neg': 1.05,
[36m(TaskRunner pid=229704)[0m                                  'tau_pos': 1.0,
[36m(TaskRunner pid=229704)[0m                                  'ulysses_sequence_parallel_size': 2,
[36m(TaskRunner pid=229704)[0m                                  'use_dynamic_bsz': False,
[36m(TaskRunner pid=229704)[0m                                  'use_fused_kernels': False,
[36m(TaskRunner pid=229704)[0m                                  'use_kl_loss': False,
[36m(TaskRunner pid=229704)[0m                                  'use_prefix_grouper': False,
[36m(TaskRunner pid=229704)[0m                                  'use_remove_padding': True,
[36m(TaskRunner pid=229704)[0m                                  'use_torch_compile': True},
[36m(TaskRunner pid=229704)[0m                        'hybrid_engine': True,
[36m(TaskRunner pid=229704)[0m                        'model': {'_target_': 'verl.workers.config.HFModelConfig',
[36m(TaskRunner pid=229704)[0m                                  'custom_chat_template': None,
[36m(TaskRunner pid=229704)[0m                                  'custom_chat_template_file': '/sfs/weka/scratch/nkw3mr/Vision-OPD-OPSA/chat_templates/perception_chat_template_qwen35.jinja',
[36m(TaskRunner pid=229704)[0m                                  'enable_activation_offload': True,
[36m(TaskRunner pid=229704)[0m                                  'enable_gradient_checkpointing': True,
[36m(TaskRunner pid=229704)[0m                                  'exclude_modules': None,
[36m(TaskRunner pid=229704)[0m                                  'external_lib': None,
[36m(TaskRunner pid=229704)[0m                                  'fused_kernel_options': {'impl_backend': 'torch'},
[36m(TaskRunner pid=229704)[0m                                  'hf_config_path': None,
[36m(TaskRunner pid=229704)[0m                                  'lora_adapter_path': None,
[36m(TaskRunner pid=229704)[0m                                  'lora_alpha': 16,
[36m(TaskRunner pid=229704)[0m                                  'lora_rank': 0,
[36m(TaskRunner pid=229704)[0m                                  'override_config': {},
[36m(TaskRunner pid=229704)[0m                                  'path': 'Qwen/Qwen3.5-4B',
[36m(TaskRunner pid=229704)[0m                                  'target_modules': 'all-linear',
[36m(TaskRunner pid=229704)[0m                                  'tiled_mlp': {'enabled': False,
[36m(TaskRunner pid=229704)[0m                                                'num_shards': 4},
[36m(TaskRunner pid=229704)[0m                                  'tokenizer_path': None,
[36m(TaskRunner pid=229704)[0m                                  'trust_remote_code': True,
[36m(TaskRunner pid=229704)[0m                                  'use_fused_kernels': False,
[36m(TaskRunner pid=229704)[0m                                  'use_liger': False,
[36m(TaskRunner pid=229704)[0m                                  'use_remove_padding': True,
[36m(TaskRunner pid=229704)[0m                                  'use_shm': False},
[36m(TaskRunner pid=229704)[0m                        'nccl_timeout': 600,
[36m(TaskRunner pid=229704)[0m                        'ref': {'_target_': 'verl.workers.config.FSDPActorConfig',
[36m(TaskRunner pid=229704)[0m                                'entropy_checkpointing': False,
[36m(TaskRunner pid=229704)[0m                                'entropy_from_logits_with_chunking': False,
[36m(TaskRunner pid=229704)[0m                                'fsdp_config': {'_target_': 'verl.workers.config.FSDPEngineConfig',
[36m(TaskRunner pid=229704)[0m                                                'dtype': 'bfloat16',
[36m(TaskRunner pid=229704)[0m                                                'entropy_checkpointing': False,
[36m(TaskRunner pid=229704)[0m                                                'entropy_from_logits_with_chunking': False,
[36m(TaskRunner pid=229704)[0m                                                'forward_only': True,
[36m(TaskRunner pid=229704)[0m                                                'forward_prefetch': False,
[36m(TaskRunner pid=229704)[0m                                                'fsdp_size': -1,
[36m(TaskRunner pid=229704)[0m                                                'full_determinism': False,
[36m(TaskRunner pid=229704)[0m                                                'model_dtype': 'fp32',
[36m(TaskRunner pid=229704)[0m                                                'offload_policy': False,
[36m(TaskRunner pid=229704)[0m                                                'optimizer_offload': False,
[36m(TaskRunner pid=229704)[0m                                                'param_offload': True,
[36m(TaskRunner pid=229704)[0m                                                'reshard_after_forward': True,
[36m(TaskRunner pid=229704)[0m                                                'seed': 42,
[36m(TaskRunner pid=229704)[0m                                                'strategy': 'fsdp',
[36m(TaskRunner pid=229704)[0m                                                'ulysses_sequence_parallel_size': 1,
[36m(TaskRunner pid=229704)[0m                                                'use_orig_params': False,
[36m(TaskRunner pid=229704)[0m                                                'use_torch_compile': True,
[36m(TaskRunner pid=229704)[0m                                                'wrap_policy': {'min_num_params': 0}},
[36m(TaskRunner pid=229704)[0m                                'log_prob_max_token_len_per_gpu': 9216,
[36m(TaskRunner pid=229704)[0m                                'log_prob_micro_batch_size': None,
[36m(TaskRunner pid=229704)[0m                                'log_prob_micro_batch_size_per_gpu': 1,
[36m(TaskRunner pid=229704)[0m                                'log_prob_use_dynamic_bsz': False,
[36m(TaskRunner pid=229704)[0m                                'profiler': {'_target_': 'verl.utils.profiler.ProfilerConfig',
[36m(TaskRunner pid=229704)[0m                                             'all_ranks': False,
[36m(TaskRunner pid=229704)[0m                                             'enable': False,
[36m(TaskRunner pid=229704)[0m                                             'ranks': [],
[36m(TaskRunner pid=229704)[0m                                             'save_path': 'outputs/profile',
[36m(TaskRunner pid=229704)[0m                                             'tool': None,
[36m(TaskRunner pid=229704)[0m                                             'tool_config': {'npu': {'_target_': 'verl.utils.profiler.config.NPUToolConfig',
[36m(TaskRunner pid=229704)[0m                                                                     'analysis': True,
[36m(TaskRunner pid=229704)[0m                                                                     'contents': [],
[36m(TaskRunner pid=229704)[0m                                                                     'discrete': False,
[36m(TaskRunner pid=229704)[0m                                                                     'level': 'level0'},
[36m(TaskRunner pid=229704)[0m                                                             'nsys': {'_target_': 'verl.utils.profiler.config.NsightToolConfig',
[36m(TaskRunner pid=229704)[0m                                                                      'discrete': False},
[36m(TaskRunner pid=229704)[0m                                                             'torch': {'_target_': 'verl.utils.profiler.config.TorchProfilerToolConfig',
[36m(TaskRunner pid=229704)[0m                                                                       'step_end': None,
[36m(TaskRunner pid=229704)[0m                                                                       'step_start': 0},
[36m(TaskRunner pid=229704)[0m                                                             'torch_memory': {'_target_': 'verl.utils.profiler.config.TorchMemoryToolConfig',
[36m(TaskRunner pid=229704)[0m                                                                              'stack_depth': 32,
[36m(TaskRunner pid=229704)[0m                                                                              'trace_alloc_max_entries': 100000}}},
[36m(TaskRunner pid=229704)[0m                                'rollout_n': 2,
[36m(TaskRunner pid=229704)[0m                                'router_replay': {'_target_': 'verl.workers.config.RouterReplayConfig',
[36m(TaskRunner pid=229704)[0m                                                  'mode': 'disabled',
[36m(TaskRunner pid=229704)[0m                                                  'record_file': None,
[36m(TaskRunner pid=229704)[0m                                                  'replay_file': None},
[36m(TaskRunner pid=229704)[0m                                'strategy': 'fsdp',
[36m(TaskRunner pid=229704)[0m                                'ulysses_sequence_parallel_size': 2,
[36m(TaskRunner pid=229704)[0m                                'use_torch_compile': True},
[36m(TaskRunner pid=229704)[0m                        'rollout': {'_target_': 'verl.workers.config.RolloutConfig',
[36m(TaskRunner pid=229704)[0m                                    'agent': {'_target_': 'verl.workers.config.AgentLoopConfig',
[36m(TaskRunner pid=229704)[0m                                              'agent_loop_config_path': None,
[36m(TaskRunner pid=229704)[0m                                              'custom_async_server': {'_target_': 'verl.workers.config.CustomAsyncServerConfig',
[36m(TaskRunner pid=229704)[0m                                                                      'name': None,
[36m(TaskRunner pid=229704)[0m                                                                      'path': None},
[36m(TaskRunner pid=229704)[0m                                              'default_agent_loop': 'single_turn_agent',
[36m(TaskRunner pid=229704)[0m                                              'num_workers': 8},
[36m(TaskRunner pid=229704)[0m                                    'calculate_log_probs': True,
[36m(TaskRunner pid=229704)[0m                                    'cudagraph_capture_sizes': None,
[36m(TaskRunner pid=229704)[0m                                    'data_parallel_size': 1,
[36m(TaskRunner pid=229704)[0m                                    'disable_log_stats': True,
[36m(TaskRunner pid=229704)[0m                                    'do_sample': True,
[36m(TaskRunner pid=229704)[0m                                    'dtype': 'bfloat16',
[36m(TaskRunner pid=229704)[0m                                    'enable_chunked_prefill': True,
[36m(TaskRunner pid=229704)[0m                                    'enable_prefix_caching': True,
[36m(TaskRunner pid=229704)[0m                                    'enable_rollout_routing_replay': False,
[36m(TaskRunner pid=229704)[0m                                    'enforce_eager': False,
[36m(TaskRunner pid=229704)[0m                                    'engine_kwargs': {'sglang': {},
[36m(TaskRunner pid=229704)[0m                                                      'vllm': {'compilation_config': {'pass_config': {'fuse_allreduce_rms': False}},
[36m(TaskRunner pid=229704)[0m                                                               'kernel_config': {'enable_flashinfer_autotune': False}}},
[36m(TaskRunner pid=229704)[0m                                    'expert_parallel_size': 1,
[36m(TaskRunner pid=229704)[0m                                    'free_cache_engine': True,
[36m(TaskRunner pid=229704)[0m                                    'gpu_memory_utilization': 0.45,
[36m(TaskRunner pid=229704)[0m                                    'ignore_eos': False,
[36m(TaskRunner pid=229704)[0m                                    'layered_summon': False,
[36m(TaskRunner pid=229704)[0m                                    'load_format': 'dummy',
[36m(TaskRunner pid=229704)[0m                                    'log_prob_max_token_len_per_gpu': 9216,
[36m(TaskRunner pid=229704)[0m                                    'log_prob_micro_batch_size': None,
[36m(TaskRunner pid=229704)[0m                                    'log_prob_micro_batch_size_per_gpu': 1,
[36m(TaskRunner pid=229704)[0m                                    'log_prob_use_dynamic_bsz': False,
[36m(TaskRunner pid=229704)[0m                                    'logprobs_mode': 'processed_logprobs',
[36m(TaskRunner pid=229704)[0m                                    'max_model_len': 9216,
[36m(TaskRunner pid=229704)[0m                                    'max_num_batched_tokens': 9216,
[36m(TaskRunner pid=229704)[0m                                    'max_num_seqs': 1024,
[36m(TaskRunner pid=229704)[0m                                    'mode': 'async',
[36m(TaskRunner pid=229704)[0m                                    'multi_stage_wake_up': False,
[36m(TaskRunner pid=229704)[0m                                    'multi_turn': {'_target_': 'verl.workers.config.MultiTurnConfig',
[36m(TaskRunner pid=229704)[0m                                                   'enable': False,
[36m(TaskRunner pid=229704)[0m                                                   'format': 'hermes',
[36m(TaskRunner pid=229704)[0m                                                   'interaction_config_path': None,
[36m(TaskRunner pid=229704)[0m                                                   'max_assistant_turns': None,
[36m(TaskRunner pid=229704)[0m                                                   'max_parallel_calls': 1,
[36m(TaskRunner pid=229704)[0m                                                   'max_tool_response_length': 256,
[36m(TaskRunner pid=229704)[0m                                                   'max_user_turns': None,
[36m(TaskRunner pid=229704)[0m                                                   'num_repeat_rollouts': None,
[36m(TaskRunner pid=229704)[0m                                                   'tokenization_sanity_check_mode': 'strict',
[36m(TaskRunner pid=229704)[0m                                                   'tool_config_path': None,
[36m(TaskRunner pid=229704)[0m                                                   'tool_response_truncate_side': 'middle',
[36m(TaskRunner pid=229704)[0m                                                   'use_inference_chat_template': False},
[36m(TaskRunner pid=229704)[0m                                    'n': 2,
[36m(TaskRunner pid=229704)[0m                                    'name': 'vllm',
[36m(TaskRunner pid=229704)[0m                                    'over_sample_rate': 0,
[36m(TaskRunner pid=229704)[0m                                    'pipeline_model_parallel_size': 1,
[36m(TaskRunner pid=229704)[0m                                    'profiler': {'_target_': 'verl.utils.profiler.ProfilerConfig',
[36m(TaskRunner pid=229704)[0m                                                 'all_ranks': False,
[36m(TaskRunner pid=229704)[0m                                                 'enable': False,
[36m(TaskRunner pid=229704)[0m                                                 'ranks': [],
[36m(TaskRunner pid=229704)[0m                                                 'save_path': 'outputs/profile',
[36m(TaskRunner pid=229704)[0m                                                 'tool': None,
[36m(TaskRunner pid=229704)[0m                                                 'tool_config': {'npu': {'_target_': 'verl.utils.profiler.config.NPUToolConfig',
[36m(TaskRunner pid=229704)[0m                                                                         'analysis': True,
[36m(TaskRunner pid=229704)[0m                                                                         'contents': [],
[36m(TaskRunner pid=229704)[0m                                                                         'discrete': False,
[36m(TaskRunner pid=229704)[0m                                                                         'level': 'level0'},
[36m(TaskRunner pid=229704)[0m                                                                 'nsys': {'_target_': 'verl.utils.profiler.config.NsightToolConfig',
[36m(TaskRunner pid=229704)[0m                                                                          'discrete': False},
[36m(TaskRunner pid=229704)[0m                                                                 'torch': {'_target_': 'verl.utils.profiler.config.TorchProfilerToolConfig',
[36m(TaskRunner pid=229704)[0m                                                                           'step_end': None,
[36m(TaskRunner pid=229704)[0m                                                                           'step_start': 0},
[36m(TaskRunner pid=229704)[0m                                                                 'torch_memory': {'_target_': 'verl.utils.profiler.config.TorchMemoryToolConfig',
[36m(TaskRunner pid=229704)[0m                                                                                  'stack_depth': 32,
[36m(TaskRunner pid=229704)[0m                                                                                  'trace_alloc_max_entries': 100000}}},
[36m(TaskRunner pid=229704)[0m                                    'prometheus': {'_target_': 'verl.workers.config.PrometheusConfig',
[36m(TaskRunner pid=229704)[0m                                                   'enable': False,
[36m(TaskRunner pid=229704)[0m                                                   'file': '/tmp/ray/session_latest/metrics/prometheus/prometheus.yml',
[36m(TaskRunner pid=229704)[0m                                                   'port': 9090,
[36m(TaskRunner pid=229704)[0m                                                   'served_model_name': 'Qwen/Qwen3.5-4B'},
[36m(TaskRunner pid=229704)[0m                                    'prompt_length': 8192,
[36m(TaskRunner pid=229704)[0m                                    'quantization': None,
[36m(TaskRunner pid=229704)[0m                                    'quantization_config_file': None,
[36m(TaskRunner pid=229704)[0m                                    'response_length': 1024,
[36m(TaskRunner pid=229704)[0m                                    'scheduling_policy': 'fcfs',
[36m(TaskRunner pid=229704)[0m                                    'skip_dump_dir': '/tmp/rollout_dump',
[36m(TaskRunner pid=229704)[0m                                    'skip_rollout': False,
[36m(TaskRunner pid=229704)[0m                                    'skip_tokenizer_init': True,
[36m(TaskRunner pid=229704)[0m                                    'temperature': 1.0,
[36m(TaskRunner pid=229704)[0m                                    'tensor_model_parallel_size': 1,
[36m(TaskRunner pid=229704)[0m                                    'top_k': -1,
[36m(TaskRunner pid=229704)[0m                                    'top_p': 1,
[36m(TaskRunner pid=229704)[0m                                    'trace': {'_target_': 'verl.workers.config.TraceConfig',
[36m(TaskRunner pid=229704)[0m                                              'backend': None,
[36m(TaskRunner pid=229704)[0m                                              'max_samples_per_step_per_worker': None,
[36m(TaskRunner pid=229704)[0m                                              'token2text': False},
[36m(TaskRunner pid=229704)[0m                                    'update_weights_bucket_megabytes': 512,
[36m(TaskRunner pid=229704)[0m                                    'val_kwargs': {'_target_': 'verl.workers.config.SamplingConfig',
[36m(TaskRunner pid=229704)[0m                                                   'do_sample': False,
[36m(TaskRunner pid=229704)[0m                                                   'n': 1,
[36m(TaskRunner pid=229704)[0m                                                   'temperature': 0,
[36m(TaskRunner pid=229704)[0m                                                   'top_k': -1,
[36m(TaskRunner pid=229704)[0m                                                   'top_p': 1.0}}},
[36m(TaskRunner pid=229704)[0m  'algorithm': {'_target_': 'verl.trainer.config.AlgoConfig',
[36m(TaskRunner pid=229704)[0m                'adv_estimator': 'grpo',
[36m(TaskRunner pid=229704)[0m                'gamma': 1.0,
[36m(TaskRunner pid=229704)[0m                'kl_ctrl': {'_target_': 'verl.trainer.config.KLControlConfig',
[36m(TaskRunner pid=229704)[0m                            'horizon': 10000,
[36m(TaskRunner pid=229704)[0m                            'kl_coef': 0.001,
[36m(TaskRunner pid=229704)[0m                            'target_kl': 0.1,
[36m(TaskRunner pid=229704)[0m                            'type': 'fixed'},
[36m(TaskRunner pid=229704)[0m                'kl_penalty': 'kl',
[36m(TaskRunner pid=229704)[0m                'lam': 1.0,
[36m(TaskRunner pid=229704)[0m                'norm_adv_by_std_in_grpo': False,
[36m(TaskRunner pid=229704)[0m                'pf_ppo': {'reweight_method': 'pow', 'weight_pow': 2.0},
[36m(TaskRunner pid=229704)[0m                'rollout_correction': {'bypass_mode': False,
[36m(TaskRunner pid=229704)[0m                                       'loss_type': 'ppo_clip',
[36m(TaskRunner pid=229704)[0m                                       'rollout_is': 'token',
[36m(TaskRunner pid=229704)[0m                                       'rollout_is_batch_normalize': False,
[36m(TaskRunner pid=229704)[0m                                       'rollout_is_threshold': 2.0,
[36m(TaskRunner pid=229704)[0m                                       'rollout_rs': None,
[36m(TaskRunner pid=229704)[0m                                       'rollout_rs_threshold': None},
[36m(TaskRunner pid=229704)[0m                'use_kl_in_reward': False,
[36m(TaskRunner pid=229704)[0m                'use_pf_ppo': False},
[36m(TaskRunner pid=229704)[0m  'critic': {'_target_': 'verl.workers.config.FSDPCriticConfig',
[36m(TaskRunner pid=229704)[0m             'checkpoint': {'_target_': 'verl.trainer.config.CheckpointConfig',
[36m(TaskRunner pid=229704)[0m                            'async_save': False,
[36m(TaskRunner pid=229704)[0m                            'load_contents': ['model', 'optimizer', 'extra'],
[36m(TaskRunner pid=229704)[0m                            'save_contents': ['model', 'optimizer', 'extra']},
[36m(TaskRunner pid=229704)[0m             'cliprange_value': 0.5,
[36m(TaskRunner pid=229704)[0m             'data_loader_seed': 42,
[36m(TaskRunner pid=229704)[0m             'enable': None,
[36m(TaskRunner pid=229704)[0m             'forward_max_token_len_per_gpu': 32768,
[36m(TaskRunner pid=229704)[0m             'forward_micro_batch_size': None,
[36m(TaskRunner pid=229704)[0m             'forward_micro_batch_size_per_gpu': None,
[36m(TaskRunner pid=229704)[0m             'grad_clip': 1.0,
[36m(TaskRunner pid=229704)[0m             'loss_agg_mode': 'token-mean',
[36m(TaskRunner pid=229704)[0m             'model': {'_target_': 'verl.workers.config.FSDPCriticModelCfg',
[36m(TaskRunner pid=229704)[0m                       'enable_activation_offload': False,
[36m(TaskRunner pid=229704)[0m                       'enable_gradient_checkpointing': True,
[36m(TaskRunner pid=229704)[0m                       'external_lib': None,
[36m(TaskRunner pid=229704)[0m                       'fsdp_config': {'_target_': 'verl.workers.config.FSDPEngineConfig',
[36m(TaskRunner pid=229704)[0m                                       'dtype': 'bfloat16',
[36m(TaskRunner pid=229704)[0m                                       'entropy_checkpointing': False,
[36m(TaskRunner pid=229704)[0m                                       'entropy_from_logits_with_chunking': False,
[36m(TaskRunner pid=229704)[0m                                       'forward_only': False,
[36m(TaskRunner pid=229704)[0m                                       'forward_prefetch': False,
[36m(TaskRunner pid=229704)[0m                                       'fsdp_size': -1,
[36m(TaskRunner pid=229704)[0m                                       'full_determinism': False,
[36m(TaskRunner pid=229704)[0m                                       'model_dtype': 'fp32',
[36m(TaskRunner pid=229704)[0m                                       'offload_policy': False,
[36m(TaskRunner pid=229704)[0m                                       'optimizer_offload': False,
[36m(TaskRunner pid=229704)[0m                                       'param_offload': False,
[36m(TaskRunner pid=229704)[0m                                       'reshard_after_forward': True,
[36m(TaskRunner pid=229704)[0m                                       'seed': 42,
[36m(TaskRunner pid=229704)[0m                                       'strategy': 'fsdp',
[36m(TaskRunner pid=229704)[0m                                       'ulysses_sequence_parallel_size': 1,
[36m(TaskRunner pid=229704)[0m                                       'use_orig_params': False,
[36m(TaskRunner pid=229704)[0m                                       'use_torch_compile': True,
[36m(TaskRunner pid=229704)[0m                                       'wrap_policy': {'min_num_params': 0}},
[36m(TaskRunner pid=229704)[0m                       'lora_alpha': 16,
[36m(TaskRunner pid=229704)[0m                       'lora_rank': 0,
[36m(TaskRunner pid=229704)[0m                       'override_config': {},
[36m(TaskRunner pid=229704)[0m                       'path': 'Qwen/Qwen3.5-4B',
[36m(TaskRunner pid=229704)[0m                       'target_modules': 'all-linear',
[36m(TaskRunner pid=229704)[0m                       'tiled_mlp': {'enabled': False, 'num_shards': 4},
[36m(TaskRunner pid=229704)[0m                       'tokenizer_path': 'Qwen/Qwen3.5-4B',
[36m(TaskRunner pid=229704)[0m                       'trust_remote_code': True,
[36m(TaskRunner pid=229704)[0m                       'use_remove_padding': False,
[36m(TaskRunner pid=229704)[0m                       'use_shm': False},
[36m(TaskRunner pid=229704)[0m             'optim': {'_target_': 'verl.workers.config.FSDPOptimizerConfig',
[36m(TaskRunner pid=229704)[0m                       'betas': [0.9, 0.999],
[36m(TaskRunner pid=229704)[0m                       'clip_grad': 1.0,
[36m(TaskRunner pid=229704)[0m                       'lr': 1e-05,
[36m(TaskRunner pid=229704)[0m                       'lr_scheduler_type': 'constant',
[36m(TaskRunner pid=229704)[0m                       'lr_warmup_steps': -1,
[36m(TaskRunner pid=229704)[0m                       'lr_warmup_steps_ratio': 0.0,
[36m(TaskRunner pid=229704)[0m                       'min_lr_ratio': 0.0,
[36m(TaskRunner pid=229704)[0m                       'num_cycles': 0.5,
[36m(TaskRunner pid=229704)[0m                       'optimizer': 'AdamW',
[36m(TaskRunner pid=229704)[0m                       'optimizer_impl': 'torch.optim',
[36m(TaskRunner pid=229704)[0m                       'override_optimizer_config': None,
[36m(TaskRunner pid=229704)[0m                       'total_training_steps': -1,
[36m(TaskRunner pid=229704)[0m                       'warmup_style': None,
[36m(TaskRunner pid=229704)[0m                       'weight_decay': 0.01},
[36m(TaskRunner pid=229704)[0m             'ppo_epochs': 1,
[36m(TaskRunner pid=229704)[0m             'ppo_max_token_len_per_gpu': 32768,
[36m(TaskRunner pid=229704)[0m             'ppo_micro_batch_size': None,
[36m(TaskRunner pid=229704)[0m             'ppo_micro_batch_size_per_gpu': None,
[36m(TaskRunner pid=229704)[0m             'ppo_mini_batch_size': 48,
[36m(TaskRunner pid=229704)[0m             'profiler': {'_target_': 'verl.utils.profiler.ProfilerConfig',
[36m(TaskRunner pid=229704)[0m                          'all_ranks': False,
[36m(TaskRunner pid=229704)[0m                          'enable': False,
[36m(TaskRunner pid=229704)[0m                          'ranks': [],
[36m(TaskRunner pid=229704)[0m                          'save_path': 'outputs/profile',
[36m(TaskRunner pid=229704)[0m                          'tool': None,
[36m(TaskRunner pid=229704)[0m                          'tool_config': {'npu': {'_target_': 'verl.utils.profiler.config.NPUToolConfig',
[36m(TaskRunner pid=229704)[0m                                                  'analysis': True,
[36m(TaskRunner pid=229704)[0m                                                  'contents': [],
[36m(TaskRunner pid=229704)[0m                                                  'discrete': False,
[36m(TaskRunner pid=229704)[0m                                                  'level': 'level0'},
[36m(TaskRunner pid=229704)[0m                                          'nsys': {'_target_': 'verl.utils.profiler.config.NsightToolConfig',
[36m(TaskRunner pid=229704)[0m                                                   'discrete': False},
[36m(TaskRunner pid=229704)[0m                                          'torch': {'_target_': 'verl.utils.profiler.config.TorchProfilerToolConfig',
[36m(TaskRunner pid=229704)[0m                                                    'step_end': None,
[36m(TaskRunner pid=229704)[0m                                                    'step_start': 0},
[36m(TaskRunner pid=229704)[0m                                          'torch_memory': {'_target_': 'verl.utils.profiler.config.TorchMemoryToolConfig',
[36m(TaskRunner pid=229704)[0m                                                           'stack_depth': 32,
[36m(TaskRunner pid=229704)[0m                                                           'trace_alloc_max_entries': 100000}}},
[36m(TaskRunner pid=229704)[0m             'rollout_n': 2,
[36m(TaskRunner pid=229704)[0m             'shuffle': False,
[36m(TaskRunner pid=229704)[0m             'strategy': 'fsdp',
[36m(TaskRunner pid=229704)[0m             'ulysses_sequence_parallel_size': 1,
[36m(TaskRunner pid=229704)[0m             'use_dynamic_bsz': False},
[36m(TaskRunner pid=229704)[0m  'custom_reward_function': {'name': 'compute_score', 'path': None},
[36m(TaskRunner pid=229704)[0m  'data': {'apply_chat_template_kwargs': {},
[36m(TaskRunner pid=229704)[0m           'custom_cls': {'name': None, 'path': None},
[36m(TaskRunner pid=229704)[0m           'datagen': {'name': None, 'path': None},
[36m(TaskRunner pid=229704)[0m           'dataloader_num_workers': 8,
[36m(TaskRunner pid=229704)[0m           'filter_overlong_prompts': False,
[36m(TaskRunner pid=229704)[0m           'filter_overlong_prompts_workers': 1,
[36m(TaskRunner pid=229704)[0m           'image_key': 'images',
[36m(TaskRunner pid=229704)[0m           'image_patch_size': 14,
[36m(TaskRunner pid=229704)[0m           'max_prompt_length': 8192,
[36m(TaskRunner pid=229704)[0m           'max_response_length': 1024,
[36m(TaskRunner pid=229704)[0m           'prompt_key': 'prompt',
[36m(TaskRunner pid=229704)[0m           'return_full_prompt': False,
[36m(TaskRunner pid=229704)[0m           'return_multi_modal_inputs': True,
[36m(TaskRunner pid=229704)[0m           'return_raw_chat': True,
[36m(TaskRunner pid=229704)[0m           'return_raw_input_ids': False,
[36m(TaskRunner pid=229704)[0m           'reward_fn_key': 'data_source',
[36m(TaskRunner pid=229704)[0m           'sampler': {'class_name': None, 'class_path': None},
[36m(TaskRunner pid=229704)[0m           'seed': None,
[36m(TaskRunner pid=229704)[0m           'shuffle': True,
[36m(TaskRunner pid=229704)[0m           'tokenizer': None,
[36m(TaskRunner pid=229704)[0m           'tool_config_path': None,
[36m(TaskRunner pid=229704)[0m           'train_batch_size': 48,
[36m(TaskRunner pid=229704)[0m           'train_files': ['/sfs/weka/scratch/nkw3mr/Vision-OPD-OPSA/data/TreeVGR-RL-37K/train_6karmA_aha.parquet'],
[36m(TaskRunner pid=229704)[0m           'train_max_samples': -1,
[36m(TaskRunner pid=229704)[0m           'truncation': 'error',
[36m(TaskRunner pid=229704)[0m           'trust_remote_code': True,
[36m(TaskRunner pid=229704)[0m           'use_shm': False,
[36m(TaskRunner pid=229704)[0m           'val_batch_size': None,
[36m(TaskRunner pid=229704)[0m           'val_files': [],
[36m(TaskRunner pid=229704)[0m           'val_max_samples': -1,
[36m(TaskRunner pid=229704)[0m           'validation_shuffle': False,
[36m(TaskRunner pid=229704)[0m           'video_key': 'videos'},
[36m(TaskRunner pid=229704)[0m  'global_profiler': {'_target_': 'verl.utils.profiler.ProfilerConfig',
[36m(TaskRunner pid=229704)[0m                      'global_tool_config': {'nsys': {'_target_': 'verl.utils.profiler.config.NsightToolConfig',
[36m(TaskRunner pid=229704)[0m                                                      'controller_nsight_options': {'cuda-graph-trace': 'graph',
[36m(TaskRunner pid=229704)[0m                                                                                    'cuda-memory-usage': 'true',
[36m(TaskRunner pid=229704)[0m                                                                                    'trace': 'cuda,nvtx,cublas,ucx'},
[36m(TaskRunner pid=229704)[0m                                                      'discrete': False,
[36m(TaskRunner pid=229704)[0m                                                      'worker_nsight_options': {'capture-range': 'cudaProfilerApi',
[36m(TaskRunner pid=229704)[0m                                                                                'capture-range-end': None,
[36m(TaskRunner pid=229704)[0m                                                                                'cuda-graph-trace': 'graph',
[36m(TaskRunner pid=229704)[0m                                                                                'cuda-memory-usage': 'true',
[36m(TaskRunner pid=229704)[0m                                                                                'kill': 'none',
[36m(TaskRunner pid=229704)[0m                                                                                'trace': 'cuda,nvtx,cublas,ucx'}},
[36m(TaskRunner pid=229704)[0m                                             'torch_memory': {'context': 'all',
[36m(TaskRunner pid=229704)[0m                                                              'kw_args': {},
[36m(TaskRunner pid=229704)[0m                                                              'stack_depth': 32,
[36m(TaskRunner pid=229704)[0m                                                              'stacks': 'all',
[36m(TaskRunner pid=229704)[0m                                                              'trace_alloc_max_entries': 100000}},
[36m(TaskRunner pid=229704)[0m                      'profile_continuous_steps': False,
[36m(TaskRunner pid=229704)[0m                      'save_path': 'outputs/profile',
[36m(TaskRunner pid=229704)[0m                      'steps': None,
[36m(TaskRunner pid=229704)[0m                      'tool': None},
[36m(TaskRunner pid=229704)[0m  'max_model_len': 18944,
[36m(TaskRunner pid=229704)[0m  'ray_kwargs': {'ray_init': {'num_cpus': None}, 'timeline_json_file': None},
[36m(TaskRunner pid=229704)[0m  'reward_manager': {'_target_': 'verl.trainer.config.config.RewardManagerConfig',
[36m(TaskRunner pid=229704)[0m                     'module': {'_target_': 'verl.trainer.config.config.ModuleConfig',
[36m(TaskRunner pid=229704)[0m                                'name': 'custom_reward_manager',
[36m(TaskRunner pid=229704)[0m                                'path': None},
[36m(TaskRunner pid=229704)[0m                     'name': 'naive',
[36m(TaskRunner pid=229704)[0m                     'source': 'register'},
[36m(TaskRunner pid=229704)[0m  'reward_model': {'enable': False,
[36m(TaskRunner pid=229704)[0m                   'enable_resource_pool': False,
[36m(TaskRunner pid=229704)[0m                   'forward_max_token_len_per_gpu': 32768,
[36m(TaskRunner pid=229704)[0m                   'launch_reward_fn_async': False,
[36m(TaskRunner pid=229704)[0m                   'max_length': None,
[36m(TaskRunner pid=229704)[0m                   'micro_batch_size': None,
[36m(TaskRunner pid=229704)[0m                   'micro_batch_size_per_gpu': None,
[36m(TaskRunner pid=229704)[0m                   'model': {'external_lib': None,
[36m(TaskRunner pid=229704)[0m                             'fsdp_config': {'_target_': 'verl.workers.config.FSDPEngineConfig',
[36m(TaskRunner pid=229704)[0m                                             'forward_prefetch': False,
[36m(TaskRunner pid=229704)[0m                                             'fsdp_size': -1,
[36m(TaskRunner pid=229704)[0m                                             'param_offload': False,
[36m(TaskRunner pid=229704)[0m                                             'reshard_after_forward': True,
[36m(TaskRunner pid=229704)[0m                                             'wrap_policy': {'min_num_params': 0}},
[36m(TaskRunner pid=229704)[0m                             'input_tokenizer': 'Qwen/Qwen3.5-4B',
[36m(TaskRunner pid=229704)[0m                             'override_config': {},
[36m(TaskRunner pid=229704)[0m                             'path': '~/models/FsfairX-LLaMA3-RM-v0.1',
[36m(TaskRunner pid=229704)[0m                             'trust_remote_code': False,
[36m(TaskRunner pid=229704)[0m                             'use_fused_kernels': False,
[36m(TaskRunner pid=229704)[0m                             'use_remove_padding': False,
[36m(TaskRunner pid=229704)[0m                             'use_shm': False},
[36m(TaskRunner pid=229704)[0m                   'n_gpus_per_node': 8,
[36m(TaskRunner pid=229704)[0m                   'nnodes': 0,
[36m(TaskRunner pid=229704)[0m                   'num_workers': 1,
[36m(TaskRunner pid=229704)[0m                   'profiler': {'_target_': 'verl.utils.profiler.ProfilerConfig',
[36m(TaskRunner pid=229704)[0m                                'all_ranks': False,
[36m(TaskRunner pid=229704)[0m                                'enable': False,
[36m(TaskRunner pid=229704)[0m                                'ranks': [],
[36m(TaskRunner pid=229704)[0m                                'save_path': 'outputs/profile',
[36m(TaskRunner pid=229704)[0m                                'tool': None,
[36m(TaskRunner pid=229704)[0m                                'tool_config': {'npu': {'_target_': 'verl.utils.profiler.config.NPUToolConfig',
[36m(TaskRunner pid=229704)[0m                                                        'analysis': True,
[36m(TaskRunner pid=229704)[0m                                                        'contents': [],
[36m(TaskRunner pid=229704)[0m                                                        'discrete': False,
[36m(TaskRunner pid=229704)[0m                                                        'level': 'level0'},
[36m(TaskRunner pid=229704)[0m                                                'nsys': {'_target_': 'verl.utils.profiler.config.NsightToolConfig',
[36m(TaskRunner pid=229704)[0m                                                         'discrete': False},
[36m(TaskRunner pid=229704)[0m                                                'torch': {'_target_': 'verl.utils.profiler.config.TorchProfilerToolConfig',
[36m(TaskRunner pid=229704)[0m                                                          'step_end': None,
[36m(TaskRunner pid=229704)[0m                                                          'step_start': 0},
[36m(TaskRunner pid=229704)[0m                                                'torch_memory': {'_target_': 'verl.utils.profiler.config.TorchMemoryToolConfig',
[36m(TaskRunner pid=229704)[0m                                                                 'stack_depth': 32,
[36m(TaskRunner pid=229704)[0m                                                                 'trace_alloc_max_entries': 100000}}},
[36m(TaskRunner pid=229704)[0m                   'reward_loop_class_name': None,
[36m(TaskRunner pid=229704)[0m                   'reward_loop_module_path': None,
[36m(TaskRunner pid=229704)[0m                   'reward_loop_source': 'register',
[36m(TaskRunner pid=229704)[0m                   'reward_manager': 'naive',
[36m(TaskRunner pid=229704)[0m                   'rollout': {'_target_': 'verl.workers.config.RolloutConfig',
[36m(TaskRunner pid=229704)[0m                               'cudagraph_capture_sizes': None,
[36m(TaskRunner pid=229704)[0m                               'data_parallel_size': 1,
[36m(TaskRunner pid=229704)[0m                               'disable_log_stats': True,
[36m(TaskRunner pid=229704)[0m                               'dtype': 'bfloat16',
[36m(TaskRunner pid=229704)[0m                               'enable_chunked_prefill': True,
[36m(TaskRunner pid=229704)[0m                               'enable_prefix_caching': True,
[36m(TaskRunner pid=229704)[0m                               'enforce_eager': True,
[36m(TaskRunner pid=229704)[0m                               'engine_kwargs': {},
[36m(TaskRunner pid=229704)[0m                               'expert_parallel_size': 1,
[36m(TaskRunner pid=229704)[0m                               'free_cache_engine': True,
[36m(TaskRunner pid=229704)[0m                               'gpu_memory_utilization': 0.5,
[36m(TaskRunner pid=229704)[0m                               'limit_images': None,
[36m(TaskRunner pid=229704)[0m                               'load_format': 'auto',
[36m(TaskRunner pid=229704)[0m                               'max_model_len': None,
[36m(TaskRunner pid=229704)[0m                               'max_num_batched_tokens': 8192,
[36m(TaskRunner pid=229704)[0m                               'max_num_seqs': 1024,
[36m(TaskRunner pid=229704)[0m                               'name': '???',
[36m(TaskRunner pid=229704)[0m                               'prompt_length': 2048,
[36m(TaskRunner pid=229704)[0m                               'response_length': 2048,
[36m(TaskRunner pid=229704)[0m                               'skip_tokenizer_init': False,
[36m(TaskRunner pid=229704)[0m /sfs/weka/scratch/nkw3mr/Vision-OPD-OPSA/verl/utils/profiler/config.py:52: UserWarning: Torch profiler tool config is not fully supported now.
[36m(TaskRunner pid=229704)[0m   warnings.warn("Torch profiler tool config is not fully supported now.", stacklevel=1)
[36m(TaskRunner pid=229704)[0m Warning: You are sending unauthenticated requests to the HF Hub. Please set a HF_TOKEN to enable higher rate limits and faster downloads.
[36m(TaskRunner pid=229704)[0m WARNING:2026-09-10 04:07:20,066:Warning: You are sending unauthenticated requests to the HF Hub. Please set a HF_TOKEN to enable higher rate limits and faster downloads.
[36m(TaskRunner pid=229704)[0m The `use_fast` parameter is deprecated and will be removed in a future version. Use `backend="torchvision"` instead of `use_fast=True`, or `backend="pil"` instead of `use_fast=False`.
[36m(TaskRunner pid=229704)[0m /sfs/weka/scratch/nkw3mr/Vision-OPD-OPSA/verl/trainer/ppo/ray_trainer.py:389: UserWarning: Disabled critic as algorithm.adv_estimator != gae. If it is not intended, please set critic.enable=True
[36m(TaskRunner pid=229704)[0m   self.use_critic = need_critic(self.config)
[36m(WorkerDict pid=262791)[0m [W910 04:07:30.797316067 socket.cpp:764] [c10d] The client socket cannot be initialized to connect to [udc-aw37-6-s.hpc.virginia.edu]:53887 (errno: 97 - Address family not supported by protocol).
[36m(WorkerDict pid=262791)[0m Warning: You are sending unauthenticated requests to the HF Hub. Please set a HF_TOKEN to enable higher rate limits and faster downloads.
[36m(WorkerDict pid=262791)[0m WARNING:2026-09-10 04:07:30,682:Warning: You are sending unauthenticated requests to the HF Hub. Please set a HF_TOKEN to enable higher rate limits and faster downloads.
[36m(TaskRunner pid=229704)[0m                               'tensor_model_parallel_size': 2},
[36m(TaskRunner pid=229704)[0m                   'sandbox_fusion': {'max_concurrent': 64,
[36m(TaskRunner pid=229704)[0m                                      'memory_limit_mb': 1024,
[36m(TaskRunner pid=229704)[0m                                      'url': None},
[36m(TaskRunner pid=229704)[0m                   'strategy': 'fsdp',
[36m(TaskRunner pid=229704)[0m                   'ulysses_sequence_parallel_size': 1,
[36m(TaskRunner pid=229704)[0m                   'use_dynamic_bsz': False,
[36m(TaskRunner pid=229704)[0m                   'use_reward_loop': False},
[36m(TaskRunner pid=229704)[0m  'trainer': {'balance_batch': True,
[36m(TaskRunner pid=229704)[0m              'critic_warmup': 0,
[36m(TaskRunner pid=229704)[0m              'default_hdfs_dir': None,
[36m(TaskRunner pid=229704)[0m              'default_local_dir': '/sfs/weka/scratch/nkw3mr/Vision-OPD-OPSA/checkpoints/Aha-center-Qwen3.5-4B-6karmA',
[36m(TaskRunner pid=229704)[0m              'del_local_ckpt_after_load': False,
[36m(TaskRunner pid=229704)[0m              'device': 'cuda',
[36m(TaskRunner pid=229704)[0m              'esi_redundant_time': 0,
[36m(TaskRunner pid=229704)[0m              'experiment_name': 'Aha-center-Qwen3.5-4B-6karmA',
[36m(TaskRunner pid=229704)[0m              'group_name': 'Aha-center-Qwen3.5-4B-6karmA',
[36m(TaskRunner pid=229704)[0m              'log_val_generations': 0,
[36m(TaskRunner pid=229704)[0m              'logger': ['console', 'tensorboard', 'wandb'],
[36m(TaskRunner pid=229704)[0m              'max_actor_ckpt_to_keep': None,
[36m(TaskRunner pid=229704)[0m              'max_critic_ckpt_to_keep': None,
[36m(TaskRunner pid=229704)[0m              'n_gpus_per_node': 2,
[36m(TaskRunner pid=229704)[0m              'nnodes': 1,
[36m(TaskRunner pid=229704)[0m              'project_name': 'Vision-OPD-StateAdaptive',
[36m(TaskRunner pid=229704)[0m              'ray_wait_register_center_timeout': 300,
[36m(TaskRunner pid=229704)[0m              'resume_from_path': None,
[36m(TaskRunner pid=229704)[0m              'resume_mode': 'auto',
[36m(TaskRunner pid=229704)[0m              'rollout_data_dir': '/sfs/weka/scratch/nkw3mr/Vision-OPD-OPSA/rollouts/Aha-center-Qwen3.5-4B-6karmA',
[36m(TaskRunner pid=229704)[0m              'save_freq': 5,
[36m(TaskRunner pid=229704)[0m              'test_freq': -1,
[36m(TaskRunner pid=229704)[0m              'total_epochs': 1,
[36m(TaskRunner pid=229704)[0m              'total_training_steps': None,
[36m(TaskRunner pid=229704)[0m              'use_legacy_worker_impl': 'auto',
[36m(TaskRunner pid=229704)[0m              'val_before_train': False,
[36m(TaskRunner pid=229704)[0m              'val_only': False,
[36m(TaskRunner pid=229704)[0m              'validation_data_dir': None},
[36m(TaskRunner pid=229704)[0m  'transfer_queue': {'enable': False},
[36m(TaskRunner pid=229704)[0m  'vars': {'ckpt_dir': './checkpoints', 'dir': './data', 'log_dir': './output'}}
[36m(TaskRunner pid=229704)[0m [validate_config] All configuration checks passed successfully!
[36m(TaskRunner pid=229704)[0m Using dataset class: RLHFDataset
[36m(TaskRunner pid=229704)[0m dataset len: 2459
[36m(TaskRunner pid=229704)[0m Size of train dataloader: 51, Size of val dataloader: 0
[36m(TaskRunner pid=229704)[0m Total training steps: 51
[36m(TaskRunner pid=229704)[0m colocated worker base class <class 'verl.single_controller.base.worker.Worker'>
[36m(TaskRunner pid=229704)[0m bind role actor_rollout_ref method chat_completion to class <class 'verl.single_controller.ray.base.create_colocated_worker_cls.<locals>.WorkerDict'>
[36m(TaskRunner pid=229704)[0m bind role actor_rollout_ref method generate to class <class 'verl.single_controller.ray.base.create_colocated_worker_cls.<locals>.WorkerDict'>
[36m(TaskRunner pid=229704)[0m bind role actor_rollout_ref method get_zeromq_address to class <class 'verl.single_controller.ray.base.create_colocated_worker_cls.<locals>.WorkerDict'>
[36m(TaskRunner pid=229704)[0m bind role actor_rollout_ref method sleep to class <class 'verl.single_controller.ray.base.create_colocated_worker_cls.<locals>.WorkerDict'>
[36m(TaskRunner pid=229704)[0m bind role actor_rollout_ref method wake_up to class <class 'verl.single_controller.ray.base.create_colocated_worker_cls.<locals>.WorkerDict'>
[36m(WorkerDict pid=262791)[0m [Gloo] Rank 1 is connected to 1 peer ranks. Expected number of connected peer ranks is : 1
[36m(WorkerDict pid=262772)[0m Model config after override: Qwen3_5Config {
[36m(WorkerDict pid=262772)[0m   "architectures": [
[36m(WorkerDict pid=262772)[0m     "Qwen3_5ForConditionalGeneration"
[36m(WorkerDict pid=262772)[0m   ],
[36m(WorkerDict pid=262772)[0m   "bos_token_id": null,
[36m(WorkerDict pid=262772)[0m   "eos_token_id": 248046,
[36m(WorkerDict pid=262772)[0m   "image_token_id": 248056,
[36m(WorkerDict pid=262772)[0m   "model_type": "qwen3_5",
[36m(WorkerDict pid=262772)[0m   "pad_token_id": 248044,
[36m(WorkerDict pid=262772)[0m   "text_config": {
[36m(WorkerDict pid=262772)[0m     "attention_bias": false,
[36m(WorkerDict pid=262772)[0m     "attention_dropout": 0.0,
[36m(WorkerDict pid=262772)[0m     "attn_output_gate": true,
[36m(WorkerDict pid=262772)[0m     "bos_token_id": null,
[36m(WorkerDict pid=262772)[0m     "dtype": "bfloat16",
[36m(WorkerDict pid=262772)[0m     "eos_token_id": 248044,
[36m(WorkerDict pid=262772)[0m     "full_attention_interval": 4,
[36m(WorkerDict pid=262772)[0m     "head_dim": 256,
[36m(WorkerDict pid=262772)[0m     "hidden_act": "silu",
[36m(WorkerDict pid=262772)[0m     "hidden_size": 2560,
[36m(WorkerDict pid=262772)[0m     "initializer_range": 0.02,
[36m(WorkerDict pid=262772)[0m     "intermediate_size": 9216,
[36m(WorkerDict pid=262772)[0m     "layer_types": [
[36m(WorkerDict pid=262772)[0m       "linear_attention",
[36m(WorkerDict pid=262772)[0m       "linear_attention",
[36m(WorkerDict pid=262772)[0m       "linear_attention",
[36m(WorkerDict pid=262772)[0m       "full_attention",
[36m(WorkerDict pid=262772)[0m       "linear_attention",
[36m(WorkerDict pid=262772)[0m       "linear_attention",
[36m(WorkerDict pid=262772)[0m       "linear_attention",
[36m(WorkerDict pid=262772)[0m       "full_attention",
[36m(WorkerDict pid=262772)[0m       "linear_attention",
[36m(WorkerDict pid=262772)[0m       "linear_attention",
[36m(WorkerDict pid=262772)[0m       "linear_attention",
[36m(WorkerDict pid=262772)[0m       "full_attention",
[36m(WorkerDict pid=262772)[0m       "linear_attention",
[36m(WorkerDict pid=262772)[0m       "linear_attention",
[36m(WorkerDict pid=262772)[0m       "linear_attention",
[36m(WorkerDict pid=262772)[0m       "full_attention",
[36m(WorkerDict pid=262772)[0m       "linear_attention",
[36m(WorkerDict pid=262772)[0m       "linear_attention",
[36m(WorkerDict pid=262772)[0m       "linear_attention",
[36m(WorkerDict pid=262772)[0m       "full_attention",
[36m(WorkerDict pid=262772)[0m       "linear_attention",
[36m(WorkerDict pid=262772)[0m       "linear_attention",
[36m(WorkerDict pid=262772)[0m       "linear_attention",
[36m(WorkerDict pid=262772)[0m       "full_attention",
[36m(WorkerDict pid=262772)[0m       "linear_attention",
[36m(WorkerDict pid=262772)[0m       "linear_attention",
[36m(WorkerDict pid=262772)[0m       "linear_attention",
[36m(WorkerDict pid=262772)[0m       "full_attention",
[36m(WorkerDict pid=262772)[0m       "linear_attention",
[36m(WorkerDict pid=262772)[0m       "linear_attention",
[36m(WorkerDict pid=262772)[0m       "linear_attention",
[36m(WorkerDict pid=262772)[0m       "full_attention"
[36m(WorkerDict pid=262772)[0m     ],
[36m(WorkerDict pid=262772)[0m     "linear_conv_kernel_dim": 4,
[36m(WorkerDict pid=262772)[0m     "linear_key_head_dim": 128,
[36m(WorkerDict pid=262772)[0m     "linear_num_key_heads": 16,
[36m(WorkerDict pid=262772)[0m     "linear_num_value_heads": 32,
[36m(WorkerDict pid=262772)[0m     "linear_value_head_dim": 128,
[36m(WorkerDict pid=262772)[0m     "mamba_ssm_dtype": "float32",
[36m(WorkerDict pid=262791)[0m Flash Attention 2 only supports torch.float16 and torch.bfloat16 dtypes, but the current dype in Qwen3_5ForConditionalGeneration is torch.float32. You should run training or inference using Automatic Mixed-Precision via the `with torch.autocast(device_type='torch_device'):` decorator, or load the model with the `dtype` argument. Example: `model = AutoModel.from_pretrained("meta-llama/Llama-3.2-1B", attn_implementation="flash_attention_2", dtype=torch.float16)`
[36m(WorkerDict pid=262791)[0m Flash Attention 2 only supports torch.float16 and torch.bfloat16 dtypes, but the current dype in Qwen3_5Model is torch.float32. You should run training or inference using Automatic Mixed-Precision via the `with torch.autocast(device_type='torch_device'):` decorator, or load the model with the `dtype` argument. Example: `model = AutoModel.from_pretrained("meta-llama/Llama-3.2-1B", attn_implementation="flash_attention_2", dtype=torch.float16)`
[36m(WorkerDict pid=262791)[0m Flash Attention 2 only supports torch.float16 and torch.bfloat16 dtypes, but the current dype in Qwen3_5VisionModel is torch.float32. You should run training or inference using Automatic Mixed-Precision via the `with torch.autocast(device_type='torch_device'):` decorator, or load the model with the `dtype` argument. Example: `model = AutoModel.from_pretrained("meta-llama/Llama-3.2-1B", attn_implementation="flash_attention_2", dtype=torch.float16)`
[36m(WorkerDict pid=262791)[0m Flash Attention 2 only supports torch.float16 and torch.bfloat16 dtypes, but the current dype in Qwen3_5TextModel is torch.float32. You should run training or inference using Automatic Mixed-Precision via the `with torch.autocast(device_type='torch_device'):` decorator, or load the model with the `dtype` argument. Example: `model = AutoModel.from_pretrained("meta-llama/Llama-3.2-1B", attn_implementation="flash_attention_2", dtype=torch.float16)`
[36m(WorkerDict pid=262772)[0m [W910 04:07:30.799768064 socket.cpp:764] [c10d] The client socket cannot be initialized to connect to [udc-aw37-6-s.hpc.virginia.edu]:53887 (errno: 97 - Address family not supported by protocol).
[36m(WorkerDict pid=262791)[0m Loading weights:   0%|          | 0/723 [00:00<?, ?it/s]
[36m(WorkerDict pid=262772)[0m Warning: You are sending unauthenticated requests to the HF Hub. Please set a HF_TOKEN to enable higher rate limits and faster downloads.
[36m(WorkerDict pid=262772)[0m WARNING:2026-09-10 04:07:30,730:Warning: You are sending unauthenticated requests to the HF Hub. Please set a HF_TOKEN to enable higher rate limits and faster downloads.
[36m(WorkerDict pid=262791)[0m Loading weights:   0%|          | 1/723 [00:00<03:53,  3.09it/s]
[36m(WorkerDict pid=262772)[0m Loading weights:  28%|██▊       | 201/723 [00:00<00:02, 241.83it/s]Loading weights:  33%|███▎      | 237/723 [00:00<00:01, 268.54it/s]
[36m(WorkerDict pid=262791)[0m Loading weights: 100%|██████████| 723/723 [00:02<00:00, 336.40it/s]
[36m(WorkerDict pid=262772)[0m Loading weights:  99%|█████████▉| 716/723 [00:02<00:00, 719.29it/s]Loading weights: 100%|██████████| 723/723 [00:02<00:00, 344.87it/s]
[36m(WorkerDict pid=262791)[0m /sfs/weka/scratch/nkw3mr/Vision-OPD-OPSA/verl/utils/profiler/config.py:52: UserWarning: Torch profiler tool config is not fully supported now.
[36m(WorkerDict pid=262791)[0m   warnings.warn("Torch profiler tool config is not fully supported now.", stacklevel=1)
[36m(WorkerDict pid=262772)[0m Flash Attention 2 only supports torch.float16 and torch.bfloat16 dtypes, but the current dype in Qwen3_5TextModel is torch.float32. You should run training or inference using Automatic Mixed-Precision via the `with torch.autocast(device_type='torch_device'):` decorator, or load the model with the `dtype` argument. Example: `model = AutoModel.from_pretrained("meta-llama/Llama-3.2-1B", attn_implementation="flash_attention_2", dtype=torch.float16)`[32m [repeated 4x across cluster][0m
[36m(WorkerDict pid=262772)[0m Loading weights:   0%|          | 0/723 [00:00<?, ?it/s]
[36m(WorkerDict pid=262772)[0m Loading weights:  74%|███████▎  | 532/723 [00:01<00:00, 395.14it/s][32m [repeated 24x across cluster][0m
[36m(WorkerDict pid=262772)[0m /sfs/weka/scratch/nkw3mr/Vision-OPD-OPSA/verl/workers/fsdp_workers.py:666: FutureWarning: FSDP.state_dict_type() and FSDP.set_state_dict_type() are being deprecated. Please use APIs, get_state_dict() and set_state_dict(), which can support different parallelisms, FSDP1, FSDP2, DDP. API doc: https://pytorch.org/docs/stable/distributed.checkpoint.html#torch.distributed.checkpoint.state_dict.get_state_dict .Tutorial: https://pytorch.org/tutorials/recipes/distributed_checkpoint_recipe.html .
[36m(WorkerDict pid=262772)[0m   FSDP.set_state_dict_type(
[36m(WorkerDict pid=262772)[0m /sfs/weka/scratch/nkw3mr/Vision-OPD-OPSA/verl/utils/profiler/config.py:52: UserWarning: Torch profiler tool config is not fully supported now.
[36m(WorkerDict pid=262772)[0m   warnings.warn("Torch profiler tool config is not fully supported now.", stacklevel=1)
[36m(WorkerDict pid=262772)[0m     "max_position_embeddings": 262144,
[36m(WorkerDict pid=262772)[0m     "mlp_only_layers": [],
[36m(WorkerDict pid=262772)[0m     "model_type": "qwen3_5_text",
[36m(WorkerDict pid=262772)[0m     "mtp_num_hidden_layers": 1,
[36m(WorkerDict pid=262772)[0m     "mtp_use_dedicated_embeddings": false,
[36m(WorkerDict pid=262772)[0m     "num_attention_heads": 16,
[36m(WorkerDict pid=262772)[0m     "num_hidden_layers": 32,
[36m(WorkerDict pid=262772)[0m     "num_key_value_heads": 4,
[36m(WorkerDict pid=262772)[0m     "pad_token_id": null,
[36m(WorkerDict pid=262772)[0m     "partial_rotary_factor": 0.25,
[36m(WorkerDict pid=262772)[0m     "rms_norm_eps": 1e-06,
[36m(WorkerDict pid=262772)[0m     "rope_parameters": {
[36m(WorkerDict pid=262772)[0m       "mrope_interleaved": true,
[36m(WorkerDict pid=262772)[0m       "mrope_section": [
[36m(WorkerDict pid=262772)[0m         11,
[36m(WorkerDict pid=262772)[0m         11,
[36m(WorkerDict pid=262772)[0m         10
[36m(WorkerDict pid=262772)[0m       ],
[36m(WorkerDict pid=262772)[0m       "partial_rotary_factor": 0.25,
[36m(WorkerDict pid=262772)[0m       "rope_theta": 10000000,
[36m(WorkerDict pid=262772)[0m       "rope_type": "default"
[36m(WorkerDict pid=262772)[0m     },
[36m(WorkerDict pid=262772)[0m     "tie_word_embeddings": true,
[36m(WorkerDict pid=262772)[0m     "use_cache": true,
[36m(WorkerDict pid=262772)[0m     "vocab_size": 248320
[36m(WorkerDict pid=262772)[0m   },
[36m(WorkerDict pid=262772)[0m   "tie_word_embeddings": true,
[36m(WorkerDict pid=262772)[0m   "transformers_version": "5.5.0",
[36m(WorkerDict pid=262772)[0m   "video_token_id": 248057,
[36m(WorkerDict pid=262772)[0m   "vision_config": {
[36m(WorkerDict pid=262772)[0m     "deepstack_visual_indexes": [],
[36m(WorkerDict pid=262772)[0m     "depth": 24,
[36m(WorkerDict pid=262772)[0m     "hidden_act": "gelu_pytorch_tanh",
[36m(WorkerDict pid=262772)[0m     "hidden_size": 1024,
[36m(WorkerDict pid=262772)[0m     "in_channels": 3,
[36m(WorkerDict pid=262772)[0m     "initializer_range": 0.02,
[36m(WorkerDict pid=262772)[0m     "intermediate_size": 4096,
[36m(WorkerDict pid=262772)[0m     "model_type": "qwen3_5",
[36m(WorkerDict pid=262772)[0m     "num_heads": 16,
[36m(WorkerDict pid=262772)[0m     "num_position_embeddings": 2304,
[36m(WorkerDict pid=262772)[0m     "out_hidden_size": 2560,
[36m(WorkerDict pid=262772)[0m     "patch_size": 16,
[36m(WorkerDict pid=262772)[0m     "spatial_merge_size": 2,
[36m(WorkerDict pid=262772)[0m     "temporal_patch_size": 2
[36m(WorkerDict pid=262772)[0m   },
[36m(WorkerDict pid=262772)[0m   "vision_end_token_id": 248054,
[36m(WorkerDict pid=262772)[0m   "vision_start_token_id": 248053
[36m(WorkerDict pid=262772)[0m }
[36m(WorkerDict pid=262772)[0m 
[36m(WorkerDict pid=262791)[0m Monkey patch Qwen3_5TextModel.forward for Ulysses SP input slicing.
[36m(WorkerDict pid=262791)[0m Monkey patch Qwen3_5ForConditionalGeneration model forward
[36m(WorkerDict pid=262791)[0m Monkey patch _flash_attention_forward in transformers.integrations.flash_attention
[36m(WorkerDict pid=262791)[0m Skipping monkey patch for Qwen3_5ForConditionalGeneration as use_fused_kernels is False or fused_kernels_backend is torch
[36m(WorkerDict pid=262772)[0m [Gloo] Rank 0 is connected to 0 peer ranks. Expected number of connected peer ranks is : 0[32m [repeated 3x across cluster] (Ray deduplicates logs by default. Set RAY_DEDUP_LOGS=0 to disable log deduplication, or see https://docs.ray.io/en/master/ray-observability/user-guides/configure-logging.html#log-deduplication for more options.)[0m
[36m(WorkerDict pid=262772)[0m Qwen3_5ForConditionalGeneration contains 4.54B parameters
[36m(WorkerDict pid=262772)[0m wrap_policy: functools.partial(<function _or_policy at 0x142b055c23e0>, policies=[functools.partial(<function transformer_auto_wrap_policy at 0x142b055c22a0>, transformer_layer_cls={<class 'transformers.models.qwen3_5.modeling_qwen3_5.Qwen3_5DecoderLayer'>, <class 'transformers.models.qwen3_5.modeling_qwen3_5.Qwen3_5VisionBlock'>})])
[36m(WorkerDict pid=262772)[0m Total steps: 51, num_warmup_steps: 10
[36m(WorkerDict pid=262772)[0m Actor use_remove_padding=True
[36m(WorkerDict pid=262772)[0m Actor use_fused_kernels=False
[36m(WorkerDict pid=262772)[0m Actor use_prefix_grouper=False
[36m(WorkerDict pid=262791)[0m 
[36m(WorkerDict pid=262791)[0m [2026-09-10 04:07:38] udc-aw37-6:262791:308569 [0] ras/client_support.cc:160 NCCL WARN Call to bind failed: Address already in use
[36m(WorkerDict pid=262772)[0m Monkey patch Qwen3_5TextModel.forward for Ulysses SP input slicing.
[36m(WorkerDict pid=262772)[0m Monkey patch Qwen3_5ForConditionalGeneration model forward
[36m(WorkerDict pid=262772)[0m Monkey patch _flash_attention_forward in transformers.integrations.flash_attention
[36m(WorkerDict pid=262772)[0m Skipping monkey patch for Qwen3_5ForConditionalGeneration as use_fused_kernels is False or fused_kernels_backend is torch
[36m(WorkerDict pid=262791)[0m [Gloo] Rank 0 is connected to 0 peer ranks. Expected number of connected peer ranks is : 0[32m [repeated 2x across cluster][0m
[36m(WorkerDict pid=262772)[0m NCCL version 2.27.5+cuda12.9
[36m(WorkerDict pid=262772)[0m 
[36m(WorkerDict pid=262772)[0m reference model: Qwen/Qwen3.5-4B
[36m(WorkerDict pid=262772)[0m Model config after override: Qwen3_5Config {
[36m(WorkerDict pid=262772)[0m   "architectures": [
[36m(WorkerDict pid=262772)[0m     "Qwen3_5ForConditionalGeneration"
[36m(WorkerDict pid=262772)[0m   ],
[36m(WorkerDict pid=262772)[0m   "bos_token_id": null,
[36m(WorkerDict pid=262772)[0m   "eos_token_id": 248046,
[36m(WorkerDict pid=262772)[0m   "image_token_id": 248056,
[36m(WorkerDict pid=262772)[0m   "model_type": "qwen3_5",
[36m(WorkerDict pid=262772)[0m   "pad_token_id": 248044,
[36m(WorkerDict pid=262772)[0m   "text_config": {
[36m(WorkerDict pid=262772)[0m     "attention_bias": false,
[36m(WorkerDict pid=262772)[0m     "attention_dropout": 0.0,
[36m(WorkerDict pid=262772)[0m     "attn_output_gate": true,
[36m(WorkerDict pid=262772)[0m     "bos_token_id": null,
[36m(WorkerDict pid=262772)[0m     "dtype": "bfloat16",
[36m(WorkerDict pid=262772)[0m     "eos_token_id": 248044,
[36m(WorkerDict pid=262772)[0m     "full_attention_interval": 4,
[36m(WorkerDict pid=262772)[0m     "head_dim": 256,
[36m(WorkerDict pid=262772)[0m     "hidden_act": "silu",
[36m(WorkerDict pid=262772)[0m     "hidden_size": 2560,
[36m(WorkerDict pid=262772)[0m     "initializer_range": 0.02,
[36m(WorkerDict pid=262772)[0m     "intermediate_size": 9216,
[36m(WorkerDict pid=262772)[0m     "layer_types": [
[36m(WorkerDict pid=262772)[0m       "linear_attention",
[36m(WorkerDict pid=262772)[0m       "linear_attention",
[36m(WorkerDict pid=262772)[0m       "linear_attention",
[36m(WorkerDict pid=262772)[0m       "full_attention",
[36m(WorkerDict pid=262772)[0m       "linear_attention",
[36m(WorkerDict pid=262772)[0m       "linear_attention",
[36m(WorkerDict pid=262772)[0m       "linear_attention",
[36m(WorkerDict pid=262772)[0m       "full_attention",
[36m(WorkerDict pid=262772)[0m       "linear_attention",
[36m(WorkerDict pid=262772)[0m       "linear_attention",
[36m(WorkerDict pid=262772)[0m       "linear_attention",
[36m(WorkerDict pid=262772)[0m       "full_attention",
[36m(WorkerDict pid=262772)[0m       "linear_attention",
[36m(WorkerDict pid=262772)[0m       "linear_attention",
[36m(WorkerDict pid=262772)[0m       "linear_attention",
[36m(WorkerDict pid=262772)[0m       "full_attention",
[36m(WorkerDict pid=262772)[0m       "linear_attention",
[36m(WorkerDict pid=262772)[0m       "linear_attention",
[36m(WorkerDict pid=262772)[0m       "linear_attention",
[36m(WorkerDict pid=262772)[0m       "full_attention",
[36m(WorkerDict pid=262772)[0m       "linear_attention",
[36m(WorkerDict pid=262772)[0m       "linear_attention",
[36m(WorkerDict pid=262772)[0m       "linear_attention",
[36m(WorkerDict pid=262772)[0m       "full_attention",
[36m(WorkerDict pid=262772)[0m       "linear_attention",
[36m(WorkerDict pid=262791)[0m Loading weights:   0%|          | 0/723 [00:00<?, ?it/s]
[36m(WorkerDict pid=262791)[0m Loading weights:   0%|          | 1/723 [00:00<05:26,  2.21it/s]
[36m(WorkerDict pid=262772)[0m Loading weights:  99%|█████████▉| 716/723 [00:01<00:00, 874.14it/s]Loading weights: 100%|██████████| 723/723 [00:01<00:00, 597.35it/s]
[36m(WorkerDict pid=262791)[0m Loading weights: 100%|██████████| 723/723 [00:01<00:00, 604.98it/s]
[36m(TaskRunner pid=229704)[0m W0910 04:07:59.016000 229704 site-packages/torch/utils/cpp_extension.py:118] No CUDA runtime is found, using CUDA_HOME='/apps/software/standard/core/cuda/12.8.0'
[36m(WorkerDict pid=262791)[0m /sfs/weka/scratch/nkw3mr/Vision-OPD-OPSA/verl/workers/fsdp_workers.py:666: FutureWarning: FSDP.state_dict_type() and FSDP.set_state_dict_type() are being deprecated. Please use APIs, get_state_dict() and set_state_dict(), which can support different parallelisms, FSDP1, FSDP2, DDP. API doc: https://pytorch.org/docs/stable/distributed.checkpoint.html#torch.distributed.checkpoint.state_dict.get_state_dict .Tutorial: https://pytorch.org/tutorials/recipes/distributed_checkpoint_recipe.html .
[36m(WorkerDict pid=262791)[0m   FSDP.set_state_dict_type(
[36m(WorkerDict pid=262772)[0m Loading weights:   0%|          | 0/723 [00:00<?, ?it/s]
[36m(WorkerDict pid=262791)[0m Loading weights:  73%|███████▎  | 528/723 [00:01<00:00, 603.65it/s][32m [repeated 8x across cluster][0m
[36m(TaskRunner pid=229704)[0m /sfs/weka/scratch/nkw3mr/Vision-OPD-OPSA/verl/utils/profiler/config.py:52: UserWarning: Torch profiler tool config is not fully supported now.
[36m(TaskRunner pid=229704)[0m   warnings.warn("Torch profiler tool config is not fully supported now.", stacklevel=1)
[36m(pid=366982)[0m W0910 04:08:07.468000 366982 site-packages/torch/utils/cpp_extension.py:118] No CUDA runtime is found, using CUDA_HOME='/apps/software/standard/core/cuda/12.8.0'
[36m(pid=366953)[0m W0910 04:08:07.468000 366953 site-packages/torch/utils/cpp_extension.py:118] No CUDA runtime is found, using CUDA_HOME='/apps/software/standard/core/cuda/12.8.0'
[36m(vLLMHttpServer pid=366982)[0m Warning: You are sending unauthenticated requests to the HF Hub. Please set a HF_TOKEN to enable higher rate limits and faster downloads.
[36m(vLLMHttpServer pid=366982)[0m Using blocking ray.get inside async actor. This blocks the event loop. Please use `await` on object ref with asyncio.gather if you want to yield execution to the event loop instead.
[36m(vLLMHttpServer pid=366982)[0m The argument `trust_remote_code` is to be used with Auto classes. It has no effect here and is ignored.
[36m(vLLMHttpServer pid=366982)[0m `layer_type_validation` is deprecated and will be removed in v5.20. Use `PreTrainedConfig.validate_layer_type` instead
[36m(vLLMHttpServer pid=366982)[0m `layer_type_validation` is deprecated and will be removed in v5.20. Use `PreTrainedConfig.validate_layer_type` instead
[36m(vLLMHttpServer pid=366982)[0m `layer_type_validation` is deprecated and will be removed in v5.20. Use `PreTrainedConfig.validate_layer_type` instead
[36m(WorkerDict pid=262772)[0m       "linear_attention",
[36m(WorkerDict pid=262772)[0m       "linear_attention",
[36m(WorkerDict pid=262772)[0m       "full_attention",
[36m(WorkerDict pid=262772)[0m       "linear_attention",
[36m(WorkerDict pid=262772)[0m       "linear_attention",
[36m(WorkerDict pid=262772)[0m       "linear_attention",
[36m(WorkerDict pid=262772)[0m       "full_attention"
[36m(WorkerDict pid=262772)[0m     ],
[36m(WorkerDict pid=262772)[0m     "linear_conv_kernel_dim": 4,
[36m(WorkerDict pid=262772)[0m     "linear_key_head_dim": 128,
[36m(WorkerDict pid=262772)[0m     "linear_num_key_heads": 16,
[36m(WorkerDict pid=262772)[0m     "linear_num_value_heads": 32,
[36m(WorkerDict pid=262772)[0m     "linear_value_head_dim": 128,
[36m(WorkerDict pid=262772)[0m     "mamba_ssm_dtype": "float32",
[36m(WorkerDict pid=262772)[0m     "max_position_embeddings": 262144,
[36m(WorkerDict pid=262772)[0m     "mlp_only_layers": [],
[36m(WorkerDict pid=262772)[0m     "model_type": "qwen3_5_text",
[36m(WorkerDict pid=262772)[0m     "mtp_num_hidden_layers": 1,
[36m(WorkerDict pid=262772)[0m     "mtp_use_dedicated_embeddings": false,
[36m(WorkerDict pid=262772)[0m     "num_attention_heads": 16,
[36m(WorkerDict pid=262772)[0m     "num_hidden_layers": 32,
[36m(WorkerDict pid=262772)[0m     "num_key_value_heads": 4,
[36m(WorkerDict pid=262772)[0m     "pad_token_id": null,
[36m(WorkerDict pid=262772)[0m     "partial_rotary_factor": 0.25,
[36m(WorkerDict pid=262772)[0m     "rms_norm_eps": 1e-06,
[36m(WorkerDict pid=262772)[0m     "rope_parameters": {
[36m(WorkerDict pid=262772)[0m       "mrope_interleaved": true,
[36m(WorkerDict pid=262772)[0m       "mrope_section": [
[36m(WorkerDict pid=262772)[0m         11,
[36m(WorkerDict pid=262772)[0m         11,
[36m(WorkerDict pid=262772)[0m         10
[36m(WorkerDict pid=262772)[0m       ],
[36m(WorkerDict pid=262772)[0m       "partial_rotary_factor": 0.25,
[36m(WorkerDict pid=262772)[0m       "rope_theta": 10000000,
[36m(WorkerDict pid=262772)[0m       "rope_type": "default"
[36m(WorkerDict pid=262772)[0m     },
[36m(WorkerDict pid=262772)[0m     "tie_word_embeddings": true,
[36m(WorkerDict pid=262772)[0m     "use_cache": true,
[36m(WorkerDict pid=262772)[0m     "vocab_size": 248320
[36m(WorkerDict pid=262772)[0m   },
[36m(WorkerDict pid=262772)[0m   "tie_word_embeddings": true,
[36m(WorkerDict pid=262772)[0m   "transformers_version": "5.5.0",
[36m(WorkerDict pid=262772)[0m   "video_token_id": 248057,
[36m(WorkerDict pid=262772)[0m   "vision_config": {
[36m(WorkerDict pid=262772)[0m     "deepstack_visual_indexes": [],
[36m(WorkerDict pid=262772)[0m     "depth": 24,
[36m(WorkerDict pid=262772)[0m     "hidden_act": "gelu_pytorch_tanh",
[36m(WorkerDict pid=262772)[0m     "hidden_size": 1024,
[36m(WorkerDict pid=262772)[0m     "in_channels": 3,
[36m(WorkerDict pid=262772)[0m     "initializer_range": 0.02,
[36m(WorkerDict pid=262772)[0m     "intermediate_size": 4096,
[36m(WorkerDict pid=262772)[0m     "model_type": "qwen3_5",
[36m(WorkerDict pid=262772)[0m     "num_heads": 16,
[36m(WorkerDict pid=262772)[0m     "num_position_embeddings": 2304,
[36m(WorkerDict pid=262772)[0m     "out_hidden_size": 2560,
[36m(WorkerDict pid=262772)[0m     "patch_size": 16,
[36m(WorkerDict pid=262772)[0m     "spatial_merge_size": 2,
[36m(WorkerDict pid=262772)[0m     "temporal_patch_size": 2
[36m(WorkerDict pid=262772)[0m   },
[36m(WorkerDict pid=262772)[0m   "vision_end_token_id": 248054,
[36m(WorkerDict pid=262772)[0m   "vision_start_token_id": 248053
[36m(WorkerDict pid=262772)[0m }
[36m(WorkerDict pid=262772)[0m 
[36m(WorkerDict pid=262772)[0m [2026-09-10 04:07:38] udc-aw37-6:262772:308567 [0] ras/client_support.cc:160 NCCL WARN Call to bind failed: Address already in use
[36m(WorkerDict pid=262772)[0m [Gloo] Rank 0 is connected to 0 peer ranks. Expected number of connected peer ranks is : 0[32m [repeated 2x across cluster][0m
[36m(WorkerDict pid=262772)[0m Monkey patch Qwen3_5TextModel.forward for Ulysses SP input slicing.
[36m(WorkerDict pid=262772)[0m Monkey patch Qwen3_5ForConditionalGeneration model forward
[36m(WorkerDict pid=262772)[0m Monkey patch _flash_attention_forward in transformers.integrations.flash_attention
[36m(WorkerDict pid=262772)[0m Skipping monkey patch for Qwen3_5ForConditionalGeneration as use_fused_kernels is False or fused_kernels_backend is torch
[36m(WorkerDict pid=262772)[0m Qwen3_5ForConditionalGeneration contains 4.54B parameters
[36m(WorkerDict pid=262772)[0m wrap_policy: functools.partial(<function _or_policy at 0x142b055c23e0>, policies=[functools.partial(<function transformer_auto_wrap_policy at 0x142b055c22a0>, transformer_layer_cls={<class 'transformers.models.qwen3_5.modeling_qwen3_5.Qwen3_5DecoderLayer'>, <class 'transformers.models.qwen3_5.modeling_qwen3_5.Qwen3_5VisionBlock'>})])
[36m(WorkerDict pid=262772)[0m Ref use_remove_padding=True
[36m(WorkerDict pid=262772)[0m Ref use_fused_kernels=False
[36m(WorkerDict pid=262772)[0m Ref use_prefix_grouper=False
[36m(vLLMHttpServer pid=366982)[0m WARNING 09-10 04:08:13 [envs.py:1717] Unknown vLLM environment variable detected: VLLM_USE_V1
[36m(WorkerDict pid=262791)[0m Monkey patch Qwen3_5TextModel.forward for Ulysses SP input slicing.
[36m(WorkerDict pid=262791)[0m Monkey patch Qwen3_5ForConditionalGeneration model forward
[36m(WorkerDict pid=262791)[0m Monkey patch _flash_attention_forward in transformers.integrations.flash_attention
[36m(WorkerDict pid=262791)[0m Skipping monkey patch for Qwen3_5ForConditionalGeneration as use_fused_kernels is False or fused_kernels_backend is torch
[36m(vLLMHttpServer pid=366953)[0m ['serve',
[36m(vLLMHttpServer pid=366953)[0m  'Qwen/Qwen3.5-4B',
[36m(vLLMHttpServer pid=366953)[0m  '--dtype',
[36m(vLLMHttpServer pid=366953)[0m  'bfloat16',
[36m(vLLMHttpServer pid=366953)[0m  '--load_format',
[36m(vLLMHttpServer pid=366953)[0m  'dummy',
[36m(vLLMHttpServer pid=366953)[0m  '--trust_remote_code',
[36m(vLLMHttpServer pid=366953)[0m  '--max_model_len',
[36m(vLLMHttpServer pid=366953)[0m  '262144',
[36m(vLLMHttpServer pid=366953)[0m  '--max_num_seqs',
[36m(vLLMHttpServer pid=366953)[0m  '1024',
[36m(vLLMHttpServer pid=366953)[0m  '--enable_chunked_prefill',
[36m(vLLMHttpServer pid=366953)[0m  '--max_num_batched_tokens',
[36m(vLLMHttpServer pid=366953)[0m  '9216',
[36m(vLLMHttpServer pid=366953)[0m  '--enable_prefix_caching',
[36m(vLLMHttpServer pid=366953)[0m  '--enable_sleep_mode',
[36m(vLLMHttpServer pid=366953)[0m  '--logprobs_mode',
[36m(vLLMHttpServer pid=366953)[0m  'processed_logprobs',
[36m(vLLMHttpServer pid=366953)[0m  '--disable_custom_all_reduce',
[36m(vLLMHttpServer pid=366953)[0m  '--gpu_memory_utilization',
[36m(vLLMHttpServer pid=366953)[0m  '0.45',
[36m(vLLMHttpServer pid=366953)[0m  '--disable_log_stats',
[36m(vLLMHttpServer pid=366953)[0m  '--tensor_parallel_size',
[36m(vLLMHttpServer pid=366953)[0m  '1',
[36m(vLLMHttpServer pid=366953)[0m  '--seed',
[36m(vLLMHttpServer pid=366953)[0m  '0',
[36m(vLLMHttpServer pid=366953)[0m  '--override_generation_config',
[36m(vLLMHttpServer pid=366953)[0m  '{"temperature": 1.0, "top_k": -1, "top_p": 1, "repetition_penalty": 1.0, '
[36m(vLLMHttpServer pid=366953)[0m  '"max_new_tokens": 1024}',
[36m(vLLMHttpServer pid=366953)[0m  '--hf_overrides',
[36m(vLLMHttpServer pid=366953)[0m  '{}',
[36m(vLLMHttpServer pid=366953)[0m  '--scheduling_policy',
[36m(vLLMHttpServer pid=366953)[0m  'fcfs',
[36m(vLLMHttpServer pid=366953)[0m  '--compilation_config',
[36m(vLLMHttpServer pid=366953)[0m  '{"pass_config": {"fuse_allreduce_rms": false}}',
[36m(vLLMHttpServer pid=366953)[0m  '--kernel_config',
[36m(vLLMHttpServer pid=366953)[0m  '{"enable_flashinfer_autotune": false}']
[36m(vLLMHttpServer pid=366982)[0m WARNING 09-10 04:08:13 [config.py:372] Mamba cache mode is set to 'align' for Qwen3_5ForConditionalGeneration by default when prefix caching is enabled
[36m(vLLMHttpServer pid=366982)[0m `Qwen2VLImageProcessorFast` is deprecated. The `Fast` suffix for image processors has been removed; use `Qwen2VLImageProcessor` instead.
[36m(vLLMHttpServer pid=366953)[0m Warning: You are sending unauthenticated requests to the HF Hub. Please set a HF_TOKEN to enable higher rate limits and faster downloads.
[36m(vLLMHttpServer pid=366982)[0m The `use_fast` parameter is deprecated and will be removed in a future version. Use `backend="torchvision"` instead of `use_fast=True`, or `backend="pil"` instead of `use_fast=False`.
[36m(vLLMHttpServer pid=366953)[0m Using blocking ray.get inside async actor. This blocks the event loop. Please use `await` on object ref with asyncio.gather if you want to yield execution to the event loop instead.
[36m(vLLMHttpServer pid=366953)[0m The argument `trust_remote_code` is to be used with Auto classes. It has no effect here and is ignored.[32m [repeated 3x across cluster][0m
[36m(vLLMHttpServer pid=366953)[0m `layer_type_validation` is deprecated and will be removed in v5.20. Use `PreTrainedConfig.validate_layer_type` instead[32m [repeated 9x across cluster][0m
[36m(vLLMHttpServer pid=366953)[0m `Qwen2VLImageProcessorFast` is deprecated. The `Fast` suffix for image processors has been removed; use `Qwen2VLImageProcessor` instead.
[36m(vLLMHttpServer pid=366982)[0m W0910 04:08:29.862000 436568 site-packages/torch/utils/cpp_extension.py:118] No CUDA runtime is found, using CUDA_HOME='/apps/software/standard/core/cuda/12.8.0'
[36m(vLLMHttpServer pid=366953)[0m The `use_fast` parameter is deprecated and will be removed in a future version. Use `backend="torchvision"` instead of `use_fast=True`, or `backend="pil"` instead of `use_fast=False`.
[36m(WorkerDict pid=262791)[0m `Qwen2VLImageProcessorFast` is deprecated. The `Fast` suffix for image processors has been removed; use `Qwen2VLImageProcessor` instead.
[36m(WorkerDict pid=262791)[0m The `use_fast` parameter is deprecated and will be removed in a future version. Use `backend="torchvision"` instead of `use_fast=True`, or `backend="pil"` instead of `use_fast=False`.
[36m(vLLMHttpServer pid=366953)[0m W0910 04:08:29.862000 435974 site-packages/torch/utils/cpp_extension.py:118] No CUDA runtime is found, using CUDA_HOME='/apps/software/standard/core/cuda/12.8.0'
[36m(WorkerDict pid=262791)[0m <frozen importlib._bootstrap_external>:1301: FutureWarning: The cuda.cudart module is deprecated and will be removed in a future release, please switch to use the cuda.bindings.runtime module instead.
[36m(WorkerDict pid=262791)[0m <frozen importlib._bootstrap_external>:1301: FutureWarning: The cuda.nvrtc module is deprecated and will be removed in a future release, please switch to use the cuda.bindings.nvrtc module instead.
[36m(WorkerDict pid=262772)[0m `Qwen2VLImageProcessorFast` is deprecated. The `Fast` suffix for image processors has been removed; use `Qwen2VLImageProcessor` instead.
[36m(WorkerDict pid=262791)[0m /sfs/weka/scratch/nkw3mr/envs/vision-opd/lib/python3.12/site-packages/vllm/model_executor/layers/fla/ops/utils.py:113: UserWarning: Input tensor shape suggests potential format mismatch: seq_len (16) < num_heads (32). This may indicate the inputs were passed in head-first format [B, H, T, ...] when head_first=False was specified. Please verify your input tensor format matches the expected shape [B, T, H, ...].
[36m(WorkerDict pid=262791)[0m   return fn(*contiguous_args, **contiguous_kwargs)
[36m(WorkerDict pid=262772)[0m The `use_fast` parameter is deprecated and will be removed in a future version. Use `backend="torchvision"` instead of `use_fast=True`, or `backend="pil"` instead of `use_fast=False`.
[36m(WorkerDict pid=262772)[0m <frozen importlib._bootstrap_external>:1301: FutureWarning: The cuda.cudart module is deprecated and will be removed in a future release, please switch to use the cuda.bindings.runtime module instead.
[36m(WorkerDict pid=262772)[0m <frozen importlib._bootstrap_external>:1301: FutureWarning: The cuda.nvrtc module is deprecated and will be removed in a future release, please switch to use the cuda.bindings.nvrtc module instead.
[36m(WorkerDict pid=262772)[0m Capturing CUDA graphs (mixed prefill-decode, PIECEWISE):   0%|          | 0/51 [00:00<?, ?it/s]
[36m(WorkerDict pid=262772)[0m /sfs/weka/scratch/nkw3mr/envs/vision-opd/lib/python3.12/site-packages/vllm/model_executor/layers/fla/ops/utils.py:113: UserWarning: Input tensor shape suggests potential format mismatch: seq_len (16) < num_heads (32). This may indicate the inputs were passed in head-first format [B, H, T, ...] when head_first=False was specified. Please verify your input tensor format matches the expected shape [B, T, H, ...].
[36m(WorkerDict pid=262772)[0m   return fn(*contiguous_args, **contiguous_kwargs)
[36m(WorkerDict pid=262772)[0m Capturing CUDA graphs (mixed prefill-decode, PIECEWISE):   8%|▊         | 4/51 [00:00<00:01, 34.59it/s]
[36m(WorkerDict pid=262772)[0m Capturing CUDA graphs (mixed prefill-decode, PIECEWISE):  18%|█▊        | 9/51 [00:00<00:01, 38.52it/s]
[36m(WorkerDict pid=262772)[0m Capturing CUDA graphs (mixed prefill-decode, PIECEWISE):  27%|██▋       | 14/51 [00:00<00:00, 40.34it/s]
[36m(WorkerDict pid=262772)[0m Capturing CUDA graphs (mixed prefill-decode, PIECEWISE):  37%|███▋      | 19/51 [00:00<00:00, 42.87it/s]
[36m(WorkerDict pid=262772)[0m Capturing CUDA graphs (mixed prefill-decode, PIECEWISE):  47%|████▋     | 24/51 [00:00<00:00, 45.19it/s]
[36m(WorkerDict pid=262772)[0m Capturing CUDA graphs (mixed prefill-decode, PIECEWISE):  59%|█████▉    | 30/51 [00:00<00:00, 47.03it/s]
[36m(WorkerDict pid=262772)[0m Capturing CUDA graphs (mixed prefill-decode, PIECEWISE):  69%|██████▊   | 35/51 [00:00<00:00, 45.31it/s]
[36m(WorkerDict pid=262772)[0m Capturing CUDA graphs (mixed prefill-decode, PIECEWISE):  80%|████████  | 41/51 [00:00<00:00, 47.40it/s]
[36m(WorkerDict pid=262772)[0m Capturing CUDA graphs (mixed prefill-decode, PIECEWISE):  92%|█████████▏| 47/51 [00:01<00:00, 49.76it/s]
[36m(WorkerDict pid=262772)[0m Capturing CUDA graphs (mixed prefill-decode, PIECEWISE): 100%|██████████| 51/51 [00:01<00:00, 45.92it/s]
[36m(WorkerDict pid=262772)[0m Capturing CUDA graphs (decode, FULL):   0%|          | 0/51 [00:00<?, ?it/s]
[36m(WorkerDict pid=262772)[0m Capturing CUDA graphs (decode, FULL):   6%|▌         | 3/51 [00:00<00:01, 29.92it/s]
[36m(WorkerDict pid=262772)[0m Capturing CUDA graphs (decode, FULL):  14%|█▎        | 7/51 [00:00<00:01, 31.61it/s]
[36m(WorkerDict pid=262772)[0m Capturing CUDA graphs (decode, FULL):  22%|██▏       | 11/51 [00:00<00:01, 32.92it/s]
[36m(WorkerDict pid=262772)[0m Capturing CUDA graphs (decode, FULL):  29%|██▉       | 15/51 [00:00<00:01, 34.35it/s]
[36m(WorkerDict pid=262772)[0m Capturing CUDA graphs (decode, FULL):  39%|███▉      | 20/51 [00:00<00:00, 37.47it/s]
[36m(WorkerDict pid=262772)[0m Capturing CUDA graphs (decode, FULL):  49%|████▉     | 25/51 [00:00<00:00, 40.35it/s]
[36m(WorkerDict pid=262772)[0m Capturing CUDA graphs (decode, FULL):  59%|█████▉    | 30/51 [00:00<00:00, 42.48it/s]
[36m(WorkerDict pid=262772)[0m Capturing CUDA graphs (decode, FULL):  69%|██████▊   | 35/51 [00:00<00:00, 44.14it/s]
[36m(WorkerDict pid=262772)[0m Capturing CUDA graphs (decode, FULL):  80%|████████  | 41/51 [00:00<00:00, 46.82it/s]Capturing CUDA graphs (decode, FULL):  92%|█████████▏| 47/51 [00:01<00:00, 50.38it/s]
[36m(WorkerDict pid=262772)[0m Capturing CUDA graphs (decode, FULL): 100%|██████████| 51/51 [00:01<00:00, 43.77it/s]
[36m(vLLMHttpServer pid=366982)[0m (EngineCore pid=436568) Warning: You are sending unauthenticated requests to the HF Hub. Please set a HF_TOKEN to enable higher rate limits and faster downloads.
[36m(vLLMHttpServer pid=366982)[0m (EngineCore pid=436568) `Qwen2VLImageProcessorFast` is deprecated. The `Fast` suffix for image processors has been removed; use `Qwen2VLImageProcessor` instead.
[36m(vLLMHttpServer pid=366982)[0m (EngineCore pid=436568) The `use_fast` parameter is deprecated and will be removed in a future version. Use `backend="torchvision"` instead of `use_fast=True`, or `backend="pil"` instead of `use_fast=False`.
[36m(vLLMHttpServer pid=366953)[0m The argument `trust_remote_code` is to be used with Auto classes. It has no effect here and is ignored.
[36m(vLLMHttpServer pid=366953)[0m (EngineCore pid=435974) Warning: You are sending unauthenticated requests to the HF Hub. Please set a HF_TOKEN to enable higher rate limits and faster downloads.
[36m(vLLMHttpServer pid=366953)[0m (EngineCore pid=435974) `Qwen2VLImageProcessorFast` is deprecated. The `Fast` suffix for image processors has been removed; use `Qwen2VLImageProcessor` instead.
[36m(vLLMHttpServer pid=366953)[0m `layer_type_validation` is deprecated and will be removed in v5.20. Use `PreTrainedConfig.validate_layer_type` instead
[36m(vLLMHttpServer pid=366953)[0m `layer_type_validation` is deprecated and will be removed in v5.20. Use `PreTrainedConfig.validate_layer_type` instead
[36m(vLLMHttpServer pid=366953)[0m `layer_type_validation` is deprecated and will be removed in v5.20. Use `PreTrainedConfig.validate_layer_type` instead
[36m(vLLMHttpServer pid=366953)[0m (EngineCore pid=435974) The `use_fast` parameter is deprecated and will be removed in a future version. Use `backend="torchvision"` instead of `use_fast=True`, or `backend="pil"` instead of `use_fast=False`.
[36m(vLLMHttpServer pid=366982)[0m The argument `trust_remote_code` is to be used with Auto classes. It has no effect here and is ignored.[32m [repeated 6x across cluster][0m
[36m(vLLMHttpServer pid=366982)[0m `layer_type_validation` is deprecated and will be removed in v5.20. Use `PreTrainedConfig.validate_layer_type` instead[32m [repeated 18x across cluster][0m
[36m(WorkerDict pid=262791)[0m /sfs/weka/scratch/nkw3mr/Vision-OPD-OPSA/verl/utils/device.py:134: FutureWarning: torch.cuda._set_allocator_settings is deprecated. Use torch._C._accelerator_setAllocatorSettings instead.
[36m(WorkerDict pid=262791)[0m   torch.cuda.memory._set_allocator_settings(f"expandable_segments:{enable}")
[36m(TaskRunner pid=229704)[0m wandb: Currently logged in as: nkw3mr (nkw3mr-university-of-virginia) to https://api.wandb.ai. Use `wandb login --relogin` to force relogin
[36m(TaskRunner pid=229704)[0m wandb: Tracking run with wandb version 0.23.1
[36m(TaskRunner pid=229704)[0m wandb: Run data is saved locally in /sfs/weka/scratch/nkw3mr/Vision-OPD-OPSA/wandb/run-20260910_040927-ylta710x
[36m(TaskRunner pid=229704)[0m wandb: Run `wandb offline` to turn off syncing.
[36m(TaskRunner pid=229704)[0m wandb: Syncing run Aha-center-Qwen3.5-4B-6karmA
[36m(TaskRunner pid=229704)[0m wandb: ⭐️ View project at https://wandb.ai/nkw3mr-university-of-virginia/Vision-OPD-StateAdaptive
[36m(TaskRunner pid=229704)[0m wandb: 🚀 View run at https://wandb.ai/nkw3mr-university-of-virginia/Vision-OPD-StateAdaptive/runs/ylta710x
[36m(TaskRunner pid=229704)[0m wandb: Detected [openai] in use.
[36m(TaskRunner pid=229704)[0m wandb: Use W&B Weave for improved LLM call tracing. Install Weave with `pip install weave` then add `import weave` to the top of your script.
[36m(TaskRunner pid=229704)[0m wandb: For more information, check out the docs at: https://weave-docs.wandb.ai/
[36m(TaskRunner pid=229704)[0m Training Progress:   0%|          | 0/51 [00:00<?, ?it/s]
[36m(AgentLoopWorker pid=624850)[0m W0910 04:09:35.963000 624850 site-packages/torch/utils/cpp_extension.py:118] No CUDA runtime is found, using CUDA_HOME='/apps/software/standard/core/cuda/12.8.0'
[36m(vLLMHttpServer pid=366953)[0m The argument `trust_remote_code` is to be used with Auto classes. It has no effect here and is ignored.[32m [repeated 3x across cluster][0m
[36m(vLLMHttpServer pid=366953)[0m `layer_type_validation` is deprecated and will be removed in v5.20. Use `PreTrainedConfig.validate_layer_type` instead[32m [repeated 9x across cluster][0m
[36m(WorkerDict pid=262772)[0m /sfs/weka/scratch/nkw3mr/Vision-OPD-OPSA/verl/utils/device.py:134: FutureWarning: torch.cuda._set_allocator_settings is deprecated. Use torch._C._accelerator_setAllocatorSettings instead.
[36m(WorkerDict pid=262772)[0m   torch.cuda.memory._set_allocator_settings(f"expandable_segments:{enable}")
[36m(AgentLoopWorker pid=624850)[0m Warning: You are sending unauthenticated requests to the HF Hub. Please set a HF_TOKEN to enable higher rate limits and faster downloads.
[36m(AgentLoopWorker pid=624850)[0m Keyword argument `video_metadatas` is not a valid argument for this processor and will be ignored.
[36m(AgentLoopWorker pid=624862)[0m W0910 04:09:36.170000 624862 site-packages/torch/utils/cpp_extension.py:118] No CUDA runtime is found, using CUDA_HOME='/apps/software/standard/core/cuda/12.8.0'[32m [repeated 7x across cluster][0m
[36m(AgentLoopWorker pid=624919)[0m Warning: You are sending unauthenticated requests to the HF Hub. Please set a HF_TOKEN to enable higher rate limits and faster downloads.[32m [repeated 7x across cluster][0m
[36m(TaskRunner pid=229704)[0m Training Progress:   2%|▏         | 1/51 [06:15<5:12:49, 375.39s/it]
[36m(AgentLoopWorker pid=624894)[0m Keyword argument `video_metadatas` is not a valid argument for this processor and will be ignored.[32m [repeated 7x across cluster][0m
[36m(vLLMHttpServer pid=366982)[0m WARNING 09-10 04:08:13 [vllm.py:743] Async scheduling will be disabled because it is not supported with the `<class 'verl.workers.rollout.vllm_rollout.vllm_async_server.ExternalZeroMQDistributedExecutor'>` distributed executor backend (only `mp`, `uni`, and `external_launcher` are supported).
[36m(vLLMHttpServer pid=366953)[0m WARNING 09-10 04:08:23 [system_utils.py:152] We must use the `spawn` multiprocessing start method. Overriding VLLM_WORKER_MULTIPROC_METHOD to 'spawn'. See https://docs.vllm.ai/en/latest/usage/troubleshooting.html#python-multiprocessing for more information. Reasons: In a Ray actor and can only be spawned
[36m(vLLMHttpServer pid=366953)[0m WARNING 09-10 04:08:13 [envs.py:1717] Unknown vLLM environment variable detected: VLLM_USE_V1
[36m(vLLMHttpServer pid=366953)[0m WARNING 09-10 04:08:13 [config.py:372] Mamba cache mode is set to 'align' for Qwen3_5ForConditionalGeneration by default when prefix caching is enabled
[36m(vLLMHttpServer pid=366953)[0m WARNING 09-10 04:08:13 [vllm.py:743] Async scheduling will be disabled because it is not supported with the `<class 'verl.workers.rollout.vllm_rollout.vllm_async_server.ExternalZeroMQDistributedExecutor'>` distributed executor backend (only `mp`, `uni`, and `external_launcher` are supported).
[36m(WorkerDict pid=262791)[0m WARNING 09-10 04:08:33 [worker_base.py:287] Missing `shared_worker_lock` argument from executor. This argument is needed for mm_processor_cache_type='shm'.
[36m(vLLMHttpServer pid=366982)[0m WARNING 09-10 04:08:23 [system_utils.py:152] We must use the `spawn` multiprocessing start method. Overriding VLLM_WORKER_MULTIPROC_METHOD to 'spawn'. See https://docs.vllm.ai/en/latest/usage/troubleshooting.html#python-multiprocessing for more information. Reasons: In a Ray actor and can only be spawned
[36m(vLLMHttpServer pid=366953)[0m WARNING 09-10 04:09:16 [api_router.py:30] LoRA dynamic loading & unloading is enabled in the API server. This should ONLY be used for local development!
[36m(WorkerDict pid=262772)[0m WARNING 09-10 04:08:33 [worker_base.py:287] Missing `shared_worker_lock` argument from executor. This argument is needed for mm_processor_cache_type='shm'.
[36m(vLLMHttpServer pid=366953)[0m WARNING 09-10 04:09:17 [model.py:1376] Default vLLM sampling parameters have been overridden by the model's `generation_config.json`: `{'repetition_penalty': 1.0, 'temperature': 1.0, 'top_k': -1, 'top_p': 1, 'max_tokens': 1024}`. If this is not intended, please relaunch vLLM instance with `--generation-config vllm`.
[36m(TaskRunner pid=229704)[0m AgentLoopManager: ['10.250.133.122:42709', '10.250.133.122:45493']
[36m(vLLMHttpServer pid=366982)[0m WARNING 09-10 04:09:16 [api_router.py:30] LoRA dynamic loading & unloading is enabled in the API server. This should ONLY be used for local development!
[36m(vLLMHttpServer pid=366982)[0m WARNING 09-10 04:09:17 [model.py:1376] Default vLLM sampling parameters have been overridden by the model's `generation_config.json`: `{'repetition_penalty': 1.0, 'temperature': 1.0, 'top_k': -1, 'top_p': 1, 'max_tokens': 1024}`. If this is not intended, please relaunch vLLM instance with `--generation-config vllm`.
[36m(TaskRunner pid=229704)[0m Saving tensorboard log to tensorboard_log/Vision-OPD-StateAdaptive/Aha-center-Qwen3.5-4B-6karmA.
[36m(TaskRunner pid=229704)[0m Checkpoint tracker file does not exist: /sfs/weka/scratch/nkw3mr/Vision-OPD-OPSA/checkpoints/Aha-center-Qwen3.5-4B-6karmA/latest_checkpointed_iteration.txt
[36m(TaskRunner pid=229704)[0m Training from scratch
[36m(AgentLoopWorker pid=624850)[0m Using dataset class: RLHFDataset
[36m(vLLMHttpServer pid=366982)[0m WARNING 09-10 04:09:42 [input_processor.py:227] Passing raw prompts to InputProcessor is deprecated and will be removed in v0.18. You should instead pass the outputs of Renderer.render_cmpl() or Renderer.render_chat().
[36m(TaskRunner pid=229704)[0m Dumped generations to /sfs/weka/scratch/nkw3mr/Vision-OPD-OPSA/rollouts/Aha-center-Qwen3.5-4B-6karmA/1.jsonl
[36m(TaskRunner pid=229704)[0m step:1 - global_seqlen/min:342993 - global_seqlen/max:342993 - global_seqlen/minmax_diff:0 - global_seqlen/balanced_min:342993 - global_seqlen/balanced_max:342993 - global_seqlen/mean:342993.0 - self_distillation/teacher_always_on_fraction:1.0 - self_distillation/teacher_image_swap_fraction:1.0 - self_distillation/policy_fallback_fraction:0.0 - self_distillation/grpo_fallback_count:0.0 - rollout_corr/rollout_is_mean:1.0 - rollout_corr/rollout_is_ratio_fraction_high:0.0 - rollout_corr/rollout_is_ratio_fraction_low:0.0 - rollout_corr/rollout_is_max:1.0 - rollout_corr/rollout_is_min:1.0 - rollout_corr/rollout_is_std:0.0 - rollout_corr/rollout_is_eff_sample_size:1.0 - rollout_corr/rollout_is_seq_mean:1.0 - rollout_corr/rollout_is_seq_std:0.0 - rollout_corr/rollout_is_seq_max:1.0 - rollout_corr/rollout_is_seq_min:1.0 - rollout_corr/rollout_is_seq_max_deviation:0.0 - rollout_corr/rollout_is_seq_fraction_high:0.0 - rollout_corr/rollout_is_seq_fraction_low:0.0 - rollout_corr/training_ppl:1.7947121722002823 - rollout_corr/training_log_ppl:0.5569468835989634 - rollout_corr/kl:-0.0026665203380010403 - rollout_corr/k3_kl:0.06656166804411139 - rollout_corr/rollout_ppl:1.7839471846818924 - rollout_corr/rollout_log_ppl:0.5596134043298662 - rollout_corr/log_ppl_diff:-0.0026665207309027514 - rollout_corr/log_ppl_abs_diff:0.06864891806617379 - rollout_corr/log_ppl_diff_max:0.12856996059417725 - rollout_corr/log_ppl_diff_min:-0.3412587642669678 - rollout_corr/ppl_ratio:1.0023392016688983 - rollout_corr/chi2_token:0.4105701372027397 - rollout_corr/chi2_seq:1.5408648382872343 - actor/pg_loss:0.21836265199817717 - actor/kl_loss:0.0 - actor/grpo_loss:0.0 - actor/vopd_loss:0.21836265199817717 - actor/vopd_loss_weighted:0.21836265199817717 - actor/policy_fallback_fraction:0.0 - aha/u_mean:-1.1351437267197373 - aha/u_neg_valley_frac:0.5205032036950191 - aha/floor_clamped_frac:0.0 - aha/q_tail_mass:0.01242119274457328 - aha/u_centered_mean:-0.6685743522830307 - aha/u_centered_absmean:1.0665496013437707 - aha/u_centered_wmean:-2.620139740184176e-08 - aha/argmax_conf:0.9251614212989807 - self_distillation/raw_jsd_token_mean:0.21836265199817717 - self_distillation/weighted_jsd_token_mean:0.21836265199817717 - self_distillation/self_distillation_mask.mean():1.0 - self_distillation/num_distill_tokens:148.53125 - self_distillation/empty_target_batch:0.0 - actor/grad_norm:8.106972694396973 - timing_s/update_actor/student_forward:43.71407678659307 - timing_s/update_actor/teacher_forward:59.771892757155 - timing_s/update_actor/teacher_full_forward:0.0 - timing_s/update_actor/teacher_null_forward:59.355508122069295 - timing_s/update_actor/loss_compute:0.05764755490235984 - timing_s/update_actor/backward:89.27512915508123 - timing_s/update_actor/optimizer_step:0.18645105202449486 - timing_s/update_actor/teacher_ema_update:4.5522989239543676e-05 - perf/mfu/actor:0.0 - perf/max_memory_allocated_gb:79.08199262619019 - perf/max_memory_reserved_gb:89.955078125 - perf/cpu_memory_used_gb:283.6922187805176 - actor/lr:0.0 - training/global_step:1 - training/epoch:0 - response_length/mean:148.53125 - response_length/max:1024.0 - response_length/min:4.0 - response_length/clip_ratio:0.010416666977107525 - response_length_non_aborted/mean:148.53125 - response_length_non_aborted/max:1024.0 - response_length_non_aborted/min:4.0 - response_length_non_aborted/clip_ratio:0.010416666977107525 - response/aborted_ratio:0.0 - prompt_length/mean:3424.3125 - prompt_length/max:5330.0 - prompt_length/min:3158.0 - prompt_length/clip_ratio:0.0 - num_turns/min:2 - num_turns/max:2 - num_turns/mean:2.0 - timing_s/start_profile:0.0001360069727525115 - timing_s/agent_loop/generate_sequences/min:13.48140519997105 - timing_s/agent_loop/generate_sequences/max:32.93073394999374 - timing_s/agent_loop/generate_sequences/mean:22.526889503640632 - timing_s/agent_loop/tool_calls/min:0.0 - timing_s/agent_loop/tool_calls/max:0.0 - timing_s/agent_loop/tool_calls/mean:0.0 - timing_s/agent_loop/slowest/generate_sequences:32.93073394999374 - timing_s/agent_loop/slowest/too[36m(TaskRunner pid=229704)[0m Training Progress:   4%|▍         | 2/51 [12:17<5:00:25, 367.87s/it]
[36m(TaskRunner pid=229704)[0m Training Progress:   6%|▌         | 3/51 [18:09<4:48:25, 360.53s/it]
l_calls:0.0 - timing_s/agent_loop/slowest/prompt_length:3347 - timing_s/agent_loop/slowest/response_length:1024 - timing_s/gen:53.565841371018905 - timing_s/adv:24.33796108898241 - timing_s/update_actor:297.2547123779659 - timing_s/dump_rollout_generations:0.0552455119905062 - timing_s/step:375.244688545994 - timing_s/stop_profile:2.9451039154082537e-05 - timing_per_token_ms/update_actor:0.8666495012375353 - timing_per_token_ms/gen:3.7566338011795293 - timing_per_token_ms/adv:0.07095760289271913 - perf/total_num_tokens:342993 - perf/time_per_step:375.244688545994 - perf/throughput:457.0257893976281
[36m(AgentLoopWorker pid=624894)[0m Using dataset class: RLHFDataset[32m [repeated 7x across cluster][0m
[36m(vLLMHttpServer pid=366953)[0m WARNING 09-10 04:09:42 [input_processor.py:227] Passing raw prompts to InputProcessor is deprecated and will be removed in v0.18. You should instead pass the outputs of Renderer.render_cmpl() or Renderer.render_chat().
[36m(TaskRunner pid=229704)[0m Dumped generations to /sfs/weka/scratch/nkw3mr/Vision-OPD-OPSA/rollouts/Aha-center-Qwen3.5-4B-6karmA/2.jsonl
[36m(TaskRunner pid=229704)[0m step:2 - global_seqlen/min:337018 - global_seqlen/max:337018 - global_seqlen/minmax_diff:0 - global_seqlen/balanced_min:337018 - global_seqlen/balanced_max:337018 - global_seqlen/mean:337018.0 - self_distillation/teacher_always_on_fraction:1.0 - self_distillation/teacher_image_swap_fraction:1.0 - self_distillation/policy_fallback_fraction:0.0 - self_distillation/grpo_fallback_count:0.0 - rollout_corr/rollout_is_mean:1.0 - rollout_corr/rollout_is_ratio_fraction_high:0.0 - rollout_corr/rollout_is_ratio_fraction_low:0.0 - rollout_corr/rollout_is_max:1.0 - rollout_corr/rollout_is_min:1.0 - rollout_corr/rollout_is_std:0.0 - rollout_corr/rollout_is_eff_sample_size:1.0 - rollout_corr/rollout_is_seq_mean:1.0 - rollout_corr/rollout_is_seq_std:0.0 - rollout_corr/rollout_is_seq_max:1.0 - rollout_corr/rollout_is_seq_min:1.0 - rollout_corr/rollout_is_seq_max_deviation:0.0 - rollout_corr/rollout_is_seq_fraction_high:0.0 - rollout_corr/rollout_is_seq_fraction_low:0.0 - rollout_corr/training_ppl:2.07074690485994 - rollout_corr/training_log_ppl:0.6318610042023162 - rollout_corr/kl:0.02622338550281711 - rollout_corr/k3_kl:0.07327264476528701 - rollout_corr/rollout_ppl:1.926556362460057 - rollout_corr/rollout_log_ppl:0.6056376185733825 - rollout_corr/log_ppl_diff:0.026223385784154136 - rollout_corr/log_ppl_abs_diff:0.06816970362948875 - rollout_corr/log_ppl_diff_max:0.6184005737304688 - rollout_corr/log_ppl_diff_min:-0.4933145046234131 - rollout_corr/ppl_ratio:1.0327299386262894 - rollout_corr/chi2_token:0.5452980864793062 - rollout_corr/chi2_seq:16.203004253407318 - actor/pg_loss:0.23182556381652816 - actor/kl_loss:0.0 - actor/grpo_loss:0.0 - actor/vopd_loss:0.23182556381652816 - actor/vopd_loss_weighted:0.23182556381652816 - actor/policy_fallback_fraction:0.0 - aha/u_mean:-1.0140916199064425 - aha/u_neg_valley_frac:0.5254035471007228 - aha/floor_clamped_frac:0.0 - aha/q_tail_mass:0.009969839098508793 - aha/u_centered_mean:-0.6260328728239983 - aha/u_centered_absmean:1.0435235798358917 - aha/u_centered_wmean:-2.5275246958468094e-08 - aha/argmax_conf:0.9712886810302734 - self_distillation/raw_jsd_token_mean:0.2318255638165283 - self_distillation/weighted_jsd_token_mean:0.2318255638165283 - self_distillation/self_distillation_mask.mean():1.0 - self_distillation/num_distill_tokens:136.3125 - self_distillation/empty_target_batch:0.0 - actor/grad_norm:7.582561016082764 - timing_s/update_actor/student_forward:40.46114327106625 - timing_s/update_actor/teacher_forward:62.79088786384091 - timing_s/update_actor/teacher_full_forward:0.0 - timing_s/update_actor/teacher_null_forward:67.32573970686644 - timing_s/update_actor/loss_compute:0.05902459571370855 - timing_s/update_actor/backward:86.2702250291477 - timing_s/update_actor/optimizer_step:0.08489733398891985 - timing_s/update_actor/teacher_ema_update:4.256900865584612e-05 - perf/mfu/actor:0.0 - perf/max_memory_allocated_gb:80.39116334915161 - perf/max_memory_reserved_gb:91.375 - perf/cpu_memory_used_gb:350.79744720458984 - actor/lr:2e-07 - training/global_step:2 - training/epoch:0 - response_length/mean:136.3125 - response_length/max:1024.0 - response_length/min:2.0 - response_length/clip_ratio:0.010416666977107525 - response_length_non_aborted/mean:136.3125 - response_length_non_aborted/max:1024.0 - response_length_non_aborted/min:2.0 - response_length_non_aborted/clip_ratio:0.010416666977107525 - response/aborted_ratio:0.0 - prompt_length/mean:3374.291748046875 - prompt_length/max:3971.0 - prompt_length/min:3161.0 - prompt_length/clip_ratio:0.0 - num_turns/min:2 - num_turns/max:2 - num_turns/mean:2.0 - timing_s/start_profile:4.68240468762815e-05 - timing_s/agent_loop/generate_sequences/min:7.180437028990127 - timing_s/agent_loop/generate_sequences/max:24.84765507199336 - timing_s/agent_loop/generate_sequences/mean:14.295371408522138 - timing_s/agent_loop/tool_calls/min:0.0 - timing_s/agent_loop/tool_calls/max:0.0 - timing_s/agent_loop/tool_calls/mean:0.0 - timing_s/agent_loop/slowest/generate_sequences:24.84765507199336 - timing_s/agent_loop/slowest/tool_calls:0.0 - timing_s/agent_loop/slowest/prompt_length:3347 - timing_s/agent_loop/slowest/response_length:1024 - timing_s/gen:35.65539428999182 - timing_s/adv:23.960599939047825 - timing_s/update_actor:302.5736887710518 - timing_s/dump_rollout_generations:0.05734008701983839 - timing_s/step:362.2722782450146 - timing_s/stop_profile:3.1283008866012096e-05 - timing_per_token_ms/update_actor:0.8977968202619795 - timing_per_token_ms/gen:2.7246977143505897 - timing_per_token_ms/adv:0.07109590567580315 - perf/total_num_tokens:337018 - perf/time_per_step:362.2722782450146 - perf/throughput:465.14461668533403
[36m(TaskRunner pid=229704)[0m Dumped generations to /sfs/weka/scratch/nkw3mr/Vision-OPD-OPSA/rollouts/Aha-center-Qwen3.5-4B-6karmA/3.jsonl
[36m(TaskRunner pid=229704)[0m step:3 - global_seqlen/min:336881 - global_seqlen/max:336881 - global_seqlen/minmax_diff:0 - global_seqlen/balanced_min:336881 - global_seqlen/balanced_max:336881 - global_seqlen/mean:336881.0 - self_distillation/teacher_always_on_fraction:1.0 - self_distillation/teacher_image_swap_fraction:1.0 - self_distillation/policy_fallback_fraction:0.0 - self_distillation/grpo_fallback_count:0.0 - rollout_corr/rollout_is_mean:1.0 - rollout_corr/rollout_is_ratio_fraction_high:0.0 - rollout_corr/rollout_is_ratio_fraction_low:0.0 - rollout_corr/rollout_is_max:1.0 - rollout_corr/rollout_is_min:1.0 - rollout_corr/rollout_is_std:0.0 - rollout_corr/rollout_is_eff_sample_size:1.0 - rollout_corr/rollout_is_seq_mean:1.0 - rollout_corr/rollout_is_seq_std:0.0 - rollout_corr/rollout_is_seq_max:1.0 - rollout_corr/rollout_is_seq_min:1.0 - rollout_corr/rollout_is_seq_max_deviation:0.0 - rollout_corr/rollout_is_seq_fraction_high:0.0 - rollout_corr/rollout_is_seq_fraction_low:0.0 - rollout_corr/training_ppl:1.8172687428692977 - rollout_corr/training_log_ppl:0.5783527117067327 - rollout_corr/kl:0.016650655827713006 - rollout_corr/k3_kl:0.0807715929307354 - rollout_corr/rollout_ppl:1.7926035250226657 - rollout_corr/rollout_log_ppl:0.561702052053685 - rollout_corr/log_ppl_diff:0.016650659575437505 - rollout_corr/log_ppl_abs_diff:0.058217098393167056 - rollout_corr/log_ppl_diff_max:0.12466025352478027 - rollout_corr/log_ppl_diff_min:-0.7215888500213623 - rollout_corr/ppl_ratio:1.0211318942407768 - rollout_corr/chi2_token:0.892579252521197 - rollout_corr/chi2_seq:4.257425133138895 - actor/pg_loss:0.2509086747401549 - actor/kl_loss:0.0 - actor/grpo_loss:0.0 - actor/vopd_loss:0.2509086747401549 - actor/vopd_loss_weighted:0.2509086747401549 - actor/policy_fallback_fraction:0.0 - aha/u_mean:-0.8506605976290302 - aha/u_neg_valley_frac:0.5157665265724063 - aha/floor_clamped_frac:0.0 - aha/q_tail_mass:0.00958189223829701 - aha/u_centered_mean:-0.56433631790181 - aha/u_centered_absmean:1.0178777198307216 - aha/u_centered_wmean:-1.0985754276178946e-08 - aha/argmax_conf:0.9471116662025452 - self_distillation/raw_jsd_token_mean:0.25090867474015494 - self_distillation/weighted_jsd_token_mean:0.25090867474015494 - self_distillation/self_distillation_mask.mean():1.0 - self_distillation/num_distill_tokens:128.88541666666666 - self_distillation/empty_target_batch:0.0 - actor/grad_norm:3.9031145572662354 - timing_s/update_actor/student_forward:38.44340656790882 - timing_s/update_actor/teacher_forward:55.338540011201985 - timing_s/update_actor/teacher_full_forward:0.0 - timing_s/update_actor/teacher_null_forward:77.3018401877489 - timing_s/update_actor/loss_compute:0.05774443579139188 - timing_s/update_actor/backward:85.9622510172776 - timing_s/update_actor/optimizer_step:0.0847433659946546 - timing_s/update_actor/teacher_ema_update:4.531198646873236e-05 - perf/mfu/actor:0.0 - perf/max_memory_allocated_gb:80.39116334915161 - perf/max_memory_reserved_gb:91.541015625 - perf/cpu_memory_used_gb:350.925724029541 - actor/lr:4e-07 - training/global_step:3 - training/epoch:0 - response_length/mean:128.8854217529297 - response_length/max:821.0 - response_length/min:4.0 - response_length/clip_ratio:0.0 - response_length_non_aborted/mean:128.8854217529297 - response_length_non_aborted/max:821.0 - response_length_non_aborted/min:4.0 - response_length_non_aborted/clip_ratio:0.0 - response/aborted_ratio:0.0 - prompt_length/mean:3380.291748046875 - prompt_length/max:3959.0 - prompt_length/min:3158.0 - prompt_length/clip_ratio:0.0 - num_turns/min:2 - num_turns/max:2 - num_turns/mean:2.0 - timing_s/start_profile:5.093001527711749e-05 - timing_s/agent_loop/generate_sequences/min:4.9858126399922185 - timing_s/agent_loop/generate_sequences/max:22.429127752024215 - timing_s/agent_loop/generate_sequences/mean:14.061493441577113 - timing_s/agent_loop/tool_calls/min:0.0 - timing_s/agent_loop/tool_calls/max:0.0 - timing_s/agent_loop/tool_calls/mean:0.0 - timing_s/agent_loop/slowest/generate_sequences:22.429127752024215 - timing_s/agent_loop/slowest/tool_calls:0.0[36m(TaskRunner pid=229704)[0m Training Progress:   8%|▊         | 4/51 [24:09<4:42:02, 360.05s/it]
[36m(TaskRunner pid=229704)[0m Training Progress:  10%|▉         | 5/51 [30:37<4:43:51, 370.25s/it]
 - timing_s/agent_loop/slowest/prompt_length:3343 - timing_s/agent_loop/slowest/response_length:821 - timing_s/gen:33.927885162993334 - timing_s/adv:22.794923677982297 - timing_s/update_actor:294.66525396797806 - timing_s/dump_rollout_generations:0.05468046898022294 - timing_s/step:351.46726711303927 - timing_s/stop_profile:2.286100061610341e-05 - timing_per_token_ms/update_actor:0.8746864737636675 - timing_per_token_ms/gen:2.742090452032113 - timing_per_token_ms/adv:0.06766461652032112 - perf/total_num_tokens:336881 - perf/time_per_step:351.46726711303927 - perf/throughput:479.24946577123495
[36m(TaskRunner pid=229704)[0m Dumped generations to /sfs/weka/scratch/nkw3mr/Vision-OPD-OPSA/rollouts/Aha-center-Qwen3.5-4B-6karmA/4.jsonl
[36m(TaskRunner pid=229704)[0m step:4 - global_seqlen/min:335869 - global_seqlen/max:335869 - global_seqlen/minmax_diff:0 - global_seqlen/balanced_min:335869 - global_seqlen/balanced_max:335869 - global_seqlen/mean:335869.0 - self_distillation/teacher_always_on_fraction:1.0 - self_distillation/teacher_image_swap_fraction:1.0 - self_distillation/policy_fallback_fraction:0.0 - self_distillation/grpo_fallback_count:0.0 - rollout_corr/rollout_is_mean:1.0 - rollout_corr/rollout_is_ratio_fraction_high:0.0 - rollout_corr/rollout_is_ratio_fraction_low:0.0 - rollout_corr/rollout_is_max:1.0 - rollout_corr/rollout_is_min:1.0 - rollout_corr/rollout_is_std:0.0 - rollout_corr/rollout_is_eff_sample_size:1.0 - rollout_corr/rollout_is_seq_mean:1.0 - rollout_corr/rollout_is_seq_std:0.0 - rollout_corr/rollout_is_seq_max:1.0 - rollout_corr/rollout_is_seq_min:1.0 - rollout_corr/rollout_is_seq_max_deviation:0.0 - rollout_corr/rollout_is_seq_fraction_high:0.0 - rollout_corr/rollout_is_seq_fraction_low:0.0 - rollout_corr/training_ppl:1.8860621849695842 - rollout_corr/training_log_ppl:0.6063522789627314 - rollout_corr/kl:0.024012242635459796 - rollout_corr/k3_kl:0.052366118548282735 - rollout_corr/rollout_ppl:1.8374315512677033 - rollout_corr/rollout_log_ppl:0.582340040554603 - rollout_corr/log_ppl_diff:0.02401223840812842 - rollout_corr/log_ppl_abs_diff:0.06564515363425016 - rollout_corr/log_ppl_diff_max:0.24233227968215942 - rollout_corr/log_ppl_diff_min:-0.3928159475326538 - rollout_corr/ppl_ratio:1.0280370730906725 - rollout_corr/chi2_token:0.2089696153998375 - rollout_corr/chi2_seq:-0.07021103737254937 - actor/pg_loss:0.24971617535144713 - actor/kl_loss:0.0 - actor/grpo_loss:0.0 - actor/vopd_loss:0.24971617535144713 - actor/vopd_loss_weighted:0.24971617535144713 - actor/policy_fallback_fraction:0.0 - aha/u_mean:-1.1689693268660146 - aha/u_neg_valley_frac:0.5280019532268246 - aha/floor_clamped_frac:0.0 - aha/q_tail_mass:0.012336054111567277 - aha/u_centered_mean:-0.7209777717168132 - aha/u_centered_absmean:1.1375145620356004 - aha/u_centered_wmean:-2.1269377488419838e-08 - aha/argmax_conf:0.9195760488510132 - self_distillation/raw_jsd_token_mean:0.2497161753514471 - self_distillation/weighted_jsd_token_mean:0.2497161753514471 - self_distillation/self_distillation_mask.mean():1.0 - self_distillation/num_distill_tokens:116.05208333333333 - self_distillation/empty_target_batch:0.0 - actor/grad_norm:1.9040981531143188 - timing_s/update_actor/student_forward:45.10070723621175 - timing_s/update_actor/teacher_forward:72.21864187560277 - timing_s/update_actor/teacher_full_forward:0.0 - timing_s/update_actor/teacher_null_forward:56.32523670216324 - timing_s/update_actor/loss_compute:0.05515443702461198 - timing_s/update_actor/backward:85.91020895610563 - timing_s/update_actor/optimizer_step:0.08444633800536394 - timing_s/update_actor/teacher_ema_update:3.431702498346567e-05 - perf/mfu/actor:0.0 - perf/max_memory_allocated_gb:80.41493844985962 - perf/max_memory_reserved_gb:91.541015625 - perf/cpu_memory_used_gb:351.10681915283203 - actor/lr:6e-07 - training/global_step:4 - training/epoch:0 - response_length/mean:116.05208587646484 - response_length/max:1024.0 - response_length/min:4.0 - response_length/clip_ratio:0.010416666977107525 - response_length_non_aborted/mean:116.05208587646484 - response_length_non_aborted/max:1024.0 - response_length_non_aborted/min:4.0 - response_length_non_aborted/clip_ratio:0.010416666977107525 - response/aborted_ratio:0.0 - prompt_length/mean:3382.583251953125 - prompt_length/max:3963.0 - prompt_length/min:3207.0 - prompt_length/clip_ratio:0.0 - num_turns/min:2 - num_turns/max:2 - num_turns/mean:2.0 - timing_s/start_profile:2.984103048220277e-05 - timing_s/agent_loop/generate_sequences/min:7.17717433400685 - timing_s/agent_loop/generate_sequences/max:23.576672079972923 - timing_s/agent_loop/generate_sequences/mean:14.345612179769887 - timing_s/agent_loop/tool_calls/min:0.0 - timing_s/agent_loop/tool_calls/max:0.0 - timing_s/agent_loop/tool_calls/mean:0.0 - timing_s/agent_loop/slowest/generate_sequences:23.576672079972923 - timing_s/agent_loop/slowest/tool_calls:0.0 - timing_s/agent_loop/slowest/prompt_length:3350 - timing_s/agent_loop/slowest/response_length:1024 - timing_s/gen:36.012970933981705 - timing_s/adv:24.51970403402811 - timing_s/update_actor:298.37488042603945 - timing_s/dump_rollout_generations:0.055476342036854476 - timing_s/step:358.98565894895 - timing_s/stop_profile:2.400303492322564e-05 - timing_per_token_ms/update_actor:0.888366834766053 - timing_per_token_ms/gen:3.2324720342861237 - timing_per_token_ms/adv:0.07300377240539647 - perf/total_num_tokens:335869 - perf/time_per_step:358.98565894895 - perf/throughput:467.8028099832292
[36m(TaskRunner pid=229704)[0m Dumped generations to /sfs/weka/scratch/nkw3mr/Vision-OPD-OPSA/rollouts/Aha-center-Qwen3.5-4B-6karmA/5.jsonl
[36m(TaskRunner pid=229704)[0m local_global_step_folder: /sfs/weka/scratch/nkw3mr/Vision-OPD-OPSA/checkpoints/Aha-center-Qwen3.5-4B-6karmA/global_step_5
[36m(TaskRunner pid=229704)[0m step:5 - global_seqlen/min:352254 - global_seqlen/max:352254 - global_seqlen/minmax_diff:0 - global_seqlen/balanced_min:352254 - global_seqlen/balanced_max:352254 - global_seqlen/mean:352254.0 - self_distillation/teacher_always_on_fraction:1.0 - self_distillation/teacher_image_swap_fraction:1.0 - self_distillation/policy_fallback_fraction:0.0 - self_distillation/grpo_fallback_count:0.0 - rollout_corr/rollout_is_mean:1.0 - rollout_corr/rollout_is_ratio_fraction_high:0.0 - rollout_corr/rollout_is_ratio_fraction_low:0.0 - rollout_corr/rollout_is_max:1.0 - rollout_corr/rollout_is_min:1.0 - rollout_corr/rollout_is_std:0.0 - rollout_corr/rollout_is_eff_sample_size:1.0 - rollout_corr/rollout_is_seq_mean:1.0 - rollout_corr/rollout_is_seq_std:0.0 - rollout_corr/rollout_is_seq_max:1.0 - rollout_corr/rollout_is_seq_min:1.0 - rollout_corr/rollout_is_seq_max_deviation:0.0 - rollout_corr/rollout_is_seq_fraction_high:0.0 - rollout_corr/rollout_is_seq_fraction_low:0.0 - rollout_corr/training_ppl:1.8921868900458019 - rollout_corr/training_log_ppl:0.6117344337205092 - rollout_corr/kl:0.03999201061014901 - rollout_corr/k3_kl:0.04076445193398589 - rollout_corr/rollout_ppl:1.807512064774831 - rollout_corr/rollout_log_ppl:0.5717424228787422 - rollout_corr/log_ppl_diff:0.03999201084176699 - rollout_corr/log_ppl_abs_diff:0.04930915807684263 - rollout_corr/log_ppl_diff_max:0.40574967861175537 - rollout_corr/log_ppl_diff_min:-0.32931089401245117 - rollout_corr/ppl_ratio:1.0428646213064592 - rollout_corr/chi2_token:0.10404843091964722 - rollout_corr/chi2_seq:-0.6234009172767401 - actor/pg_loss:0.24371860449900848 - actor/kl_loss:0.0 - actor/grpo_loss:0.0 - actor/vopd_loss:0.24371860449900848 - actor/vopd_loss_weighted:0.24371860449900848 - actor/policy_fallback_fraction:0.0 - aha/u_mean:-0.7505334181866298 - aha/u_neg_valley_frac:0.5426621083170176 - aha/floor_clamped_frac:0.0 - aha/q_tail_mass:0.011182380027738267 - aha/u_centered_mean:-0.5724076819606125 - aha/u_centered_absmean:1.0110654045517247 - aha/u_centered_wmean:-8.149038618667411e-09 - aha/argmax_conf:0.9503350257873535 - self_distillation/raw_jsd_token_mean:0.2437186044990085 - self_distillation/weighted_jsd_token_mean:0.2437186044990085 - self_distillation/self_distillation_mask.mean():1.0 - self_distillation/num_distill_tokens:214.125 - self_distillation/empty_target_batch:0.0 - actor/grad_norm:2.4471781253814697 - timing_s/update_actor/student_forward:44.3279549429426 - timing_s/update_actor/teacher_forward:65.99477316992125 - timing_s/update_actor/teacher_full_forward:0.0 - timing_s/update_actor/teacher_null_forward:64.99283291975735 - timing_s/update_actor/loss_compute:0.05843020475003868 - timing_s/update_actor/backward:90.82989308272954 - timing_s/update_actor/optimizer_step:0.08470862702233717 - timing_s/update_actor/teacher_ema_update:3.345601726323366e-05 - perf/mfu/actor:0.0 - perf/max_memory_allocated_gb:83.69644260406494 - perf/max_memory_reserved_gb:95.62109375 - perf/cpu_memory_used_gb:352.93027114868164 - actor/lr:8e-07 - training/global_step:5 - training/epoch:0 - response_length/mean:214.125 - response_length/max:1024.0 - response_length/min:4.0 - response_length/clip_ratio:0.0520833320915699 - response_length_non_aborted/mean:214.125 - response_length_non_aborted/max:1024.0 - response_length_non_aborted/min:4.0 - response_length_non_aborted/clip_ratio:0.0520833320915699 - response/aborted_ratio:0.0 - prompt_length/mean:3455.1875 - prompt_length/max:5649.0 - prompt_length/min:3255.0 - prompt_length/clip_ratio:0.0 - num_turns/min:2 - num_turns/max:2 - num_turns/mean:2.0 - timing_s/start_profile:4.530197475105524e-05 - timing_s/agent_loop/generate_sequences/min:9.142962999001611 - timing_s/agent_loop/generate_sequences/max:27.46967532497365 - timing_s/agent_loop/generate_sequences/mean:16.45883048867957 - timing_s/agent_loop/tool_calls/min:0.0 - timing_s/agent_loop/tool_calls/max:0.0 - timing_s/agent_loop/tool_calls/mean:0.0 - timing_s/agent_loop/slowest/generate_sequences:27.46967532497365 - timing_s/agent_loop/slowest/tool_calls:0.0 - [36m(WorkerDict pid=262791)[0m /sfs/weka/scratch/nkw3mr/Vision-OPD-OPSA/verl/utils/device.py:134: FutureWarning: torch.cuda._set_allocator_settings is deprecated. Use torch._C._accelerator_setAllocatorSettings instead.
[36m(WorkerDict pid=262791)[0m   torch.cuda.memory._set_allocator_settings(f"expandable_segments:{enable}")
[36m(TaskRunner pid=229704)[0m Training Progress:  12%|█▏        | 6/51 [36:49<4:38:07, 370.84s/it]
[36m(WorkerDict pid=262772)[0m /sfs/weka/scratch/nkw3mr/Vision-OPD-OPSA/verl/utils/device.py:134: FutureWarning: torch.cuda._set_allocator_settings is deprecated. Use torch._C._accelerator_setAllocatorSettings instead.
[36m(WorkerDict pid=262772)[0m   torch.cuda.memory._set_allocator_settings(f"expandable_segments:{enable}")
[36m(TaskRunner pid=229704)[0m Training Progress:  14%|█▎        | 7/51 [42:50<4:29:42, 367.78s/it]
timing_s/agent_loop/slowest/prompt_length:3352 - timing_s/agent_loop/slowest/response_length:1024 - timing_s/gen:38.18533364799805 - timing_s/adv:22.977381372998934 - timing_s/update_actor:306.3606722570257 - timing_s/dump_rollout_generations:0.053404589009005576 - timing_s/step:367.60665176500333 - timing_s/save_checkpoint:20.397573800000828 - timing_s/stop_profile:3.852200461551547e-05 - timing_per_token_ms/update_actor:0.8697152403011058 - timing_per_token_ms/gen:1.8576247153141685 - timing_per_token_ms/adv:0.06522958255406308 - perf/total_num_tokens:352254 - perf/time_per_step:367.60665176500333 - perf/throughput:479.11809852829094
[36m(TaskRunner pid=229704)[0m Dumped generations to /sfs/weka/scratch/nkw3mr/Vision-OPD-OPSA/rollouts/Aha-center-Qwen3.5-4B-6karmA/6.jsonl
[36m(TaskRunner pid=229704)[0m step:6 - global_seqlen/min:344067 - global_seqlen/max:344067 - global_seqlen/minmax_diff:0 - global_seqlen/balanced_min:344067 - global_seqlen/balanced_max:344067 - global_seqlen/mean:344067.0 - self_distillation/teacher_always_on_fraction:1.0 - self_distillation/teacher_image_swap_fraction:1.0 - self_distillation/policy_fallback_fraction:0.0 - self_distillation/grpo_fallback_count:0.0 - rollout_corr/rollout_is_mean:1.0 - rollout_corr/rollout_is_ratio_fraction_high:0.0 - rollout_corr/rollout_is_ratio_fraction_low:0.0 - rollout_corr/rollout_is_max:1.0 - rollout_corr/rollout_is_min:1.0 - rollout_corr/rollout_is_std:0.0 - rollout_corr/rollout_is_eff_sample_size:1.0 - rollout_corr/rollout_is_seq_mean:1.0 - rollout_corr/rollout_is_seq_std:0.0 - rollout_corr/rollout_is_seq_max:1.0 - rollout_corr/rollout_is_seq_min:1.0 - rollout_corr/rollout_is_seq_max_deviation:0.0 - rollout_corr/rollout_is_seq_fraction_high:0.0 - rollout_corr/rollout_is_seq_fraction_low:0.0 - rollout_corr/training_ppl:1.9128647769490879 - rollout_corr/training_log_ppl:0.6335452883504331 - rollout_corr/kl:0.03896549455142425 - rollout_corr/k3_kl:0.04285126747466469 - rollout_corr/rollout_ppl:1.838839481274287 - rollout_corr/rollout_log_ppl:0.5945797964620093 - rollout_corr/log_ppl_diff:0.03896549188842376 - rollout_corr/log_ppl_abs_diff:0.04612987954169512 - rollout_corr/log_ppl_diff_max:0.21148616075515747 - rollout_corr/log_ppl_diff_min:-0.24882572889328003 - rollout_corr/ppl_ratio:1.040761434783538 - rollout_corr/chi2_token:0.15147381772597632 - rollout_corr/chi2_seq:-0.7260122752437989 - actor/pg_loss:0.24937106732977546 - actor/kl_loss:0.0 - actor/grpo_loss:0.0 - actor/vopd_loss:0.24937106732977546 - actor/vopd_loss_weighted:0.24937106732977546 - actor/policy_fallback_fraction:0.0 - aha/u_mean:-0.8332718540914357 - aha/u_neg_valley_frac:0.5513012722755471 - aha/floor_clamped_frac:0.0 - aha/q_tail_mass:0.00953860691821736 - aha/u_centered_mean:-0.6373976512501637 - aha/u_centered_absmean:1.0686946505059798 - aha/u_centered_wmean:-9.667498165425817e-09 - aha/argmax_conf:0.9117044806480408 - self_distillation/raw_jsd_token_mean:0.24937106732977554 - self_distillation/weighted_jsd_token_mean:0.24937106732977554 - self_distillation/self_distillation_mask.mean():1.0 - self_distillation/num_distill_tokens:170.84375 - self_distillation/empty_target_batch:0.0 - actor/grad_norm:1.817784070968628 - timing_s/update_actor/student_forward:45.36432434536982 - timing_s/update_actor/teacher_forward:64.49476287484867 - timing_s/update_actor/teacher_full_forward:0.0 - timing_s/update_actor/teacher_null_forward:69.13363174395636 - timing_s/update_actor/loss_compute:0.05592747387709096 - timing_s/update_actor/backward:88.04648955649463 - timing_s/update_actor/optimizer_step:0.08502569497795776 - timing_s/update_actor/teacher_ema_update:4.769599763676524e-05 - perf/mfu/actor:0.0 - perf/max_memory_allocated_gb:83.69644260406494 - perf/max_memory_reserved_gb:95.62109375 - perf/cpu_memory_used_gb:354.42517471313477 - actor/lr:1e-06 - training/global_step:6 - training/epoch:0 - response_length/mean:170.84375 - response_length/max:1024.0 - response_length/min:4.0 - response_length/clip_ratio:0.02083333395421505 - response_length_non_aborted/mean:170.84375 - response_length_non_aborted/max:1024.0 - response_length_non_aborted/min:4.0 - response_length_non_aborted/clip_ratio:0.02083333395421505 - response/aborted_ratio:0.0 - prompt_length/mean:3413.1875 - prompt_length/max:4014.0 - prompt_length/min:3113.0 - prompt_length/clip_ratio:0.0 - num_turns/min:2 - num_turns/max:2 - num_turns/mean:2.0 - timing_s/start_profile:3.0402035918086767e-05 - timing_s/agent_loop/generate_sequences/min:8.335754059022292 - timing_s/agent_loop/generate_sequences/max:23.918085253972095 - timing_s/agent_loop/generate_sequences/mean:15.133814976719805 - timing_s/agent_loop/tool_calls/min:0.0 - timing_s/agent_loop/tool_calls/max:0.0 - timing_s/agent_loop/tool_calls/mean:0.0 - timing_s/agent_loop/slowest/generate_sequences:23.918085253972095 - timing_s/agent_loop/slowest/tool_calls:0.0 - timing_s/agent_loop/slowest/prompt_length:3352 - timing_s/agent_loop/slowest/response_length:1024 - timing_s/gen:36.37087421101751 - timing_s/adv:18.834106204973068 - timing_s/update_actor:316.3437132950057 - timing_s/dump_rollout_generations:0.05615025799488649 - timing_s/step:371.62472126598004 - timing_s/stop_profile:2.3402972146868706e-05 - timing_per_token_ms/update_actor:0.9194247437127238 - timing_per_token_ms/gen:2.2176010128051646 - timing_per_token_ms/adv:0.05473964723432665 - perf/total_num_tokens:344067 - perf/time_per_step:371.62472126598004 - perf/throughput:462.9226479173645
[36m(TaskRunner pid=229704)[0m Dumped generations to /sfs/weka/scratch/nkw3mr/Vision-OPD-OPSA/rollouts/Aha-center-Qwen3.5-4B-6karmA/7.jsonl
[36m(TaskRunner pid=229704)[0m step:7 - global_seqlen/min:340600 - global_seqlen/max:340600 - global_seqlen/minmax_diff:0 - global_seqlen/balanced_min:340600 - global_seqlen/balanced_max:340600 - global_seqlen/mean:340600.0 - self_distillation/teacher_always_on_fraction:1.0 - self_distillation/teacher_image_swap_fraction:1.0 - self_distillation/policy_fallback_fraction:0.0 - self_distillation/grpo_fallback_count:0.0 - rollout_corr/rollout_is_mean:1.0 - rollout_corr/rollout_is_ratio_fraction_high:0.0 - rollout_corr/rollout_is_ratio_fraction_low:0.0 - rollout_corr/rollout_is_max:1.0 - rollout_corr/rollout_is_min:1.0 - rollout_corr/rollout_is_std:0.0 - rollout_corr/rollout_is_eff_sample_size:1.0 - rollout_corr/rollout_is_seq_mean:1.0 - rollout_corr/rollout_is_seq_std:0.0 - rollout_corr/rollout_is_seq_max:1.0 - rollout_corr/rollout_is_seq_min:1.0 - rollout_corr/rollout_is_seq_max_deviation:0.0 - rollout_corr/rollout_is_seq_fraction_high:0.0 - rollout_corr/rollout_is_seq_fraction_low:0.0 - rollout_corr/training_ppl:1.8946538778642814 - rollout_corr/training_log_ppl:0.6192319700494409 - rollout_corr/kl:0.03375458168617721 - rollout_corr/k3_kl:0.034765665409698464 - rollout_corr/rollout_ppl:1.830067791044712 - rollout_corr/rollout_log_ppl:0.5854773848938445 - rollout_corr/log_ppl_diff:0.03375458515559634 - rollout_corr/log_ppl_abs_diff:0.03893594117835164 - rollout_corr/log_ppl_diff_max:0.10744094848632812 - rollout_corr/log_ppl_diff_min:-0.07612615823745728 - rollout_corr/ppl_ratio:1.0348723772913218 - rollout_corr/chi2_token:0.09297286284466584 - rollout_corr/chi2_seq:7.927119987085462 - actor/pg_loss:0.2665092710716029 - actor/kl_loss:0.0 - actor/grpo_loss:0.0 - actor/vopd_loss:0.2665092710716029 - actor/vopd_loss_weighted:0.2665092710716029 - actor/policy_fallback_fraction:0.0 - aha/u_mean:-0.8681003866173947 - aha/u_neg_valley_frac:0.5614224327728152 - aha/floor_clamped_frac:0.0 - aha/q_tail_mass:0.010748771294989579 - aha/u_centered_mean:-0.6846166322162995 - aha/u_centered_absmean:1.1584637593477964 - aha/u_centered_wmean:-9.472617830755259e-09 - aha/argmax_conf:0.9155691266059875 - self_distillation/raw_jsd_token_mean:0.2665092710716029 - self_distillation/weighted_jsd_token_mean:0.2665092710716029 - self_distillation/self_distillation_mask.mean():1.0 - self_distillation/num_distill_tokens:160.9375 - self_distillation/empty_target_batch:0.0 - actor/grad_norm:1.4397157430648804 - timing_s/update_actor/student_forward:41.47443632804789 - timing_s/update_actor/teacher_forward:63.00186859065434 - timing_s/update_actor/teacher_full_forward:0.0 - timing_s/update_actor/teacher_null_forward:70.88150346995099 - timing_s/update_actor/loss_compute:0.05730279296403751 - timing_s/update_actor/backward:89.71929781610379 - timing_s/update_actor/optimizer_step:0.08506459800992161 - timing_s/update_actor/teacher_ema_update:4.5752967707812786e-05 - perf/mfu/actor:0.0 - perf/max_memory_allocated_gb:83.69644260406494 - perf/max_memory_reserved_gb:95.62109375 - perf/cpu_memory_used_gb:353.37454986572266 - actor/lr:1.2e-06 - training/global_step:7 - training/epoch:0 - response_length/mean:160.9375 - response_length/max:1024.0 - response_length/min:34.0 - response_length/clip_ratio:0.02083333395421505 - response_length_non_aborted/mean:160.9375 - response_length_non_aborted/max:1024.0 - response_length_non_aborted/min:34.0 - response_length_non_aborted/clip_ratio:0.02083333395421505 - response/aborted_ratio:0.0 - prompt_length/mean:3386.979248046875 - prompt_length/max:3960.0 - prompt_length/min:3160.0 - prompt_length/clip_ratio:0.0 - num_turns/min:2 - num_turns/max:2 - num_turns/mean:2.0 - timing_s/start_profile:3.4116965252906084e-05 - timing_s/agent_loop/generate_sequences/min:12.948341054026969 - timing_s/agent_loop/generate_sequences/max:25.030872174014803 - timing_s/agent_loop/generate_sequences/mean:15.749947867199808 - timing_s/agent_loop/tool_calls/min:0.0 - timing_s/agent_loop/tool_calls/max:0.0 - timing_s/agent_loop/tool_calls/mean:0.0 - timing_s/agent_loop/slowest/generate_sequences:25.030872174014803 - timing_s/agent_loop/slowe[36m(TaskRunner pid=229704)[0m Training Progress:  16%|█▌        | 8/51 [48:52<4:22:12, 365.87s/it]
[36m(TaskRunner pid=229704)[0m Training Progress:  18%|█▊        | 9/51 [55:01<4:16:46, 366.83s/it]
st/tool_calls:0.0 - timing_s/agent_loop/slowest/prompt_length:3363 - timing_s/agent_loop/slowest/response_length:1024 - timing_s/gen:36.45283643499715 - timing_s/adv:21.503185076988302 - timing_s/update_actor:303.08564880496124 - timing_s/dump_rollout_generations:0.05355793598573655 - timing_s/step:361.12114061403554 - timing_s/stop_profile:2.968998160213232e-05 - timing_per_token_ms/update_actor:0.8898580411185004 - timing_per_token_ms/gen:2.3594068889965794 - timing_per_token_ms/adv:0.06313325037283705 - perf/total_num_tokens:340600 - perf/time_per_step:361.12114061403554 - perf/throughput:471.5869021415608
[36m(TaskRunner pid=229704)[0m Dumped generations to /sfs/weka/scratch/nkw3mr/Vision-OPD-OPSA/rollouts/Aha-center-Qwen3.5-4B-6karmA/8.jsonl
[36m(TaskRunner pid=229704)[0m step:8 - global_seqlen/min:340114 - global_seqlen/max:340114 - global_seqlen/minmax_diff:0 - global_seqlen/balanced_min:340114 - global_seqlen/balanced_max:340114 - global_seqlen/mean:340114.0 - self_distillation/teacher_always_on_fraction:1.0 - self_distillation/teacher_image_swap_fraction:1.0 - self_distillation/policy_fallback_fraction:0.0 - self_distillation/grpo_fallback_count:0.0 - rollout_corr/rollout_is_mean:1.0 - rollout_corr/rollout_is_ratio_fraction_high:0.0 - rollout_corr/rollout_is_ratio_fraction_low:0.0 - rollout_corr/rollout_is_max:1.0 - rollout_corr/rollout_is_min:1.0 - rollout_corr/rollout_is_std:0.0 - rollout_corr/rollout_is_eff_sample_size:1.0 - rollout_corr/rollout_is_seq_mean:1.0 - rollout_corr/rollout_is_seq_std:0.0 - rollout_corr/rollout_is_seq_max:1.0 - rollout_corr/rollout_is_seq_min:1.0 - rollout_corr/rollout_is_seq_max_deviation:0.0 - rollout_corr/rollout_is_seq_fraction_high:0.0 - rollout_corr/rollout_is_seq_fraction_low:0.0 - rollout_corr/training_ppl:2.0239040280381837 - rollout_corr/training_log_ppl:0.6806134451180696 - rollout_corr/kl:0.03797922656788918 - rollout_corr/k3_kl:0.03339281508912487 - rollout_corr/rollout_ppl:1.9500670668979485 - rollout_corr/rollout_log_ppl:0.6426342243018249 - rollout_corr/log_ppl_diff:0.037979220816244684 - rollout_corr/log_ppl_abs_diff:0.04079727844024698 - rollout_corr/log_ppl_diff_max:0.12165200710296631 - rollout_corr/log_ppl_diff_min:-0.08034789562225342 - rollout_corr/ppl_ratio:1.039171438664198 - rollout_corr/chi2_token:0.0679316980143388 - rollout_corr/chi2_seq:0.3954446694503228 - actor/pg_loss:0.24780103098601106 - actor/kl_loss:0.0 - actor/grpo_loss:0.0 - actor/vopd_loss:0.24780103098601106 - actor/vopd_loss_weighted:0.24780103098601106 - actor/policy_fallback_fraction:0.0 - aha/u_mean:-0.7272324400109937 - aha/u_neg_valley_frac:0.5389399773751696 - aha/floor_clamped_frac:0.0 - aha/q_tail_mass:0.011563003604016612 - aha/u_centered_mean:-0.5544708844584724 - aha/u_centered_absmean:1.0258381807555754 - aha/u_centered_wmean:-7.166406536483298e-09 - aha/argmax_conf:0.9416226744651794 - self_distillation/raw_jsd_token_mean:0.24780103098601103 - self_distillation/weighted_jsd_token_mean:0.24780103098601103 - self_distillation/self_distillation_mask.mean():1.0 - self_distillation/num_distill_tokens:146.8125 - self_distillation/empty_target_batch:0.0 - actor/grad_norm:2.025679588317871 - timing_s/update_actor/student_forward:43.09802812401904 - timing_s/update_actor/teacher_forward:64.21244890603703 - timing_s/update_actor/teacher_full_forward:0.0 - timing_s/update_actor/teacher_null_forward:71.03176968201296 - timing_s/update_actor/loss_compute:0.05743610888021067 - timing_s/update_actor/backward:86.06618287373567 - timing_s/update_actor/optimizer_step:0.08487083902582526 - timing_s/update_actor/teacher_ema_update:5.477503873407841e-05 - perf/mfu/actor:0.0 - perf/max_memory_allocated_gb:83.69644260406494 - perf/max_memory_reserved_gb:95.62109375 - perf/cpu_memory_used_gb:353.94599533081055 - actor/lr:1.4e-06 - training/global_step:8 - training/epoch:0 - response_length/mean:146.8125 - response_length/max:464.0 - response_length/min:4.0 - response_length/clip_ratio:0.0 - response_length_non_aborted/mean:146.8125 - response_length_non_aborted/max:464.0 - response_length_non_aborted/min:4.0 - response_length_non_aborted/clip_ratio:0.0 - response/aborted_ratio:0.0 - prompt_length/mean:3396.041748046875 - prompt_length/max:5383.0 - prompt_length/min:3249.0 - prompt_length/clip_ratio:0.0 - num_turns/min:2 - num_turns/max:2 - num_turns/mean:2.0 - timing_s/start_profile:4.270899808034301e-05 - timing_s/agent_loop/generate_sequences/min:10.115191438992042 - timing_s/agent_loop/generate_sequences/max:21.422415265988093 - timing_s/agent_loop/generate_sequences/mean:15.461856591424294 - timing_s/agent_loop/tool_calls/min:0.0 - timing_s/agent_loop/tool_calls/max:0.0 - timing_s/agent_loop/tool_calls/mean:0.0 - timing_s/agent_loop/slowest/generate_sequences:21.422415265988093 - timing_s/agent_loop/slowest/tool_calls:0.0 - timing_s/agent_loop/slowest/prompt_length:3345 - timing_s/agent_loop/slowest/response_length:464 - timing_s/gen:32.1570143570425 - timing_s/adv:24.253644197946414 - timing_s/update_actor:304.8191978739924 - timing_s/dump_rollout_generations:0.1830790530075319 - timing_s/step:361.4357504050131 - timing_s/stop_profile:3.166298847645521e-05 - timing_per_token_ms/update_actor:0.8962265530792393 - timing_per_token_ms/gen:2.2816102140657373 - timing_per_token_ms/adv:0.07131033770425921 - perf/total_num_tokens:340114 - perf/time_per_step:361.4357504050131 - perf/throughput:470.5040932155706
[36m(TaskRunner pid=229704)[0m Dumped generations to /sfs/weka/scratch/nkw3mr/Vision-OPD-OPSA/rollouts/Aha-center-Qwen3.5-4B-6karmA/9.jsonl
[36m(TaskRunner pid=229704)[0m step:9 - global_seqlen/min:345296 - global_seqlen/max:345296 - global_seqlen/minmax_diff:0 - global_seqlen/balanced_min:345296 - global_seqlen/balanced_max:345296 - global_seqlen/mean:345296.0 - self_distillation/teacher_always_on_fraction:1.0 - self_distillation/teacher_image_swap_fraction:1.0 - self_distillation/policy_fallback_fraction:0.0 - self_distillation/grpo_fallback_count:0.0 - rollout_corr/rollout_is_mean:1.0 - rollout_corr/rollout_is_ratio_fraction_high:0.0 - rollout_corr/rollout_is_ratio_fraction_low:0.0 - rollout_corr/rollout_is_max:1.0 - rollout_corr/rollout_is_min:1.0 - rollout_corr/rollout_is_std:0.0 - rollout_corr/rollout_is_eff_sample_size:1.0 - rollout_corr/rollout_is_seq_mean:1.0 - rollout_corr/rollout_is_seq_std:0.0 - rollout_corr/rollout_is_seq_max:1.0 - rollout_corr/rollout_is_seq_min:1.0 - rollout_corr/rollout_is_seq_max_deviation:0.0 - rollout_corr/rollout_is_seq_fraction_high:0.0 - rollout_corr/rollout_is_seq_fraction_low:0.0 - rollout_corr/training_ppl:2.203744693348805 - rollout_corr/training_log_ppl:0.7688159175838033 - rollout_corr/kl:0.032487682087473026 - rollout_corr/k3_kl:0.03907775982709912 - rollout_corr/rollout_ppl:2.137819858888785 - rollout_corr/rollout_log_ppl:0.7363282305498918 - rollout_corr/log_ppl_diff:0.03248768703391155 - rollout_corr/log_ppl_abs_diff:0.04463252456237873 - rollout_corr/log_ppl_diff_max:0.12400412559509277 - rollout_corr/log_ppl_diff_min:-0.3281477689743042 - rollout_corr/ppl_ratio:1.0342319595317047 - rollout_corr/chi2_token:0.13999586490293345 - rollout_corr/chi2_seq:11.839209202677011 - actor/pg_loss:0.23352503037313005 - actor/kl_loss:0.0 - actor/grpo_loss:0.0 - actor/vopd_loss:0.23352503037313005 - actor/vopd_loss_weighted:0.23352503037313005 - actor/policy_fallback_fraction:0.0 - aha/u_mean:-0.9166404068431196 - aha/u_neg_valley_frac:0.5602093037838737 - aha/floor_clamped_frac:0.0 - aha/q_tail_mass:0.010820956016798259 - aha/u_centered_mean:-0.6790509205311537 - aha/u_centered_absmean:1.101108795652787 - aha/u_centered_wmean:-1.1977418651216524e-08 - aha/argmax_conf:0.94327312707901 - self_distillation/raw_jsd_token_mean:0.23352503037313 - self_distillation/weighted_jsd_token_mean:0.23352503037313 - self_distillation/self_distillation_mask.mean():1.0 - self_distillation/num_distill_tokens:170.02083333333334 - self_distillation/empty_target_batch:0.0 - actor/grad_norm:1.562995195388794 - timing_s/update_actor/student_forward:46.246294372773264 - timing_s/update_actor/teacher_forward:68.74198374344269 - timing_s/update_actor/teacher_full_forward:0.0 - timing_s/update_actor/teacher_null_forward:65.99584356113337 - timing_s/update_actor/loss_compute:0.05652990873204544 - timing_s/update_actor/backward:86.88752443686826 - timing_s/update_actor/optimizer_step:0.08477430103812367 - timing_s/update_actor/teacher_ema_update:4.477100446820259e-05 - perf/mfu/actor:0.0 - perf/max_memory_allocated_gb:83.69644260406494 - perf/max_memory_reserved_gb:95.62109375 - perf/cpu_memory_used_gb:355.34070205688477 - actor/lr:1.6e-06 - training/global_step:9 - training/epoch:0 - response_length/mean:170.0208282470703 - response_length/max:1024.0 - response_length/min:4.0 - response_length/clip_ratio:0.010416666977107525 - response_length_non_aborted/mean:170.0208282470703 - response_length_non_aborted/max:1024.0 - response_length_non_aborted/min:4.0 - response_length_non_aborted/clip_ratio:0.010416666977107525 - response/aborted_ratio:0.0 - prompt_length/mean:3426.8125 - prompt_length/max:3956.0 - prompt_length/min:3342.0 - prompt_length/clip_ratio:0.0 - num_turns/min:2 - num_turns/max:2 - num_turns/mean:2.0 - timing_s/start_profile:3.550801193341613e-05 - timing_s/agent_loop/generate_sequences/min:8.007591574976686 - timing_s/agent_loop/generate_sequences/max:24.89849807403516 - timing_s/agent_loop/generate_sequences/mean:15.596356787650317 - timing_s/agent_loop/tool_calls/min:0.0 - timing_s/agent_loop/tool_calls/max:0.0 - timing_s/agent_loop/tool_calls/mean:0.0 - timing_s/agent_loop/slowest/generate_sequences:24.89849807403516 - timing_s/agent[36m(TaskRunner pid=229704)[0m Training Progress:  20%|█▉        | 10/51 [1:01:32<4:15:48, 374.35s/it]
[36m(WorkerDict pid=262791)[0m /sfs/weka/scratch/nkw3mr/Vision-OPD-OPSA/verl/utils/device.py:134: FutureWarning: torch.cuda._set_allocator_settings is deprecated. Use torch._C._accelerator_setAllocatorSettings instead.
[36m(WorkerDict pid=262791)[0m   torch.cuda.memory._set_allocator_settings(f"expandable_segments:{enable}")
[36m(TaskRunner pid=229704)[0m Training Progress:  22%|██▏       | 11/51 [1:07:48<4:09:47, 374.69s/it]
[36m(WorkerDict pid=262772)[0m /sfs/weka/scratch/nkw3mr/Vision-OPD-OPSA/verl/utils/device.py:134: FutureWarning: torch.cuda._set_allocator_settings is deprecated. Use torch._C._accelerator_setAllocatorSettings instead.
[36m(WorkerDict pid=262772)[0m   torch.cuda.memory._set_allocator_settings(f"expandable_segments:{enable}")
_loop/slowest/tool_calls:0.0 - timing_s/agent_loop/slowest/prompt_length:3389 - timing_s/agent_loop/slowest/response_length:1024 - timing_s/gen:37.38747108500684 - timing_s/adv:23.274502335989382 - timing_s/update_actor:307.6580608210061 - timing_s/dump_rollout_generations:0.18116146000102162 - timing_s/step:368.53016293700784 - timing_s/stop_profile:2.5895016733556986e-05 - timing_per_token_ms/update_actor:0.8909980446370827 - timing_per_token_ms/gen:2.2906182505211885 - timing_per_token_ms/adv:0.06740449450902815 - perf/total_num_tokens:345296 - perf/time_per_step:368.53016293700784 - perf/throughput:468.477257394832
[36m(TaskRunner pid=229704)[0m Dumped generations to /sfs/weka/scratch/nkw3mr/Vision-OPD-OPSA/rollouts/Aha-center-Qwen3.5-4B-6karmA/10.jsonl
[36m(TaskRunner pid=229704)[0m local_global_step_folder: /sfs/weka/scratch/nkw3mr/Vision-OPD-OPSA/checkpoints/Aha-center-Qwen3.5-4B-6karmA/global_step_10
[36m(TaskRunner pid=229704)[0m step:10 - global_seqlen/min:347275 - global_seqlen/max:347275 - global_seqlen/minmax_diff:0 - global_seqlen/balanced_min:347275 - global_seqlen/balanced_max:347275 - global_seqlen/mean:347275.0 - self_distillation/teacher_always_on_fraction:1.0 - self_distillation/teacher_image_swap_fraction:1.0 - self_distillation/policy_fallback_fraction:0.0 - self_distillation/grpo_fallback_count:0.0 - rollout_corr/rollout_is_mean:1.0 - rollout_corr/rollout_is_ratio_fraction_high:0.0 - rollout_corr/rollout_is_ratio_fraction_low:0.0 - rollout_corr/rollout_is_max:1.0 - rollout_corr/rollout_is_min:1.0 - rollout_corr/rollout_is_std:0.0 - rollout_corr/rollout_is_eff_sample_size:1.0 - rollout_corr/rollout_is_seq_mean:1.0 - rollout_corr/rollout_is_seq_std:0.0 - rollout_corr/rollout_is_seq_max:1.0 - rollout_corr/rollout_is_seq_min:1.0 - rollout_corr/rollout_is_seq_max_deviation:0.0 - rollout_corr/rollout_is_seq_fraction_high:0.0 - rollout_corr/rollout_is_seq_fraction_low:0.0 - rollout_corr/training_ppl:2.1844448670744896 - rollout_corr/training_log_ppl:0.7596042283500234 - rollout_corr/kl:0.028846243546771195 - rollout_corr/k3_kl:0.04886554386272716 - rollout_corr/rollout_ppl:2.123130933692058 - rollout_corr/rollout_log_ppl:0.7307579775030414 - rollout_corr/log_ppl_diff:0.028846250846982002 - rollout_corr/log_ppl_abs_diff:0.050698405131697655 - rollout_corr/log_ppl_diff_max:0.14253485202789307 - rollout_corr/log_ppl_diff_min:-0.36648881435394287 - rollout_corr/ppl_ratio:1.0312709975987673 - rollout_corr/chi2_token:0.4065483609835307 - rollout_corr/chi2_seq:2.8850375649829707 - actor/pg_loss:0.2392762448871508 - actor/kl_loss:0.0 - actor/grpo_loss:0.0 - actor/vopd_loss:0.2392762448871508 - actor/vopd_loss_weighted:0.2392762448871508 - actor/policy_fallback_fraction:0.0 - aha/u_mean:-0.7855319627560675 - aha/u_neg_valley_frac:0.5369292941565315 - aha/floor_clamped_frac:0.0 - aha/q_tail_mass:0.007808397095592519 - aha/u_centered_mean:-0.5496403368888423 - aha/u_centered_absmean:1.0046523703883092 - aha/u_centered_wmean:-1.560330855305524e-08 - aha/argmax_conf:0.9130279421806335 - self_distillation/raw_jsd_token_mean:0.23927624488715082 - self_distillation/weighted_jsd_token_mean:0.23927624488715082 - self_distillation/self_distillation_mask.mean():1.0 - self_distillation/num_distill_tokens:220.32291666666666 - self_distillation/empty_target_batch:0.0 - actor/grad_norm:2.577761173248291 - timing_s/update_actor/student_forward:44.346177190192975 - timing_s/update_actor/teacher_forward:74.16343068110291 - timing_s/update_actor/teacher_full_forward:0.0 - timing_s/update_actor/teacher_null_forward:57.583412793523166 - timing_s/update_actor/loss_compute:0.05779954680474475 - timing_s/update_actor/backward:92.6431580814533 - timing_s/update_actor/optimizer_step:0.08529418299440295 - timing_s/update_actor/teacher_ema_update:5.269201938062906e-05 - perf/mfu/actor:0.0 - perf/max_memory_allocated_gb:83.69644260406494 - perf/max_memory_reserved_gb:95.62109375 - perf/cpu_memory_used_gb:355.0970573425293 - actor/lr:1.8e-06 - training/global_step:10 - training/epoch:0 - response_length/mean:220.3229217529297 - response_length/max:1024.0 - response_length/min:4.0 - response_length/clip_ratio:0.0416666679084301 - response_length_non_aborted/mean:220.3229217529297 - response_length_non_aborted/max:1024.0 - response_length_non_aborted/min:4.0 - response_length_non_aborted/clip_ratio:0.0416666679084301 - response/aborted_ratio:0.0 - prompt_length/mean:3397.125 - prompt_length/max:5180.0 - prompt_length/min:3260.0 - prompt_length/clip_ratio:0.0 - num_turns/min:2 - num_turns/max:2 - num_turns/mean:2.0 - timing_s/start_profile:3.1153031159192324e-05 - timing_s/agent_loop/generate_sequences/min:6.9909061310463585 - timing_s/agent_loop/generate_sequences/max:24.98535410198383 - timing_s/agent_loop/generate_sequences/mean:15.797585458234002 - timing_s/agent_loop/tool_calls/min:0.0 - timing_s/agent_loop/tool_calls/max:0.0 - timing_s/agent_loop/tool_calls/mean:0.0 - timing_s/agent_loop/slowest/generate_sequences:24.98535410198383 - timing_s/agent_loop/slowest/tool_calls:0.0 - timing_s/agent_loop/slowest/prompt_length:3363 - timing_s/agent_loop/slowest/response_length:1024 - timing_s/gen:37.4716586729628 - timing_s/adv:23.595775788009632 - timing_s/update_actor:310.6028693310218 - timing_s/dump_rollout_generations:0.055672080954536796 - timing_s/step:371.74875150300795 - timing_s/save_checkpoint:19.083389915002044 - timing_s/stop_profile:3.6280020140111446e-05 - timing_per_token_ms/update_actor:0.8944003148254893 - timing_per_token_ms/gen:1.771625865111002 - timing_per_token_ms/adv:0.06794550655247177 - perf/total_num_tokens:347275 - perf/time_per_step:371.74875150300795 - perf/throughput:467.0829405558744
[36m(TaskRunner pid=229704)[0m Dumped generations to /sfs/weka/scratch/nkw3mr/Vision-OPD-OPSA/rollouts/Aha-center-Qwen3.5-4B-6karmA/11.jsonl
[36m(TaskRunner pid=229704)[0m step:11 - global_seqlen/min:342686 - global_seqlen/max:342686 - global_seqlen/minmax_diff:0 - global_seqlen/balanced_min:342686 - global_seqlen/balanced_max:342686 - global_seqlen/mean:342686.0 - self_distillation/teacher_always_on_fraction:1.0 - self_distillation/teacher_image_swap_fraction:1.0 - self_distillation/policy_fallback_fraction:0.0 - self_distillation/grpo_fallback_count:0.0 - rollout_corr/rollout_is_mean:1.0 - rollout_corr/rollout_is_ratio_fraction_high:0.0 - rollout_corr/rollout_is_ratio_fraction_low:0.0 - rollout_corr/rollout_is_max:1.0 - rollout_corr/rollout_is_min:1.0 - rollout_corr/rollout_is_std:0.0 - rollout_corr/rollout_is_eff_sample_size:1.0 - rollout_corr/rollout_is_seq_mean:1.0 - rollout_corr/rollout_is_seq_std:0.0 - rollout_corr/rollout_is_seq_max:1.0 - rollout_corr/rollout_is_seq_min:1.0 - rollout_corr/rollout_is_seq_max_deviation:0.0 - rollout_corr/rollout_is_seq_fraction_high:0.0 - rollout_corr/rollout_is_seq_fraction_low:0.0 - rollout_corr/training_ppl:2.1031376284857592 - rollout_corr/training_log_ppl:0.7131886895125111 - rollout_corr/kl:0.016322488226554317 - rollout_corr/k3_kl:0.037144599026457094 - rollout_corr/rollout_ppl:2.0594131213923297 - rollout_corr/rollout_log_ppl:0.6968662043412527 - rollout_corr/log_ppl_diff:0.01632248517125845 - rollout_corr/log_ppl_abs_diff:0.047401217433313526 - rollout_corr/log_ppl_diff_max:0.1263129711151123 - rollout_corr/log_ppl_diff_min:-0.3362354636192322 - rollout_corr/ppl_ratio:1.018382715061307 - rollout_corr/chi2_token:0.15963246238728365 - rollout_corr/chi2_seq:-0.35960126916567486 - actor/pg_loss:0.21227632415927175 - actor/kl_loss:0.0 - actor/grpo_loss:0.0 - actor/vopd_loss:0.21227632415927175 - actor/vopd_loss_weighted:0.21227632415927175 - actor/policy_fallback_fraction:0.0 - aha/u_mean:-1.1885405379192282 - aha/u_neg_valley_frac:0.5319074893680712 - aha/floor_clamped_frac:0.0 - aha/q_tail_mass:0.01568543330624254 - aha/u_centered_mean:-0.7167379234839851 - aha/u_centered_absmean:1.1164262092982729 - aha/u_centered_wmean:-2.4984325987705464e-08 - aha/argmax_conf:0.942721962928772 - self_distillation/raw_jsd_token_mean:0.2122763241592717 - self_distillation/weighted_jsd_token_mean:0.2122763241592717 - self_distillation/self_distillation_mask.mean():1.0 - self_distillation/num_distill_tokens:177.47916666666666 - self_distillation/empty_target_batch:0.0 - actor/grad_norm:3.370413064956665 - timing_s/update_actor/student_forward:43.764569882303476 - timing_s/update_actor/teacher_forward:70.80576038284926 - timing_s/update_actor/teacher_full_forward:0.0 - timing_s/update_actor/teacher_null_forward:59.52168508130126 - timing_s/update_actor/loss_compute:0.05825923825614154 - timing_s/update_actor/backward:92.46141831297427 - timing_s/update_actor/optimizer_step:0.08576496900059283 - timing_s/update_actor/teacher_ema_update:5.268194945529103e-05 - perf/mfu/actor:0.0 - perf/max_memory_allocated_gb:83.69644260406494 - perf/max_memory_reserved_gb:95.62109375 - perf/cpu_memory_used_gb:354.26514434814453 - actor/lr:2e-06 - training/global_step:11 - training/epoch:0 - response_length/mean:177.4791717529297 - response_length/max:1024.0 - response_length/min:4.0 - response_length/clip_ratio:0.02083333395421505 - response_length_non_aborted/mean:177.4791717529297 - response_length_non_aborted/max:1024.0 - response_length_non_aborted/min:4.0 - response_length_non_aborted/clip_ratio:0.02083333395421505 - response/aborted_ratio:0.0 - prompt_length/mean:3392.166748046875 - prompt_length/max:4338.0 - prompt_length/min:3254.0 - prompt_length/clip_ratio:0.0 - num_turns/min:2 - num_turns/max:2 - num_turns/mean:2.0 - timing_s/start_profile:2.2301042918115854e-05 - timing_s/agent_loop/generate_sequences/min:5.605131234973669 - timing_s/agent_loop/generate_sequences/max:24.302916000015102 - timing_s/agent_loop/generate_sequences/mean:13.62306837966753 - timing_s/agent_loop/tool_calls/min:0.0 - timing_s/agent_loop/tool_calls/max:0.0 - timing_s/agent_loop/tool_calls/mean:0.0 - timing_s/agent_loop/slowest/generate_sequences:24.302916000015102[36m(TaskRunner pid=229704)[0m Training Progress:  24%|██▎       | 12/51 [1:14:09<4:04:45, 376.55s/it]
[36m(TaskRunner pid=229704)[0m Training Progress:  25%|██▌       | 13/51 [1:20:24<3:58:18, 376.27s/it]
 - timing_s/agent_loop/slowest/tool_calls:0.0 - timing_s/agent_loop/slowest/prompt_length:3358 - timing_s/agent_loop/slowest/response_length:1024 - timing_s/gen:36.871838813007344 - timing_s/adv:21.460340675956104 - timing_s/update_actor:316.70443985104794 - timing_s/dump_rollout_generations:0.05651481100358069 - timing_s/step:375.12375364103355 - timing_s/stop_profile:2.337200567126274e-05 - timing_per_token_ms/update_actor:0.9241826040487442 - timing_per_token_ms/gen:2.1640943076069576 - timing_per_token_ms/adv:0.06262392007831107 - perf/total_num_tokens:342686 - perf/time_per_step:375.12375364103355 - perf/throughput:456.76393013480805
[36m(TaskRunner pid=229704)[0m Dumped generations to /sfs/weka/scratch/nkw3mr/Vision-OPD-OPSA/rollouts/Aha-center-Qwen3.5-4B-6karmA/12.jsonl
[36m(TaskRunner pid=229704)[0m step:12 - global_seqlen/min:349740 - global_seqlen/max:349740 - global_seqlen/minmax_diff:0 - global_seqlen/balanced_min:349740 - global_seqlen/balanced_max:349740 - global_seqlen/mean:349740.0 - self_distillation/teacher_always_on_fraction:1.0 - self_distillation/teacher_image_swap_fraction:1.0 - self_distillation/policy_fallback_fraction:0.0 - self_distillation/grpo_fallback_count:0.0 - rollout_corr/rollout_is_mean:1.0 - rollout_corr/rollout_is_ratio_fraction_high:0.0 - rollout_corr/rollout_is_ratio_fraction_low:0.0 - rollout_corr/rollout_is_max:1.0 - rollout_corr/rollout_is_min:1.0 - rollout_corr/rollout_is_std:0.0 - rollout_corr/rollout_is_eff_sample_size:1.0 - rollout_corr/rollout_is_seq_mean:1.0 - rollout_corr/rollout_is_seq_std:0.0 - rollout_corr/rollout_is_seq_max:1.0 - rollout_corr/rollout_is_seq_min:1.0 - rollout_corr/rollout_is_seq_max_deviation:0.0 - rollout_corr/rollout_is_seq_fraction_high:0.0 - rollout_corr/rollout_is_seq_fraction_low:0.0 - rollout_corr/training_ppl:2.311956636607647 - rollout_corr/training_log_ppl:0.7739255325868726 - rollout_corr/kl:0.008577384486822362 - rollout_corr/k3_kl:0.02648178818829668 - rollout_corr/rollout_ppl:2.285999197512865 - rollout_corr/rollout_log_ppl:0.7653481480665505 - rollout_corr/log_ppl_diff:0.008577384520322084 - rollout_corr/log_ppl_abs_diff:0.03718130740647515 - rollout_corr/log_ppl_diff_max:0.13941341638565063 - rollout_corr/log_ppl_diff_min:-0.1708325743675232 - rollout_corr/ppl_ratio:1.0098621025681496 - rollout_corr/chi2_token:0.130667711297671 - rollout_corr/chi2_seq:1.7665864806622267 - actor/pg_loss:0.20777122836443596 - actor/kl_loss:0.0 - actor/grpo_loss:0.0 - actor/vopd_loss:0.20777122836443596 - actor/vopd_loss_weighted:0.20777122836443596 - actor/policy_fallback_fraction:0.0 - aha/u_mean:-1.162708086349691 - aha/u_neg_valley_frac:0.5073510226793587 - aha/floor_clamped_frac:0.0 - aha/q_tail_mass:0.01077530826165892 - aha/u_centered_mean:-0.6252400174806212 - aha/u_centered_absmean:1.0086977224176128 - aha/u_centered_wmean:-2.3907753938026688e-08 - aha/argmax_conf:0.9442941546440125 - self_distillation/raw_jsd_token_mean:0.20777122836443596 - self_distillation/weighted_jsd_token_mean:0.20777122836443596 - self_distillation/self_distillation_mask.mean():1.0 - self_distillation/num_distill_tokens:147.29166666666666 - self_distillation/empty_target_batch:0.0 - actor/grad_norm:1.4179997444152832 - timing_s/update_actor/student_forward:46.96070742432494 - timing_s/update_actor/teacher_forward:73.89061316120205 - timing_s/update_actor/teacher_full_forward:0.0 - timing_s/update_actor/teacher_null_forward:59.56023185973754 - timing_s/update_actor/loss_compute:0.057115224946755916 - timing_s/update_actor/backward:93.75633809919236 - timing_s/update_actor/optimizer_step:0.08561099402140826 - timing_s/update_actor/teacher_ema_update:4.2988976929336786e-05 - perf/mfu/actor:0.0 - perf/max_memory_allocated_gb:83.69644260406494 - perf/max_memory_reserved_gb:95.62109375 - perf/cpu_memory_used_gb:357.5544662475586 - actor/lr:2e-06 - training/global_step:12 - training/epoch:0 - response_length/mean:147.2916717529297 - response_length/max:1024.0 - response_length/min:4.0 - response_length/clip_ratio:0.03125 - response_length_non_aborted/mean:147.2916717529297 - response_length_non_aborted/max:1024.0 - response_length_non_aborted/min:4.0 - response_length_non_aborted/clip_ratio:0.03125 - response/aborted_ratio:0.0 - prompt_length/mean:3495.833251953125 - prompt_length/max:4948.0 - prompt_length/min:3341.0 - prompt_length/clip_ratio:0.0 - num_turns/min:2 - num_turns/max:2 - num_turns/mean:2.0 - timing_s/start_profile:4.172703484073281e-05 - timing_s/agent_loop/generate_sequences/min:7.554428867995739 - timing_s/agent_loop/generate_sequences/max:25.28049643599661 - timing_s/agent_loop/generate_sequences/mean:14.743230304185394 - timing_s/agent_loop/tool_calls/min:0.0 - timing_s/agent_loop/tool_calls/max:0.0 - timing_s/agent_loop/tool_calls/mean:0.0 - timing_s/agent_loop/slowest/generate_sequences:25.28049643599661 - timing_s/agent_loop/slowest/tool_calls:0.0 - timing_s/agent_loop/slowest/prompt_length:3353 - timing_s/agent_loop/slowest/response_length:1024 - timing_s/gen:38.25224464002531 - timing_s/adv:25.602885399013758 - timing_s/update_actor:316.4907443980337 - timing_s/dump_rollout_generations:0.059332321980036795 - timing_s/step:380.4290189850144 - timing_s/stop_profile:3.217399353161454e-05 - timing_per_token_ms/update_actor:0.9049315045406122 - timing_per_token_ms/gen:2.70525068175568 - timing_per_token_ms/adv:0.07320548235550339 - perf/total_num_tokens:349740 - perf/time_per_step:380.4290189850144 - perf/throughput:459.6652496871916
[36m(TaskRunner pid=229704)[0m Dumped generations to /sfs/weka/scratch/nkw3mr/Vision-OPD-OPSA/rollouts/Aha-center-Qwen3.5-4B-6karmA/13.jsonl
[36m(TaskRunner pid=229704)[0m step:13 - global_seqlen/min:346085 - global_seqlen/max:346085 - global_seqlen/minmax_diff:0 - global_seqlen/balanced_min:346085 - global_seqlen/balanced_max:346085 - global_seqlen/mean:346085.0 - self_distillation/teacher_always_on_fraction:1.0 - self_distillation/teacher_image_swap_fraction:1.0 - self_distillation/policy_fallback_fraction:0.0 - self_distillation/grpo_fallback_count:0.0 - rollout_corr/rollout_is_mean:1.0 - rollout_corr/rollout_is_ratio_fraction_high:0.0 - rollout_corr/rollout_is_ratio_fraction_low:0.0 - rollout_corr/rollout_is_max:1.0 - rollout_corr/rollout_is_min:1.0 - rollout_corr/rollout_is_std:0.0 - rollout_corr/rollout_is_eff_sample_size:1.0 - rollout_corr/rollout_is_seq_mean:1.0 - rollout_corr/rollout_is_seq_std:0.0 - rollout_corr/rollout_is_seq_max:1.0 - rollout_corr/rollout_is_seq_min:1.0 - rollout_corr/rollout_is_seq_max_deviation:0.0 - rollout_corr/rollout_is_seq_fraction_high:0.0 - rollout_corr/rollout_is_seq_fraction_low:0.0 - rollout_corr/training_ppl:2.3067962365845838 - rollout_corr/training_log_ppl:0.8046540273353457 - rollout_corr/kl:0.022511508893027592 - rollout_corr/k3_kl:0.029683503033273457 - rollout_corr/rollout_ppl:2.24970859910051 - rollout_corr/rollout_log_ppl:0.7821425143629313 - rollout_corr/log_ppl_diff:0.022511512972414494 - rollout_corr/log_ppl_abs_diff:0.03442613004396359 - rollout_corr/log_ppl_diff_max:0.13192647695541382 - rollout_corr/log_ppl_diff_min:-0.21410158276557922 - rollout_corr/ppl_ratio:1.0236841918279727 - rollout_corr/chi2_token:0.09343550354242325 - rollout_corr/chi2_seq:4.691521263991793 - actor/pg_loss:0.23516474823312217 - actor/kl_loss:0.0 - actor/grpo_loss:0.0 - actor/vopd_loss:0.23516474823312217 - actor/vopd_loss_weighted:0.23516474823312217 - actor/policy_fallback_fraction:0.0 - aha/u_mean:-0.8908758670925939 - aha/u_neg_valley_frac:0.5472212517634034 - aha/floor_clamped_frac:0.0 - aha/q_tail_mass:0.012218940029735373 - aha/u_centered_mean:-0.643524740356952 - aha/u_centered_absmean:1.0956782549619675 - aha/u_centered_wmean:-1.2050257960164365e-08 - aha/argmax_conf:0.9658242464065552 - self_distillation/raw_jsd_token_mean:0.23516474823312214 - self_distillation/weighted_jsd_token_mean:0.23516474823312214 - self_distillation/self_distillation_mask.mean():1.0 - self_distillation/num_distill_tokens:166.69791666666666 - self_distillation/empty_target_batch:0.0 - actor/grad_norm:1.7593257427215576 - timing_s/update_actor/student_forward:46.57575424859533 - timing_s/update_actor/teacher_forward:74.38925112469587 - timing_s/update_actor/teacher_full_forward:0.0 - timing_s/update_actor/teacher_null_forward:58.730209626373835 - timing_s/update_actor/loss_compute:0.05592734809033573 - timing_s/update_actor/backward:93.16725703992415 - timing_s/update_actor/optimizer_step:0.08467271400149912 - timing_s/update_actor/teacher_ema_update:3.8583006244152784e-05 - perf/mfu/actor:0.0 - perf/max_memory_allocated_gb:83.69644260406494 - perf/max_memory_reserved_gb:95.62109375 - perf/cpu_memory_used_gb:356.3128433227539 - actor/lr:2e-06 - training/global_step:13 - training/epoch:0 - response_length/mean:166.6979217529297 - response_length/max:1024.0 - response_length/min:4.0 - response_length/clip_ratio:0.03125 - response_length_non_aborted/mean:166.6979217529297 - response_length_non_aborted/max:1024.0 - response_length_non_aborted/min:4.0 - response_length_non_aborted/clip_ratio:0.03125 - response/aborted_ratio:0.0 - prompt_length/mean:3438.354248046875 - prompt_length/max:4384.0 - prompt_length/min:3203.0 - prompt_length/clip_ratio:0.0 - num_turns/min:2 - num_turns/max:2 - num_turns/mean:2.0 - timing_s/start_profile:5.168002098798752e-05 - timing_s/agent_loop/generate_sequences/min:10.676396052003838 - timing_s/agent_loop/generate_sequences/max:25.30334771599155 - timing_s/agent_loop/generate_sequences/mean:15.713549805571043 - timing_s/agent_loop/tool_calls/min:0.0 - timing_s/agent_loop/tool_calls/max:0.0 - timing_s/agent_loop/tool_calls/mean:0.0 - timing_s/agent_loop/slowest/generate_sequences:25.30334771599155 - timing_s/agent_loop/[36m(TaskRunner pid=229704)[0m Training Progress:  27%|██▋       | 14/51 [1:26:37<3:51:26, 375.31s/it]
[36m(TaskRunner pid=229704)[0m Training Progress:  29%|██▉       | 15/51 [1:33:06<3:47:36, 379.35s/it]
slowest/tool_calls:0.0 - timing_s/agent_loop/slowest/prompt_length:3360 - timing_s/agent_loop/slowest/response_length:1024 - timing_s/gen:37.65631132299313 - timing_s/adv:24.835725978016853 - timing_s/update_actor:312.6938201300218 - timing_s/dump_rollout_generations:0.052254456968512386 - timing_s/step:375.26490635896334 - timing_s/stop_profile:2.325198147445917e-05 - timing_per_token_ms/update_actor:0.90351740217005 - timing_per_token_ms/gen:2.353078255514162 - timing_per_token_ms/adv:0.07176192547500428 - perf/total_num_tokens:346085 - perf/time_per_step:375.26490635896334 - perf/throughput:461.12092302730406
[36m(TaskRunner pid=229704)[0m Dumped generations to /sfs/weka/scratch/nkw3mr/Vision-OPD-OPSA/rollouts/Aha-center-Qwen3.5-4B-6karmA/14.jsonl
[36m(TaskRunner pid=229704)[0m step:14 - global_seqlen/min:344090 - global_seqlen/max:344090 - global_seqlen/minmax_diff:0 - global_seqlen/balanced_min:344090 - global_seqlen/balanced_max:344090 - global_seqlen/mean:344090.0 - self_distillation/teacher_always_on_fraction:1.0 - self_distillation/teacher_image_swap_fraction:1.0 - self_distillation/policy_fallback_fraction:0.0 - self_distillation/grpo_fallback_count:0.0 - rollout_corr/rollout_is_mean:1.0 - rollout_corr/rollout_is_ratio_fraction_high:0.0 - rollout_corr/rollout_is_ratio_fraction_low:0.0 - rollout_corr/rollout_is_max:1.0 - rollout_corr/rollout_is_min:1.0 - rollout_corr/rollout_is_std:0.0 - rollout_corr/rollout_is_eff_sample_size:1.0 - rollout_corr/rollout_is_seq_mean:1.0 - rollout_corr/rollout_is_seq_std:0.0 - rollout_corr/rollout_is_seq_max:1.0 - rollout_corr/rollout_is_seq_min:1.0 - rollout_corr/rollout_is_seq_max_deviation:0.0 - rollout_corr/rollout_is_seq_fraction_high:0.0 - rollout_corr/rollout_is_seq_fraction_low:0.0 - rollout_corr/training_ppl:2.2707002138098082 - rollout_corr/training_log_ppl:0.7933816447233161 - rollout_corr/kl:0.022913873498813093 - rollout_corr/k3_kl:0.0256968288773957 - rollout_corr/rollout_ppl:2.2196903886894384 - rollout_corr/rollout_log_ppl:0.7704677684232593 - rollout_corr/log_ppl_diff:0.022913876300056774 - rollout_corr/log_ppl_abs_diff:0.03184743784368038 - rollout_corr/log_ppl_diff_max:0.080802321434021 - rollout_corr/log_ppl_diff_min:-0.11599764227867126 - rollout_corr/ppl_ratio:1.0236452997972567 - rollout_corr/chi2_token:0.08346470383306344 - rollout_corr/chi2_seq:4.879673059408863 - actor/pg_loss:0.2347502373765262 - actor/kl_loss:0.0 - actor/grpo_loss:0.0 - actor/vopd_loss:0.2347502373765262 - actor/vopd_loss_weighted:0.2347502373765262 - actor/policy_fallback_fraction:0.0 - aha/u_mean:-0.9316214437130839 - aha/u_neg_valley_frac:0.5493181984250745 - aha/floor_clamped_frac:0.0 - aha/q_tail_mass:0.009954866163000156 - aha/u_centered_mean:-0.6666008155637732 - aha/u_centered_absmean:1.1052811549355586 - aha/u_centered_wmean:-2.0489230491647452e-08 - aha/argmax_conf:0.9765154123306274 - self_distillation/raw_jsd_token_mean:0.23475023737652614 - self_distillation/weighted_jsd_token_mean:0.23475023737652614 - self_distillation/self_distillation_mask.mean():1.0 - self_distillation/num_distill_tokens:194.83333333333334 - self_distillation/empty_target_batch:0.0 - actor/grad_norm:1.198207139968872 - timing_s/update_actor/student_forward:47.91520190460142 - timing_s/update_actor/teacher_forward:74.65146108891349 - timing_s/update_actor/teacher_full_forward:0.0 - timing_s/update_actor/teacher_null_forward:58.06770874990616 - timing_s/update_actor/loss_compute:0.0567147511173971 - timing_s/update_actor/backward:89.56181823293446 - timing_s/update_actor/optimizer_step:0.08560404001036659 - timing_s/update_actor/teacher_ema_update:6.047298666089773e-05 - perf/mfu/actor:0.0 - perf/max_memory_allocated_gb:83.69644260406494 - perf/max_memory_reserved_gb:95.62109375 - perf/cpu_memory_used_gb:355.4997978210449 - actor/lr:2e-06 - training/global_step:14 - training/epoch:0 - response_length/mean:194.8333282470703 - response_length/max:1024.0 - response_length/min:4.0 - response_length/clip_ratio:0.02083333395421505 - response_length_non_aborted/mean:194.8333282470703 - response_length_non_aborted/max:1024.0 - response_length_non_aborted/min:4.0 - response_length_non_aborted/clip_ratio:0.02083333395421505 - response/aborted_ratio:0.0 - prompt_length/mean:3389.4375 - prompt_length/max:3960.0 - prompt_length/min:3155.0 - prompt_length/clip_ratio:0.0 - num_turns/min:2 - num_turns/max:2 - num_turns/mean:2.0 - timing_s/start_profile:1.941696973517537e-05 - timing_s/agent_loop/generate_sequences/min:6.164256356016267 - timing_s/agent_loop/generate_sequences/max:26.675567233003676 - timing_s/agent_loop/generate_sequences/mean:14.712285229761013 - timing_s/agent_loop/tool_calls/min:0.0 - timing_s/agent_loop/tool_calls/max:0.0 - timing_s/agent_loop/tool_calls/mean:0.0 - timing_s/agent_loop/slowest/generate_sequences:26.675567233003676 - timing_s/agent_loop/slowest/tool_calls:0.0 - timing_s/agent_loop/slowest/prompt_length:3350 - timing_s/agent_loop/slowest/response_length:1018 - timing_s/gen:38.422093225992285 - timing_s/adv:22.76629680104088 - timing_s/update_actor:311.4581293450319 - timing_s/dump_rollout_generations:0.054776737990323454 - timing_s/step:372.72834726795554 - timing_s/stop_profile:3.078195732086897e-05 - timing_per_token_ms/update_actor:0.9051647224418958 - timing_per_token_ms/gen:2.0542179868473207 - timing_per_token_ms/adv:0.06616378505926031 - perf/total_num_tokens:344090 - perf/time_per_step:372.72834726795554 - perf/throughput:461.58281563788955
[36m(TaskRunner pid=229704)[0m Dumped generations to /sfs/weka/scratch/nkw3mr/Vision-OPD-OPSA/rollouts/Aha-center-Qwen3.5-4B-6karmA/15.jsonl
[36m(TaskRunner pid=229704)[0m local_global_step_folder: /sfs/weka/scratch/nkw3mr/Vision-OPD-OPSA/checkpoints/Aha-center-Qwen3.5-4B-6karmA/global_step_15
[36m(TaskRunner pid=229704)[0m step:15 - global_seqlen/min:344801 - global_seqlen/max:344801 - global_seqlen/minmax_diff:0 - global_seqlen/balanced_min:344801 - global_seqlen/balanced_max:344801 - global_seqlen/mean:344801.0 - self_distillation/teacher_always_on_fraction:1.0 - self_distillation/teacher_image_swap_fraction:1.0 - self_distillation/policy_fallback_fraction:0.0 - self_distillation/grpo_fallback_count:0.0 - rollout_corr/rollout_is_mean:1.0 - rollout_corr/rollout_is_ratio_fraction_high:0.0 - rollout_corr/rollout_is_ratio_fraction_low:0.0 - rollout_corr/rollout_is_max:1.0 - rollout_corr/rollout_is_min:1.0 - rollout_corr/rollout_is_std:0.0 - rollout_corr/rollout_is_eff_sample_size:1.0 - rollout_corr/rollout_is_seq_mean:1.0 - rollout_corr/rollout_is_seq_std:0.0 - rollout_corr/rollout_is_seq_max:1.0 - rollout_corr/rollout_is_seq_min:1.0 - rollout_corr/rollout_is_seq_max_deviation:0.0 - rollout_corr/rollout_is_seq_fraction_high:0.0 - rollout_corr/rollout_is_seq_fraction_low:0.0 - rollout_corr/training_ppl:2.348256660004457 - rollout_corr/training_log_ppl:0.816518765874207 - rollout_corr/kl:0.01067344731442669 - rollout_corr/k3_kl:0.030959250216255896 - rollout_corr/rollout_ppl:2.314613594363133 - rollout_corr/rollout_log_ppl:0.8058453118428588 - rollout_corr/log_ppl_diff:0.010673454031348228 - rollout_corr/log_ppl_abs_diff:0.04230869188904762 - rollout_corr/log_ppl_diff_max:0.14042234420776367 - rollout_corr/log_ppl_diff_min:-0.2508953809738159 - rollout_corr/ppl_ratio:1.0124828505019348 - rollout_corr/chi2_token:0.12578188069164753 - rollout_corr/chi2_seq:1.3572324172904093 - actor/pg_loss:0.216446346033384 - actor/kl_loss:0.0 - actor/grpo_loss:0.0 - actor/vopd_loss:0.216446346033384 - actor/vopd_loss_weighted:0.216446346033384 - actor/policy_fallback_fraction:0.0 - aha/u_mean:-0.8763912349168095 - aha/u_neg_valley_frac:0.5324893312839171 - aha/floor_clamped_frac:0.0 - aha/q_tail_mass:0.011565974372324797 - aha/u_centered_mean:-0.6065600229000362 - aha/u_centered_absmean:1.0137944280480344 - aha/u_centered_wmean:-1.649715579522699e-08 - aha/argmax_conf:0.9686248898506165 - self_distillation/raw_jsd_token_mean:0.21644634603338395 - self_distillation/weighted_jsd_token_mean:0.21644634603338395 - self_distillation/self_distillation_mask.mean():1.0 - self_distillation/num_distill_tokens:209.03125 - self_distillation/empty_target_batch:0.0 - actor/grad_norm:1.0009371042251587 - timing_s/update_actor/student_forward:43.27035411493853 - timing_s/update_actor/teacher_forward:73.53248841292225 - timing_s/update_actor/teacher_full_forward:0.0 - timing_s/update_actor/teacher_null_forward:60.74112996907206 - timing_s/update_actor/loss_compute:0.057275581115391105 - timing_s/update_actor/backward:92.79699876799714 - timing_s/update_actor/optimizer_step:0.0855208290158771 - timing_s/update_actor/teacher_ema_update:5.7519006077200174e-05 - perf/mfu/actor:0.0 - perf/max_memory_allocated_gb:83.69644260406494 - perf/max_memory_reserved_gb:95.62109375 - perf/cpu_memory_used_gb:343.1199264526367 - actor/lr:2e-06 - training/global_step:15 - training/epoch:0 - response_length/mean:209.03125 - response_length/max:1024.0 - response_length/min:4.0 - response_length/clip_ratio:0.0416666679084301 - response_length_non_aborted/mean:209.03125 - response_length_non_aborted/max:1024.0 - response_length_non_aborted/min:4.0 - response_length_non_aborted/clip_ratio:0.0416666679084301 - response/aborted_ratio:0.0 - prompt_length/mean:3382.645751953125 - prompt_length/max:3970.0 - prompt_length/min:3156.0 - prompt_length/clip_ratio:0.0 - num_turns/min:2 - num_turns/max:2 - num_turns/mean:2.0 - timing_s/start_profile:4.716502735391259e-05 - timing_s/agent_loop/generate_sequences/min:7.4216855260310695 - timing_s/agent_loop/generate_sequences/max:25.13368372397963 - timing_s/agent_loop/generate_sequences/mean:14.605818220446963 - timing_s/agent_loop/tool_calls/min:0.0 - timing_s/agent_loop/tool_calls/max:0.0 - timing_s/agent_loop/tool_calls/mean:0.0 - timing_s/agent_loop/slowest/generate_sequences:25.13368372397963 - timing_s/agent_loop/slowest/tool[36m(WorkerDict pid=262791)[0m /sfs/weka/scratch/nkw3mr/Vision-OPD-OPSA/verl/utils/device.py:134: FutureWarning: torch.cuda._set_allocator_settings is deprecated. Use torch._C._accelerator_setAllocatorSettings instead.
[36m(WorkerDict pid=262791)[0m   torch.cuda.memory._set_allocator_settings(f"expandable_segments:{enable}")
[36m(TaskRunner pid=229704)[0m Training Progress:  31%|███▏      | 16/51 [1:39:23<3:40:56, 378.75s/it]
[36m(WorkerDict pid=262772)[0m /sfs/weka/scratch/nkw3mr/Vision-OPD-OPSA/verl/utils/device.py:134: FutureWarning: torch.cuda._set_allocator_settings is deprecated. Use torch._C._accelerator_setAllocatorSettings instead.
[36m(WorkerDict pid=262772)[0m   torch.cuda.memory._set_allocator_settings(f"expandable_segments:{enable}")
[36m(TaskRunner pid=229704)[0m Training Progress:  33%|███▎      | 17/51 [1:45:30<3:32:31, 375.05s/it]
_calls:0.0 - timing_s/agent_loop/slowest/prompt_length:3391 - timing_s/agent_loop/slowest/response_length:1019 - timing_s/gen:36.74586821399862 - timing_s/adv:24.59234502405161 - timing_s/update_actor:309.2027625250048 - timing_s/dump_rollout_generations:0.05597569199744612 - timing_s/step:370.6250898169819 - timing_s/save_checkpoint:17.64263891900191 - timing_s/stop_profile:3.0422001145780087e-05 - timing_per_token_ms/update_actor:0.8967571512988791 - timing_per_token_ms/gen:1.8311590279562775 - timing_per_token_ms/adv:0.07132329959614854 - perf/total_num_tokens:344801 - perf/time_per_step:370.6250898169819 - perf/throughput:465.16143870651865
[36m(TaskRunner pid=229704)[0m Dumped generations to /sfs/weka/scratch/nkw3mr/Vision-OPD-OPSA/rollouts/Aha-center-Qwen3.5-4B-6karmA/16.jsonl
[36m(TaskRunner pid=229704)[0m step:16 - global_seqlen/min:343125 - global_seqlen/max:343125 - global_seqlen/minmax_diff:0 - global_seqlen/balanced_min:343125 - global_seqlen/balanced_max:343125 - global_seqlen/mean:343125.0 - self_distillation/teacher_always_on_fraction:1.0 - self_distillation/teacher_image_swap_fraction:1.0 - self_distillation/policy_fallback_fraction:0.0 - self_distillation/grpo_fallback_count:0.0 - rollout_corr/rollout_is_mean:1.0 - rollout_corr/rollout_is_ratio_fraction_high:0.0 - rollout_corr/rollout_is_ratio_fraction_low:0.0 - rollout_corr/rollout_is_max:1.0 - rollout_corr/rollout_is_min:1.0 - rollout_corr/rollout_is_std:0.0 - rollout_corr/rollout_is_eff_sample_size:1.0 - rollout_corr/rollout_is_seq_mean:1.0 - rollout_corr/rollout_is_seq_std:0.0 - rollout_corr/rollout_is_seq_max:1.0 - rollout_corr/rollout_is_seq_min:1.0 - rollout_corr/rollout_is_seq_max_deviation:0.0 - rollout_corr/rollout_is_seq_fraction_high:0.0 - rollout_corr/rollout_is_seq_fraction_low:0.0 - rollout_corr/training_ppl:2.2593448969225087 - rollout_corr/training_log_ppl:0.7248626083601266 - rollout_corr/kl:-0.00614517096922403 - rollout_corr/k3_kl:0.03398008747366058 - rollout_corr/rollout_ppl:2.234851931532224 - rollout_corr/rollout_log_ppl:0.7310077769992253 - rollout_corr/log_ppl_diff:-0.006145168639098604 - rollout_corr/log_ppl_abs_diff:0.04935637636420628 - rollout_corr/log_ppl_diff_max:0.14956283569335938 - rollout_corr/log_ppl_diff_min:-0.289375901222229 - rollout_corr/ppl_ratio:0.9963467735797167 - rollout_corr/chi2_token:0.19556117368241152 - rollout_corr/chi2_seq:23.82763463879625 - actor/pg_loss:0.17424964971723977 - actor/kl_loss:0.0 - actor/grpo_loss:0.0 - actor/vopd_loss:0.17424964971723977 - actor/vopd_loss_weighted:0.17424964971723977 - actor/policy_fallback_fraction:0.0 - aha/u_mean:-1.23517447981673 - aha/u_neg_valley_frac:0.5255363740337392 - aha/floor_clamped_frac:0.0 - aha/q_tail_mass:0.015457579139689889 - aha/u_centered_mean:-0.7112573240107546 - aha/u_centered_absmean:1.0413355448593695 - aha/u_centered_wmean:-3.064925867500105e-08 - aha/argmax_conf:0.9460471868515015 - self_distillation/raw_jsd_token_mean:0.17424964971723966 - self_distillation/weighted_jsd_token_mean:0.17424964971723966 - self_distillation/self_distillation_mask.mean():1.0 - self_distillation/num_distill_tokens:153.65625 - self_distillation/empty_target_batch:0.0 - actor/grad_norm:3.4741368293762207 - timing_s/update_actor/student_forward:54.59344933292596 - timing_s/update_actor/teacher_forward:69.88866091781529 - timing_s/update_actor/teacher_full_forward:0.0 - timing_s/update_actor/teacher_null_forward:60.17703510506544 - timing_s/update_actor/loss_compute:0.057068710855674 - timing_s/update_actor/backward:86.9896548492834 - timing_s/update_actor/optimizer_step:0.08489508798811585 - timing_s/update_actor/teacher_ema_update:3.3585994970053434e-05 - perf/mfu/actor:0.0 - perf/max_memory_allocated_gb:83.69644260406494 - perf/max_memory_reserved_gb:95.62109375 - perf/cpu_memory_used_gb:373.88914489746094 - actor/lr:2e-06 - training/global_step:16 - training/epoch:0 - response_length/mean:153.65625 - response_length/max:1024.0 - response_length/min:4.0 - response_length/clip_ratio:0.03125 - response_length_non_aborted/mean:153.65625 - response_length_non_aborted/max:1024.0 - response_length_non_aborted/min:4.0 - response_length_non_aborted/clip_ratio:0.03125 - response/aborted_ratio:0.0 - prompt_length/mean:3420.5625 - prompt_length/max:4018.0 - prompt_length/min:3171.0 - prompt_length/clip_ratio:0.0 - num_turns/min:2 - num_turns/max:2 - num_turns/mean:2.0 - timing_s/start_profile:2.6636989787220955e-05 - timing_s/agent_loop/generate_sequences/min:2.9409217039938085 - timing_s/agent_loop/generate_sequences/max:24.674836259975564 - timing_s/agent_loop/generate_sequences/mean:12.98529106735623 - timing_s/agent_loop/tool_calls/min:0.0 - timing_s/agent_loop/tool_calls/max:0.0 - timing_s/agent_loop/tool_calls/mean:0.0 - timing_s/agent_loop/slowest/generate_sequences:24.674836259975564 - timing_s/agent_loop/slowest/tool_calls:0.0 - timing_s/agent_loop/slowest/prompt_length:4003 - timing_s/agent_loop/slowest/response_length:1024 - timing_s/gen:34.01626543002203 - timing_s/adv:22.686830532969907 - timing_s/update_actor:320.1923221020261 - timing_s/dump_rollout_generations:0.062378045986406505 - timing_s/step:376.9810302610276 - timing_s/stop_profile:3.134302096441388e-05 - timing_per_token_ms/update_actor:0.9331652374558137 - timing_per_token_ms/gen:2.3060311456865317 - timing_per_token_ms/adv:0.06611826749135127 - perf/total_num_tokens:343125 - perf/time_per_step:376.9810302610276 - perf/throughput:455.0958436322576
[36m(TaskRunner pid=229704)[0m Dumped generations to /sfs/weka/scratch/nkw3mr/Vision-OPD-OPSA/rollouts/Aha-center-Qwen3.5-4B-6karmA/17.jsonl
[36m(TaskRunner pid=229704)[0m step:17 - global_seqlen/min:346841 - global_seqlen/max:346841 - global_seqlen/minmax_diff:0 - global_seqlen/balanced_min:346841 - global_seqlen/balanced_max:346841 - global_seqlen/mean:346841.0 - self_distillation/teacher_always_on_fraction:1.0 - self_distillation/teacher_image_swap_fraction:1.0 - self_distillation/policy_fallback_fraction:0.0 - self_distillation/grpo_fallback_count:0.0 - rollout_corr/rollout_is_mean:1.0 - rollout_corr/rollout_is_ratio_fraction_high:0.0 - rollout_corr/rollout_is_ratio_fraction_low:0.0 - rollout_corr/rollout_is_max:1.0 - rollout_corr/rollout_is_min:1.0 - rollout_corr/rollout_is_std:0.0 - rollout_corr/rollout_is_eff_sample_size:1.0 - rollout_corr/rollout_is_seq_mean:1.0 - rollout_corr/rollout_is_seq_std:0.0 - rollout_corr/rollout_is_seq_max:1.0 - rollout_corr/rollout_is_seq_min:1.0 - rollout_corr/rollout_is_seq_max_deviation:0.0 - rollout_corr/rollout_is_seq_fraction_high:0.0 - rollout_corr/rollout_is_seq_fraction_low:0.0 - rollout_corr/training_ppl:2.6439730897545815 - rollout_corr/training_log_ppl:0.8871003892272711 - rollout_corr/kl:0.01581292821841392 - rollout_corr/k3_kl:0.029036124285388116 - rollout_corr/rollout_ppl:2.59187883635362 - rollout_corr/rollout_log_ppl:0.8712874675790468 - rollout_corr/log_ppl_diff:0.015812921648224194 - rollout_corr/log_ppl_abs_diff:0.03735622949898243 - rollout_corr/log_ppl_diff_max:0.16696065664291382 - rollout_corr/log_ppl_diff_min:-0.2219313383102417 - rollout_corr/ppl_ratio:1.017135148247083 - rollout_corr/chi2_token:0.11985869146883488 - rollout_corr/chi2_seq:2.5366197216014066 - actor/pg_loss:0.20889495604690947 - actor/kl_loss:0.0 - actor/grpo_loss:0.0 - actor/vopd_loss:0.20889495604690947 - actor/vopd_loss_weighted:0.20889495604690947 - actor/policy_fallback_fraction:0.0 - aha/u_mean:-0.8999843375446895 - aha/u_neg_valley_frac:0.5338645827335616 - aha/floor_clamped_frac:0.0 - aha/q_tail_mass:0.008936078018425478 - aha/u_centered_mean:-0.6175240714801475 - aha/u_centered_absmean:1.0084367752230416 - aha/u_centered_wmean:-2.329498745261514e-08 - aha/argmax_conf:0.9762049317359924 - self_distillation/raw_jsd_token_mean:0.2088949560469094 - self_distillation/weighted_jsd_token_mean:0.2088949560469094 - self_distillation/self_distillation_mask.mean():1.0 - self_distillation/num_distill_tokens:168.84375 - self_distillation/empty_target_batch:0.0 - actor/grad_norm:1.1104891300201416 - timing_s/update_actor/student_forward:57.47912050620653 - timing_s/update_actor/teacher_forward:64.85388692904962 - timing_s/update_actor/teacher_full_forward:0.0 - timing_s/update_actor/teacher_null_forward:62.71329280396458 - timing_s/update_actor/loss_compute:0.05791798618156463 - timing_s/update_actor/backward:88.34269170823973 - timing_s/update_actor/optimizer_step:0.08522194699617103 - timing_s/update_actor/teacher_ema_update:4.203803837299347e-05 - perf/mfu/actor:0.0 - perf/max_memory_allocated_gb:84.20336103439331 - perf/max_memory_reserved_gb:96.677734375 - perf/cpu_memory_used_gb:346.0045051574707 - actor/lr:2e-06 - training/global_step:17 - training/epoch:0 - response_length/mean:168.84375 - response_length/max:1024.0 - response_length/min:4.0 - response_length/clip_ratio:0.02083333395421505 - response_length_non_aborted/mean:168.84375 - response_length_non_aborted/max:1024.0 - response_length_non_aborted/min:4.0 - response_length_non_aborted/clip_ratio:0.02083333395421505 - response/aborted_ratio:0.0 - prompt_length/mean:3444.083251953125 - prompt_length/max:5887.0 - prompt_length/min:3204.0 - prompt_length/clip_ratio:0.0 - num_turns/min:2 - num_turns/max:2 - num_turns/mean:2.0 - timing_s/start_profile:3.190402640029788e-05 - timing_s/agent_loop/generate_sequences/min:6.776558701007161 - timing_s/agent_loop/generate_sequences/max:22.69060328102205 - timing_s/agent_loop/generate_sequences/mean:13.729186144186315 - timing_s/agent_loop/tool_calls/min:0.0 - timing_s/agent_loop/tool_calls/max:0.0 - timing_s/agent_loop/tool_calls/mean:0.0 - timing_s/agent_loop/slowest/generate_sequences:22.69060328102205 - timing_s/agent_loop/slowest[36m(TaskRunner pid=229704)[0m Training Progress:  35%|███▌      | 18/51 [1:51:35<3:24:38, 372.07s/it]
[36m(TaskRunner pid=229704)[0m Training Progress:  37%|███▋      | 19/51 [1:57:43<3:17:46, 370.81s/it]
/tool_calls:0.0 - timing_s/agent_loop/slowest/prompt_length:3360 - timing_s/agent_loop/slowest/response_length:1024 - timing_s/gen:36.23947825899813 - timing_s/adv:18.42513768200297 - timing_s/update_actor:311.347264394979 - timing_s/dump_rollout_generations:0.05388863297412172 - timing_s/step:366.09484783699736 - timing_s/stop_profile:2.370303263887763e-05 - timing_per_token_ms/update_actor:0.8976656865681364 - timing_per_token_ms/gen:2.2357627403910256 - timing_per_token_ms/adv:0.05312272102203306 - perf/total_num_tokens:346841 - perf/time_per_step:366.09484783699736 - perf/throughput:473.70374378285425
[36m(TaskRunner pid=229704)[0m Dumped generations to /sfs/weka/scratch/nkw3mr/Vision-OPD-OPSA/rollouts/Aha-center-Qwen3.5-4B-6karmA/18.jsonl
[36m(TaskRunner pid=229704)[0m step:18 - global_seqlen/min:343994 - global_seqlen/max:343994 - global_seqlen/minmax_diff:0 - global_seqlen/balanced_min:343994 - global_seqlen/balanced_max:343994 - global_seqlen/mean:343994.0 - self_distillation/teacher_always_on_fraction:1.0 - self_distillation/teacher_image_swap_fraction:1.0 - self_distillation/policy_fallback_fraction:0.0 - self_distillation/grpo_fallback_count:0.0 - rollout_corr/rollout_is_mean:1.0 - rollout_corr/rollout_is_ratio_fraction_high:0.0 - rollout_corr/rollout_is_ratio_fraction_low:0.0 - rollout_corr/rollout_is_max:1.0 - rollout_corr/rollout_is_min:1.0 - rollout_corr/rollout_is_std:0.0 - rollout_corr/rollout_is_eff_sample_size:1.0 - rollout_corr/rollout_is_seq_mean:1.0 - rollout_corr/rollout_is_seq_std:0.0 - rollout_corr/rollout_is_seq_max:1.0 - rollout_corr/rollout_is_seq_min:1.0 - rollout_corr/rollout_is_seq_max_deviation:0.0 - rollout_corr/rollout_is_seq_fraction_high:0.0 - rollout_corr/rollout_is_seq_fraction_low:0.0 - rollout_corr/training_ppl:2.3909908942878246 - rollout_corr/training_log_ppl:0.8379289545118809 - rollout_corr/kl:0.0252350037380135 - rollout_corr/k3_kl:0.028596135273498174 - rollout_corr/rollout_ppl:2.326260894536972 - rollout_corr/rollout_log_ppl:0.8126939401651422 - rollout_corr/log_ppl_diff:0.025235014346738655 - rollout_corr/log_ppl_abs_diff:0.032975616243978344 - rollout_corr/log_ppl_diff_max:0.20103949308395386 - rollout_corr/log_ppl_diff_min:-0.16284498572349548 - rollout_corr/ppl_ratio:1.0264018718153238 - rollout_corr/chi2_token:0.08612673295040925 - rollout_corr/chi2_seq:16.296641457205016 - actor/pg_loss:0.23660616361303258 - actor/kl_loss:0.0 - actor/grpo_loss:0.0 - actor/vopd_loss:0.23660616361303258 - actor/vopd_loss_weighted:0.23660616361303258 - actor/policy_fallback_fraction:0.0 - aha/u_mean:-0.9760756750183646 - aha/u_neg_valley_frac:0.5441552361783882 - aha/floor_clamped_frac:0.0 - aha/q_tail_mass:0.021899157237246964 - aha/u_centered_mean:-0.6704689488591006 - aha/u_centered_absmean:1.0933230264733236 - aha/u_centered_wmean:-1.7240149644108988e-08 - aha/argmax_conf:0.9769846796989441 - self_distillation/raw_jsd_token_mean:0.23660616361303255 - self_distillation/weighted_jsd_token_mean:0.23660616361303255 - self_distillation/self_distillation_mask.mean():1.0 - self_distillation/num_distill_tokens:170.66666666666666 - self_distillation/empty_target_batch:0.0 - actor/grad_norm:1.377860426902771 - timing_s/update_actor/student_forward:47.43317142216256 - timing_s/update_actor/teacher_forward:68.07685891189612 - timing_s/update_actor/teacher_full_forward:0.0 - timing_s/update_actor/teacher_null_forward:63.94537766085705 - timing_s/update_actor/loss_compute:0.05919307691510767 - timing_s/update_actor/backward:86.7817056660424 - timing_s/update_actor/optimizer_step:0.08514480199664831 - timing_s/update_actor/teacher_ema_update:4.9798982217907906e-05 - perf/mfu/actor:0.0 - perf/max_memory_allocated_gb:84.20336103439331 - perf/max_memory_reserved_gb:96.677734375 - perf/cpu_memory_used_gb:374.0593681335449 - actor/lr:2e-06 - training/global_step:18 - training/epoch:0 - response_length/mean:170.6666717529297 - response_length/max:1024.0 - response_length/min:4.0 - response_length/clip_ratio:0.010416666977107525 - response_length_non_aborted/mean:170.6666717529297 - response_length_non_aborted/max:1024.0 - response_length_non_aborted/min:4.0 - response_length_non_aborted/clip_ratio:0.010416666977107525 - response/aborted_ratio:0.0 - prompt_length/mean:3412.604248046875 - prompt_length/max:4477.0 - prompt_length/min:3207.0 - prompt_length/clip_ratio:0.0 - num_turns/min:2 - num_turns/max:2 - num_turns/mean:2.0 - timing_s/start_profile:4.8125977627933025e-05 - timing_s/agent_loop/generate_sequences/min:4.4031119459541515 - timing_s/agent_loop/generate_sequences/max:23.231916170974728 - timing_s/agent_loop/generate_sequences/mean:14.232253202477901 - timing_s/agent_loop/tool_calls/min:0.0 - timing_s/agent_loop/tool_calls/max:0.0 - timing_s/agent_loop/tool_calls/mean:0.0 - timing_s/agent_loop/slowest/generate_sequences:23.231916170974728 - timing_s/agent_loop/slowest/tool_calls:0.0 - timing_s/agent_loop/slowest/prompt_length:3350 - timing_s/agent_loop/slowest/response_length:1024 - timing_s/gen:35.896192830987275 - timing_s/adv:22.39192208100576 - timing_s/update_actor:306.3757162570255 - timing_s/dump_rollout_generations:0.052644053008407354 - timing_s/step:364.7404189039953 - timing_s/stop_profile:2.3291970137506723e-05 - timing_per_token_ms/update_actor:0.8906426166067591 - timing_per_token_ms/gen:2.190929738219438 - timing_per_token_ms/adv:0.0650939321063907 - perf/total_num_tokens:343994 - perf/time_per_step:364.7404189039953 - perf/throughput:471.56002210238177
[36m(TaskRunner pid=229704)[0m Dumped generations to /sfs/weka/scratch/nkw3mr/Vision-OPD-OPSA/rollouts/Aha-center-Qwen3.5-4B-6karmA/19.jsonl
[36m(TaskRunner pid=229704)[0m step:19 - global_seqlen/min:339829 - global_seqlen/max:339829 - global_seqlen/minmax_diff:0 - global_seqlen/balanced_min:339829 - global_seqlen/balanced_max:339829 - global_seqlen/mean:339829.0 - self_distillation/teacher_always_on_fraction:1.0 - self_distillation/teacher_image_swap_fraction:1.0 - self_distillation/policy_fallback_fraction:0.0 - self_distillation/grpo_fallback_count:0.0 - rollout_corr/rollout_is_mean:1.0 - rollout_corr/rollout_is_ratio_fraction_high:0.0 - rollout_corr/rollout_is_ratio_fraction_low:0.0 - rollout_corr/rollout_is_max:1.0 - rollout_corr/rollout_is_min:1.0 - rollout_corr/rollout_is_std:0.0 - rollout_corr/rollout_is_eff_sample_size:1.0 - rollout_corr/rollout_is_seq_mean:1.0 - rollout_corr/rollout_is_seq_std:0.0 - rollout_corr/rollout_is_seq_max:1.0 - rollout_corr/rollout_is_seq_min:1.0 - rollout_corr/rollout_is_seq_max_deviation:0.0 - rollout_corr/rollout_is_seq_fraction_high:0.0 - rollout_corr/rollout_is_seq_fraction_low:0.0 - rollout_corr/training_ppl:2.6590075132747493 - rollout_corr/training_log_ppl:0.9185284421158334 - rollout_corr/kl:0.02840524651067729 - rollout_corr/k3_kl:0.02632174201039561 - rollout_corr/rollout_ppl:2.582580141723156 - rollout_corr/rollout_log_ppl:0.8901231861673295 - rollout_corr/log_ppl_diff:0.02840525594850381 - rollout_corr/log_ppl_abs_diff:0.03258784922460715 - rollout_corr/log_ppl_diff_max:0.12240689992904663 - rollout_corr/log_ppl_diff_min:-0.1289987564086914 - rollout_corr/ppl_ratio:1.029260226835807 - rollout_corr/chi2_token:0.054259774585564934 - rollout_corr/chi2_seq:-0.7292784874637922 - actor/pg_loss:0.2313338523332884 - actor/kl_loss:0.0 - actor/grpo_loss:0.0 - actor/vopd_loss:0.2313338523332884 - actor/vopd_loss_weighted:0.2313338523332884 - actor/policy_fallback_fraction:0.0 - aha/u_mean:-0.9178773029149548 - aha/u_neg_valley_frac:0.5376791483722627 - aha/floor_clamped_frac:0.0 - aha/q_tail_mass:0.011487946127545001 - aha/u_centered_mean:-0.6715326632838696 - aha/u_centered_absmean:1.0949787353165448 - aha/u_centered_wmean:-1.3132927666655489e-08 - aha/argmax_conf:0.9764274954795837 - self_distillation/raw_jsd_token_mean:0.23133385233328832 - self_distillation/weighted_jsd_token_mean:0.23133385233328832 - self_distillation/self_distillation_mask.mean():1.0 - self_distillation/num_distill_tokens:155.23958333333334 - self_distillation/empty_target_batch:0.0 - actor/grad_norm:1.766042709350586 - timing_s/update_actor/student_forward:56.2165941025014 - timing_s/update_actor/teacher_forward:71.52914895111462 - timing_s/update_actor/teacher_full_forward:0.0 - timing_s/update_actor/teacher_null_forward:54.95207058615051 - timing_s/update_actor/loss_compute:0.055035681114532053 - timing_s/update_actor/backward:85.67487056611571 - timing_s/update_actor/optimizer_step:0.0845507990452461 - timing_s/update_actor/teacher_ema_update:3.4217024222016335e-05 - perf/mfu/actor:0.0 - perf/max_memory_allocated_gb:84.20336103439331 - perf/max_memory_reserved_gb:96.677734375 - perf/cpu_memory_used_gb:344.5389060974121 - actor/lr:2e-06 - training/global_step:19 - training/epoch:0 - response_length/mean:155.2395782470703 - response_length/max:1024.0 - response_length/min:4.0 - response_length/clip_ratio:0.010416666977107525 - response_length_non_aborted/mean:155.2395782470703 - response_length_non_aborted/max:1024.0 - response_length_non_aborted/min:4.0 - response_length_non_aborted/clip_ratio:0.010416666977107525 - response/aborted_ratio:0.0 - prompt_length/mean:3384.645751953125 - prompt_length/max:3959.0 - prompt_length/min:3342.0 - prompt_length/clip_ratio:0.0 - num_turns/min:2 - num_turns/max:2 - num_turns/mean:2.0 - timing_s/start_profile:2.4242966901510954e-05 - timing_s/agent_loop/generate_sequences/min:6.542933748976793 - timing_s/agent_loop/generate_sequences/max:24.15632358303992 - timing_s/agent_loop/generate_sequences/mean:14.55153675313401 - timing_s/agent_loop/tool_calls/min:0.0 - timing_s/agent_loop/tool_calls/max:0.0 - timing_s/agent_loop/tool_calls/mean:0.0 - timing_s/agent_loop/slowest/generate_sequences:24.15632358303992 - [36m(TaskRunner pid=229704)[0m Training Progress:  39%|███▉      | 20/51 [2:04:07<3:13:36, 374.71s/it]
[36m(WorkerDict pid=262791)[0m /sfs/weka/scratch/nkw3mr/Vision-OPD-OPSA/verl/utils/device.py:134: FutureWarning: torch.cuda._set_allocator_settings is deprecated. Use torch._C._accelerator_setAllocatorSettings instead.
[36m(WorkerDict pid=262791)[0m   torch.cuda.memory._set_allocator_settings(f"expandable_segments:{enable}")
[36m(TaskRunner pid=229704)[0m Training Progress:  41%|████      | 21/51 [2:10:13<3:06:09, 372.32s/it]
[36m(WorkerDict pid=262772)[0m /sfs/weka/scratch/nkw3mr/Vision-OPD-OPSA/verl/utils/device.py:134: FutureWarning: torch.cuda._set_allocator_settings is deprecated. Use torch._C._accelerator_setAllocatorSettings instead.
[36m(WorkerDict pid=262772)[0m   torch.cuda.memory._set_allocator_settings(f"expandable_segments:{enable}")
timing_s/agent_loop/slowest/tool_calls:0.0 - timing_s/agent_loop/slowest/prompt_length:3362 - timing_s/agent_loop/slowest/response_length:1024 - timing_s/gen:34.66766327503137 - timing_s/adv:24.818586831970606 - timing_s/update_actor:307.94545558601385 - timing_s/dump_rollout_generations:0.05660912801977247 - timing_s/step:367.51977058599005 - timing_s/stop_profile:3.109301906079054e-05 - timing_per_token_ms/update_actor:0.9061776822637675 - timing_per_token_ms/gen:2.326220443872467 - timing_per_token_ms/adv:0.07303257471248953 - perf/total_num_tokens:339829 - perf/time_per_step:367.51977058599005 - perf/throughput:462.3275088822587
[36m(TaskRunner pid=229704)[0m Dumped generations to /sfs/weka/scratch/nkw3mr/Vision-OPD-OPSA/rollouts/Aha-center-Qwen3.5-4B-6karmA/20.jsonl
[36m(TaskRunner pid=229704)[0m local_global_step_folder: /sfs/weka/scratch/nkw3mr/Vision-OPD-OPSA/checkpoints/Aha-center-Qwen3.5-4B-6karmA/global_step_20
[36m(TaskRunner pid=229704)[0m step:20 - global_seqlen/min:343118 - global_seqlen/max:343118 - global_seqlen/minmax_diff:0 - global_seqlen/balanced_min:343118 - global_seqlen/balanced_max:343118 - global_seqlen/mean:343118.0 - self_distillation/teacher_always_on_fraction:1.0 - self_distillation/teacher_image_swap_fraction:1.0 - self_distillation/policy_fallback_fraction:0.0 - self_distillation/grpo_fallback_count:0.0 - rollout_corr/rollout_is_mean:1.0 - rollout_corr/rollout_is_ratio_fraction_high:0.0 - rollout_corr/rollout_is_ratio_fraction_low:0.0 - rollout_corr/rollout_is_max:1.0 - rollout_corr/rollout_is_min:1.0 - rollout_corr/rollout_is_std:0.0 - rollout_corr/rollout_is_eff_sample_size:1.0 - rollout_corr/rollout_is_seq_mean:1.0 - rollout_corr/rollout_is_seq_std:0.0 - rollout_corr/rollout_is_seq_max:1.0 - rollout_corr/rollout_is_seq_min:1.0 - rollout_corr/rollout_is_seq_max_deviation:0.0 - rollout_corr/rollout_is_seq_fraction_high:0.0 - rollout_corr/rollout_is_seq_fraction_low:0.0 - rollout_corr/training_ppl:2.536947681258122 - rollout_corr/training_log_ppl:0.8913438202192386 - rollout_corr/kl:0.0211969954370943 - rollout_corr/k3_kl:0.028000916020876804 - rollout_corr/rollout_ppl:2.4817953358093896 - rollout_corr/rollout_log_ppl:0.8701468175277114 - rollout_corr/log_ppl_diff:0.021197002691527207 - rollout_corr/log_ppl_abs_diff:0.03247354086488485 - rollout_corr/log_ppl_diff_max:0.09523606300354004 - rollout_corr/log_ppl_diff_min:-0.21582001447677612 - rollout_corr/ppl_ratio:1.022108576570948 - rollout_corr/chi2_token:0.09209701356788476 - rollout_corr/chi2_seq:24.312788262342412 - actor/pg_loss:0.22712586611548125 - actor/kl_loss:0.0 - actor/grpo_loss:0.0 - actor/vopd_loss:0.22712586611548125 - actor/vopd_loss_weighted:0.22712586611548125 - actor/policy_fallback_fraction:0.0 - aha/u_mean:-0.9885806894017151 - aha/u_neg_valley_frac:0.5516404928639531 - aha/floor_clamped_frac:0.0 - aha/q_tail_mass:0.013028517850178408 - aha/u_centered_mean:-0.6686735957240065 - aha/u_centered_absmean:1.0960203570624192 - aha/u_centered_wmean:-1.4361081349285876e-08 - aha/argmax_conf:0.9741356372833252 - self_distillation/raw_jsd_token_mean:0.22712586611548127 - self_distillation/weighted_jsd_token_mean:0.22712586611548127 - self_distillation/self_distillation_mask.mean():1.0 - self_distillation/num_distill_tokens:172.91666666666666 - self_distillation/empty_target_batch:0.0 - actor/grad_norm:1.2711533308029175 - timing_s/update_actor/student_forward:55.95365040667821 - timing_s/update_actor/teacher_forward:70.95168969372753 - timing_s/update_actor/teacher_full_forward:0.0 - timing_s/update_actor/teacher_null_forward:54.825890848063864 - timing_s/update_actor/loss_compute:0.05504718312295154 - timing_s/update_actor/backward:86.51935589307686 - timing_s/update_actor/optimizer_step:0.08492409996688366 - timing_s/update_actor/teacher_ema_update:3.4397991839796305e-05 - perf/mfu/actor:0.0 - perf/max_memory_allocated_gb:84.20336103439331 - perf/max_memory_reserved_gb:96.677734375 - perf/cpu_memory_used_gb:360.9667510986328 - actor/lr:2e-06 - training/global_step:20 - training/epoch:0 - response_length/mean:172.9166717529297 - response_length/max:1024.0 - response_length/min:4.0 - response_length/clip_ratio:0.0416666679084301 - response_length_non_aborted/mean:172.9166717529297 - response_length_non_aborted/max:1024.0 - response_length_non_aborted/min:4.0 - response_length_non_aborted/clip_ratio:0.0416666679084301 - response/aborted_ratio:0.0 - prompt_length/mean:3401.229248046875 - prompt_length/max:4475.0 - prompt_length/min:3204.0 - prompt_length/clip_ratio:0.0 - num_turns/min:2 - num_turns/max:2 - num_turns/mean:2.0 - timing_s/start_profile:4.5662978664040565e-05 - timing_s/agent_loop/generate_sequences/min:6.747025394986849 - timing_s/agent_loop/generate_sequences/max:25.196479589969385 - timing_s/agent_loop/generate_sequences/mean:13.785028583308303 - timing_s/agent_loop/tool_calls/min:0.0 - timing_s/agent_loop/tool_calls/max:0.0 - timing_s/agent_loop/tool_calls/mean:0.0 - timing_s/agent_loop/slowest/generate_sequences:25.196479589969385 - timing_s/agent_loop/slowest/tool_calls:0.0 - timing_s/agent_loop/slowest/prompt_length:3349 - timing_s/agent_loop/slowest/response_length:1024 - timing_s/gen:35.338407333998475 - timing_s/adv:20.656726147048175 - timing_s/update_actor:307.5649761490058 - timing_s/dump_rollout_generations:0.055912937968969345 - timing_s/step:363.63904177898075 - timing_s/save_checkpoint:19.799226299976 - timing_s/stop_profile:2.8838985599577427e-05 - timing_per_token_ms/update_actor:0.8963825160702902 - timing_per_token_ms/gen:2.1288197189155706 - timing_per_token_ms/adv:0.060202980161484315 - perf/total_num_tokens:343118 - perf/time_per_step:363.63904177898075 - perf/throughput:471.7837753633541
[36m(TaskRunner pid=229704)[0m Dumped generations to /sfs/weka/scratch/nkw3mr/Vision-OPD-OPSA/rollouts/Aha-center-Qwen3.5-4B-6karmA/21.jsonl
[36m(TaskRunner pid=229704)[0m step:21 - global_seqlen/min:337378 - global_seqlen/max:337378 - global_seqlen/minmax_diff:0 - global_seqlen/balanced_min:337378 - global_seqlen/balanced_max:337378 - global_seqlen/mean:337378.0 - self_distillation/teacher_always_on_fraction:1.0 - self_distillation/teacher_image_swap_fraction:1.0 - self_distillation/policy_fallback_fraction:0.0 - self_distillation/grpo_fallback_count:0.0 - rollout_corr/rollout_is_mean:1.0 - rollout_corr/rollout_is_ratio_fraction_high:0.0 - rollout_corr/rollout_is_ratio_fraction_low:0.0 - rollout_corr/rollout_is_max:1.0 - rollout_corr/rollout_is_min:1.0 - rollout_corr/rollout_is_std:0.0 - rollout_corr/rollout_is_eff_sample_size:1.0 - rollout_corr/rollout_is_seq_mean:1.0 - rollout_corr/rollout_is_seq_std:0.0 - rollout_corr/rollout_is_seq_max:1.0 - rollout_corr/rollout_is_seq_min:1.0 - rollout_corr/rollout_is_seq_max_deviation:0.0 - rollout_corr/rollout_is_seq_fraction_high:0.0 - rollout_corr/rollout_is_seq_fraction_low:0.0 - rollout_corr/training_ppl:2.723809895416101 - rollout_corr/training_log_ppl:0.9383983908531567 - rollout_corr/kl:0.025071092589314503 - rollout_corr/k3_kl:0.029994505386033172 - rollout_corr/rollout_ppl:2.6461642794311047 - rollout_corr/rollout_log_ppl:0.9133273044911524 - rollout_corr/log_ppl_diff:0.02507108636200428 - rollout_corr/log_ppl_abs_diff:0.036979500825206436 - rollout_corr/log_ppl_diff_max:0.3282336890697479 - rollout_corr/log_ppl_diff_min:-0.16570395231246948 - rollout_corr/ppl_ratio:1.0266123463710148 - rollout_corr/chi2_token:0.09584323130548 - rollout_corr/chi2_seq:313.7936579442273 - actor/pg_loss:0.2311372888216283 - actor/kl_loss:0.0 - actor/grpo_loss:0.0 - actor/vopd_loss:0.2311372888216283 - actor/vopd_loss_weighted:0.2311372888216283 - actor/policy_fallback_fraction:0.0 - aha/u_mean:-1.0105560493442074 - aha/u_neg_valley_frac:0.5285769361071289 - aha/floor_clamped_frac:0.0 - aha/q_tail_mass:0.025858054209228005 - aha/u_centered_mean:-0.6590618970803916 - aha/u_centered_absmean:1.0574747063219547 - aha/u_centered_wmean:-1.8941858375790915e-08 - aha/argmax_conf:0.9675205945968628 - self_distillation/raw_jsd_token_mean:0.23113728882162832 - self_distillation/weighted_jsd_token_mean:0.23113728882162832 - self_distillation/self_distillation_mask.mean():1.0 - self_distillation/num_distill_tokens:127.35416666666667 - self_distillation/empty_target_batch:0.0 - actor/grad_norm:1.0866550207138062 - timing_s/update_actor/student_forward:55.96909804362804 - timing_s/update_actor/teacher_forward:70.60905559477396 - timing_s/update_actor/teacher_full_forward:0.0 - timing_s/update_actor/teacher_null_forward:55.79340500431135 - timing_s/update_actor/loss_compute:0.054523475759197026 - timing_s/update_actor/backward:85.80796481779544 - timing_s/update_actor/optimizer_step:0.0845119429868646 - timing_s/update_actor/teacher_ema_update:3.182399086654186e-05 - perf/mfu/actor:0.0 - perf/max_memory_allocated_gb:84.20336103439331 - perf/max_memory_reserved_gb:96.677734375 - perf/cpu_memory_used_gb:360.2019805908203 - actor/lr:2e-06 - training/global_step:21 - training/epoch:0 - response_length/mean:127.35416412353516 - response_length/max:1024.0 - response_length/min:4.0 - response_length/clip_ratio:0.010416666977107525 - response_length_non_aborted/mean:127.35416412353516 - response_length_non_aborted/max:1024.0 - response_length_non_aborted/min:4.0 - response_length_non_aborted/clip_ratio:0.010416666977107525 - response/aborted_ratio:0.0 - prompt_length/mean:3387.0 - prompt_length/max:3968.0 - prompt_length/min:3205.0 - prompt_length/clip_ratio:0.0 - num_turns/min:2 - num_turns/max:2 - num_turns/mean:2.0 - timing_s/start_profile:6.061297608539462e-05 - timing_s/agent_loop/generate_sequences/min:5.466468877042644 - timing_s/agent_loop/generate_sequences/max:20.858936689968687 - timing_s/agent_loop/generate_sequences/mean:12.297788497093885 - timing_s/agent_loop/tool_calls/min:0.0 - timing_s/agent_loop/tool_calls/max:0.0 - timing_s/agent_loop/tool_calls/mean:0.0 - timing_s/agent_loop/slowest/generate_sequences:20.858936689968687 - timing_s[36m(TaskRunner pid=229704)[0m Training Progress:  43%|████▎     | 22/51 [2:16:05<2:57:00, 366.23s/it]
[36m(TaskRunner pid=229704)[0m Training Progress:  45%|████▌     | 23/51 [2:22:16<2:51:31, 367.56s/it]
/agent_loop/slowest/tool_calls:0.0 - timing_s/agent_loop/slowest/prompt_length:3352 - timing_s/agent_loop/slowest/response_length:1024 - timing_s/gen:31.400050487020053 - timing_s/adv:17.698746700014453 - timing_s/update_actor:317.24164716503583 - timing_s/dump_rollout_generations:0.05115937098162249 - timing_s/step:366.415274908999 - timing_s/stop_profile:2.8740032576024532e-05 - timing_per_token_ms/update_actor:0.940315157375513 - timing_per_token_ms/gen:2.568301201293968 - timing_per_token_ms/adv:0.05245969417097278 - perf/total_num_tokens:337378 - perf/time_per_step:366.415274908999 - perf/throughput:460.3765496454664
[36m(TaskRunner pid=229704)[0m Dumped generations to /sfs/weka/scratch/nkw3mr/Vision-OPD-OPSA/rollouts/Aha-center-Qwen3.5-4B-6karmA/22.jsonl
[36m(TaskRunner pid=229704)[0m step:22 - global_seqlen/min:336533 - global_seqlen/max:336533 - global_seqlen/minmax_diff:0 - global_seqlen/balanced_min:336533 - global_seqlen/balanced_max:336533 - global_seqlen/mean:336533.0 - self_distillation/teacher_always_on_fraction:1.0 - self_distillation/teacher_image_swap_fraction:1.0 - self_distillation/policy_fallback_fraction:0.0 - self_distillation/grpo_fallback_count:0.0 - rollout_corr/rollout_is_mean:1.0 - rollout_corr/rollout_is_ratio_fraction_high:0.0 - rollout_corr/rollout_is_ratio_fraction_low:0.0 - rollout_corr/rollout_is_max:1.0 - rollout_corr/rollout_is_min:1.0 - rollout_corr/rollout_is_std:0.0 - rollout_corr/rollout_is_eff_sample_size:1.0 - rollout_corr/rollout_is_seq_mean:1.0 - rollout_corr/rollout_is_seq_std:0.0 - rollout_corr/rollout_is_seq_max:1.0 - rollout_corr/rollout_is_seq_min:1.0 - rollout_corr/rollout_is_seq_max_deviation:0.0 - rollout_corr/rollout_is_seq_fraction_high:0.0 - rollout_corr/rollout_is_seq_fraction_low:0.0 - rollout_corr/training_ppl:3.2065847193201384 - rollout_corr/training_log_ppl:0.9335575484049817 - rollout_corr/kl:0.02679072533131451 - rollout_corr/k3_kl:0.024031999220217887 - rollout_corr/rollout_ppl:3.0976770147681236 - rollout_corr/rollout_log_ppl:0.9067668222511808 - rollout_corr/log_ppl_diff:0.026790726153800886 - rollout_corr/log_ppl_abs_diff:0.038603423008074365 - rollout_corr/log_ppl_diff_max:0.15923750400543213 - rollout_corr/log_ppl_diff_min:-0.07338595390319824 - rollout_corr/ppl_ratio:1.027991748104493 - rollout_corr/chi2_token:0.06263148225843906 - rollout_corr/chi2_seq:-0.49040612826744717 - actor/pg_loss:0.21372987221790637 - actor/kl_loss:0.0 - actor/grpo_loss:0.0 - actor/vopd_loss:0.21372987221790637 - actor/vopd_loss_weighted:0.21372987221790637 - actor/policy_fallback_fraction:0.0 - aha/u_mean:-1.1666090834963445 - aha/u_neg_valley_frac:0.5142038892954588 - aha/floor_clamped_frac:0.0 - aha/q_tail_mass:0.022125875177986625 - aha/u_centered_mean:-0.710062600672245 - aha/u_centered_absmean:1.1036280863918364 - aha/u_centered_wmean:-2.533221989380746e-08 - aha/argmax_conf:0.9689893126487732 - self_distillation/raw_jsd_token_mean:0.21372987221790632 - self_distillation/weighted_jsd_token_mean:0.21372987221790632 - self_distillation/self_distillation_mask.mean():1.0 - self_distillation/num_distill_tokens:118.19791666666667 - self_distillation/empty_target_batch:0.0 - actor/grad_norm:1.6461548805236816 - timing_s/update_actor/student_forward:54.15433388581732 - timing_s/update_actor/teacher_forward:68.83394030726049 - timing_s/update_actor/teacher_full_forward:0.0 - timing_s/update_actor/teacher_null_forward:56.42842465330614 - timing_s/update_actor/loss_compute:0.055103294318541884 - timing_s/update_actor/backward:85.54456556489458 - timing_s/update_actor/optimizer_step:0.08481716801179573 - timing_s/update_actor/teacher_ema_update:3.8322992622852325e-05 - perf/mfu/actor:0.0 - perf/max_memory_allocated_gb:84.20336103439331 - perf/max_memory_reserved_gb:96.677734375 - perf/cpu_memory_used_gb:360.552303314209 - actor/lr:2e-06 - training/global_step:22 - training/epoch:0 - response_length/mean:118.19791412353516 - response_length/max:1024.0 - response_length/min:4.0 - response_length/clip_ratio:0.010416666977107525 - response_length_non_aborted/mean:118.19791412353516 - response_length_non_aborted/max:1024.0 - response_length_non_aborted/min:4.0 - response_length_non_aborted/clip_ratio:0.010416666977107525 - response/aborted_ratio:0.0 - prompt_length/mean:3387.354248046875 - prompt_length/max:3978.0 - prompt_length/min:3158.0 - prompt_length/clip_ratio:0.0 - num_turns/min:2 - num_turns/max:2 - num_turns/mean:2.0 - timing_s/start_profile:2.7228030376136303e-05 - timing_s/agent_loop/generate_sequences/min:6.093460561009124 - timing_s/agent_loop/generate_sequences/max:21.382335318019614 - timing_s/agent_loop/generate_sequences/mean:12.28376597198318 - timing_s/agent_loop/tool_calls/min:0.0 - timing_s/agent_loop/tool_calls/max:0.0 - timing_s/agent_loop/tool_calls/mean:0.0 - timing_s/agent_loop/slowest/generate_sequences:21.382335318019614 - timing_s/agent_loop/slowest/tool_calls:0.0 - timing_s/agent_loop/slowest/prompt_length:3352 - timing_s/agent_loop/slowest/response_length:1024 - timing_s/gen:32.89308340102434 - timing_s/adv:17.609176116995513 - timing_s/update_actor:301.1662562470301 - timing_s/dump_rollout_generations:0.05286688398336992 - timing_s/step:351.74101488501765 - timing_s/stop_profile:3.0822004191577435e-05 - timing_per_token_ms/update_actor:0.8949085416497939 - timing_per_token_ms/gen:2.8988352340728247 - timing_per_token_ms/adv:0.052325258197548276 - perf/total_num_tokens:336533 - perf/time_per_step:351.74101488501765 - perf/throughput:478.3818004704554
[36m(TaskRunner pid=229704)[0m Dumped generations to /sfs/weka/scratch/nkw3mr/Vision-OPD-OPSA/rollouts/Aha-center-Qwen3.5-4B-6karmA/23.jsonl
[36m(TaskRunner pid=229704)[0m step:23 - global_seqlen/min:350132 - global_seqlen/max:350132 - global_seqlen/minmax_diff:0 - global_seqlen/balanced_min:350132 - global_seqlen/balanced_max:350132 - global_seqlen/mean:350132.0 - self_distillation/teacher_always_on_fraction:1.0 - self_distillation/teacher_image_swap_fraction:1.0 - self_distillation/policy_fallback_fraction:0.0 - self_distillation/grpo_fallback_count:0.0 - rollout_corr/rollout_is_mean:1.0 - rollout_corr/rollout_is_ratio_fraction_high:0.0 - rollout_corr/rollout_is_ratio_fraction_low:0.0 - rollout_corr/rollout_is_max:1.0 - rollout_corr/rollout_is_min:1.0 - rollout_corr/rollout_is_std:0.0 - rollout_corr/rollout_is_eff_sample_size:1.0 - rollout_corr/rollout_is_seq_mean:1.0 - rollout_corr/rollout_is_seq_std:0.0 - rollout_corr/rollout_is_seq_max:1.0 - rollout_corr/rollout_is_seq_min:1.0 - rollout_corr/rollout_is_seq_max_deviation:0.0 - rollout_corr/rollout_is_seq_fraction_high:0.0 - rollout_corr/rollout_is_seq_fraction_low:0.0 - rollout_corr/training_ppl:2.648802469174067 - rollout_corr/training_log_ppl:0.910845127577583 - rollout_corr/kl:0.026794745804484894 - rollout_corr/k3_kl:0.025437400057095754 - rollout_corr/rollout_ppl:2.574438008169333 - rollout_corr/rollout_log_ppl:0.8840503795072436 - rollout_corr/log_ppl_diff:0.026794748070339363 - rollout_corr/log_ppl_abs_diff:0.033846099860966206 - rollout_corr/log_ppl_diff_max:0.15450334548950195 - rollout_corr/log_ppl_diff_min:-0.1334298849105835 - rollout_corr/ppl_ratio:1.0278325503071148 - rollout_corr/chi2_token:0.05686704503993193 - rollout_corr/chi2_seq:9.114102841665348 - actor/pg_loss:0.2095565236086259 - actor/kl_loss:0.0 - actor/grpo_loss:0.0 - actor/vopd_loss:0.2095565236086259 - actor/vopd_loss_weighted:0.2095565236086259 - actor/policy_fallback_fraction:0.0 - aha/u_mean:-0.9682175924729867 - aha/u_neg_valley_frac:0.5401684974009792 - aha/floor_clamped_frac:0.0 - aha/q_tail_mass:0.018672892670698122 - aha/u_centered_mean:-0.6708228251275917 - aha/u_centered_absmean:1.062003742903471 - aha/u_centered_wmean:-1.5751746579537967e-08 - aha/argmax_conf:0.9649024605751038 - self_distillation/raw_jsd_token_mean:0.20955652360862587 - self_distillation/weighted_jsd_token_mean:0.20955652360862587 - self_distillation/self_distillation_mask.mean():1.0 - self_distillation/num_distill_tokens:172.35416666666666 - self_distillation/empty_target_batch:0.0 - actor/grad_norm:1.0416910648345947 - timing_s/update_actor/student_forward:52.706778277119156 - timing_s/update_actor/teacher_forward:70.5650490609114 - timing_s/update_actor/teacher_full_forward:0.0 - timing_s/update_actor/teacher_null_forward:57.192499021068215 - timing_s/update_actor/loss_compute:0.058354631008114666 - timing_s/update_actor/backward:87.93604173173662 - timing_s/update_actor/optimizer_step:0.08477486501215026 - timing_s/update_actor/teacher_ema_update:3.913399996235967e-05 - perf/mfu/actor:0.0 - perf/max_memory_allocated_gb:84.20336103439331 - perf/max_memory_reserved_gb:96.677734375 - perf/cpu_memory_used_gb:333.2881622314453 - actor/lr:2e-06 - training/global_step:23 - training/epoch:0 - response_length/mean:172.3541717529297 - response_length/max:1024.0 - response_length/min:4.0 - response_length/clip_ratio:0.03125 - response_length_non_aborted/mean:172.3541717529297 - response_length_non_aborted/max:1024.0 - response_length_non_aborted/min:4.0 - response_length_non_aborted/clip_ratio:0.03125 - response/aborted_ratio:0.0 - prompt_length/mean:3474.854248046875 - prompt_length/max:4866.0 - prompt_length/min:3221.0 - prompt_length/clip_ratio:0.0 - num_turns/min:2 - num_turns/max:2 - num_turns/mean:2.0 - timing_s/start_profile:3.3306016121059656e-05 - timing_s/agent_loop/generate_sequences/min:4.36625483998796 - timing_s/agent_loop/generate_sequences/max:23.944849672028795 - timing_s/agent_loop/generate_sequences/mean:14.007159262784626 - timing_s/agent_loop/tool_calls/min:0.0 - timing_s/agent_loop/tool_calls/max:0.0 - timing_s/agent_loop/tool_calls/mean:0.0 - timing_s/agent_loop/slowest/generate_sequences:23.944849672028795 - timing_s/agent_loop/sl[36m(TaskRunner pid=229704)[0m Training Progress:  47%|████▋     | 24/51 [2:28:21<2:45:00, 366.67s/it]
[36m(TaskRunner pid=229704)[0m Training Progress:  49%|████▉     | 25/51 [2:34:41<2:40:38, 370.71s/it]
owest/tool_calls:0.0 - timing_s/agent_loop/slowest/prompt_length:3962 - timing_s/agent_loop/slowest/response_length:1024 - timing_s/gen:35.11548210895853 - timing_s/adv:26.874805734027177 - timing_s/update_actor:307.83242607396096 - timing_s/dump_rollout_generations:0.053901361010503024 - timing_s/step:369.89995595498476 - timing_s/stop_profile:2.3822998628020287e-05 - timing_per_token_ms/update_actor:0.8791896372624066 - timing_per_token_ms/gen:2.122294337541311 - timing_per_token_ms/adv:0.07675621118328853 - perf/total_num_tokens:350132 - perf/time_per_step:369.89995595498476 - perf/throughput:473.2793210208027
[36m(TaskRunner pid=229704)[0m Dumped generations to /sfs/weka/scratch/nkw3mr/Vision-OPD-OPSA/rollouts/Aha-center-Qwen3.5-4B-6karmA/24.jsonl
[36m(TaskRunner pid=229704)[0m step:24 - global_seqlen/min:340043 - global_seqlen/max:340043 - global_seqlen/minmax_diff:0 - global_seqlen/balanced_min:340043 - global_seqlen/balanced_max:340043 - global_seqlen/mean:340043.0 - self_distillation/teacher_always_on_fraction:1.0 - self_distillation/teacher_image_swap_fraction:1.0 - self_distillation/policy_fallback_fraction:0.0 - self_distillation/grpo_fallback_count:0.0 - rollout_corr/rollout_is_mean:1.0 - rollout_corr/rollout_is_ratio_fraction_high:0.0 - rollout_corr/rollout_is_ratio_fraction_low:0.0 - rollout_corr/rollout_is_max:1.0 - rollout_corr/rollout_is_min:1.0 - rollout_corr/rollout_is_std:0.0 - rollout_corr/rollout_is_eff_sample_size:1.0 - rollout_corr/rollout_is_seq_mean:1.0 - rollout_corr/rollout_is_seq_std:0.0 - rollout_corr/rollout_is_seq_max:1.0 - rollout_corr/rollout_is_seq_min:1.0 - rollout_corr/rollout_is_seq_max_deviation:0.0 - rollout_corr/rollout_is_seq_fraction_high:0.0 - rollout_corr/rollout_is_seq_fraction_low:0.0 - rollout_corr/training_ppl:2.6331472446521125 - rollout_corr/training_log_ppl:0.9017633801947037 - rollout_corr/kl:0.025261249073385745 - rollout_corr/k3_kl:0.026070999175620575 - rollout_corr/rollout_ppl:2.55955362940828 - rollout_corr/rollout_log_ppl:0.8765021276970705 - rollout_corr/log_ppl_diff:0.025261252497633297 - rollout_corr/log_ppl_abs_diff:0.030802831674615543 - rollout_corr/log_ppl_diff_max:0.08707606792449951 - rollout_corr/log_ppl_diff_min:-0.059927552938461304 - rollout_corr/ppl_ratio:1.0259516779333353 - rollout_corr/chi2_token:0.06329289947946866 - rollout_corr/chi2_seq:-0.07495099678635597 - actor/pg_loss:0.22094654467461314 - actor/kl_loss:0.0 - actor/grpo_loss:0.0 - actor/vopd_loss:0.22094654467461314 - actor/vopd_loss_weighted:0.22094654467461314 - actor/policy_fallback_fraction:0.0 - aha/u_mean:-0.8506642500093827 - aha/u_neg_valley_frac:0.5372001002542675 - aha/floor_clamped_frac:0.0 - aha/q_tail_mass:0.010573892447647873 - aha/u_centered_mean:-0.5954908247416218 - aha/u_centered_absmean:1.013965463731438 - aha/u_centered_wmean:-1.338756538295007e-08 - aha/argmax_conf:0.9476895332336426 - self_distillation/raw_jsd_token_mean:0.2209465446746132 - self_distillation/weighted_jsd_token_mean:0.2209465446746132 - self_distillation/self_distillation_mask.mean():1.0 - self_distillation/num_distill_tokens:143.61458333333334 - self_distillation/empty_target_batch:0.0 - actor/grad_norm:0.9744521379470825 - timing_s/update_actor/student_forward:58.770526044711005 - timing_s/update_actor/teacher_forward:71.6353557939874 - timing_s/update_actor/teacher_full_forward:0.0 - timing_s/update_actor/teacher_null_forward:53.32450619217707 - timing_s/update_actor/loss_compute:0.056138002837542444 - timing_s/update_actor/backward:86.32034831610508 - timing_s/update_actor/optimizer_step:0.08483689598506317 - timing_s/update_actor/teacher_ema_update:4.3940963223576546e-05 - perf/mfu/actor:0.0 - perf/max_memory_allocated_gb:84.50172758102417 - perf/max_memory_reserved_gb:96.955078125 - perf/cpu_memory_used_gb:315.6501693725586 - actor/lr:2e-06 - training/global_step:24 - training/epoch:0 - response_length/mean:143.6145782470703 - response_length/max:1024.0 - response_length/min:4.0 - response_length/clip_ratio:0.010416666977107525 - response_length_non_aborted/mean:143.6145782470703 - response_length_non_aborted/max:1024.0 - response_length_non_aborted/min:4.0 - response_length_non_aborted/clip_ratio:0.010416666977107525 - response/aborted_ratio:0.0 - prompt_length/mean:3398.5 - prompt_length/max:6140.0 - prompt_length/min:3155.0 - prompt_length/clip_ratio:0.0 - num_turns/min:2 - num_turns/max:2 - num_turns/mean:2.0 - timing_s/start_profile:6.252602906897664e-05 - timing_s/agent_loop/generate_sequences/min:3.643400874978397 - timing_s/agent_loop/generate_sequences/max:22.690424793050624 - timing_s/agent_loop/generate_sequences/mean:13.29415269320028 - timing_s/agent_loop/tool_calls/min:0.0 - timing_s/agent_loop/tool_calls/max:0.0 - timing_s/agent_loop/tool_calls/mean:0.0 - timing_s/agent_loop/slowest/generate_sequences:22.690424793050624 - timing_s/agent_loop/slowest/tool_calls:0.0 - timing_s/agent_loop/slowest/prompt_length:3348 - timing_s/agent_loop/slowest/response_length:1024 - timing_s/gen:33.29786337702535 - timing_s/adv:22.581165833049454 - timing_s/update_actor:308.37656647898257 - timing_s/dump_rollout_generations:0.0590902820113115 - timing_s/step:364.337948882021 - timing_s/stop_profile:3.2073992770165205e-05 - timing_per_token_ms/update_actor:0.906875208367714 - timing_per_token_ms/gen:2.4151638048179698 - timing_per_token_ms/adv:0.06640679512017438 - perf/total_num_tokens:340043 - perf/time_per_step:364.337948882021 - perf/throughput:466.6587724987603
[36m(TaskRunner pid=229704)[0m Dumped generations to /sfs/weka/scratch/nkw3mr/Vision-OPD-OPSA/rollouts/Aha-center-Qwen3.5-4B-6karmA/25.jsonl
[36m(TaskRunner pid=229704)[0m local_global_step_folder: /sfs/weka/scratch/nkw3mr/Vision-OPD-OPSA/checkpoints/Aha-center-Qwen3.5-4B-6karmA/global_step_25
[36m(TaskRunner pid=229704)[0m step:25 - global_seqlen/min:349041 - global_seqlen/max:349041 - global_seqlen/minmax_diff:0 - global_seqlen/balanced_min:349041 - global_seqlen/balanced_max:349041 - global_seqlen/mean:349041.0 - self_distillation/teacher_always_on_fraction:1.0 - self_distillation/teacher_image_swap_fraction:1.0 - self_distillation/policy_fallback_fraction:0.0 - self_distillation/grpo_fallback_count:0.0 - rollout_corr/rollout_is_mean:1.0 - rollout_corr/rollout_is_ratio_fraction_high:0.0 - rollout_corr/rollout_is_ratio_fraction_low:0.0 - rollout_corr/rollout_is_max:1.0 - rollout_corr/rollout_is_min:1.0 - rollout_corr/rollout_is_std:0.0 - rollout_corr/rollout_is_eff_sample_size:1.0 - rollout_corr/rollout_is_seq_mean:1.0 - rollout_corr/rollout_is_seq_std:0.0 - rollout_corr/rollout_is_seq_max:1.0 - rollout_corr/rollout_is_seq_min:1.0 - rollout_corr/rollout_is_seq_max_deviation:0.0 - rollout_corr/rollout_is_seq_fraction_high:0.0 - rollout_corr/rollout_is_seq_fraction_low:0.0 - rollout_corr/training_ppl:2.517595801502466 - rollout_corr/training_log_ppl:0.8752814400941133 - rollout_corr/kl:0.024516599974352477 - rollout_corr/k3_kl:0.02444395966233041 - rollout_corr/rollout_ppl:2.453033114473025 - rollout_corr/rollout_log_ppl:0.8507648482918739 - rollout_corr/log_ppl_diff:0.024516591802239418 - rollout_corr/log_ppl_abs_diff:0.034901173785328865 - rollout_corr/log_ppl_diff_max:0.12122437357902527 - rollout_corr/log_ppl_diff_min:-0.12275499105453491 - rollout_corr/ppl_ratio:1.0254817331830661 - rollout_corr/chi2_token:0.06923257062832515 - rollout_corr/chi2_seq:4.778960428511103 - actor/pg_loss:0.21973139831000785 - actor/kl_loss:0.0 - actor/grpo_loss:0.0 - actor/vopd_loss:0.21973139831000785 - actor/vopd_loss_weighted:0.21973139831000785 - actor/policy_fallback_fraction:0.0 - aha/u_mean:-1.0197378347511403 - aha/u_neg_valley_frac:0.5355800488032401 - aha/floor_clamped_frac:0.0 - aha/q_tail_mass:0.012802294147604698 - aha/u_centered_mean:-0.6709707846069554 - aha/u_centered_absmean:1.0770150727281969 - aha/u_centered_wmean:-1.619440245676877e-08 - aha/argmax_conf:0.982471227645874 - self_distillation/raw_jsd_token_mean:0.21973139831000785 - self_distillation/weighted_jsd_token_mean:0.21973139831000785 - self_distillation/self_distillation_mask.mean():1.0 - self_distillation/num_distill_tokens:140.36458333333334 - self_distillation/empty_target_batch:0.0 - actor/grad_norm:1.1141716241836548 - timing_s/update_actor/student_forward:55.67173480708152 - timing_s/update_actor/teacher_forward:71.83735147927655 - timing_s/update_actor/teacher_full_forward:0.0 - timing_s/update_actor/teacher_null_forward:55.975514546909835 - timing_s/update_actor/loss_compute:0.05440621910383925 - timing_s/update_actor/backward:89.59792615787592 - timing_s/update_actor/optimizer_step:0.08600465697236359 - timing_s/update_actor/teacher_ema_update:7.03259720467031e-05 - perf/mfu/actor:0.0 - perf/max_memory_allocated_gb:84.50172758102417 - perf/max_memory_reserved_gb:96.955078125 - perf/cpu_memory_used_gb:317.9282684326172 - actor/lr:2e-06 - training/global_step:25 - training/epoch:0 - response_length/mean:140.3645782470703 - response_length/max:810.0 - response_length/min:4.0 - response_length/clip_ratio:0.0 - response_length_non_aborted/mean:140.3645782470703 - response_length_non_aborted/max:810.0 - response_length_non_aborted/min:4.0 - response_length_non_aborted/clip_ratio:0.0 - response/aborted_ratio:0.0 - prompt_length/mean:3495.479248046875 - prompt_length/max:5645.0 - prompt_length/min:3108.0 - prompt_length/clip_ratio:0.0 - num_turns/min:2 - num_turns/max:2 - num_turns/mean:2.0 - timing_s/start_profile:4.050601273775101e-05 - timing_s/agent_loop/generate_sequences/min:4.71655022300547 - timing_s/agent_loop/generate_sequences/max:18.215430852025747 - timing_s/agent_loop/generate_sequences/mean:12.178690240508027 - timing_s/agent_loop/tool_calls/min:0.0 - timing_s/agent_loop/tool_calls/max:0.0 - timing_s/agent_loop/tool_calls/mean:0.0 - timing_s/agent_loop/slowest/generate_sequences:18.215430852025747 - timing_s/agent_loop/slowest/tool[36m(WorkerDict pid=262791)[0m /sfs/weka/scratch/nkw3mr/Vision-OPD-OPSA/verl/utils/device.py:134: FutureWarning: torch.cuda._set_allocator_settings is deprecated. Use torch._C._accelerator_setAllocatorSettings instead.
[36m(WorkerDict pid=262791)[0m   torch.cuda.memory._set_allocator_settings(f"expandable_segments:{enable}")
[36m(TaskRunner pid=229704)[0m Training Progress:  51%|█████     | 26/51 [2:40:38<2:32:48, 366.73s/it]
[36m(WorkerDict pid=262772)[0m /sfs/weka/scratch/nkw3mr/Vision-OPD-OPSA/verl/utils/device.py:134: FutureWarning: torch.cuda._set_allocator_settings is deprecated. Use torch._C._accelerator_setAllocatorSettings instead.
[36m(WorkerDict pid=262772)[0m   torch.cuda.memory._set_allocator_settings(f"expandable_segments:{enable}")
[36m(TaskRunner pid=229704)[0m Training Progress:  53%|█████▎    | 27/51 [2:46:32<2:25:09, 362.89s/it]
_calls:0.0 - timing_s/agent_loop/slowest/prompt_length:3355 - timing_s/agent_loop/slowest/response_length:810 - timing_s/gen:29.571265131991822 - timing_s/adv:19.15313720604172 - timing_s/update_actor:312.64864616503473 - timing_s/dump_rollout_generations:0.05483111704234034 - timing_s/step:361.4518452769844 - timing_s/save_checkpoint:18.311952607997227 - timing_s/stop_profile:3.4367956686764956e-05 - timing_per_token_ms/update_actor:0.8957361632731821 - timing_per_token_ms/gen:2.194528024637612 - timing_per_token_ms/adv:0.054873602831878546 - perf/total_num_tokens:349041 - perf/time_per_step:361.4518452769844 - perf/throughput:482.831951974856
[36m(TaskRunner pid=229704)[0m Dumped generations to /sfs/weka/scratch/nkw3mr/Vision-OPD-OPSA/rollouts/Aha-center-Qwen3.5-4B-6karmA/26.jsonl
[36m(TaskRunner pid=229704)[0m step:26 - global_seqlen/min:341896 - global_seqlen/max:341896 - global_seqlen/minmax_diff:0 - global_seqlen/balanced_min:341896 - global_seqlen/balanced_max:341896 - global_seqlen/mean:341896.0 - self_distillation/teacher_always_on_fraction:1.0 - self_distillation/teacher_image_swap_fraction:1.0 - self_distillation/policy_fallback_fraction:0.0 - self_distillation/grpo_fallback_count:0.0 - rollout_corr/rollout_is_mean:1.0 - rollout_corr/rollout_is_ratio_fraction_high:0.0 - rollout_corr/rollout_is_ratio_fraction_low:0.0 - rollout_corr/rollout_is_max:1.0 - rollout_corr/rollout_is_min:1.0 - rollout_corr/rollout_is_std:0.0 - rollout_corr/rollout_is_eff_sample_size:1.0 - rollout_corr/rollout_is_seq_mean:1.0 - rollout_corr/rollout_is_seq_std:0.0 - rollout_corr/rollout_is_seq_max:1.0 - rollout_corr/rollout_is_seq_min:1.0 - rollout_corr/rollout_is_seq_max_deviation:0.0 - rollout_corr/rollout_is_seq_fraction_high:0.0 - rollout_corr/rollout_is_seq_fraction_low:0.0 - rollout_corr/training_ppl:2.5396853064497313 - rollout_corr/training_log_ppl:0.8674915987066925 - rollout_corr/kl:0.0218028815368901 - rollout_corr/k3_kl:0.024954862103375792 - rollout_corr/rollout_ppl:2.4815538028875985 - rollout_corr/rollout_log_ppl:0.8456887152666847 - rollout_corr/log_ppl_diff:0.021802883440007765 - rollout_corr/log_ppl_abs_diff:0.03036300977692008 - rollout_corr/log_ppl_diff_max:0.17354196310043335 - rollout_corr/log_ppl_diff_min:-0.07621565461158752 - rollout_corr/ppl_ratio:1.0226006768643856 - rollout_corr/chi2_token:0.07549349777400494 - rollout_corr/chi2_seq:2.8361329194158316 - actor/pg_loss:0.22914377559209248 - actor/kl_loss:0.0 - actor/grpo_loss:0.0 - actor/vopd_loss:0.22914377559209248 - actor/vopd_loss_weighted:0.22914377559209248 - actor/policy_fallback_fraction:0.0 - aha/u_mean:-0.9079971743194619 - aha/u_neg_valley_frac:0.5326071732367078 - aha/floor_clamped_frac:0.0 - aha/q_tail_mass:0.016834864281217204 - aha/u_centered_mean:-0.6411233716644347 - aha/u_centered_absmean:1.0802902560681105 - aha/u_centered_wmean:-1.6741191206463373e-08 - aha/argmax_conf:0.9930070042610168 - self_distillation/raw_jsd_token_mean:0.22914377559209242 - self_distillation/weighted_jsd_token_mean:0.22914377559209242 - self_distillation/self_distillation_mask.mean():1.0 - self_distillation/num_distill_tokens:157.33333333333334 - self_distillation/empty_target_batch:0.0 - actor/grad_norm:0.959972083568573 - timing_s/update_actor/student_forward:58.25748271192424 - timing_s/update_actor/teacher_forward:60.63480932143284 - timing_s/update_actor/teacher_full_forward:0.0 - timing_s/update_actor/teacher_null_forward:61.22569605970057 - timing_s/update_actor/loss_compute:0.05619044118793681 - timing_s/update_actor/backward:86.15043142205104 - timing_s/update_actor/optimizer_step:0.08481533103622496 - timing_s/update_actor/teacher_ema_update:3.703095717355609e-05 - perf/mfu/actor:0.0 - perf/max_memory_allocated_gb:84.50172758102417 - perf/max_memory_reserved_gb:96.955078125 - perf/cpu_memory_used_gb:316.13220596313477 - actor/lr:2e-06 - training/global_step:26 - training/epoch:0 - response_length/mean:157.3333282470703 - response_length/max:1024.0 - response_length/min:4.0 - response_length/clip_ratio:0.02083333395421505 - response_length_non_aborted/mean:157.3333282470703 - response_length_non_aborted/max:1024.0 - response_length_non_aborted/min:4.0 - response_length_non_aborted/clip_ratio:0.02083333395421505 - response/aborted_ratio:0.0 - prompt_length/mean:3404.083251953125 - prompt_length/max:4524.0 - prompt_length/min:3111.0 - prompt_length/clip_ratio:0.0 - num_turns/min:2 - num_turns/max:2 - num_turns/mean:2.0 - timing_s/start_profile:7.2598981205374e-05 - timing_s/agent_loop/generate_sequences/min:3.9469545069732703 - timing_s/agent_loop/generate_sequences/max:22.521588196977973 - timing_s/agent_loop/generate_sequences/mean:12.562614265158723 - timing_s/agent_loop/tool_calls/min:0.0 - timing_s/agent_loop/tool_calls/max:0.0 - timing_s/agent_loop/tool_calls/mean:0.0 - timing_s/agent_loop/slowest/generate_sequences:22.521588196977973 - timing_s/agent_loop/slowest/tool_calls:0.0 - timing_s/agent_loop/slowest/prompt_length:3957 - timing_s/agent_loop/slowest/response_length:1024 - timing_s/gen:31.13156180502847 - timing_s/adv:19.694004072982352 - timing_s/update_actor:306.3417351769749 - timing_s/dump_rollout_generations:0.05326240003341809 - timing_s/step:357.23939769598655 - timing_s/stop_profile:2.486404264345765e-05 - timing_per_token_ms/update_actor:0.896008538201602 - timing_per_token_ms/gen:2.061146835608347 - timing_per_token_ms/adv:0.057602323727046684 - perf/total_num_tokens:341896 - perf/time_per_step:357.23939769598655 - perf/throughput:478.5250481960505
[36m(TaskRunner pid=229704)[0m Dumped generations to /sfs/weka/scratch/nkw3mr/Vision-OPD-OPSA/rollouts/Aha-center-Qwen3.5-4B-6karmA/27.jsonl
[36m(TaskRunner pid=229704)[0m step:27 - global_seqlen/min:339391 - global_seqlen/max:339391 - global_seqlen/minmax_diff:0 - global_seqlen/balanced_min:339391 - global_seqlen/balanced_max:339391 - global_seqlen/mean:339391.0 - self_distillation/teacher_always_on_fraction:1.0 - self_distillation/teacher_image_swap_fraction:1.0 - self_distillation/policy_fallback_fraction:0.0 - self_distillation/grpo_fallback_count:0.0 - rollout_corr/rollout_is_mean:1.0 - rollout_corr/rollout_is_ratio_fraction_high:0.0 - rollout_corr/rollout_is_ratio_fraction_low:0.0 - rollout_corr/rollout_is_max:1.0 - rollout_corr/rollout_is_min:1.0 - rollout_corr/rollout_is_std:0.0 - rollout_corr/rollout_is_eff_sample_size:1.0 - rollout_corr/rollout_is_seq_mean:1.0 - rollout_corr/rollout_is_seq_std:0.0 - rollout_corr/rollout_is_seq_max:1.0 - rollout_corr/rollout_is_seq_min:1.0 - rollout_corr/rollout_is_seq_max_deviation:0.0 - rollout_corr/rollout_is_seq_fraction_high:0.0 - rollout_corr/rollout_is_seq_fraction_low:0.0 - rollout_corr/training_ppl:2.8651890692611537 - rollout_corr/training_log_ppl:0.8566386463741461 - rollout_corr/kl:0.018553993936317664 - rollout_corr/k3_kl:0.025784558864993794 - rollout_corr/rollout_ppl:2.6896810916562877 - rollout_corr/rollout_log_ppl:0.8380846505363783 - rollout_corr/log_ppl_diff:0.018553995837767918 - rollout_corr/log_ppl_abs_diff:0.03524868128200372 - rollout_corr/log_ppl_diff_max:0.2884652614593506 - rollout_corr/log_ppl_diff_min:-0.12138664722442627 - rollout_corr/ppl_ratio:1.0198485708485048 - rollout_corr/chi2_token:0.07657876362403233 - rollout_corr/chi2_seq:2.1999136550972858 - actor/pg_loss:0.21054601963745267 - actor/kl_loss:0.0 - actor/grpo_loss:0.0 - actor/vopd_loss:0.21054601963745267 - actor/vopd_loss_weighted:0.21054601963745267 - actor/policy_fallback_fraction:0.0 - aha/u_mean:-1.005396659951657 - aha/u_neg_valley_frac:0.5161277730949223 - aha/floor_clamped_frac:0.0 - aha/q_tail_mass:0.02065587322575387 - aha/u_centered_mean:-0.6564988787674034 - aha/u_centered_absmean:1.0300759375095367 - aha/u_centered_wmean:-2.1798739629636427e-08 - aha/argmax_conf:0.9638104438781738 - self_distillation/raw_jsd_token_mean:0.21054601963745276 - self_distillation/weighted_jsd_token_mean:0.21054601963745276 - self_distillation/self_distillation_mask.mean():1.0 - self_distillation/num_distill_tokens:160.55208333333334 - self_distillation/empty_target_batch:0.0 - actor/grad_norm:1.551985502243042 - timing_s/update_actor/student_forward:56.74725326115731 - timing_s/update_actor/teacher_forward:71.4105011310894 - timing_s/update_actor/teacher_full_forward:0.0 - timing_s/update_actor/teacher_null_forward:51.971729932236485 - timing_s/update_actor/loss_compute:0.057697624375578016 - timing_s/update_actor/backward:85.53612651320873 - timing_s/update_actor/optimizer_step:0.08453336998354644 - timing_s/update_actor/teacher_ema_update:2.9811053536832333e-05 - perf/mfu/actor:0.0 - perf/max_memory_allocated_gb:84.50172758102417 - perf/max_memory_reserved_gb:96.955078125 - perf/cpu_memory_used_gb:315.00814056396484 - actor/lr:2e-06 - training/global_step:27 - training/epoch:0 - response_length/mean:160.5520782470703 - response_length/max:1024.0 - response_length/min:4.0 - response_length/clip_ratio:0.0416666679084301 - response_length_non_aborted/mean:160.5520782470703 - response_length_non_aborted/max:1024.0 - response_length_non_aborted/min:4.0 - response_length_non_aborted/clip_ratio:0.0416666679084301 - response/aborted_ratio:0.0 - prompt_length/mean:3374.770751953125 - prompt_length/max:3958.0 - prompt_length/min:3212.0 - prompt_length/clip_ratio:0.0 - num_turns/min:2 - num_turns/max:2 - num_turns/mean:2.0 - timing_s/start_profile:2.8958951588720083e-05 - timing_s/agent_loop/generate_sequences/min:3.1324062639614567 - timing_s/agent_loop/generate_sequences/max:22.342992999008857 - timing_s/agent_loop/generate_sequences/mean:11.59338956567808 - timing_s/agent_loop/tool_calls/min:0.0 - timing_s/agent_loop/tool_calls/max:0.0 - timing_s/agent_loop/tool_calls/mean:0.0 - timing_s/agent_loop/slowest/generate_sequences:22.342992999008[36m(TaskRunner pid=229704)[0m Training Progress:  55%|█████▍    | 28/51 [2:52:33<2:18:50, 362.18s/it]
[36m(TaskRunner pid=229704)[0m Training Progress:  57%|█████▋    | 29/51 [2:58:24<2:11:39, 359.07s/it]
857 - timing_s/agent_loop/slowest/tool_calls:0.0 - timing_s/agent_loop/slowest/prompt_length:3373 - timing_s/agent_loop/slowest/response_length:1024 - timing_s/gen:31.07784449198516 - timing_s/adv:17.43935371900443 - timing_s/update_actor:305.06694504397456 - timing_s/dump_rollout_generations:0.08258154900977388 - timing_s/step:353.69082460703794 - timing_s/stop_profile:3.09930182993412e-05 - timing_per_token_ms/update_actor:0.8988657478954202 - timing_per_token_ms/gen:2.016339745149235 - timing_per_token_ms/adv:0.05138425508927588 - perf/total_num_tokens:339391 - perf/time_per_step:353.69082460703794 - perf/throughput:479.78485217573075
[36m(TaskRunner pid=229704)[0m Dumped generations to /sfs/weka/scratch/nkw3mr/Vision-OPD-OPSA/rollouts/Aha-center-Qwen3.5-4B-6karmA/28.jsonl
[36m(TaskRunner pid=229704)[0m step:28 - global_seqlen/min:347759 - global_seqlen/max:347759 - global_seqlen/minmax_diff:0 - global_seqlen/balanced_min:347759 - global_seqlen/balanced_max:347759 - global_seqlen/mean:347759.0 - self_distillation/teacher_always_on_fraction:1.0 - self_distillation/teacher_image_swap_fraction:1.0 - self_distillation/policy_fallback_fraction:0.0 - self_distillation/grpo_fallback_count:0.0 - rollout_corr/rollout_is_mean:1.0 - rollout_corr/rollout_is_ratio_fraction_high:0.0 - rollout_corr/rollout_is_ratio_fraction_low:0.0 - rollout_corr/rollout_is_max:1.0 - rollout_corr/rollout_is_min:1.0 - rollout_corr/rollout_is_std:0.0 - rollout_corr/rollout_is_eff_sample_size:1.0 - rollout_corr/rollout_is_seq_mean:1.0 - rollout_corr/rollout_is_seq_std:0.0 - rollout_corr/rollout_is_seq_max:1.0 - rollout_corr/rollout_is_seq_min:1.0 - rollout_corr/rollout_is_seq_max_deviation:0.0 - rollout_corr/rollout_is_seq_fraction_high:0.0 - rollout_corr/rollout_is_seq_fraction_low:0.0 - rollout_corr/training_ppl:2.4899810031056404 - rollout_corr/training_log_ppl:0.8598851063288748 - rollout_corr/kl:0.024182272412872408 - rollout_corr/k3_kl:0.02520553876456688 - rollout_corr/rollout_ppl:2.4206270140906176 - rollout_corr/rollout_log_ppl:0.8357028307703634 - rollout_corr/log_ppl_diff:0.024182275558511417 - rollout_corr/log_ppl_abs_diff:0.03345079720020294 - rollout_corr/log_ppl_diff_max:0.13236761093139648 - rollout_corr/log_ppl_diff_min:-0.06420370936393738 - rollout_corr/ppl_ratio:1.025049952790141 - rollout_corr/chi2_token:0.08002448827028275 - rollout_corr/chi2_seq:5.263130652407805 - actor/pg_loss:0.21071618418985366 - actor/kl_loss:0.0 - actor/grpo_loss:0.0 - actor/vopd_loss:0.21071618418985366 - actor/vopd_loss_weighted:0.21071618418985366 - actor/policy_fallback_fraction:0.0 - aha/u_mean:-1.0272681593972568 - aha/u_neg_valley_frac:0.5261097789431611 - aha/floor_clamped_frac:0.0 - aha/q_tail_mass:0.010321201017860679 - aha/u_centered_mean:-0.6658657985778215 - aha/u_centered_absmean:1.0574766552696626 - aha/u_centered_wmean:-2.7552052765291112e-08 - aha/argmax_conf:0.9561809301376343 - self_distillation/raw_jsd_token_mean:0.21071618418985358 - self_distillation/weighted_jsd_token_mean:0.21071618418985358 - self_distillation/self_distillation_mask.mean():1.0 - self_distillation/num_distill_tokens:161.55208333333334 - self_distillation/empty_target_batch:0.0 - actor/grad_norm:1.0491917133331299 - timing_s/update_actor/student_forward:60.562659165705554 - timing_s/update_actor/teacher_forward:62.70716180180898 - timing_s/update_actor/teacher_full_forward:0.0 - timing_s/update_actor/teacher_null_forward:59.692512034322135 - timing_s/update_actor/loss_compute:0.05401884112507105 - timing_s/update_actor/backward:87.59113932575565 - timing_s/update_actor/optimizer_step:0.08476063801208511 - timing_s/update_actor/teacher_ema_update:5.373399471864104e-05 - perf/mfu/actor:0.0 - perf/max_memory_allocated_gb:84.50172758102417 - perf/max_memory_reserved_gb:96.955078125 - perf/cpu_memory_used_gb:316.8547019958496 - actor/lr:2e-06 - training/global_step:28 - training/epoch:0 - response_length/mean:161.5520782470703 - response_length/max:1024.0 - response_length/min:4.0 - response_length/clip_ratio:0.03125 - response_length_non_aborted/mean:161.5520782470703 - response_length_non_aborted/max:1024.0 - response_length_non_aborted/min:4.0 - response_length_non_aborted/clip_ratio:0.03125 - response/aborted_ratio:0.0 - prompt_length/mean:3460.9375 - prompt_length/max:5085.0 - prompt_length/min:3299.0 - prompt_length/clip_ratio:0.0 - num_turns/min:2 - num_turns/max:2 - num_turns/mean:2.0 - timing_s/start_profile:2.748699625954032e-05 - timing_s/agent_loop/generate_sequences/min:3.8435984100215137 - timing_s/agent_loop/generate_sequences/max:22.5883893329883 - timing_s/agent_loop/generate_sequences/mean:12.41760200176274 - timing_s/agent_loop/tool_calls/min:0.0 - timing_s/agent_loop/tool_calls/max:0.0 - timing_s/agent_loop/tool_calls/mean:0.0 - timing_s/agent_loop/slowest/generate_sequences:22.5883893329883 - timing_s/agent_loop/slowest/tool_calls:0.0 - timing_s/agent_loop/slowest/prompt_length:3354 - timing_s/agent_loop/slowest/response_length:1024 - timing_s/gen:31.005588636966422 - timing_s/adv:21.1567470820155 - timing_s/update_actor:307.6312237380189 - timing_s/dump_rollout_generations:0.0773190869949758 - timing_s/step:359.8947898009792 - timing_s/stop_profile:2.404296537861228e-05 - timing_per_token_ms/update_actor:0.8846103874752886 - timing_per_token_ms/gen:1.9991997315730494 - timing_per_token_ms/adv:0.060837381870822896 - perf/total_num_tokens:347759 - perf/time_per_step:359.8947898009792 - perf/throughput:483.1398089873845
[36m(TaskRunner pid=229704)[0m Dumped generations to /sfs/weka/scratch/nkw3mr/Vision-OPD-OPSA/rollouts/Aha-center-Qwen3.5-4B-6karmA/29.jsonl
[36m(TaskRunner pid=229704)[0m step:29 - global_seqlen/min:337497 - global_seqlen/max:337497 - global_seqlen/minmax_diff:0 - global_seqlen/balanced_min:337497 - global_seqlen/balanced_max:337497 - global_seqlen/mean:337497.0 - self_distillation/teacher_always_on_fraction:1.0 - self_distillation/teacher_image_swap_fraction:1.0 - self_distillation/policy_fallback_fraction:0.0 - self_distillation/grpo_fallback_count:0.0 - rollout_corr/rollout_is_mean:1.0 - rollout_corr/rollout_is_ratio_fraction_high:0.0 - rollout_corr/rollout_is_ratio_fraction_low:0.0 - rollout_corr/rollout_is_max:1.0 - rollout_corr/rollout_is_min:1.0 - rollout_corr/rollout_is_std:0.0 - rollout_corr/rollout_is_eff_sample_size:1.0 - rollout_corr/rollout_is_seq_mean:1.0 - rollout_corr/rollout_is_seq_std:0.0 - rollout_corr/rollout_is_seq_max:1.0 - rollout_corr/rollout_is_seq_min:1.0 - rollout_corr/rollout_is_seq_max_deviation:0.0 - rollout_corr/rollout_is_seq_fraction_high:0.0 - rollout_corr/rollout_is_seq_fraction_low:0.0 - rollout_corr/training_ppl:2.423236491779486 - rollout_corr/training_log_ppl:0.8083262263486782 - rollout_corr/kl:0.022762991272429645 - rollout_corr/k3_kl:0.02485821824696662 - rollout_corr/rollout_ppl:2.3717200805743537 - rollout_corr/rollout_log_ppl:0.7855632322219511 - rollout_corr/log_ppl_diff:0.022762994126727183 - rollout_corr/log_ppl_abs_diff:0.0318116156073908 - rollout_corr/log_ppl_diff_max:0.10975080728530884 - rollout_corr/log_ppl_diff_min:-0.08499865233898163 - rollout_corr/ppl_ratio:1.0235852332164843 - rollout_corr/chi2_token:0.0714816569040219 - rollout_corr/chi2_seq:139.6463400659462 - actor/pg_loss:0.21961799947409108 - actor/kl_loss:0.0 - actor/grpo_loss:0.0 - actor/vopd_loss:0.21961799947409108 - actor/vopd_loss_weighted:0.21961799947409108 - actor/policy_fallback_fraction:0.0 - aha/u_mean:-0.96707433120658 - aha/u_neg_valley_frac:0.5121695265794793 - aha/floor_clamped_frac:0.0 - aha/q_tail_mass:0.011396900447588601 - aha/u_centered_mean:-0.6117402430390939 - aha/u_centered_absmean:1.0139990666260321 - aha/u_centered_wmean:-2.220369019316955e-08 - aha/argmax_conf:0.9591073989868164 - self_distillation/raw_jsd_token_mean:0.21961799947409114 - self_distillation/weighted_jsd_token_mean:0.21961799947409114 - self_distillation/self_distillation_mask.mean():1.0 - self_distillation/num_distill_tokens:130.48958333333334 - self_distillation/empty_target_batch:0.0 - actor/grad_norm:1.5169048309326172 - timing_s/update_actor/student_forward:56.9923647789401 - timing_s/update_actor/teacher_forward:70.02706775825936 - timing_s/update_actor/teacher_full_forward:0.0 - timing_s/update_actor/teacher_null_forward:53.646753283101134 - timing_s/update_actor/loss_compute:0.05260183004429564 - timing_s/update_actor/backward:85.68143954366678 - timing_s/update_actor/optimizer_step:0.08438622299581766 - timing_s/update_actor/teacher_ema_update:3.2324984204024076e-05 - perf/mfu/actor:0.0 - perf/max_memory_allocated_gb:84.50172758102417 - perf/max_memory_reserved_gb:96.955078125 - perf/cpu_memory_used_gb:315.34161376953125 - actor/lr:2e-06 - training/global_step:29 - training/epoch:0 - response_length/mean:130.4895782470703 - response_length/max:1024.0 - response_length/min:4.0 - response_length/clip_ratio:0.010416666977107525 - response_length_non_aborted/mean:130.4895782470703 - response_length_non_aborted/max:1024.0 - response_length_non_aborted/min:4.0 - response_length_non_aborted/clip_ratio:0.010416666977107525 - response/aborted_ratio:0.0 - prompt_length/mean:3385.104248046875 - prompt_length/max:3964.0 - prompt_length/min:3203.0 - prompt_length/clip_ratio:0.0 - num_turns/min:2 - num_turns/max:2 - num_turns/mean:2.0 - timing_s/start_profile:5.376402987167239e-05 - timing_s/agent_loop/generate_sequences/min:3.6111924160504714 - timing_s/agent_loop/generate_sequences/max:21.03262843901757 - timing_s/agent_loop/generate_sequences/mean:11.439267314917743 - timing_s/agent_loop/tool_calls/min:0.0 - timing_s/agent_loop/tool_calls/max:0.0 - timing_s/agent_loop/tool_calls/mean:0.0 - timing_s/agent_loop/slowest/generate_sequences:21.03262843901757[36m(TaskRunner pid=229704)[0m Training Progress:  59%|█████▉    | 30/51 [3:04:41<2:07:27, 364.16s/it]
[36m(WorkerDict pid=262791)[0m /sfs/weka/scratch/nkw3mr/Vision-OPD-OPSA/verl/utils/device.py:134: FutureWarning: torch.cuda._set_allocator_settings is deprecated. Use torch._C._accelerator_setAllocatorSettings instead.
[36m(WorkerDict pid=262791)[0m   torch.cuda.memory._set_allocator_settings(f"expandable_segments:{enable}")
[36m(TaskRunner pid=229704)[0m Training Progress:  61%|██████    | 31/51 [3:10:39<2:00:47, 362.37s/it]
[36m(WorkerDict pid=262772)[0m /sfs/weka/scratch/nkw3mr/Vision-OPD-OPSA/verl/utils/device.py:134: FutureWarning: torch.cuda._set_allocator_settings is deprecated. Use torch._C._accelerator_setAllocatorSettings instead.
[36m(WorkerDict pid=262772)[0m   torch.cuda.memory._set_allocator_settings(f"expandable_segments:{enable}")
 - timing_s/agent_loop/slowest/tool_calls:0.0 - timing_s/agent_loop/slowest/prompt_length:3346 - timing_s/agent_loop/slowest/response_length:922 - timing_s/gen:30.534600110026076 - timing_s/adv:16.82520352298161 - timing_s/update_actor:304.17846804100554 - timing_s/dump_rollout_generations:0.057736764021683484 - timing_s/step:351.6218692599796 - timing_s/stop_profile:2.1970015950500965e-05 - timing_per_token_ms/update_actor:0.9012775462922797 - timing_per_token_ms/gen:2.437503002317081 - timing_per_token_ms/adv:0.04985289801977976 - perf/total_num_tokens:337497 - perf/time_per_step:351.6218692599796 - perf/throughput:479.9146889104101
[36m(TaskRunner pid=229704)[0m Dumped generations to /sfs/weka/scratch/nkw3mr/Vision-OPD-OPSA/rollouts/Aha-center-Qwen3.5-4B-6karmA/30.jsonl
[36m(TaskRunner pid=229704)[0m local_global_step_folder: /sfs/weka/scratch/nkw3mr/Vision-OPD-OPSA/checkpoints/Aha-center-Qwen3.5-4B-6karmA/global_step_30
[36m(TaskRunner pid=229704)[0m step:30 - global_seqlen/min:344616 - global_seqlen/max:344616 - global_seqlen/minmax_diff:0 - global_seqlen/balanced_min:344616 - global_seqlen/balanced_max:344616 - global_seqlen/mean:344616.0 - self_distillation/teacher_always_on_fraction:1.0 - self_distillation/teacher_image_swap_fraction:1.0 - self_distillation/policy_fallback_fraction:0.0 - self_distillation/grpo_fallback_count:0.0 - rollout_corr/rollout_is_mean:1.0 - rollout_corr/rollout_is_ratio_fraction_high:0.0 - rollout_corr/rollout_is_ratio_fraction_low:0.0 - rollout_corr/rollout_is_max:1.0 - rollout_corr/rollout_is_min:1.0 - rollout_corr/rollout_is_std:0.0 - rollout_corr/rollout_is_eff_sample_size:1.0 - rollout_corr/rollout_is_seq_mean:1.0 - rollout_corr/rollout_is_seq_std:0.0 - rollout_corr/rollout_is_seq_max:1.0 - rollout_corr/rollout_is_seq_min:1.0 - rollout_corr/rollout_is_seq_max_deviation:0.0 - rollout_corr/rollout_is_seq_fraction_high:0.0 - rollout_corr/rollout_is_seq_fraction_low:0.0 - rollout_corr/training_ppl:2.312474951148033 - rollout_corr/training_log_ppl:0.7943757014969984 - rollout_corr/kl:0.028679946951645736 - rollout_corr/k3_kl:0.025595969006341573 - rollout_corr/rollout_ppl:2.239836855481068 - rollout_corr/rollout_log_ppl:0.7656957488507032 - rollout_corr/log_ppl_diff:0.02867995264629523 - rollout_corr/log_ppl_abs_diff:0.040405835335453354 - rollout_corr/log_ppl_diff_max:0.27477705478668213 - rollout_corr/log_ppl_diff_min:-0.06709682941436768 - rollout_corr/ppl_ratio:1.0302016828209162 - rollout_corr/chi2_token:0.048781625305612884 - rollout_corr/chi2_seq:6.687008452912171 - actor/pg_loss:0.1987495163897014 - actor/kl_loss:0.0 - actor/grpo_loss:0.0 - actor/vopd_loss:0.1987495163897014 - actor/vopd_loss_weighted:0.1987495163897014 - actor/policy_fallback_fraction:0.0 - aha/u_mean:-1.251180324179586 - aha/u_neg_valley_frac:0.5311342168909808 - aha/floor_clamped_frac:0.0 - aha/q_tail_mass:0.015881836706569175 - aha/u_centered_mean:-0.7661582228417197 - aha/u_centered_absmean:1.137754373718053 - aha/u_centered_wmean:-2.9617755388280005e-08 - aha/argmax_conf:0.9647385478019714 - self_distillation/raw_jsd_token_mean:0.19874951638970137 - self_distillation/weighted_jsd_token_mean:0.19874951638970137 - self_distillation/self_distillation_mask.mean():1.0 - self_distillation/num_distill_tokens:167.45833333333334 - self_distillation/empty_target_batch:0.0 - actor/grad_norm:1.0252048969268799 - timing_s/update_actor/student_forward:46.43191085354192 - timing_s/update_actor/teacher_forward:72.85551098105498 - timing_s/update_actor/teacher_full_forward:0.0 - timing_s/update_actor/teacher_null_forward:54.787412765901536 - timing_s/update_actor/loss_compute:0.05467604717705399 - timing_s/update_actor/backward:92.71193542017136 - timing_s/update_actor/optimizer_step:0.08445284696063027 - timing_s/update_actor/teacher_ema_update:3.060197923332453e-05 - perf/mfu/actor:0.0 - perf/max_memory_allocated_gb:84.50172758102417 - perf/max_memory_reserved_gb:96.955078125 - perf/cpu_memory_used_gb:315.99878311157227 - actor/lr:2e-06 - training/global_step:30 - training/epoch:0 - response_length/mean:167.4583282470703 - response_length/max:1024.0 - response_length/min:4.0 - response_length/clip_ratio:0.03125 - response_length_non_aborted/mean:167.4583282470703 - response_length_non_aborted/max:1024.0 - response_length_non_aborted/min:4.0 - response_length_non_aborted/clip_ratio:0.03125 - response/aborted_ratio:0.0 - prompt_length/mean:3422.291748046875 - prompt_length/max:4239.0 - prompt_length/min:3258.0 - prompt_length/clip_ratio:0.0 - num_turns/min:2 - num_turns/max:2 - num_turns/mean:2.0 - timing_s/start_profile:2.30009900406003e-05 - timing_s/agent_loop/generate_sequences/min:3.930426416976843 - timing_s/agent_loop/generate_sequences/max:22.7189549630275 - timing_s/agent_loop/generate_sequences/mean:12.170464837991554 - timing_s/agent_loop/tool_calls/min:0.0 - timing_s/agent_loop/tool_calls/max:0.0 - timing_s/agent_loop/tool_calls/mean:0.0 - timing_s/agent_loop/slowest/generate_sequences:22.7189549630275 - timing_s/agent_loop/slowest/tool_calls:0.0 - timing_s/agent_loop/slowest/prompt_length:3358 - timing_s/agent_loop/slowest/response_length:988 - timing_s/gen:32.006319876003545 - timing_s/adv:18.146514148043934 - timing_s/update_actor:306.6323518510326 - timing_s/dump_rollout_generations:0.0523139409488067 - timing_s/step:356.86140768701443 - timing_s/save_checkpoint:18.89905359299155 - timing_s/stop_profile:2.8188980650156736e-05 - timing_per_token_ms/update_actor:0.8897797892466762 - timing_per_token_ms/gen:1.9909380365764833 - timing_per_token_ms/adv:0.05265720148816055 - perf/total_num_tokens:344616 - perf/time_per_step:356.86140768701443 - perf/throughput:482.84290844675155
[36m(TaskRunner pid=229704)[0m Dumped generations to /sfs/weka/scratch/nkw3mr/Vision-OPD-OPSA/rollouts/Aha-center-Qwen3.5-4B-6karmA/31.jsonl
[36m(TaskRunner pid=229704)[0m step:31 - global_seqlen/min:340289 - global_seqlen/max:340289 - global_seqlen/minmax_diff:0 - global_seqlen/balanced_min:340289 - global_seqlen/balanced_max:340289 - global_seqlen/mean:340289.0 - self_distillation/teacher_always_on_fraction:1.0 - self_distillation/teacher_image_swap_fraction:1.0 - self_distillation/policy_fallback_fraction:0.0 - self_distillation/grpo_fallback_count:0.0 - rollout_corr/rollout_is_mean:1.0 - rollout_corr/rollout_is_ratio_fraction_high:0.0 - rollout_corr/rollout_is_ratio_fraction_low:0.0 - rollout_corr/rollout_is_max:1.0 - rollout_corr/rollout_is_min:1.0 - rollout_corr/rollout_is_std:0.0 - rollout_corr/rollout_is_eff_sample_size:1.0 - rollout_corr/rollout_is_seq_mean:1.0 - rollout_corr/rollout_is_seq_std:0.0 - rollout_corr/rollout_is_seq_max:1.0 - rollout_corr/rollout_is_seq_min:1.0 - rollout_corr/rollout_is_seq_max_deviation:0.0 - rollout_corr/rollout_is_seq_fraction_high:0.0 - rollout_corr/rollout_is_seq_fraction_low:0.0 - rollout_corr/training_ppl:2.4474905567864575 - rollout_corr/training_log_ppl:0.8327961709971229 - rollout_corr/kl:0.021446013318078865 - rollout_corr/k3_kl:0.027071584191920312 - rollout_corr/rollout_ppl:2.3903653162221112 - rollout_corr/rollout_log_ppl:0.8113501503442725 - rollout_corr/log_ppl_diff:0.021446020652850468 - rollout_corr/log_ppl_abs_diff:0.03650977400441965 - rollout_corr/log_ppl_diff_max:0.09625214338302612 - rollout_corr/log_ppl_diff_min:-0.1169043779373169 - rollout_corr/ppl_ratio:1.0224485235909622 - rollout_corr/chi2_token:0.08320966425041358 - rollout_corr/chi2_seq:-0.39401739835739136 - actor/pg_loss:0.2254427868950491 - actor/kl_loss:0.0 - actor/grpo_loss:0.0 - actor/vopd_loss:0.2254427868950491 - actor/vopd_loss_weighted:0.2254427868950491 - actor/policy_fallback_fraction:0.0 - aha/u_mean:-1.1726636483799666 - aha/u_neg_valley_frac:0.5400429011012117 - aha/floor_clamped_frac:0.0 - aha/q_tail_mass:0.011156625888721313 - aha/u_centered_mean:-0.7388974500354379 - aha/u_centered_absmean:1.151898077999552 - aha/u_centered_wmean:-2.135057031085047e-08 - aha/argmax_conf:0.9551904797554016 - self_distillation/raw_jsd_token_mean:0.22544278689504912 - self_distillation/weighted_jsd_token_mean:0.22544278689504912 - self_distillation/self_distillation_mask.mean():1.0 - self_distillation/num_distill_tokens:139.73958333333334 - self_distillation/empty_target_batch:0.0 - actor/grad_norm:1.239185094833374 - timing_s/update_actor/student_forward:54.981093156849965 - timing_s/update_actor/teacher_forward:70.95673992787488 - timing_s/update_actor/teacher_full_forward:0.0 - timing_s/update_actor/teacher_null_forward:54.30020229105139 - timing_s/update_actor/loss_compute:0.05486297275638208 - timing_s/update_actor/backward:86.38753440405708 - timing_s/update_actor/optimizer_step:0.08470893005141988 - timing_s/update_actor/teacher_ema_update:3.09229944832623e-05 - perf/mfu/actor:0.0 - perf/max_memory_allocated_gb:84.50172758102417 - perf/max_memory_reserved_gb:96.955078125 - perf/cpu_memory_used_gb:316.8063087463379 - actor/lr:2e-06 - training/global_step:31 - training/epoch:0 - response_length/mean:139.7395782470703 - response_length/max:1024.0 - response_length/min:4.0 - response_length/clip_ratio:0.03125 - response_length_non_aborted/mean:139.7395782470703 - response_length_non_aborted/max:1024.0 - response_length_non_aborted/min:4.0 - response_length_non_aborted/clip_ratio:0.03125 - response/aborted_ratio:0.0 - prompt_length/mean:3404.9375 - prompt_length/max:5368.0 - prompt_length/min:3255.0 - prompt_length/clip_ratio:0.0 - num_turns/min:2 - num_turns/max:2 - num_turns/mean:2.0 - timing_s/start_profile:7.18780211172998e-05 - timing_s/agent_loop/generate_sequences/min:4.401642384007573 - timing_s/agent_loop/generate_sequences/max:21.631793563021347 - timing_s/agent_loop/generate_sequences/mean:11.913967858763499 - timing_s/agent_loop/tool_calls/min:0.0 - timing_s/agent_loop/tool_calls/max:0.0 - timing_s/agent_loop/tool_calls/mean:0.0 - timing_s/agent_loop/slowest/generate_sequences:21.631793563021347 - timing_s/agent_loop/slowest/to[36m(TaskRunner pid=229704)[0m Training Progress:  63%|██████▎   | 32/51 [3:16:31<1:53:48, 359.41s/it]
[36m(TaskRunner pid=229704)[0m Training Progress:  65%|██████▍   | 33/51 [3:22:18<1:46:40, 355.61s/it]
ol_calls:0.0 - timing_s/agent_loop/slowest/prompt_length:3347 - timing_s/agent_loop/slowest/response_length:1024 - timing_s/gen:31.053191685990896 - timing_s/adv:19.90890057903016 - timing_s/update_actor:306.58941393799614 - timing_s/dump_rollout_generations:0.05550021701492369 - timing_s/step:357.626823892002 - timing_s/stop_profile:3.757199738174677e-05 - timing_per_token_ms/update_actor:0.9009677478202238 - timing_per_token_ms/gen:2.3148111581059183 - timing_per_token_ms/adv:0.05850585995736024 - perf/total_num_tokens:340289 - perf/time_per_step:357.626823892002 - perf/throughput:475.75989448537877
[36m(TaskRunner pid=229704)[0m Dumped generations to /sfs/weka/scratch/nkw3mr/Vision-OPD-OPSA/rollouts/Aha-center-Qwen3.5-4B-6karmA/32.jsonl
[36m(TaskRunner pid=229704)[0m step:32 - global_seqlen/min:340851 - global_seqlen/max:340851 - global_seqlen/minmax_diff:0 - global_seqlen/balanced_min:340851 - global_seqlen/balanced_max:340851 - global_seqlen/mean:340851.0 - self_distillation/teacher_always_on_fraction:1.0 - self_distillation/teacher_image_swap_fraction:1.0 - self_distillation/policy_fallback_fraction:0.0 - self_distillation/grpo_fallback_count:0.0 - rollout_corr/rollout_is_mean:1.0 - rollout_corr/rollout_is_ratio_fraction_high:0.0 - rollout_corr/rollout_is_ratio_fraction_low:0.0 - rollout_corr/rollout_is_max:1.0 - rollout_corr/rollout_is_min:1.0 - rollout_corr/rollout_is_std:0.0 - rollout_corr/rollout_is_eff_sample_size:1.0 - rollout_corr/rollout_is_seq_mean:1.0 - rollout_corr/rollout_is_seq_std:0.0 - rollout_corr/rollout_is_seq_max:1.0 - rollout_corr/rollout_is_seq_min:1.0 - rollout_corr/rollout_is_seq_max_deviation:0.0 - rollout_corr/rollout_is_seq_fraction_high:0.0 - rollout_corr/rollout_is_seq_fraction_low:0.0 - rollout_corr/training_ppl:2.4284902922809124 - rollout_corr/training_log_ppl:0.8335541367220382 - rollout_corr/kl:0.025512320691670236 - rollout_corr/k3_kl:0.02792529227335668 - rollout_corr/rollout_ppl:2.35471361130476 - rollout_corr/rollout_log_ppl:0.8080418207682669 - rollout_corr/log_ppl_diff:0.025512315953771274 - rollout_corr/log_ppl_abs_diff:0.04308924823999405 - rollout_corr/log_ppl_diff_max:0.1549379825592041 - rollout_corr/log_ppl_diff_min:-0.15951505303382874 - rollout_corr/ppl_ratio:1.0270161951581638 - rollout_corr/chi2_token:0.07183501186470191 - rollout_corr/chi2_seq:0.06932806658248107 - actor/pg_loss:0.20594817627716105 - actor/kl_loss:0.0 - actor/grpo_loss:0.0 - actor/vopd_loss:0.20594817627716105 - actor/vopd_loss_weighted:0.20594817627716105 - actor/policy_fallback_fraction:0.0 - aha/u_mean:-0.9627411347658684 - aha/u_neg_valley_frac:0.5175535942738255 - aha/floor_clamped_frac:0.0 - aha/q_tail_mass:0.0165121979470797 - aha/u_centered_mean:-0.636521438912799 - aha/u_centered_absmean:1.0285364068113267 - aha/u_centered_wmean:-2.3607263387181998e-08 - aha/argmax_conf:0.9713446497917175 - self_distillation/raw_jsd_token_mean:0.2059481762771611 - self_distillation/weighted_jsd_token_mean:0.2059481762771611 - self_distillation/self_distillation_mask.mean():1.0 - self_distillation/num_distill_tokens:178.30208333333334 - self_distillation/empty_target_batch:0.0 - actor/grad_norm:1.2263591289520264 - timing_s/update_actor/student_forward:55.41048450861126 - timing_s/update_actor/teacher_forward:70.31234617624432 - timing_s/update_actor/teacher_full_forward:0.0 - timing_s/update_actor/teacher_null_forward:52.40871409326792 - timing_s/update_actor/loss_compute:0.055139134055934846 - timing_s/update_actor/backward:85.74480456428137 - timing_s/update_actor/optimizer_step:0.08526780596002936 - timing_s/update_actor/teacher_ema_update:3.2744952477514744e-05 - perf/mfu/actor:0.0 - perf/max_memory_allocated_gb:84.50172758102417 - perf/max_memory_reserved_gb:96.955078125 - perf/cpu_memory_used_gb:315.2405700683594 - actor/lr:2e-06 - training/global_step:32 - training/epoch:0 - response_length/mean:178.3020782470703 - response_length/max:1024.0 - response_length/min:4.0 - response_length/clip_ratio:0.0520833320915699 - response_length_non_aborted/mean:178.3020782470703 - response_length_non_aborted/max:1024.0 - response_length_non_aborted/min:4.0 - response_length_non_aborted/clip_ratio:0.0520833320915699 - response/aborted_ratio:0.0 - prompt_length/mean:3372.229248046875 - prompt_length/max:3958.0 - prompt_length/min:3157.0 - prompt_length/clip_ratio:0.0 - num_turns/min:2 - num_turns/max:2 - num_turns/mean:2.0 - timing_s/start_profile:2.6106019504368305e-05 - timing_s/agent_loop/generate_sequences/min:1.2821163900080137 - timing_s/agent_loop/generate_sequences/max:23.855908832978457 - timing_s/agent_loop/generate_sequences/mean:11.942628270396503 - timing_s/agent_loop/tool_calls/min:0.0 - timing_s/agent_loop/tool_calls/max:0.0 - timing_s/agent_loop/tool_calls/mean:0.0 - timing_s/agent_loop/slowest/generate_sequences:23.855908832978457 - timing_s/agent_loop/slowest/tool_calls:0.0 - timing_s/agent_loop/slowest/prompt_length:3350 - timing_s/agent_loop/slowest/response_length:1024 - timing_s/gen:33.18975760502508 - timing_s/adv:19.48008407402085 - timing_s/update_actor:299.5509173249593 - timing_s/dump_rollout_generations:0.05351421900559217 - timing_s/step:352.29474639403634 - timing_s/stop_profile:2.392195165157318e-05 - timing_per_token_ms/update_actor:0.8788324438683158 - timing_per_token_ms/gen:1.938993842672494 - timing_per_token_ms/adv:0.05715131853513955 - perf/total_num_tokens:340851 - perf/time_per_step:352.29474639403634 - perf/throughput:483.75827838596734
[36m(TaskRunner pid=229704)[0m Dumped generations to /sfs/weka/scratch/nkw3mr/Vision-OPD-OPSA/rollouts/Aha-center-Qwen3.5-4B-6karmA/33.jsonl
[36m(TaskRunner pid=229704)[0m step:33 - global_seqlen/min:334548 - global_seqlen/max:334548 - global_seqlen/minmax_diff:0 - global_seqlen/balanced_min:334548 - global_seqlen/balanced_max:334548 - global_seqlen/mean:334548.0 - self_distillation/teacher_always_on_fraction:1.0 - self_distillation/teacher_image_swap_fraction:1.0 - self_distillation/policy_fallback_fraction:0.0 - self_distillation/grpo_fallback_count:0.0 - rollout_corr/rollout_is_mean:1.0 - rollout_corr/rollout_is_ratio_fraction_high:0.0 - rollout_corr/rollout_is_ratio_fraction_low:0.0 - rollout_corr/rollout_is_max:1.0 - rollout_corr/rollout_is_min:1.0 - rollout_corr/rollout_is_std:0.0 - rollout_corr/rollout_is_eff_sample_size:1.0 - rollout_corr/rollout_is_seq_mean:1.0 - rollout_corr/rollout_is_seq_std:0.0 - rollout_corr/rollout_is_seq_max:1.0 - rollout_corr/rollout_is_seq_min:1.0 - rollout_corr/rollout_is_seq_max_deviation:0.0 - rollout_corr/rollout_is_seq_fraction_high:0.0 - rollout_corr/rollout_is_seq_fraction_low:0.0 - rollout_corr/training_ppl:2.3964489611486592 - rollout_corr/training_log_ppl:0.7639599876323094 - rollout_corr/kl:0.007652143811355927 - rollout_corr/k3_kl:0.02152909326243761 - rollout_corr/rollout_ppl:2.3519298819204173 - rollout_corr/rollout_log_ppl:0.7563078352250159 - rollout_corr/log_ppl_diff:0.007652152407293518 - rollout_corr/log_ppl_abs_diff:0.03683845691072444 - rollout_corr/log_ppl_diff_max:0.1498579978942871 - rollout_corr/log_ppl_diff_min:-0.13818147778511047 - rollout_corr/ppl_ratio:1.0087469139446814 - rollout_corr/chi2_token:0.07845589456458886 - rollout_corr/chi2_seq:1.7955715786665678 - actor/pg_loss:0.1890578477608263 - actor/kl_loss:0.0 - actor/grpo_loss:0.0 - actor/vopd_loss:0.1890578477608263 - actor/vopd_loss_weighted:0.1890578477608263 - actor/policy_fallback_fraction:0.0 - aha/u_mean:-1.3075640471021568 - aha/u_neg_valley_frac:0.5185336056165397 - aha/floor_clamped_frac:0.0 - aha/q_tail_mass:0.018630043282730657 - aha/u_centered_mean:-0.7557218250876758 - aha/u_centered_absmean:1.1126581053249538 - aha/u_centered_wmean:-3.0979930084815144e-08 - aha/argmax_conf:0.9771970510482788 - self_distillation/raw_jsd_token_mean:0.18905784776082632 - self_distillation/weighted_jsd_token_mean:0.18905784776082632 - self_distillation/self_distillation_mask.mean():1.0 - self_distillation/num_distill_tokens:115.20833333333333 - self_distillation/empty_target_batch:0.0 - actor/grad_norm:1.0139809846878052 - timing_s/update_actor/student_forward:62.50537432800047 - timing_s/update_actor/teacher_forward:51.89276212826371 - timing_s/update_actor/teacher_full_forward:0.0 - timing_s/update_actor/teacher_null_forward:65.01992687478196 - timing_s/update_actor/loss_compute:0.054197234101593494 - timing_s/update_actor/backward:85.51873480912764 - timing_s/update_actor/optimizer_step:0.08485837298212573 - timing_s/update_actor/teacher_ema_update:3.842299338430166e-05 - perf/mfu/actor:0.0 - perf/max_memory_allocated_gb:84.50172758102417 - perf/max_memory_reserved_gb:96.955078125 - perf/cpu_memory_used_gb:315.26163482666016 - actor/lr:2e-06 - training/global_step:33 - training/epoch:0 - response_length/mean:115.20833587646484 - response_length/max:1024.0 - response_length/min:4.0 - response_length/clip_ratio:0.010416666977107525 - response_length_non_aborted/mean:115.20833587646484 - response_length_non_aborted/max:1024.0 - response_length_non_aborted/min:4.0 - response_length_non_aborted/clip_ratio:0.010416666977107525 - response/aborted_ratio:0.0 - prompt_length/mean:3369.666748046875 - prompt_length/max:4002.0 - prompt_length/min:3341.0 - prompt_length/clip_ratio:0.0 - num_turns/min:2 - num_turns/max:2 - num_turns/mean:2.0 - timing_s/start_profile:2.157897688448429e-05 - timing_s/agent_loop/generate_sequences/min:3.1520692560006864 - timing_s/agent_loop/generate_sequences/max:20.50832906999858 - timing_s/agent_loop/generate_sequences/mean:10.370525363594425 - timing_s/agent_loop/tool_calls/min:0.0 - timing_s/agent_loop/tool_calls/max:0.0 - timing_s/agent_loop/tool_calls/mean:0.0 - timing_s/agent_loop/slowest/generate_sequences:20.508329069[36m(TaskRunner pid=229704)[0m Training Progress:  67%|██████▋   | 34/51 [3:28:10<1:40:24, 354.41s/it]
[36m(TaskRunner pid=229704)[0m Training Progress:  69%|██████▊   | 35/51 [3:34:17<1:35:32, 358.26s/it]
99858 - timing_s/agent_loop/slowest/tool_calls:0.0 - timing_s/agent_loop/slowest/prompt_length:3348 - timing_s/agent_loop/slowest/response_length:1024 - timing_s/gen:30.299909909022972 - timing_s/adv:16.802644405979663 - timing_s/update_actor:299.35302042699186 - timing_s/dump_rollout_generations:0.05824750999454409 - timing_s/step:346.54050346201984 - timing_s/stop_profile:2.7918023988604546e-05 - timing_per_token_ms/update_actor:0.8947984158536051 - timing_per_token_ms/gen:2.739594024323958 - timing_per_token_ms/adv:0.05022491363266157 - perf/total_num_tokens:334548 - perf/time_per_step:346.54050346201984 - perf/throughput:482.69682282126917
[36m(TaskRunner pid=229704)[0m Dumped generations to /sfs/weka/scratch/nkw3mr/Vision-OPD-OPSA/rollouts/Aha-center-Qwen3.5-4B-6karmA/34.jsonl
[36m(TaskRunner pid=229704)[0m step:34 - global_seqlen/min:343732 - global_seqlen/max:343732 - global_seqlen/minmax_diff:0 - global_seqlen/balanced_min:343732 - global_seqlen/balanced_max:343732 - global_seqlen/mean:343732.0 - self_distillation/teacher_always_on_fraction:1.0 - self_distillation/teacher_image_swap_fraction:1.0 - self_distillation/policy_fallback_fraction:0.0 - self_distillation/grpo_fallback_count:0.0 - rollout_corr/rollout_is_mean:1.0 - rollout_corr/rollout_is_ratio_fraction_high:0.0 - rollout_corr/rollout_is_ratio_fraction_low:0.0 - rollout_corr/rollout_is_max:1.0 - rollout_corr/rollout_is_min:1.0 - rollout_corr/rollout_is_std:0.0 - rollout_corr/rollout_is_eff_sample_size:1.0 - rollout_corr/rollout_is_seq_mean:1.0 - rollout_corr/rollout_is_seq_std:0.0 - rollout_corr/rollout_is_seq_max:1.0 - rollout_corr/rollout_is_seq_min:1.0 - rollout_corr/rollout_is_seq_max_deviation:0.0 - rollout_corr/rollout_is_seq_fraction_high:0.0 - rollout_corr/rollout_is_seq_fraction_low:0.0 - rollout_corr/training_ppl:2.5238441601395607 - rollout_corr/training_log_ppl:0.8481410889265438 - rollout_corr/kl:0.010089527793146166 - rollout_corr/k3_kl:0.027091562932279583 - rollout_corr/rollout_ppl:2.479057708134254 - rollout_corr/rollout_log_ppl:0.838051552263399 - rollout_corr/log_ppl_diff:0.010089536663144827 - rollout_corr/log_ppl_abs_diff:0.04215782120202979 - rollout_corr/log_ppl_diff_max:0.09168517589569092 - rollout_corr/log_ppl_diff_min:-0.13014131784439087 - rollout_corr/ppl_ratio:1.011446059991916 - rollout_corr/chi2_token:0.0974628155430158 - rollout_corr/chi2_seq:2.050458853443464 - actor/pg_loss:0.20275097236541711 - actor/kl_loss:0.0 - actor/grpo_loss:0.0 - actor/vopd_loss:0.20275097236541711 - actor/vopd_loss_weighted:0.20275097236541711 - actor/policy_fallback_fraction:0.0 - aha/u_mean:-1.1842908292116288 - aha/u_neg_valley_frac:0.5263382727280259 - aha/floor_clamped_frac:0.0 - aha/q_tail_mass:0.014791873806456598 - aha/u_centered_mean:-0.7110187825746834 - aha/u_centered_absmean:1.0857767998240888 - aha/u_centered_wmean:-2.7040512132955424e-08 - aha/argmax_conf:0.9678711295127869 - self_distillation/raw_jsd_token_mean:0.2027509723654172 - self_distillation/weighted_jsd_token_mean:0.2027509723654172 - self_distillation/self_distillation_mask.mean():1.0 - self_distillation/num_distill_tokens:147.3125 - self_distillation/empty_target_batch:0.0 - actor/grad_norm:1.9315752983093262 - timing_s/update_actor/student_forward:58.35288342688 - timing_s/update_actor/teacher_forward:60.42312790051801 - timing_s/update_actor/teacher_full_forward:0.0 - timing_s/update_actor/teacher_null_forward:60.60815367801115 - timing_s/update_actor/loss_compute:0.053093775059096515 - timing_s/update_actor/backward:86.69665117759723 - timing_s/update_actor/optimizer_step:0.08456737303640693 - timing_s/update_actor/teacher_ema_update:3.5078031942248344e-05 - perf/mfu/actor:0.0 - perf/max_memory_allocated_gb:84.50172758102417 - perf/max_memory_reserved_gb:96.955078125 - perf/cpu_memory_used_gb:317.1210289001465 - actor/lr:2e-06 - training/global_step:34 - training/epoch:0 - response_length/mean:147.3125 - response_length/max:1024.0 - response_length/min:4.0 - response_length/clip_ratio:0.0416666679084301 - response_length_non_aborted/mean:147.3125 - response_length_non_aborted/max:1024.0 - response_length_non_aborted/min:4.0 - response_length_non_aborted/clip_ratio:0.0416666679084301 - response/aborted_ratio:0.0 - prompt_length/mean:3433.229248046875 - prompt_length/max:4849.0 - prompt_length/min:3342.0 - prompt_length/clip_ratio:0.0 - num_turns/min:2 - num_turns/max:2 - num_turns/mean:2.0 - timing_s/start_profile:3.304501296952367e-05 - timing_s/agent_loop/generate_sequences/min:3.946427380957175 - timing_s/agent_loop/generate_sequences/max:22.591928752954118 - timing_s/agent_loop/generate_sequences/mean:12.06620800275717 - timing_s/agent_loop/tool_calls/min:0.0 - timing_s/agent_loop/tool_calls/max:0.0 - timing_s/agent_loop/tool_calls/mean:0.0 - timing_s/agent_loop/slowest/generate_sequences:22.591928752954118 - timing_s/agent_loop/slowest/tool_calls:0.0 - timing_s/agent_loop/slowest/prompt_length:3343 - timing_s/agent_loop/slowest/response_length:1024 - timing_s/gen:32.03578023496084 - timing_s/adv:17.014213042974006 - timing_s/update_actor:302.3140871039941 - timing_s/dump_rollout_generations:0.05391865398269147 - timing_s/step:351.4401963860146 - timing_s/stop_profile:2.2791035007685423e-05 - timing_per_token_ms/update_actor:0.8795052165756871 - timing_per_token_ms/gen:2.2652934687428115 - timing_per_token_ms/adv:0.04949848440928981 - perf/total_num_tokens:343732 - perf/time_per_step:351.4401963860146 - perf/throughput:489.0334166875606
[36m(TaskRunner pid=229704)[0m Dumped generations to /sfs/weka/scratch/nkw3mr/Vision-OPD-OPSA/rollouts/Aha-center-Qwen3.5-4B-6karmA/35.jsonl
[36m(TaskRunner pid=229704)[0m local_global_step_folder: /sfs/weka/scratch/nkw3mr/Vision-OPD-OPSA/checkpoints/Aha-center-Qwen3.5-4B-6karmA/global_step_35
[36m(TaskRunner pid=229704)[0m step:35 - global_seqlen/min:336045 - global_seqlen/max:336045 - global_seqlen/minmax_diff:0 - global_seqlen/balanced_min:336045 - global_seqlen/balanced_max:336045 - global_seqlen/mean:336045.0 - self_distillation/teacher_always_on_fraction:1.0 - self_distillation/teacher_image_swap_fraction:1.0 - self_distillation/policy_fallback_fraction:0.0 - self_distillation/grpo_fallback_count:0.0 - rollout_corr/rollout_is_mean:1.0 - rollout_corr/rollout_is_ratio_fraction_high:0.0 - rollout_corr/rollout_is_ratio_fraction_low:0.0 - rollout_corr/rollout_is_max:1.0 - rollout_corr/rollout_is_min:1.0 - rollout_corr/rollout_is_std:0.0 - rollout_corr/rollout_is_eff_sample_size:1.0 - rollout_corr/rollout_is_seq_mean:1.0 - rollout_corr/rollout_is_seq_std:0.0 - rollout_corr/rollout_is_seq_max:1.0 - rollout_corr/rollout_is_seq_min:1.0 - rollout_corr/rollout_is_seq_max_deviation:0.0 - rollout_corr/rollout_is_seq_fraction_high:0.0 - rollout_corr/rollout_is_seq_fraction_low:0.0 - rollout_corr/training_ppl:2.7937697619199753 - rollout_corr/training_log_ppl:0.873979963051776 - rollout_corr/kl:0.016374598414283053 - rollout_corr/k3_kl:0.03388230848941021 - rollout_corr/rollout_ppl:2.747030559927225 - rollout_corr/rollout_log_ppl:0.8576053550156454 - rollout_corr/log_ppl_diff:0.016374608036130667 - rollout_corr/log_ppl_abs_diff:0.04805886388445894 - rollout_corr/log_ppl_diff_max:0.2720777988433838 - rollout_corr/log_ppl_diff_min:-0.19220328330993652 - rollout_corr/ppl_ratio:1.0186422616243362 - rollout_corr/chi2_token:0.14183969981968403 - rollout_corr/chi2_seq:1.0130779650062323 - actor/pg_loss:0.20087304273329207 - actor/kl_loss:0.0 - actor/grpo_loss:0.0 - actor/vopd_loss:0.20087304273329207 - actor/vopd_loss_weighted:0.20087304273329207 - actor/policy_fallback_fraction:0.0 - aha/u_mean:-1.0472815723721094 - aha/u_neg_valley_frac:0.508357530614982 - aha/floor_clamped_frac:0.0 - aha/q_tail_mass:0.010234153208893796 - aha/u_centered_mean:-0.6254661755519919 - aha/u_centered_absmean:1.0139148710295558 - aha/u_centered_wmean:-2.3417721598956626e-08 - aha/argmax_conf:0.9610801935195923 - self_distillation/raw_jsd_token_mean:0.2008730427332921 - self_distillation/weighted_jsd_token_mean:0.2008730427332921 - self_distillation/self_distillation_mask.mean():1.0 - self_distillation/num_distill_tokens:139.32291666666666 - self_distillation/empty_target_batch:0.0 - actor/grad_norm:1.4208213090896606 - timing_s/update_actor/student_forward:35.10086091014091 - timing_s/update_actor/teacher_forward:77.37544140825048 - timing_s/update_actor/teacher_full_forward:0.0 - timing_s/update_actor/teacher_null_forward:53.26411944680149 - timing_s/update_actor/loss_compute:0.0552236731746234 - timing_s/update_actor/backward:98.15864372620126 - timing_s/update_actor/optimizer_step:0.0848767239949666 - timing_s/update_actor/teacher_ema_update:4.010502016171813e-05 - perf/mfu/actor:0.0 - perf/max_memory_allocated_gb:84.50172758102417 - perf/max_memory_reserved_gb:96.955078125 - perf/cpu_memory_used_gb:315.9145812988281 - actor/lr:2e-06 - training/global_step:35 - training/epoch:0 - response_length/mean:139.3229217529297 - response_length/max:1024.0 - response_length/min:4.0 - response_length/clip_ratio:0.03125 - response_length_non_aborted/mean:139.3229217529297 - response_length_non_aborted/max:1024.0 - response_length_non_aborted/min:4.0 - response_length_non_aborted/clip_ratio:0.03125 - response/aborted_ratio:0.0 - prompt_length/mean:3361.145751953125 - prompt_length/max:3960.0 - prompt_length/min:3205.0 - prompt_length/clip_ratio:0.0 - num_turns/min:2 - num_turns/max:2 - num_turns/mean:2.0 - timing_s/start_profile:2.104899613186717e-05 - timing_s/agent_loop/generate_sequences/min:3.425149239017628 - timing_s/agent_loop/generate_sequences/max:21.99272745498456 - timing_s/agent_loop/generate_sequences/mean:11.139860326073782 - timing_s/agent_loop/tool_calls/min:0.0 - timing_s/agent_loop/tool_calls/max:0.0 - timing_s/agent_loop/tool_calls/mean:0.0 - timing_s/agent_loop/slowest/generate_sequences:21.99272745498456 - timing_s/agent_loop/slowest[36m(WorkerDict pid=262791)[0m /sfs/weka/scratch/nkw3mr/Vision-OPD-OPSA/verl/utils/device.py:134: FutureWarning: torch.cuda._set_allocator_settings is deprecated. Use torch._C._accelerator_setAllocatorSettings instead.
[36m(WorkerDict pid=262791)[0m   torch.cuda.memory._set_allocator_settings(f"expandable_segments:{enable}")
[36m(TaskRunner pid=229704)[0m Training Progress:  71%|███████   | 36/51 [3:40:18<1:29:48, 359.21s/it]
[36m(WorkerDict pid=262772)[0m /sfs/weka/scratch/nkw3mr/Vision-OPD-OPSA/verl/utils/device.py:134: FutureWarning: torch.cuda._set_allocator_settings is deprecated. Use torch._C._accelerator_setAllocatorSettings instead.
[36m(WorkerDict pid=262772)[0m   torch.cuda.memory._set_allocator_settings(f"expandable_segments:{enable}")
[36m(TaskRunner pid=229704)[0m Training Progress:  73%|███████▎  | 37/51 [3:46:20<1:23:58, 359.86s/it]
/tool_calls:0.0 - timing_s/agent_loop/slowest/prompt_length:3346 - timing_s/agent_loop/slowest/response_length:1024 - timing_s/gen:31.55362012400292 - timing_s/adv:17.264345758012496 - timing_s/update_actor:298.80281650595134 - timing_s/dump_rollout_generations:0.30270061001647264 - timing_s/step:347.9437062779907 - timing_s/save_checkpoint:19.075860303011723 - timing_s/stop_profile:5.256303120404482e-05 - timing_per_token_ms/update_actor:0.8891750108049558 - timing_per_token_ms/gen:2.359149168149751 - timing_per_token_ms/adv:0.05137510082879524 - perf/total_num_tokens:336045 - perf/time_per_step:347.9437062779907 - perf/throughput:482.90139171466404
[36m(TaskRunner pid=229704)[0m Dumped generations to /sfs/weka/scratch/nkw3mr/Vision-OPD-OPSA/rollouts/Aha-center-Qwen3.5-4B-6karmA/36.jsonl
[36m(TaskRunner pid=229704)[0m step:36 - global_seqlen/min:350668 - global_seqlen/max:350668 - global_seqlen/minmax_diff:0 - global_seqlen/balanced_min:350668 - global_seqlen/balanced_max:350668 - global_seqlen/mean:350668.0 - self_distillation/teacher_always_on_fraction:1.0 - self_distillation/teacher_image_swap_fraction:1.0 - self_distillation/policy_fallback_fraction:0.0 - self_distillation/grpo_fallback_count:0.0 - rollout_corr/rollout_is_mean:1.0 - rollout_corr/rollout_is_ratio_fraction_high:0.0 - rollout_corr/rollout_is_ratio_fraction_low:0.0 - rollout_corr/rollout_is_max:1.0 - rollout_corr/rollout_is_min:1.0 - rollout_corr/rollout_is_std:0.0 - rollout_corr/rollout_is_eff_sample_size:1.0 - rollout_corr/rollout_is_seq_mean:1.0 - rollout_corr/rollout_is_seq_std:0.0 - rollout_corr/rollout_is_seq_max:1.0 - rollout_corr/rollout_is_seq_min:1.0 - rollout_corr/rollout_is_seq_max_deviation:0.0 - rollout_corr/rollout_is_seq_fraction_high:0.0 - rollout_corr/rollout_is_seq_fraction_low:0.0 - rollout_corr/training_ppl:2.6041643594702086 - rollout_corr/training_log_ppl:0.9008293232570092 - rollout_corr/kl:0.024140388817916875 - rollout_corr/k3_kl:0.02997778611703931 - rollout_corr/rollout_ppl:2.533141925930977 - rollout_corr/rollout_log_ppl:0.8766889267911514 - rollout_corr/log_ppl_diff:0.024140396465857823 - rollout_corr/log_ppl_abs_diff:0.03644133980075518 - rollout_corr/log_ppl_diff_max:0.2311759889125824 - rollout_corr/log_ppl_diff_min:-0.16281616687774658 - rollout_corr/ppl_ratio:1.025370550652345 - rollout_corr/chi2_token:0.09417012520134449 - rollout_corr/chi2_seq:10.028376364459595 - actor/pg_loss:0.23278643807861954 - actor/kl_loss:0.0 - actor/grpo_loss:0.0 - actor/vopd_loss:0.23278643807861954 - actor/vopd_loss_weighted:0.23278643807861954 - actor/policy_fallback_fraction:0.0 - aha/u_mean:-0.8868310480417373 - aha/u_neg_valley_frac:0.5501458218010763 - aha/floor_clamped_frac:0.0 - aha/q_tail_mass:0.01005879806300373 - aha/u_centered_mean:-0.6624001609937599 - aha/u_centered_absmean:1.0889013322691123 - aha/u_centered_wmean:-1.7234238577912286e-08 - aha/argmax_conf:0.9793130159378052 - self_distillation/raw_jsd_token_mean:0.23278643807861954 - self_distillation/weighted_jsd_token_mean:0.23278643807861954 - self_distillation/self_distillation_mask.mean():1.0 - self_distillation/num_distill_tokens:203.66666666666666 - self_distillation/empty_target_batch:0.0 - actor/grad_norm:1.0402069091796875 - timing_s/update_actor/student_forward:50.75968781096162 - timing_s/update_actor/teacher_forward:69.056978810695 - timing_s/update_actor/teacher_full_forward:0.0 - timing_s/update_actor/teacher_null_forward:55.899477148777805 - timing_s/update_actor/loss_compute:0.053593932650983334 - timing_s/update_actor/backward:91.92738253704738 - timing_s/update_actor/optimizer_step:0.08455115201650187 - timing_s/update_actor/teacher_ema_update:4.0646002162247896e-05 - perf/mfu/actor:0.0 - perf/max_memory_allocated_gb:84.50172758102417 - perf/max_memory_reserved_gb:96.955078125 - perf/cpu_memory_used_gb:317.2786636352539 - actor/lr:2e-06 - training/global_step:36 - training/epoch:0 - response_length/mean:203.6666717529297 - response_length/max:1024.0 - response_length/min:4.0 - response_length/clip_ratio:0.0520833320915699 - response_length_non_aborted/mean:203.6666717529297 - response_length_non_aborted/max:1024.0 - response_length_non_aborted/min:4.0 - response_length_non_aborted/clip_ratio:0.0520833320915699 - response/aborted_ratio:0.0 - prompt_length/mean:3449.125 - prompt_length/max:5888.0 - prompt_length/min:3157.0 - prompt_length/clip_ratio:0.0 - num_turns/min:2 - num_turns/max:2 - num_turns/mean:2.0 - timing_s/start_profile:2.2831023670732975e-05 - timing_s/agent_loop/generate_sequences/min:3.8949103059712797 - timing_s/agent_loop/generate_sequences/max:23.582222360011656 - timing_s/agent_loop/generate_sequences/mean:13.823135819615345 - timing_s/agent_loop/tool_calls/min:0.0 - timing_s/agent_loop/tool_calls/max:0.0 - timing_s/agent_loop/tool_calls/mean:0.0 - timing_s/agent_loop/slowest/generate_sequences:23.582222360011656 - timing_s/agent_loop/slowest/tool_calls:0.0 - timing_s/agent_loop/slowest/prompt_length:3345 - timing_s/agent_loop/slowest/response_length:1024 - timing_s/gen:32.82262561802054 - timing_s/adv:18.499617673980538 - timing_s/update_actor:309.35614584200084 - timing_s/dump_rollout_generations:0.4575162149849348 - timing_s/step:361.1598225419875 - timing_s/stop_profile:2.5195011403411627e-05 - timing_per_token_ms/update_actor:0.8821909779107328 - timing_per_token_ms/gen:1.67873494363853 - timing_per_token_ms/adv:0.05275536311833568 - perf/total_num_tokens:350668 - perf/time_per_step:361.1598225419875 - perf/throughput:485.4748204435617
[36m(TaskRunner pid=229704)[0m Dumped generations to /sfs/weka/scratch/nkw3mr/Vision-OPD-OPSA/rollouts/Aha-center-Qwen3.5-4B-6karmA/37.jsonl
[36m(TaskRunner pid=229704)[0m step:37 - global_seqlen/min:347034 - global_seqlen/max:347034 - global_seqlen/minmax_diff:0 - global_seqlen/balanced_min:347034 - global_seqlen/balanced_max:347034 - global_seqlen/mean:347034.0 - self_distillation/teacher_always_on_fraction:1.0 - self_distillation/teacher_image_swap_fraction:1.0 - self_distillation/policy_fallback_fraction:0.0 - self_distillation/grpo_fallback_count:0.0 - rollout_corr/rollout_is_mean:1.0 - rollout_corr/rollout_is_ratio_fraction_high:0.0 - rollout_corr/rollout_is_ratio_fraction_low:0.0 - rollout_corr/rollout_is_max:1.0 - rollout_corr/rollout_is_min:1.0 - rollout_corr/rollout_is_std:0.0 - rollout_corr/rollout_is_eff_sample_size:1.0 - rollout_corr/rollout_is_seq_mean:1.0 - rollout_corr/rollout_is_seq_std:0.0 - rollout_corr/rollout_is_seq_max:1.0 - rollout_corr/rollout_is_seq_min:1.0 - rollout_corr/rollout_is_seq_max_deviation:0.0 - rollout_corr/rollout_is_seq_fraction_high:0.0 - rollout_corr/rollout_is_seq_fraction_low:0.0 - rollout_corr/training_ppl:2.643445197492838 - rollout_corr/training_log_ppl:0.9008013543207198 - rollout_corr/kl:0.020509275624741957 - rollout_corr/k3_kl:0.02634212880366249 - rollout_corr/rollout_ppl:2.5850742645561695 - rollout_corr/rollout_log_ppl:0.8802920751428852 - rollout_corr/log_ppl_diff:0.02050927917783459 - rollout_corr/log_ppl_abs_diff:0.03266158311938246 - rollout_corr/log_ppl_diff_max:0.11861860752105713 - rollout_corr/log_ppl_diff_min:-0.11388230323791504 - rollout_corr/ppl_ratio:1.0213585402816534 - rollout_corr/chi2_token:0.07651816494762897 - rollout_corr/chi2_seq:0.009358696639537811 - actor/pg_loss:0.22153560633887534 - actor/kl_loss:0.0 - actor/grpo_loss:0.0 - actor/vopd_loss:0.22153560633887534 - actor/vopd_loss_weighted:0.22153560633887534 - actor/policy_fallback_fraction:0.0 - aha/u_mean:-0.8911582565827606 - aha/u_neg_valley_frac:0.5506131661434969 - aha/floor_clamped_frac:0.0 - aha/q_tail_mass:0.016677158273940524 - aha/u_centered_mean:-0.6504016425848628 - aha/u_centered_absmean:1.079667195988198 - aha/u_centered_wmean:-1.3708497782529324e-08 - aha/argmax_conf:0.985763669013977 - self_distillation/raw_jsd_token_mean:0.22153560633887537 - self_distillation/weighted_jsd_token_mean:0.22153560633887537 - self_distillation/self_distillation_mask.mean():1.0 - self_distillation/num_distill_tokens:191.27083333333334 - self_distillation/empty_target_batch:0.0 - actor/grad_norm:1.0008481740951538 - timing_s/update_actor/student_forward:54.08301606104942 - timing_s/update_actor/teacher_forward:69.51937990722945 - timing_s/update_actor/teacher_full_forward:0.0 - timing_s/update_actor/teacher_null_forward:56.89151070086518 - timing_s/update_actor/loss_compute:0.05558076681336388 - timing_s/update_actor/backward:86.70152484934079 - timing_s/update_actor/optimizer_step:0.08484888699604198 - timing_s/update_actor/teacher_ema_update:6.174499867483974e-05 - perf/mfu/actor:0.0 - perf/max_memory_allocated_gb:84.50172758102417 - perf/max_memory_reserved_gb:96.955078125 - perf/cpu_memory_used_gb:314.86463928222656 - actor/lr:2e-06 - training/global_step:37 - training/epoch:0 - response_length/mean:191.2708282470703 - response_length/max:1024.0 - response_length/min:4.0 - response_length/clip_ratio:0.0416666679084301 - response_length_non_aborted/mean:191.2708282470703 - response_length_non_aborted/max:1024.0 - response_length_non_aborted/min:4.0 - response_length_non_aborted/clip_ratio:0.0416666679084301 - response/aborted_ratio:0.0 - prompt_length/mean:3423.666748046875 - prompt_length/max:4162.0 - prompt_length/min:3158.0 - prompt_length/clip_ratio:0.0 - num_turns/min:2 - num_turns/max:2 - num_turns/mean:2.0 - timing_s/start_profile:4.465098027139902e-05 - timing_s/agent_loop/generate_sequences/min:3.6297830319963396 - timing_s/agent_loop/generate_sequences/max:22.991688646026887 - timing_s/agent_loop/generate_sequences/mean:13.195371167571162 - timing_s/agent_loop/tool_calls/min:0.0 - timing_s/agent_loop/tool_calls/max:0.0 - timing_s/agent_loop/tool_calls/mean:0.0 - timing_s/agent_loop/slowest/generate_sequences:22.9916886460268[36m(TaskRunner pid=229704)[0m Training Progress:  75%|███████▍  | 38/51 [3:52:12<1:17:29, 357.66s/it]
[36m(TaskRunner pid=229704)[0m Training Progress:  76%|███████▋  | 39/51 [3:58:07<1:11:20, 356.72s/it]
87 - timing_s/agent_loop/slowest/tool_calls:0.0 - timing_s/agent_loop/slowest/prompt_length:3346 - timing_s/agent_loop/slowest/response_length:1024 - timing_s/gen:32.265259367006365 - timing_s/adv:23.895761942025274 - timing_s/update_actor:304.9101267060032 - timing_s/dump_rollout_generations:0.05404938803985715 - timing_s/step:361.15700990404 - timing_s/stop_profile:2.4703971575945616e-05 - timing_per_token_ms/update_actor:0.8786174458583401 - timing_per_token_ms/gen:1.757175654449753 - timing_per_token_ms/adv:0.06885712046089223 - perf/total_num_tokens:347034 - perf/time_per_step:361.15700990404 - perf/throughput:480.44754841143396
[36m(TaskRunner pid=229704)[0m Dumped generations to /sfs/weka/scratch/nkw3mr/Vision-OPD-OPSA/rollouts/Aha-center-Qwen3.5-4B-6karmA/38.jsonl
[36m(TaskRunner pid=229704)[0m step:38 - global_seqlen/min:341250 - global_seqlen/max:341250 - global_seqlen/minmax_diff:0 - global_seqlen/balanced_min:341250 - global_seqlen/balanced_max:341250 - global_seqlen/mean:341250.0 - self_distillation/teacher_always_on_fraction:1.0 - self_distillation/teacher_image_swap_fraction:1.0 - self_distillation/policy_fallback_fraction:0.0 - self_distillation/grpo_fallback_count:0.0 - rollout_corr/rollout_is_mean:1.0 - rollout_corr/rollout_is_ratio_fraction_high:0.0 - rollout_corr/rollout_is_ratio_fraction_low:0.0 - rollout_corr/rollout_is_max:1.0 - rollout_corr/rollout_is_min:1.0 - rollout_corr/rollout_is_std:0.0 - rollout_corr/rollout_is_eff_sample_size:1.0 - rollout_corr/rollout_is_seq_mean:1.0 - rollout_corr/rollout_is_seq_std:0.0 - rollout_corr/rollout_is_seq_max:1.0 - rollout_corr/rollout_is_seq_min:1.0 - rollout_corr/rollout_is_seq_max_deviation:0.0 - rollout_corr/rollout_is_seq_fraction_high:0.0 - rollout_corr/rollout_is_seq_fraction_low:0.0 - rollout_corr/training_ppl:2.60219078262647 - rollout_corr/training_log_ppl:0.9079048096512755 - rollout_corr/kl:0.01857738206748157 - rollout_corr/k3_kl:0.03145449037644236 - rollout_corr/rollout_ppl:2.543981614212195 - rollout_corr/rollout_log_ppl:0.8893274307871858 - rollout_corr/log_ppl_diff:0.01857737886408965 - rollout_corr/log_ppl_abs_diff:0.03862413763999939 - rollout_corr/log_ppl_diff_max:0.1321668028831482 - rollout_corr/log_ppl_diff_min:-0.22209006547927856 - rollout_corr/ppl_ratio:1.0199622716754675 - rollout_corr/chi2_token:0.11414847895503044 - rollout_corr/chi2_seq:2.1958145132909217 - actor/pg_loss:0.22085829497276177 - actor/kl_loss:0.0 - actor/grpo_loss:0.0 - actor/vopd_loss:0.22085829497276177 - actor/vopd_loss_weighted:0.22085829497276177 - actor/policy_fallback_fraction:0.0 - aha/u_mean:-1.0831830268822766 - aha/u_neg_valley_frac:0.5406153708075484 - aha/floor_clamped_frac:0.0 - aha/q_tail_mass:0.015339924773177435 - aha/u_centered_mean:-0.7573546763742343 - aha/u_centered_absmean:1.167291048914194 - aha/u_centered_wmean:-2.292693652404994e-08 - aha/argmax_conf:0.9791088104248047 - self_distillation/raw_jsd_token_mean:0.22085829497276185 - self_distillation/weighted_jsd_token_mean:0.22085829497276185 - self_distillation/self_distillation_mask.mean():1.0 - self_distillation/num_distill_tokens:153.85416666666666 - self_distillation/empty_target_batch:0.0 - actor/grad_norm:1.054709553718567 - timing_s/update_actor/student_forward:56.2099076489103 - timing_s/update_actor/teacher_forward:70.88652975013247 - timing_s/update_actor/teacher_full_forward:0.0 - timing_s/update_actor/teacher_null_forward:52.13641312089749 - timing_s/update_actor/loss_compute:0.05462624877691269 - timing_s/update_actor/backward:86.19410015561152 - timing_s/update_actor/optimizer_step:0.08515930199064314 - timing_s/update_actor/teacher_ema_update:3.5609002225100994e-05 - perf/mfu/actor:0.0 - perf/max_memory_allocated_gb:84.50172758102417 - perf/max_memory_reserved_gb:96.955078125 - perf/cpu_memory_used_gb:314.49530029296875 - actor/lr:2e-06 - training/global_step:38 - training/epoch:0 - response_length/mean:153.8541717529297 - response_length/max:1024.0 - response_length/min:4.0 - response_length/clip_ratio:0.02083333395421505 - response_length_non_aborted/mean:153.8541717529297 - response_length_non_aborted/max:1024.0 - response_length_non_aborted/min:4.0 - response_length_non_aborted/clip_ratio:0.02083333395421505 - response/aborted_ratio:0.0 - prompt_length/mean:3400.833251953125 - prompt_length/max:3960.0 - prompt_length/min:3300.0 - prompt_length/clip_ratio:0.0 - num_turns/min:2 - num_turns/max:2 - num_turns/mean:2.0 - timing_s/start_profile:2.196000423282385e-05 - timing_s/agent_loop/generate_sequences/min:3.49499687703792 - timing_s/agent_loop/generate_sequences/max:22.694229962013196 - timing_s/agent_loop/generate_sequences/mean:11.982907894741098 - timing_s/agent_loop/tool_calls/min:0.0 - timing_s/agent_loop/tool_calls/max:0.0 - timing_s/agent_loop/tool_calls/mean:0.0 - timing_s/agent_loop/slowest/generate_sequences:22.694229962013196 - timing_s/agent_loop/slowest/tool_calls:0.0 - timing_s/agent_loop/slowest/prompt_length:3348 - timing_s/agent_loop/slowest/response_length:1024 - timing_s/gen:31.581327046034858 - timing_s/adv:17.024020914977882 - timing_s/update_actor:303.64244512299774 - timing_s/dump_rollout_generations:0.05415585701121017 - timing_s/step:352.324759718962 - timing_s/stop_profile:2.3622997105121613e-05 - timing_per_token_ms/update_actor:0.8897947109831436 - timing_per_token_ms/gen:2.138207653759977 - timing_per_token_ms/adv:0.04988724077649196 - perf/total_num_tokens:341250 - perf/time_per_step:352.324759718962 - perf/throughput:484.28330763952556
[36m(TaskRunner pid=229704)[0m Dumped generations to /sfs/weka/scratch/nkw3mr/Vision-OPD-OPSA/rollouts/Aha-center-Qwen3.5-4B-6karmA/39.jsonl
[36m(TaskRunner pid=229704)[0m step:39 - global_seqlen/min:341230 - global_seqlen/max:341230 - global_seqlen/minmax_diff:0 - global_seqlen/balanced_min:341230 - global_seqlen/balanced_max:341230 - global_seqlen/mean:341230.0 - self_distillation/teacher_always_on_fraction:1.0 - self_distillation/teacher_image_swap_fraction:1.0 - self_distillation/policy_fallback_fraction:0.0 - self_distillation/grpo_fallback_count:0.0 - rollout_corr/rollout_is_mean:1.0 - rollout_corr/rollout_is_ratio_fraction_high:0.0 - rollout_corr/rollout_is_ratio_fraction_low:0.0 - rollout_corr/rollout_is_max:1.0 - rollout_corr/rollout_is_min:1.0 - rollout_corr/rollout_is_std:0.0 - rollout_corr/rollout_is_eff_sample_size:1.0 - rollout_corr/rollout_is_seq_mean:1.0 - rollout_corr/rollout_is_seq_std:0.0 - rollout_corr/rollout_is_seq_max:1.0 - rollout_corr/rollout_is_seq_min:1.0 - rollout_corr/rollout_is_seq_max_deviation:0.0 - rollout_corr/rollout_is_seq_fraction_high:0.0 - rollout_corr/rollout_is_seq_fraction_low:0.0 - rollout_corr/training_ppl:2.548101894557476 - rollout_corr/training_log_ppl:0.8868614681996405 - rollout_corr/kl:0.022257785332840285 - rollout_corr/k3_kl:0.02783207925676834 - rollout_corr/rollout_ppl:2.483389730254809 - rollout_corr/rollout_log_ppl:0.8646036748153468 - rollout_corr/log_ppl_diff:0.022257793384293716 - rollout_corr/log_ppl_abs_diff:0.03474457344661156 - rollout_corr/log_ppl_diff_max:0.08403283357620239 - rollout_corr/log_ppl_diff_min:-0.1549113392829895 - rollout_corr/ppl_ratio:1.0232023975501459 - rollout_corr/chi2_token:0.07723357280095418 - rollout_corr/chi2_seq:3.8094237918655076 - actor/pg_loss:0.2315255260909907 - actor/kl_loss:0.0 - actor/grpo_loss:0.0 - actor/vopd_loss:0.2315255260909907 - actor/vopd_loss_weighted:0.2315255260909907 - actor/policy_fallback_fraction:0.0 - aha/u_mean:-0.84826420849519 - aha/u_neg_valley_frac:0.5446718316525221 - aha/floor_clamped_frac:0.0 - aha/q_tail_mass:0.009719773816565672 - aha/u_centered_mean:-0.6415934279793873 - aha/u_centered_absmean:1.0812526548591752 - aha/u_centered_wmean:-9.296454777281879e-09 - aha/argmax_conf:0.9702264666557312 - self_distillation/raw_jsd_token_mean:0.23152552609099075 - self_distillation/weighted_jsd_token_mean:0.23152552609099075 - self_distillation/self_distillation_mask.mean():1.0 - self_distillation/num_distill_tokens:170.45833333333334 - self_distillation/empty_target_batch:0.0 - actor/grad_norm:1.0557998418807983 - timing_s/update_actor/student_forward:35.9244954517344 - timing_s/update_actor/teacher_forward:77.860123857914 - timing_s/update_actor/teacher_full_forward:0.0 - timing_s/update_actor/teacher_null_forward:53.31415473512607 - timing_s/update_actor/loss_compute:0.05652312817983329 - timing_s/update_actor/backward:100.15761479106732 - timing_s/update_actor/optimizer_step:0.08472884795628488 - timing_s/update_actor/teacher_ema_update:3.4357013646513224e-05 - perf/mfu/actor:0.0 - perf/max_memory_allocated_gb:84.50172758102417 - perf/max_memory_reserved_gb:96.955078125 - perf/cpu_memory_used_gb:314.49110412597656 - actor/lr:2e-06 - training/global_step:39 - training/epoch:0 - response_length/mean:170.4583282470703 - response_length/max:1024.0 - response_length/min:4.0 - response_length/clip_ratio:0.010416666977107525 - response_length_non_aborted/mean:170.4583282470703 - response_length_non_aborted/max:1024.0 - response_length_non_aborted/min:4.0 - response_length_non_aborted/clip_ratio:0.010416666977107525 - response/aborted_ratio:0.0 - prompt_length/mean:3384.020751953125 - prompt_length/max:4007.0 - prompt_length/min:3157.0 - prompt_length/clip_ratio:0.0 - num_turns/min:2 - num_turns/max:2 - num_turns/mean:2.0 - timing_s/start_profile:1.9257015082985163e-05 - timing_s/agent_loop/generate_sequences/min:5.638508189003915 - timing_s/agent_loop/generate_sequences/max:22.150674574950244 - timing_s/agent_loop/generate_sequences/mean:13.32034437688526 - timing_s/agent_loop/tool_calls/min:0.0 - timing_s/agent_loop/tool_calls/max:0.0 - timing_s/agent_loop/tool_calls/mean:0.0 - timing_s/agent_loop/slowest/generate_sequences:22.150674574950244 - [36m(TaskRunner pid=229704)[0m Training Progress:  78%|███████▊  | 40/51 [4:04:19<1:06:15, 361.39s/it]
[36m(WorkerDict pid=262791)[0m /sfs/weka/scratch/nkw3mr/Vision-OPD-OPSA/verl/utils/device.py:134: FutureWarning: torch.cuda._set_allocator_settings is deprecated. Use torch._C._accelerator_setAllocatorSettings instead.
[36m(WorkerDict pid=262791)[0m   torch.cuda.memory._set_allocator_settings(f"expandable_segments:{enable}")
[36m(TaskRunner pid=229704)[0m Training Progress:  80%|████████  | 41/51 [4:10:21<1:00:16, 361.66s/it]
[36m(WorkerDict pid=262772)[0m /sfs/weka/scratch/nkw3mr/Vision-OPD-OPSA/verl/utils/device.py:134: FutureWarning: torch.cuda._set_allocator_settings is deprecated. Use torch._C._accelerator_setAllocatorSettings instead.
[36m(WorkerDict pid=262772)[0m   torch.cuda.memory._set_allocator_settings(f"expandable_segments:{enable}")
timing_s/agent_loop/slowest/tool_calls:0.0 - timing_s/agent_loop/slowest/prompt_length:3210 - timing_s/agent_loop/slowest/response_length:1024 - timing_s/gen:32.04438889399171 - timing_s/adv:17.835301135957707 - timing_s/update_actor:304.3670428270125 - timing_s/dump_rollout_generations:0.05534039897611365 - timing_s/step:354.32571368897334 - timing_s/stop_profile:2.843898255378008e-05 - timing_per_token_ms/update_actor:0.8919703508689519 - timing_per_token_ms/gen:1.9582246940840693 - timing_per_token_ms/adv:0.05226768202080036 - perf/total_num_tokens:341230 - perf/time_per_step:354.32571368897334 - perf/throughput:481.52023239771313
[36m(TaskRunner pid=229704)[0m Dumped generations to /sfs/weka/scratch/nkw3mr/Vision-OPD-OPSA/rollouts/Aha-center-Qwen3.5-4B-6karmA/40.jsonl
[36m(TaskRunner pid=229704)[0m local_global_step_folder: /sfs/weka/scratch/nkw3mr/Vision-OPD-OPSA/checkpoints/Aha-center-Qwen3.5-4B-6karmA/global_step_40
[36m(TaskRunner pid=229704)[0m step:40 - global_seqlen/min:337563 - global_seqlen/max:337563 - global_seqlen/minmax_diff:0 - global_seqlen/balanced_min:337563 - global_seqlen/balanced_max:337563 - global_seqlen/mean:337563.0 - self_distillation/teacher_always_on_fraction:1.0 - self_distillation/teacher_image_swap_fraction:1.0 - self_distillation/policy_fallback_fraction:0.0 - self_distillation/grpo_fallback_count:0.0 - rollout_corr/rollout_is_mean:1.0 - rollout_corr/rollout_is_ratio_fraction_high:0.0 - rollout_corr/rollout_is_ratio_fraction_low:0.0 - rollout_corr/rollout_is_max:1.0 - rollout_corr/rollout_is_min:1.0 - rollout_corr/rollout_is_std:0.0 - rollout_corr/rollout_is_eff_sample_size:1.0 - rollout_corr/rollout_is_seq_mean:1.0 - rollout_corr/rollout_is_seq_std:0.0 - rollout_corr/rollout_is_seq_max:1.0 - rollout_corr/rollout_is_seq_min:1.0 - rollout_corr/rollout_is_seq_max_deviation:0.0 - rollout_corr/rollout_is_seq_fraction_high:0.0 - rollout_corr/rollout_is_seq_fraction_low:0.0 - rollout_corr/training_ppl:2.7295526253680387 - rollout_corr/training_log_ppl:0.8630172571477791 - rollout_corr/kl:0.014844396271352403 - rollout_corr/k3_kl:0.03203263111936394 - rollout_corr/rollout_ppl:2.6801798616846404 - rollout_corr/rollout_log_ppl:0.8481728690676391 - rollout_corr/log_ppl_diff:0.014844388080139955 - rollout_corr/log_ppl_abs_diff:0.04508640958617131 - rollout_corr/log_ppl_diff_max:0.2791319489479065 - rollout_corr/log_ppl_diff_min:-0.22445917129516602 - rollout_corr/ppl_ratio:1.017062122002244 - rollout_corr/chi2_token:0.13134711235761642 - rollout_corr/chi2_seq:8.482507329434156 - actor/pg_loss:0.20840486293309368 - actor/kl_loss:0.0 - actor/grpo_loss:0.0 - actor/vopd_loss:0.20840486293309368 - actor/vopd_loss_weighted:0.20840486293309368 - actor/policy_fallback_fraction:0.0 - aha/u_mean:-1.039848560797206 - aha/u_neg_valley_frac:0.5257240116285781 - aha/floor_clamped_frac:0.0 - aha/q_tail_mass:0.013981557302391442 - aha/u_centered_mean:-0.6529505519623248 - aha/u_centered_absmean:1.0414707732076447 - aha/u_centered_wmean:-2.3626417411035106e-08 - aha/argmax_conf:0.9844198226928711 - self_distillation/raw_jsd_token_mean:0.20840486293309368 - self_distillation/weighted_jsd_token_mean:0.20840486293309368 - self_distillation/self_distillation_mask.mean():1.0 - self_distillation/num_distill_tokens:142.19791666666666 - self_distillation/empty_target_batch:0.0 - actor/grad_norm:1.678489089012146 - timing_s/update_actor/student_forward:54.945332695089746 - timing_s/update_actor/teacher_forward:71.30393428116804 - timing_s/update_actor/teacher_full_forward:0.0 - timing_s/update_actor/teacher_null_forward:53.72583158506313 - timing_s/update_actor/loss_compute:0.055201414157636464 - timing_s/update_actor/backward:85.60419244365767 - timing_s/update_actor/optimizer_step:0.08476346102543175 - timing_s/update_actor/teacher_ema_update:3.597995964810252e-05 - perf/mfu/actor:0.0 - perf/max_memory_allocated_gb:84.50172758102417 - perf/max_memory_reserved_gb:96.955078125 - perf/cpu_memory_used_gb:314.39007568359375 - actor/lr:2e-06 - training/global_step:40 - training/epoch:0 - response_length/mean:142.1979217529297 - response_length/max:1024.0 - response_length/min:4.0 - response_length/clip_ratio:0.02083333395421505 - response_length_non_aborted/mean:142.1979217529297 - response_length_non_aborted/max:1024.0 - response_length_non_aborted/min:4.0 - response_length_non_aborted/clip_ratio:0.02083333395421505 - response/aborted_ratio:0.0 - prompt_length/mean:3374.083251953125 - prompt_length/max:3955.0 - prompt_length/min:3340.0 - prompt_length/clip_ratio:0.0 - num_turns/min:2 - num_turns/max:2 - num_turns/mean:2.0 - timing_s/start_profile:2.440303796902299e-05 - timing_s/agent_loop/generate_sequences/min:3.9583225829992443 - timing_s/agent_loop/generate_sequences/max:22.00860542495502 - timing_s/agent_loop/generate_sequences/mean:12.329675750852402 - timing_s/agent_loop/tool_calls/min:0.0 - timing_s/agent_loop/tool_calls/max:0.0 - timing_s/agent_loop/tool_calls/mean:0.0 - timing_s/agent_loop/slowest/generate_sequences:22.00860542495502 - timing_s/agent_loop/slowest/tool_calls:0.0 - timing_s/agent_loop/slowest/prompt_length:3341 - timing_s/agent_loop/slowest/response_length:990 - timing_s/gen:30.81287467101356 - timing_s/adv:17.35570859903237 - timing_s/update_actor:302.00989990099333 - timing_s/dump_rollout_generations:0.052972519013565034 - timing_s/step:350.2552463639877 - timing_s/save_checkpoint:21.77809827501187 - timing_s/stop_profile:2.805795520544052e-05 - timing_per_token_ms/update_actor:0.8946771414550568 - timing_per_token_ms/gen:2.257188093986782 - timing_per_token_ms/adv:0.05141472435969691 - perf/total_num_tokens:337563 - perf/time_per_step:350.2552463639877 - perf/throughput:481.8814329039374
[36m(TaskRunner pid=229704)[0m Dumped generations to /sfs/weka/scratch/nkw3mr/Vision-OPD-OPSA/rollouts/Aha-center-Qwen3.5-4B-6karmA/41.jsonl
[36m(TaskRunner pid=229704)[0m step:41 - global_seqlen/min:344899 - global_seqlen/max:344899 - global_seqlen/minmax_diff:0 - global_seqlen/balanced_min:344899 - global_seqlen/balanced_max:344899 - global_seqlen/mean:344899.0 - self_distillation/teacher_always_on_fraction:1.0 - self_distillation/teacher_image_swap_fraction:1.0 - self_distillation/policy_fallback_fraction:0.0 - self_distillation/grpo_fallback_count:0.0 - rollout_corr/rollout_is_mean:1.0 - rollout_corr/rollout_is_ratio_fraction_high:0.0 - rollout_corr/rollout_is_ratio_fraction_low:0.0 - rollout_corr/rollout_is_max:1.0 - rollout_corr/rollout_is_min:1.0 - rollout_corr/rollout_is_std:0.0 - rollout_corr/rollout_is_eff_sample_size:1.0 - rollout_corr/rollout_is_seq_mean:1.0 - rollout_corr/rollout_is_seq_std:0.0 - rollout_corr/rollout_is_seq_max:1.0 - rollout_corr/rollout_is_seq_min:1.0 - rollout_corr/rollout_is_seq_max_deviation:0.0 - rollout_corr/rollout_is_seq_fraction_high:0.0 - rollout_corr/rollout_is_seq_fraction_low:0.0 - rollout_corr/training_ppl:2.7885099637011685 - rollout_corr/training_log_ppl:0.918899016144375 - rollout_corr/kl:0.02075002017962409 - rollout_corr/k3_kl:0.027793560322606936 - rollout_corr/rollout_ppl:2.716201571126779 - rollout_corr/rollout_log_ppl:0.8981489990837872 - rollout_corr/log_ppl_diff:0.020750017060587805 - rollout_corr/log_ppl_abs_diff:0.04013501030082504 - rollout_corr/log_ppl_diff_max:0.1310291290283203 - rollout_corr/log_ppl_diff_min:-0.12203288078308105 - rollout_corr/ppl_ratio:1.0219310006747644 - rollout_corr/chi2_token:0.07986669739087422 - rollout_corr/chi2_seq:-0.5303320058931907 - actor/pg_loss:0.21474889417489365 - actor/kl_loss:0.0 - actor/grpo_loss:0.0 - actor/vopd_loss:0.21474889417489365 - actor/vopd_loss_weighted:0.21474889417489365 - actor/policy_fallback_fraction:0.0 - aha/u_mean:-0.9244300934369676 - aha/u_neg_valley_frac:0.5242354734800756 - aha/floor_clamped_frac:0.0 - aha/q_tail_mass:0.014630079293908693 - aha/u_centered_mean:-0.649614728812594 - aha/u_centered_absmean:1.048200243152678 - aha/u_centered_wmean:-1.620328194563749e-08 - aha/argmax_conf:0.9838155508041382 - self_distillation/raw_jsd_token_mean:0.2147488941748937 - self_distillation/weighted_jsd_token_mean:0.2147488941748937 - self_distillation/self_distillation_mask.mean():1.0 - self_distillation/num_distill_tokens:159.84375 - self_distillation/empty_target_batch:0.0 - actor/grad_norm:1.5566251277923584 - timing_s/update_actor/student_forward:45.77163855760591 - timing_s/update_actor/teacher_forward:72.57565144414548 - timing_s/update_actor/teacher_full_forward:0.0 - timing_s/update_actor/teacher_null_forward:54.90133480500663 - timing_s/update_actor/loss_compute:0.05649515031836927 - timing_s/update_actor/backward:93.91546067601303 - timing_s/update_actor/optimizer_step:0.08525016595376655 - timing_s/update_actor/teacher_ema_update:3.7101039197295904e-05 - perf/mfu/actor:0.0 - perf/max_memory_allocated_gb:84.50172758102417 - perf/max_memory_reserved_gb:96.955078125 - perf/cpu_memory_used_gb:316.7152290344238 - actor/lr:2e-06 - training/global_step:41 - training/epoch:0 - response_length/mean:159.84375 - response_length/max:1024.0 - response_length/min:4.0 - response_length/clip_ratio:0.02083333395421505 - response_length_non_aborted/mean:159.84375 - response_length_non_aborted/max:1024.0 - response_length_non_aborted/min:4.0 - response_length_non_aborted/clip_ratio:0.02083333395421505 - response/aborted_ratio:0.0 - prompt_length/mean:3432.854248046875 - prompt_length/max:4948.0 - prompt_length/min:3162.0 - prompt_length/clip_ratio:0.0 - num_turns/min:2 - num_turns/max:2 - num_turns/mean:2.0 - timing_s/start_profile:3.0391965992748737e-05 - timing_s/agent_loop/generate_sequences/min:4.3349555769818835 - timing_s/agent_loop/generate_sequences/max:23.510446330008563 - timing_s/agent_loop/generate_sequences/mean:12.698332652659397 - timing_s/agent_loop/tool_calls/min:0.0 - timing_s/agent_loop/tool_calls/max:0.0 - timing_s/agent_loop/tool_calls/mean:0.0 - timing_s/agent_loop/slowest/generate_sequences:23.510446330008563 - timing_s/agent_loop/sl[36m(TaskRunner pid=229704)[0m Training Progress:  82%|████████▏ | 42/51 [4:16:12<53:45, 358.42s/it]  
[36m(TaskRunner pid=229704)[0m Training Progress:  84%|████████▍ | 43/51 [4:21:59<47:20, 355.04s/it]
owest/tool_calls:0.0 - timing_s/agent_loop/slowest/prompt_length:3351 - timing_s/agent_loop/slowest/response_length:1024 - timing_s/gen:32.68167474301299 - timing_s/adv:20.188703534950037 - timing_s/update_actor:309.1303213170031 - timing_s/dump_rollout_generations:0.05698813300114125 - timing_s/step:362.0807326870272 - timing_s/stop_profile:2.85989954136312e-05 - timing_per_token_ms/update_actor:0.8962923096819739 - timing_per_token_ms/gen:2.1297930754651673 - timing_per_token_ms/adv:0.05853511762849425 - perf/total_num_tokens:344899 - perf/time_per_step:362.0807326870272 - perf/throughput:476.27361643973666
[36m(TaskRunner pid=229704)[0m Dumped generations to /sfs/weka/scratch/nkw3mr/Vision-OPD-OPSA/rollouts/Aha-center-Qwen3.5-4B-6karmA/42.jsonl
[36m(TaskRunner pid=229704)[0m step:42 - global_seqlen/min:336361 - global_seqlen/max:336361 - global_seqlen/minmax_diff:0 - global_seqlen/balanced_min:336361 - global_seqlen/balanced_max:336361 - global_seqlen/mean:336361.0 - self_distillation/teacher_always_on_fraction:1.0 - self_distillation/teacher_image_swap_fraction:1.0 - self_distillation/policy_fallback_fraction:0.0 - self_distillation/grpo_fallback_count:0.0 - rollout_corr/rollout_is_mean:1.0 - rollout_corr/rollout_is_ratio_fraction_high:0.0 - rollout_corr/rollout_is_ratio_fraction_low:0.0 - rollout_corr/rollout_is_max:1.0 - rollout_corr/rollout_is_min:1.0 - rollout_corr/rollout_is_std:0.0 - rollout_corr/rollout_is_eff_sample_size:1.0 - rollout_corr/rollout_is_seq_mean:1.0 - rollout_corr/rollout_is_seq_std:0.0 - rollout_corr/rollout_is_seq_max:1.0 - rollout_corr/rollout_is_seq_min:1.0 - rollout_corr/rollout_is_seq_max_deviation:0.0 - rollout_corr/rollout_is_seq_fraction_high:0.0 - rollout_corr/rollout_is_seq_fraction_low:0.0 - rollout_corr/training_ppl:3.298232302069664 - rollout_corr/training_log_ppl:0.9706503617732475 - rollout_corr/kl:0.01620945280167992 - rollout_corr/k3_kl:0.030495470959673792 - rollout_corr/rollout_ppl:3.261916186660528 - rollout_corr/rollout_log_ppl:0.9544409007454911 - rollout_corr/log_ppl_diff:0.016209461027756333 - rollout_corr/log_ppl_abs_diff:0.04564471892081201 - rollout_corr/log_ppl_diff_max:0.11860370635986328 - rollout_corr/log_ppl_diff_min:-0.22856277227401733 - rollout_corr/ppl_ratio:1.0179423931986094 - rollout_corr/chi2_token:0.09685573168098927 - rollout_corr/chi2_seq:-0.4582180908570687 - actor/pg_loss:0.22725351903742794 - actor/kl_loss:0.0 - actor/grpo_loss:0.0 - actor/vopd_loss:0.22725351903742794 - actor/vopd_loss_weighted:0.22725351903742794 - actor/policy_fallback_fraction:0.0 - aha/u_mean:-0.927053270075703 - aha/u_neg_valley_frac:0.5101435300894082 - aha/floor_clamped_frac:0.0 - aha/q_tail_mass:0.012782708153167732 - aha/u_centered_mean:-0.6304373380723215 - aha/u_centered_absmean:1.0447412893796961 - aha/u_centered_wmean:-2.2609869746702722e-08 - aha/argmax_conf:0.9708524942398071 - self_distillation/raw_jsd_token_mean:0.227253519037428 - self_distillation/weighted_jsd_token_mean:0.227253519037428 - self_distillation/self_distillation_mask.mean():1.0 - self_distillation/num_distill_tokens:128.23958333333334 - self_distillation/empty_target_batch:0.0 - actor/grad_norm:1.3113726377487183 - timing_s/update_actor/student_forward:60.23522048135055 - timing_s/update_actor/teacher_forward:61.94266580918338 - timing_s/update_actor/teacher_full_forward:0.0 - timing_s/update_actor/teacher_null_forward:58.475393357803114 - timing_s/update_actor/loss_compute:0.05611095990752801 - timing_s/update_actor/backward:85.32348777382867 - timing_s/update_actor/optimizer_step:0.0847073650220409 - timing_s/update_actor/teacher_ema_update:5.139096174389124e-05 - perf/mfu/actor:0.0 - perf/max_memory_allocated_gb:84.50172758102417 - perf/max_memory_reserved_gb:96.955078125 - perf/cpu_memory_used_gb:314.6755790710449 - actor/lr:2e-06 - training/global_step:42 - training/epoch:0 - response_length/mean:128.2395782470703 - response_length/max:1024.0 - response_length/min:4.0 - response_length/clip_ratio:0.02083333395421505 - response_length_non_aborted/mean:128.2395782470703 - response_length_non_aborted/max:1024.0 - response_length_non_aborted/min:4.0 - response_length_non_aborted/clip_ratio:0.02083333395421505 - response/aborted_ratio:0.0 - prompt_length/mean:3375.520751953125 - prompt_length/max:3957.0 - prompt_length/min:3250.0 - prompt_length/clip_ratio:0.0 - num_turns/min:2 - num_turns/max:2 - num_turns/mean:2.0 - timing_s/start_profile:3.295502392575145e-05 - timing_s/agent_loop/generate_sequences/min:4.067631673999131 - timing_s/agent_loop/generate_sequences/max:22.182223282987252 - timing_s/agent_loop/generate_sequences/mean:12.215072787700896 - timing_s/agent_loop/tool_calls/min:0.0 - timing_s/agent_loop/tool_calls/max:0.0 - timing_s/agent_loop/tool_calls/mean:0.0 - timing_s/agent_loop/slowest/generate_sequences:22.182223282987252 - timing_s/agent_loop/slowest/tool_calls:0.0 - timing_s/agent_loop/slowest/prompt_length:3356 - timing_s/agent_loop/slowest/response_length:1024 - timing_s/gen:30.988646982994396 - timing_s/adv:17.3526441900176 - timing_s/update_actor:302.2104501290014 - timing_s/dump_rollout_generations:0.05420840997248888 - timing_s/step:350.62929679703666 - timing_s/stop_profile:2.4043023586273193e-05 - timing_per_token_ms/update_actor:0.8984705424499315 - timing_per_token_ms/gen:2.5171510830147343 - timing_per_token_ms/adv:0.05158934653547111 - perf/total_num_tokens:336361 - perf/time_per_step:350.62929679703666 - perf/throughput:479.65330203811243
[36m(TaskRunner pid=229704)[0m Dumped generations to /sfs/weka/scratch/nkw3mr/Vision-OPD-OPSA/rollouts/Aha-center-Qwen3.5-4B-6karmA/43.jsonl
[36m(TaskRunner pid=229704)[0m step:43 - global_seqlen/min:339952 - global_seqlen/max:339952 - global_seqlen/minmax_diff:0 - global_seqlen/balanced_min:339952 - global_seqlen/balanced_max:339952 - global_seqlen/mean:339952.0 - self_distillation/teacher_always_on_fraction:1.0 - self_distillation/teacher_image_swap_fraction:1.0 - self_distillation/policy_fallback_fraction:0.0 - self_distillation/grpo_fallback_count:0.0 - rollout_corr/rollout_is_mean:1.0 - rollout_corr/rollout_is_ratio_fraction_high:0.0 - rollout_corr/rollout_is_ratio_fraction_low:0.0 - rollout_corr/rollout_is_max:1.0 - rollout_corr/rollout_is_min:1.0 - rollout_corr/rollout_is_std:0.0 - rollout_corr/rollout_is_eff_sample_size:1.0 - rollout_corr/rollout_is_seq_mean:1.0 - rollout_corr/rollout_is_seq_std:0.0 - rollout_corr/rollout_is_seq_max:1.0 - rollout_corr/rollout_is_seq_min:1.0 - rollout_corr/rollout_is_seq_max_deviation:0.0 - rollout_corr/rollout_is_seq_fraction_high:0.0 - rollout_corr/rollout_is_seq_fraction_low:0.0 - rollout_corr/training_ppl:3.0407635731001696 - rollout_corr/training_log_ppl:1.0489262584596872 - rollout_corr/kl:0.012542975512284707 - rollout_corr/k3_kl:0.031960597528571576 - rollout_corr/rollout_ppl:3.0041361873348555 - rollout_corr/rollout_log_ppl:1.0363832882915933 - rollout_corr/log_ppl_diff:0.01254297016809384 - rollout_corr/log_ppl_abs_diff:0.03990280286719402 - rollout_corr/log_ppl_diff_max:0.0928349494934082 - rollout_corr/log_ppl_diff_min:-0.28966498374938965 - rollout_corr/ppl_ratio:1.0142366737127304 - rollout_corr/chi2_token:0.12225601511696975 - rollout_corr/chi2_seq:-0.40694500630100566 - actor/pg_loss:0.23815512776491232 - actor/kl_loss:0.0 - actor/grpo_loss:0.0 - actor/vopd_loss:0.23815512776491232 - actor/vopd_loss_weighted:0.23815512776491232 - actor/policy_fallback_fraction:0.0 - aha/u_mean:-0.7756778516729051 - aha/u_neg_valley_frac:0.5228082155808806 - aha/floor_clamped_frac:0.0 - aha/q_tail_mass:0.016156537739163923 - aha/u_centered_mean:-0.6006580646305034 - aha/u_centered_absmean:1.0205329610034823 - aha/u_centered_wmean:-1.3345566067466305e-08 - aha/argmax_conf:0.963947057723999 - self_distillation/raw_jsd_token_mean:0.23815512776491232 - self_distillation/weighted_jsd_token_mean:0.23815512776491232 - self_distillation/self_distillation_mask.mean():1.0 - self_distillation/num_distill_tokens:144.10416666666666 - self_distillation/empty_target_batch:0.0 - actor/grad_norm:1.0417702198028564 - timing_s/update_actor/student_forward:55.58141521573998 - timing_s/update_actor/teacher_forward:61.61283990886295 - timing_s/update_actor/teacher_full_forward:0.0 - timing_s/update_actor/teacher_null_forward:61.34380148752825 - timing_s/update_actor/loss_compute:0.056163225148338825 - timing_s/update_actor/backward:86.03165344917215 - timing_s/update_actor/optimizer_step:0.08503941999515519 - timing_s/update_actor/teacher_ema_update:3.1091971322894096e-05 - perf/mfu/actor:0.0 - perf/max_memory_allocated_gb:84.50172758102417 - perf/max_memory_reserved_gb:96.955078125 - perf/cpu_memory_used_gb:298.3904457092285 - actor/lr:2e-06 - training/global_step:43 - training/epoch:0 - response_length/mean:144.1041717529297 - response_length/max:1024.0 - response_length/min:4.0 - response_length/clip_ratio:0.02083333395421505 - response_length_non_aborted/mean:144.1041717529297 - response_length_non_aborted/max:1024.0 - response_length_non_aborted/min:4.0 - response_length_non_aborted/clip_ratio:0.02083333395421505 - response/aborted_ratio:0.0 - prompt_length/mean:3397.0625 - prompt_length/max:4096.0 - prompt_length/min:3202.0 - prompt_length/clip_ratio:0.0 - num_turns/min:2 - num_turns/max:2 - num_turns/mean:2.0 - timing_s/start_profile:3.986497176811099e-05 - timing_s/agent_loop/generate_sequences/min:3.472234560002107 - timing_s/agent_loop/generate_sequences/max:21.897562729020137 - timing_s/agent_loop/generate_sequences/mean:12.082392690575338 - timing_s/agent_loop/tool_calls/min:0.0 - timing_s/agent_loop/tool_calls/max:0.0 - timing_s/agent_loop/tool_calls/mean:0.0 - timing_s/agent_loop/slowest/generate_sequences:21.897562729020137 -[36m(TaskRunner pid=229704)[0m Training Progress:  86%|████████▋ | 44/51 [4:27:48<41:12, 353.22s/it]
[36m(TaskRunner pid=229704)[0m Training Progress:  88%|████████▊ | 45/51 [4:33:54<35:41, 356.88s/it]
 timing_s/agent_loop/slowest/tool_calls:0.0 - timing_s/agent_loop/slowest/prompt_length:3343 - timing_s/agent_loop/slowest/response_length:1024 - timing_s/gen:28.82389952201629 - timing_s/adv:15.603992258023936 - timing_s/update_actor:302.0609822709812 - timing_s/dump_rollout_generations:0.054678471002262086 - timing_s/step:346.56337930599693 - timing_s/stop_profile:2.629595110192895e-05 - timing_per_token_ms/update_actor:0.8885400946927248 - timing_per_token_ms/gen:2.0835549748457636 - timing_per_token_ms/adv:0.04590057495771149 - perf/total_num_tokens:339952 - perf/time_per_step:346.56337930599693 - perf/throughput:490.46151483281875
[36m(TaskRunner pid=229704)[0m Dumped generations to /sfs/weka/scratch/nkw3mr/Vision-OPD-OPSA/rollouts/Aha-center-Qwen3.5-4B-6karmA/44.jsonl
[36m(TaskRunner pid=229704)[0m step:44 - global_seqlen/min:344818 - global_seqlen/max:344818 - global_seqlen/minmax_diff:0 - global_seqlen/balanced_min:344818 - global_seqlen/balanced_max:344818 - global_seqlen/mean:344818.0 - self_distillation/teacher_always_on_fraction:1.0 - self_distillation/teacher_image_swap_fraction:1.0 - self_distillation/policy_fallback_fraction:0.0 - self_distillation/grpo_fallback_count:0.0 - rollout_corr/rollout_is_mean:1.0 - rollout_corr/rollout_is_ratio_fraction_high:0.0 - rollout_corr/rollout_is_ratio_fraction_low:0.0 - rollout_corr/rollout_is_max:1.0 - rollout_corr/rollout_is_min:1.0 - rollout_corr/rollout_is_std:0.0 - rollout_corr/rollout_is_eff_sample_size:1.0 - rollout_corr/rollout_is_seq_mean:1.0 - rollout_corr/rollout_is_seq_std:0.0 - rollout_corr/rollout_is_seq_max:1.0 - rollout_corr/rollout_is_seq_min:1.0 - rollout_corr/rollout_is_seq_max_deviation:0.0 - rollout_corr/rollout_is_seq_fraction_high:0.0 - rollout_corr/rollout_is_seq_fraction_low:0.0 - rollout_corr/training_ppl:3.5353695477048555 - rollout_corr/training_log_ppl:1.0332944196028013 - rollout_corr/kl:0.016392037527718156 - rollout_corr/k3_kl:0.03139960805613858 - rollout_corr/rollout_ppl:3.452713201443354 - rollout_corr/rollout_log_ppl:1.0169023755006492 - rollout_corr/log_ppl_diff:0.016392044102152187 - rollout_corr/log_ppl_abs_diff:0.035632782926162086 - rollout_corr/log_ppl_diff_max:0.13686513900756836 - rollout_corr/log_ppl_diff_min:-0.20233982801437378 - rollout_corr/ppl_ratio:1.017521479477485 - rollout_corr/chi2_token:0.1387806540975968 - rollout_corr/chi2_seq:131.0251521449536 - actor/pg_loss:0.24530850158286435 - actor/kl_loss:0.0 - actor/grpo_loss:0.0 - actor/vopd_loss:0.24530850158286435 - actor/vopd_loss_weighted:0.24530850158286435 - actor/policy_fallback_fraction:0.0 - aha/u_mean:-0.9111004230411103 - aha/u_neg_valley_frac:0.5359028039189676 - aha/floor_clamped_frac:0.0 - aha/q_tail_mass:0.015363232514133074 - aha/u_centered_mean:-0.6719736579883223 - aha/u_centered_absmean:1.1092178629090388 - aha/u_centered_wmean:-1.733279565129438e-08 - aha/argmax_conf:0.9537279605865479 - self_distillation/raw_jsd_token_mean:0.24530850158286435 - self_distillation/weighted_jsd_token_mean:0.24530850158286435 - self_distillation/self_distillation_mask.mean():1.0 - self_distillation/num_distill_tokens:155.0625 - self_distillation/empty_target_batch:0.0 - actor/grad_norm:1.0492085218429565 - timing_s/update_actor/student_forward:55.62352933071088 - timing_s/update_actor/teacher_forward:70.26753982709488 - timing_s/update_actor/teacher_full_forward:0.0 - timing_s/update_actor/teacher_null_forward:53.4476026808843 - timing_s/update_actor/loss_compute:0.05517669609980658 - timing_s/update_actor/backward:87.35877198487287 - timing_s/update_actor/optimizer_step:0.08463458099868149 - timing_s/update_actor/teacher_ema_update:3.2634998206049204e-05 - perf/mfu/actor:0.0 - perf/max_memory_allocated_gb:84.50172758102417 - perf/max_memory_reserved_gb:96.955078125 - perf/cpu_memory_used_gb:299.76003646850586 - actor/lr:2e-06 - training/global_step:44 - training/epoch:0 - response_length/mean:155.0625 - response_length/max:1024.0 - response_length/min:4.0 - response_length/clip_ratio:0.0416666679084301 - response_length_non_aborted/mean:155.0625 - response_length_non_aborted/max:1024.0 - response_length_non_aborted/min:4.0 - response_length_non_aborted/clip_ratio:0.0416666679084301 - response/aborted_ratio:0.0 - prompt_length/mean:3436.791748046875 - prompt_length/max:4852.0 - prompt_length/min:3207.0 - prompt_length/clip_ratio:0.0 - num_turns/min:2 - num_turns/max:2 - num_turns/mean:2.0 - timing_s/start_profile:3.592902794480324e-05 - timing_s/agent_loop/generate_sequences/min:4.263169474026654 - timing_s/agent_loop/generate_sequences/max:22.29741311899852 - timing_s/agent_loop/generate_sequences/mean:12.956591359050435 - timing_s/agent_loop/tool_calls/min:0.0 - timing_s/agent_loop/tool_calls/max:0.0 - timing_s/agent_loop/tool_calls/mean:0.0 - timing_s/agent_loop/slowest/generate_sequences:22.29741311899852 - timing_s/agent_loop/slowest/tool_calls:0.0 - timing_s/agent_loop/slowest/prompt_length:3362 - timing_s/agent_loop/slowest/response_length:1024 - timing_s/gen:30.4636793989921 - timing_s/adv:17.09433542599436 - timing_s/update_actor:301.27822515700245 - timing_s/dump_rollout_generations:0.053018795035313815 - timing_s/step:348.91009440500056 - timing_s/stop_profile:2.247100928798318e-05 - timing_per_token_ms/update_actor:0.8737311426810737 - timing_per_token_ms/gen:2.046465094652163 - timing_per_token_ms/adv:0.04957495091901919 - perf/total_num_tokens:344818 - perf/time_per_step:348.91009440500056 - perf/throughput:494.1358899174602
[36m(TaskRunner pid=229704)[0m Dumped generations to /sfs/weka/scratch/nkw3mr/Vision-OPD-OPSA/rollouts/Aha-center-Qwen3.5-4B-6karmA/45.jsonl
[36m(TaskRunner pid=229704)[0m local_global_step_folder: /sfs/weka/scratch/nkw3mr/Vision-OPD-OPSA/checkpoints/Aha-center-Qwen3.5-4B-6karmA/global_step_45
[36m(TaskRunner pid=229704)[0m step:45 - global_seqlen/min:344800 - global_seqlen/max:344800 - global_seqlen/minmax_diff:0 - global_seqlen/balanced_min:344800 - global_seqlen/balanced_max:344800 - global_seqlen/mean:344800.0 - self_distillation/teacher_always_on_fraction:1.0 - self_distillation/teacher_image_swap_fraction:1.0 - self_distillation/policy_fallback_fraction:0.0 - self_distillation/grpo_fallback_count:0.0 - rollout_corr/rollout_is_mean:1.0 - rollout_corr/rollout_is_ratio_fraction_high:0.0 - rollout_corr/rollout_is_ratio_fraction_low:0.0 - rollout_corr/rollout_is_max:1.0 - rollout_corr/rollout_is_min:1.0 - rollout_corr/rollout_is_std:0.0 - rollout_corr/rollout_is_eff_sample_size:1.0 - rollout_corr/rollout_is_seq_mean:1.0 - rollout_corr/rollout_is_seq_std:0.0 - rollout_corr/rollout_is_seq_max:1.0 - rollout_corr/rollout_is_seq_min:1.0 - rollout_corr/rollout_is_seq_max_deviation:0.0 - rollout_corr/rollout_is_seq_fraction_high:0.0 - rollout_corr/rollout_is_seq_fraction_low:0.0 - rollout_corr/training_ppl:3.305491225173076 - rollout_corr/training_log_ppl:1.0766001514469583 - rollout_corr/kl:0.02029627002896935 - rollout_corr/k3_kl:0.030456320086765725 - rollout_corr/rollout_ppl:3.2399609896043935 - rollout_corr/rollout_log_ppl:1.0563038696224492 - rollout_corr/log_ppl_diff:0.020296281824509304 - rollout_corr/log_ppl_abs_diff:0.041675396263599396 - rollout_corr/log_ppl_diff_max:0.180716872215271 - rollout_corr/log_ppl_diff_min:-0.17284011840820312 - rollout_corr/ppl_ratio:1.0217279990514119 - rollout_corr/chi2_token:0.11666528880596161 - rollout_corr/chi2_seq:4.091783548394839 - actor/pg_loss:0.24648657717625605 - actor/kl_loss:0.0 - actor/grpo_loss:0.0 - actor/vopd_loss:0.24648657717625605 - actor/vopd_loss_weighted:0.24648657717625605 - actor/policy_fallback_fraction:0.0 - aha/u_mean:-0.8207905748470997 - aha/u_neg_valley_frac:0.5240320799251398 - aha/floor_clamped_frac:0.0 - aha/q_tail_mass:0.016067166055033038 - aha/u_centered_mean:-0.6349852959780643 - aha/u_centered_absmean:1.070853612696131 - aha/u_centered_wmean:-1.3552758666915179e-08 - aha/argmax_conf:0.9663183093070984 - self_distillation/raw_jsd_token_mean:0.2464865771762561 - self_distillation/weighted_jsd_token_mean:0.2464865771762561 - self_distillation/self_distillation_mask.mean():1.0 - self_distillation/num_distill_tokens:125.4375 - self_distillation/empty_target_batch:0.0 - actor/grad_norm:1.4224907159805298 - timing_s/update_actor/student_forward:52.89399400295224 - timing_s/update_actor/teacher_forward:68.2513877042802 - timing_s/update_actor/teacher_full_forward:0.0 - timing_s/update_actor/teacher_null_forward:55.76337124762358 - timing_s/update_actor/loss_compute:0.055645073181949556 - timing_s/update_actor/backward:87.27000135031994 - timing_s/update_actor/optimizer_step:0.08535985602065921 - timing_s/update_actor/teacher_ema_update:4.3990963604301214e-05 - perf/mfu/actor:0.0 - perf/max_memory_allocated_gb:84.50172758102417 - perf/max_memory_reserved_gb:96.955078125 - perf/cpu_memory_used_gb:299.86241149902344 - actor/lr:2e-06 - training/global_step:45 - training/epoch:0 - response_length/mean:125.4375 - response_length/max:1020.0 - response_length/min:3.0 - response_length/clip_ratio:0.0 - response_length_non_aborted/mean:125.4375 - response_length_non_aborted/max:1020.0 - response_length_non_aborted/min:3.0 - response_length_non_aborted/clip_ratio:0.0 - response/aborted_ratio:0.0 - prompt_length/mean:3466.229248046875 - prompt_length/max:4051.0 - prompt_length/min:3294.0 - prompt_length/clip_ratio:0.0 - num_turns/min:2 - num_turns/max:2 - num_turns/mean:2.0 - timing_s/start_profile:4.3370004277676344e-05 - timing_s/agent_loop/generate_sequences/min:4.011716242006514 - timing_s/agent_loop/generate_sequences/max:20.960474879015237 - timing_s/agent_loop/generate_sequences/mean:12.189993945113505 - timing_s/agent_loop/tool_calls/min:0.0 - timing_s/agent_loop/tool_calls/max:0.0 - timing_s/agent_loop/tool_calls/mean:0.0 - timing_s/agent_loop/slowest/generate_sequences:20.960474879015237 - timing_s/agent_loop/slowest/tool_calls:0.0 - timing_s/ag[36m(WorkerDict pid=262791)[0m /sfs/weka/scratch/nkw3mr/Vision-OPD-OPSA/verl/utils/device.py:134: FutureWarning: torch.cuda._set_allocator_settings is deprecated. Use torch._C._accelerator_setAllocatorSettings instead.
[36m(WorkerDict pid=262791)[0m   torch.cuda.memory._set_allocator_settings(f"expandable_segments:{enable}")
[36m(TaskRunner pid=229704)[0m Training Progress:  90%|█████████ | 46/51 [4:39:45<29:35, 355.12s/it]
[36m(WorkerDict pid=262772)[0m /sfs/weka/scratch/nkw3mr/Vision-OPD-OPSA/verl/utils/device.py:134: FutureWarning: torch.cuda._set_allocator_settings is deprecated. Use torch._C._accelerator_setAllocatorSettings instead.
[36m(WorkerDict pid=262772)[0m   torch.cuda.memory._set_allocator_settings(f"expandable_segments:{enable}")
[36m(TaskRunner pid=229704)[0m Training Progress:  92%|█████████▏| 47/51 [4:45:32<23:31, 352.87s/it]
ent_loop/slowest/prompt_length:3347 - timing_s/agent_loop/slowest/response_length:1020 - timing_s/gen:28.808774270000868 - timing_s/adv:15.81216776400106 - timing_s/update_actor:302.18227081996156 - timing_s/dump_rollout_generations:0.06085227202856913 - timing_s/step:346.88345478195697 - timing_s/save_checkpoint:18.39701600902481 - timing_s/stop_profile:3.623001975938678e-05 - timing_per_token_ms/update_actor:0.8763986972736704 - timing_per_token_ms/gen:2.3923579363893763 - timing_per_token_ms/adv:0.04585895523202164 - perf/total_num_tokens:344800 - perf/time_per_step:346.88345478195697 - perf/throughput:496.9968951340349
[36m(TaskRunner pid=229704)[0m Dumped generations to /sfs/weka/scratch/nkw3mr/Vision-OPD-OPSA/rollouts/Aha-center-Qwen3.5-4B-6karmA/46.jsonl
[36m(TaskRunner pid=229704)[0m step:46 - global_seqlen/min:338667 - global_seqlen/max:338667 - global_seqlen/minmax_diff:0 - global_seqlen/balanced_min:338667 - global_seqlen/balanced_max:338667 - global_seqlen/mean:338667.0 - self_distillation/teacher_always_on_fraction:1.0 - self_distillation/teacher_image_swap_fraction:1.0 - self_distillation/policy_fallback_fraction:0.0 - self_distillation/grpo_fallback_count:0.0 - rollout_corr/rollout_is_mean:1.0 - rollout_corr/rollout_is_ratio_fraction_high:0.0 - rollout_corr/rollout_is_ratio_fraction_low:0.0 - rollout_corr/rollout_is_max:1.0 - rollout_corr/rollout_is_min:1.0 - rollout_corr/rollout_is_std:0.0 - rollout_corr/rollout_is_eff_sample_size:1.0 - rollout_corr/rollout_is_seq_mean:1.0 - rollout_corr/rollout_is_seq_std:0.0 - rollout_corr/rollout_is_seq_max:1.0 - rollout_corr/rollout_is_seq_min:1.0 - rollout_corr/rollout_is_seq_max_deviation:0.0 - rollout_corr/rollout_is_seq_fraction_high:0.0 - rollout_corr/rollout_is_seq_fraction_low:0.0 - rollout_corr/training_ppl:3.2650015155474343 - rollout_corr/training_log_ppl:1.091488550727566 - rollout_corr/kl:0.018824685917024908 - rollout_corr/k3_kl:0.030649508432058308 - rollout_corr/rollout_ppl:3.189317607631286 - rollout_corr/rollout_log_ppl:1.0726638639656205 - rollout_corr/log_ppl_diff:0.018824686761945486 - rollout_corr/log_ppl_abs_diff:0.036381996081521116 - rollout_corr/log_ppl_diff_max:0.10307514667510986 - rollout_corr/log_ppl_diff_min:-0.25219571590423584 - rollout_corr/ppl_ratio:1.0200604610145092 - rollout_corr/chi2_token:0.10291640895108382 - rollout_corr/chi2_seq:2.3622957710176706 - actor/pg_loss:0.2407378071996694 - actor/kl_loss:0.0 - actor/grpo_loss:0.0 - actor/vopd_loss:0.2407378071996694 - actor/vopd_loss_weighted:0.2407378071996694 - actor/policy_fallback_fraction:0.0 - aha/u_mean:-0.7208019962805944 - aha/u_neg_valley_frac:0.5355662793541948 - aha/floor_clamped_frac:0.0 - aha/q_tail_mass:0.012000092723307413 - aha/u_centered_mean:-0.6335234998259693 - aha/u_centered_absmean:1.0664292907652755 - aha/u_centered_wmean:-1.0113896396884056e-08 - aha/argmax_conf:0.9644619226455688 - self_distillation/raw_jsd_token_mean:0.2407378071996694 - self_distillation/weighted_jsd_token_mean:0.2407378071996694 - self_distillation/self_distillation_mask.mean():1.0 - self_distillation/num_distill_tokens:150.96875 - self_distillation/empty_target_batch:0.0 - actor/grad_norm:1.3231815099716187 - timing_s/update_actor/student_forward:47.92773994413437 - timing_s/update_actor/teacher_forward:65.81625625205925 - timing_s/update_actor/teacher_full_forward:0.0 - timing_s/update_actor/teacher_null_forward:57.93822433630703 - timing_s/update_actor/loss_compute:0.05457688408205286 - timing_s/update_actor/backward:92.47733730915934 - timing_s/update_actor/optimizer_step:0.08512192196212709 - timing_s/update_actor/teacher_ema_update:3.8412981666624546e-05 - perf/mfu/actor:0.0 - perf/max_memory_allocated_gb:84.50172758102417 - perf/max_memory_reserved_gb:96.955078125 - perf/cpu_memory_used_gb:298.9210777282715 - actor/lr:2e-06 - training/global_step:46 - training/epoch:0 - response_length/mean:150.96875 - response_length/max:1024.0 - response_length/min:4.0 - response_length/clip_ratio:0.02083333395421505 - response_length_non_aborted/mean:150.96875 - response_length_non_aborted/max:1024.0 - response_length_non_aborted/min:4.0 - response_length_non_aborted/clip_ratio:0.02083333395421505 - response/aborted_ratio:0.0 - prompt_length/mean:3376.8125 - prompt_length/max:3960.0 - prompt_length/min:3157.0 - prompt_length/clip_ratio:0.0 - num_turns/min:2 - num_turns/max:2 - num_turns/mean:2.0 - timing_s/start_profile:4.9306952860206366e-05 - timing_s/agent_loop/generate_sequences/min:4.150742624013219 - timing_s/agent_loop/generate_sequences/max:21.38516637700377 - timing_s/agent_loop/generate_sequences/mean:12.563660721979128 - timing_s/agent_loop/tool_calls/min:0.0 - timing_s/agent_loop/tool_calls/max:0.0 - timing_s/agent_loop/tool_calls/mean:0.0 - timing_s/agent_loop/slowest/generate_sequences:21.38516637700377 - timing_s/agent_loop/slowest/tool_calls:0.0 - timing_s/agent_loop/slowest/prompt_length:3351 - timing_s/agent_loop/slowest/response_length:1024 - timing_s/gen:28.544006196025293 - timing_s/adv:17.502189638034906 - timing_s/update_actor:304.84084778797114 - timing_s/dump_rollout_generations:0.05390231095952913 - timing_s/step:350.96215708198724 - timing_s/stop_profile:2.4683016818016768e-05 - timing_per_token_ms/update_actor:0.9001197276025451 - timing_per_token_ms/gen:1.9695029459756637 - timing_per_token_ms/adv:0.05167964294730489 - perf/total_num_tokens:338667 - perf/time_per_step:350.96215708198724 - perf/throughput:482.48364270351374
[36m(TaskRunner pid=229704)[0m Dumped generations to /sfs/weka/scratch/nkw3mr/Vision-OPD-OPSA/rollouts/Aha-center-Qwen3.5-4B-6karmA/47.jsonl
[36m(TaskRunner pid=229704)[0m step:47 - global_seqlen/min:344786 - global_seqlen/max:344786 - global_seqlen/minmax_diff:0 - global_seqlen/balanced_min:344786 - global_seqlen/balanced_max:344786 - global_seqlen/mean:344786.0 - self_distillation/teacher_always_on_fraction:1.0 - self_distillation/teacher_image_swap_fraction:1.0 - self_distillation/policy_fallback_fraction:0.0 - self_distillation/grpo_fallback_count:0.0 - rollout_corr/rollout_is_mean:1.0 - rollout_corr/rollout_is_ratio_fraction_high:0.0 - rollout_corr/rollout_is_ratio_fraction_low:0.0 - rollout_corr/rollout_is_max:1.0 - rollout_corr/rollout_is_min:1.0 - rollout_corr/rollout_is_std:0.0 - rollout_corr/rollout_is_eff_sample_size:1.0 - rollout_corr/rollout_is_seq_mean:1.0 - rollout_corr/rollout_is_seq_std:0.0 - rollout_corr/rollout_is_seq_max:1.0 - rollout_corr/rollout_is_seq_min:1.0 - rollout_corr/rollout_is_seq_max_deviation:0.0 - rollout_corr/rollout_is_seq_fraction_high:0.0 - rollout_corr/rollout_is_seq_fraction_low:0.0 - rollout_corr/training_ppl:2.67752697567145 - rollout_corr/training_log_ppl:0.9216449684463441 - rollout_corr/kl:0.024260218012689922 - rollout_corr/k3_kl:0.026457697244647232 - rollout_corr/rollout_ppl:2.607045660416285 - rollout_corr/rollout_log_ppl:0.8973847481732568 - rollout_corr/log_ppl_diff:0.024260220273087423 - rollout_corr/log_ppl_abs_diff:0.03442910204951962 - rollout_corr/log_ppl_diff_max:0.14431512355804443 - rollout_corr/log_ppl_diff_min:-0.08904373645782471 - rollout_corr/ppl_ratio:1.0252519616236289 - rollout_corr/chi2_token:0.07729147933423519 - rollout_corr/chi2_seq:-0.2556295556326707 - actor/pg_loss:0.23039020422584136 - actor/kl_loss:0.0 - actor/grpo_loss:0.0 - actor/vopd_loss:0.23039020422584136 - actor/vopd_loss_weighted:0.23039020422584136 - actor/policy_fallback_fraction:0.0 - aha/u_mean:-0.8697916227974929 - aha/u_neg_valley_frac:0.5307131052638093 - aha/floor_clamped_frac:0.0 - aha/q_tail_mass:0.010501692013984135 - aha/u_centered_mean:-0.6611579587867406 - aha/u_centered_absmean:1.0953889099570613 - aha/u_centered_wmean:-1.361123456479485e-08 - aha/argmax_conf:0.9609273672103882 - self_distillation/raw_jsd_token_mean:0.23039020422584144 - self_distillation/weighted_jsd_token_mean:0.23039020422584144 - self_distillation/self_distillation_mask.mean():1.0 - self_distillation/num_distill_tokens:174.08333333333334 - self_distillation/empty_target_batch:0.0 - actor/grad_norm:1.1643649339675903 - timing_s/update_actor/student_forward:53.06664707814343 - timing_s/update_actor/teacher_forward:70.7676460914081 - timing_s/update_actor/teacher_full_forward:0.0 - timing_s/update_actor/teacher_null_forward:53.771010788332205 - timing_s/update_actor/loss_compute:0.05495245574275032 - timing_s/update_actor/backward:86.8748043270316 - timing_s/update_actor/optimizer_step:0.08518661500420421 - timing_s/update_actor/teacher_ema_update:5.0408998504281044e-05 - perf/mfu/actor:0.0 - perf/max_memory_allocated_gb:84.50172758102417 - perf/max_memory_reserved_gb:96.955078125 - perf/cpu_memory_used_gb:299.8502883911133 - actor/lr:2e-06 - training/global_step:47 - training/epoch:0 - response_length/mean:174.0833282470703 - response_length/max:1024.0 - response_length/min:4.0 - response_length/clip_ratio:0.0520833320915699 - response_length_non_aborted/mean:174.0833282470703 - response_length_non_aborted/max:1024.0 - response_length_non_aborted/min:4.0 - response_length_non_aborted/clip_ratio:0.0520833320915699 - response/aborted_ratio:0.0 - prompt_length/mean:3417.4375 - prompt_length/max:4473.0 - prompt_length/min:3254.0 - prompt_length/clip_ratio:0.0 - num_turns/min:2 - num_turns/max:2 - num_turns/mean:2.0 - timing_s/start_profile:4.4621003326028585e-05 - timing_s/agent_loop/generate_sequences/min:3.8616282159928232 - timing_s/agent_loop/generate_sequences/max:22.111263937025797 - timing_s/agent_loop/generate_sequences/mean:12.241245090659504 - timing_s/agent_loop/tool_calls/min:0.0 - timing_s/agent_loop/tool_calls/max:0.0 - timing_s/agent_loop/tool_calls/mean:0.0 - timing_s/agent_loop/slowest/generate_sequences:22.111263937025797 - tim[36m(TaskRunner pid=229704)[0m Training Progress:  94%|█████████▍| 48/51 [4:51:18<17:31, 350.57s/it]
[36m(TaskRunner pid=229704)[0m Training Progress:  96%|█████████▌| 49/51 [4:56:59<11:35, 347.99s/it]
ing_s/agent_loop/slowest/tool_calls:0.0 - timing_s/agent_loop/slowest/prompt_length:3963 - timing_s/agent_loop/slowest/response_length:1024 - timing_s/gen:29.876751629984938 - timing_s/adv:16.169329241965897 - timing_s/update_actor:301.40286630700575 - timing_s/dump_rollout_generations:0.056459307961631566 - timing_s/step:347.52487136097625 - timing_s/stop_profile:2.5965040549635887e-05 - timing_per_token_ms/update_actor:0.8741737376430765 - timing_per_token_ms/gen:1.7877424383667386 - timing_per_token_ms/adv:0.04689671054499283 - perf/total_num_tokens:344786 - perf/time_per_step:347.52487136097625 - perf/throughput:496.05945993124135
[36m(TaskRunner pid=229704)[0m Dumped generations to /sfs/weka/scratch/nkw3mr/Vision-OPD-OPSA/rollouts/Aha-center-Qwen3.5-4B-6karmA/48.jsonl
[36m(TaskRunner pid=229704)[0m step:48 - global_seqlen/min:345104 - global_seqlen/max:345104 - global_seqlen/minmax_diff:0 - global_seqlen/balanced_min:345104 - global_seqlen/balanced_max:345104 - global_seqlen/mean:345104.0 - self_distillation/teacher_always_on_fraction:1.0 - self_distillation/teacher_image_swap_fraction:1.0 - self_distillation/policy_fallback_fraction:0.0 - self_distillation/grpo_fallback_count:0.0 - rollout_corr/rollout_is_mean:1.0 - rollout_corr/rollout_is_ratio_fraction_high:0.0 - rollout_corr/rollout_is_ratio_fraction_low:0.0 - rollout_corr/rollout_is_max:1.0 - rollout_corr/rollout_is_min:1.0 - rollout_corr/rollout_is_std:0.0 - rollout_corr/rollout_is_eff_sample_size:1.0 - rollout_corr/rollout_is_seq_mean:1.0 - rollout_corr/rollout_is_seq_std:0.0 - rollout_corr/rollout_is_seq_max:1.0 - rollout_corr/rollout_is_seq_min:1.0 - rollout_corr/rollout_is_seq_max_deviation:0.0 - rollout_corr/rollout_is_seq_fraction_high:0.0 - rollout_corr/rollout_is_seq_fraction_low:0.0 - rollout_corr/training_ppl:3.3483731001615524 - rollout_corr/training_log_ppl:0.9936963868482659 - rollout_corr/kl:0.02017649666201275 - rollout_corr/k3_kl:0.027212350932434976 - rollout_corr/rollout_ppl:3.251469701528549 - rollout_corr/rollout_log_ppl:0.9735198843603333 - rollout_corr/log_ppl_diff:0.02017650248793264 - rollout_corr/log_ppl_abs_diff:0.038192463495458163 - rollout_corr/log_ppl_diff_max:0.10283344984054565 - rollout_corr/log_ppl_diff_min:-0.20020556449890137 - rollout_corr/ppl_ratio:1.0213291626423597 - rollout_corr/chi2_token:0.08432189747691154 - rollout_corr/chi2_seq:0.03192982946832975 - actor/pg_loss:0.22968563094279185 - actor/kl_loss:0.0 - actor/grpo_loss:0.0 - actor/vopd_loss:0.22968563094279185 - actor/vopd_loss_weighted:0.22968563094279185 - actor/policy_fallback_fraction:0.0 - aha/u_mean:-0.9256242377644716 - aha/u_neg_valley_frac:0.5276934108696878 - aha/floor_clamped_frac:0.0 - aha/q_tail_mass:0.016287464193055615 - aha/u_centered_mean:-0.7109867351270319 - aha/u_centered_absmean:1.1175798273955782 - aha/u_centered_wmean:-1.9322764956373566e-08 - aha/argmax_conf:0.9552624225616455 - self_distillation/raw_jsd_token_mean:0.22968563094279185 - self_distillation/weighted_jsd_token_mean:0.22968563094279185 - self_distillation/self_distillation_mask.mean():1.0 - self_distillation/num_distill_tokens:189.04166666666666 - self_distillation/empty_target_batch:0.0 - actor/grad_norm:1.11073899269104 - timing_s/update_actor/student_forward:53.512671874137595 - timing_s/update_actor/teacher_forward:69.35758014925523 - timing_s/update_actor/teacher_full_forward:0.0 - timing_s/update_actor/teacher_null_forward:53.70016743947053 - timing_s/update_actor/loss_compute:0.0537802372709848 - timing_s/update_actor/backward:86.26800924510462 - timing_s/update_actor/optimizer_step:0.0848686849931255 - timing_s/update_actor/teacher_ema_update:4.0785991586744785e-05 - perf/mfu/actor:0.0 - perf/max_memory_allocated_gb:84.50172758102417 - perf/max_memory_reserved_gb:96.955078125 - perf/cpu_memory_used_gb:299.7013702392578 - actor/lr:2e-06 - training/global_step:48 - training/epoch:0 - response_length/mean:189.0416717529297 - response_length/max:1024.0 - response_length/min:4.0 - response_length/clip_ratio:0.0520833320915699 - response_length_non_aborted/mean:189.0416717529297 - response_length_non_aborted/max:1024.0 - response_length_non_aborted/min:4.0 - response_length_non_aborted/clip_ratio:0.0520833320915699 - response/aborted_ratio:0.0 - prompt_length/mean:3405.791748046875 - prompt_length/max:4240.0 - prompt_length/min:3115.0 - prompt_length/clip_ratio:0.0 - num_turns/min:2 - num_turns/max:2 - num_turns/mean:2.0 - timing_s/start_profile:5.421403329819441e-05 - timing_s/agent_loop/generate_sequences/min:4.000769245962147 - timing_s/agent_loop/generate_sequences/max:22.56446598394541 - timing_s/agent_loop/generate_sequences/mean:12.755466191342444 - timing_s/agent_loop/tool_calls/min:0.0 - timing_s/agent_loop/tool_calls/max:0.0 - timing_s/agent_loop/tool_calls/mean:0.0 - timing_s/agent_loop/slowest/generate_sequences:22.56446598394541 - timing_s/agent_loop/slowest/tool_calls:0.0 - timing_s/agent_loop/slowest/prompt_length:3345 - timing_s/agent_loop/slowest/response_length:1024 - timing_s/gen:30.60210920998361 - timing_s/adv:17.894075469987 - timing_s/update_actor:296.59831809898606 - timing_s/dump_rollout_generations:0.05319568602135405 - timing_s/step:345.1696973979706 - timing_s/stop_profile:2.4913984816521406e-05 - timing_per_token_ms/update_actor:0.8594461904208183 - timing_per_token_ms/gen:1.6862524360802078 - timing_per_token_ms/adv:0.05185125489703684 - perf/total_num_tokens:345104 - perf/time_per_step:345.1696973979706 - perf/throughput:499.90483319007166
[36m(TaskRunner pid=229704)[0m Dumped generations to /sfs/weka/scratch/nkw3mr/Vision-OPD-OPSA/rollouts/Aha-center-Qwen3.5-4B-6karmA/49.jsonl
[36m(TaskRunner pid=229704)[0m step:49 - global_seqlen/min:336571 - global_seqlen/max:336571 - global_seqlen/minmax_diff:0 - global_seqlen/balanced_min:336571 - global_seqlen/balanced_max:336571 - global_seqlen/mean:336571.0 - self_distillation/teacher_always_on_fraction:1.0 - self_distillation/teacher_image_swap_fraction:1.0 - self_distillation/policy_fallback_fraction:0.0 - self_distillation/grpo_fallback_count:0.0 - rollout_corr/rollout_is_mean:1.0 - rollout_corr/rollout_is_ratio_fraction_high:0.0 - rollout_corr/rollout_is_ratio_fraction_low:0.0 - rollout_corr/rollout_is_max:1.0 - rollout_corr/rollout_is_min:1.0 - rollout_corr/rollout_is_std:0.0 - rollout_corr/rollout_is_eff_sample_size:1.0 - rollout_corr/rollout_is_seq_mean:1.0 - rollout_corr/rollout_is_seq_std:0.0 - rollout_corr/rollout_is_seq_max:1.0 - rollout_corr/rollout_is_seq_min:1.0 - rollout_corr/rollout_is_seq_max_deviation:0.0 - rollout_corr/rollout_is_seq_fraction_high:0.0 - rollout_corr/rollout_is_seq_fraction_low:0.0 - rollout_corr/training_ppl:3.491270575672388 - rollout_corr/training_log_ppl:1.0411927501360576 - rollout_corr/kl:0.010509462328627706 - rollout_corr/k3_kl:0.029778664592110243 - rollout_corr/rollout_ppl:3.42158933977286 - rollout_corr/rollout_log_ppl:1.0306832941714674 - rollout_corr/log_ppl_diff:0.010509455964590112 - rollout_corr/log_ppl_abs_diff:0.044160762103274465 - rollout_corr/log_ppl_diff_max:0.12434220314025879 - rollout_corr/log_ppl_diff_min:-0.20124512910842896 - rollout_corr/ppl_ratio:1.0121574358393748 - rollout_corr/chi2_token:0.12910168742140135 - rollout_corr/chi2_seq:3.0681233884145818 - actor/pg_loss:0.2151521324703936 - actor/kl_loss:0.0 - actor/grpo_loss:0.0 - actor/vopd_loss:0.2151521324703936 - actor/vopd_loss_weighted:0.2151521324703936 - actor/policy_fallback_fraction:0.0 - aha/u_mean:-0.9607132643771669 - aha/u_neg_valley_frac:0.5089656161144376 - aha/floor_clamped_frac:0.0 - aha/q_tail_mass:0.025942733882217794 - aha/u_centered_mean:-0.6205989959222885 - aha/u_centered_absmean:1.0112061044201255 - aha/u_centered_wmean:-1.9452950562881544e-08 - aha/argmax_conf:0.9554110169410706 - self_distillation/raw_jsd_token_mean:0.21515213247039355 - self_distillation/weighted_jsd_token_mean:0.21515213247039355 - self_distillation/self_distillation_mask.mean():1.0 - self_distillation/num_distill_tokens:138.65625 - self_distillation/empty_target_batch:0.0 - actor/grad_norm:1.1519596576690674 - timing_s/update_actor/student_forward:53.45384994032793 - timing_s/update_actor/teacher_forward:69.9687544691842 - timing_s/update_actor/teacher_full_forward:0.0 - timing_s/update_actor/teacher_null_forward:52.448168863367755 - timing_s/update_actor/loss_compute:0.05516108317533508 - timing_s/update_actor/backward:85.24529863498174 - timing_s/update_actor/optimizer_step:0.08466871699783951 - timing_s/update_actor/teacher_ema_update:3.453803947195411e-05 - perf/mfu/actor:0.0 - perf/max_memory_allocated_gb:84.50172758102417 - perf/max_memory_reserved_gb:96.955078125 - perf/cpu_memory_used_gb:298.93365478515625 - actor/lr:2e-06 - training/global_step:49 - training/epoch:0 - response_length/mean:138.65625 - response_length/max:1024.0 - response_length/min:4.0 - response_length/clip_ratio:0.02083333395421505 - response_length_non_aborted/mean:138.65625 - response_length_non_aborted/max:1024.0 - response_length_non_aborted/min:4.0 - response_length_non_aborted/clip_ratio:0.02083333395421505 - response/aborted_ratio:0.0 - prompt_length/mean:3367.291748046875 - prompt_length/max:3962.0 - prompt_length/min:3157.0 - prompt_length/clip_ratio:0.0 - num_turns/min:2 - num_turns/max:2 - num_turns/mean:2.0 - timing_s/start_profile:4.837597953155637e-05 - timing_s/agent_loop/generate_sequences/min:3.6347817450296134 - timing_s/agent_loop/generate_sequences/max:21.0282327280147 - timing_s/agent_loop/generate_sequences/mean:10.888669943477604 - timing_s/agent_loop/tool_calls/min:0.0 - timing_s/agent_loop/tool_calls/max:0.0 - timing_s/agent_loop/tool_calls/mean:0.0 - timing_s/agent_loop/slowest/generate_sequences:21.0282327280147 - timing_s/agent_loop/slow[36m(TaskRunner pid=229704)[0m Training Progress:  98%|█████████▊| 50/51 [5:02:58<05:51, 351.02s/it]
[36m(WorkerDict pid=262791)[0m /sfs/weka/scratch/nkw3mr/Vision-OPD-OPSA/verl/utils/device.py:134: FutureWarning: torch.cuda._set_allocator_settings is deprecated. Use torch._C._accelerator_setAllocatorSettings instead.
[36m(WorkerDict pid=262791)[0m   torch.cuda.memory._set_allocator_settings(f"expandable_segments:{enable}")
[36m(TaskRunner pid=229704)[0m Training Progress: 100%|██████████| 51/51 [5:09:11<00:00, 357.60s/it]Training Progress: 100%|██████████| 51/51 [5:09:11<00:00, 363.75s/it]
[36m(WorkerDict pid=262772)[0m /sfs/weka/scratch/nkw3mr/Vision-OPD-OPSA/verl/utils/device.py:134: FutureWarning: torch.cuda._set_allocator_settings is deprecated. Use torch._C._accelerator_setAllocatorSettings instead.
[36m(WorkerDict pid=262772)[0m   torch.cuda.memory._set_allocator_settings(f"expandable_segments:{enable}")
est/tool_calls:0.0 - timing_s/agent_loop/slowest/prompt_length:3346 - timing_s/agent_loop/slowest/response_length:1024 - timing_s/gen:29.447790152044035 - timing_s/adv:15.656450053036679 - timing_s/update_actor:296.69887635001214 - timing_s/dump_rollout_generations:0.05550210998626426 - timing_s/step:341.8829003989813 - timing_s/stop_profile:3.1353032682091e-05 - timing_per_token_ms/update_actor:0.881534286525019 - timing_per_token_ms/gen:2.212289846896855 - timing_per_token_ms/adv:0.04651752543456412 - perf/total_num_tokens:336571 - perf/time_per_step:341.8829003989813 - perf/throughput:492.231403804077
[36m(TaskRunner pid=229704)[0m Dumped generations to /sfs/weka/scratch/nkw3mr/Vision-OPD-OPSA/rollouts/Aha-center-Qwen3.5-4B-6karmA/50.jsonl
[36m(TaskRunner pid=229704)[0m local_global_step_folder: /sfs/weka/scratch/nkw3mr/Vision-OPD-OPSA/checkpoints/Aha-center-Qwen3.5-4B-6karmA/global_step_50
[36m(TaskRunner pid=229704)[0m step:50 - global_seqlen/min:336260 - global_seqlen/max:336260 - global_seqlen/minmax_diff:0 - global_seqlen/balanced_min:336260 - global_seqlen/balanced_max:336260 - global_seqlen/mean:336260.0 - self_distillation/teacher_always_on_fraction:1.0 - self_distillation/teacher_image_swap_fraction:1.0 - self_distillation/policy_fallback_fraction:0.0 - self_distillation/grpo_fallback_count:0.0 - rollout_corr/rollout_is_mean:1.0 - rollout_corr/rollout_is_ratio_fraction_high:0.0 - rollout_corr/rollout_is_ratio_fraction_low:0.0 - rollout_corr/rollout_is_max:1.0 - rollout_corr/rollout_is_min:1.0 - rollout_corr/rollout_is_std:0.0 - rollout_corr/rollout_is_eff_sample_size:1.0 - rollout_corr/rollout_is_seq_mean:1.0 - rollout_corr/rollout_is_seq_std:0.0 - rollout_corr/rollout_is_seq_max:1.0 - rollout_corr/rollout_is_seq_min:1.0 - rollout_corr/rollout_is_seq_max_deviation:0.0 - rollout_corr/rollout_is_seq_fraction_high:0.0 - rollout_corr/rollout_is_seq_fraction_low:0.0 - rollout_corr/training_ppl:3.357508153965076 - rollout_corr/training_log_ppl:0.9995667485830685 - rollout_corr/kl:0.008520553643999543 - rollout_corr/k3_kl:0.026463809227910435 - rollout_corr/rollout_ppl:3.2993971767524877 - rollout_corr/rollout_log_ppl:0.991046195384115 - rollout_corr/log_ppl_diff:0.00852055319895347 - rollout_corr/log_ppl_abs_diff:0.04052047928174337 - rollout_corr/log_ppl_diff_max:0.21686232089996338 - rollout_corr/log_ppl_diff_min:-0.19809794425964355 - rollout_corr/ppl_ratio:1.0102083204934995 - rollout_corr/chi2_token:0.10988349219163258 - rollout_corr/chi2_seq:1.7520924384395282 - actor/pg_loss:0.21084783464903012 - actor/kl_loss:0.0 - actor/grpo_loss:0.0 - actor/vopd_loss:0.21084783464903012 - actor/vopd_loss_weighted:0.21084783464903012 - actor/policy_fallback_fraction:0.0 - aha/u_mean:-1.0324028804898262 - aha/u_neg_valley_frac:0.5094638665517172 - aha/floor_clamped_frac:0.0 - aha/q_tail_mass:0.023424749515248127 - aha/u_centered_mean:-0.6600846270448528 - aha/u_centered_absmean:1.0471421675756574 - aha/u_centered_wmean:-2.1062440402029592e-08 - aha/argmax_conf:0.9595253467559814 - self_distillation/raw_jsd_token_mean:0.21084783464903012 - self_distillation/weighted_jsd_token_mean:0.21084783464903012 - self_distillation/self_distillation_mask.mean():1.0 - self_distillation/num_distill_tokens:111.27083333333333 - self_distillation/empty_target_batch:0.0 - actor/grad_norm:1.6703197956085205 - timing_s/update_actor/student_forward:53.56608174968278 - timing_s/update_actor/teacher_forward:68.99226950359298 - timing_s/update_actor/teacher_full_forward:0.0 - timing_s/update_actor/teacher_null_forward:52.80899527313886 - timing_s/update_actor/loss_compute:0.05467728723306209 - timing_s/update_actor/backward:85.5136156961089 - timing_s/update_actor/optimizer_step:0.0854909879853949 - timing_s/update_actor/teacher_ema_update:5.54859871044755e-05 - perf/mfu/actor:0.0 - perf/max_memory_allocated_gb:84.50172758102417 - perf/max_memory_reserved_gb:96.955078125 - perf/cpu_memory_used_gb:299.4911880493164 - actor/lr:2e-06 - training/global_step:50 - training/epoch:0 - response_length/mean:111.27083587646484 - response_length/max:658.0 - response_length/min:3.0 - response_length/clip_ratio:0.0 - response_length_non_aborted/mean:111.27083587646484 - response_length_non_aborted/max:658.0 - response_length_non_aborted/min:3.0 - response_length_non_aborted/clip_ratio:0.0 - response/aborted_ratio:0.0 - prompt_length/mean:3391.4375 - prompt_length/max:3957.0 - prompt_length/min:3174.0 - prompt_length/clip_ratio:0.0 - num_turns/min:2 - num_turns/max:2 - num_turns/mean:2.0 - timing_s/start_profile:4.08660271205008e-05 - timing_s/agent_loop/generate_sequences/min:3.6589667499647476 - timing_s/agent_loop/generate_sequences/max:17.740962092997506 - timing_s/agent_loop/generate_sequences/mean:10.540177394883964 - timing_s/agent_loop/tool_calls/min:0.0 - timing_s/agent_loop/tool_calls/max:0.0 - timing_s/agent_loop/tool_calls/mean:0.0 - timing_s/agent_loop/slowest/generate_sequences:17.740962092997506 - timing_s/agent_loop/slowest/tool_calls:0.0 - timing_s/agent_loop/slowest/prompt_length:3348 - timing_s/agent_loop/slowest/response_length:658 - timing_s/gen:25.17772655299632 - timing_s/adv:19.010130441980436 - timing_s/update_actor:295.2127150130109 - timing_s/dump_rollout_generations:0.054348408011719584 - timing_s/step:339.47531552700093 - timing_s/save_checkpoint:18.55890795798041 - timing_s/stop_profile:3.099296009168029e-05 - timing_per_token_ms/update_actor:0.877929920338461 - timing_per_token_ms/gen:2.3570236428567983 - timing_per_token_ms/adv:0.056534022607447915 - perf/total_num_tokens:336260 - perf/time_per_step:339.47531552700093 - perf/throughput:495.26428670961025
[36m(TaskRunner pid=229704)[0m Dumped generations to /sfs/weka/scratch/nkw3mr/Vision-OPD-OPSA/rollouts/Aha-center-Qwen3.5-4B-6karmA/51.jsonl
[36m(TaskRunner pid=229704)[0m local_global_step_folder: /sfs/weka/scratch/nkw3mr/Vision-OPD-OPSA/checkpoints/Aha-center-Qwen3.5-4B-6karmA/global_step_51
[36m(TaskRunner pid=229704)[0m step:51 - global_seqlen/min:345273 - global_seqlen/max:345273 - global_seqlen/minmax_diff:0 - global_seqlen/balanced_min:345273 - global_seqlen/balanced_max:345273 - global_seqlen/mean:345273.0 - self_distillation/teacher_always_on_fraction:1.0 - self_distillation/teacher_image_swap_fraction:1.0 - self_distillation/policy_fallback_fraction:0.0 - self_distillation/grpo_fallback_count:0.0 - rollout_corr/rollout_is_mean:1.0 - rollout_corr/rollout_is_ratio_fraction_high:0.0 - rollout_corr/rollout_is_ratio_fraction_low:0.0 - rollout_corr/rollout_is_max:1.0 - rollout_corr/rollout_is_min:1.0 - rollout_corr/rollout_is_std:0.0 - rollout_corr/rollout_is_eff_sample_size:1.0 - rollout_corr/rollout_is_seq_mean:1.0 - rollout_corr/rollout_is_seq_std:0.0 - rollout_corr/rollout_is_seq_max:1.0 - rollout_corr/rollout_is_seq_min:1.0 - rollout_corr/rollout_is_seq_max_deviation:0.0 - rollout_corr/rollout_is_seq_fraction_high:0.0 - rollout_corr/rollout_is_seq_fraction_low:0.0 - rollout_corr/training_ppl:2.906815890222788 - rollout_corr/training_log_ppl:0.9711627167028686 - rollout_corr/kl:0.02099503537677568 - rollout_corr/k3_kl:0.02793591884498407 - rollout_corr/rollout_ppl:2.831600595265627 - rollout_corr/rollout_log_ppl:0.9501676764339209 - rollout_corr/log_ppl_diff:0.02099504026894768 - rollout_corr/log_ppl_abs_diff:0.03499627625569701 - rollout_corr/log_ppl_diff_max:0.23231208324432373 - rollout_corr/log_ppl_diff_min:-0.11407262086868286 - rollout_corr/ppl_ratio:1.022232531880339 - rollout_corr/chi2_token:0.07780245319008827 - rollout_corr/chi2_seq:182.91273977793753 - actor/pg_loss:0.23925285188791645 - actor/kl_loss:0.0 - actor/grpo_loss:0.0 - actor/vopd_loss:0.23925285188791645 - actor/vopd_loss_weighted:0.23925285188791645 - actor/policy_fallback_fraction:0.0 - aha/u_mean:-0.7669062980761131 - aha/u_neg_valley_frac:0.5203895357747873 - aha/floor_clamped_frac:0.0 - aha/q_tail_mass:0.010539126861218051 - aha/u_centered_mean:-0.6220645150945833 - aha/u_centered_absmean:1.0568280179674427 - aha/u_centered_wmean:-1.6564623214176028e-08 - aha/argmax_conf:0.9669941663742065 - self_distillation/raw_jsd_token_mean:0.23925285188791653 - self_distillation/weighted_jsd_token_mean:0.23925285188791653 - self_distillation/self_distillation_mask.mean():1.0 - self_distillation/num_distill_tokens:188.09375 - self_distillation/empty_target_batch:0.0 - actor/grad_norm:1.1739858388900757 - timing_s/update_actor/student_forward:45.56330752011854 - timing_s/update_actor/teacher_forward:73.12694270518841 - timing_s/update_actor/teacher_full_forward:0.0 - timing_s/update_actor/teacher_null_forward:52.52661672962131 - timing_s/update_actor/loss_compute:0.05468068411573768 - timing_s/update_actor/backward:92.29888552479679 - timing_s/update_actor/optimizer_step:0.08529497403651476 - timing_s/update_actor/teacher_ema_update:3.878300776705146e-05 - perf/mfu/actor:0.0 - perf/max_memory_allocated_gb:84.50172758102417 - perf/max_memory_reserved_gb:96.955078125 - perf/cpu_memory_used_gb:299.40967559814453 - actor/lr:2e-06 - training/global_step:51 - training/epoch:0 - response_length/mean:188.09375 - response_length/max:1024.0 - response_length/min:4.0 - response_length/clip_ratio:0.0625 - response_length_non_aborted/mean:188.09375 - response_length_non_aborted/max:1024.0 - response_length_non_aborted/min:4.0 - response_length_non_aborted/clip_ratio:0.0625 - response/aborted_ratio:0.0 - prompt_length/mean:3408.5 - prompt_length/max:3997.0 - prompt_length/min:3202.0 - prompt_length/clip_ratio:0.0 - num_turns/min:2 - num_turns/max:2 - num_turns/mean:2.0 - timing_s/start_profile:3.315601497888565e-05 - timing_s/agent_loop/generate_sequences/min:4.830181016004644 - timing_s/agent_loop/generate_sequences/max:23.110201383009553 - timing_s/agent_loop/generate_sequences/mean:12.971533067573546 - timing_s/agent_loop/tool_calls/min:0.0 - timing_s/agent_loop/tool_calls/max:0.0 - timing_s/agent_loop/tool_calls/mean:0.0 - timing_s/agent_loop/slowest/generate_sequences:23.110201383009553 - timing_s/agent_loop/slowest/tool_calls:0.0 - timing_s/agent[36m(TaskRunner pid=229704)[0m wandb: uploading history steps 49-50, summary, console lines 119-120
[36m(TaskRunner pid=229704)[0m wandb: 
[36m(TaskRunner pid=229704)[0m wandb: Run history:
[36m(TaskRunner pid=229704)[0m wandb:                actor/grad_norm █▄▂▂▁▂▃▃▁▂▁▃▁▁▂▁▂▁▁▁▁▂▁▁▁▂▁▁▁▁▂▂▁▁▁▁▁▁▁▁
[36m(TaskRunner pid=229704)[0m wandb:                actor/grpo_loss ▁▁▁▁▁▁▁▁▁▁▁▁▁▁▁▁▁▁▁▁▁▁▁▁▁▁▁▁▁▁▁▁▁▁▁▁▁▁▁▁
[36m(TaskRunner pid=229704)[0m wandb:                  actor/kl_loss ▁▁▁▁▁▁▁▁▁▁▁▁▁▁▁▁▁▁▁▁▁▁▁▁▁▁▁▁▁▁▁▁▁▁▁▁▁▁▁▁
[36m(TaskRunner pid=229704)[0m wandb:                       actor/lr ▁▂▃▅▅▇▇█████████████████████████████████
[36m(TaskRunner pid=229704)[0m wandb:                  actor/pg_loss ▆██▇██▆▇▄▄▅▁▄▇▆▆▅▄▅▅▄▄▅▃▆▂▄▃▆▅▆▄▅▆▇▇▆▆▅▇
[36m(TaskRunner pid=229704)[0m wandb: actor/policy_fallback_fraction ▁▁▁▁▁▁▁▁▁▁▁▁▁▁▁▁▁▁▁▁▁▁▁▁▁▁▁▁▁▁▁▁▁▁▁▁▁▁▁▁
[36m(TaskRunner pid=229704)[0m wandb:                actor/vopd_loss ▄▅▇▇▆█▇▅▆▄▆▆▄▁▆▅▅▄▄▅▅▄▄▄▃▃▂▃▃▅▅▅▄▅▆▆▆▅▅▆
[36m(TaskRunner pid=229704)[0m wandb:       actor/vopd_loss_weighted ▅▆████▆▇▄▄▇▅▁▄▇▆▆▄▅▅▄▄▅▃▆▄▃▆▅▅▄▅▆▇▇▇▆▆▅▇
[36m(TaskRunner pid=229704)[0m wandb:                aha/argmax_conf ▂▆▄▂▄▁▄▄▁▄▆▇▆▄▇▇▆▆▆▆▇█▅▅▅▅▆▇▆▅▇▇▆▇▇▆▅▅▅▆
[36m(TaskRunner pid=229704)[0m wandb:         aha/floor_clamped_frac ▁▁▁▁▁▁▁▁▁▁▁▁▁▁▁▁▁▁▁▁▁▁▁▁▁▁▁▁▁▁▁▁▁▁▁▁▁▁▁▁
[36m(TaskRunner pid=229704)[0m wandb:                           +102 ...
[36m(TaskRunner pid=229704)[0m wandb: 
[36m(TaskRunner pid=229704)[0m wandb: Run summary:
[36m(TaskRunner pid=229704)[0m wandb:                actor/grad_norm 1.17399
[36m(TaskRunner pid=229704)[0m wandb:                actor/grpo_loss 0
[36m(TaskRunner pid=229704)[0m wandb:                  actor/kl_loss 0
[36m(TaskRunner pid=229704)[0m wandb:                       actor/lr 0.0
[36m(TaskRunner pid=229704)[0m wandb:                  actor/pg_loss 0.23925
[36m(TaskRunner pid=229704)[0m wandb: actor/policy_fallback_fraction 0
[36m(TaskRunner pid=229704)[0m wandb:                actor/vopd_loss 0.23925
[36m(TaskRunner pid=229704)[0m wandb:       actor/vopd_loss_weighted 0.23925
[36m(TaskRunner pid=229704)[0m wandb:                aha/argmax_conf 0.96699
[36m(TaskRunner pid=229704)[0m wandb:         aha/floor_clamped_frac 0
[36m(TaskRunner pid=229704)[0m wandb:                           +102 ...
[36m(TaskRunner pid=229704)[0m wandb: 
[36m(TaskRunner pid=229704)[0m wandb: 🚀 View run Aha-center-Qwen3.5-4B-6karmA at: https://wandb.ai/nkw3mr-university-of-virginia/Vision-OPD-StateAdaptive/runs/ylta710x
[36m(TaskRunner pid=229704)[0m wandb: ⭐️ View project at: https://wandb.ai/nkw3mr-university-of-virginia/Vision-OPD-StateAdaptive
[36m(TaskRunner pid=229704)[0m wandb: Synced 5 W&B file(s), 0 media file(s), 0 artifact file(s) and 0 other file(s)
[36m(TaskRunner pid=229704)[0m wandb: Find logs at: ./wandb/run-20260910_040927-ylta710x/logs
_loop/slowest/prompt_length:3345 - timing_s/agent_loop/slowest/response_length:1024 - timing_s/gen:30.267899692989886 - timing_s/adv:17.137522110017017 - timing_s/update_actor:305.90980012499494 - timing_s/dump_rollout_generations:0.055371623020619154 - timing_s/step:353.391603216005 - timing_s/save_checkpoint:19.4778430070146 - timing_s/stop_profile:5.912198685109615e-05 - timing_per_token_ms/update_actor:0.8859939819360186 - timing_per_token_ms/gen:1.6762418836456712 - timing_per_token_ms/adv:0.04963470097579891 - perf/total_num_tokens:345273 - perf/time_per_step:353.391603216005 - perf/throughput:488.51330486898604
[36m(TaskRunner pid=229704)[0m 'Final validation metrics: None'
