Running: Aha-floor-Qwen3.5-4B-6karmA  (aha_beta=4.0, floor_alpha=0.1)
Teacher: frozen init copy (source=legacy, update_rate=0.0)
2026-09-10 20:44:33,131	INFO worker.py:1998 -- Started a local Ray instance. View the dashboard at [1m[32mhttp://127.0.0.1:8265 [39m[22m
/sfs/weka/scratch/nkw3mr/envs/vision-opd/lib/python3.12/site-packages/ray/_private/worker.py:2046: FutureWarning: Tip: In future versions of Ray, Ray will no longer override accelerator visible devices env var if num_gpus=0 or num_gpus=None (default). To enable this behavior and turn off this error message, set RAY_ACCEL_ENV_VAR_OVERRIDE_ON_ZERO=0
  warnings.warn(
[36m(TaskRunner pid=767563)[0m /sfs/weka/scratch/nkw3mr/Vision-OPD-OPSA/verl/trainer/main_ppo.py:320: UserWarning: Disabled critic as algorithm.adv_estimator != gae. If it is not intended, please set critic.enable=True
[36m(TaskRunner pid=767563)[0m   use_critic=need_critic(config),
[36m(TaskRunner pid=767563)[0m /sfs/weka/scratch/nkw3mr/Vision-OPD-OPSA/verl/utils/profiler/config.py:52: UserWarning: Torch profiler tool config is not fully supported now.
[36m(TaskRunner pid=767563)[0m   warnings.warn("Torch profiler tool config is not fully supported now.", stacklevel=1)
ray init kwargs: {'num_cpus': None, 'runtime_env': {'env_vars': {'TOKENIZERS_PARALLELISM': 'true', 'NCCL_DEBUG': 'WARN', 'VLLM_LOGGING_LEVEL': 'WARN', 'VLLM_ALLOW_RUNTIME_LORA_UPDATING': 'true', 'VLLM_ALLREDUCE_USE_SYMM_MEM': '0', 'CUDA_DEVICE_MAX_CONNECTIONS': '1', 'NCCL_CUMEM_ENABLE': '0'}, 'working_dir': None}}
[36m(TaskRunner pid=767563)[0m TaskRunner hostname: udc-aw37-6, PID: 767563
[36m(TaskRunner pid=767563)[0m {'actor_rollout_ref': {'actor': {'_target_': 'verl.workers.config.FSDPActorConfig',
[36m(TaskRunner pid=767563)[0m                                  'calculate_entropy': False,
[36m(TaskRunner pid=767563)[0m                                  'calculate_sum_pi_squared': False,
[36m(TaskRunner pid=767563)[0m                                  'checkpoint': {'_target_': 'verl.trainer.config.CheckpointConfig',
[36m(TaskRunner pid=767563)[0m                                                 'async_save': False,
[36m(TaskRunner pid=767563)[0m                                                 'load_contents': ['model',
[36m(TaskRunner pid=767563)[0m                                                                   'optimizer',
[36m(TaskRunner pid=767563)[0m                                                                   'extra'],
[36m(TaskRunner pid=767563)[0m                                                 'save_contents': ['model',
[36m(TaskRunner pid=767563)[0m                                                                   'optimizer',
[36m(TaskRunner pid=767563)[0m                                                                   'extra']},
[36m(TaskRunner pid=767563)[0m                                  'clip_ratio': 0.2,
[36m(TaskRunner pid=767563)[0m                                  'clip_ratio_c': 3.0,
[36m(TaskRunner pid=767563)[0m                                  'clip_ratio_high': 0.3,
[36m(TaskRunner pid=767563)[0m                                  'clip_ratio_low': 0.2,
[36m(TaskRunner pid=767563)[0m                                  'data_loader_seed': 42,
[36m(TaskRunner pid=767563)[0m                                  'entropy_checkpointing': False,
[36m(TaskRunner pid=767563)[0m                                  'entropy_coeff': 0,
[36m(TaskRunner pid=767563)[0m                                  'entropy_from_logits_with_chunking': False,
[36m(TaskRunner pid=767563)[0m                                  'freeze_vision_tower': False,
[36m(TaskRunner pid=767563)[0m                                  'fsdp_config': {'_target_': 'verl.workers.config.FSDPEngineConfig',
[36m(TaskRunner pid=767563)[0m                                                  'dtype': 'bfloat16',
[36m(TaskRunner pid=767563)[0m                                                  'entropy_checkpointing': False,
[36m(TaskRunner pid=767563)[0m                                                  'entropy_from_logits_with_chunking': False,
[36m(TaskRunner pid=767563)[0m                                                  'forward_only': False,
[36m(TaskRunner pid=767563)[0m                                                  'forward_prefetch': False,
[36m(TaskRunner pid=767563)[0m                                                  'fsdp_size': -1,
[36m(TaskRunner pid=767563)[0m                                                  'full_determinism': False,
[36m(TaskRunner pid=767563)[0m                                                  'model_dtype': 'fp32',
[36m(TaskRunner pid=767563)[0m                                                  'offload_policy': False,
[36m(TaskRunner pid=767563)[0m                                                  'optimizer_offload': True,
[36m(TaskRunner pid=767563)[0m                                                  'param_offload': True,
[36m(TaskRunner pid=767563)[0m                                                  'reshard_after_forward': True,
[36m(TaskRunner pid=767563)[0m                                                  'seed': 42,
[36m(TaskRunner pid=767563)[0m                                                  'strategy': 'fsdp',
[36m(TaskRunner pid=767563)[0m                                                  'ulysses_sequence_parallel_size': 1,
[36m(TaskRunner pid=767563)[0m                                                  'use_orig_params': False,
[36m(TaskRunner pid=767563)[0m                                                  'use_torch_compile': True,
[36m(TaskRunner pid=767563)[0m                                                  'wrap_policy': {'min_num_params': 0}},
[36m(TaskRunner pid=767563)[0m                                  'grad_clip': 1.0,
[36m(TaskRunner pid=767563)[0m                                  'kl_loss_coef': 0.001,
[36m(TaskRunner pid=767563)[0m                                  'kl_loss_type': 'low_var_kl',
[36m(TaskRunner pid=767563)[0m                                  'loss_agg_mode': 'token-mean',
[36m(TaskRunner pid=767563)[0m                                  'loss_scale_factor': None,
[36m(TaskRunner pid=767563)[0m                                  'optim': {'_target_': 'verl.workers.config.FSDPOptimizerConfig',
[36m(TaskRunner pid=767563)[0m                                            'betas': [0.9, 0.999],
[36m(TaskRunner pid=767563)[0m                                            'clip_grad': 1.0,
[36m(TaskRunner pid=767563)[0m                                            'lr': 2e-06,
[36m(TaskRunner pid=767563)[0m                                            'lr_scheduler_type': 'constant',
[36m(TaskRunner pid=767563)[0m                                            'lr_warmup_steps': 10,
[36m(TaskRunner pid=767563)[0m                                            'lr_warmup_steps_ratio': 0.0,
[36m(TaskRunner pid=767563)[0m                                            'min_lr_ratio': 0.0,
[36m(TaskRunner pid=767563)[0m                                            'num_cycles': 0.5,
[36m(TaskRunner pid=767563)[0m                                            'optimizer': 'AdamW',
[36m(TaskRunner pid=767563)[0m                                            'optimizer_impl': 'torch.optim',
[36m(TaskRunner pid=767563)[0m                                            'override_optimizer_config': None,
[36m(TaskRunner pid=767563)[0m                                            'total_training_steps': -1,
[36m(TaskRunner pid=767563)[0m                                            'warmup_style': None,
[36m(TaskRunner pid=767563)[0m                                            'weight_decay': 0.01},
[36m(TaskRunner pid=767563)[0m                                  'policy_loss': {'_target_': 'verl.workers.config.PolicyLossConfig',
[36m(TaskRunner pid=767563)[0m                                                  'clip_cov_lb': 1.0,
[36m(TaskRunner pid=767563)[0m                                                  'clip_cov_ratio': 0.0002,
[36m(TaskRunner pid=767563)[0m                                                  'clip_cov_ub': 5.0,
[36m(TaskRunner pid=767563)[0m                                                  'kl_cov_ratio': 0.0002,
[36m(TaskRunner pid=767563)[0m                                                  'loss_mode': 'vopd',
[36m(TaskRunner pid=767563)[0m                                                  'ppo_kl_coef': 0.1},
[36m(TaskRunner pid=767563)[0m                                  'ppo_epochs': 1,
[36m(TaskRunner pid=767563)[0m                                  'ppo_max_token_len_per_gpu': 9216,
[36m(TaskRunner pid=767563)[0m                                  'ppo_micro_batch_size': None,
[36m(TaskRunner pid=767563)[0m                                  'ppo_micro_batch_size_per_gpu': 1,
[36m(TaskRunner pid=767563)[0m                                  'ppo_mini_batch_size': 48,
[36m(TaskRunner pid=767563)[0m                                  'profiler': {'_target_': 'verl.utils.profiler.ProfilerConfig',
[36m(TaskRunner pid=767563)[0m                                               'all_ranks': False,
[36m(TaskRunner pid=767563)[0m                                               'enable': False,
[36m(TaskRunner pid=767563)[0m                                               'ranks': [],
[36m(TaskRunner pid=767563)[0m                                               'save_path': 'outputs/profile',
[36m(TaskRunner pid=767563)[0m                                               'tool': None,
[36m(TaskRunner pid=767563)[0m                                               'tool_config': {'npu': {'_target_': 'verl.utils.profiler.config.NPUToolConfig',
[36m(TaskRunner pid=767563)[0m                                                                       'analysis': True,
[36m(TaskRunner pid=767563)[0m                                                                       'contents': [],
[36m(TaskRunner pid=767563)[0m                                                                       'discrete': False,
[36m(TaskRunner pid=767563)[0m                                                                       'level': 'level0'},
[36m(TaskRunner pid=767563)[0m                                                               'nsys': {'_target_': 'verl.utils.profiler.config.NsightToolConfig',
[36m(TaskRunner pid=767563)[0m                                                                        'discrete': False},
[36m(TaskRunner pid=767563)[0m                                                               'torch': {'_target_': 'verl.utils.profiler.config.TorchProfilerToolConfig',
[36m(TaskRunner pid=767563)[0m                                                                         'step_end': None,
[36m(TaskRunner pid=767563)[0m                                                                         'step_start': 0},
[36m(TaskRunner pid=767563)[0m                                                               'torch_memory': {'_target_': 'verl.utils.profiler.config.TorchMemoryToolConfig',
[36m(TaskRunner pid=767563)[0m                                                                                'stack_depth': 32,
[36m(TaskRunner pid=767563)[0m                                                                                'trace_alloc_max_entries': 100000}}},
[36m(TaskRunner pid=767563)[0m                                  'rollout_n': 2,
[36m(TaskRunner pid=767563)[0m                                  'router_replay': {'_target_': 'verl.workers.config.RouterReplayConfig',
[36m(TaskRunner pid=767563)[0m                                                    'mode': 'disabled',
[36m(TaskRunner pid=767563)[0m                                                    'record_file': None,
[36m(TaskRunner pid=767563)[0m                                                    'replay_file': None},
[36m(TaskRunner pid=767563)[0m                                  'self_distillation': {'_target_': 'verl.workers.config.SelfDistillationConfig',
[36m(TaskRunner pid=767563)[0m                                                        'aha_beta': 4.0,
[36m(TaskRunner pid=767563)[0m                                                        'aha_center_u': False,
[36m(TaskRunner pid=767563)[0m                                                        'aha_enable': True,
[36m(TaskRunner pid=767563)[0m                                                        'aha_floor_alpha': 0.1,
[36m(TaskRunner pid=767563)[0m                                                        'alpha': 0.5,
[36m(TaskRunner pid=767563)[0m                                                        'answer_hint_template': '\n'
[36m(TaskRunner pid=767563)[0m                                                                                '\n'
[36m(TaskRunner pid=767563)[0m                                                                                'Here '
[36m(TaskRunner pid=767563)[0m                                                                                'is '
[36m(TaskRunner pid=767563)[0m                                                                                'a '
[36m(TaskRunner pid=767563)[0m                                                                                'reference '
[36m(TaskRunner pid=767563)[0m                                                                                'solution '
[36m(TaskRunner pid=767563)[0m                                                                                'to '
[36m(TaskRunner pid=767563)[0m                                                                                'this '
[36m(TaskRunner pid=767563)[0m                                                                                'problem:\n'
[36m(TaskRunner pid=767563)[0m                                                                                '{answer}\n'
[36m(TaskRunner pid=767563)[0m                                                                                '\n'
[36m(TaskRunner pid=767563)[0m                                                                                'After '
[36m(TaskRunner pid=767563)[0m                                                                                'understanding '
[36m(TaskRunner pid=767563)[0m                                                                                'the '
[36m(TaskRunner pid=767563)[0m                                                                                'reference '
[36m(TaskRunner pid=767563)[0m                                                                                'solution, '
[36m(TaskRunner pid=767563)[0m                                                                                'please '
[36m(TaskRunner pid=767563)[0m                                                                                'try '
[36m(TaskRunner pid=767563)[0m                                                                                'to '
[36m(TaskRunner pid=767563)[0m                                                                                'solve '
[36m(TaskRunner pid=767563)[0m                                                                                'this '
[36m(TaskRunner pid=767563)[0m                                                                                'problem '
[36m(TaskRunner pid=767563)[0m                                                                                'using '
[36m(TaskRunner pid=767563)[0m                                                                                'your '
[36m(TaskRunner pid=767563)[0m                                                                                'own '
[36m(TaskRunner pid=767563)[0m                                                                                'approach '
[36m(TaskRunner pid=767563)[0m                                                                                'below:',
[36m(TaskRunner pid=767563)[0m                                                        'distillation_add_tail': True,
[36m(TaskRunner pid=767563)[0m                                                        'distillation_topk': 100,
[36m(TaskRunner pid=767563)[0m                                                        'dont_reprompt_on_self_success': True,
[36m(TaskRunner pid=767563)[0m                                                        'environment_feedback_only_without_solution': True,
[36m(TaskRunner pid=767563)[0m                                                        'evt_clip_neg': 2.0,
[36m(TaskRunner pid=767563)[0m                                                        'evt_clip_pos': 1.0,
[36m(TaskRunner pid=767563)[0m                                                        'evt_ema_eta': 0.05,
[36m(TaskRunner pid=767563)[0m                                                        'evt_enable': False,
[36m(TaskRunner pid=767563)[0m                                                        'evt_negative_only': False,
[36m(TaskRunner pid=767563)[0m                                                        'evt_neutral_base': 0.0,
[36m(TaskRunner pid=767563)[0m                                                        'evt_token_fraction': 0.2,
[36m(TaskRunner pid=767563)[0m                                                        'evt_ubar_init': None,
[36m(TaskRunner pid=767563)[0m                                                        'fallback_to_policy_loss_on_missing_teacher': False,
[36m(TaskRunner pid=767563)[0m                                                        'feedback_template': '\n'
[36m(TaskRunner pid=767563)[0m                                                                             'The '
[36m(TaskRunner pid=767563)[0m                                                                             'following '
[36m(TaskRunner pid=767563)[0m                                                                             'is '
[36m(TaskRunner pid=767563)[0m                                                                             'feedback '
[36m(TaskRunner pid=767563)[0m                                                                             'from '
[36m(TaskRunner pid=767563)[0m                                                                             'your '
[36m(TaskRunner pid=767563)[0m                                                                             'unsuccessful '
[36m(TaskRunner pid=767563)[0m                                                                             'earlier '
[36m(TaskRunner pid=767563)[0m                                                                             'attempt:\n'
[36m(TaskRunner pid=767563)[0m                                                                             '\n'
[36m(TaskRunner pid=767563)[0m                                                                             '{feedback_raw}',
[36m(TaskRunner pid=767563)[0m                                                        'full_logit_distillation': True,
[36m(TaskRunner pid=767563)[0m                                                        'gamma': 1.0,
[36m(TaskRunner pid=767563)[0m                                                        'include_environment_feedback': False,
[36m(TaskRunner pid=767563)[0m                                                        'is_clip': 2.0,
[36m(TaskRunner pid=767563)[0m                                                        'log_prob_dump_dir': None,
[36m(TaskRunner pid=767563)[0m                                                        'max_reprompt_len': 10240,
[36m(TaskRunner pid=767563)[0m                                                        'null_image_key': 'null_images',
[36m(TaskRunner pid=767563)[0m                                                        'opsa_advantage_max': -0.5,
[36m(TaskRunner pid=767563)[0m                                                        'opsa_advantage_min': -1.0,
[36m(TaskRunner pid=767563)[0m                                                        'opsa_enable': False,
[36m(TaskRunner pid=767563)[0m                                                        'opsa_fixed_advantage': None,
[36m(TaskRunner pid=767563)[0m                                                        'opsa_mode': 'entropy',
[36m(TaskRunner pid=767563)[0m                                                        'opsa_token_fraction': 0.2,
[36m(TaskRunner pid=767563)[0m                                                        'remove_thinking_from_demonstration': True,
[36m(TaskRunner pid=767563)[0m                                                        'reprompt_template': '{prompt}{solution}{feedback}\n'
[36m(TaskRunner pid=767563)[0m                                                                             '\n'
[36m(TaskRunner pid=767563)[0m                                                                             'Correctly '
[36m(TaskRunner pid=767563)[0m                                                                             'solve '
[36m(TaskRunner pid=767563)[0m                                                                             'the '
[36m(TaskRunner pid=767563)[0m                                                                             'original '
[36m(TaskRunner pid=767563)[0m                                                                             'question.',
[36m(TaskRunner pid=767563)[0m                                                        'reprompt_truncation': 'right',
[36m(TaskRunner pid=767563)[0m                                                        'sa_beta_max': 8.0,
[36m(TaskRunner pid=767563)[0m                                                        'sa_binary_iters': 8,
[36m(TaskRunner pid=767563)[0m                                                        'sa_center_u': False,
[36m(TaskRunner pid=767563)[0m                                                        'sa_eps_max': 0.5,
[36m(TaskRunner pid=767563)[0m                                                        'sa_lambda': 1.0,
[36m(TaskRunner pid=767563)[0m                                                        'sa_rho': 0.9,
[36m(TaskRunner pid=767563)[0m                                                        'sa_tau_e': 0.03,
[36m(TaskRunner pid=767563)[0m                                                        'sa_temp_e': 0.015,
[36m(TaskRunner pid=767563)[0m                                                        'sa_u_clip': None,
[36m(TaskRunner pid=767563)[0m                                                        'sa_zero_floor': False,
[36m(TaskRunner pid=767563)[0m                                                        'solution_template': '\n'
[36m(TaskRunner pid=767563)[0m                                                                             'Correct '
[36m(TaskRunner pid=767563)[0m                                                                             'solution:\n'
[36m(TaskRunner pid=767563)[0m                                                                             '\n'
[36m(TaskRunner pid=767563)[0m                                                                             '{successful_previous_attempt}',
[36m(TaskRunner pid=767563)[0m                                                        'state_adaptive': False,
[36m(TaskRunner pid=767563)[0m                                                        'success_reward_threshold': 0.5,
[36m(TaskRunner pid=767563)[0m                                                        'teacher_always_on': True,
[36m(TaskRunner pid=767563)[0m                                                        'teacher_image_key': 'bbox_images',
[36m(TaskRunner pid=767563)[0m                                                        'teacher_model_path': None,
[36m(TaskRunner pid=767563)[0m                                                        'teacher_model_source': 'legacy',
[36m(TaskRunner pid=767563)[0m                                                        'teacher_prompt_mode': None,
[36m(TaskRunner pid=767563)[0m                                                        'teacher_regularization': 'ema',
[36m(TaskRunner pid=767563)[0m                                                        'teacher_update_interval': None,
[36m(TaskRunner pid=767563)[0m                                                        'teacher_update_rate': 0.0},
[36m(TaskRunner pid=767563)[0m                                  'shuffle': False,
[36m(TaskRunner pid=767563)[0m                                  'strategy': 'fsdp',
[36m(TaskRunner pid=767563)[0m                                  'sum_pi_squared_checkpointing': False,
[36m(TaskRunner pid=767563)[0m                                  'tau_neg': 1.05,
[36m(TaskRunner pid=767563)[0m                                  'tau_pos': 1.0,
[36m(TaskRunner pid=767563)[0m                                  'ulysses_sequence_parallel_size': 2,
[36m(TaskRunner pid=767563)[0m                                  'use_dynamic_bsz': False,
[36m(TaskRunner pid=767563)[0m                                  'use_fused_kernels': False,
[36m(TaskRunner pid=767563)[0m                                  'use_kl_loss': False,
[36m(TaskRunner pid=767563)[0m                                  'use_prefix_grouper': False,
[36m(TaskRunner pid=767563)[0m                                  'use_remove_padding': True,
[36m(TaskRunner pid=767563)[0m                                  'use_torch_compile': True},
[36m(TaskRunner pid=767563)[0m                        'hybrid_engine': True,
[36m(TaskRunner pid=767563)[0m                        'model': {'_target_': 'verl.workers.config.HFModelConfig',
[36m(TaskRunner pid=767563)[0m                                  'custom_chat_template': None,
[36m(TaskRunner pid=767563)[0m                                  'custom_chat_template_file': '/sfs/weka/scratch/nkw3mr/Vision-OPD-OPSA/chat_templates/perception_chat_template_qwen35.jinja',
[36m(TaskRunner pid=767563)[0m                                  'enable_activation_offload': True,
[36m(TaskRunner pid=767563)[0m                                  'enable_gradient_checkpointing': True,
[36m(TaskRunner pid=767563)[0m                                  'exclude_modules': None,
[36m(TaskRunner pid=767563)[0m                                  'external_lib': None,
[36m(TaskRunner pid=767563)[0m                                  'fused_kernel_options': {'impl_backend': 'torch'},
[36m(TaskRunner pid=767563)[0m                                  'hf_config_path': None,
[36m(TaskRunner pid=767563)[0m                                  'lora_adapter_path': None,
[36m(TaskRunner pid=767563)[0m                                  'lora_alpha': 16,
[36m(TaskRunner pid=767563)[0m                                  'lora_rank': 0,
[36m(TaskRunner pid=767563)[0m                                  'override_config': {},
[36m(TaskRunner pid=767563)[0m                                  'path': 'Qwen/Qwen3.5-4B',
[36m(TaskRunner pid=767563)[0m                                  'target_modules': 'all-linear',
[36m(TaskRunner pid=767563)[0m                                  'tiled_mlp': {'enabled': False,
[36m(TaskRunner pid=767563)[0m                                                'num_shards': 4},
[36m(TaskRunner pid=767563)[0m                                  'tokenizer_path': None,
[36m(TaskRunner pid=767563)[0m                                  'trust_remote_code': True,
[36m(TaskRunner pid=767563)[0m                                  'use_fused_kernels': False,
[36m(TaskRunner pid=767563)[0m                                  'use_liger': False,
[36m(TaskRunner pid=767563)[0m                                  'use_remove_padding': True,
[36m(TaskRunner pid=767563)[0m                                  'use_shm': False},
[36m(TaskRunner pid=767563)[0m                        'nccl_timeout': 600,
[36m(TaskRunner pid=767563)[0m                        'ref': {'_target_': 'verl.workers.config.FSDPActorConfig',
[36m(TaskRunner pid=767563)[0m                                'entropy_checkpointing': False,
[36m(TaskRunner pid=767563)[0m                                'entropy_from_logits_with_chunking': False,
[36m(TaskRunner pid=767563)[0m                                'fsdp_config': {'_target_': 'verl.workers.config.FSDPEngineConfig',
[36m(TaskRunner pid=767563)[0m                                                'dtype': 'bfloat16',
[36m(TaskRunner pid=767563)[0m                                                'entropy_checkpointing': False,
[36m(TaskRunner pid=767563)[0m                                                'entropy_from_logits_with_chunking': False,
[36m(TaskRunner pid=767563)[0m                                                'forward_only': True,
[36m(TaskRunner pid=767563)[0m                                                'forward_prefetch': False,
[36m(TaskRunner pid=767563)[0m                                                'fsdp_size': -1,
[36m(TaskRunner pid=767563)[0m                                                'full_determinism': False,
[36m(TaskRunner pid=767563)[0m                                                'model_dtype': 'fp32',
[36m(TaskRunner pid=767563)[0m                                                'offload_policy': False,
[36m(TaskRunner pid=767563)[0m                                                'optimizer_offload': False,
[36m(TaskRunner pid=767563)[0m                                                'param_offload': True,
[36m(TaskRunner pid=767563)[0m                                                'reshard_after_forward': True,
[36m(TaskRunner pid=767563)[0m                                                'seed': 42,
[36m(TaskRunner pid=767563)[0m                                                'strategy': 'fsdp',
[36m(TaskRunner pid=767563)[0m                                                'ulysses_sequence_parallel_size': 1,
[36m(TaskRunner pid=767563)[0m                                                'use_orig_params': False,
[36m(TaskRunner pid=767563)[0m                                                'use_torch_compile': True,
[36m(TaskRunner pid=767563)[0m                                                'wrap_policy': {'min_num_params': 0}},
[36m(TaskRunner pid=767563)[0m                                'log_prob_max_token_len_per_gpu': 9216,
[36m(TaskRunner pid=767563)[0m                                'log_prob_micro_batch_size': None,
[36m(TaskRunner pid=767563)[0m                                'log_prob_micro_batch_size_per_gpu': 1,
[36m(TaskRunner pid=767563)[0m                                'log_prob_use_dynamic_bsz': False,
[36m(TaskRunner pid=767563)[0m                                'profiler': {'_target_': 'verl.utils.profiler.ProfilerConfig',
[36m(TaskRunner pid=767563)[0m                                             'all_ranks': False,
[36m(TaskRunner pid=767563)[0m                                             'enable': False,
[36m(TaskRunner pid=767563)[0m                                             'ranks': [],
[36m(TaskRunner pid=767563)[0m                                             'save_path': 'outputs/profile',
[36m(TaskRunner pid=767563)[0m                                             'tool': None,
[36m(TaskRunner pid=767563)[0m                                             'tool_config': {'npu': {'_target_': 'verl.utils.profiler.config.NPUToolConfig',
[36m(TaskRunner pid=767563)[0m                                                                     'analysis': True,
[36m(TaskRunner pid=767563)[0m                                                                     'contents': [],
[36m(TaskRunner pid=767563)[0m                                                                     'discrete': False,
[36m(TaskRunner pid=767563)[0m                                                                     'level': 'level0'},
[36m(TaskRunner pid=767563)[0m                                                             'nsys': {'_target_': 'verl.utils.profiler.config.NsightToolConfig',
[36m(TaskRunner pid=767563)[0m                                                                      'discrete': False},
[36m(TaskRunner pid=767563)[0m                                                             'torch': {'_target_': 'verl.utils.profiler.config.TorchProfilerToolConfig',
[36m(TaskRunner pid=767563)[0m                                                                       'step_end': None,
[36m(TaskRunner pid=767563)[0m                                                                       'step_start': 0},
[36m(TaskRunner pid=767563)[0m                                                             'torch_memory': {'_target_': 'verl.utils.profiler.config.TorchMemoryToolConfig',
[36m(TaskRunner pid=767563)[0m                                                                              'stack_depth': 32,
[36m(TaskRunner pid=767563)[0m                                                                              'trace_alloc_max_entries': 100000}}},
[36m(TaskRunner pid=767563)[0m                                'rollout_n': 2,
[36m(TaskRunner pid=767563)[0m                                'router_replay': {'_target_': 'verl.workers.config.RouterReplayConfig',
[36m(TaskRunner pid=767563)[0m                                                  'mode': 'disabled',
[36m(TaskRunner pid=767563)[0m                                                  'record_file': None,
[36m(TaskRunner pid=767563)[0m                                                  'replay_file': None},
[36m(TaskRunner pid=767563)[0m                                'strategy': 'fsdp',
[36m(TaskRunner pid=767563)[0m                                'ulysses_sequence_parallel_size': 2,
[36m(TaskRunner pid=767563)[0m                                'use_torch_compile': True},
[36m(TaskRunner pid=767563)[0m                        'rollout': {'_target_': 'verl.workers.config.RolloutConfig',
[36m(TaskRunner pid=767563)[0m                                    'agent': {'_target_': 'verl.workers.config.AgentLoopConfig',
[36m(TaskRunner pid=767563)[0m                                              'agent_loop_config_path': None,
[36m(TaskRunner pid=767563)[0m                                              'custom_async_server': {'_target_': 'verl.workers.config.CustomAsyncServerConfig',
[36m(TaskRunner pid=767563)[0m                                                                      'name': None,
[36m(TaskRunner pid=767563)[0m                                                                      'path': None},
[36m(TaskRunner pid=767563)[0m                                              'default_agent_loop': 'single_turn_agent',
[36m(TaskRunner pid=767563)[0m                                              'num_workers': 8},
[36m(TaskRunner pid=767563)[0m                                    'calculate_log_probs': True,
[36m(TaskRunner pid=767563)[0m                                    'cudagraph_capture_sizes': None,
[36m(TaskRunner pid=767563)[0m                                    'data_parallel_size': 1,
[36m(TaskRunner pid=767563)[0m                                    'disable_log_stats': True,
[36m(TaskRunner pid=767563)[0m                                    'do_sample': True,
[36m(TaskRunner pid=767563)[0m                                    'dtype': 'bfloat16',
[36m(TaskRunner pid=767563)[0m                                    'enable_chunked_prefill': True,
[36m(TaskRunner pid=767563)[0m                                    'enable_prefix_caching': True,
[36m(TaskRunner pid=767563)[0m                                    'enable_rollout_routing_replay': False,
[36m(TaskRunner pid=767563)[0m                                    'enforce_eager': False,
[36m(TaskRunner pid=767563)[0m                                    'engine_kwargs': {'sglang': {},
[36m(TaskRunner pid=767563)[0m                                                      'vllm': {'compilation_config': {'pass_config': {'fuse_allreduce_rms': False}},
[36m(TaskRunner pid=767563)[0m                                                               'kernel_config': {'enable_flashinfer_autotune': False}}},
[36m(TaskRunner pid=767563)[0m                                    'expert_parallel_size': 1,
[36m(TaskRunner pid=767563)[0m                                    'free_cache_engine': True,
[36m(TaskRunner pid=767563)[0m                                    'gpu_memory_utilization': 0.45,
[36m(TaskRunner pid=767563)[0m                                    'ignore_eos': False,
[36m(TaskRunner pid=767563)[0m                                    'layered_summon': False,
[36m(TaskRunner pid=767563)[0m                                    'load_format': 'dummy',
[36m(TaskRunner pid=767563)[0m                                    'log_prob_max_token_len_per_gpu': 9216,
[36m(TaskRunner pid=767563)[0m                                    'log_prob_micro_batch_size': None,
[36m(TaskRunner pid=767563)[0m                                    'log_prob_micro_batch_size_per_gpu': 1,
[36m(TaskRunner pid=767563)[0m                                    'log_prob_use_dynamic_bsz': False,
[36m(TaskRunner pid=767563)[0m                                    'logprobs_mode': 'processed_logprobs',
[36m(TaskRunner pid=767563)[0m                                    'max_model_len': 9216,
[36m(TaskRunner pid=767563)[0m                                    'max_num_batched_tokens': 9216,
[36m(TaskRunner pid=767563)[0m                                    'max_num_seqs': 1024,
[36m(TaskRunner pid=767563)[0m                                    'mode': 'async',
[36m(TaskRunner pid=767563)[0m                                    'multi_stage_wake_up': False,
[36m(TaskRunner pid=767563)[0m                                    'multi_turn': {'_target_': 'verl.workers.config.MultiTurnConfig',
[36m(TaskRunner pid=767563)[0m                                                   'enable': False,
[36m(TaskRunner pid=767563)[0m                                                   'format': 'hermes',
[36m(TaskRunner pid=767563)[0m                                                   'interaction_config_path': None,
[36m(TaskRunner pid=767563)[0m                                                   'max_assistant_turns': None,
[36m(TaskRunner pid=767563)[0m                                                   'max_parallel_calls': 1,
[36m(TaskRunner pid=767563)[0m                                                   'max_tool_response_length': 256,
[36m(TaskRunner pid=767563)[0m                                                   'max_user_turns': None,
[36m(TaskRunner pid=767563)[0m                                                   'num_repeat_rollouts': None,
[36m(TaskRunner pid=767563)[0m                                                   'tokenization_sanity_check_mode': 'strict',
[36m(TaskRunner pid=767563)[0m                                                   'tool_config_path': None,
[36m(TaskRunner pid=767563)[0m                                                   'tool_response_truncate_side': 'middle',
[36m(TaskRunner pid=767563)[0m                                                   'use_inference_chat_template': False},
[36m(TaskRunner pid=767563)[0m                                    'n': 2,
[36m(TaskRunner pid=767563)[0m                                    'name': 'vllm',
[36m(TaskRunner pid=767563)[0m                                    'over_sample_rate': 0,
[36m(TaskRunner pid=767563)[0m                                    'pipeline_model_parallel_size': 1,
[36m(TaskRunner pid=767563)[0m                                    'profiler': {'_target_': 'verl.utils.profiler.ProfilerConfig',
[36m(TaskRunner pid=767563)[0m                                                 'all_ranks': False,
[36m(TaskRunner pid=767563)[0m                                                 'enable': False,
[36m(TaskRunner pid=767563)[0m                                                 'ranks': [],
[36m(TaskRunner pid=767563)[0m                                                 'save_path': 'outputs/profile',
[36m(TaskRunner pid=767563)[0m                                                 'tool': None,
[36m(TaskRunner pid=767563)[0m                                                 'tool_config': {'npu': {'_target_': 'verl.utils.profiler.config.NPUToolConfig',
[36m(TaskRunner pid=767563)[0m                                                                         'analysis': True,
[36m(TaskRunner pid=767563)[0m                                                                         'contents': [],
[36m(TaskRunner pid=767563)[0m                                                                         'discrete': False,
[36m(TaskRunner pid=767563)[0m                                                                         'level': 'level0'},
[36m(TaskRunner pid=767563)[0m                                                                 'nsys': {'_target_': 'verl.utils.profiler.config.NsightToolConfig',
[36m(TaskRunner pid=767563)[0m                                                                          'discrete': False},
[36m(TaskRunner pid=767563)[0m                                                                 'torch': {'_target_': 'verl.utils.profiler.config.TorchProfilerToolConfig',
[36m(TaskRunner pid=767563)[0m                                                                           'step_end': None,
[36m(TaskRunner pid=767563)[0m                                                                           'step_start': 0},
[36m(TaskRunner pid=767563)[0m                                                                 'torch_memory': {'_target_': 'verl.utils.profiler.config.TorchMemoryToolConfig',
[36m(TaskRunner pid=767563)[0m                                                                                  'stack_depth': 32,
[36m(TaskRunner pid=767563)[0m                                                                                  'trace_alloc_max_entries': 100000}}},
[36m(TaskRunner pid=767563)[0m                                    'prometheus': {'_target_': 'verl.workers.config.PrometheusConfig',
[36m(TaskRunner pid=767563)[0m                                                   'enable': False,
[36m(TaskRunner pid=767563)[0m                                                   'file': '/tmp/ray/session_latest/metrics/prometheus/prometheus.yml',
[36m(TaskRunner pid=767563)[0m                                                   'port': 9090,
[36m(TaskRunner pid=767563)[0m                                                   'served_model_name': 'Qwen/Qwen3.5-4B'},
[36m(TaskRunner pid=767563)[0m                                    'prompt_length': 8192,
[36m(TaskRunner pid=767563)[0m                                    'quantization': None,
[36m(TaskRunner pid=767563)[0m                                    'quantization_config_file': None,
[36m(TaskRunner pid=767563)[0m                                    'response_length': 1024,
[36m(TaskRunner pid=767563)[0m                                    'scheduling_policy': 'fcfs',
[36m(TaskRunner pid=767563)[0m                                    'skip_dump_dir': '/tmp/rollout_dump',
[36m(TaskRunner pid=767563)[0m                                    'skip_rollout': False,
[36m(TaskRunner pid=767563)[0m                                    'skip_tokenizer_init': True,
[36m(TaskRunner pid=767563)[0m                                    'temperature': 1.0,
[36m(TaskRunner pid=767563)[0m                                    'tensor_model_parallel_size': 1,
[36m(TaskRunner pid=767563)[0m                                    'top_k': -1,
[36m(TaskRunner pid=767563)[0m                                    'top_p': 1,
[36m(TaskRunner pid=767563)[0m                                    'trace': {'_target_': 'verl.workers.config.TraceConfig',
[36m(TaskRunner pid=767563)[0m                                              'backend': None,
[36m(TaskRunner pid=767563)[0m                                              'max_samples_per_step_per_worker': None,
[36m(TaskRunner pid=767563)[0m                                              'token2text': False},
[36m(TaskRunner pid=767563)[0m                                    'update_weights_bucket_megabytes': 512,
[36m(TaskRunner pid=767563)[0m                                    'val_kwargs': {'_target_': 'verl.workers.config.SamplingConfig',
[36m(TaskRunner pid=767563)[0m                                                   'do_sample': False,
[36m(TaskRunner pid=767563)[0m                                                   'n': 1,
[36m(TaskRunner pid=767563)[0m                                                   'temperature': 0,
[36m(TaskRunner pid=767563)[0m                                                   'top_k': -1,
[36m(TaskRunner pid=767563)[0m                                                   'top_p': 1.0}}},
[36m(TaskRunner pid=767563)[0m  'algorithm': {'_target_': 'verl.trainer.config.AlgoConfig',
[36m(TaskRunner pid=767563)[0m                'adv_estimator': 'grpo',
[36m(TaskRunner pid=767563)[0m                'gamma': 1.0,
[36m(TaskRunner pid=767563)[0m                'kl_ctrl': {'_target_': 'verl.trainer.config.KLControlConfig',
[36m(TaskRunner pid=767563)[0m                            'horizon': 10000,
[36m(TaskRunner pid=767563)[0m                            'kl_coef': 0.001,
[36m(TaskRunner pid=767563)[0m                            'target_kl': 0.1,
[36m(TaskRunner pid=767563)[0m                            'type': 'fixed'},
[36m(TaskRunner pid=767563)[0m                'kl_penalty': 'kl',
[36m(TaskRunner pid=767563)[0m                'lam': 1.0,
[36m(TaskRunner pid=767563)[0m                'norm_adv_by_std_in_grpo': False,
[36m(TaskRunner pid=767563)[0m                'pf_ppo': {'reweight_method': 'pow', 'weight_pow': 2.0},
[36m(TaskRunner pid=767563)[0m                'rollout_correction': {'bypass_mode': False,
[36m(TaskRunner pid=767563)[0m                                       'loss_type': 'ppo_clip',
[36m(TaskRunner pid=767563)[0m                                       'rollout_is': 'token',
[36m(TaskRunner pid=767563)[0m                                       'rollout_is_batch_normalize': False,
[36m(TaskRunner pid=767563)[0m                                       'rollout_is_threshold': 2.0,
[36m(TaskRunner pid=767563)[0m                                       'rollout_rs': None,
[36m(TaskRunner pid=767563)[0m                                       'rollout_rs_threshold': None},
[36m(TaskRunner pid=767563)[0m                'use_kl_in_reward': False,
[36m(TaskRunner pid=767563)[0m                'use_pf_ppo': False},
[36m(TaskRunner pid=767563)[0m  'critic': {'_target_': 'verl.workers.config.FSDPCriticConfig',
[36m(TaskRunner pid=767563)[0m             'checkpoint': {'_target_': 'verl.trainer.config.CheckpointConfig',
[36m(TaskRunner pid=767563)[0m                            'async_save': False,
[36m(TaskRunner pid=767563)[0m                            'load_contents': ['model', 'optimizer', 'extra'],
[36m(TaskRunner pid=767563)[0m                            'save_contents': ['model', 'optimizer', 'extra']},
[36m(TaskRunner pid=767563)[0m             'cliprange_value': 0.5,
[36m(TaskRunner pid=767563)[0m             'data_loader_seed': 42,
[36m(TaskRunner pid=767563)[0m             'enable': None,
[36m(TaskRunner pid=767563)[0m             'forward_max_token_len_per_gpu': 32768,
[36m(TaskRunner pid=767563)[0m             'forward_micro_batch_size': None,
[36m(TaskRunner pid=767563)[0m             'forward_micro_batch_size_per_gpu': None,
[36m(TaskRunner pid=767563)[0m             'grad_clip': 1.0,
[36m(TaskRunner pid=767563)[0m             'loss_agg_mode': 'token-mean',
[36m(TaskRunner pid=767563)[0m             'model': {'_target_': 'verl.workers.config.FSDPCriticModelCfg',
[36m(TaskRunner pid=767563)[0m                       'enable_activation_offload': False,
[36m(TaskRunner pid=767563)[0m                       'enable_gradient_checkpointing': True,
[36m(TaskRunner pid=767563)[0m                       'external_lib': None,
[36m(TaskRunner pid=767563)[0m                       'fsdp_config': {'_target_': 'verl.workers.config.FSDPEngineConfig',
[36m(TaskRunner pid=767563)[0m                                       'dtype': 'bfloat16',
[36m(TaskRunner pid=767563)[0m                                       'entropy_checkpointing': False,
[36m(TaskRunner pid=767563)[0m                                       'entropy_from_logits_with_chunking': False,
[36m(TaskRunner pid=767563)[0m                                       'forward_only': False,
[36m(TaskRunner pid=767563)[0m                                       'forward_prefetch': False,
[36m(TaskRunner pid=767563)[0m                                       'fsdp_size': -1,
[36m(TaskRunner pid=767563)[0m                                       'full_determinism': False,
[36m(TaskRunner pid=767563)[0m                                       'model_dtype': 'fp32',
[36m(TaskRunner pid=767563)[0m                                       'offload_policy': False,
[36m(TaskRunner pid=767563)[0m                                       'optimizer_offload': False,
[36m(TaskRunner pid=767563)[0m                                       'param_offload': False,
[36m(TaskRunner pid=767563)[0m                                       'reshard_after_forward': True,
[36m(TaskRunner pid=767563)[0m                                       'seed': 42,
[36m(TaskRunner pid=767563)[0m                                       'strategy': 'fsdp',
[36m(TaskRunner pid=767563)[0m                                       'ulysses_sequence_parallel_size': 1,
[36m(TaskRunner pid=767563)[0m                                       'use_orig_params': False,
[36m(TaskRunner pid=767563)[0m                                       'use_torch_compile': True,
[36m(TaskRunner pid=767563)[0m                                       'wrap_policy': {'min_num_params': 0}},
[36m(TaskRunner pid=767563)[0m                       'lora_alpha': 16,
[36m(TaskRunner pid=767563)[0m                       'lora_rank': 0,
[36m(TaskRunner pid=767563)[0m                       'override_config': {},
[36m(TaskRunner pid=767563)[0m                       'path': 'Qwen/Qwen3.5-4B',
[36m(TaskRunner pid=767563)[0m                       'target_modules': 'all-linear',
[36m(TaskRunner pid=767563)[0m                       'tiled_mlp': {'enabled': False, 'num_shards': 4},
[36m(TaskRunner pid=767563)[0m                       'tokenizer_path': 'Qwen/Qwen3.5-4B',
[36m(TaskRunner pid=767563)[0m                       'trust_remote_code': True,
[36m(TaskRunner pid=767563)[0m                       'use_remove_padding': False,
[36m(TaskRunner pid=767563)[0m                       'use_shm': False},
[36m(TaskRunner pid=767563)[0m             'optim': {'_target_': 'verl.workers.config.FSDPOptimizerConfig',
[36m(TaskRunner pid=767563)[0m                       'betas': [0.9, 0.999],
[36m(TaskRunner pid=767563)[0m                       'clip_grad': 1.0,
[36m(TaskRunner pid=767563)[0m                       'lr': 1e-05,
[36m(TaskRunner pid=767563)[0m                       'lr_scheduler_type': 'constant',
[36m(TaskRunner pid=767563)[0m                       'lr_warmup_steps': -1,
[36m(TaskRunner pid=767563)[0m                       'lr_warmup_steps_ratio': 0.0,
[36m(TaskRunner pid=767563)[0m                       'min_lr_ratio': 0.0,
[36m(TaskRunner pid=767563)[0m                       'num_cycles': 0.5,
[36m(TaskRunner pid=767563)[0m                       'optimizer': 'AdamW',
[36m(TaskRunner pid=767563)[0m                       'optimizer_impl': 'torch.optim',
[36m(TaskRunner pid=767563)[0m                       'override_optimizer_config': None,
[36m(TaskRunner pid=767563)[0m                       'total_training_steps': -1,
[36m(TaskRunner pid=767563)[0m                       'warmup_style': None,
[36m(TaskRunner pid=767563)[0m                       'weight_decay': 0.01},
[36m(TaskRunner pid=767563)[0m             'ppo_epochs': 1,
[36m(TaskRunner pid=767563)[0m             'ppo_max_token_len_per_gpu': 32768,
[36m(TaskRunner pid=767563)[0m             'ppo_micro_batch_size': None,
[36m(TaskRunner pid=767563)[0m             'ppo_micro_batch_size_per_gpu': None,
[36m(TaskRunner pid=767563)[0m             'ppo_mini_batch_size': 48,
[36m(TaskRunner pid=767563)[0m             'profiler': {'_target_': 'verl.utils.profiler.ProfilerConfig',
[36m(TaskRunner pid=767563)[0m                          'all_ranks': False,
[36m(TaskRunner pid=767563)[0m                          'enable': False,
[36m(TaskRunner pid=767563)[0m                          'ranks': [],
[36m(TaskRunner pid=767563)[0m                          'save_path': 'outputs/profile',
[36m(TaskRunner pid=767563)[0m                          'tool': None,
[36m(TaskRunner pid=767563)[0m                          'tool_config': {'npu': {'_target_': 'verl.utils.profiler.config.NPUToolConfig',
[36m(TaskRunner pid=767563)[0m                                                  'analysis': True,
[36m(TaskRunner pid=767563)[0m                                                  'contents': [],
[36m(TaskRunner pid=767563)[0m                                                  'discrete': False,
[36m(TaskRunner pid=767563)[0m                                                  'level': 'level0'},
[36m(TaskRunner pid=767563)[0m                                          'nsys': {'_target_': 'verl.utils.profiler.config.NsightToolConfig',
[36m(TaskRunner pid=767563)[0m                                                   'discrete': False},
[36m(TaskRunner pid=767563)[0m                                          'torch': {'_target_': 'verl.utils.profiler.config.TorchProfilerToolConfig',
[36m(TaskRunner pid=767563)[0m                                                    'step_end': None,
[36m(TaskRunner pid=767563)[0m                                                    'step_start': 0},
[36m(TaskRunner pid=767563)[0m                                          'torch_memory': {'_target_': 'verl.utils.profiler.config.TorchMemoryToolConfig',
[36m(TaskRunner pid=767563)[0m                                                           'stack_depth': 32,
[36m(TaskRunner pid=767563)[0m                                                           'trace_alloc_max_entries': 100000}}},
[36m(TaskRunner pid=767563)[0m             'rollout_n': 2,
[36m(TaskRunner pid=767563)[0m             'shuffle': False,
[36m(TaskRunner pid=767563)[0m             'strategy': 'fsdp',
[36m(TaskRunner pid=767563)[0m             'ulysses_sequence_parallel_size': 1,
[36m(TaskRunner pid=767563)[0m             'use_dynamic_bsz': False},
[36m(TaskRunner pid=767563)[0m  'custom_reward_function': {'name': 'compute_score', 'path': None},
[36m(TaskRunner pid=767563)[0m  'data': {'apply_chat_template_kwargs': {},
[36m(TaskRunner pid=767563)[0m           'custom_cls': {'name': None, 'path': None},
[36m(TaskRunner pid=767563)[0m           'datagen': {'name': None, 'path': None},
[36m(TaskRunner pid=767563)[0m           'dataloader_num_workers': 8,
[36m(TaskRunner pid=767563)[0m           'filter_overlong_prompts': False,
[36m(TaskRunner pid=767563)[0m           'filter_overlong_prompts_workers': 1,
[36m(TaskRunner pid=767563)[0m           'image_key': 'images',
[36m(TaskRunner pid=767563)[0m           'image_patch_size': 14,
[36m(TaskRunner pid=767563)[0m           'max_prompt_length': 8192,
[36m(TaskRunner pid=767563)[0m           'max_response_length': 1024,
[36m(TaskRunner pid=767563)[0m           'prompt_key': 'prompt',
[36m(TaskRunner pid=767563)[0m           'return_full_prompt': False,
[36m(TaskRunner pid=767563)[0m           'return_multi_modal_inputs': True,
[36m(TaskRunner pid=767563)[0m           'return_raw_chat': True,
[36m(TaskRunner pid=767563)[0m           'return_raw_input_ids': False,
[36m(TaskRunner pid=767563)[0m           'reward_fn_key': 'data_source',
[36m(TaskRunner pid=767563)[0m           'sampler': {'class_name': None, 'class_path': None},
[36m(TaskRunner pid=767563)[0m           'seed': None,
[36m(TaskRunner pid=767563)[0m           'shuffle': True,
[36m(TaskRunner pid=767563)[0m           'tokenizer': None,
[36m(TaskRunner pid=767563)[0m           'tool_config_path': None,
[36m(TaskRunner pid=767563)[0m           'train_batch_size': 48,
[36m(TaskRunner pid=767563)[0m           'train_files': ['/sfs/weka/scratch/nkw3mr/Vision-OPD-OPSA/data/TreeVGR-RL-37K/train_6karmA_aha.parquet'],
[36m(TaskRunner pid=767563)[0m           'train_max_samples': -1,
[36m(TaskRunner pid=767563)[0m           'truncation': 'error',
[36m(TaskRunner pid=767563)[0m           'trust_remote_code': True,
[36m(TaskRunner pid=767563)[0m           'use_shm': False,
[36m(TaskRunner pid=767563)[0m           'val_batch_size': None,
[36m(TaskRunner pid=767563)[0m           'val_files': [],
[36m(TaskRunner pid=767563)[0m           'val_max_samples': -1,
[36m(TaskRunner pid=767563)[0m           'validation_shuffle': False,
[36m(TaskRunner pid=767563)[0m           'video_key': 'videos'},
[36m(TaskRunner pid=767563)[0m  'global_profiler': {'_target_': 'verl.utils.profiler.ProfilerConfig',
[36m(TaskRunner pid=767563)[0m                      'global_tool_config': {'nsys': {'_target_': 'verl.utils.profiler.config.NsightToolConfig',
[36m(TaskRunner pid=767563)[0m                                                      'controller_nsight_options': {'cuda-graph-trace': 'graph',
[36m(TaskRunner pid=767563)[0m                                                                                    'cuda-memory-usage': 'true',
[36m(TaskRunner pid=767563)[0m                                                                                    'trace': 'cuda,nvtx,cublas,ucx'},
[36m(TaskRunner pid=767563)[0m                                                      'discrete': False,
[36m(TaskRunner pid=767563)[0m                                                      'worker_nsight_options': {'capture-range': 'cudaProfilerApi',
[36m(TaskRunner pid=767563)[0m                                                                                'capture-range-end': None,
[36m(TaskRunner pid=767563)[0m                                                                                'cuda-graph-trace': 'graph',
[36m(TaskRunner pid=767563)[0m                                                                                'cuda-memory-usage': 'true',
[36m(TaskRunner pid=767563)[0m                                                                                'kill': 'none',
[36m(TaskRunner pid=767563)[0m                                                                                'trace': 'cuda,nvtx,cublas,ucx'}},
[36m(TaskRunner pid=767563)[0m                                             'torch_memory': {'context': 'all',
[36m(TaskRunner pid=767563)[0m                                                              'kw_args': {},
[36m(TaskRunner pid=767563)[0m                                                              'stack_depth': 32,
[36m(TaskRunner pid=767563)[0m                                                              'stacks': 'all',
[36m(TaskRunner pid=767563)[0m                                                              'trace_alloc_max_entries': 100000}},
[36m(TaskRunner pid=767563)[0m                      'profile_continuous_steps': False,
[36m(TaskRunner pid=767563)[0m                      'save_path': 'outputs/profile',
[36m(TaskRunner pid=767563)[0m                      'steps': None,
[36m(TaskRunner pid=767563)[0m                      'tool': None},
[36m(TaskRunner pid=767563)[0m  'max_model_len': 18944,
[36m(TaskRunner pid=767563)[0m  'ray_kwargs': {'ray_init': {'num_cpus': None}, 'timeline_json_file': None},
[36m(TaskRunner pid=767563)[0m  'reward_manager': {'_target_': 'verl.trainer.config.config.RewardManagerConfig',
[36m(TaskRunner pid=767563)[0m                     'module': {'_target_': 'verl.trainer.config.config.ModuleConfig',
[36m(TaskRunner pid=767563)[0m                                'name': 'custom_reward_manager',
[36m(TaskRunner pid=767563)[0m                                'path': None},
[36m(TaskRunner pid=767563)[0m                     'name': 'naive',
[36m(TaskRunner pid=767563)[0m                     'source': 'register'},
[36m(TaskRunner pid=767563)[0m  'reward_model': {'enable': False,
[36m(TaskRunner pid=767563)[0m                   'enable_resource_pool': False,
[36m(TaskRunner pid=767563)[0m                   'forward_max_token_len_per_gpu': 32768,
[36m(TaskRunner pid=767563)[0m                   'launch_reward_fn_async': False,
[36m(TaskRunner pid=767563)[0m                   'max_length': None,
[36m(TaskRunner pid=767563)[0m                   'micro_batch_size': None,
[36m(TaskRunner pid=767563)[0m                   'micro_batch_size_per_gpu': None,
[36m(TaskRunner pid=767563)[0m                   'model': {'external_lib': None,
[36m(TaskRunner pid=767563)[0m                             'fsdp_config': {'_target_': 'verl.workers.config.FSDPEngineConfig',
[36m(TaskRunner pid=767563)[0m                                             'forward_prefetch': False,
[36m(TaskRunner pid=767563)[0m                                             'fsdp_size': -1,
[36m(TaskRunner pid=767563)[0m                                             'param_offload': False,
[36m(TaskRunner pid=767563)[0m                                             'reshard_after_forward': True,
[36m(TaskRunner pid=767563)[0m                                             'wrap_policy': {'min_num_params': 0}},
[36m(TaskRunner pid=767563)[0m                             'input_tokenizer': 'Qwen/Qwen3.5-4B',
[36m(TaskRunner pid=767563)[0m                             'override_config': {},
[36m(TaskRunner pid=767563)[0m                             'path': '~/models/FsfairX-LLaMA3-RM-v0.1',
[36m(TaskRunner pid=767563)[0m                             'trust_remote_code': False,
[36m(TaskRunner pid=767563)[0m                             'use_fused_kernels': False,
[36m(TaskRunner pid=767563)[0m                             'use_remove_padding': False,
[36m(TaskRunner pid=767563)[0m                             'use_shm': False},
[36m(TaskRunner pid=767563)[0m                   'n_gpus_per_node': 8,
[36m(TaskRunner pid=767563)[0m                   'nnodes': 0,
[36m(TaskRunner pid=767563)[0m                   'num_workers': 1,
[36m(TaskRunner pid=767563)[0m                   'profiler': {'_target_': 'verl.utils.profiler.ProfilerConfig',
[36m(TaskRunner pid=767563)[0m                                'all_ranks': False,
[36m(TaskRunner pid=767563)[0m                                'enable': False,
[36m(TaskRunner pid=767563)[0m                                'ranks': [],
[36m(TaskRunner pid=767563)[0m                                'save_path': 'outputs/profile',
[36m(TaskRunner pid=767563)[0m                                'tool': None,
[36m(TaskRunner pid=767563)[0m                                'tool_config': {'npu': {'_target_': 'verl.utils.profiler.config.NPUToolConfig',
[36m(TaskRunner pid=767563)[0m                                                        'analysis': True,
[36m(TaskRunner pid=767563)[0m                                                        'contents': [],
[36m(TaskRunner pid=767563)[0m                                                        'discrete': False,
[36m(TaskRunner pid=767563)[0m                                                        'level': 'level0'},
[36m(TaskRunner pid=767563)[0m                                                'nsys': {'_target_': 'verl.utils.profiler.config.NsightToolConfig',
[36m(TaskRunner pid=767563)[0m                                                         'discrete': False},
[36m(TaskRunner pid=767563)[0m                                                'torch': {'_target_': 'verl.utils.profiler.config.TorchProfilerToolConfig',
[36m(TaskRunner pid=767563)[0m                                                          'step_end': None,
[36m(TaskRunner pid=767563)[0m                                                          'step_start': 0},
[36m(TaskRunner pid=767563)[0m                                                'torch_memory': {'_target_': 'verl.utils.profiler.config.TorchMemoryToolConfig',
[36m(TaskRunner pid=767563)[0m                                                                 'stack_depth': 32,
[36m(TaskRunner pid=767563)[0m                                                                 'trace_alloc_max_entries': 100000}}},
[36m(TaskRunner pid=767563)[0m                   'reward_loop_class_name': None,
[36m(TaskRunner pid=767563)[0m                   'reward_loop_module_path': None,
[36m(TaskRunner pid=767563)[0m                   'reward_loop_source': 'register',
[36m(TaskRunner pid=767563)[0m                   'reward_manager': 'naive',
[36m(TaskRunner pid=767563)[0m                   'rollout': {'_target_': 'verl.workers.config.RolloutConfig',
[36m(TaskRunner pid=767563)[0m                               'cudagraph_capture_sizes': None,
[36m(TaskRunner pid=767563)[0m                               'data_parallel_size': 1,
[36m(TaskRunner pid=767563)[0m                               'disable_log_stats': True,
[36m(TaskRunner pid=767563)[0m                               'dtype': 'bfloat16',
[36m(TaskRunner pid=767563)[0m                               'enable_chunked_prefill': True,
[36m(TaskRunner pid=767563)[0m                               'enable_prefix_caching': True,
[36m(TaskRunner pid=767563)[0m                               'enforce_eager': True,
[36m(TaskRunner pid=767563)[0m                               'engine_kwargs': {},
[36m(TaskRunner pid=767563)[0m                               'expert_parallel_size': 1,
[36m(TaskRunner pid=767563)[0m                               'free_cache_engine': True,
[36m(TaskRunner pid=767563)[0m                               'gpu_memory_utilization': 0.5,
[36m(TaskRunner pid=767563)[0m                               'limit_images': None,
[36m(TaskRunner pid=767563)[0m                               'load_format': 'auto',
[36m(TaskRunner pid=767563)[0m                               'max_model_len': None,
[36m(TaskRunner pid=767563)[0m                               'max_num_batched_tokens': 8192,
[36m(TaskRunner pid=767563)[0m                               'max_num_seqs': 1024,
[36m(TaskRunner pid=767563)[0m                               'name': '???',
[36m(TaskRunner pid=767563)[0m                               'prompt_length': 2048,
[36m(TaskRunner pid=767563)[0m                               'response_length': 2048,
[36m(TaskRunner pid=767563)[0m                               'skip_tokenizer_init': False,
[36m(TaskRunner pid=767563)[0m Warning: You are sending unauthenticated requests to the HF Hub. Please set a HF_TOKEN to enable higher rate limits and faster downloads.
[36m(TaskRunner pid=767563)[0m WARNING:2026-09-10 20:44:48,686:Warning: You are sending unauthenticated requests to the HF Hub. Please set a HF_TOKEN to enable higher rate limits and faster downloads.
[36m(TaskRunner pid=767563)[0m The `use_fast` parameter is deprecated and will be removed in a future version. Use `backend="torchvision"` instead of `use_fast=True`, or `backend="pil"` instead of `use_fast=False`.
[36m(TaskRunner pid=767563)[0m /sfs/weka/scratch/nkw3mr/Vision-OPD-OPSA/verl/trainer/ppo/ray_trainer.py:389: UserWarning: Disabled critic as algorithm.adv_estimator != gae. If it is not intended, please set critic.enable=True
[36m(TaskRunner pid=767563)[0m   self.use_critic = need_critic(self.config)
[36m(WorkerDict pid=780592)[0m [W910 20:45:00.220298793 socket.cpp:764] [c10d] The client socket cannot be initialized to connect to [udc-aw37-6-s.hpc.virginia.edu]:55147 (errno: 97 - Address family not supported by protocol).
[36m(WorkerDict pid=780592)[0m Warning: You are sending unauthenticated requests to the HF Hub. Please set a HF_TOKEN to enable higher rate limits and faster downloads.
[36m(WorkerDict pid=780592)[0m WARNING:2026-09-10 20:45:01,080:Warning: You are sending unauthenticated requests to the HF Hub. Please set a HF_TOKEN to enable higher rate limits and faster downloads.
[36m(TaskRunner pid=767563)[0m                               'tensor_model_parallel_size': 2},
[36m(TaskRunner pid=767563)[0m                   'sandbox_fusion': {'max_concurrent': 64,
[36m(TaskRunner pid=767563)[0m                                      'memory_limit_mb': 1024,
[36m(TaskRunner pid=767563)[0m                                      'url': None},
[36m(TaskRunner pid=767563)[0m                   'strategy': 'fsdp',
[36m(TaskRunner pid=767563)[0m                   'ulysses_sequence_parallel_size': 1,
[36m(TaskRunner pid=767563)[0m                   'use_dynamic_bsz': False,
[36m(TaskRunner pid=767563)[0m                   'use_reward_loop': False},
[36m(TaskRunner pid=767563)[0m  'trainer': {'balance_batch': True,
[36m(TaskRunner pid=767563)[0m              'critic_warmup': 0,
[36m(TaskRunner pid=767563)[0m              'default_hdfs_dir': None,
[36m(TaskRunner pid=767563)[0m              'default_local_dir': '/sfs/weka/scratch/nkw3mr/Vision-OPD-OPSA/checkpoints/Aha-floor-Qwen3.5-4B-6karmA',
[36m(TaskRunner pid=767563)[0m              'del_local_ckpt_after_load': False,
[36m(TaskRunner pid=767563)[0m              'device': 'cuda',
[36m(TaskRunner pid=767563)[0m              'esi_redundant_time': 0,
[36m(TaskRunner pid=767563)[0m              'experiment_name': 'Aha-floor-Qwen3.5-4B-6karmA',
[36m(TaskRunner pid=767563)[0m              'group_name': 'Aha-floor-Qwen3.5-4B-6karmA',
[36m(TaskRunner pid=767563)[0m              'log_val_generations': 0,
[36m(TaskRunner pid=767563)[0m              'logger': ['console', 'tensorboard', 'wandb'],
[36m(TaskRunner pid=767563)[0m              'max_actor_ckpt_to_keep': None,
[36m(TaskRunner pid=767563)[0m              'max_critic_ckpt_to_keep': None,
[36m(TaskRunner pid=767563)[0m              'n_gpus_per_node': 2,
[36m(TaskRunner pid=767563)[0m              'nnodes': 1,
[36m(TaskRunner pid=767563)[0m              'project_name': 'Vision-OPD-StateAdaptive',
[36m(TaskRunner pid=767563)[0m              'ray_wait_register_center_timeout': 300,
[36m(TaskRunner pid=767563)[0m              'resume_from_path': None,
[36m(TaskRunner pid=767563)[0m              'resume_mode': 'auto',
[36m(TaskRunner pid=767563)[0m              'rollout_data_dir': '/sfs/weka/scratch/nkw3mr/Vision-OPD-OPSA/rollouts/Aha-floor-Qwen3.5-4B-6karmA',
[36m(TaskRunner pid=767563)[0m              'save_freq': 5,
[36m(TaskRunner pid=767563)[0m              'test_freq': -1,
[36m(TaskRunner pid=767563)[0m              'total_epochs': 2,
[36m(TaskRunner pid=767563)[0m              'total_training_steps': None,
[36m(TaskRunner pid=767563)[0m              'use_legacy_worker_impl': 'auto',
[36m(TaskRunner pid=767563)[0m              'val_before_train': False,
[36m(TaskRunner pid=767563)[0m              'val_only': False,
[36m(TaskRunner pid=767563)[0m              'validation_data_dir': None},
[36m(TaskRunner pid=767563)[0m  'transfer_queue': {'enable': False},
[36m(TaskRunner pid=767563)[0m  'vars': {'ckpt_dir': './checkpoints', 'dir': './data', 'log_dir': './output'}}
[36m(TaskRunner pid=767563)[0m [validate_config] All configuration checks passed successfully!
[36m(TaskRunner pid=767563)[0m Using dataset class: RLHFDataset
[36m(TaskRunner pid=767563)[0m dataset len: 2459
[36m(TaskRunner pid=767563)[0m Size of train dataloader: 51, Size of val dataloader: 0
[36m(TaskRunner pid=767563)[0m Total training steps: 102
[36m(TaskRunner pid=767563)[0m colocated worker base class <class 'verl.single_controller.base.worker.Worker'>
[36m(TaskRunner pid=767563)[0m bind role actor_rollout_ref method chat_completion to class <class 'verl.single_controller.ray.base.create_colocated_worker_cls.<locals>.WorkerDict'>
[36m(TaskRunner pid=767563)[0m bind role actor_rollout_ref method generate to class <class 'verl.single_controller.ray.base.create_colocated_worker_cls.<locals>.WorkerDict'>
[36m(TaskRunner pid=767563)[0m bind role actor_rollout_ref method get_zeromq_address to class <class 'verl.single_controller.ray.base.create_colocated_worker_cls.<locals>.WorkerDict'>
[36m(TaskRunner pid=767563)[0m bind role actor_rollout_ref method sleep to class <class 'verl.single_controller.ray.base.create_colocated_worker_cls.<locals>.WorkerDict'>
[36m(TaskRunner pid=767563)[0m bind role actor_rollout_ref method wake_up to class <class 'verl.single_controller.ray.base.create_colocated_worker_cls.<locals>.WorkerDict'>
[36m(WorkerDict pid=780592)[0m [Gloo] Rank 0 is connected to 1 peer ranks. Expected number of connected peer ranks is : 1
[36m(WorkerDict pid=780592)[0m Model config after override: Qwen3_5Config {
[36m(WorkerDict pid=780592)[0m   "architectures": [
[36m(WorkerDict pid=780592)[0m     "Qwen3_5ForConditionalGeneration"
[36m(WorkerDict pid=780592)[0m   ],
[36m(WorkerDict pid=780592)[0m   "bos_token_id": null,
[36m(WorkerDict pid=780592)[0m   "eos_token_id": 248046,
[36m(WorkerDict pid=780592)[0m   "image_token_id": 248056,
[36m(WorkerDict pid=780592)[0m   "model_type": "qwen3_5",
[36m(WorkerDict pid=780592)[0m   "pad_token_id": 248044,
[36m(WorkerDict pid=780592)[0m   "text_config": {
[36m(WorkerDict pid=780592)[0m     "attention_bias": false,
[36m(WorkerDict pid=780592)[0m     "attention_dropout": 0.0,
[36m(WorkerDict pid=780592)[0m     "attn_output_gate": true,
[36m(WorkerDict pid=780592)[0m     "bos_token_id": null,
[36m(WorkerDict pid=780592)[0m     "dtype": "bfloat16",
[36m(WorkerDict pid=780592)[0m     "eos_token_id": 248044,
[36m(WorkerDict pid=780592)[0m     "full_attention_interval": 4,
[36m(WorkerDict pid=780592)[0m     "head_dim": 256,
[36m(WorkerDict pid=780592)[0m     "hidden_act": "silu",
[36m(WorkerDict pid=780592)[0m     "hidden_size": 2560,
[36m(WorkerDict pid=780592)[0m     "initializer_range": 0.02,
[36m(WorkerDict pid=780592)[0m     "intermediate_size": 9216,
[36m(WorkerDict pid=780592)[0m     "layer_types": [
[36m(WorkerDict pid=780592)[0m       "linear_attention",
[36m(WorkerDict pid=780592)[0m       "linear_attention",
[36m(WorkerDict pid=780592)[0m       "linear_attention",
[36m(WorkerDict pid=780592)[0m       "full_attention",
[36m(WorkerDict pid=780592)[0m       "linear_attention",
[36m(WorkerDict pid=780592)[0m       "linear_attention",
[36m(WorkerDict pid=780592)[0m       "linear_attention",
[36m(WorkerDict pid=780592)[0m       "full_attention",
[36m(WorkerDict pid=780592)[0m       "linear_attention",
[36m(WorkerDict pid=780592)[0m       "linear_attention",
[36m(WorkerDict pid=780592)[0m       "linear_attention",
[36m(WorkerDict pid=780592)[0m       "full_attention",
[36m(WorkerDict pid=780592)[0m       "linear_attention",
[36m(WorkerDict pid=780592)[0m       "linear_attention",
[36m(WorkerDict pid=780592)[0m       "linear_attention",
[36m(WorkerDict pid=780592)[0m       "full_attention",
[36m(WorkerDict pid=780592)[0m       "linear_attention",
[36m(WorkerDict pid=780592)[0m       "linear_attention",
[36m(WorkerDict pid=780592)[0m       "linear_attention",
[36m(WorkerDict pid=780592)[0m       "full_attention",
[36m(WorkerDict pid=780592)[0m       "linear_attention",
[36m(WorkerDict pid=780592)[0m       "linear_attention",
[36m(WorkerDict pid=780592)[0m       "linear_attention",
[36m(WorkerDict pid=780592)[0m       "full_attention",
[36m(WorkerDict pid=780592)[0m       "linear_attention",
[36m(WorkerDict pid=780592)[0m       "linear_attention",
[36m(WorkerDict pid=780592)[0m       "linear_attention",
[36m(WorkerDict pid=780592)[0m       "full_attention",
[36m(WorkerDict pid=780592)[0m       "linear_attention",
[36m(WorkerDict pid=780592)[0m       "linear_attention",
[36m(WorkerDict pid=780592)[0m       "linear_attention",
[36m(WorkerDict pid=780592)[0m       "full_attention"
[36m(WorkerDict pid=780592)[0m     ],
[36m(WorkerDict pid=780592)[0m     "linear_conv_kernel_dim": 4,
[36m(WorkerDict pid=780592)[0m     "linear_key_head_dim": 128,
[36m(WorkerDict pid=780592)[0m     "linear_num_key_heads": 16,
[36m(WorkerDict pid=780592)[0m     "linear_num_value_heads": 32,
[36m(WorkerDict pid=780592)[0m     "linear_value_head_dim": 128,
[36m(WorkerDict pid=780592)[0m     "mamba_ssm_dtype": "float32",
[36m(WorkerDict pid=780592)[0m Flash Attention 2 only supports torch.float16 and torch.bfloat16 dtypes, but the current dype in Qwen3_5ForConditionalGeneration is torch.float32. You should run training or inference using Automatic Mixed-Precision via the `with torch.autocast(device_type='torch_device'):` decorator, or load the model with the `dtype` argument. Example: `model = AutoModel.from_pretrained("meta-llama/Llama-3.2-1B", attn_implementation="flash_attention_2", dtype=torch.float16)`
[36m(WorkerDict pid=780592)[0m Flash Attention 2 only supports torch.float16 and torch.bfloat16 dtypes, but the current dype in Qwen3_5Model is torch.float32. You should run training or inference using Automatic Mixed-Precision via the `with torch.autocast(device_type='torch_device'):` decorator, or load the model with the `dtype` argument. Example: `model = AutoModel.from_pretrained("meta-llama/Llama-3.2-1B", attn_implementation="flash_attention_2", dtype=torch.float16)`
[36m(WorkerDict pid=780592)[0m Flash Attention 2 only supports torch.float16 and torch.bfloat16 dtypes, but the current dype in Qwen3_5VisionModel is torch.float32. You should run training or inference using Automatic Mixed-Precision via the `with torch.autocast(device_type='torch_device'):` decorator, or load the model with the `dtype` argument. Example: `model = AutoModel.from_pretrained("meta-llama/Llama-3.2-1B", attn_implementation="flash_attention_2", dtype=torch.float16)`
[36m(WorkerDict pid=780592)[0m Flash Attention 2 only supports torch.float16 and torch.bfloat16 dtypes, but the current dype in Qwen3_5TextModel is torch.float32. You should run training or inference using Automatic Mixed-Precision via the `with torch.autocast(device_type='torch_device'):` decorator, or load the model with the `dtype` argument. Example: `model = AutoModel.from_pretrained("meta-llama/Llama-3.2-1B", attn_implementation="flash_attention_2", dtype=torch.float16)`
[36m(WorkerDict pid=780593)[0m [W910 20:45:00.217378879 socket.cpp:764] [c10d] The client socket cannot be initialized to connect to [udc-aw37-6-s.hpc.virginia.edu]:55147 (errno: 97 - Address family not supported by protocol).
[36m(WorkerDict pid=780592)[0m Loading weights:   0%|          | 0/723 [00:00<?, ?it/s]
[36m(WorkerDict pid=780593)[0m Loading weights:   0%|          | 1/723 [00:00<06:16,  1.92it/s]
[36m(WorkerDict pid=780593)[0m Warning: You are sending unauthenticated requests to the HF Hub. Please set a HF_TOKEN to enable higher rate limits and faster downloads.
[36m(WorkerDict pid=780593)[0m WARNING:2026-09-10 20:45:01,080:Warning: You are sending unauthenticated requests to the HF Hub. Please set a HF_TOKEN to enable higher rate limits and faster downloads.
[36m(WorkerDict pid=780592)[0m Loading weights:   0%|          | 1/723 [00:00<07:11,  1.67it/s]Loading weights:  31%|███       | 225/723 [00:00<00:01, 429.17it/s]
[36m(WorkerDict pid=780593)[0m Loading weights:  23%|██▎       | 169/723 [00:00<00:01, 360.60it/s]
[36m(WorkerDict pid=780593)[0m Loading weights:  37%|███▋      | 266/723 [00:00<00:01, 365.09it/s]
[36m(WorkerDict pid=780592)[0m Loading weights:  98%|█████████▊| 706/723 [00:01<00:00, 644.87it/s]Loading weights: 100%|██████████| 723/723 [00:01<00:00, 472.82it/s]
[36m(WorkerDict pid=780593)[0m Loading weights:  65%|██████▍   | 468/723 [00:01<00:00, 355.08it/s]Loading weights:  99%|█████████▉| 716/723 [00:01<00:00, 745.55it/s]Loading weights: 100%|██████████| 723/723 [00:01<00:00, 434.14it/s]
[36m(WorkerDict pid=780592)[0m /sfs/weka/scratch/nkw3mr/Vision-OPD-OPSA/verl/utils/profiler/config.py:52: UserWarning: Torch profiler tool config is not fully supported now.
[36m(WorkerDict pid=780592)[0m   warnings.warn("Torch profiler tool config is not fully supported now.", stacklevel=1)
[36m(WorkerDict pid=780593)[0m Flash Attention 2 only supports torch.float16 and torch.bfloat16 dtypes, but the current dype in Qwen3_5TextModel is torch.float32. You should run training or inference using Automatic Mixed-Precision via the `with torch.autocast(device_type='torch_device'):` decorator, or load the model with the `dtype` argument. Example: `model = AutoModel.from_pretrained("meta-llama/Llama-3.2-1B", attn_implementation="flash_attention_2", dtype=torch.float16)`[32m [repeated 4x across cluster][0m
[36m(WorkerDict pid=780593)[0m Loading weights:   0%|          | 0/723 [00:00<?, ?it/s]
[36m(WorkerDict pid=780593)[0m Loading weights:  53%|█████▎    | 386/723 [00:01<00:01, 271.09it/s][32m [repeated 5x across cluster][0m
[36m(WorkerDict pid=780592)[0m /sfs/weka/scratch/nkw3mr/Vision-OPD-OPSA/verl/workers/fsdp_workers.py:666: FutureWarning: FSDP.state_dict_type() and FSDP.set_state_dict_type() are being deprecated. Please use APIs, get_state_dict() and set_state_dict(), which can support different parallelisms, FSDP1, FSDP2, DDP. API doc: https://pytorch.org/docs/stable/distributed.checkpoint.html#torch.distributed.checkpoint.state_dict.get_state_dict .Tutorial: https://pytorch.org/tutorials/recipes/distributed_checkpoint_recipe.html .
[36m(WorkerDict pid=780592)[0m   FSDP.set_state_dict_type(
[36m(WorkerDict pid=780593)[0m /sfs/weka/scratch/nkw3mr/Vision-OPD-OPSA/verl/utils/profiler/config.py:52: UserWarning: Torch profiler tool config is not fully supported now.
[36m(WorkerDict pid=780593)[0m   warnings.warn("Torch profiler tool config is not fully supported now.", stacklevel=1)
[36m(WorkerDict pid=780592)[0m     "max_position_embeddings": 262144,
[36m(WorkerDict pid=780592)[0m     "mlp_only_layers": [],
[36m(WorkerDict pid=780592)[0m     "model_type": "qwen3_5_text",
[36m(WorkerDict pid=780592)[0m     "mtp_num_hidden_layers": 1,
[36m(WorkerDict pid=780592)[0m     "mtp_use_dedicated_embeddings": false,
[36m(WorkerDict pid=780592)[0m     "num_attention_heads": 16,
[36m(WorkerDict pid=780592)[0m     "num_hidden_layers": 32,
[36m(WorkerDict pid=780592)[0m     "num_key_value_heads": 4,
[36m(WorkerDict pid=780592)[0m     "pad_token_id": null,
[36m(WorkerDict pid=780592)[0m     "partial_rotary_factor": 0.25,
[36m(WorkerDict pid=780592)[0m     "rms_norm_eps": 1e-06,
[36m(WorkerDict pid=780592)[0m     "rope_parameters": {
[36m(WorkerDict pid=780592)[0m       "mrope_interleaved": true,
[36m(WorkerDict pid=780592)[0m       "mrope_section": [
[36m(WorkerDict pid=780592)[0m         11,
[36m(WorkerDict pid=780592)[0m         11,
[36m(WorkerDict pid=780592)[0m         10
[36m(WorkerDict pid=780592)[0m       ],
[36m(WorkerDict pid=780592)[0m       "partial_rotary_factor": 0.25,
[36m(WorkerDict pid=780592)[0m       "rope_theta": 10000000,
[36m(WorkerDict pid=780592)[0m       "rope_type": "default"
[36m(WorkerDict pid=780592)[0m     },
[36m(WorkerDict pid=780592)[0m     "tie_word_embeddings": true,
[36m(WorkerDict pid=780592)[0m     "use_cache": true,
[36m(WorkerDict pid=780592)[0m     "vocab_size": 248320
[36m(WorkerDict pid=780592)[0m   },
[36m(WorkerDict pid=780592)[0m   "tie_word_embeddings": true,
[36m(WorkerDict pid=780592)[0m   "transformers_version": "5.5.0",
[36m(WorkerDict pid=780592)[0m   "video_token_id": 248057,
[36m(WorkerDict pid=780592)[0m   "vision_config": {
[36m(WorkerDict pid=780592)[0m     "deepstack_visual_indexes": [],
[36m(WorkerDict pid=780592)[0m     "depth": 24,
[36m(WorkerDict pid=780592)[0m     "hidden_act": "gelu_pytorch_tanh",
[36m(WorkerDict pid=780592)[0m     "hidden_size": 1024,
[36m(WorkerDict pid=780592)[0m     "in_channels": 3,
[36m(WorkerDict pid=780592)[0m     "initializer_range": 0.02,
[36m(WorkerDict pid=780592)[0m     "intermediate_size": 4096,
[36m(WorkerDict pid=780592)[0m     "model_type": "qwen3_5",
[36m(WorkerDict pid=780592)[0m     "num_heads": 16,
[36m(WorkerDict pid=780592)[0m     "num_position_embeddings": 2304,
[36m(WorkerDict pid=780592)[0m     "out_hidden_size": 2560,
[36m(WorkerDict pid=780592)[0m     "patch_size": 16,
[36m(WorkerDict pid=780592)[0m     "spatial_merge_size": 2,
[36m(WorkerDict pid=780592)[0m     "temporal_patch_size": 2
[36m(WorkerDict pid=780592)[0m   },
[36m(WorkerDict pid=780592)[0m   "vision_end_token_id": 248054,
[36m(WorkerDict pid=780592)[0m   "vision_start_token_id": 248053
[36m(WorkerDict pid=780592)[0m }
[36m(WorkerDict pid=780592)[0m 
[36m(WorkerDict pid=780592)[0m Monkey patch Qwen3_5TextModel.forward for Ulysses SP input slicing.
[36m(WorkerDict pid=780592)[0m Monkey patch Qwen3_5ForConditionalGeneration model forward
[36m(WorkerDict pid=780592)[0m Monkey patch _flash_attention_forward in transformers.integrations.flash_attention
[36m(WorkerDict pid=780592)[0m Skipping monkey patch for Qwen3_5ForConditionalGeneration as use_fused_kernels is False or fused_kernels_backend is torch
[36m(WorkerDict pid=780593)[0m [Gloo] Rank 0 is connected to 0 peer ranks. Expected number of connected peer ranks is : 0[32m [repeated 3x across cluster] (Ray deduplicates logs by default. Set RAY_DEDUP_LOGS=0 to disable log deduplication, or see https://docs.ray.io/en/master/ray-observability/user-guides/configure-logging.html#log-deduplication for more options.)[0m
[36m(WorkerDict pid=780592)[0m Qwen3_5ForConditionalGeneration contains 4.54B parameters
[36m(WorkerDict pid=780592)[0m wrap_policy: functools.partial(<function _or_policy at 0x14d7678ca3e0>, policies=[functools.partial(<function transformer_auto_wrap_policy at 0x14d7678ca2a0>, transformer_layer_cls={<class 'transformers.models.qwen3_5.modeling_qwen3_5.Qwen3_5VisionBlock'>, <class 'transformers.models.qwen3_5.modeling_qwen3_5.Qwen3_5DecoderLayer'>})])
[36m(WorkerDict pid=780592)[0m Total steps: 102, num_warmup_steps: 10
[36m(WorkerDict pid=780592)[0m Actor use_remove_padding=True
[36m(WorkerDict pid=780592)[0m Actor use_fused_kernels=False
[36m(WorkerDict pid=780592)[0m Actor use_prefix_grouper=False
[36m(WorkerDict pid=780592)[0m NCCL version 2.27.5+cuda12.9
[36m(WorkerDict pid=780593)[0m Monkey patch Qwen3_5TextModel.forward for Ulysses SP input slicing.
[36m(WorkerDict pid=780593)[0m Monkey patch Qwen3_5ForConditionalGeneration model forward
[36m(WorkerDict pid=780593)[0m Monkey patch _flash_attention_forward in transformers.integrations.flash_attention
[36m(WorkerDict pid=780593)[0m Skipping monkey patch for Qwen3_5ForConditionalGeneration as use_fused_kernels is False or fused_kernels_backend is torch
[36m(WorkerDict pid=780592)[0m [Gloo] Rank 0 is connected to 0 peer ranks. Expected number of connected peer ranks is : 0[32m [repeated 2x across cluster][0m
[36m(WorkerDict pid=780592)[0m reference model: Qwen/Qwen3.5-4B
[36m(WorkerDict pid=780592)[0m Model config after override: Qwen3_5Config {
[36m(WorkerDict pid=780592)[0m   "architectures": [
[36m(WorkerDict pid=780592)[0m     "Qwen3_5ForConditionalGeneration"
[36m(WorkerDict pid=780592)[0m   ],
[36m(WorkerDict pid=780592)[0m   "bos_token_id": null,
[36m(WorkerDict pid=780592)[0m   "eos_token_id": 248046,
[36m(WorkerDict pid=780592)[0m   "image_token_id": 248056,
[36m(WorkerDict pid=780592)[0m   "model_type": "qwen3_5",
[36m(WorkerDict pid=780592)[0m   "pad_token_id": 248044,
[36m(WorkerDict pid=780592)[0m   "text_config": {
[36m(WorkerDict pid=780592)[0m     "attention_bias": false,
[36m(WorkerDict pid=780592)[0m     "attention_dropout": 0.0,
[36m(WorkerDict pid=780592)[0m     "attn_output_gate": true,
[36m(WorkerDict pid=780592)[0m     "bos_token_id": null,
[36m(WorkerDict pid=780592)[0m     "dtype": "bfloat16",
[36m(WorkerDict pid=780592)[0m     "eos_token_id": 248044,
[36m(WorkerDict pid=780592)[0m     "full_attention_interval": 4,
[36m(WorkerDict pid=780592)[0m     "head_dim": 256,
[36m(WorkerDict pid=780592)[0m     "hidden_act": "silu",
[36m(WorkerDict pid=780592)[0m     "hidden_size": 2560,
[36m(WorkerDict pid=780592)[0m     "initializer_range": 0.02,
[36m(WorkerDict pid=780592)[0m     "intermediate_size": 9216,
[36m(WorkerDict pid=780592)[0m     "layer_types": [
[36m(WorkerDict pid=780592)[0m       "linear_attention",
[36m(WorkerDict pid=780592)[0m       "linear_attention",
[36m(WorkerDict pid=780592)[0m       "linear_attention",
[36m(WorkerDict pid=780592)[0m       "full_attention",
[36m(WorkerDict pid=780592)[0m       "linear_attention",
[36m(WorkerDict pid=780592)[0m       "linear_attention",
[36m(WorkerDict pid=780592)[0m       "linear_attention",
[36m(WorkerDict pid=780592)[0m       "full_attention",
[36m(WorkerDict pid=780592)[0m       "linear_attention",
[36m(WorkerDict pid=780592)[0m       "linear_attention",
[36m(WorkerDict pid=780592)[0m       "linear_attention",
[36m(WorkerDict pid=780592)[0m       "full_attention",
[36m(WorkerDict pid=780592)[0m       "linear_attention",
[36m(WorkerDict pid=780592)[0m       "linear_attention",
[36m(WorkerDict pid=780592)[0m       "linear_attention",
[36m(WorkerDict pid=780592)[0m       "full_attention",
[36m(WorkerDict pid=780592)[0m       "linear_attention",
[36m(WorkerDict pid=780592)[0m       "linear_attention",
[36m(WorkerDict pid=780592)[0m       "linear_attention",
[36m(WorkerDict pid=780592)[0m       "full_attention",
[36m(WorkerDict pid=780592)[0m       "linear_attention",
[36m(WorkerDict pid=780592)[0m       "linear_attention",
[36m(WorkerDict pid=780592)[0m       "linear_attention",
[36m(WorkerDict pid=780592)[0m       "full_attention",
[36m(WorkerDict pid=780592)[0m       "linear_attention",
[36m(WorkerDict pid=780592)[0m       "linear_attention",
[36m(WorkerDict pid=780592)[0m       "linear_attention",
[36m(WorkerDict pid=780592)[0m       "full_attention",
[36m(WorkerDict pid=780592)[0m       "linear_attention",
[36m(WorkerDict pid=780592)[0m Loading weights:   0%|          | 0/723 [00:00<?, ?it/s]
[36m(WorkerDict pid=780592)[0m Loading weights:   0%|          | 1/723 [00:00<04:32,  2.65it/s]
[36m(WorkerDict pid=780592)[0m Loading weights:  33%|███▎      | 235/723 [00:00<00:00, 639.02it/s]
[36m(WorkerDict pid=780592)[0m Loading weights:  65%|██████▌   | 470/723 [00:00<00:00, 570.59it/s]Loading weights:  99%|█████████▉| 716/723 [00:01<00:00, 961.93it/s]Loading weights: 100%|██████████| 723/723 [00:01<00:00, 715.47it/s]
[36m(WorkerDict pid=780593)[0m /sfs/weka/scratch/nkw3mr/Vision-OPD-OPSA/verl/workers/fsdp_workers.py:666: FutureWarning: FSDP.state_dict_type() and FSDP.set_state_dict_type() are being deprecated. Please use APIs, get_state_dict() and set_state_dict(), which can support different parallelisms, FSDP1, FSDP2, DDP. API doc: https://pytorch.org/docs/stable/distributed.checkpoint.html#torch.distributed.checkpoint.state_dict.get_state_dict .Tutorial: https://pytorch.org/tutorials/recipes/distributed_checkpoint_recipe.html .
[36m(WorkerDict pid=780593)[0m   FSDP.set_state_dict_type(
[36m(WorkerDict pid=780593)[0m Loading weights: 100%|██████████| 723/723 [00:01<00:00, 597.29it/s]
[36m(TaskRunner pid=767563)[0m W0910 20:45:27.670000 767563 site-packages/torch/utils/cpp_extension.py:118] No CUDA runtime is found, using CUDA_HOME='/apps/software/standard/core/cuda/12.8.0'
[36m(WorkerDict pid=780593)[0m Loading weights:   0%|          | 0/723 [00:00<?, ?it/s]
[36m(WorkerDict pid=780593)[0m Loading weights:  62%|██████▏   | 448/723 [00:01<00:00, 439.78it/s][32m [repeated 6x across cluster][0m
[36m(TaskRunner pid=767563)[0m /sfs/weka/scratch/nkw3mr/Vision-OPD-OPSA/verl/utils/profiler/config.py:52: UserWarning: Torch profiler tool config is not fully supported now.
[36m(TaskRunner pid=767563)[0m   warnings.warn("Torch profiler tool config is not fully supported now.", stacklevel=1)
[36m(pid=815450)[0m W0910 20:45:38.490000 815450 site-packages/torch/utils/cpp_extension.py:118] No CUDA runtime is found, using CUDA_HOME='/apps/software/standard/core/cuda/12.8.0'
[36m(pid=815428)[0m W0910 20:45:38.490000 815428 site-packages/torch/utils/cpp_extension.py:118] No CUDA runtime is found, using CUDA_HOME='/apps/software/standard/core/cuda/12.8.0'
[36m(vLLMHttpServer pid=815450)[0m Warning: You are sending unauthenticated requests to the HF Hub. Please set a HF_TOKEN to enable higher rate limits and faster downloads.
[36m(vLLMHttpServer pid=815450)[0m Using blocking ray.get inside async actor. This blocks the event loop. Please use `await` on object ref with asyncio.gather if you want to yield execution to the event loop instead.
[36m(vLLMHttpServer pid=815450)[0m The argument `trust_remote_code` is to be used with Auto classes. It has no effect here and is ignored.
[36m(vLLMHttpServer pid=815450)[0m `layer_type_validation` is deprecated and will be removed in v5.20. Use `PreTrainedConfig.validate_layer_type` instead
[36m(vLLMHttpServer pid=815450)[0m `layer_type_validation` is deprecated and will be removed in v5.20. Use `PreTrainedConfig.validate_layer_type` instead
[36m(vLLMHttpServer pid=815450)[0m `layer_type_validation` is deprecated and will be removed in v5.20. Use `PreTrainedConfig.validate_layer_type` instead
[36m(vLLMHttpServer pid=815450)[0m `Qwen2VLImageProcessorFast` is deprecated. The `Fast` suffix for image processors has been removed; use `Qwen2VLImageProcessor` instead.
[36m(vLLMHttpServer pid=815428)[0m Warning: You are sending unauthenticated requests to the HF Hub. Please set a HF_TOKEN to enable higher rate limits and faster downloads.
[36m(vLLMHttpServer pid=815428)[0m Using blocking ray.get inside async actor. This blocks the event loop. Please use `await` on object ref with asyncio.gather if you want to yield execution to the event loop instead.
[36m(vLLMHttpServer pid=815428)[0m The argument `trust_remote_code` is to be used with Auto classes. It has no effect here and is ignored.[32m [repeated 3x across cluster][0m
[36m(vLLMHttpServer pid=815428)[0m `layer_type_validation` is deprecated and will be removed in v5.20. Use `PreTrainedConfig.validate_layer_type` instead[32m [repeated 9x across cluster][0m
[36m(vLLMHttpServer pid=815450)[0m The `use_fast` parameter is deprecated and will be removed in a future version. Use `backend="torchvision"` instead of `use_fast=True`, or `backend="pil"` instead of `use_fast=False`.
[36m(vLLMHttpServer pid=815428)[0m `Qwen2VLImageProcessorFast` is deprecated. The `Fast` suffix for image processors has been removed; use `Qwen2VLImageProcessor` instead.
[36m(WorkerDict pid=780592)[0m       "linear_attention",
[36m(WorkerDict pid=780592)[0m       "linear_attention",
[36m(WorkerDict pid=780592)[0m       "full_attention"
[36m(WorkerDict pid=780592)[0m     ],
[36m(WorkerDict pid=780592)[0m     "linear_conv_kernel_dim": 4,
[36m(WorkerDict pid=780592)[0m     "linear_key_head_dim": 128,
[36m(WorkerDict pid=780592)[0m     "linear_num_key_heads": 16,
[36m(WorkerDict pid=780592)[0m     "linear_num_value_heads": 32,
[36m(WorkerDict pid=780592)[0m     "linear_value_head_dim": 128,
[36m(WorkerDict pid=780592)[0m     "mamba_ssm_dtype": "float32",
[36m(WorkerDict pid=780592)[0m     "max_position_embeddings": 262144,
[36m(WorkerDict pid=780592)[0m     "mlp_only_layers": [],
[36m(WorkerDict pid=780592)[0m     "model_type": "qwen3_5_text",
[36m(WorkerDict pid=780592)[0m     "mtp_num_hidden_layers": 1,
[36m(WorkerDict pid=780592)[0m     "mtp_use_dedicated_embeddings": false,
[36m(WorkerDict pid=780592)[0m     "num_attention_heads": 16,
[36m(WorkerDict pid=780592)[0m     "num_hidden_layers": 32,
[36m(WorkerDict pid=780592)[0m     "num_key_value_heads": 4,
[36m(WorkerDict pid=780592)[0m     "pad_token_id": null,
[36m(WorkerDict pid=780592)[0m     "partial_rotary_factor": 0.25,
[36m(WorkerDict pid=780592)[0m     "rms_norm_eps": 1e-06,
[36m(WorkerDict pid=780592)[0m     "rope_parameters": {
[36m(WorkerDict pid=780592)[0m       "mrope_interleaved": true,
[36m(WorkerDict pid=780592)[0m       "mrope_section": [
[36m(WorkerDict pid=780592)[0m         11,
[36m(WorkerDict pid=780592)[0m         11,
[36m(WorkerDict pid=780592)[0m         10
[36m(WorkerDict pid=780592)[0m       ],
[36m(WorkerDict pid=780592)[0m       "partial_rotary_factor": 0.25,
[36m(WorkerDict pid=780592)[0m       "rope_theta": 10000000,
[36m(WorkerDict pid=780592)[0m       "rope_type": "default"
[36m(WorkerDict pid=780592)[0m     },
[36m(WorkerDict pid=780592)[0m     "tie_word_embeddings": true,
[36m(WorkerDict pid=780592)[0m     "use_cache": true,
[36m(WorkerDict pid=780592)[0m     "vocab_size": 248320
[36m(WorkerDict pid=780592)[0m   },
[36m(WorkerDict pid=780592)[0m   "tie_word_embeddings": true,
[36m(WorkerDict pid=780592)[0m   "transformers_version": "5.5.0",
[36m(WorkerDict pid=780592)[0m   "video_token_id": 248057,
[36m(WorkerDict pid=780592)[0m   "vision_config": {
[36m(WorkerDict pid=780592)[0m     "deepstack_visual_indexes": [],
[36m(WorkerDict pid=780592)[0m     "depth": 24,
[36m(WorkerDict pid=780592)[0m     "hidden_act": "gelu_pytorch_tanh",
[36m(WorkerDict pid=780592)[0m     "hidden_size": 1024,
[36m(WorkerDict pid=780592)[0m     "in_channels": 3,
[36m(WorkerDict pid=780592)[0m     "initializer_range": 0.02,
[36m(WorkerDict pid=780592)[0m     "intermediate_size": 4096,
[36m(WorkerDict pid=780592)[0m     "model_type": "qwen3_5",
[36m(WorkerDict pid=780592)[0m     "num_heads": 16,
[36m(WorkerDict pid=780592)[0m     "num_position_embeddings": 2304,
[36m(WorkerDict pid=780592)[0m     "out_hidden_size": 2560,
[36m(WorkerDict pid=780592)[0m     "patch_size": 16,
[36m(WorkerDict pid=780592)[0m     "spatial_merge_size": 2,
[36m(WorkerDict pid=780592)[0m     "temporal_patch_size": 2
[36m(WorkerDict pid=780592)[0m   },
[36m(WorkerDict pid=780592)[0m   "vision_end_token_id": 248054,
[36m(WorkerDict pid=780592)[0m   "vision_start_token_id": 248053
[36m(WorkerDict pid=780592)[0m }
[36m(WorkerDict pid=780592)[0m 
[36m(WorkerDict pid=780593)[0m [Gloo] Rank 0 is connected to 0 peer ranks. Expected number of connected peer ranks is : 0[32m [repeated 2x across cluster][0m
[36m(WorkerDict pid=780592)[0m Monkey patch Qwen3_5TextModel.forward for Ulysses SP input slicing.
[36m(WorkerDict pid=780592)[0m Monkey patch Qwen3_5ForConditionalGeneration model forward
[36m(WorkerDict pid=780592)[0m Monkey patch _flash_attention_forward in transformers.integrations.flash_attention
[36m(WorkerDict pid=780592)[0m Skipping monkey patch for Qwen3_5ForConditionalGeneration as use_fused_kernels is False or fused_kernels_backend is torch
[36m(WorkerDict pid=780592)[0m Qwen3_5ForConditionalGeneration contains 4.54B parameters
[36m(WorkerDict pid=780592)[0m wrap_policy: functools.partial(<function _or_policy at 0x14d7678ca3e0>, policies=[functools.partial(<function transformer_auto_wrap_policy at 0x14d7678ca2a0>, transformer_layer_cls={<class 'transformers.models.qwen3_5.modeling_qwen3_5.Qwen3_5VisionBlock'>, <class 'transformers.models.qwen3_5.modeling_qwen3_5.Qwen3_5DecoderLayer'>})])
[36m(WorkerDict pid=780592)[0m Ref use_remove_padding=True
[36m(WorkerDict pid=780592)[0m Ref use_fused_kernels=False
[36m(WorkerDict pid=780592)[0m Ref use_prefix_grouper=False
[36m(vLLMHttpServer pid=815428)[0m ['serve',
[36m(vLLMHttpServer pid=815428)[0m  'Qwen/Qwen3.5-4B',
[36m(vLLMHttpServer pid=815428)[0m  '--dtype',
[36m(vLLMHttpServer pid=815428)[0m  'bfloat16',
[36m(vLLMHttpServer pid=815428)[0m  '--load_format',
[36m(vLLMHttpServer pid=815428)[0m  'dummy',
[36m(vLLMHttpServer pid=815428)[0m  '--trust_remote_code',
[36m(vLLMHttpServer pid=815428)[0m  '--max_model_len',
[36m(vLLMHttpServer pid=815428)[0m  '262144',
[36m(vLLMHttpServer pid=815428)[0m  '--max_num_seqs',
[36m(vLLMHttpServer pid=815428)[0m  '1024',
[36m(vLLMHttpServer pid=815428)[0m  '--enable_chunked_prefill',
[36m(vLLMHttpServer pid=815428)[0m  '--max_num_batched_tokens',
[36m(vLLMHttpServer pid=815428)[0m  '9216',
[36m(vLLMHttpServer pid=815428)[0m  '--enable_prefix_caching',
[36m(vLLMHttpServer pid=815428)[0m  '--enable_sleep_mode',
[36m(vLLMHttpServer pid=815428)[0m  '--logprobs_mode',
[36m(vLLMHttpServer pid=815428)[0m  'processed_logprobs',
[36m(vLLMHttpServer pid=815428)[0m  '--disable_custom_all_reduce',
[36m(vLLMHttpServer pid=815428)[0m  '--gpu_memory_utilization',
[36m(vLLMHttpServer pid=815428)[0m  '0.45',
[36m(vLLMHttpServer pid=815428)[0m  '--disable_log_stats',
[36m(vLLMHttpServer pid=815428)[0m  '--tensor_parallel_size',
[36m(vLLMHttpServer pid=815428)[0m  '1',
[36m(vLLMHttpServer pid=815428)[0m  '--seed',
[36m(vLLMHttpServer pid=815428)[0m  '0',
[36m(vLLMHttpServer pid=815428)[0m  '--override_generation_config',
[36m(vLLMHttpServer pid=815428)[0m  '{"temperature": 1.0, "top_k": -1, "top_p": 1, "repetition_penalty": 1.0, '
[36m(vLLMHttpServer pid=815428)[0m  '"max_new_tokens": 1024}',
[36m(vLLMHttpServer pid=815428)[0m  '--hf_overrides',
[36m(vLLMHttpServer pid=815428)[0m  '{}',
[36m(vLLMHttpServer pid=815428)[0m  '--scheduling_policy',
[36m(vLLMHttpServer pid=815428)[0m  'fcfs',
[36m(vLLMHttpServer pid=815428)[0m  '--compilation_config',
[36m(vLLMHttpServer pid=815428)[0m  '{"pass_config": {"fuse_allreduce_rms": false}}',
[36m(vLLMHttpServer pid=815428)[0m  '--kernel_config',
[36m(vLLMHttpServer pid=815428)[0m  '{"enable_flashinfer_autotune": false}']
[36m(WorkerDict pid=780593)[0m Monkey patch Qwen3_5TextModel.forward for Ulysses SP input slicing.
[36m(WorkerDict pid=780593)[0m Monkey patch Qwen3_5ForConditionalGeneration model forward
[36m(WorkerDict pid=780593)[0m Monkey patch _flash_attention_forward in transformers.integrations.flash_attention
[36m(WorkerDict pid=780593)[0m Skipping monkey patch for Qwen3_5ForConditionalGeneration as use_fused_kernels is False or fused_kernels_backend is torch
[36m(vLLMHttpServer pid=815450)[0m WARNING 09-10 20:45:44 [envs.py:1717] Unknown vLLM environment variable detected: VLLM_USE_V1
[36m(vLLMHttpServer pid=815450)[0m WARNING 09-10 20:45:45 [config.py:372] Mamba cache mode is set to 'align' for Qwen3_5ForConditionalGeneration by default when prefix caching is enabled
[36m(vLLMHttpServer pid=815450)[0m WARNING 09-10 20:45:45 [vllm.py:743] Async scheduling will be disabled because it is not supported with the `<class 'verl.workers.rollout.vllm_rollout.vllm_async_server.ExternalZeroMQDistributedExecutor'>` distributed executor backend (only `mp`, `uni`, and `external_launcher` are supported).
[36m(vLLMHttpServer pid=815450)[0m W0910 20:46:03.444000 839264 site-packages/torch/utils/cpp_extension.py:118] No CUDA runtime is found, using CUDA_HOME='/apps/software/standard/core/cuda/12.8.0'
[36m(vLLMHttpServer pid=815428)[0m The `use_fast` parameter is deprecated and will be removed in a future version. Use `backend="torchvision"` instead of `use_fast=True`, or `backend="pil"` instead of `use_fast=False`.
[36m(WorkerDict pid=780592)[0m `Qwen2VLImageProcessorFast` is deprecated. The `Fast` suffix for image processors has been removed; use `Qwen2VLImageProcessor` instead.
[36m(WorkerDict pid=780592)[0m The `use_fast` parameter is deprecated and will be removed in a future version. Use `backend="torchvision"` instead of `use_fast=True`, or `backend="pil"` instead of `use_fast=False`.
[36m(vLLMHttpServer pid=815428)[0m W0910 20:46:03.444000 839562 site-packages/torch/utils/cpp_extension.py:118] No CUDA runtime is found, using CUDA_HOME='/apps/software/standard/core/cuda/12.8.0'
[36m(WorkerDict pid=780593)[0m <frozen importlib._bootstrap_external>:1301: FutureWarning: The cuda.cudart module is deprecated and will be removed in a future release, please switch to use the cuda.bindings.runtime module instead.
[36m(WorkerDict pid=780593)[0m <frozen importlib._bootstrap_external>:1301: FutureWarning: The cuda.nvrtc module is deprecated and will be removed in a future release, please switch to use the cuda.bindings.nvrtc module instead.
[36m(WorkerDict pid=780593)[0m `Qwen2VLImageProcessorFast` is deprecated. The `Fast` suffix for image processors has been removed; use `Qwen2VLImageProcessor` instead.
[36m(WorkerDict pid=780593)[0m /sfs/weka/scratch/nkw3mr/envs/vision-opd/lib/python3.12/site-packages/vllm/model_executor/layers/fla/ops/utils.py:113: UserWarning: Input tensor shape suggests potential format mismatch: seq_len (16) < num_heads (32). This may indicate the inputs were passed in head-first format [B, H, T, ...] when head_first=False was specified. Please verify your input tensor format matches the expected shape [B, T, H, ...].
[36m(WorkerDict pid=780593)[0m   return fn(*contiguous_args, **contiguous_kwargs)
[36m(WorkerDict pid=780593)[0m The `use_fast` parameter is deprecated and will be removed in a future version. Use `backend="torchvision"` instead of `use_fast=True`, or `backend="pil"` instead of `use_fast=False`.
[36m(WorkerDict pid=780592)[0m Capturing CUDA graphs (mixed prefill-decode, PIECEWISE):   0%|          | 0/51 [00:00<?, ?it/s]
[36m(WorkerDict pid=780592)[0m <frozen importlib._bootstrap_external>:1301: FutureWarning: The cuda.cudart module is deprecated and will be removed in a future release, please switch to use the cuda.bindings.runtime module instead.
[36m(WorkerDict pid=780592)[0m <frozen importlib._bootstrap_external>:1301: FutureWarning: The cuda.nvrtc module is deprecated and will be removed in a future release, please switch to use the cuda.bindings.nvrtc module instead.
[36m(WorkerDict pid=780592)[0m /sfs/weka/scratch/nkw3mr/envs/vision-opd/lib/python3.12/site-packages/vllm/model_executor/layers/fla/ops/utils.py:113: UserWarning: Input tensor shape suggests potential format mismatch: seq_len (16) < num_heads (32). This may indicate the inputs were passed in head-first format [B, H, T, ...] when head_first=False was specified. Please verify your input tensor format matches the expected shape [B, T, H, ...].
[36m(WorkerDict pid=780592)[0m   return fn(*contiguous_args, **contiguous_kwargs)
[36m(WorkerDict pid=780592)[0m Capturing CUDA graphs (mixed prefill-decode, PIECEWISE):   8%|▊         | 4/51 [00:00<00:01, 34.98it/s]
[36m(WorkerDict pid=780592)[0m Capturing CUDA graphs (mixed prefill-decode, PIECEWISE):  16%|█▌        | 8/51 [00:00<00:01, 35.19it/s]
[36m(WorkerDict pid=780592)[0m Capturing CUDA graphs (mixed prefill-decode, PIECEWISE):  24%|██▎       | 12/51 [00:00<00:01, 21.23it/s]
[36m(WorkerDict pid=780592)[0m Capturing CUDA graphs (mixed prefill-decode, PIECEWISE):  33%|███▎      | 17/51 [00:00<00:01, 27.21it/s]
[36m(WorkerDict pid=780592)[0m Capturing CUDA graphs (mixed prefill-decode, PIECEWISE):  43%|████▎     | 22/51 [00:00<00:00, 32.53it/s]
[36m(WorkerDict pid=780592)[0m Capturing CUDA graphs (mixed prefill-decode, PIECEWISE):  53%|█████▎    | 27/51 [00:00<00:00, 36.56it/s]
[36m(WorkerDict pid=780592)[0m Capturing CUDA graphs (mixed prefill-decode, PIECEWISE):  63%|██████▎   | 32/51 [00:00<00:00, 38.16it/s]
[36m(WorkerDict pid=780592)[0m Capturing CUDA graphs (mixed prefill-decode, PIECEWISE):  73%|███████▎  | 37/51 [00:01<00:00, 39.96it/s]
[36m(WorkerDict pid=780592)[0m Capturing CUDA graphs (mixed prefill-decode, PIECEWISE):  84%|████████▍ | 43/51 [00:01<00:00, 43.15it/s]
[36m(WorkerDict pid=780592)[0m Capturing CUDA graphs (mixed prefill-decode, PIECEWISE):  96%|█████████▌| 49/51 [00:01<00:00, 45.76it/s]Capturing CUDA graphs (mixed prefill-decode, PIECEWISE): 100%|██████████| 51/51 [00:01<00:00, 37.58it/s]
[36m(WorkerDict pid=780592)[0m Capturing CUDA graphs (decode, FULL):   0%|          | 0/51 [00:00<?, ?it/s]
[36m(WorkerDict pid=780592)[0m Capturing CUDA graphs (decode, FULL):   6%|▌         | 3/51 [00:00<00:01, 28.33it/s]
[36m(WorkerDict pid=780592)[0m Capturing CUDA graphs (decode, FULL):  12%|█▏        | 6/51 [00:00<00:01, 26.89it/s]
[36m(WorkerDict pid=780592)[0m Capturing CUDA graphs (decode, FULL):  20%|█▉        | 10/51 [00:00<00:01, 28.89it/s]
[36m(WorkerDict pid=780592)[0m Capturing CUDA graphs (decode, FULL):  27%|██▋       | 14/51 [00:00<00:01, 30.84it/s]
[36m(WorkerDict pid=780592)[0m Capturing CUDA graphs (decode, FULL):  35%|███▌      | 18/51 [00:00<00:01, 32.84it/s]Capturing CUDA graphs (decode, FULL):  45%|████▌     | 23/51 [00:00<00:00, 35.85it/s]
[36m(WorkerDict pid=780592)[0m Capturing CUDA graphs (decode, FULL):  55%|█████▍    | 28/51 [00:00<00:00, 38.11it/s]
[36m(WorkerDict pid=780592)[0m Capturing CUDA graphs (decode, FULL):  65%|██████▍   | 33/51 [00:00<00:00, 39.69it/s]
[36m(WorkerDict pid=780592)[0m Capturing CUDA graphs (decode, FULL):  75%|███████▍  | 38/51 [00:01<00:00, 40.99it/s]
[36m(WorkerDict pid=780592)[0m Capturing CUDA graphs (decode, FULL):  84%|████████▍ | 43/51 [00:01<00:00, 43.48it/s]
[36m(WorkerDict pid=780592)[0m Capturing CUDA graphs (decode, FULL):  96%|█████████▌| 49/51 [00:01<00:00, 46.13it/s]Capturing CUDA graphs (decode, FULL): 100%|██████████| 51/51 [00:01<00:00, 39.21it/s]
[36m(vLLMHttpServer pid=815450)[0m (EngineCore pid=839264) Warning: You are sending unauthenticated requests to the HF Hub. Please set a HF_TOKEN to enable higher rate limits and faster downloads.
[36m(vLLMHttpServer pid=815450)[0m (EngineCore pid=839264) `Qwen2VLImageProcessorFast` is deprecated. The `Fast` suffix for image processors has been removed; use `Qwen2VLImageProcessor` instead.
[36m(vLLMHttpServer pid=815450)[0m (EngineCore pid=839264) The `use_fast` parameter is deprecated and will be removed in a future version. Use `backend="torchvision"` instead of `use_fast=True`, or `backend="pil"` instead of `use_fast=False`.
[36m(vLLMHttpServer pid=815450)[0m The argument `trust_remote_code` is to be used with Auto classes. It has no effect here and is ignored.
[36m(vLLMHttpServer pid=815428)[0m (EngineCore pid=839562) Warning: You are sending unauthenticated requests to the HF Hub. Please set a HF_TOKEN to enable higher rate limits and faster downloads.
[36m(vLLMHttpServer pid=815428)[0m (EngineCore pid=839562) `Qwen2VLImageProcessorFast` is deprecated. The `Fast` suffix for image processors has been removed; use `Qwen2VLImageProcessor` instead.
[36m(vLLMHttpServer pid=815428)[0m `layer_type_validation` is deprecated and will be removed in v5.20. Use `PreTrainedConfig.validate_layer_type` instead
[36m(vLLMHttpServer pid=815428)[0m `layer_type_validation` is deprecated and will be removed in v5.20. Use `PreTrainedConfig.validate_layer_type` instead
[36m(vLLMHttpServer pid=815428)[0m `layer_type_validation` is deprecated and will be removed in v5.20. Use `PreTrainedConfig.validate_layer_type` instead
[36m(vLLMHttpServer pid=815428)[0m (EngineCore pid=839562) The `use_fast` parameter is deprecated and will be removed in a future version. Use `backend="torchvision"` instead of `use_fast=True`, or `backend="pil"` instead of `use_fast=False`.
[36m(vLLMHttpServer pid=815428)[0m The argument `trust_remote_code` is to be used with Auto classes. It has no effect here and is ignored.[32m [repeated 6x across cluster][0m
[36m(vLLMHttpServer pid=815428)[0m `layer_type_validation` is deprecated and will be removed in v5.20. Use `PreTrainedConfig.validate_layer_type` instead[32m [repeated 18x across cluster][0m
[36m(WorkerDict pid=780592)[0m /sfs/weka/scratch/nkw3mr/Vision-OPD-OPSA/verl/utils/device.py:134: FutureWarning: torch.cuda._set_allocator_settings is deprecated. Use torch._C._accelerator_setAllocatorSettings instead.
[36m(WorkerDict pid=780592)[0m   torch.cuda.memory._set_allocator_settings(f"expandable_segments:{enable}")
[36m(TaskRunner pid=767563)[0m wandb: Currently logged in as: nkw3mr (nkw3mr-university-of-virginia) to https://api.wandb.ai. Use `wandb login --relogin` to force relogin
[36m(TaskRunner pid=767563)[0m wandb: Tracking run with wandb version 0.23.1
[36m(TaskRunner pid=767563)[0m wandb: Run data is saved locally in /sfs/weka/scratch/nkw3mr/Vision-OPD-OPSA/wandb/run-20260910_204702-74k2j61w
[36m(TaskRunner pid=767563)[0m wandb: Run `wandb offline` to turn off syncing.
[36m(TaskRunner pid=767563)[0m wandb: Syncing run Aha-floor-Qwen3.5-4B-6karmA
[36m(TaskRunner pid=767563)[0m wandb: ⭐️ View project at https://wandb.ai/nkw3mr-university-of-virginia/Vision-OPD-StateAdaptive
[36m(TaskRunner pid=767563)[0m wandb: 🚀 View run at https://wandb.ai/nkw3mr-university-of-virginia/Vision-OPD-StateAdaptive/runs/74k2j61w
[36m(TaskRunner pid=767563)[0m wandb: Detected [openai] in use.
[36m(TaskRunner pid=767563)[0m wandb: Use W&B Weave for improved LLM call tracing. Install Weave with `pip install weave` then add `import weave` to the top of your script.
[36m(TaskRunner pid=767563)[0m wandb: For more information, check out the docs at: https://weave-docs.wandb.ai/
[36m(WorkerDict pid=780592)[0m /sfs/weka/scratch/nkw3mr/envs/vision-opd/lib/python3.12/site-packages/torch/distributed/fsdp/fully_sharded_data_parallel.py:822: FutureWarning: FSDP.state_dict_type() and FSDP.set_state_dict_type() are being deprecated. Please use APIs, get_state_dict() and set_state_dict(), which can support different parallelisms, FSDP1, FSDP2, DDP. API doc: https://pytorch.org/docs/stable/distributed.checkpoint.html#torch.distributed.checkpoint.state_dict.get_state_dict .Tutorial: https://pytorch.org/tutorials/recipes/distributed_checkpoint_recipe.html .
[36m(WorkerDict pid=780592)[0m   prev_state_dict_settings = FullyShardedDataParallel.set_state_dict_type(
[36m(AgentLoopWorker pid=901656)[0m W0910 20:47:11.197000 901656 site-packages/torch/utils/cpp_extension.py:118] No CUDA runtime is found, using CUDA_HOME='/apps/software/standard/core/cuda/12.8.0'
[36m(vLLMHttpServer pid=815450)[0m The argument `trust_remote_code` is to be used with Auto classes. It has no effect here and is ignored.[32m [repeated 3x across cluster][0m
[36m(vLLMHttpServer pid=815450)[0m `layer_type_validation` is deprecated and will be removed in v5.20. Use `PreTrainedConfig.validate_layer_type` instead[32m [repeated 9x across cluster][0m
[36m(WorkerDict pid=780593)[0m /sfs/weka/scratch/nkw3mr/Vision-OPD-OPSA/verl/utils/device.py:134: FutureWarning: torch.cuda._set_allocator_settings is deprecated. Use torch._C._accelerator_setAllocatorSettings instead.
[36m(WorkerDict pid=780593)[0m   torch.cuda.memory._set_allocator_settings(f"expandable_segments:{enable}")
[36m(WorkerDict pid=780593)[0m /sfs/weka/scratch/nkw3mr/envs/vision-opd/lib/python3.12/site-packages/torch/distributed/fsdp/fully_sharded_data_parallel.py:822: FutureWarning: FSDP.state_dict_type() and FSDP.set_state_dict_type() are being deprecated. Please use APIs, get_state_dict() and set_state_dict(), which can support different parallelisms, FSDP1, FSDP2, DDP. API doc: https://pytorch.org/docs/stable/distributed.checkpoint.html#torch.distributed.checkpoint.state_dict.get_state_dict .Tutorial: https://pytorch.org/tutorials/recipes/distributed_checkpoint_recipe.html .
[36m(WorkerDict pid=780593)[0m   prev_state_dict_settings = FullyShardedDataParallel.set_state_dict_type(
[36m(WorkerDict pid=780592)[0m /sfs/weka/scratch/nkw3mr/envs/vision-opd/lib/python3.12/site-packages/torch/distributed/fsdp/fully_sharded_data_parallel.py:829: FutureWarning: FSDP.state_dict_type() and FSDP.set_state_dict_type() are being deprecated. Please use APIs, get_state_dict() and set_state_dict(), which can support different parallelisms, FSDP1, FSDP2, DDP. API doc: https://pytorch.org/docs/stable/distributed.checkpoint.html#torch.distributed.checkpoint.state_dict.get_state_dict .Tutorial: https://pytorch.org/tutorials/recipes/distributed_checkpoint_recipe.html .
[36m(WorkerDict pid=780592)[0m   FullyShardedDataParallel.set_state_dict_type(
[36m(AgentLoopWorker pid=901662)[0m Warning: You are sending unauthenticated requests to the HF Hub. Please set a HF_TOKEN to enable higher rate limits and faster downloads.
[36m(TaskRunner pid=767563)[0m Training Progress:  50%|█████     | 51/102 [00:00<?, ?it/s]
[36m(AgentLoopWorker pid=901672)[0m W0910 20:47:11.650000 901672 site-packages/torch/utils/cpp_extension.py:118] No CUDA runtime is found, using CUDA_HOME='/apps/software/standard/core/cuda/12.8.0'[32m [repeated 7x across cluster][0m
[36m(WorkerDict pid=780593)[0m /sfs/weka/scratch/nkw3mr/envs/vision-opd/lib/python3.12/site-packages/torch/distributed/fsdp/fully_sharded_data_parallel.py:829: FutureWarning: FSDP.state_dict_type() and FSDP.set_state_dict_type() are being deprecated. Please use APIs, get_state_dict() and set_state_dict(), which can support different parallelisms, FSDP1, FSDP2, DDP. API doc: https://pytorch.org/docs/stable/distributed.checkpoint.html#torch.distributed.checkpoint.state_dict.get_state_dict .Tutorial: https://pytorch.org/tutorials/recipes/distributed_checkpoint_recipe.html .
[36m(WorkerDict pid=780593)[0m   FullyShardedDataParallel.set_state_dict_type(
[36m(AgentLoopWorker pid=901662)[0m Keyword argument `video_metadatas` is not a valid argument for this processor and will be ignored.
[36m(AgentLoopWorker pid=901681)[0m Warning: You are sending unauthenticated requests to the HF Hub. Please set a HF_TOKEN to enable higher rate limits and faster downloads.[32m [repeated 7x across cluster][0m
[36m(TaskRunner pid=767563)[0m Training Progress:  51%|█████     | 52/102 [06:25<5:21:16, 385.53s/it]
[36m(AgentLoopWorker pid=901658)[0m Keyword argument `video_metadatas` is not a valid argument for this processor and will be ignored.[32m [repeated 7x across cluster][0m
[36m(vLLMHttpServer pid=815450)[0m WARNING 09-10 20:45:56 [system_utils.py:152] We must use the `spawn` multiprocessing start method. Overriding VLLM_WORKER_MULTIPROC_METHOD to 'spawn'. See https://docs.vllm.ai/en/latest/usage/troubleshooting.html#python-multiprocessing for more information. Reasons: In a Ray actor and can only be spawned
[36m(vLLMHttpServer pid=815428)[0m WARNING 09-10 20:45:44 [envs.py:1717] Unknown vLLM environment variable detected: VLLM_USE_V1
[36m(vLLMHttpServer pid=815428)[0m WARNING 09-10 20:45:45 [config.py:372] Mamba cache mode is set to 'align' for Qwen3_5ForConditionalGeneration by default when prefix caching is enabled
[36m(vLLMHttpServer pid=815428)[0m WARNING 09-10 20:45:45 [vllm.py:743] Async scheduling will be disabled because it is not supported with the `<class 'verl.workers.rollout.vllm_rollout.vllm_async_server.ExternalZeroMQDistributedExecutor'>` distributed executor backend (only `mp`, `uni`, and `external_launcher` are supported).
[36m(WorkerDict pid=780592)[0m WARNING 09-10 20:46:07 [worker_base.py:287] Missing `shared_worker_lock` argument from executor. This argument is needed for mm_processor_cache_type='shm'.
[36m(vLLMHttpServer pid=815428)[0m WARNING 09-10 20:45:56 [system_utils.py:152] We must use the `spawn` multiprocessing start method. Overriding VLLM_WORKER_MULTIPROC_METHOD to 'spawn'. See https://docs.vllm.ai/en/latest/usage/troubleshooting.html#python-multiprocessing for more information. Reasons: In a Ray actor and can only be spawned
[36m(vLLMHttpServer pid=815450)[0m WARNING 09-10 20:46:51 [api_router.py:30] LoRA dynamic loading & unloading is enabled in the API server. This should ONLY be used for local development!
[36m(WorkerDict pid=780593)[0m WARNING 09-10 20:46:07 [worker_base.py:287] Missing `shared_worker_lock` argument from executor. This argument is needed for mm_processor_cache_type='shm'.
[36m(vLLMHttpServer pid=815428)[0m WARNING 09-10 20:46:51 [model.py:1376] Default vLLM sampling parameters have been overridden by the model's `generation_config.json`: `{'repetition_penalty': 1.0, 'temperature': 1.0, 'top_k': -1, 'top_p': 1, 'max_tokens': 1024}`. If this is not intended, please relaunch vLLM instance with `--generation-config vllm`.
[36m(TaskRunner pid=767563)[0m AgentLoopManager: ['10.250.133.122:34761', '10.250.133.122:42085']
[36m(vLLMHttpServer pid=815428)[0m WARNING 09-10 20:46:51 [api_router.py:30] LoRA dynamic loading & unloading is enabled in the API server. This should ONLY be used for local development!
[36m(vLLMHttpServer pid=815450)[0m WARNING 09-10 20:46:51 [model.py:1376] Default vLLM sampling parameters have been overridden by the model's `generation_config.json`: `{'repetition_penalty': 1.0, 'temperature': 1.0, 'top_k': -1, 'top_p': 1, 'max_tokens': 1024}`. If this is not intended, please relaunch vLLM instance with `--generation-config vllm`.
[36m(TaskRunner pid=767563)[0m Saving tensorboard log to tensorboard_log/Vision-OPD-StateAdaptive/Aha-floor-Qwen3.5-4B-6karmA.
[36m(TaskRunner pid=767563)[0m Found checkpoint: %s /sfs/weka/scratch/nkw3mr/Vision-OPD-OPSA/checkpoints/Aha-floor-Qwen3.5-4B-6karmA/global_step_51
[36m(TaskRunner pid=767563)[0m Load from checkpoint folder: /sfs/weka/scratch/nkw3mr/Vision-OPD-OPSA/checkpoints/Aha-floor-Qwen3.5-4B-6karmA/global_step_51
[36m(TaskRunner pid=767563)[0m Setting global step to 51
[36m(TaskRunner pid=767563)[0m Resuming from /sfs/weka/scratch/nkw3mr/Vision-OPD-OPSA/checkpoints/Aha-floor-Qwen3.5-4B-6karmA/global_step_51
[36m(AgentLoopWorker pid=901649)[0m Using dataset class: RLHFDataset
[36m(TaskRunner pid=767563)[0m Warning: No dataloader state found at /sfs/weka/scratch/nkw3mr/Vision-OPD-OPSA/checkpoints/Aha-floor-Qwen3.5-4B-6karmA/global_step_51/data.pt, will start from scratch
[36m(vLLMHttpServer pid=815450)[0m WARNING 09-10 20:47:24 [input_processor.py:227] Passing raw prompts to InputProcessor is deprecated and will be removed in v0.18. You should instead pass the outputs of Renderer.render_cmpl() or Renderer.render_chat().
[36m(AgentLoopWorker pid=901681)[0m Using dataset class: RLHFDataset[32m [repeated 7x across cluster][0m
[36m(TaskRunner pid=767563)[0m Dumped generations to /sfs/weka/scratch/nkw3mr/Vision-OPD-OPSA/rollouts/Aha-floor-Qwen3.5-4B-6karmA/52.jsonl
[36m(vLLMHttpServer pid=815428)[0m WARNING 09-10 20:47:24 [input_processor.py:227] Passing raw prompts to InputProcessor is deprecated and will be removed in v0.18. You should instead pass the outputs of Renderer.render_cmpl() or Renderer.render_chat().
[36m(TaskRunner pid=767563)[0m step:52 - global_seqlen/min:349465 - global_seqlen/max:349465 - global_seqlen/minmax_diff:0 - global_seqlen/balanced_min:349465 - global_seqlen/balanced_max:349465 - global_seqlen/mean:349465.0 - self_distillation/teacher_always_on_fraction:1.0 - self_distillation/teacher_image_swap_fraction:1.0 - self_distillation/policy_fallback_fraction:0.0 - self_distillation/grpo_fallback_count:0.0 - rollout_corr/rollout_is_mean:1.0 - rollout_corr/rollout_is_ratio_fraction_high:0.0 - rollout_corr/rollout_is_ratio_fraction_low:0.0 - rollout_corr/rollout_is_max:1.0 - rollout_corr/rollout_is_min:1.0 - rollout_corr/rollout_is_std:0.0 - rollout_corr/rollout_is_eff_sample_size:1.0 - rollout_corr/rollout_is_seq_mean:1.0 - rollout_corr/rollout_is_seq_std:0.0 - rollout_corr/rollout_is_seq_max:1.0 - rollout_corr/rollout_is_seq_min:1.0 - rollout_corr/rollout_is_seq_max_deviation:0.0 - rollout_corr/rollout_is_seq_fraction_high:0.0 - rollout_corr/rollout_is_seq_fraction_low:0.0 - rollout_corr/training_ppl:3.072636656463146 - rollout_corr/training_log_ppl:1.0299198596427839 - rollout_corr/kl:0.03467963245293504 - rollout_corr/k3_kl:0.037292137945769355 - rollout_corr/rollout_ppl:2.9646430450181165 - rollout_corr/rollout_log_ppl:0.9952402245253325 - rollout_corr/log_ppl_diff:0.03467963511745135 - rollout_corr/log_ppl_abs_diff:0.038172146305441856 - rollout_corr/log_ppl_diff_max:0.12894290685653687 - rollout_corr/log_ppl_diff_min:-0.11486959457397461 - rollout_corr/ppl_ratio:1.0357740453133981 - rollout_corr/chi2_token:0.1074550561606884 - rollout_corr/chi2_seq:2.981328626473745 - actor/pg_loss:0.1940392701265712 - actor/kl_loss:0.0 - actor/grpo_loss:0.0 - actor/vopd_loss:0.1940392701265712 - actor/vopd_loss_weighted:0.1940392701265712 - actor/policy_fallback_fraction:0.0 - aha/u_mean:-0.568396012900242 - aha/u_neg_valley_frac:0.6239763979489604 - aha/floor_clamped_frac:0.6239763979489604 - aha/q_tail_mass:0.001535195940258897 - aha/argmax_conf:0.8696568012237549 - self_distillation/raw_jsd_token_mean:0.19403927012657127 - self_distillation/weighted_jsd_token_mean:0.19403927012657127 - self_distillation/self_distillation_mask.mean():1.0 - self_distillation/num_distill_tokens:215.94791666666666 - self_distillation/empty_target_batch:0.0 - actor/grad_norm:1.639877438545227 - timing_s/update_actor/student_forward:46.206276374927256 - timing_s/update_actor/teacher_forward:60.87211394315818 - timing_s/update_actor/teacher_full_forward:0.0 - timing_s/update_actor/teacher_null_forward:60.44193054398056 - timing_s/update_actor/loss_compute:0.07768911571474746 - timing_s/update_actor/backward:94.60243002290372 - timing_s/update_actor/optimizer_step:0.131808869948145 - timing_s/update_actor/teacher_ema_update:5.578598938882351e-05 - perf/mfu/actor:0.0 - perf/max_memory_allocated_gb:82.81448268890381 - perf/max_memory_reserved_gb:94.58984375 - perf/cpu_memory_used_gb:289.04736709594727 - actor/lr:2e-06 - training/global_step:52 - training/epoch:1 - response_length/mean:215.9479217529297 - response_length/max:1024.0 - response_length/min:25.0 - response_length/clip_ratio:0.0416666679084301 - response_length_non_aborted/mean:215.9479217529297 - response_length_non_aborted/max:1024.0 - response_length_non_aborted/min:25.0 - response_length_non_aborted/clip_ratio:0.0416666679084301 - response/aborted_ratio:0.0 - prompt_length/mean:3424.3125 - prompt_length/max:5330.0 - prompt_length/min:3158.0 - prompt_length/clip_ratio:0.0 - num_turns/min:2 - num_turns/max:2 - num_turns/mean:2.0 - timing_s/start_profile:8.219300070777535e-05 - timing_s/agent_loop/generate_sequences/min:21.478968420997262 - timing_s/agent_loop/generate_sequences/max:34.3617267300142 - timing_s/agent_loop/generate_sequences/mean:24.669969245070508 - timing_s/agent_loop/tool_calls/min:0.0 - timing_s/agent_loop/tool_calls/max:0.0 - timing_s/agent_loop/tool_calls/mean:0.0 - timing_s/agent_loop/slowest/generate_sequences:34.3617267300142 - timing_s/agent_loop/slowest/tool_calls:0.0 - timing_s/agent_loop/slowest/prompt_length:3444 - timing_s/agent_loop/slowest/response_[36m(TaskRunner pid=767563)[0m Training Progress:  52%|█████▏    | 53/102 [12:39<5:09:21, 378.80s/it]
[36m(TaskRunner pid=767563)[0m Training Progress:  53%|█████▎    | 54/102 [18:45<4:58:26, 373.06s/it]
length:1024 - timing_s/gen:45.97912907402497 - timing_s/adv:26.768394626036752 - timing_s/update_actor:311.72738315700553 - timing_s/dump_rollout_generations:0.06048879201989621 - timing_s/step:384.9319102730369 - timing_s/stop_profile:2.985098399221897e-05 - timing_per_token_ms/adv:0.07659821334335842 - timing_per_token_ms/gen:2.2178924834318154 - timing_per_token_ms/update_actor:0.8920131720115191 - perf/total_num_tokens:349465 - perf/time_per_step:384.9319102730369 - perf/throughput:453.93092995605406
[36m(TaskRunner pid=767563)[0m Dumped generations to /sfs/weka/scratch/nkw3mr/Vision-OPD-OPSA/rollouts/Aha-floor-Qwen3.5-4B-6karmA/53.jsonl
[36m(TaskRunner pid=767563)[0m step:53 - global_seqlen/min:347015 - global_seqlen/max:347015 - global_seqlen/minmax_diff:0 - global_seqlen/balanced_min:347015 - global_seqlen/balanced_max:347015 - global_seqlen/mean:347015.0 - self_distillation/teacher_always_on_fraction:1.0 - self_distillation/teacher_image_swap_fraction:1.0 - self_distillation/policy_fallback_fraction:0.0 - self_distillation/grpo_fallback_count:0.0 - rollout_corr/rollout_is_mean:1.0 - rollout_corr/rollout_is_ratio_fraction_high:0.0 - rollout_corr/rollout_is_ratio_fraction_low:0.0 - rollout_corr/rollout_is_max:1.0 - rollout_corr/rollout_is_min:1.0 - rollout_corr/rollout_is_std:0.0 - rollout_corr/rollout_is_eff_sample_size:1.0 - rollout_corr/rollout_is_seq_mean:1.0 - rollout_corr/rollout_is_seq_std:0.0 - rollout_corr/rollout_is_seq_max:1.0 - rollout_corr/rollout_is_seq_min:1.0 - rollout_corr/rollout_is_seq_max_deviation:0.0 - rollout_corr/rollout_is_seq_fraction_high:0.0 - rollout_corr/rollout_is_seq_fraction_low:0.0 - rollout_corr/training_ppl:3.08097988118728 - rollout_corr/training_log_ppl:1.0352993737906218 - rollout_corr/kl:0.035392472770278495 - rollout_corr/k3_kl:0.033652698213700205 - rollout_corr/rollout_ppl:2.9491714872419834 - rollout_corr/rollout_log_ppl:0.9999069084102908 - rollout_corr/log_ppl_diff:0.03539246538033088 - rollout_corr/log_ppl_abs_diff:0.03631880103300015 - rollout_corr/log_ppl_diff_max:0.11289572715759277 - rollout_corr/log_ppl_diff_min:-0.01721358299255371 - rollout_corr/ppl_ratio:1.036445743093888 - rollout_corr/chi2_token:0.07582716333369414 - rollout_corr/chi2_seq:-0.5036513519783815 - actor/pg_loss:0.18613766289005682 - actor/kl_loss:0.0 - actor/grpo_loss:0.0 - actor/vopd_loss:0.18613766289005682 - actor/vopd_loss_weighted:0.18613766289005682 - actor/policy_fallback_fraction:0.0 - aha/u_mean:-0.5317809100743034 - aha/u_neg_valley_frac:0.6376052151123682 - aha/floor_clamped_frac:0.6376052151123682 - aha/q_tail_mass:0.001289557427071486 - aha/argmax_conf:0.8265224695205688 - self_distillation/raw_jsd_token_mean:0.18613766289005676 - self_distillation/weighted_jsd_token_mean:0.18613766289005676 - self_distillation/self_distillation_mask.mean():1.0 - self_distillation/num_distill_tokens:240.44791666666666 - self_distillation/empty_target_batch:0.0 - actor/grad_norm:2.3849775791168213 - timing_s/update_actor/student_forward:41.02154930791585 - timing_s/update_actor/teacher_forward:59.520612087100744 - timing_s/update_actor/teacher_full_forward:0.0 - timing_s/update_actor/teacher_null_forward:70.88283207901986 - timing_s/update_actor/loss_compute:0.07915490388404578 - timing_s/update_actor/backward:89.34075454290723 - timing_s/update_actor/optimizer_step:0.08561141602694988 - timing_s/update_actor/teacher_ema_update:8.104101289063692e-05 - perf/mfu/actor:0.0 - perf/max_memory_allocated_gb:82.81448268890381 - perf/max_memory_reserved_gb:94.58984375 - perf/cpu_memory_used_gb:335.45952224731445 - actor/lr:2e-06 - training/global_step:53 - training/epoch:1 - response_length/mean:240.4479217529297 - response_length/max:1024.0 - response_length/min:44.0 - response_length/clip_ratio:0.0729166641831398 - response_length_non_aborted/mean:240.4479217529297 - response_length_non_aborted/max:1024.0 - response_length_non_aborted/min:44.0 - response_length_non_aborted/clip_ratio:0.0729166641831398 - response/aborted_ratio:0.0 - prompt_length/mean:3374.291748046875 - prompt_length/max:3971.0 - prompt_length/min:3161.0 - prompt_length/clip_ratio:0.0 - num_turns/min:2 - num_turns/max:2 - num_turns/mean:2.0 - timing_s/start_profile:3.492803080007434e-05 - timing_s/agent_loop/generate_sequences/min:12.67744673800189 - timing_s/agent_loop/generate_sequences/max:27.992061936995015 - timing_s/agent_loop/generate_sequences/mean:17.023092410810325 - timing_s/agent_loop/tool_calls/min:0.0 - timing_s/agent_loop/tool_calls/max:0.0 - timing_s/agent_loop/tool_calls/mean:0.0 - timing_s/agent_loop/slowest/generate_sequences:27.992061936995015 - timing_s/agent_loop/slowest/tool_calls:0.0 - timing_s/agent_loop/slowest/prompt_length:3343 - timing_s/agent_loop/slowest/response_length:1024 - timing_s/gen:39.72464636096265 - timing_s/adv:26.35079953703098 - timing_s/update_actor:307.65076883800793 - timing_s/dump_rollout_generations:0.05769877997227013 - timing_s/step:373.80731433298206 - timing_s/stop_profile:3.260502126067877e-05 - timing_per_token_ms/adv:0.07593562104528905 - timing_per_token_ms/gen:1.720948159293101 - timing_per_token_ms/update_actor:0.8865633152399981 - perf/total_num_tokens:347015 - perf/time_per_step:373.80731433298206 - perf/throughput:464.16293461139196
[36m(TaskRunner pid=767563)[0m Dumped generations to /sfs/weka/scratch/nkw3mr/Vision-OPD-OPSA/rollouts/Aha-floor-Qwen3.5-4B-6karmA/54.jsonl
[36m(TaskRunner pid=767563)[0m step:54 - global_seqlen/min:342957 - global_seqlen/max:342957 - global_seqlen/minmax_diff:0 - global_seqlen/balanced_min:342957 - global_seqlen/balanced_max:342957 - global_seqlen/mean:342957.0 - self_distillation/teacher_always_on_fraction:1.0 - self_distillation/teacher_image_swap_fraction:1.0 - self_distillation/policy_fallback_fraction:0.0 - self_distillation/grpo_fallback_count:0.0 - rollout_corr/rollout_is_mean:1.0 - rollout_corr/rollout_is_ratio_fraction_high:0.0 - rollout_corr/rollout_is_ratio_fraction_low:0.0 - rollout_corr/rollout_is_max:1.0 - rollout_corr/rollout_is_min:1.0 - rollout_corr/rollout_is_std:0.0 - rollout_corr/rollout_is_eff_sample_size:1.0 - rollout_corr/rollout_is_seq_mean:1.0 - rollout_corr/rollout_is_seq_std:0.0 - rollout_corr/rollout_is_seq_max:1.0 - rollout_corr/rollout_is_seq_min:1.0 - rollout_corr/rollout_is_seq_max_deviation:0.0 - rollout_corr/rollout_is_seq_fraction_high:0.0 - rollout_corr/rollout_is_seq_fraction_low:0.0 - rollout_corr/training_ppl:2.7828928095599017 - rollout_corr/training_log_ppl:0.9480315598969659 - rollout_corr/kl:0.03185923911397973 - rollout_corr/k3_kl:0.033978566682587065 - rollout_corr/rollout_ppl:2.687540346135696 - rollout_corr/rollout_log_ppl:0.916172309157749 - rollout_corr/log_ppl_diff:0.031859250739216805 - rollout_corr/log_ppl_abs_diff:0.03517939647038778 - rollout_corr/log_ppl_diff_max:0.13230931758880615 - rollout_corr/log_ppl_diff_min:-0.04695707559585571 - rollout_corr/ppl_ratio:1.032790819182992 - rollout_corr/chi2_token:0.08665300036470096 - rollout_corr/chi2_seq:230.8438199342539 - actor/pg_loss:0.19554011748793224 - actor/kl_loss:0.0 - actor/grpo_loss:0.0 - actor/vopd_loss:0.19554011748793224 - actor/vopd_loss_weighted:0.19554011748793224 - actor/policy_fallback_fraction:0.0 - aha/u_mean:-0.6119684535078704 - aha/u_neg_valley_frac:0.6479974885781606 - aha/floor_clamped_frac:0.6479974885781606 - aha/q_tail_mass:0.0011982177489736994 - aha/argmax_conf:0.8900827169418335 - self_distillation/raw_jsd_token_mean:0.19554011748793224 - self_distillation/weighted_jsd_token_mean:0.19554011748793224 - self_distillation/self_distillation_mask.mean():1.0 - self_distillation/num_distill_tokens:192.17708333333334 - self_distillation/empty_target_batch:0.0 - actor/grad_norm:2.7494871616363525 - timing_s/update_actor/student_forward:41.237448266125284 - timing_s/update_actor/teacher_forward:62.73354547703639 - timing_s/update_actor/teacher_full_forward:0.0 - timing_s/update_actor/teacher_null_forward:67.01779270765837 - timing_s/update_actor/loss_compute:0.07439000910380855 - timing_s/update_actor/backward:86.88831422530347 - timing_s/update_actor/optimizer_step:0.08625320601277053 - timing_s/update_actor/teacher_ema_update:5.395401967689395e-05 - perf/mfu/actor:0.0 - perf/max_memory_allocated_gb:82.81448268890381 - perf/max_memory_reserved_gb:94.58984375 - perf/cpu_memory_used_gb:333.7801170349121 - actor/lr:2e-06 - training/global_step:54 - training/epoch:1 - response_length/mean:192.1770782470703 - response_length/max:1024.0 - response_length/min:52.0 - response_length/clip_ratio:0.02083333395421505 - response_length_non_aborted/mean:192.1770782470703 - response_length_non_aborted/max:1024.0 - response_length_non_aborted/min:52.0 - response_length_non_aborted/clip_ratio:0.02083333395421505 - response/aborted_ratio:0.0 - prompt_length/mean:3380.291748046875 - prompt_length/max:3959.0 - prompt_length/min:3158.0 - prompt_length/clip_ratio:0.0 - num_turns/min:2 - num_turns/max:2 - num_turns/mean:2.0 - timing_s/start_profile:4.1646999306976795e-05 - timing_s/agent_loop/generate_sequences/min:13.14482920896262 - timing_s/agent_loop/generate_sequences/max:27.69106257898966 - timing_s/agent_loop/generate_sequences/mean:16.54116563973427 - timing_s/agent_loop/tool_calls/min:0.0 - timing_s/agent_loop/tool_calls/max:0.0 - timing_s/agent_loop/tool_calls/mean:0.0 - timing_s/agent_loop/slowest/generate_sequences:27.69106257898966 - timing_s/agent_loop/slowest/tool_calls:0.0 - timing_s/agent_loop/slowest/prompt_length:3350 - timing_s/agent_loop/[36m(TaskRunner pid=767563)[0m Training Progress:  54%|█████▍    | 55/102 [25:14<4:57:12, 379.41s/it]
[36m(WorkerDict pid=780592)[0m /sfs/weka/scratch/nkw3mr/Vision-OPD-OPSA/verl/utils/device.py:134: FutureWarning: torch.cuda._set_allocator_settings is deprecated. Use torch._C._accelerator_setAllocatorSettings instead.
[36m(WorkerDict pid=780592)[0m   torch.cuda.memory._set_allocator_settings(f"expandable_segments:{enable}")
[36m(TaskRunner pid=767563)[0m Training Progress:  55%|█████▍    | 56/102 [31:39<4:52:19, 381.30s/it]
[36m(WorkerDict pid=780593)[0m /sfs/weka/scratch/nkw3mr/Vision-OPD-OPSA/verl/utils/device.py:134: FutureWarning: torch.cuda._set_allocator_settings is deprecated. Use torch._C._accelerator_setAllocatorSettings instead.
[36m(WorkerDict pid=780593)[0m   torch.cuda.memory._set_allocator_settings(f"expandable_segments:{enable}")
slowest/response_length:1024 - timing_s/gen:39.07102649199078 - timing_s/adv:26.40280481002992 - timing_s/update_actor:300.30790198402246 - timing_s/dump_rollout_generations:0.0590828990098089 - timing_s/step:365.86369262298103 - timing_s/stop_profile:2.4293025489896536e-05 - timing_per_token_ms/adv:0.07698575859373018 - timing_per_token_ms/gen:2.1177855977012725 - timing_per_token_ms/update_actor:0.8756430164248651 - perf/total_num_tokens:342957 - perf/time_per_step:365.86369262298103 - perf/throughput:468.6950453340198
[36m(TaskRunner pid=767563)[0m Dumped generations to /sfs/weka/scratch/nkw3mr/Vision-OPD-OPSA/rollouts/Aha-floor-Qwen3.5-4B-6karmA/55.jsonl
[36m(TaskRunner pid=767563)[0m local_global_step_folder: /sfs/weka/scratch/nkw3mr/Vision-OPD-OPSA/checkpoints/Aha-floor-Qwen3.5-4B-6karmA/global_step_55
[36m(TaskRunner pid=767563)[0m step:55 - global_seqlen/min:338332 - global_seqlen/max:338332 - global_seqlen/minmax_diff:0 - global_seqlen/balanced_min:338332 - global_seqlen/balanced_max:338332 - global_seqlen/mean:338332.0 - self_distillation/teacher_always_on_fraction:1.0 - self_distillation/teacher_image_swap_fraction:1.0 - self_distillation/policy_fallback_fraction:0.0 - self_distillation/grpo_fallback_count:0.0 - rollout_corr/rollout_is_mean:1.0 - rollout_corr/rollout_is_ratio_fraction_high:0.0 - rollout_corr/rollout_is_ratio_fraction_low:0.0 - rollout_corr/rollout_is_max:1.0 - rollout_corr/rollout_is_min:1.0 - rollout_corr/rollout_is_std:0.0 - rollout_corr/rollout_is_eff_sample_size:1.0 - rollout_corr/rollout_is_seq_mean:1.0 - rollout_corr/rollout_is_seq_std:0.0 - rollout_corr/rollout_is_seq_max:1.0 - rollout_corr/rollout_is_seq_min:1.0 - rollout_corr/rollout_is_seq_max_deviation:0.0 - rollout_corr/rollout_is_seq_fraction_high:0.0 - rollout_corr/rollout_is_seq_fraction_low:0.0 - rollout_corr/training_ppl:2.6478293227652707 - rollout_corr/training_log_ppl:0.9284251425415277 - rollout_corr/kl:0.03913990730264535 - rollout_corr/k3_kl:0.03472702198390228 - rollout_corr/rollout_ppl:2.540790685762962 - rollout_corr/rollout_log_ppl:0.8892852291464806 - rollout_corr/log_ppl_diff:0.03913991339504719 - rollout_corr/log_ppl_abs_diff:0.04098184717198213 - rollout_corr/log_ppl_diff_max:0.21691632270812988 - rollout_corr/log_ppl_diff_min:-0.02948176860809326 - rollout_corr/ppl_ratio:1.0406356838842232 - rollout_corr/chi2_token:0.07321443346639474 - rollout_corr/chi2_seq:3.3614776165535054 - actor/pg_loss:0.1884550691271821 - actor/kl_loss:0.0 - actor/grpo_loss:0.0 - actor/vopd_loss:0.1884550691271821 - actor/vopd_loss_weighted:0.1884550691271821 - actor/policy_fallback_fraction:0.0 - aha/u_mean:-0.8031085483186567 - aha/u_neg_valley_frac:0.6834446794042984 - aha/floor_clamped_frac:0.6834446794042984 - aha/q_tail_mass:0.0015265589587002044 - aha/argmax_conf:0.8549380302429199 - self_distillation/raw_jsd_token_mean:0.18845506912718216 - self_distillation/weighted_jsd_token_mean:0.18845506912718216 - self_distillation/self_distillation_mask.mean():1.0 - self_distillation/num_distill_tokens:141.70833333333334 - self_distillation/empty_target_batch:0.0 - actor/grad_norm:1.755814552307129 - timing_s/update_actor/student_forward:45.05964863603003 - timing_s/update_actor/teacher_forward:67.77281319175381 - timing_s/update_actor/teacher_full_forward:0.0 - timing_s/update_actor/teacher_null_forward:61.142051413073204 - timing_s/update_actor/loss_compute:0.07440350309479982 - timing_s/update_actor/backward:92.14754872513004 - timing_s/update_actor/optimizer_step:0.08618956903228536 - timing_s/update_actor/teacher_ema_update:7.964001270011067e-05 - perf/mfu/actor:0.0 - perf/max_memory_allocated_gb:82.81448268890381 - perf/max_memory_reserved_gb:94.58984375 - perf/cpu_memory_used_gb:333.9367866516113 - actor/lr:2e-06 - training/global_step:55 - training/epoch:1 - response_length/mean:141.7083282470703 - response_length/max:1024.0 - response_length/min:4.0 - response_length/clip_ratio:0.010416666977107525 - response_length_non_aborted/mean:141.7083282470703 - response_length_non_aborted/max:1024.0 - response_length_non_aborted/min:4.0 - response_length_non_aborted/clip_ratio:0.010416666977107525 - response/aborted_ratio:0.0 - prompt_length/mean:3382.583251953125 - prompt_length/max:3963.0 - prompt_length/min:3207.0 - prompt_length/clip_ratio:0.0 - num_turns/min:2 - num_turns/max:2 - num_turns/mean:2.0 - timing_s/start_profile:3.829301567748189e-05 - timing_s/agent_loop/generate_sequences/min:8.579065644007642 - timing_s/agent_loop/generate_sequences/max:23.61020042200107 - timing_s/agent_loop/generate_sequences/mean:16.22977333320341 - timing_s/agent_loop/tool_calls/min:0.0 - timing_s/agent_loop/tool_calls/max:0.0 - timing_s/agent_loop/tool_calls/mean:0.0 - timing_s/agent_loop/slowest/generate_sequences:23.61020042200107 - timing_s/agent_loop/slowest/tool_calls:0.0 - timing_s/agent_loop/slowest/prompt_length:3961 - timing_s/agent_loop/slowest/response_length:1024 - timing_s/gen:38.809818984009326 - timing_s/adv:20.960426201985683 - timing_s/update_actor:306.2744528669864 - timing_s/dump_rollout_generations:0.05600139201851562 - timing_s/step:366.12612045300193 - timing_s/save_checkpoint:22.662262330995873 - timing_s/stop_profile:3.0210998374968767e-05 - timing_per_token_ms/adv:0.06195224277332822 - timing_per_token_ms/gen:2.8528240946787213 - timing_per_token_ms/update_actor:0.9052482557576179 - perf/total_num_tokens:338332 - perf/time_per_step:366.12612045300193 - perf/throughput:462.04296975778084
[36m(TaskRunner pid=767563)[0m Dumped generations to /sfs/weka/scratch/nkw3mr/Vision-OPD-OPSA/rollouts/Aha-floor-Qwen3.5-4B-6karmA/56.jsonl
[36m(TaskRunner pid=767563)[0m step:56 - global_seqlen/min:352480 - global_seqlen/max:352480 - global_seqlen/minmax_diff:0 - global_seqlen/balanced_min:352480 - global_seqlen/balanced_max:352480 - global_seqlen/mean:352480.0 - self_distillation/teacher_always_on_fraction:1.0 - self_distillation/teacher_image_swap_fraction:1.0 - self_distillation/policy_fallback_fraction:0.0 - self_distillation/grpo_fallback_count:0.0 - rollout_corr/rollout_is_mean:1.0 - rollout_corr/rollout_is_ratio_fraction_high:0.0 - rollout_corr/rollout_is_ratio_fraction_low:0.0 - rollout_corr/rollout_is_max:1.0 - rollout_corr/rollout_is_min:1.0 - rollout_corr/rollout_is_std:0.0 - rollout_corr/rollout_is_eff_sample_size:1.0 - rollout_corr/rollout_is_seq_mean:1.0 - rollout_corr/rollout_is_seq_std:0.0 - rollout_corr/rollout_is_seq_max:1.0 - rollout_corr/rollout_is_seq_min:1.0 - rollout_corr/rollout_is_seq_max_deviation:0.0 - rollout_corr/rollout_is_seq_fraction_high:0.0 - rollout_corr/rollout_is_seq_fraction_low:0.0 - rollout_corr/training_ppl:2.779414676129818 - rollout_corr/training_log_ppl:0.9329864125077924 - rollout_corr/kl:0.030048597879310062 - rollout_corr/k3_kl:0.03649753865708286 - rollout_corr/rollout_ppl:2.7044977669914565 - rollout_corr/rollout_log_ppl:0.902937819249928 - rollout_corr/log_ppl_diff:0.030048593257864315 - rollout_corr/log_ppl_abs_diff:0.03266185956696669 - rollout_corr/log_ppl_diff_max:0.1484205722808838 - rollout_corr/log_ppl_diff_min:-0.0826188325881958 - rollout_corr/ppl_ratio:1.030926048134764 - rollout_corr/chi2_token:0.21383370459079742 - rollout_corr/chi2_seq:24.000463866939146 - actor/pg_loss:0.17928514641243964 - actor/kl_loss:0.0 - actor/grpo_loss:0.0 - actor/vopd_loss:0.17928514641243964 - actor/vopd_loss_weighted:0.17928514641243964 - actor/policy_fallback_fraction:0.0 - aha/u_mean:-0.6134616709702337 - aha/u_neg_valley_frac:0.6469354750588536 - aha/floor_clamped_frac:0.6469354750588536 - aha/q_tail_mass:0.001821309255452282 - aha/argmax_conf:0.8929333090782166 - self_distillation/raw_jsd_token_mean:0.17928514641243964 - self_distillation/weighted_jsd_token_mean:0.17928514641243964 - self_distillation/self_distillation_mask.mean():1.0 - self_distillation/num_distill_tokens:216.47916666666666 - self_distillation/empty_target_batch:0.0 - actor/grad_norm:1.6934995651245117 - timing_s/update_actor/student_forward:42.6119812122779 - timing_s/update_actor/teacher_forward:61.788085078937 - timing_s/update_actor/teacher_full_forward:0.0 - timing_s/update_actor/teacher_null_forward:73.82246387016494 - timing_s/update_actor/loss_compute:0.08547731209546328 - timing_s/update_actor/backward:90.74019892013166 - timing_s/update_actor/optimizer_step:0.0856601030100137 - timing_s/update_actor/teacher_ema_update:6.290600867941976e-05 - perf/mfu/actor:0.0 - perf/max_memory_allocated_gb:83.68211078643799 - perf/max_memory_reserved_gb:96.1796875 - perf/cpu_memory_used_gb:338.2578773498535 - actor/lr:2e-06 - training/global_step:56 - training/epoch:1 - response_length/mean:216.4791717529297 - response_length/max:1024.0 - response_length/min:47.0 - response_length/clip_ratio:0.03125 - response_length_non_aborted/mean:216.4791717529297 - response_length_non_aborted/max:1024.0 - response_length_non_aborted/min:47.0 - response_length_non_aborted/clip_ratio:0.03125 - response/aborted_ratio:0.0 - prompt_length/mean:3455.1875 - prompt_length/max:5649.0 - prompt_length/min:3255.0 - prompt_length/clip_ratio:0.0 - num_turns/min:2 - num_turns/max:2 - num_turns/mean:2.0 - timing_s/start_profile:2.5225046556442976e-05 - timing_s/agent_loop/generate_sequences/min:12.710515760991257 - timing_s/agent_loop/generate_sequences/max:28.88430699001765 - timing_s/agent_loop/generate_sequences/mean:16.87542740406146 - timing_s/agent_loop/tool_calls/min:0.0 - timing_s/agent_loop/tool_calls/max:0.0 - timing_s/agent_loop/tool_calls/mean:0.0 - timing_s/agent_loop/slowest/generate_sequences:28.88430699001765 - timing_s/agent_loop/slowest/tool_calls:0.0 - timing_s/agent_loop/slowest/prompt_length:3352 - timing_s/agent_loop/slowest/response_length:1024 - timing_s[36m(TaskRunner pid=767563)[0m Training Progress:  56%|█████▌    | 57/102 [38:00<4:45:53, 381.20s/it]
[36m(TaskRunner pid=767563)[0m Training Progress:  57%|█████▋    | 58/102 [44:03<4:35:04, 375.09s/it]
/gen:39.54700853198301 - timing_s/adv:23.69995054299943 - timing_s/update_actor:320.94735469296575 - timing_s/dump_rollout_generations:0.0560286000254564 - timing_s/step:384.2842726659728 - timing_s/stop_profile:3.0682014767080545e-05 - timing_per_token_ms/adv:0.06723771715558169 - timing_per_token_ms/gen:1.902945266672265 - timing_per_token_ms/update_actor:0.9105406113622496 - perf/total_num_tokens:352480 - perf/time_per_step:384.2842726659728 - perf/throughput:458.61882084669946
[36m(TaskRunner pid=767563)[0m Dumped generations to /sfs/weka/scratch/nkw3mr/Vision-OPD-OPSA/rollouts/Aha-floor-Qwen3.5-4B-6karmA/57.jsonl
[36m(TaskRunner pid=767563)[0m step:57 - global_seqlen/min:346762 - global_seqlen/max:346762 - global_seqlen/minmax_diff:0 - global_seqlen/balanced_min:346762 - global_seqlen/balanced_max:346762 - global_seqlen/mean:346762.0 - self_distillation/teacher_always_on_fraction:1.0 - self_distillation/teacher_image_swap_fraction:1.0 - self_distillation/policy_fallback_fraction:0.0 - self_distillation/grpo_fallback_count:0.0 - rollout_corr/rollout_is_mean:1.0 - rollout_corr/rollout_is_ratio_fraction_high:0.0 - rollout_corr/rollout_is_ratio_fraction_low:0.0 - rollout_corr/rollout_is_max:1.0 - rollout_corr/rollout_is_min:1.0 - rollout_corr/rollout_is_std:0.0 - rollout_corr/rollout_is_eff_sample_size:1.0 - rollout_corr/rollout_is_seq_mean:1.0 - rollout_corr/rollout_is_seq_std:0.0 - rollout_corr/rollout_is_seq_max:1.0 - rollout_corr/rollout_is_seq_min:1.0 - rollout_corr/rollout_is_seq_max_deviation:0.0 - rollout_corr/rollout_is_seq_fraction_high:0.0 - rollout_corr/rollout_is_seq_fraction_low:0.0 - rollout_corr/training_ppl:2.4289584308862686 - rollout_corr/training_log_ppl:0.8538545643289884 - rollout_corr/kl:0.040281753428037824 - rollout_corr/k3_kl:0.03588020538639588 - rollout_corr/rollout_ppl:2.3293552907804647 - rollout_corr/rollout_log_ppl:0.8135728106523553 - rollout_corr/log_ppl_diff:0.04028175367663304 - rollout_corr/log_ppl_abs_diff:0.04177633269379536 - rollout_corr/log_ppl_diff_max:0.11816668510437012 - rollout_corr/log_ppl_diff_min:-0.0433887243270874 - rollout_corr/ppl_ratio:1.0415088217705488 - rollout_corr/chi2_token:0.133703900501132 - rollout_corr/chi2_seq:1.5522650784502428 - actor/pg_loss:0.18347694538533688 - actor/kl_loss:0.0 - actor/grpo_loss:0.0 - actor/vopd_loss:0.18347694538533688 - actor/vopd_loss_weighted:0.18347694538533688 - actor/policy_fallback_fraction:0.0 - aha/u_mean:-0.7309929793094246 - aha/u_neg_valley_frac:0.678056761311988 - aha/floor_clamped_frac:0.678056761311988 - aha/q_tail_mass:0.001339347714917949 - aha/argmax_conf:0.885637104511261 - self_distillation/raw_jsd_token_mean:0.18347694538533688 - self_distillation/weighted_jsd_token_mean:0.18347694538533688 - self_distillation/self_distillation_mask.mean():1.0 - self_distillation/num_distill_tokens:198.91666666666666 - self_distillation/empty_target_batch:0.0 - actor/grad_norm:2.0343146324157715 - timing_s/update_actor/student_forward:44.18734040961135 - timing_s/update_actor/teacher_forward:65.42294244724326 - timing_s/update_actor/teacher_full_forward:0.0 - timing_s/update_actor/teacher_null_forward:68.09111854917137 - timing_s/update_actor/loss_compute:0.09152100799838081 - timing_s/update_actor/backward:89.61643491318682 - timing_s/update_actor/optimizer_step:0.0855582520016469 - timing_s/update_actor/teacher_ema_update:7.770699448883533e-05 - perf/mfu/actor:0.0 - perf/max_memory_allocated_gb:83.68211078643799 - perf/max_memory_reserved_gb:96.1796875 - perf/cpu_memory_used_gb:336.74584579467773 - actor/lr:2e-06 - training/global_step:57 - training/epoch:1 - response_length/mean:198.9166717529297 - response_length/max:1024.0 - response_length/min:45.0 - response_length/clip_ratio:0.0416666679084301 - response_length_non_aborted/mean:198.9166717529297 - response_length_non_aborted/max:1024.0 - response_length_non_aborted/min:45.0 - response_length_non_aborted/clip_ratio:0.0416666679084301 - response/aborted_ratio:0.0 - prompt_length/mean:3413.1875 - prompt_length/max:4014.0 - prompt_length/min:3113.0 - prompt_length/clip_ratio:0.0 - num_turns/min:2 - num_turns/max:2 - num_turns/mean:2.0 - timing_s/start_profile:4.263897426426411e-05 - timing_s/agent_loop/generate_sequences/min:11.60163275996456 - timing_s/agent_loop/generate_sequences/max:25.71740993199637 - timing_s/agent_loop/generate_sequences/mean:15.905469696547394 - timing_s/agent_loop/tool_calls/min:0.0 - timing_s/agent_loop/tool_calls/max:0.0 - timing_s/agent_loop/tool_calls/mean:0.0 - timing_s/agent_loop/slowest/generate_sequences:25.71740993199637 - timing_s/agent_loop/slowest/tool_calls:0.0 - timing_s/agent_loop/slowest/prompt_length:3350 - timing_s/agent_loop/slowest/response_length:1024 - timing_s/gen:38.46326796000358 - timing_s/adv:29.289698983018752 - timing_s/update_actor:312.80465451302007 - timing_s/dump_rollout_generations:0.05977082502795383 - timing_s/step:380.64188076002756 - timing_s/stop_profile:3.0522001907229424e-05 - timing_per_token_ms/adv:0.08446628806795078 - timing_per_token_ms/gen:2.0142054859658347 - timing_per_token_ms/update_actor:0.9020730486991656 - perf/total_num_tokens:346762 - perf/time_per_step:380.64188076002756 - perf/throughput:455.49638325086613
[36m(TaskRunner pid=767563)[0m Dumped generations to /sfs/weka/scratch/nkw3mr/Vision-OPD-OPSA/rollouts/Aha-floor-Qwen3.5-4B-6karmA/58.jsonl
[36m(TaskRunner pid=767563)[0m step:58 - global_seqlen/min:344199 - global_seqlen/max:344199 - global_seqlen/minmax_diff:0 - global_seqlen/balanced_min:344199 - global_seqlen/balanced_max:344199 - global_seqlen/mean:344199.0 - self_distillation/teacher_always_on_fraction:1.0 - self_distillation/teacher_image_swap_fraction:1.0 - self_distillation/policy_fallback_fraction:0.0 - self_distillation/grpo_fallback_count:0.0 - rollout_corr/rollout_is_mean:1.0 - rollout_corr/rollout_is_ratio_fraction_high:0.0 - rollout_corr/rollout_is_ratio_fraction_low:0.0 - rollout_corr/rollout_is_max:1.0 - rollout_corr/rollout_is_min:1.0 - rollout_corr/rollout_is_std:0.0 - rollout_corr/rollout_is_eff_sample_size:1.0 - rollout_corr/rollout_is_seq_mean:1.0 - rollout_corr/rollout_is_seq_std:0.0 - rollout_corr/rollout_is_seq_max:1.0 - rollout_corr/rollout_is_seq_min:1.0 - rollout_corr/rollout_is_seq_max_deviation:0.0 - rollout_corr/rollout_is_seq_fraction_high:0.0 - rollout_corr/rollout_is_seq_fraction_low:0.0 - rollout_corr/training_ppl:2.7694774021704993 - rollout_corr/training_log_ppl:0.9456864548847079 - rollout_corr/kl:0.03380537972356971 - rollout_corr/k3_kl:0.03683075079607079 - rollout_corr/rollout_ppl:2.66742746780316 - rollout_corr/rollout_log_ppl:0.9118810718258222 - rollout_corr/log_ppl_diff:0.03380538305888573 - rollout_corr/log_ppl_abs_diff:0.036580366703371205 - rollout_corr/log_ppl_diff_max:0.12634575366973877 - rollout_corr/log_ppl_diff_min:-0.032363712787628174 - rollout_corr/ppl_ratio:1.0348942360530298 - rollout_corr/chi2_token:0.13474767717222372 - rollout_corr/chi2_seq:12.422708117713531 - actor/pg_loss:0.19171059123861287 - actor/kl_loss:0.0 - actor/grpo_loss:0.0 - actor/vopd_loss:0.19171059123861287 - actor/vopd_loss_weighted:0.19171059123861287 - actor/policy_fallback_fraction:0.0 - aha/u_mean:-0.7613410488799369 - aha/u_neg_valley_frac:0.6712771120170752 - aha/floor_clamped_frac:0.6712771120170752 - aha/q_tail_mass:0.0010930227677548032 - aha/argmax_conf:0.925649881362915 - self_distillation/raw_jsd_token_mean:0.19171059123861292 - self_distillation/weighted_jsd_token_mean:0.19171059123861292 - self_distillation/self_distillation_mask.mean():1.0 - self_distillation/num_distill_tokens:198.42708333333334 - self_distillation/empty_target_batch:0.0 - actor/grad_norm:2.749783515930176 - timing_s/update_actor/student_forward:46.05370109988144 - timing_s/update_actor/teacher_forward:68.44069586799014 - timing_s/update_actor/teacher_full_forward:0.0 - timing_s/update_actor/teacher_null_forward:58.18236746377079 - timing_s/update_actor/loss_compute:0.08461994642857462 - timing_s/update_actor/backward:86.5846497489838 - timing_s/update_actor/optimizer_step:0.08574530901387334 - timing_s/update_actor/teacher_ema_update:6.718200165778399e-05 - perf/mfu/actor:0.0 - perf/max_memory_allocated_gb:83.68211078643799 - perf/max_memory_reserved_gb:96.1796875 - perf/cpu_memory_used_gb:336.7653007507324 - actor/lr:2e-06 - training/global_step:58 - training/epoch:1 - response_length/mean:198.4270782470703 - response_length/max:1024.0 - response_length/min:4.0 - response_length/clip_ratio:0.03125 - response_length_non_aborted/mean:198.4270782470703 - response_length_non_aborted/max:1024.0 - response_length_non_aborted/min:4.0 - response_length_non_aborted/clip_ratio:0.03125 - response/aborted_ratio:0.0 - prompt_length/mean:3386.979248046875 - prompt_length/max:3960.0 - prompt_length/min:3160.0 - prompt_length/clip_ratio:0.0 - num_turns/min:2 - num_turns/max:2 - num_turns/mean:2.0 - timing_s/start_profile:3.554800059646368e-05 - timing_s/agent_loop/generate_sequences/min:10.156617834989447 - timing_s/agent_loop/generate_sequences/max:25.241547306999564 - timing_s/agent_loop/generate_sequences/mean:15.925933850097257 - timing_s/agent_loop/tool_calls/min:0.0 - timing_s/agent_loop/tool_calls/max:0.0 - timing_s/agent_loop/tool_calls/mean:0.0 - timing_s/agent_loop/slowest/generate_sequences:25.241547306999564 - timing_s/agent_loop/slowest/tool_calls:0.0 - timing_s/agent_loop/slowest/prompt_length:3346 - timing_s/agent_loop/slowest/response_length:10[36m(TaskRunner pid=767563)[0m Training Progress:  58%|█████▊    | 59/102 [50:16<4:28:29, 374.63s/it]
[36m(TaskRunner pid=767563)[0m Training Progress:  59%|█████▉    | 60/102 [56:47<4:25:42, 379.59s/it]
24 - timing_s/gen:38.77003523003077 - timing_s/adv:20.09243671700824 - timing_s/update_actor:303.2122146350448 - timing_s/dump_rollout_generations:0.05735096597345546 - timing_s/step:362.15882597799646 - timing_s/stop_profile:2.4404027499258518e-05 - timing_per_token_ms/adv:0.058374477314019624 - timing_per_token_ms/gen:2.035279291827958 - timing_per_token_ms/update_actor:0.8809212537951732 - perf/total_num_tokens:344199 - perf/time_per_step:362.15882597799646 - perf/throughput:475.20448945363046
[36m(TaskRunner pid=767563)[0m Dumped generations to /sfs/weka/scratch/nkw3mr/Vision-OPD-OPSA/rollouts/Aha-floor-Qwen3.5-4B-6karmA/59.jsonl
[36m(TaskRunner pid=767563)[0m step:59 - global_seqlen/min:344071 - global_seqlen/max:344071 - global_seqlen/minmax_diff:0 - global_seqlen/balanced_min:344071 - global_seqlen/balanced_max:344071 - global_seqlen/mean:344071.0 - self_distillation/teacher_always_on_fraction:1.0 - self_distillation/teacher_image_swap_fraction:1.0 - self_distillation/policy_fallback_fraction:0.0 - self_distillation/grpo_fallback_count:0.0 - rollout_corr/rollout_is_mean:1.0 - rollout_corr/rollout_is_ratio_fraction_high:0.0 - rollout_corr/rollout_is_ratio_fraction_low:0.0 - rollout_corr/rollout_is_max:1.0 - rollout_corr/rollout_is_min:1.0 - rollout_corr/rollout_is_std:0.0 - rollout_corr/rollout_is_eff_sample_size:1.0 - rollout_corr/rollout_is_seq_mean:1.0 - rollout_corr/rollout_is_seq_std:0.0 - rollout_corr/rollout_is_seq_max:1.0 - rollout_corr/rollout_is_seq_min:1.0 - rollout_corr/rollout_is_seq_max_deviation:0.0 - rollout_corr/rollout_is_seq_fraction_high:0.0 - rollout_corr/rollout_is_seq_fraction_low:0.0 - rollout_corr/training_ppl:3.1224198266863823 - rollout_corr/training_log_ppl:0.9836533373842636 - rollout_corr/kl:0.04056143899254039 - rollout_corr/k3_kl:0.0380081188341137 - rollout_corr/rollout_ppl:2.969193272292614 - rollout_corr/rollout_log_ppl:0.9430918944999576 - rollout_corr/log_ppl_diff:0.04056144288430611 - rollout_corr/log_ppl_abs_diff:0.042626325972378254 - rollout_corr/log_ppl_diff_max:0.34543323516845703 - rollout_corr/log_ppl_diff_min:-0.04068470001220703 - rollout_corr/ppl_ratio:1.0426141836990912 - rollout_corr/chi2_token:0.07853127705554168 - rollout_corr/chi2_seq:0.6242301066716512 - actor/pg_loss:0.18765135140468678 - actor/kl_loss:0.0 - actor/grpo_loss:0.0 - actor/vopd_loss:0.18765135140468678 - actor/vopd_loss_weighted:0.18765135140468678 - actor/policy_fallback_fraction:0.0 - aha/u_mean:-0.5531113858851313 - aha/u_neg_valley_frac:0.6293694029251734 - aha/floor_clamped_frac:0.6293694029251734 - aha/q_tail_mass:0.00108711674257241 - aha/argmax_conf:0.8890063762664795 - self_distillation/raw_jsd_token_mean:0.18765135140468678 - self_distillation/weighted_jsd_token_mean:0.18765135140468678 - self_distillation/self_distillation_mask.mean():1.0 - self_distillation/num_distill_tokens:188.03125 - self_distillation/empty_target_batch:0.0 - actor/grad_norm:1.5220814943313599 - timing_s/update_actor/student_forward:48.009304959792644 - timing_s/update_actor/teacher_forward:72.41127749317093 - timing_s/update_actor/teacher_full_forward:0.0 - timing_s/update_actor/teacher_null_forward:57.01609774399549 - timing_s/update_actor/loss_compute:0.07386329100700095 - timing_s/update_actor/backward:87.54120540973963 - timing_s/update_actor/optimizer_step:0.08525977097451687 - timing_s/update_actor/teacher_ema_update:5.54859871044755e-05 - perf/mfu/actor:0.0 - perf/max_memory_allocated_gb:83.68211078643799 - perf/max_memory_reserved_gb:96.1796875 - perf/cpu_memory_used_gb:337.38990783691406 - actor/lr:2e-06 - training/global_step:59 - training/epoch:1 - response_length/mean:188.03125 - response_length/max:1024.0 - response_length/min:36.0 - response_length/clip_ratio:0.010416666977107525 - response_length_non_aborted/mean:188.03125 - response_length_non_aborted/max:1024.0 - response_length_non_aborted/min:36.0 - response_length_non_aborted/clip_ratio:0.010416666977107525 - response/aborted_ratio:0.0 - prompt_length/mean:3396.041748046875 - prompt_length/max:5383.0 - prompt_length/min:3249.0 - prompt_length/clip_ratio:0.0 - num_turns/min:2 - num_turns/max:2 - num_turns/mean:2.0 - timing_s/start_profile:7.519300561398268e-05 - timing_s/agent_loop/generate_sequences/min:12.045330254011787 - timing_s/agent_loop/generate_sequences/max:25.33969704201445 - timing_s/agent_loop/generate_sequences/mean:16.31898777695157 - timing_s/agent_loop/tool_calls/min:0.0 - timing_s/agent_loop/tool_calls/max:0.0 - timing_s/agent_loop/tool_calls/mean:0.0 - timing_s/agent_loop/slowest/generate_sequences:25.33969704201445 - timing_s/agent_loop/slowest/tool_calls:0.0 - timing_s/agent_loop/slowest/prompt_length:3348 - timing_s/agent_loop/slowest/response_length:1024 - timing_s/gen:38.827592691988684 - timing_s/adv:25.004802757990547 - timing_s/update_actor:309.35116176703013 - timing_s/dump_rollout_generations:0.05244972096988931 - timing_s/step:373.26834278699243 - timing_s/stop_profile:2.4573993869125843e-05 - timing_per_token_ms/adv:0.07267338066268458 - timing_per_token_ms/gen:2.150993999888576 - timing_per_token_ms/update_actor:0.8990910648297303 - perf/total_num_tokens:344071 - perf/time_per_step:373.26834278699243 - perf/throughput:460.8896075019493
[36m(TaskRunner pid=767563)[0m Dumped generations to /sfs/weka/scratch/nkw3mr/Vision-OPD-OPSA/rollouts/Aha-floor-Qwen3.5-4B-6karmA/60.jsonl
[36m(TaskRunner pid=767563)[0m local_global_step_folder: /sfs/weka/scratch/nkw3mr/Vision-OPD-OPSA/checkpoints/Aha-floor-Qwen3.5-4B-6karmA/global_step_60
[36m(TaskRunner pid=767563)[0m step:60 - global_seqlen/min:346904 - global_seqlen/max:346904 - global_seqlen/minmax_diff:0 - global_seqlen/balanced_min:346904 - global_seqlen/balanced_max:346904 - global_seqlen/mean:346904.0 - self_distillation/teacher_always_on_fraction:1.0 - self_distillation/teacher_image_swap_fraction:1.0 - self_distillation/policy_fallback_fraction:0.0 - self_distillation/grpo_fallback_count:0.0 - rollout_corr/rollout_is_mean:1.0 - rollout_corr/rollout_is_ratio_fraction_high:0.0 - rollout_corr/rollout_is_ratio_fraction_low:0.0 - rollout_corr/rollout_is_max:1.0 - rollout_corr/rollout_is_min:1.0 - rollout_corr/rollout_is_std:0.0 - rollout_corr/rollout_is_eff_sample_size:1.0 - rollout_corr/rollout_is_seq_mean:1.0 - rollout_corr/rollout_is_seq_std:0.0 - rollout_corr/rollout_is_seq_max:1.0 - rollout_corr/rollout_is_seq_min:1.0 - rollout_corr/rollout_is_seq_max_deviation:0.0 - rollout_corr/rollout_is_seq_fraction_high:0.0 - rollout_corr/rollout_is_seq_fraction_low:0.0 - rollout_corr/training_ppl:3.196900624781847 - rollout_corr/training_log_ppl:1.0667116617163022 - rollout_corr/kl:0.03625468275155678 - rollout_corr/k3_kl:0.034152049251133576 - rollout_corr/rollout_ppl:3.0717799005409083 - rollout_corr/rollout_log_ppl:1.0304569688936074 - rollout_corr/log_ppl_diff:0.03625469282269478 - rollout_corr/log_ppl_abs_diff:0.03862198690573374 - rollout_corr/log_ppl_diff_max:0.1681826114654541 - rollout_corr/log_ppl_diff_min:-0.060855746269226074 - rollout_corr/ppl_ratio:1.03751165792346 - rollout_corr/chi2_token:0.08212555013597012 - rollout_corr/chi2_seq:1.60390646631519 - actor/pg_loss:0.20952637260779736 - actor/kl_loss:0.0 - actor/grpo_loss:0.0 - actor/vopd_loss:0.20952637260779736 - actor/vopd_loss_weighted:0.20952637260779736 - actor/policy_fallback_fraction:0.0 - aha/u_mean:-0.4737217895599315 - aha/u_neg_valley_frac:0.6033036137620608 - aha/floor_clamped_frac:0.6033036137620608 - aha/q_tail_mass:0.001535916199031817 - aha/argmax_conf:0.8323309421539307 - self_distillation/raw_jsd_token_mean:0.20952637260779738 - self_distillation/weighted_jsd_token_mean:0.20952637260779738 - self_distillation/self_distillation_mask.mean():1.0 - self_distillation/num_distill_tokens:186.77083333333334 - self_distillation/empty_target_batch:0.0 - actor/grad_norm:4.05920934677124 - timing_s/update_actor/student_forward:46.59526321699377 - timing_s/update_actor/teacher_forward:69.07133651286131 - timing_s/update_actor/teacher_full_forward:0.0 - timing_s/update_actor/teacher_null_forward:61.76668753148988 - timing_s/update_actor/loss_compute:0.07115749723743647 - timing_s/update_actor/backward:88.80711322894786 - timing_s/update_actor/optimizer_step:0.08582676405785605 - timing_s/update_actor/teacher_ema_update:4.704500315710902e-05 - perf/mfu/actor:0.0 - perf/max_memory_allocated_gb:83.68211078643799 - perf/max_memory_reserved_gb:96.1796875 - perf/cpu_memory_used_gb:337.58397674560547 - actor/lr:2e-06 - training/global_step:60 - training/epoch:1 - response_length/mean:186.7708282470703 - response_length/max:1024.0 - response_length/min:10.0 - response_length/clip_ratio:0.010416666977107525 - response_length_non_aborted/mean:186.7708282470703 - response_length_non_aborted/max:1024.0 - response_length_non_aborted/min:10.0 - response_length_non_aborted/clip_ratio:0.010416666977107525 - response/aborted_ratio:0.0 - prompt_length/mean:3426.8125 - prompt_length/max:3956.0 - prompt_length/min:3342.0 - prompt_length/clip_ratio:0.0 - num_turns/min:2 - num_turns/max:2 - num_turns/mean:2.0 - timing_s/start_profile:4.68849902972579e-05 - timing_s/agent_loop/generate_sequences/min:11.720058566017542 - timing_s/agent_loop/generate_sequences/max:25.184788001992274 - timing_s/agent_loop/generate_sequences/mean:15.95708577508473 - timing_s/agent_loop/tool_calls/min:0.0 - timing_s/agent_loop/tool_calls/max:0.0 - timing_s/agent_loop/tool_calls/mean:0.0 - timing_s/agent_loop/slowest/generate_sequences:25.184788001992274 - timing_s/agent_loop/slowest/tool_calls:0.0 - timing_s/agent_loop/slowest/prompt_length:3346 - timing_s/agent_loop/slowest/res[36m(WorkerDict pid=780592)[0m /sfs/weka/scratch/nkw3mr/Vision-OPD-OPSA/verl/utils/device.py:134: FutureWarning: torch.cuda._set_allocator_settings is deprecated. Use torch._C._accelerator_setAllocatorSettings instead.
[36m(WorkerDict pid=780592)[0m   torch.cuda.memory._set_allocator_settings(f"expandable_segments:{enable}")
[36m(TaskRunner pid=767563)[0m Training Progress:  60%|█████▉    | 61/102 [1:03:09<4:19:54, 380.36s/it]
[36m(WorkerDict pid=780593)[0m /sfs/weka/scratch/nkw3mr/Vision-OPD-OPSA/verl/utils/device.py:134: FutureWarning: torch.cuda._set_allocator_settings is deprecated. Use torch._C._accelerator_setAllocatorSettings instead.
[36m(WorkerDict pid=780593)[0m   torch.cuda.memory._set_allocator_settings(f"expandable_segments:{enable}")
[36m(TaskRunner pid=767563)[0m Training Progress:  61%|██████    | 62/102 [1:09:24<4:12:32, 378.81s/it]
ponse_length:1024 - timing_s/gen:37.473927400948014 - timing_s/adv:22.881906274997164 - timing_s/update_actor:310.7834380810382 - timing_s/dump_rollout_generations:0.056601671036332846 - timing_s/step:371.22770610800944 - timing_s/save_checkpoint:18.911371728987433 - timing_s/stop_profile:6.470899097621441e-05 - timing_per_token_ms/adv:0.06596034140568331 - timing_per_token_ms/gen:2.0900126827076417 - timing_per_token_ms/update_actor:0.895877355352023 - perf/total_num_tokens:346904 - perf/time_per_step:371.22770610800944 - perf/throughput:467.2388325173493
[36m(TaskRunner pid=767563)[0m Dumped generations to /sfs/weka/scratch/nkw3mr/Vision-OPD-OPSA/rollouts/Aha-floor-Qwen3.5-4B-6karmA/61.jsonl
[36m(TaskRunner pid=767563)[0m step:61 - global_seqlen/min:350328 - global_seqlen/max:350328 - global_seqlen/minmax_diff:0 - global_seqlen/balanced_min:350328 - global_seqlen/balanced_max:350328 - global_seqlen/mean:350328.0 - self_distillation/teacher_always_on_fraction:1.0 - self_distillation/teacher_image_swap_fraction:1.0 - self_distillation/policy_fallback_fraction:0.0 - self_distillation/grpo_fallback_count:0.0 - rollout_corr/rollout_is_mean:1.0 - rollout_corr/rollout_is_ratio_fraction_high:0.0 - rollout_corr/rollout_is_ratio_fraction_low:0.0 - rollout_corr/rollout_is_max:1.0 - rollout_corr/rollout_is_min:1.0 - rollout_corr/rollout_is_std:0.0 - rollout_corr/rollout_is_eff_sample_size:1.0 - rollout_corr/rollout_is_seq_mean:1.0 - rollout_corr/rollout_is_seq_std:0.0 - rollout_corr/rollout_is_seq_max:1.0 - rollout_corr/rollout_is_seq_min:1.0 - rollout_corr/rollout_is_seq_max_deviation:0.0 - rollout_corr/rollout_is_seq_fraction_high:0.0 - rollout_corr/rollout_is_seq_fraction_low:0.0 - rollout_corr/training_ppl:3.1714589136342206 - rollout_corr/training_log_ppl:1.0256057508910696 - rollout_corr/kl:0.036398789008671883 - rollout_corr/k3_kl:0.03292470291489735 - rollout_corr/rollout_ppl:3.0414451559384665 - rollout_corr/rollout_log_ppl:0.9892069582516948 - rollout_corr/log_ppl_diff:0.03639879263937473 - rollout_corr/log_ppl_abs_diff:0.0385014433413744 - rollout_corr/log_ppl_diff_max:0.12217271327972412 - rollout_corr/log_ppl_diff_min:-0.07953596115112305 - rollout_corr/ppl_ratio:1.0375371538102627 - rollout_corr/chi2_token:0.07279260891179244 - rollout_corr/chi2_seq:-0.8229663229237 - actor/pg_loss:0.19222748784037927 - actor/kl_loss:0.0 - actor/grpo_loss:0.0 - actor/vopd_loss:0.19222748784037927 - actor/vopd_loss_weighted:0.19222748784037927 - actor/policy_fallback_fraction:0.0 - aha/u_mean:-0.43804599741997663 - aha/u_neg_valley_frac:0.6122279462094108 - aha/floor_clamped_frac:0.6122279462094108 - aha/q_tail_mass:0.0015905673263508409 - aha/argmax_conf:0.9042719602584839 - self_distillation/raw_jsd_token_mean:0.19222748784037927 - self_distillation/weighted_jsd_token_mean:0.19222748784037927 - self_distillation/self_distillation_mask.mean():1.0 - self_distillation/num_distill_tokens:252.125 - self_distillation/empty_target_batch:0.0 - actor/grad_norm:1.602288007736206 - timing_s/update_actor/student_forward:49.29316713492153 - timing_s/update_actor/teacher_forward:72.79838974023005 - timing_s/update_actor/teacher_full_forward:0.0 - timing_s/update_actor/teacher_null_forward:55.675787055748515 - timing_s/update_actor/loss_compute:0.07883025391492993 - timing_s/update_actor/backward:87.02495192294009 - timing_s/update_actor/optimizer_step:0.08536468999227509 - timing_s/update_actor/teacher_ema_update:6.55500334687531e-05 - perf/mfu/actor:0.0 - perf/max_memory_allocated_gb:83.68211078643799 - perf/max_memory_reserved_gb:96.1796875 - perf/cpu_memory_used_gb:337.3937110900879 - actor/lr:2e-06 - training/global_step:61 - training/epoch:1 - response_length/mean:252.125 - response_length/max:1024.0 - response_length/min:4.0 - response_length/clip_ratio:0.0729166641831398 - response_length_non_aborted/mean:252.125 - response_length_non_aborted/max:1024.0 - response_length_non_aborted/min:4.0 - response_length_non_aborted/clip_ratio:0.0729166641831398 - response/aborted_ratio:0.0 - prompt_length/mean:3397.125 - prompt_length/max:5180.0 - prompt_length/min:3260.0 - prompt_length/clip_ratio:0.0 - num_turns/min:2 - num_turns/max:2 - num_turns/mean:2.0 - timing_s/start_profile:7.460202323272824e-05 - timing_s/agent_loop/generate_sequences/min:8.642959088028874 - timing_s/agent_loop/generate_sequences/max:28.38885691697942 - timing_s/agent_loop/generate_sequences/mean:16.994369119915063 - timing_s/agent_loop/tool_calls/min:0.0 - timing_s/agent_loop/tool_calls/max:0.0 - timing_s/agent_loop/tool_calls/mean:0.0 - timing_s/agent_loop/slowest/generate_sequences:28.38885691697942 - timing_s/agent_loop/slowest/tool_calls:0.0 - timing_s/agent_loop/slowest/prompt_length:3349 - timing_s/agent_loop/slowest/response_length:1024 - timing_s/gen:40.435276706994046 - timing_s/adv:24.503611806954723 - timing_s/update_actor:316.4806073940126 - timing_s/dump_rollout_generations:0.2439927930245176 - timing_s/step:381.6881609489792 - timing_s/stop_profile:3.066199133172631e-05 - timing_per_token_ms/adv:0.06994477120571214 - timing_per_token_ms/gen:1.6706030700295011 - timing_per_token_ms/update_actor:0.9033837072515261 - perf/total_num_tokens:350328 - perf/time_per_step:381.6881609489792 - perf/throughput:458.9191332644305
[36m(TaskRunner pid=767563)[0m Dumped generations to /sfs/weka/scratch/nkw3mr/Vision-OPD-OPSA/rollouts/Aha-floor-Qwen3.5-4B-6karmA/62.jsonl
[36m(TaskRunner pid=767563)[0m step:62 - global_seqlen/min:344285 - global_seqlen/max:344285 - global_seqlen/minmax_diff:0 - global_seqlen/balanced_min:344285 - global_seqlen/balanced_max:344285 - global_seqlen/mean:344285.0 - self_distillation/teacher_always_on_fraction:1.0 - self_distillation/teacher_image_swap_fraction:1.0 - self_distillation/policy_fallback_fraction:0.0 - self_distillation/grpo_fallback_count:0.0 - rollout_corr/rollout_is_mean:1.0 - rollout_corr/rollout_is_ratio_fraction_high:0.0 - rollout_corr/rollout_is_ratio_fraction_low:0.0 - rollout_corr/rollout_is_max:1.0 - rollout_corr/rollout_is_min:1.0 - rollout_corr/rollout_is_std:0.0 - rollout_corr/rollout_is_eff_sample_size:1.0 - rollout_corr/rollout_is_seq_mean:1.0 - rollout_corr/rollout_is_seq_std:0.0 - rollout_corr/rollout_is_seq_max:1.0 - rollout_corr/rollout_is_seq_min:1.0 - rollout_corr/rollout_is_seq_max_deviation:0.0 - rollout_corr/rollout_is_seq_fraction_high:0.0 - rollout_corr/rollout_is_seq_fraction_low:0.0 - rollout_corr/training_ppl:3.2669138498604298 - rollout_corr/training_log_ppl:1.0272268677751224 - rollout_corr/kl:0.0338117162270161 - rollout_corr/k3_kl:0.03550883266143501 - rollout_corr/rollout_ppl:3.1442260866363845 - rollout_corr/rollout_log_ppl:0.993415150170525 - rollout_corr/log_ppl_diff:0.03381171760459741 - rollout_corr/log_ppl_abs_diff:0.03925544458130995 - rollout_corr/log_ppl_diff_max:0.1425357460975647 - rollout_corr/log_ppl_diff_min:-0.04780179262161255 - rollout_corr/ppl_ratio:1.0350149739533663 - rollout_corr/chi2_token:0.09362638307114442 - rollout_corr/chi2_seq:13.603785927097002 - actor/pg_loss:0.2002785813529044 - actor/kl_loss:0.0 - actor/grpo_loss:0.0 - actor/vopd_loss:0.2002785813529044 - actor/vopd_loss_weighted:0.2002785813529044 - actor/policy_fallback_fraction:0.0 - aha/u_mean:-0.6551931137961825 - aha/u_neg_valley_frac:0.6402143016457558 - aha/floor_clamped_frac:0.6402143016457558 - aha/q_tail_mass:0.0011736132161767425 - aha/argmax_conf:0.8865141868591309 - self_distillation/raw_jsd_token_mean:0.20027858135290444 - self_distillation/weighted_jsd_token_mean:0.20027858135290444 - self_distillation/self_distillation_mask.mean():1.0 - self_distillation/num_distill_tokens:194.13541666666666 - self_distillation/empty_target_batch:0.0 - actor/grad_norm:1.8696070909500122 - timing_s/update_actor/student_forward:49.914300648961216 - timing_s/update_actor/teacher_forward:71.41135050880257 - timing_s/update_actor/teacher_full_forward:0.0 - timing_s/update_actor/teacher_null_forward:58.277060078748036 - timing_s/update_actor/loss_compute:0.0692996236612089 - timing_s/update_actor/backward:87.44649204582674 - timing_s/update_actor/optimizer_step:0.08537336700828746 - timing_s/update_actor/teacher_ema_update:4.862697096541524e-05 - perf/mfu/actor:0.0 - perf/max_memory_allocated_gb:83.68211078643799 - perf/max_memory_reserved_gb:96.1796875 - perf/cpu_memory_used_gb:338.7438850402832 - actor/lr:2e-06 - training/global_step:62 - training/epoch:1 - response_length/mean:194.1354217529297 - response_length/max:1024.0 - response_length/min:4.0 - response_length/clip_ratio:0.02083333395421505 - response_length_non_aborted/mean:194.1354217529297 - response_length_non_aborted/max:1024.0 - response_length_non_aborted/min:4.0 - response_length_non_aborted/clip_ratio:0.02083333395421505 - response/aborted_ratio:0.0 - prompt_length/mean:3392.166748046875 - prompt_length/max:4338.0 - prompt_length/min:3254.0 - prompt_length/clip_ratio:0.0 - num_turns/min:2 - num_turns/max:2 - num_turns/mean:2.0 - timing_s/start_profile:2.6615976821631193e-05 - timing_s/agent_loop/generate_sequences/min:5.975006501015741 - timing_s/agent_loop/generate_sequences/max:25.37796456000069 - timing_s/agent_loop/generate_sequences/mean:15.445002515079977 - timing_s/agent_loop/tool_calls/min:0.0 - timing_s/agent_loop/tool_calls/max:0.0 - timing_s/agent_loop/tool_calls/mean:0.0 - timing_s/agent_loop/slowest/generate_sequences:25.37796456000069 - timing_s/agent_loop/slowest/tool_calls:0.0 - timing_s/agent_loop/slowest/prompt_length:3348 - timing_s/agent_loop/slowes[36m(TaskRunner pid=767563)[0m Training Progress:  62%|██████▏   | 63/102 [1:15:44<4:06:26, 379.14s/it]
[36m(TaskRunner pid=767563)[0m Training Progress:  63%|██████▎   | 64/102 [1:21:58<3:59:09, 377.61s/it]
t/response_length:1024 - timing_s/gen:38.041992101003416 - timing_s/adv:24.045545352972113 - timing_s/update_actor:312.75793199101463 - timing_s/dump_rollout_generations:0.05680734000634402 - timing_s/step:374.93016977299703 - timing_s/stop_profile:2.5295012164860964e-05 - timing_per_token_ms/adv:0.0698419778758067 - timing_per_token_ms/gen:2.0412079251490804 - timing_per_token_ms/update_actor:0.9084274133087838 - perf/total_num_tokens:344285 - perf/time_per_step:374.93016977299703 - perf/throughput:459.13216347519955
[36m(TaskRunner pid=767563)[0m Dumped generations to /sfs/weka/scratch/nkw3mr/Vision-OPD-OPSA/rollouts/Aha-floor-Qwen3.5-4B-6karmA/63.jsonl
[36m(TaskRunner pid=767563)[0m step:63 - global_seqlen/min:354069 - global_seqlen/max:354069 - global_seqlen/minmax_diff:0 - global_seqlen/balanced_min:354069 - global_seqlen/balanced_max:354069 - global_seqlen/mean:354069.0 - self_distillation/teacher_always_on_fraction:1.0 - self_distillation/teacher_image_swap_fraction:1.0 - self_distillation/policy_fallback_fraction:0.0 - self_distillation/grpo_fallback_count:0.0 - rollout_corr/rollout_is_mean:1.0 - rollout_corr/rollout_is_ratio_fraction_high:0.0 - rollout_corr/rollout_is_ratio_fraction_low:0.0 - rollout_corr/rollout_is_max:1.0 - rollout_corr/rollout_is_min:1.0 - rollout_corr/rollout_is_std:0.0 - rollout_corr/rollout_is_eff_sample_size:1.0 - rollout_corr/rollout_is_seq_mean:1.0 - rollout_corr/rollout_is_seq_std:0.0 - rollout_corr/rollout_is_seq_max:1.0 - rollout_corr/rollout_is_seq_min:1.0 - rollout_corr/rollout_is_seq_max_deviation:0.0 - rollout_corr/rollout_is_seq_fraction_high:0.0 - rollout_corr/rollout_is_seq_fraction_low:0.0 - rollout_corr/training_ppl:3.838119227439165 - rollout_corr/training_log_ppl:1.1329921553842723 - rollout_corr/kl:0.03388712137590725 - rollout_corr/k3_kl:0.03436849584977608 - rollout_corr/rollout_ppl:3.6846256169180074 - rollout_corr/rollout_log_ppl:1.0991050403875608 - rollout_corr/log_ppl_diff:0.03388711499671141 - rollout_corr/log_ppl_abs_diff:0.0396964360649387 - rollout_corr/log_ppl_diff_max:0.24664902687072754 - rollout_corr/log_ppl_diff_min:-0.14207911491394043 - rollout_corr/ppl_ratio:1.0353365695724885 - rollout_corr/chi2_token:0.10672842587033908 - rollout_corr/chi2_seq:-0.6550481356680393 - actor/pg_loss:0.2005524071476733 - actor/kl_loss:0.0 - actor/grpo_loss:0.0 - actor/vopd_loss:0.2005524071476733 - actor/vopd_loss_weighted:0.2005524071476733 - actor/policy_fallback_fraction:0.0 - aha/u_mean:-0.6058866888973474 - aha/u_neg_valley_frac:0.6249135360121727 - aha/floor_clamped_frac:0.6249135360121727 - aha/q_tail_mass:0.0017181598558101048 - aha/argmax_conf:0.9329710602760315 - self_distillation/raw_jsd_token_mean:0.20055240714767328 - self_distillation/weighted_jsd_token_mean:0.20055240714767328 - self_distillation/self_distillation_mask.mean():1.0 - self_distillation/num_distill_tokens:192.38541666666666 - self_distillation/empty_target_batch:0.0 - actor/grad_norm:3.7445950508117676 - timing_s/update_actor/student_forward:44.70623276679544 - timing_s/update_actor/teacher_forward:65.92653460038127 - timing_s/update_actor/teacher_full_forward:0.0 - timing_s/update_actor/teacher_null_forward:69.16541973204585 - timing_s/update_actor/loss_compute:0.07454841787694022 - timing_s/update_actor/backward:89.56673044175841 - timing_s/update_actor/optimizer_step:0.08589222095906734 - timing_s/update_actor/teacher_ema_update:6.38479832559824e-05 - perf/mfu/actor:0.0 - perf/max_memory_allocated_gb:83.68211078643799 - perf/max_memory_reserved_gb:96.1796875 - perf/cpu_memory_used_gb:341.54569244384766 - actor/lr:2e-06 - training/global_step:63 - training/epoch:1 - response_length/mean:192.3854217529297 - response_length/max:1024.0 - response_length/min:4.0 - response_length/clip_ratio:0.03125 - response_length_non_aborted/mean:192.3854217529297 - response_length_non_aborted/max:1024.0 - response_length_non_aborted/min:4.0 - response_length_non_aborted/clip_ratio:0.03125 - response/aborted_ratio:0.0 - prompt_length/mean:3495.833251953125 - prompt_length/max:4948.0 - prompt_length/min:3341.0 - prompt_length/clip_ratio:0.0 - num_turns/min:2 - num_turns/max:2 - num_turns/mean:2.0 - timing_s/start_profile:3.183400258421898e-05 - timing_s/agent_loop/generate_sequences/min:7.613863426959142 - timing_s/agent_loop/generate_sequences/max:27.42263514001388 - timing_s/agent_loop/generate_sequences/mean:16.371026271292067 - timing_s/agent_loop/tool_calls/min:0.0 - timing_s/agent_loop/tool_calls/max:0.0 - timing_s/agent_loop/tool_calls/mean:0.0 - timing_s/agent_loop/slowest/generate_sequences:27.42263514001388 - timing_s/agent_loop/slowest/tool_calls:0.0 - timing_s/agent_loop/slowest/prompt_length:3349 - timing_s/agent_loop/slowest/response_length:1024 - timing_s/gen:40.62545073998626 - timing_s/adv:23.583618036005646 - timing_s/update_actor:315.24238838400925 - timing_s/dump_rollout_generations:0.06044714996824041 - timing_s/step:379.53677620296367 - timing_s/stop_profile:3.048201324418187e-05 - timing_per_token_ms/adv:0.06660740713252401 - timing_per_token_ms/gen:2.1996562206933925 - timing_per_token_ms/update_actor:0.8903416802487912 - perf/total_num_tokens:354069 - perf/time_per_step:379.53677620296367 - perf/throughput:466.4488689900444
[36m(TaskRunner pid=767563)[0m Dumped generations to /sfs/weka/scratch/nkw3mr/Vision-OPD-OPSA/rollouts/Aha-floor-Qwen3.5-4B-6karmA/64.jsonl
[36m(TaskRunner pid=767563)[0m step:64 - global_seqlen/min:351583 - global_seqlen/max:351583 - global_seqlen/minmax_diff:0 - global_seqlen/balanced_min:351583 - global_seqlen/balanced_max:351583 - global_seqlen/mean:351583.0 - self_distillation/teacher_always_on_fraction:1.0 - self_distillation/teacher_image_swap_fraction:1.0 - self_distillation/policy_fallback_fraction:0.0 - self_distillation/grpo_fallback_count:0.0 - rollout_corr/rollout_is_mean:1.0 - rollout_corr/rollout_is_ratio_fraction_high:0.0 - rollout_corr/rollout_is_ratio_fraction_low:0.0 - rollout_corr/rollout_is_max:1.0 - rollout_corr/rollout_is_min:1.0 - rollout_corr/rollout_is_std:0.0 - rollout_corr/rollout_is_eff_sample_size:1.0 - rollout_corr/rollout_is_seq_mean:1.0 - rollout_corr/rollout_is_seq_std:0.0 - rollout_corr/rollout_is_seq_max:1.0 - rollout_corr/rollout_is_seq_min:1.0 - rollout_corr/rollout_is_seq_max_deviation:0.0 - rollout_corr/rollout_is_seq_fraction_high:0.0 - rollout_corr/rollout_is_seq_fraction_low:0.0 - rollout_corr/training_ppl:4.148934661100308 - rollout_corr/training_log_ppl:1.1298876690367858 - rollout_corr/kl:0.03930790068867888 - rollout_corr/k3_kl:0.03489657948099042 - rollout_corr/rollout_ppl:3.916754636913538 - rollout_corr/rollout_log_ppl:1.0905797648592852 - rollout_corr/log_ppl_diff:0.039307904177500554 - rollout_corr/log_ppl_abs_diff:0.04033337279300516 - rollout_corr/log_ppl_diff_max:0.2771415710449219 - rollout_corr/log_ppl_diff_min:-0.029321908950805664 - rollout_corr/ppl_ratio:1.0409015708913405 - rollout_corr/chi2_token:0.07193780690431595 - rollout_corr/chi2_seq:-0.47125703655183315 - actor/pg_loss:0.1921118395985103 - actor/kl_loss:0.0 - actor/grpo_loss:0.0 - actor/vopd_loss:0.1921118395985103 - actor/vopd_loss_weighted:0.1921118395985103 - actor/policy_fallback_fraction:0.0 - aha/u_mean:-0.657152355692233 - aha/u_neg_valley_frac:0.6345638039832314 - aha/floor_clamped_frac:0.6345638039832314 - aha/q_tail_mass:0.0014341372597096818 - aha/argmax_conf:0.9843777418136597 - self_distillation/raw_jsd_token_mean:0.19211183959851041 - self_distillation/weighted_jsd_token_mean:0.19211183959851041 - self_distillation/self_distillation_mask.mean():1.0 - self_distillation/num_distill_tokens:223.96875 - self_distillation/empty_target_batch:0.0 - actor/grad_norm:2.2417993545532227 - timing_s/update_actor/student_forward:48.91496753675165 - timing_s/update_actor/teacher_forward:70.09909993957262 - timing_s/update_actor/teacher_full_forward:0.0 - timing_s/update_actor/teacher_null_forward:58.69683893898036 - timing_s/update_actor/loss_compute:0.0711244149133563 - timing_s/update_actor/backward:88.12607545399806 - timing_s/update_actor/optimizer_step:0.08550593099789694 - timing_s/update_actor/teacher_ema_update:5.0638976972550154e-05 - perf/mfu/actor:0.0 - perf/max_memory_allocated_gb:83.68211078643799 - perf/max_memory_reserved_gb:96.1796875 - perf/cpu_memory_used_gb:340.06216049194336 - actor/lr:2e-06 - training/global_step:64 - training/epoch:1 - response_length/mean:223.96875 - response_length/max:1024.0 - response_length/min:4.0 - response_length/clip_ratio:0.09375 - response_length_non_aborted/mean:223.96875 - response_length_non_aborted/max:1024.0 - response_length_non_aborted/min:4.0 - response_length_non_aborted/clip_ratio:0.09375 - response/aborted_ratio:0.0 - prompt_length/mean:3438.354248046875 - prompt_length/max:4384.0 - prompt_length/min:3203.0 - prompt_length/clip_ratio:0.0 - num_turns/min:2 - num_turns/max:2 - num_turns/mean:2.0 - timing_s/start_profile:5.7549041230231524e-05 - timing_s/agent_loop/generate_sequences/min:7.3787896310095675 - timing_s/agent_loop/generate_sequences/max:27.927715857047588 - timing_s/agent_loop/generate_sequences/mean:15.847271432764805 - timing_s/agent_loop/tool_calls/min:0.0 - timing_s/agent_loop/tool_calls/max:0.0 - timing_s/agent_loop/tool_calls/mean:0.0 - timing_s/agent_loop/slowest/generate_sequences:27.927715857047588 - timing_s/agent_loop/slowest/tool_calls:0.0 - timing_s/agent_loop/slowest/prompt_length:3373 - timing_s/agent_loop/slowest/response_length:1024 - timing_s/gen:40.39[36m(TaskRunner pid=767563)[0m Training Progress:  64%|██████▎   | 65/102 [1:28:38<3:56:54, 384.18s/it]
[36m(WorkerDict pid=780592)[0m /sfs/weka/scratch/nkw3mr/Vision-OPD-OPSA/verl/utils/device.py:134: FutureWarning: torch.cuda._set_allocator_settings is deprecated. Use torch._C._accelerator_setAllocatorSettings instead.
[36m(WorkerDict pid=780592)[0m   torch.cuda.memory._set_allocator_settings(f"expandable_segments:{enable}")
[36m(WorkerDict pid=780592)[0m /sfs/weka/scratch/nkw3mr/envs/vision-opd/lib/python3.12/site-packages/vllm/model_executor/layers/fla/ops/utils.py:113: UserWarning: Input tensor shape suggests potential format mismatch: seq_len (28) < num_heads (32). This may indicate the inputs were passed in head-first format [B, H, T, ...] when head_first=False was specified. Please verify your input tensor format matches the expected shape [B, T, H, ...].
[36m(WorkerDict pid=780592)[0m   return fn(*contiguous_args, **contiguous_kwargs)
[36m(WorkerDict pid=780592)[0m /sfs/weka/scratch/nkw3mr/envs/vision-opd/lib/python3.12/site-packages/vllm/model_executor/layers/fla/ops/utils.py:113: UserWarning: Input tensor shape suggests potential format mismatch: seq_len (28) < num_heads (32). This may indicate the inputs were passed in head-first format [B, H, T, ...] when head_first=False was specified. Please verify your input tensor format matches the expected shape [B, T, H, ...].
[36m(WorkerDict pid=780592)[0m   return fn(*contiguous_args, **contiguous_kwargs)
[36m(WorkerDict pid=780593)[0m /sfs/weka/scratch/nkw3mr/Vision-OPD-OPSA/verl/utils/device.py:134: FutureWarning: torch.cuda._set_allocator_settings is deprecated. Use torch._C._accelerator_setAllocatorSettings instead.
[36m(WorkerDict pid=780593)[0m   torch.cuda.memory._set_allocator_settings(f"expandable_segments:{enable}")
[36m(WorkerDict pid=780592)[0m /sfs/weka/scratch/nkw3mr/Vision-OPD-OPSA/verl/utils/device.py:134: FutureWarning: torch.cuda._set_allocator_settings is deprecated. Use torch._C._accelerator_setAllocatorSettings instead.
[36m(WorkerDict pid=780592)[0m   torch.cuda.memory._set_allocator_settings(f"expandable_segments:{enable}")
[36m(TaskRunner pid=767563)[0m Training Progress:  65%|██████▍   | 66/102 [1:35:01<3:50:26, 384.06s/it]
69522890402 - timing_s/adv:22.232380911009386 - timing_s/update_actor:310.8325830429676 - timing_s/dump_rollout_generations:0.23170299199409783 - timing_s/step:373.72650669602444 - timing_s/stop_profile:2.3112050257623196e-05 - timing_per_token_ms/adv:0.06323508506102225 - timing_per_token_ms/gen:1.8788406255076602 - timing_per_token_ms/update_actor:0.8840944614585108 - perf/total_num_tokens:351583 - perf/time_per_step:373.72650669602444 - perf/throughput:470.37471747483625
[36m(TaskRunner pid=767563)[0m Dumped generations to /sfs/weka/scratch/nkw3mr/Vision-OPD-OPSA/rollouts/Aha-floor-Qwen3.5-4B-6karmA/65.jsonl
[36m(TaskRunner pid=767563)[0m local_global_step_folder: /sfs/weka/scratch/nkw3mr/Vision-OPD-OPSA/checkpoints/Aha-floor-Qwen3.5-4B-6karmA/global_step_65
[36m(TaskRunner pid=767563)[0m step:65 - global_seqlen/min:344074 - global_seqlen/max:344074 - global_seqlen/minmax_diff:0 - global_seqlen/balanced_min:344074 - global_seqlen/balanced_max:344074 - global_seqlen/mean:344074.0 - self_distillation/teacher_always_on_fraction:1.0 - self_distillation/teacher_image_swap_fraction:1.0 - self_distillation/policy_fallback_fraction:0.0 - self_distillation/grpo_fallback_count:0.0 - rollout_corr/rollout_is_mean:1.0 - rollout_corr/rollout_is_ratio_fraction_high:0.0 - rollout_corr/rollout_is_ratio_fraction_low:0.0 - rollout_corr/rollout_is_max:1.0 - rollout_corr/rollout_is_min:1.0 - rollout_corr/rollout_is_std:0.0 - rollout_corr/rollout_is_eff_sample_size:1.0 - rollout_corr/rollout_is_seq_mean:1.0 - rollout_corr/rollout_is_seq_std:0.0 - rollout_corr/rollout_is_seq_max:1.0 - rollout_corr/rollout_is_seq_min:1.0 - rollout_corr/rollout_is_seq_max_deviation:0.0 - rollout_corr/rollout_is_seq_fraction_high:0.0 - rollout_corr/rollout_is_seq_fraction_low:0.0 - rollout_corr/training_ppl:4.173555376629035 - rollout_corr/training_log_ppl:1.2201108476147056 - rollout_corr/kl:0.031695410645928256 - rollout_corr/k3_kl:0.03553834313061088 - rollout_corr/rollout_ppl:4.005079525212447 - rollout_corr/rollout_log_ppl:1.1884154418949038 - rollout_corr/log_ppl_diff:0.031695405719801784 - rollout_corr/log_ppl_abs_diff:0.03721204516477883 - rollout_corr/log_ppl_diff_max:0.15356135368347168 - rollout_corr/log_ppl_diff_min:-0.07643020153045654 - rollout_corr/ppl_ratio:1.032965213060379 - rollout_corr/chi2_token:0.1199482586234808 - rollout_corr/chi2_seq:27.903648287057877 - actor/pg_loss:0.21187690778606333 - actor/kl_loss:0.0 - actor/grpo_loss:0.0 - actor/vopd_loss:0.21187690778606333 - actor/vopd_loss_weighted:0.21187690778606333 - actor/policy_fallback_fraction:0.0 - aha/u_mean:-0.5994724432142297 - aha/u_neg_valley_frac:0.6088833641260862 - aha/floor_clamped_frac:0.6088833641260862 - aha/q_tail_mass:0.002431441852317325 - aha/argmax_conf:0.9975594282150269 - self_distillation/raw_jsd_token_mean:0.21187690778606338 - self_distillation/weighted_jsd_token_mean:0.21187690778606338 - self_distillation/self_distillation_mask.mean():1.0 - self_distillation/num_distill_tokens:194.66666666666666 - self_distillation/empty_target_batch:0.0 - actor/grad_norm:3.0500688552856445 - timing_s/update_actor/student_forward:46.835598684090655 - timing_s/update_actor/teacher_forward:73.1780457161949 - timing_s/update_actor/teacher_full_forward:0.0 - timing_s/update_actor/teacher_null_forward:56.53438545198878 - timing_s/update_actor/loss_compute:0.08528853242751211 - timing_s/update_actor/backward:90.18921066250186 - timing_s/update_actor/optimizer_step:0.08523721405072138 - timing_s/update_actor/teacher_ema_update:5.513598443940282e-05 - perf/mfu/actor:0.0 - perf/max_memory_allocated_gb:83.68211078643799 - perf/max_memory_reserved_gb:96.1796875 - perf/cpu_memory_used_gb:338.7291030883789 - actor/lr:2e-06 - training/global_step:65 - training/epoch:1 - response_length/mean:194.6666717529297 - response_length/max:1024.0 - response_length/min:4.0 - response_length/clip_ratio:0.0416666679084301 - response_length_non_aborted/mean:194.6666717529297 - response_length_non_aborted/max:1024.0 - response_length_non_aborted/min:4.0 - response_length_non_aborted/clip_ratio:0.0416666679084301 - response/aborted_ratio:0.0 - prompt_length/mean:3389.4375 - prompt_length/max:3960.0 - prompt_length/min:3155.0 - prompt_length/clip_ratio:0.0 - num_turns/min:2 - num_turns/max:2 - num_turns/mean:2.0 - timing_s/start_profile:2.4002976715564728e-05 - timing_s/agent_loop/generate_sequences/min:8.40528278297279 - timing_s/agent_loop/generate_sequences/max:27.27949811000144 - timing_s/agent_loop/generate_sequences/mean:16.162131601134508 - timing_s/agent_loop/tool_calls/min:0.0 - timing_s/agent_loop/tool_calls/max:0.0 - timing_s/agent_loop/tool_calls/mean:0.0 - timing_s/agent_loop/slowest/generate_sequences:27.27949811000144 - timing_s/agent_loop/slowest/tool_calls:0.0 - timing_s/agent_loop/slowest/prompt_length:3350 - timing_s/agent_loop/slowest/response_length:1024 - timing_s/gen:40.86418503400637 - timing_s/adv:25.902384288958274 - timing_s/update_actor:313.654704674962 - timing_s/dump_rollout_generations:0.060325239959638566 - timing_s/step:380.5065818679868 - timing_s/save_checkpoint:18.441940560005605 - timing_s/stop_profile:3.329600440338254e-05 - timing_per_token_ms/adv:0.0752814344849023 - timing_per_token_ms/gen:2.1866537368368135 - timing_per_token_ms/update_actor:0.911590834166377 - perf/total_num_tokens:344074 - perf/time_per_step:380.5065818679868 - perf/throughput:452.1262133113025
[36m(TaskRunner pid=767563)[0m Dumped generations to /sfs/weka/scratch/nkw3mr/Vision-OPD-OPSA/rollouts/Aha-floor-Qwen3.5-4B-6karmA/66.jsonl
[36m(TaskRunner pid=767563)[0m step:66 - global_seqlen/min:345160 - global_seqlen/max:345160 - global_seqlen/minmax_diff:0 - global_seqlen/balanced_min:345160 - global_seqlen/balanced_max:345160 - global_seqlen/mean:345160.0 - self_distillation/teacher_always_on_fraction:1.0 - self_distillation/teacher_image_swap_fraction:1.0 - self_distillation/policy_fallback_fraction:0.0 - self_distillation/grpo_fallback_count:0.0 - rollout_corr/rollout_is_mean:1.0 - rollout_corr/rollout_is_ratio_fraction_high:0.0 - rollout_corr/rollout_is_ratio_fraction_low:0.0 - rollout_corr/rollout_is_max:1.0 - rollout_corr/rollout_is_min:1.0 - rollout_corr/rollout_is_std:0.0 - rollout_corr/rollout_is_eff_sample_size:1.0 - rollout_corr/rollout_is_seq_mean:1.0 - rollout_corr/rollout_is_seq_std:0.0 - rollout_corr/rollout_is_seq_max:1.0 - rollout_corr/rollout_is_seq_min:1.0 - rollout_corr/rollout_is_seq_max_deviation:0.0 - rollout_corr/rollout_is_seq_fraction_high:0.0 - rollout_corr/rollout_is_seq_fraction_low:0.0 - rollout_corr/training_ppl:4.828682226439317 - rollout_corr/training_log_ppl:1.29015197379825 - rollout_corr/kl:0.037455289505790766 - rollout_corr/k3_kl:0.03961072723420026 - rollout_corr/rollout_ppl:4.6043273123602075 - rollout_corr/rollout_log_ppl:1.2526966968240838 - rollout_corr/log_ppl_diff:0.03745527697416643 - rollout_corr/log_ppl_abs_diff:0.043265852999563016 - rollout_corr/log_ppl_diff_max:0.1248469352722168 - rollout_corr/log_ppl_diff_min:-0.0765998363494873 - rollout_corr/ppl_ratio:1.0388228924324114 - rollout_corr/chi2_token:0.10535514230529468 - rollout_corr/chi2_seq:-0.6053893181184927 - actor/pg_loss:0.20801601807276407 - actor/kl_loss:0.0 - actor/grpo_loss:0.0 - actor/vopd_loss:0.20801601807276407 - actor/vopd_loss_weighted:0.20801601807276407 - actor/policy_fallback_fraction:0.0 - aha/u_mean:-0.4555185193833798 - aha/u_neg_valley_frac:0.5977053151776394 - aha/floor_clamped_frac:0.5977053151776394 - aha/q_tail_mass:0.0021154045226931353 - aha/argmax_conf:0.9664790630340576 - self_distillation/raw_jsd_token_mean:0.20801601807276407 - self_distillation/weighted_jsd_token_mean:0.20801601807276407 - self_distillation/self_distillation_mask.mean():1.0 - self_distillation/num_distill_tokens:212.77083333333334 - self_distillation/empty_target_batch:0.0 - actor/grad_norm:3.111118793487549 - timing_s/update_actor/student_forward:51.704594152164645 - timing_s/update_actor/teacher_forward:72.92344427062199 - timing_s/update_actor/teacher_full_forward:0.0 - timing_s/update_actor/teacher_null_forward:54.93918811751064 - timing_s/update_actor/loss_compute:0.07335870299721137 - timing_s/update_actor/backward:86.9457220127806 - timing_s/update_actor/optimizer_step:0.08556211099494249 - timing_s/update_actor/teacher_ema_update:4.7204026486724615e-05 - perf/mfu/actor:0.0 - perf/max_memory_allocated_gb:83.68211078643799 - perf/max_memory_reserved_gb:96.1796875 - perf/cpu_memory_used_gb:338.7946662902832 - actor/lr:2e-06 - training/global_step:66 - training/epoch:1 - response_length/mean:212.7708282470703 - response_length/max:1024.0 - response_length/min:4.0 - response_length/clip_ratio:0.02083333395421505 - response_length_non_aborted/mean:212.7708282470703 - response_length_non_aborted/max:1024.0 - response_length_non_aborted/min:4.0 - response_length_non_aborted/clip_ratio:0.02083333395421505 - response/aborted_ratio:0.0 - prompt_length/mean:3382.645751953125 - prompt_length/max:3970.0 - prompt_length/min:3156.0 - prompt_length/clip_ratio:0.0 - num_turns/min:2 - num_turns/max:2 - num_turns/mean:2.0 - timing_s/start_profile:5.090999184176326e-05 - timing_s/agent_loop/generate_sequences/min:8.897817125951406 - timing_s/agent_loop/generate_sequences/max:32.87404273694847 - timing_s/agent_loop/generate_sequences/mean:20.19040282109745 - timing_s/agent_loop/tool_calls/min:0.0 - timing_s/agent_loop/tool_calls/max:0.0 - timing_s/agent_loop/tool_calls/mean:0.0 - timing_s/agent_loop/slowest/generate_sequences:32.87404273694847 - timing_s/agent_loop/slowest/tool_calls:0.0 - timing_s/agent_loop/slowest/prompt_length:3362 - timing_s/agent_loop/slowe[36m(TaskRunner pid=767563)[0m Training Progress:  66%|██████▌   | 67/102 [1:41:15<3:42:16, 381.06s/it]
[36m(TaskRunner pid=767563)[0m Training Progress:  67%|██████▋   | 68/102 [1:47:37<3:35:58, 381.14s/it]
st/response_length:982 - timing_s/gen:44.70370215299772 - timing_s/adv:22.76709146500798 - timing_s/update_actor:315.85101498797303 - timing_s/dump_rollout_generations:0.06727987801423296 - timing_s/step:383.4151353450143 - timing_s/stop_profile:3.280502278357744e-05 - timing_per_token_ms/adv:0.06596097886489738 - timing_per_token_ms/gen:2.1885685965435093 - timing_per_token_ms/update_actor:0.9150858007531957 - perf/total_num_tokens:345160 - perf/time_per_step:383.4151353450143 - perf/throughput:450.11264316601563
[36m(TaskRunner pid=767563)[0m Dumped generations to /sfs/weka/scratch/nkw3mr/Vision-OPD-OPSA/rollouts/Aha-floor-Qwen3.5-4B-6karmA/67.jsonl
[36m(TaskRunner pid=767563)[0m step:67 - global_seqlen/min:349017 - global_seqlen/max:349017 - global_seqlen/minmax_diff:0 - global_seqlen/balanced_min:349017 - global_seqlen/balanced_max:349017 - global_seqlen/mean:349017.0 - self_distillation/teacher_always_on_fraction:1.0 - self_distillation/teacher_image_swap_fraction:1.0 - self_distillation/policy_fallback_fraction:0.0 - self_distillation/grpo_fallback_count:0.0 - rollout_corr/rollout_is_mean:1.0 - rollout_corr/rollout_is_ratio_fraction_high:0.0 - rollout_corr/rollout_is_ratio_fraction_low:0.0 - rollout_corr/rollout_is_max:1.0 - rollout_corr/rollout_is_min:1.0 - rollout_corr/rollout_is_std:0.0 - rollout_corr/rollout_is_eff_sample_size:1.0 - rollout_corr/rollout_is_seq_mean:1.0 - rollout_corr/rollout_is_seq_std:0.0 - rollout_corr/rollout_is_seq_max:1.0 - rollout_corr/rollout_is_seq_min:1.0 - rollout_corr/rollout_is_seq_max_deviation:0.0 - rollout_corr/rollout_is_seq_fraction_high:0.0 - rollout_corr/rollout_is_seq_fraction_low:0.0 - rollout_corr/training_ppl:4.481309000402689 - rollout_corr/training_log_ppl:1.2554176832006003 - rollout_corr/kl:0.033969269909296905 - rollout_corr/k3_kl:0.04040776770529438 - rollout_corr/rollout_ppl:4.298216325541337 - rollout_corr/rollout_log_ppl:1.2214484199260671 - rollout_corr/log_ppl_diff:0.033969263274533056 - rollout_corr/log_ppl_abs_diff:0.03844046650920063 - rollout_corr/log_ppl_diff_max:0.1524432897567749 - rollout_corr/log_ppl_diff_min:-0.06165909767150879 - rollout_corr/ppl_ratio:1.0352262947708368 - rollout_corr/chi2_token:0.3196381473292907 - rollout_corr/chi2_seq:4.001307037348549 - actor/pg_loss:0.20444893972792974 - actor/kl_loss:0.0 - actor/grpo_loss:0.0 - actor/vopd_loss:0.20444893972792974 - actor/vopd_loss_weighted:0.20444893972792974 - actor/policy_fallback_fraction:0.0 - aha/u_mean:-0.48766701795587625 - aha/u_neg_valley_frac:0.5985384397208691 - aha/floor_clamped_frac:0.5985384397208691 - aha/q_tail_mass:0.002038955174398893 - aha/argmax_conf:0.9955614805221558 - self_distillation/raw_jsd_token_mean:0.20444893972792974 - self_distillation/weighted_jsd_token_mean:0.20444893972792974 - self_distillation/self_distillation_mask.mean():1.0 - self_distillation/num_distill_tokens:215.03125 - self_distillation/empty_target_batch:0.0 - actor/grad_norm:1.539879560470581 - timing_s/update_actor/student_forward:52.842642682546284 - timing_s/update_actor/teacher_forward:69.38237315299921 - timing_s/update_actor/teacher_full_forward:0.0 - timing_s/update_actor/teacher_null_forward:57.69331696716836 - timing_s/update_actor/loss_compute:0.06800602492876351 - timing_s/update_actor/backward:87.57252814806998 - timing_s/update_actor/optimizer_step:0.08610374800628051 - timing_s/update_actor/teacher_ema_update:5.564698949456215e-05 - perf/mfu/actor:0.0 - perf/max_memory_allocated_gb:83.68211078643799 - perf/max_memory_reserved_gb:96.1796875 - perf/cpu_memory_used_gb:339.8675193786621 - actor/lr:2e-06 - training/global_step:67 - training/epoch:1 - response_length/mean:215.03125 - response_length/max:1024.0 - response_length/min:4.0 - response_length/clip_ratio:0.0520833320915699 - response_length_non_aborted/mean:215.03125 - response_length_non_aborted/max:1024.0 - response_length_non_aborted/min:4.0 - response_length_non_aborted/clip_ratio:0.0520833320915699 - response/aborted_ratio:0.0 - prompt_length/mean:3420.5625 - prompt_length/max:4018.0 - prompt_length/min:3171.0 - prompt_length/clip_ratio:0.0 - num_turns/min:2 - num_turns/max:2 - num_turns/mean:2.0 - timing_s/start_profile:4.510098369792104e-05 - timing_s/agent_loop/generate_sequences/min:8.473653914988972 - timing_s/agent_loop/generate_sequences/max:27.919277083012275 - timing_s/agent_loop/generate_sequences/mean:16.64974772702347 - timing_s/agent_loop/tool_calls/min:0.0 - timing_s/agent_loop/tool_calls/max:0.0 - timing_s/agent_loop/tool_calls/mean:0.0 - timing_s/agent_loop/slowest/generate_sequences:27.919277083012275 - timing_s/agent_loop/slowest/tool_calls:0.0 - timing_s/agent_loop/slowest/prompt_length:3353 - timing_s/agent_loop/slowest/response_length:1024 - timing_s/gen:40.82888178504072 - timing_s/adv:21.0695235140156 - timing_s/update_actor:311.737657287973 - timing_s/dump_rollout_generations:0.055988124979194254 - timing_s/step:373.7216505649849 - timing_s/stop_profile:2.6035995688289404e-05 - timing_per_token_ms/adv:0.06036818697661031 - timing_per_token_ms/gen:1.977856018264822 - timing_per_token_ms/update_actor:0.8931876020021173 - perf/total_num_tokens:349017 - perf/time_per_step:373.7216505649849 - perf/throughput:466.94779319362834
[36m(TaskRunner pid=767563)[0m Dumped generations to /sfs/weka/scratch/nkw3mr/Vision-OPD-OPSA/rollouts/Aha-floor-Qwen3.5-4B-6karmA/68.jsonl
[36m(TaskRunner pid=767563)[0m step:68 - global_seqlen/min:349178 - global_seqlen/max:349178 - global_seqlen/minmax_diff:0 - global_seqlen/balanced_min:349178 - global_seqlen/balanced_max:349178 - global_seqlen/mean:349178.0 - self_distillation/teacher_always_on_fraction:1.0 - self_distillation/teacher_image_swap_fraction:1.0 - self_distillation/policy_fallback_fraction:0.0 - self_distillation/grpo_fallback_count:0.0 - rollout_corr/rollout_is_mean:1.0 - rollout_corr/rollout_is_ratio_fraction_high:0.0 - rollout_corr/rollout_is_ratio_fraction_low:0.0 - rollout_corr/rollout_is_max:1.0 - rollout_corr/rollout_is_min:1.0 - rollout_corr/rollout_is_std:0.0 - rollout_corr/rollout_is_eff_sample_size:1.0 - rollout_corr/rollout_is_seq_mean:1.0 - rollout_corr/rollout_is_seq_std:0.0 - rollout_corr/rollout_is_seq_max:1.0 - rollout_corr/rollout_is_seq_min:1.0 - rollout_corr/rollout_is_seq_max_deviation:0.0 - rollout_corr/rollout_is_seq_fraction_high:0.0 - rollout_corr/rollout_is_seq_fraction_low:0.0 - rollout_corr/training_ppl:4.814848681290944 - rollout_corr/training_log_ppl:1.270332901738584 - rollout_corr/kl:0.03996228339826757 - rollout_corr/k3_kl:0.03881477732405377 - rollout_corr/rollout_ppl:4.554879729946454 - rollout_corr/rollout_log_ppl:1.2303706068584386 - rollout_corr/log_ppl_diff:0.03996229488014554 - rollout_corr/log_ppl_abs_diff:0.042169862058168896 - rollout_corr/log_ppl_diff_max:0.29515016078948975 - rollout_corr/log_ppl_diff_min:-0.030724644660949707 - rollout_corr/ppl_ratio:1.0418271080901225 - rollout_corr/chi2_token:0.1311512589454651 - rollout_corr/chi2_seq:4.720503834386666 - actor/pg_loss:0.2003626857185736 - actor/kl_loss:0.0 - actor/grpo_loss:0.0 - actor/vopd_loss:0.2003626857185736 - actor/vopd_loss_weighted:0.2003626857185736 - actor/policy_fallback_fraction:0.0 - aha/u_mean:-0.5082167260407005 - aha/u_neg_valley_frac:0.6123413946479559 - aha/floor_clamped_frac:0.6123413946479559 - aha/q_tail_mass:0.003043592804510572 - aha/argmax_conf:0.9896689653396606 - self_distillation/raw_jsd_token_mean:0.20036268571857363 - self_distillation/weighted_jsd_token_mean:0.20036268571857363 - self_distillation/self_distillation_mask.mean():1.0 - self_distillation/num_distill_tokens:193.1875 - self_distillation/empty_target_batch:0.0 - actor/grad_norm:2.122502565383911 - timing_s/update_actor/student_forward:50.85071392985992 - timing_s/update_actor/teacher_forward:72.46257157617947 - timing_s/update_actor/teacher_full_forward:0.0 - timing_s/update_actor/teacher_null_forward:57.23996236483799 - timing_s/update_actor/loss_compute:0.07527581573231146 - timing_s/update_actor/backward:89.62763905816246 - timing_s/update_actor/optimizer_step:0.08486716798506677 - timing_s/update_actor/teacher_ema_update:3.824295708909631e-05 - perf/mfu/actor:0.0 - perf/max_memory_allocated_gb:84.76364517211914 - perf/max_memory_reserved_gb:97.46484375 - perf/cpu_memory_used_gb:340.6640853881836 - actor/lr:2e-06 - training/global_step:68 - training/epoch:1 - response_length/mean:193.1875 - response_length/max:1024.0 - response_length/min:4.0 - response_length/clip_ratio:0.02083333395421505 - response_length_non_aborted/mean:193.1875 - response_length_non_aborted/max:1024.0 - response_length_non_aborted/min:4.0 - response_length_non_aborted/clip_ratio:0.02083333395421505 - response/aborted_ratio:0.0 - prompt_length/mean:3444.083251953125 - prompt_length/max:5887.0 - prompt_length/min:3204.0 - prompt_length/clip_ratio:0.0 - num_turns/min:2 - num_turns/max:2 - num_turns/mean:2.0 - timing_s/start_profile:5.6607997976243496e-05 - timing_s/agent_loop/generate_sequences/min:10.299458004010376 - timing_s/agent_loop/generate_sequences/max:25.34683135501109 - timing_s/agent_loop/generate_sequences/mean:15.634053978850716 - timing_s/agent_loop/tool_calls/min:0.0 - timing_s/agent_loop/tool_calls/max:0.0 - timing_s/agent_loop/tool_calls/mean:0.0 - timing_s/agent_loop/slowest/generate_sequences:25.34683135501109 - timing_s/agent_loop/slowest/tool_calls:0.0 - timing_s/agent_loop/slowest/prompt_length:3345 - timing_s/agent_loop/slowest/response_length:1024 - timi[36m(TaskRunner pid=767563)[0m Training Progress:  68%|██████▊   | 69/102 [1:53:52<3:28:40, 379.42s/it]
[36m(TaskRunner pid=767563)[0m Training Progress:  69%|██████▊   | 70/102 [2:00:33<3:25:45, 385.81s/it]
ng_s/gen:39.044130975031294 - timing_s/adv:24.47863539395621 - timing_s/update_actor:317.024338735966 - timing_s/dump_rollout_generations:0.38391616503940895 - timing_s/step:380.96269679203397 - timing_s/stop_profile:2.265098737552762e-05 - timing_per_token_ms/adv:0.07010360158416684 - timing_per_token_ms/gen:2.1052588684908495 - timing_per_token_ms/update_actor:0.9079161308443431 - perf/total_num_tokens:349178 - perf/time_per_step:380.96269679203397 - perf/throughput:458.28371509903354
[36m(TaskRunner pid=767563)[0m Dumped generations to /sfs/weka/scratch/nkw3mr/Vision-OPD-OPSA/rollouts/Aha-floor-Qwen3.5-4B-6karmA/69.jsonl
[36m(TaskRunner pid=767563)[0m step:69 - global_seqlen/min:342845 - global_seqlen/max:342845 - global_seqlen/minmax_diff:0 - global_seqlen/balanced_min:342845 - global_seqlen/balanced_max:342845 - global_seqlen/mean:342845.0 - self_distillation/teacher_always_on_fraction:1.0 - self_distillation/teacher_image_swap_fraction:1.0 - self_distillation/policy_fallback_fraction:0.0 - self_distillation/grpo_fallback_count:0.0 - rollout_corr/rollout_is_mean:1.0 - rollout_corr/rollout_is_ratio_fraction_high:0.0 - rollout_corr/rollout_is_ratio_fraction_low:0.0 - rollout_corr/rollout_is_max:1.0 - rollout_corr/rollout_is_min:1.0 - rollout_corr/rollout_is_std:0.0 - rollout_corr/rollout_is_eff_sample_size:1.0 - rollout_corr/rollout_is_seq_mean:1.0 - rollout_corr/rollout_is_seq_std:0.0 - rollout_corr/rollout_is_seq_max:1.0 - rollout_corr/rollout_is_seq_min:1.0 - rollout_corr/rollout_is_seq_max_deviation:0.0 - rollout_corr/rollout_is_seq_fraction_high:0.0 - rollout_corr/rollout_is_seq_fraction_low:0.0 - rollout_corr/training_ppl:4.829357178260882 - rollout_corr/training_log_ppl:1.1956868174796302 - rollout_corr/kl:0.03262199580543287 - rollout_corr/k3_kl:0.03830988453895164 - rollout_corr/rollout_ppl:4.630199532955885 - rollout_corr/rollout_log_ppl:1.1630648143376068 - rollout_corr/log_ppl_diff:0.03262200314202346 - rollout_corr/log_ppl_abs_diff:0.037596942633778475 - rollout_corr/log_ppl_diff_max:0.18183475732803345 - rollout_corr/log_ppl_diff_min:-0.08189535140991211 - rollout_corr/ppl_ratio:1.0339828245341778 - rollout_corr/chi2_token:0.10622104443609715 - rollout_corr/chi2_seq:2.2507728400329747 - actor/pg_loss:0.20695043414889375 - actor/kl_loss:0.0 - actor/grpo_loss:0.0 - actor/vopd_loss:0.20695043414889375 - actor/vopd_loss_weighted:0.20695043414889375 - actor/policy_fallback_fraction:0.0 - aha/u_mean:-0.5791683100833325 - aha/u_neg_valley_frac:0.6207453279445568 - aha/floor_clamped_frac:0.6207453279445568 - aha/q_tail_mass:0.0019992950132916576 - aha/argmax_conf:0.995302140712738 - self_distillation/raw_jsd_token_mean:0.2069504341488937 - self_distillation/weighted_jsd_token_mean:0.2069504341488937 - self_distillation/self_distillation_mask.mean():1.0 - self_distillation/num_distill_tokens:158.69791666666666 - self_distillation/empty_target_batch:0.0 - actor/grad_norm:2.7611591815948486 - timing_s/update_actor/student_forward:53.3382495387923 - timing_s/update_actor/teacher_forward:64.19716936105397 - timing_s/update_actor/teacher_full_forward:0.0 - timing_s/update_actor/teacher_null_forward:61.94312872621231 - timing_s/update_actor/loss_compute:0.07277057052124292 - timing_s/update_actor/backward:87.5748521144269 - timing_s/update_actor/optimizer_step:0.08576109498972073 - timing_s/update_actor/teacher_ema_update:5.616701673716307e-05 - perf/mfu/actor:0.0 - perf/max_memory_allocated_gb:84.76364517211914 - perf/max_memory_reserved_gb:97.46484375 - perf/cpu_memory_used_gb:340.4648780822754 - actor/lr:2e-06 - training/global_step:69 - training/epoch:1 - response_length/mean:158.6979217529297 - response_length/max:1024.0 - response_length/min:4.0 - response_length/clip_ratio:0.010416666977107525 - response_length_non_aborted/mean:158.6979217529297 - response_length_non_aborted/max:1024.0 - response_length_non_aborted/min:4.0 - response_length_non_aborted/clip_ratio:0.010416666977107525 - response/aborted_ratio:0.0 - prompt_length/mean:3412.604248046875 - prompt_length/max:4477.0 - prompt_length/min:3207.0 - prompt_length/clip_ratio:0.0 - num_turns/min:2 - num_turns/max:2 - num_turns/mean:2.0 - timing_s/start_profile:2.4173001293092966e-05 - timing_s/agent_loop/generate_sequences/min:9.330068177019712 - timing_s/agent_loop/generate_sequences/max:25.268877622962464 - timing_s/agent_loop/generate_sequences/mean:15.317954500467144 - timing_s/agent_loop/tool_calls/min:0.0 - timing_s/agent_loop/tool_calls/max:0.0 - timing_s/agent_loop/tool_calls/mean:0.0 - timing_s/agent_loop/slowest/generate_sequences:25.268877622962464 - timing_s/agent_loop/slowest/tool_calls:0.0 - timing_s/agent_loop/slowest/prompt_length:3364 - timing_s/agent_loop/slowest/response_length:1024 - timing_s/gen:37.11549696099246 - timing_s/adv:22.540588164003566 - timing_s/update_actor:315.29703206103295 - timing_s/dump_rollout_generations:0.06279634399106726 - timing_s/step:375.03945804503746 - timing_s/stop_profile:2.8198992367833853e-05 - timing_per_token_ms/adv:0.06574571063892887 - timing_per_token_ms/gen:2.436199341056282 - timing_per_token_ms/update_actor:0.9196489144103981 - perf/total_num_tokens:342845 - perf/time_per_step:375.03945804503746 - perf/throughput:457.07857219496714
[36m(TaskRunner pid=767563)[0m Dumped generations to /sfs/weka/scratch/nkw3mr/Vision-OPD-OPSA/rollouts/Aha-floor-Qwen3.5-4B-6karmA/70.jsonl
[36m(TaskRunner pid=767563)[0m local_global_step_folder: /sfs/weka/scratch/nkw3mr/Vision-OPD-OPSA/checkpoints/Aha-floor-Qwen3.5-4B-6karmA/global_step_70
[36m(TaskRunner pid=767563)[0m step:70 - global_seqlen/min:350236 - global_seqlen/max:350236 - global_seqlen/minmax_diff:0 - global_seqlen/balanced_min:350236 - global_seqlen/balanced_max:350236 - global_seqlen/mean:350236.0 - self_distillation/teacher_always_on_fraction:1.0 - self_distillation/teacher_image_swap_fraction:1.0 - self_distillation/policy_fallback_fraction:0.0 - self_distillation/grpo_fallback_count:0.0 - rollout_corr/rollout_is_mean:1.0 - rollout_corr/rollout_is_ratio_fraction_high:0.0 - rollout_corr/rollout_is_ratio_fraction_low:0.0 - rollout_corr/rollout_is_max:1.0 - rollout_corr/rollout_is_min:1.0 - rollout_corr/rollout_is_std:0.0 - rollout_corr/rollout_is_eff_sample_size:1.0 - rollout_corr/rollout_is_seq_mean:1.0 - rollout_corr/rollout_is_seq_std:0.0 - rollout_corr/rollout_is_seq_max:1.0 - rollout_corr/rollout_is_seq_min:1.0 - rollout_corr/rollout_is_seq_max_deviation:0.0 - rollout_corr/rollout_is_seq_fraction_high:0.0 - rollout_corr/rollout_is_seq_fraction_low:0.0 - rollout_corr/training_ppl:3.138907551765442 - rollout_corr/training_log_ppl:1.0264535509049892 - rollout_corr/kl:0.03241056658953312 - rollout_corr/k3_kl:0.033437011433610074 - rollout_corr/rollout_ppl:3.0311356000602245 - rollout_corr/rollout_log_ppl:0.9940429823085045 - rollout_corr/log_ppl_diff:0.03241056859648476 - rollout_corr/log_ppl_abs_diff:0.03536791009052346 - rollout_corr/log_ppl_diff_max:0.11716681718826294 - rollout_corr/log_ppl_diff_min:-0.04958236217498779 - rollout_corr/ppl_ratio:1.0333507154136896 - rollout_corr/chi2_token:0.0781217161566019 - rollout_corr/chi2_seq:31.55435131303966 - actor/pg_loss:0.18605118150784014 - actor/kl_loss:0.0 - actor/grpo_loss:0.0 - actor/vopd_loss:0.18605118150784014 - actor/vopd_loss_weighted:0.18605118150784014 - actor/policy_fallback_fraction:0.0 - aha/u_mean:-0.5829196141761107 - aha/u_neg_valley_frac:0.6241253331924478 - aha/floor_clamped_frac:0.6241253331924478 - aha/q_tail_mass:0.0015883755732662742 - aha/argmax_conf:0.9811433553695679 - self_distillation/raw_jsd_token_mean:0.18605118150784014 - self_distillation/weighted_jsd_token_mean:0.18605118150784014 - self_distillation/self_distillation_mask.mean():1.0 - self_distillation/num_distill_tokens:263.6458333333333 - self_distillation/empty_target_batch:0.0 - actor/grad_norm:2.3419930934906006 - timing_s/update_actor/student_forward:48.45669405697845 - timing_s/update_actor/teacher_forward:73.61383753898554 - timing_s/update_actor/teacher_full_forward:0.0 - timing_s/update_actor/teacher_null_forward:55.56258253479609 - timing_s/update_actor/loss_compute:0.08073575218440965 - timing_s/update_actor/backward:86.98548012191895 - timing_s/update_actor/optimizer_step:0.08590303099481389 - timing_s/update_actor/teacher_ema_update:5.0798989832401276e-05 - perf/mfu/actor:0.0 - perf/max_memory_allocated_gb:84.76364517211914 - perf/max_memory_reserved_gb:97.46484375 - perf/cpu_memory_used_gb:339.3321952819824 - actor/lr:2e-06 - training/global_step:70 - training/epoch:1 - response_length/mean:263.6458435058594 - response_length/max:1024.0 - response_length/min:4.0 - response_length/clip_ratio:0.0729166641831398 - response_length_non_aborted/mean:263.6458435058594 - response_length_non_aborted/max:1024.0 - response_length_non_aborted/min:4.0 - response_length_non_aborted/clip_ratio:0.0729166641831398 - response/aborted_ratio:0.0 - prompt_length/mean:3384.645751953125 - prompt_length/max:3959.0 - prompt_length/min:3342.0 - prompt_length/clip_ratio:0.0 - num_turns/min:2 - num_turns/max:2 - num_turns/mean:2.0 - timing_s/start_profile:5.705899093300104e-05 - timing_s/agent_loop/generate_sequences/min:7.239029495976865 - timing_s/agent_loop/generate_sequences/max:26.202095154032577 - timing_s/agent_loop/generate_sequences/mean:16.12542671896942 - timing_s/agent_loop/tool_calls/min:0.0 - timing_s/agent_loop/tool_calls/max:0.0 - timing_s/agent_loop/tool_calls/mean:0.0 - timing_s/agent_loop/slowest/generate_sequences:26.202095154032577 - timing_s/agent_loop/slowest/tool_calls:0.0 - timing_s/agent_loop/slowest/prompt_length:3362 - timing_s/agent_loop/slow[36m(WorkerDict pid=780592)[0m /sfs/weka/scratch/nkw3mr/Vision-OPD-OPSA/verl/utils/device.py:134: FutureWarning: torch.cuda._set_allocator_settings is deprecated. Use torch._C._accelerator_setAllocatorSettings instead.
[36m(WorkerDict pid=780592)[0m   torch.cuda.memory._set_allocator_settings(f"expandable_segments:{enable}")
[36m(TaskRunner pid=767563)[0m Training Progress:  70%|██████▉   | 71/102 [2:06:55<3:18:50, 384.85s/it]
[36m(WorkerDict pid=780593)[0m /sfs/weka/scratch/nkw3mr/Vision-OPD-OPSA/verl/utils/device.py:134: FutureWarning: torch.cuda._set_allocator_settings is deprecated. Use torch._C._accelerator_setAllocatorSettings instead.
[36m(WorkerDict pid=780593)[0m   torch.cuda.memory._set_allocator_settings(f"expandable_segments:{enable}")
[36m(TaskRunner pid=767563)[0m Training Progress:  71%|███████   | 72/102 [2:13:04<3:09:55, 379.84s/it]
est/response_length:1024 - timing_s/gen:39.32219610596076 - timing_s/adv:23.72147854301147 - timing_s/update_actor:312.6782898440142 - timing_s/dump_rollout_generations:0.05891625699587166 - timing_s/step:375.8130116860266 - timing_s/save_checkpoint:24.49363807705231 - timing_s/stop_profile:3.3556018024683e-05 - timing_per_token_ms/adv:0.06772998361964924 - timing_per_token_ms/gen:1.5536229200300575 - timing_per_token_ms/update_actor:0.8927645640197301 - perf/total_num_tokens:350236 - perf/time_per_step:375.8130116860266 - perf/throughput:465.97109348173007
[36m(TaskRunner pid=767563)[0m Dumped generations to /sfs/weka/scratch/nkw3mr/Vision-OPD-OPSA/rollouts/Aha-floor-Qwen3.5-4B-6karmA/71.jsonl
[36m(TaskRunner pid=767563)[0m step:71 - global_seqlen/min:348950 - global_seqlen/max:348950 - global_seqlen/minmax_diff:0 - global_seqlen/balanced_min:348950 - global_seqlen/balanced_max:348950 - global_seqlen/mean:348950.0 - self_distillation/teacher_always_on_fraction:1.0 - self_distillation/teacher_image_swap_fraction:1.0 - self_distillation/policy_fallback_fraction:0.0 - self_distillation/grpo_fallback_count:0.0 - rollout_corr/rollout_is_mean:1.0 - rollout_corr/rollout_is_ratio_fraction_high:0.0 - rollout_corr/rollout_is_ratio_fraction_low:0.0 - rollout_corr/rollout_is_max:1.0 - rollout_corr/rollout_is_min:1.0 - rollout_corr/rollout_is_std:0.0 - rollout_corr/rollout_is_eff_sample_size:1.0 - rollout_corr/rollout_is_seq_mean:1.0 - rollout_corr/rollout_is_seq_std:0.0 - rollout_corr/rollout_is_seq_max:1.0 - rollout_corr/rollout_is_seq_min:1.0 - rollout_corr/rollout_is_seq_max_deviation:0.0 - rollout_corr/rollout_is_seq_fraction_high:0.0 - rollout_corr/rollout_is_seq_fraction_low:0.0 - rollout_corr/training_ppl:3.5928799783190093 - rollout_corr/training_log_ppl:1.0896238710653658 - rollout_corr/kl:0.035568931252176604 - rollout_corr/k3_kl:0.03514264768164151 - rollout_corr/rollout_ppl:3.44606456408898 - rollout_corr/rollout_log_ppl:1.0540549299718502 - rollout_corr/log_ppl_diff:0.035568941093515605 - rollout_corr/log_ppl_abs_diff:0.039114802745946996 - rollout_corr/log_ppl_diff_max:0.14270401000976562 - rollout_corr/log_ppl_diff_min:-0.053347110748291016 - rollout_corr/ppl_ratio:1.0367810235669215 - rollout_corr/chi2_token:0.09303273819386959 - rollout_corr/chi2_seq:-0.49829884245991707 - actor/pg_loss:0.19137497513535587 - actor/kl_loss:0.0 - actor/grpo_loss:0.0 - actor/vopd_loss:0.19137497513535587 - actor/vopd_loss_weighted:0.19137497513535587 - actor/policy_fallback_fraction:0.0 - aha/u_mean:-0.5608578679530183 - aha/u_neg_valley_frac:0.6152847989772757 - aha/floor_clamped_frac:0.6152847989772757 - aha/q_tail_mass:0.0017886872909619693 - aha/argmax_conf:0.9836928248405457 - self_distillation/raw_jsd_token_mean:0.19137497513535587 - self_distillation/weighted_jsd_token_mean:0.19137497513535587 - self_distillation/self_distillation_mask.mean():1.0 - self_distillation/num_distill_tokens:233.66666666666666 - self_distillation/empty_target_batch:0.0 - actor/grad_norm:1.6938472986221313 - timing_s/update_actor/student_forward:45.90344767458737 - timing_s/update_actor/teacher_forward:72.66187881369842 - timing_s/update_actor/teacher_full_forward:0.0 - timing_s/update_actor/teacher_null_forward:58.05256473872578 - timing_s/update_actor/loss_compute:0.0782173941261135 - timing_s/update_actor/backward:95.17730971926358 - timing_s/update_actor/optimizer_step:0.08577509701717645 - timing_s/update_actor/teacher_ema_update:7.023703074082732e-05 - perf/mfu/actor:0.0 - perf/max_memory_allocated_gb:84.76364517211914 - perf/max_memory_reserved_gb:97.46484375 - perf/cpu_memory_used_gb:338.7208786010742 - actor/lr:2e-06 - training/global_step:71 - training/epoch:1 - response_length/mean:233.6666717529297 - response_length/max:1024.0 - response_length/min:4.0 - response_length/clip_ratio:0.0625 - response_length_non_aborted/mean:233.6666717529297 - response_length_non_aborted/max:1024.0 - response_length_non_aborted/min:4.0 - response_length_non_aborted/clip_ratio:0.0625 - response/aborted_ratio:0.0 - prompt_length/mean:3401.229248046875 - prompt_length/max:4475.0 - prompt_length/min:3204.0 - prompt_length/clip_ratio:0.0 - num_turns/min:2 - num_turns/max:2 - num_turns/mean:2.0 - timing_s/start_profile:2.3261993192136288e-05 - timing_s/agent_loop/generate_sequences/min:9.042130490008276 - timing_s/agent_loop/generate_sequences/max:28.271801944007166 - timing_s/agent_loop/generate_sequences/mean:16.443675985812053 - timing_s/agent_loop/tool_calls/min:0.0 - timing_s/agent_loop/tool_calls/max:0.0 - timing_s/agent_loop/tool_calls/mean:0.0 - timing_s/agent_loop/slowest/generate_sequences:28.271801944007166 - timing_s/agent_loop/slowest/tool_calls:0.0 - timing_s/agent_loop/slowest/prompt_length:3350 - timing_s/agent_loop/slowest/response_length:1024 - timing_s/gen:38.955657574988436 - timing_s/adv:21.432473224995192 - timing_s/update_actor:321.7219573619659 - timing_s/dump_rollout_generations:0.07916208996903151 - timing_s/step:382.2208467280143 - timing_s/stop_profile:2.4984008632600307e-05 - timing_per_token_ms/adv:0.061419897478134956 - timing_per_token_ms/gen:1.7366109831931364 - timing_per_token_ms/update_actor:0.9219715069837109 - perf/total_num_tokens:348950 - perf/time_per_step:382.2208467280143 - perf/throughput:456.47693341058186
[36m(TaskRunner pid=767563)[0m Dumped generations to /sfs/weka/scratch/nkw3mr/Vision-OPD-OPSA/rollouts/Aha-floor-Qwen3.5-4B-6karmA/72.jsonl
[36m(TaskRunner pid=767563)[0m step:72 - global_seqlen/min:348443 - global_seqlen/max:348443 - global_seqlen/minmax_diff:0 - global_seqlen/balanced_min:348443 - global_seqlen/balanced_max:348443 - global_seqlen/mean:348443.0 - self_distillation/teacher_always_on_fraction:1.0 - self_distillation/teacher_image_swap_fraction:1.0 - self_distillation/policy_fallback_fraction:0.0 - self_distillation/grpo_fallback_count:0.0 - rollout_corr/rollout_is_mean:1.0 - rollout_corr/rollout_is_ratio_fraction_high:0.0 - rollout_corr/rollout_is_ratio_fraction_low:0.0 - rollout_corr/rollout_is_max:1.0 - rollout_corr/rollout_is_min:1.0 - rollout_corr/rollout_is_std:0.0 - rollout_corr/rollout_is_eff_sample_size:1.0 - rollout_corr/rollout_is_seq_mean:1.0 - rollout_corr/rollout_is_seq_std:0.0 - rollout_corr/rollout_is_seq_max:1.0 - rollout_corr/rollout_is_seq_min:1.0 - rollout_corr/rollout_is_seq_max_deviation:0.0 - rollout_corr/rollout_is_seq_fraction_high:0.0 - rollout_corr/rollout_is_seq_fraction_low:0.0 - rollout_corr/training_ppl:3.027140355358521 - rollout_corr/training_log_ppl:0.9553717016242445 - rollout_corr/kl:0.030118403880351252 - rollout_corr/k3_kl:0.03253639501781436 - rollout_corr/rollout_ppl:2.9172524015108743 - rollout_corr/rollout_log_ppl:0.9252533044588441 - rollout_corr/log_ppl_diff:0.030118397165400285 - rollout_corr/log_ppl_abs_diff:0.037307764985598624 - rollout_corr/log_ppl_diff_max:0.13293910026550293 - rollout_corr/log_ppl_diff_min:-0.1353614330291748 - rollout_corr/ppl_ratio:1.031257161249717 - rollout_corr/chi2_token:0.0874889778594176 - rollout_corr/chi2_seq:-0.5880520790815353 - actor/pg_loss:0.1700997506365335 - actor/kl_loss:0.0 - actor/grpo_loss:0.0 - actor/vopd_loss:0.1700997506365335 - actor/vopd_loss_weighted:0.1700997506365335 - actor/policy_fallback_fraction:0.0 - aha/u_mean:-0.6673960222299987 - aha/u_neg_valley_frac:0.6434895579392711 - aha/floor_clamped_frac:0.6434895579392711 - aha/q_tail_mass:0.000986775588342444 - aha/argmax_conf:0.9621244668960571 - self_distillation/raw_jsd_token_mean:0.17009975063653351 - self_distillation/weighted_jsd_token_mean:0.17009975063653351 - self_distillation/self_distillation_mask.mean():1.0 - self_distillation/num_distill_tokens:242.61458333333334 - self_distillation/empty_target_batch:0.0 - actor/grad_norm:2.3191170692443848 - timing_s/update_actor/student_forward:48.08104226429714 - timing_s/update_actor/teacher_forward:68.82159435923677 - timing_s/update_actor/teacher_full_forward:0.0 - timing_s/update_actor/teacher_null_forward:60.402656983118504 - timing_s/update_actor/loss_compute:0.07885560183785856 - timing_s/update_actor/backward:86.67007878882578 - timing_s/update_actor/optimizer_step:0.08591165102552623 - timing_s/update_actor/teacher_ema_update:5.589699139818549e-05 - perf/mfu/actor:0.0 - perf/max_memory_allocated_gb:84.76364517211914 - perf/max_memory_reserved_gb:97.46484375 - perf/cpu_memory_used_gb:339.33256912231445 - actor/lr:2e-06 - training/global_step:72 - training/epoch:1 - response_length/mean:242.6145782470703 - response_length/max:1024.0 - response_length/min:4.0 - response_length/clip_ratio:0.0520833320915699 - response_length_non_aborted/mean:242.6145782470703 - response_length_non_aborted/max:1024.0 - response_length_non_aborted/min:4.0 - response_length_non_aborted/clip_ratio:0.0520833320915699 - response/aborted_ratio:0.0 - prompt_length/mean:3387.0 - prompt_length/max:3968.0 - prompt_length/min:3205.0 - prompt_length/clip_ratio:0.0 - num_turns/min:2 - num_turns/max:2 - num_turns/mean:2.0 - timing_s/start_profile:3.530899994075298e-05 - timing_s/agent_loop/generate_sequences/min:3.2031761659891345 - timing_s/agent_loop/generate_sequences/max:26.838760245998856 - timing_s/agent_loop/generate_sequences/mean:15.435492890875443 - timing_s/agent_loop/tool_calls/min:0.0 - timing_s/agent_loop/tool_calls/max:0.0 - timing_s/agent_loop/tool_calls/mean:0.0 - timing_s/agent_loop/slowest/generate_sequences:26.838760245998856 - timing_s/agent_loop/slowest/tool_calls:0.0 - timing_s/agent_loop/slowest/prompt_length:3358 - timing_s/agent_loop/slowest/respo[36m(TaskRunner pid=767563)[0m Training Progress:  72%|███████▏  | 73/102 [2:19:15<3:02:17, 377.15s/it]
[36m(TaskRunner pid=767563)[0m Training Progress:  73%|███████▎  | 74/102 [2:25:39<2:57:03, 379.41s/it]
nse_length:1024 - timing_s/gen:39.16740971704712 - timing_s/adv:21.374277775990777 - timing_s/update_actor:307.14440196496435 - timing_s/dump_rollout_generations:0.05861160100903362 - timing_s/step:367.7769175419817 - timing_s/stop_profile:2.8538983315229416e-05 - timing_per_token_ms/adv:0.061342250457006677 - timing_per_token_ms/gen:1.6816542749150798 - timing_per_token_ms/update_actor:0.8814767464548415 - perf/total_num_tokens:348443 - perf/time_per_step:367.7769175419817 - perf/throughput:473.71515636272267
[36m(TaskRunner pid=767563)[0m Dumped generations to /sfs/weka/scratch/nkw3mr/Vision-OPD-OPSA/rollouts/Aha-floor-Qwen3.5-4B-6karmA/73.jsonl
[36m(TaskRunner pid=767563)[0m step:73 - global_seqlen/min:342019 - global_seqlen/max:342019 - global_seqlen/minmax_diff:0 - global_seqlen/balanced_min:342019 - global_seqlen/balanced_max:342019 - global_seqlen/mean:342019.0 - self_distillation/teacher_always_on_fraction:1.0 - self_distillation/teacher_image_swap_fraction:1.0 - self_distillation/policy_fallback_fraction:0.0 - self_distillation/grpo_fallback_count:0.0 - rollout_corr/rollout_is_mean:1.0 - rollout_corr/rollout_is_ratio_fraction_high:0.0 - rollout_corr/rollout_is_ratio_fraction_low:0.0 - rollout_corr/rollout_is_max:1.0 - rollout_corr/rollout_is_min:1.0 - rollout_corr/rollout_is_std:0.0 - rollout_corr/rollout_is_eff_sample_size:1.0 - rollout_corr/rollout_is_seq_mean:1.0 - rollout_corr/rollout_is_seq_std:0.0 - rollout_corr/rollout_is_seq_max:1.0 - rollout_corr/rollout_is_seq_min:1.0 - rollout_corr/rollout_is_seq_max_deviation:0.0 - rollout_corr/rollout_is_seq_fraction_high:0.0 - rollout_corr/rollout_is_seq_fraction_low:0.0 - rollout_corr/training_ppl:3.2176052257418633 - rollout_corr/training_log_ppl:0.9307343168184161 - rollout_corr/kl:0.035758142490522005 - rollout_corr/k3_kl:0.039370867572112424 - rollout_corr/rollout_ppl:3.0865735014279685 - rollout_corr/rollout_log_ppl:0.8949761703358187 - rollout_corr/log_ppl_diff:0.035758146637817845 - rollout_corr/log_ppl_abs_diff:0.05182142717724977 - rollout_corr/log_ppl_diff_max:0.45434731245040894 - rollout_corr/log_ppl_diff_min:-0.3496277332305908 - rollout_corr/ppl_ratio:1.039266371478637 - rollout_corr/chi2_token:0.10914051905274391 - rollout_corr/chi2_seq:-0.4337019796172778 - actor/pg_loss:0.17686432385623146 - actor/kl_loss:0.0 - actor/grpo_loss:0.0 - actor/vopd_loss:0.17686432385623146 - actor/vopd_loss_weighted:0.17686432385623146 - actor/policy_fallback_fraction:0.0 - aha/u_mean:-0.8347993661833849 - aha/u_neg_valley_frac:0.6495450297370553 - aha/floor_clamped_frac:0.6495450297370553 - aha/q_tail_mass:0.0009554322493586417 - aha/argmax_conf:0.9963424205780029 - self_distillation/raw_jsd_token_mean:0.17686432385623144 - self_distillation/weighted_jsd_token_mean:0.17686432385623144 - self_distillation/self_distillation_mask.mean():1.0 - self_distillation/num_distill_tokens:175.34375 - self_distillation/empty_target_batch:0.0 - actor/grad_norm:2.1069142818450928 - timing_s/update_actor/student_forward:46.84287982416572 - timing_s/update_actor/teacher_forward:68.97963463695487 - timing_s/update_actor/teacher_full_forward:0.0 - timing_s/update_actor/teacher_null_forward:61.62539680599002 - timing_s/update_actor/loss_compute:0.0787615891895257 - timing_s/update_actor/backward:86.5545858789701 - timing_s/update_actor/optimizer_step:0.08535613596905023 - timing_s/update_actor/teacher_ema_update:5.3494004532694817e-05 - perf/mfu/actor:0.0 - perf/max_memory_allocated_gb:84.76364517211914 - perf/max_memory_reserved_gb:97.46484375 - perf/cpu_memory_used_gb:339.5312080383301 - actor/lr:2e-06 - training/global_step:73 - training/epoch:1 - response_length/mean:175.34375 - response_length/max:1024.0 - response_length/min:4.0 - response_length/clip_ratio:0.02083333395421505 - response_length_non_aborted/mean:175.34375 - response_length_non_aborted/max:1024.0 - response_length_non_aborted/min:4.0 - response_length_non_aborted/clip_ratio:0.02083333395421505 - response/aborted_ratio:0.0 - prompt_length/mean:3387.354248046875 - prompt_length/max:3978.0 - prompt_length/min:3158.0 - prompt_length/clip_ratio:0.0 - num_turns/min:2 - num_turns/max:2 - num_turns/mean:2.0 - timing_s/start_profile:4.911801079288125e-05 - timing_s/agent_loop/generate_sequences/min:7.340894918015692 - timing_s/agent_loop/generate_sequences/max:24.94941989897052 - timing_s/agent_loop/generate_sequences/mean:14.029520386154521 - timing_s/agent_loop/tool_calls/min:0.0 - timing_s/agent_loop/tool_calls/max:0.0 - timing_s/agent_loop/tool_calls/mean:0.0 - timing_s/agent_loop/slowest/generate_sequences:24.94941989897052 - timing_s/agent_loop/slowest/tool_calls:0.0 - timing_s/agent_loop/slowest/prompt_length:3351 - timing_s/agent_loop/slowest/response_length:1024 - timing_s/gen:38.881070358038414 - timing_s/adv:22.3333654209855 - timing_s/update_actor:309.239033439022 - timing_s/dump_rollout_generations:0.06233749404782429 - timing_s/step:370.53966191998916 - timing_s/stop_profile:2.878898521885276e-05 - timing_per_token_ms/adv:0.06529861037248078 - timing_per_token_ms/gen:2.3098122947803965 - timing_per_token_ms/update_actor:0.9041574691435915 - perf/total_num_tokens:342019 - perf/time_per_step:370.53966191998916 - perf/throughput:461.5146975465374
[36m(TaskRunner pid=767563)[0m Dumped generations to /sfs/weka/scratch/nkw3mr/Vision-OPD-OPSA/rollouts/Aha-floor-Qwen3.5-4B-6karmA/74.jsonl
[36m(TaskRunner pid=767563)[0m step:74 - global_seqlen/min:359449 - global_seqlen/max:359449 - global_seqlen/minmax_diff:0 - global_seqlen/balanced_min:359449 - global_seqlen/balanced_max:359449 - global_seqlen/mean:359449.0 - self_distillation/teacher_always_on_fraction:1.0 - self_distillation/teacher_image_swap_fraction:1.0 - self_distillation/policy_fallback_fraction:0.0 - self_distillation/grpo_fallback_count:0.0 - rollout_corr/rollout_is_mean:1.0 - rollout_corr/rollout_is_ratio_fraction_high:0.0 - rollout_corr/rollout_is_ratio_fraction_low:0.0 - rollout_corr/rollout_is_max:1.0 - rollout_corr/rollout_is_min:1.0 - rollout_corr/rollout_is_std:0.0 - rollout_corr/rollout_is_eff_sample_size:1.0 - rollout_corr/rollout_is_seq_mean:1.0 - rollout_corr/rollout_is_seq_std:0.0 - rollout_corr/rollout_is_seq_max:1.0 - rollout_corr/rollout_is_seq_min:1.0 - rollout_corr/rollout_is_seq_max_deviation:0.0 - rollout_corr/rollout_is_seq_fraction_high:0.0 - rollout_corr/rollout_is_seq_fraction_low:0.0 - rollout_corr/training_ppl:3.36013525724411 - rollout_corr/training_log_ppl:1.035101502512892 - rollout_corr/kl:0.03812775731906489 - rollout_corr/k3_kl:0.033006124082021415 - rollout_corr/rollout_ppl:3.19924071803689 - rollout_corr/rollout_log_ppl:0.9969737435070177 - rollout_corr/log_ppl_diff:0.038127759005874395 - rollout_corr/log_ppl_abs_diff:0.04014532873407006 - rollout_corr/log_ppl_diff_max:0.16860008239746094 - rollout_corr/log_ppl_diff_min:-0.043712317943573 - rollout_corr/ppl_ratio:1.0394268830617268 - rollout_corr/chi2_token:0.08690508703390758 - rollout_corr/chi2_seq:0.7755588038514057 - actor/pg_loss:0.18637600021126363 - actor/kl_loss:0.0 - actor/grpo_loss:0.0 - actor/vopd_loss:0.18637600021126363 - actor/vopd_loss_weighted:0.18637600021126363 - actor/policy_fallback_fraction:0.0 - aha/u_mean:-0.505861152584354 - aha/u_neg_valley_frac:0.6280913346757492 - aha/floor_clamped_frac:0.6280913346757492 - aha/q_tail_mass:0.0011870551140304997 - aha/argmax_conf:0.9718484878540039 - self_distillation/raw_jsd_token_mean:0.1863760002112637 - self_distillation/weighted_jsd_token_mean:0.1863760002112637 - self_distillation/self_distillation_mask.mean():1.0 - self_distillation/num_distill_tokens:269.40625 - self_distillation/empty_target_batch:0.0 - actor/grad_norm:1.9647196531295776 - timing_s/update_actor/student_forward:52.302289811486844 - timing_s/update_actor/teacher_forward:71.883154083509 - timing_s/update_actor/teacher_full_forward:0.0 - timing_s/update_actor/teacher_null_forward:58.772625829209574 - timing_s/update_actor/loss_compute:0.07230503106256947 - timing_s/update_actor/backward:89.40680816967506 - timing_s/update_actor/optimizer_step:0.08543325099162757 - timing_s/update_actor/teacher_ema_update:4.832696868106723e-05 - perf/mfu/actor:0.0 - perf/max_memory_allocated_gb:84.76364517211914 - perf/max_memory_reserved_gb:97.46484375 - perf/cpu_memory_used_gb:345.0625877380371 - actor/lr:2e-06 - training/global_step:74 - training/epoch:1 - response_length/mean:269.40625 - response_length/max:1024.0 - response_length/min:4.0 - response_length/clip_ratio:0.0833333358168602 - response_length_non_aborted/mean:269.40625 - response_length_non_aborted/max:1024.0 - response_length_non_aborted/min:4.0 - response_length_non_aborted/clip_ratio:0.0833333358168602 - response/aborted_ratio:0.0 - prompt_length/mean:3474.854248046875 - prompt_length/max:4866.0 - prompt_length/min:3221.0 - prompt_length/clip_ratio:0.0 - num_turns/min:2 - num_turns/max:2 - num_turns/mean:2.0 - timing_s/start_profile:8.014001650735736e-05 - timing_s/agent_loop/generate_sequences/min:8.401206506998278 - timing_s/agent_loop/generate_sequences/max:29.051390459004324 - timing_s/agent_loop/generate_sequences/mean:17.40798816557314 - timing_s/agent_loop/tool_calls/min:0.0 - timing_s/agent_loop/tool_calls/max:0.0 - timing_s/agent_loop/tool_calls/mean:0.0 - timing_s/agent_loop/slowest/generate_sequences:29.051390459004324 - timing_s/agent_loop/slowest/tool_calls:0.0 - timing_s/agent_loop/slowest/prompt_length:3962 - timing_s/agent_loop/slowest/response_length:1024 - timi