Running: Aha-Qwen3.5-4B  (aha_beta=4.0, floor_alpha=null)
Teacher: frozen init copy (source=legacy, update_rate=0.0)
2026-09-08 02:15:10,939	INFO worker.py:1998 -- Started a local Ray instance. View the dashboard at [1m[32mhttp://127.0.0.1:8265 [39m[22m
/sfs/weka/scratch/nkw3mr/envs/vision-opd/lib/python3.12/site-packages/ray/_private/worker.py:2046: FutureWarning: Tip: In future versions of Ray, Ray will no longer override accelerator visible devices env var if num_gpus=0 or num_gpus=None (default). To enable this behavior and turn off this error message, set RAY_ACCEL_ENV_VAR_OVERRIDE_ON_ZERO=0
  warnings.warn(
ray init kwargs: {'num_cpus': None, 'runtime_env': {'env_vars': {'TOKENIZERS_PARALLELISM': 'true', 'NCCL_DEBUG': 'WARN', 'VLLM_LOGGING_LEVEL': 'WARN', 'VLLM_ALLOW_RUNTIME_LORA_UPDATING': 'true', 'VLLM_ALLREDUCE_USE_SYMM_MEM': '0', 'CUDA_DEVICE_MAX_CONNECTIONS': '1', 'NCCL_CUMEM_ENABLE': '0'}, 'working_dir': None}}
[36m(TaskRunner pid=266218)[0m TaskRunner hostname: udc-aw37-6, PID: 266218
[36m(TaskRunner pid=266218)[0m {'actor_rollout_ref': {'actor': {'_target_': 'verl.workers.config.FSDPActorConfig',
[36m(TaskRunner pid=266218)[0m                                  'calculate_entropy': False,
[36m(TaskRunner pid=266218)[0m                                  'calculate_sum_pi_squared': False,
[36m(TaskRunner pid=266218)[0m                                  'checkpoint': {'_target_': 'verl.trainer.config.CheckpointConfig',
[36m(TaskRunner pid=266218)[0m                                                 'async_save': False,
[36m(TaskRunner pid=266218)[0m                                                 'load_contents': ['model',
[36m(TaskRunner pid=266218)[0m                                                                   'optimizer',
[36m(TaskRunner pid=266218)[0m                                                                   'extra'],
[36m(TaskRunner pid=266218)[0m                                                 'save_contents': ['model',
[36m(TaskRunner pid=266218)[0m                                                                   'optimizer',
[36m(TaskRunner pid=266218)[0m                                                                   'extra']},
[36m(TaskRunner pid=266218)[0m                                  'clip_ratio': 0.2,
[36m(TaskRunner pid=266218)[0m                                  'clip_ratio_c': 3.0,
[36m(TaskRunner pid=266218)[0m                                  'clip_ratio_high': 0.3,
[36m(TaskRunner pid=266218)[0m                                  'clip_ratio_low': 0.2,
[36m(TaskRunner pid=266218)[0m                                  'data_loader_seed': 42,
[36m(TaskRunner pid=266218)[0m                                  'entropy_checkpointing': False,
[36m(TaskRunner pid=266218)[0m                                  'entropy_coeff': 0,
[36m(TaskRunner pid=266218)[0m                                  'entropy_from_logits_with_chunking': False,
[36m(TaskRunner pid=266218)[0m                                  'freeze_vision_tower': False,
[36m(TaskRunner pid=266218)[0m                                  'fsdp_config': {'_target_': 'verl.workers.config.FSDPEngineConfig',
[36m(TaskRunner pid=266218)[0m                                                  'dtype': 'bfloat16',
[36m(TaskRunner pid=266218)[0m                                                  'entropy_checkpointing': False,
[36m(TaskRunner pid=266218)[0m                                                  'entropy_from_logits_with_chunking': False,
[36m(TaskRunner pid=266218)[0m                                                  'forward_only': False,
[36m(TaskRunner pid=266218)[0m                                                  'forward_prefetch': False,
[36m(TaskRunner pid=266218)[0m                                                  'fsdp_size': -1,
[36m(TaskRunner pid=266218)[0m                                                  'full_determinism': False,
[36m(TaskRunner pid=266218)[0m                                                  'model_dtype': 'fp32',
[36m(TaskRunner pid=266218)[0m                                                  'offload_policy': False,
[36m(TaskRunner pid=266218)[0m                                                  'optimizer_offload': True,
[36m(TaskRunner pid=266218)[0m                                                  'param_offload': True,
[36m(TaskRunner pid=266218)[0m                                                  'reshard_after_forward': True,
[36m(TaskRunner pid=266218)[0m                                                  'seed': 42,
[36m(TaskRunner pid=266218)[0m                                                  'strategy': 'fsdp',
[36m(TaskRunner pid=266218)[0m                                                  'ulysses_sequence_parallel_size': 1,
[36m(TaskRunner pid=266218)[0m                                                  'use_orig_params': False,
[36m(TaskRunner pid=266218)[0m                                                  'use_torch_compile': True,
[36m(TaskRunner pid=266218)[0m                                                  'wrap_policy': {'min_num_params': 0}},
[36m(TaskRunner pid=266218)[0m                                  'grad_clip': 1.0,
[36m(TaskRunner pid=266218)[0m                                  'kl_loss_coef': 0.001,
[36m(TaskRunner pid=266218)[0m                                  'kl_loss_type': 'low_var_kl',
[36m(TaskRunner pid=266218)[0m                                  'loss_agg_mode': 'token-mean',
[36m(TaskRunner pid=266218)[0m                                  'loss_scale_factor': None,
[36m(TaskRunner pid=266218)[0m                                  'optim': {'_target_': 'verl.workers.config.FSDPOptimizerConfig',
[36m(TaskRunner pid=266218)[0m                                            'betas': [0.9, 0.999],
[36m(TaskRunner pid=266218)[0m                                            'clip_grad': 1.0,
[36m(TaskRunner pid=266218)[0m                                            'lr': 2e-06,
[36m(TaskRunner pid=266218)[0m                                            'lr_scheduler_type': 'constant',
[36m(TaskRunner pid=266218)[0m                                            'lr_warmup_steps': 10,
[36m(TaskRunner pid=266218)[0m                                            'lr_warmup_steps_ratio': 0.0,
[36m(TaskRunner pid=266218)[0m                                            'min_lr_ratio': 0.0,
[36m(TaskRunner pid=266218)[0m                                            'num_cycles': 0.5,
[36m(TaskRunner pid=266218)[0m                                            'optimizer': 'AdamW',
[36m(TaskRunner pid=266218)[0m                                            'optimizer_impl': 'torch.optim',
[36m(TaskRunner pid=266218)[0m                                            'override_optimizer_config': None,
[36m(TaskRunner pid=266218)[0m                                            'total_training_steps': -1,
[36m(TaskRunner pid=266218)[0m                                            'warmup_style': None,
[36m(TaskRunner pid=266218)[0m                                            'weight_decay': 0.01},
[36m(TaskRunner pid=266218)[0m                                  'policy_loss': {'_target_': 'verl.workers.config.PolicyLossConfig',
[36m(TaskRunner pid=266218)[0m                                                  'clip_cov_lb': 1.0,
[36m(TaskRunner pid=266218)[0m                                                  'clip_cov_ratio': 0.0002,
[36m(TaskRunner pid=266218)[0m                                                  'clip_cov_ub': 5.0,
[36m(TaskRunner pid=266218)[0m                                                  'kl_cov_ratio': 0.0002,
[36m(TaskRunner pid=266218)[0m                                                  'loss_mode': 'vopd',
[36m(TaskRunner pid=266218)[0m                                                  'ppo_kl_coef': 0.1},
[36m(TaskRunner pid=266218)[0m                                  'ppo_epochs': 1,
[36m(TaskRunner pid=266218)[0m                                  'ppo_max_token_len_per_gpu': 5632,
[36m(TaskRunner pid=266218)[0m                                  'ppo_micro_batch_size': None,
[36m(TaskRunner pid=266218)[0m                                  'ppo_micro_batch_size_per_gpu': None,
[36m(TaskRunner pid=266218)[0m                                  'ppo_mini_batch_size': 96,
[36m(TaskRunner pid=266218)[0m                                  'profiler': {'_target_': 'verl.utils.profiler.ProfilerConfig',
[36m(TaskRunner pid=266218)[0m                                               'all_ranks': False,
[36m(TaskRunner pid=266218)[0m                                               'enable': False,
[36m(TaskRunner pid=266218)[0m                                               'ranks': [],
[36m(TaskRunner pid=266218)[0m                                               'save_path': 'outputs/profile',
[36m(TaskRunner pid=266218)[0m                                               'tool': None,
[36m(TaskRunner pid=266218)[0m                                               'tool_config': {'npu': {'_target_': 'verl.utils.profiler.config.NPUToolConfig',
[36m(TaskRunner pid=266218)[0m                                                                       'analysis': True,
[36m(TaskRunner pid=266218)[0m                                                                       'contents': [],
[36m(TaskRunner pid=266218)[0m                                                                       'discrete': False,
[36m(TaskRunner pid=266218)[0m                                                                       'level': 'level0'},
[36m(TaskRunner pid=266218)[0m                                                               'nsys': {'_target_': 'verl.utils.profiler.config.NsightToolConfig',
[36m(TaskRunner pid=266218)[0m                                                                        'discrete': False},
[36m(TaskRunner pid=266218)[0m                                                               'torch': {'_target_': 'verl.utils.profiler.config.TorchProfilerToolConfig',
[36m(TaskRunner pid=266218)[0m                                                                         'step_end': None,
[36m(TaskRunner pid=266218)[0m                                                                         'step_start': 0},
[36m(TaskRunner pid=266218)[0m                                                               'torch_memory': {'_target_': 'verl.utils.profiler.config.TorchMemoryToolConfig',
[36m(TaskRunner pid=266218)[0m                                                                                'stack_depth': 32,
[36m(TaskRunner pid=266218)[0m                                                                                'trace_alloc_max_entries': 100000}}},
[36m(TaskRunner pid=266218)[0m                                  'rollout_n': 8,
[36m(TaskRunner pid=266218)[0m                                  'router_replay': {'_target_': 'verl.workers.config.RouterReplayConfig',
[36m(TaskRunner pid=266218)[0m                                                    'mode': 'disabled',
[36m(TaskRunner pid=266218)[0m                                                    'record_file': None,
[36m(TaskRunner pid=266218)[0m                                                    'replay_file': None},
[36m(TaskRunner pid=266218)[0m                                  'self_distillation': {'_target_': 'verl.workers.config.SelfDistillationConfig',
[36m(TaskRunner pid=266218)[0m                                                        'aha_beta': 4.0,
[36m(TaskRunner pid=266218)[0m                                                        'aha_enable': True,
[36m(TaskRunner pid=266218)[0m                                                        'aha_floor_alpha': None,
[36m(TaskRunner pid=266218)[0m                                                        'alpha': 0.5,
[36m(TaskRunner pid=266218)[0m                                                        'answer_hint_template': '\n'
[36m(TaskRunner pid=266218)[0m                                                                                '\n'
[36m(TaskRunner pid=266218)[0m                                                                                'Here '
[36m(TaskRunner pid=266218)[0m                                                                                'is '
[36m(TaskRunner pid=266218)[0m                                                                                'a '
[36m(TaskRunner pid=266218)[0m                                                                                'reference '
[36m(TaskRunner pid=266218)[0m                                                                                'solution '
[36m(TaskRunner pid=266218)[0m                                                                                'to '
[36m(TaskRunner pid=266218)[0m                                                                                'this '
[36m(TaskRunner pid=266218)[0m                                                                                'problem:\n'
[36m(TaskRunner pid=266218)[0m                                                                                '{answer}\n'
[36m(TaskRunner pid=266218)[0m                                                                                '\n'
[36m(TaskRunner pid=266218)[0m                                                                                'After '
[36m(TaskRunner pid=266218)[0m                                                                                'understanding '
[36m(TaskRunner pid=266218)[0m                                                                                'the '
[36m(TaskRunner pid=266218)[0m                                                                                'reference '
[36m(TaskRunner pid=266218)[0m                                                                                'solution, '
[36m(TaskRunner pid=266218)[0m                                                                                'please '
[36m(TaskRunner pid=266218)[0m                                                                                'try '
[36m(TaskRunner pid=266218)[0m                                                                                'to '
[36m(TaskRunner pid=266218)[0m                                                                                'solve '
[36m(TaskRunner pid=266218)[0m                                                                                'this '
[36m(TaskRunner pid=266218)[0m                                                                                'problem '
[36m(TaskRunner pid=266218)[0m                                                                                'using '
[36m(TaskRunner pid=266218)[0m                                                                                'your '
[36m(TaskRunner pid=266218)[0m                                                                                'own '
[36m(TaskRunner pid=266218)[0m                                                                                'approach '
[36m(TaskRunner pid=266218)[0m                                                                                'below:',
[36m(TaskRunner pid=266218)[0m                                                        'distillation_add_tail': True,
[36m(TaskRunner pid=266218)[0m                                                        'distillation_topk': 100,
[36m(TaskRunner pid=266218)[0m                                                        'dont_reprompt_on_self_success': True,
[36m(TaskRunner pid=266218)[0m                                                        'environment_feedback_only_without_solution': True,
[36m(TaskRunner pid=266218)[0m                                                        'evt_clip_neg': 2.0,
[36m(TaskRunner pid=266218)[0m                                                        'evt_clip_pos': 1.0,
[36m(TaskRunner pid=266218)[0m                                                        'evt_ema_eta': 0.05,
[36m(TaskRunner pid=266218)[0m                                                        'evt_enable': False,
[36m(TaskRunner pid=266218)[0m                                                        'evt_negative_only': False,
[36m(TaskRunner pid=266218)[0m                                                        'evt_neutral_base': 0.0,
[36m(TaskRunner pid=266218)[0m                                                        'evt_token_fraction': 0.2,
[36m(TaskRunner pid=266218)[0m                                                        'evt_ubar_init': None,
[36m(TaskRunner pid=266218)[0m                                                        'fallback_to_policy_loss_on_missing_teacher': False,
[36m(TaskRunner pid=266218)[0m                                                        'feedback_template': '\n'
[36m(TaskRunner pid=266218)[0m                                                                             'The '
[36m(TaskRunner pid=266218)[0m                                                                             'following '
[36m(TaskRunner pid=266218)[0m                                                                             'is '
[36m(TaskRunner pid=266218)[0m                                                                             'feedback '
[36m(TaskRunner pid=266218)[0m                                                                             'from '
[36m(TaskRunner pid=266218)[0m                                                                             'your '
[36m(TaskRunner pid=266218)[0m                                                                             'unsuccessful '
[36m(TaskRunner pid=266218)[0m                                                                             'earlier '
[36m(TaskRunner pid=266218)[0m                                                                             'attempt:\n'
[36m(TaskRunner pid=266218)[0m                                                                             '\n'
[36m(TaskRunner pid=266218)[0m                                                                             '{feedback_raw}',
[36m(TaskRunner pid=266218)[0m                                                        'full_logit_distillation': True,
[36m(TaskRunner pid=266218)[0m                                                        'gamma': 1.0,
[36m(TaskRunner pid=266218)[0m                                                        'include_environment_feedback': False,
[36m(TaskRunner pid=266218)[0m                                                        'is_clip': 2.0,
[36m(TaskRunner pid=266218)[0m                                                        'log_prob_dump_dir': None,
[36m(TaskRunner pid=266218)[0m                                                        'max_reprompt_len': 10240,
[36m(TaskRunner pid=266218)[0m                                                        'null_image_key': 'null_images',
[36m(TaskRunner pid=266218)[0m                                                        'opsa_advantage_max': -0.5,
[36m(TaskRunner pid=266218)[0m                                                        'opsa_advantage_min': -1.0,
[36m(TaskRunner pid=266218)[0m                                                        'opsa_enable': False,
[36m(TaskRunner pid=266218)[0m                                                        'opsa_fixed_advantage': None,
[36m(TaskRunner pid=266218)[0m                                                        'opsa_mode': 'entropy',
[36m(TaskRunner pid=266218)[0m                                                        'opsa_token_fraction': 0.2,
[36m(TaskRunner pid=266218)[0m                                                        'remove_thinking_from_demonstration': True,
[36m(TaskRunner pid=266218)[0m                                                        'reprompt_template': '{prompt}{solution}{feedback}\n'
[36m(TaskRunner pid=266218)[0m                                                                             '\n'
[36m(TaskRunner pid=266218)[0m                                                                             'Correctly '
[36m(TaskRunner pid=266218)[0m                                                                             'solve '
[36m(TaskRunner pid=266218)[0m                                                                             'the '
[36m(TaskRunner pid=266218)[0m                                                                             'original '
[36m(TaskRunner pid=266218)[0m                                                                             'question.',
[36m(TaskRunner pid=266218)[0m                                                        'reprompt_truncation': 'right',
[36m(TaskRunner pid=266218)[0m                                                        'sa_beta_max': 8.0,
[36m(TaskRunner pid=266218)[0m                                                        'sa_binary_iters': 8,
[36m(TaskRunner pid=266218)[0m                                                        'sa_center_u': False,
[36m(TaskRunner pid=266218)[0m                                                        'sa_eps_max': 0.5,
[36m(TaskRunner pid=266218)[0m                                                        'sa_lambda': 1.0,
[36m(TaskRunner pid=266218)[0m                                                        'sa_rho': 0.9,
[36m(TaskRunner pid=266218)[0m                                                        'sa_tau_e': 0.03,
[36m(TaskRunner pid=266218)[0m                                                        'sa_temp_e': 0.015,
[36m(TaskRunner pid=266218)[0m                                                        'sa_u_clip': None,
[36m(TaskRunner pid=266218)[0m                                                        'sa_zero_floor': False,
[36m(TaskRunner pid=266218)[0m                                                        'solution_template': '\n'
[36m(TaskRunner pid=266218)[0m                                                                             'Correct '
[36m(TaskRunner pid=266218)[0m                                                                             'solution:\n'
[36m(TaskRunner pid=266218)[0m                                                                             '\n'
[36m(TaskRunner pid=266218)[0m                                                                             '{successful_previous_attempt}',
[36m(TaskRunner pid=266218)[0m                                                        'state_adaptive': False,
[36m(TaskRunner pid=266218)[0m                                                        'success_reward_threshold': 0.5,
[36m(TaskRunner pid=266218)[0m                                                        'teacher_always_on': True,
[36m(TaskRunner pid=266218)[0m                                                        'teacher_image_key': 'bbox_images',
[36m(TaskRunner pid=266218)[0m                                                        'teacher_model_path': None,
[36m(TaskRunner pid=266218)[0m                                                        'teacher_model_source': 'legacy',
[36m(TaskRunner pid=266218)[0m                                                        'teacher_prompt_mode': None,
[36m(TaskRunner pid=266218)[0m                                                        'teacher_regularization': 'ema',
[36m(TaskRunner pid=266218)[0m                                                        'teacher_update_interval': None,
[36m(TaskRunner pid=266218)[0m                                                        'teacher_update_rate': 0.0},
[36m(TaskRunner pid=266218)[0m                                  'shuffle': False,
[36m(TaskRunner pid=266218)[0m                                  'strategy': 'fsdp',
[36m(TaskRunner pid=266218)[0m                                  'sum_pi_squared_checkpointing': False,
[36m(TaskRunner pid=266218)[0m                                  'tau_neg': 1.05,
[36m(TaskRunner pid=266218)[0m                                  'tau_pos': 1.0,
[36m(TaskRunner pid=266218)[0m                                  'ulysses_sequence_parallel_size': 1,
[36m(TaskRunner pid=266218)[0m                                  'use_dynamic_bsz': True,
[36m(TaskRunner pid=266218)[0m                                  'use_fused_kernels': False,
[36m(TaskRunner pid=266218)[0m                                  'use_kl_loss': False,
[36m(TaskRunner pid=266218)[0m                                  'use_prefix_grouper': False,
[36m(TaskRunner pid=266218)[0m                                  'use_remove_padding': True,
[36m(TaskRunner pid=266218)[0m                                  'use_torch_compile': True},
[36m(TaskRunner pid=266218)[0m                        'hybrid_engine': True,
[36m(TaskRunner pid=266218)[0m                        'model': {'_target_': 'verl.workers.config.HFModelConfig',
[36m(TaskRunner pid=266218)[0m                                  'custom_chat_template': None,
[36m(TaskRunner pid=266218)[0m                                  'custom_chat_template_file': '/sfs/weka/scratch/nkw3mr/Vision-OPD-OPSA/chat_templates/perception_chat_template_qwen35.jinja',
[36m(TaskRunner pid=266218)[0m                                  'enable_activation_offload': False,
[36m(TaskRunner pid=266218)[0m                                  'enable_gradient_checkpointing': True,
[36m(TaskRunner pid=266218)[0m                                  'exclude_modules': None,
[36m(TaskRunner pid=266218)[0m                                  'external_lib': None,
[36m(TaskRunner pid=266218)[0m                                  'fused_kernel_options': {'impl_backend': 'torch'},
[36m(TaskRunner pid=266218)[0m                                  'hf_config_path': None,
[36m(TaskRunner pid=266218)[0m                                  'lora_adapter_path': None,
[36m(TaskRunner pid=266218)[0m                                  'lora_alpha': 16,
[36m(TaskRunner pid=266218)[0m                                  'lora_rank': 0,
[36m(TaskRunner pid=266218)[0m                                  'override_config': {},
[36m(TaskRunner pid=266218)[0m                                  'path': 'Qwen/Qwen3.5-4B',
[36m(TaskRunner pid=266218)[0m                                  'target_modules': 'all-linear',
[36m(TaskRunner pid=266218)[0m                                  'tiled_mlp': {'enabled': False,
[36m(TaskRunner pid=266218)[0m                                                'num_shards': 4},
[36m(TaskRunner pid=266218)[0m                                  'tokenizer_path': None,
[36m(TaskRunner pid=266218)[0m                                  'trust_remote_code': True,
[36m(TaskRunner pid=266218)[0m                                  'use_fused_kernels': False,
[36m(TaskRunner pid=266218)[0m                                  'use_liger': False,
[36m(TaskRunner pid=266218)[0m                                  'use_remove_padding': True,
[36m(TaskRunner pid=266218)[0m                                  'use_shm': False},
[36m(TaskRunner pid=266218)[0m                        'nccl_timeout': 600,
[36m(TaskRunner pid=266218)[0m                        'ref': {'_target_': 'verl.workers.config.FSDPActorConfig',
[36m(TaskRunner pid=266218)[0m                                'entropy_checkpointing': False,
[36m(TaskRunner pid=266218)[0m                                'entropy_from_logits_with_chunking': False,
[36m(TaskRunner pid=266218)[0m                                'fsdp_config': {'_target_': 'verl.workers.config.FSDPEngineConfig',
[36m(TaskRunner pid=266218)[0m                                                'dtype': 'bfloat16',
[36m(TaskRunner pid=266218)[0m                                                'entropy_checkpointing': False,
[36m(TaskRunner pid=266218)[0m                                                'entropy_from_logits_with_chunking': False,
[36m(TaskRunner pid=266218)[0m                                                'forward_only': True,
[36m(TaskRunner pid=266218)[0m                                                'forward_prefetch': False,
[36m(TaskRunner pid=266218)[0m                                                'fsdp_size': -1,
[36m(TaskRunner pid=266218)[0m                                                'full_determinism': False,
[36m(TaskRunner pid=266218)[0m                                                'model_dtype': 'fp32',
[36m(TaskRunner pid=266218)[0m                                                'offload_policy': False,
[36m(TaskRunner pid=266218)[0m                                                'optimizer_offload': False,
[36m(TaskRunner pid=266218)[0m                                                'param_offload': True,
[36m(TaskRunner pid=266218)[0m                                                'reshard_after_forward': True,
[36m(TaskRunner pid=266218)[0m                                                'seed': 42,
[36m(TaskRunner pid=266218)[0m                                                'strategy': 'fsdp',
[36m(TaskRunner pid=266218)[0m                                                'ulysses_sequence_parallel_size': 1,
[36m(TaskRunner pid=266218)[0m                                                'use_orig_params': False,
[36m(TaskRunner pid=266218)[0m                                                'use_torch_compile': True,
[36m(TaskRunner pid=266218)[0m                                                'wrap_policy': {'min_num_params': 0}},
[36m(TaskRunner pid=266218)[0m                                'log_prob_max_token_len_per_gpu': 5632,
[36m(TaskRunner pid=266218)[0m                                'log_prob_micro_batch_size': None,
[36m(TaskRunner pid=266218)[0m                                'log_prob_micro_batch_size_per_gpu': 1,
[36m(TaskRunner pid=266218)[0m                                'log_prob_use_dynamic_bsz': True,
[36m(TaskRunner pid=266218)[0m                                'profiler': {'_target_': 'verl.utils.profiler.ProfilerConfig',
[36m(TaskRunner pid=266218)[0m                                             'all_ranks': False,
[36m(TaskRunner pid=266218)[0m                                             'enable': False,
[36m(TaskRunner pid=266218)[0m                                             'ranks': [],
[36m(TaskRunner pid=266218)[0m                                             'save_path': 'outputs/profile',
[36m(TaskRunner pid=266218)[0m                                             'tool': None,
[36m(TaskRunner pid=266218)[0m                                             'tool_config': {'npu': {'_target_': 'verl.utils.profiler.config.NPUToolConfig',
[36m(TaskRunner pid=266218)[0m                                                                     'analysis': True,
[36m(TaskRunner pid=266218)[0m                                                                     'contents': [],
[36m(TaskRunner pid=266218)[0m                                                                     'discrete': False,
[36m(TaskRunner pid=266218)[0m                                                                     'level': 'level0'},
[36m(TaskRunner pid=266218)[0m                                                             'nsys': {'_target_': 'verl.utils.profiler.config.NsightToolConfig',
[36m(TaskRunner pid=266218)[0m                                                                      'discrete': False},
[36m(TaskRunner pid=266218)[0m                                                             'torch': {'_target_': 'verl.utils.profiler.config.TorchProfilerToolConfig',
[36m(TaskRunner pid=266218)[0m                                                                       'step_end': None,
[36m(TaskRunner pid=266218)[0m                                                                       'step_start': 0},
[36m(TaskRunner pid=266218)[0m                                                             'torch_memory': {'_target_': 'verl.utils.profiler.config.TorchMemoryToolConfig',
[36m(TaskRunner pid=266218)[0m                                                                              'stack_depth': 32,
[36m(TaskRunner pid=266218)[0m                                                                              'trace_alloc_max_entries': 100000}}},
[36m(TaskRunner pid=266218)[0m                                'rollout_n': 8,
[36m(TaskRunner pid=266218)[0m                                'router_replay': {'_target_': 'verl.workers.config.RouterReplayConfig',
[36m(TaskRunner pid=266218)[0m                                                  'mode': 'disabled',
[36m(TaskRunner pid=266218)[0m                                                  'record_file': None,
[36m(TaskRunner pid=266218)[0m                                                  'replay_file': None},
[36m(TaskRunner pid=266218)[0m                                'strategy': 'fsdp',
[36m(TaskRunner pid=266218)[0m                                'ulysses_sequence_parallel_size': 1,
[36m(TaskRunner pid=266218)[0m                                'use_torch_compile': True},
[36m(TaskRunner pid=266218)[0m                        'rollout': {'_target_': 'verl.workers.config.RolloutConfig',
[36m(TaskRunner pid=266218)[0m                                    'agent': {'_target_': 'verl.workers.config.AgentLoopConfig',
[36m(TaskRunner pid=266218)[0m                                              'agent_loop_config_path': None,
[36m(TaskRunner pid=266218)[0m                                              'custom_async_server': {'_target_': 'verl.workers.config.CustomAsyncServerConfig',
[36m(TaskRunner pid=266218)[0m                                                                      'name': None,
[36m(TaskRunner pid=266218)[0m                                                                      'path': None},
[36m(TaskRunner pid=266218)[0m                                              'default_agent_loop': 'single_turn_agent',
[36m(TaskRunner pid=266218)[0m                                              'num_workers': 8},
[36m(TaskRunner pid=266218)[0m                                    'calculate_log_probs': True,
[36m(TaskRunner pid=266218)[0m                                    'cudagraph_capture_sizes': None,
[36m(TaskRunner pid=266218)[0m                                    'data_parallel_size': 1,
[36m(TaskRunner pid=266218)[0m                                    'disable_log_stats': True,
[36m(TaskRunner pid=266218)[0m                                    'do_sample': True,
[36m(TaskRunner pid=266218)[0m                                    'dtype': 'bfloat16',
[36m(TaskRunner pid=266218)[0m                                    'enable_chunked_prefill': True,
[36m(TaskRunner pid=266218)[0m                                    'enable_prefix_caching': True,
[36m(TaskRunner pid=266218)[0m                                    'enable_rollout_routing_replay': False,
[36m(TaskRunner pid=266218)[0m                                    'enforce_eager': False,
[36m(TaskRunner pid=266218)[0m                                    'engine_kwargs': {'sglang': {},
[36m(TaskRunner pid=266218)[0m                                                      'vllm': {'compilation_config': {'pass_config': {'fuse_allreduce_rms': False}},
[36m(TaskRunner pid=266218)[0m                                                               'kernel_config': {'enable_flashinfer_autotune': False}}},
[36m(TaskRunner pid=266218)[0m                                    'expert_parallel_size': 1,
[36m(TaskRunner pid=266218)[0m                                    'free_cache_engine': True,
[36m(TaskRunner pid=266218)[0m                                    'gpu_memory_utilization': 0.7,
[36m(TaskRunner pid=266218)[0m                                    'ignore_eos': False,
[36m(TaskRunner pid=266218)[0m                                    'layered_summon': False,
[36m(TaskRunner pid=266218)[0m                                    'load_format': 'dummy',
[36m(TaskRunner pid=266218)[0m                                    'log_prob_max_token_len_per_gpu': 5632,
[36m(TaskRunner pid=266218)[0m                                    'log_prob_micro_batch_size': None,
[36m(TaskRunner pid=266218)[0m                                    'log_prob_micro_batch_size_per_gpu': 1,
[36m(TaskRunner pid=266218)[0m                                    'log_prob_use_dynamic_bsz': True,
[36m(TaskRunner pid=266218)[0m                                    'logprobs_mode': 'processed_logprobs',
[36m(TaskRunner pid=266218)[0m                                    'max_model_len': 5632,
[36m(TaskRunner pid=266218)[0m                                    'max_num_batched_tokens': 5632,
[36m(TaskRunner pid=266218)[0m                                    'max_num_seqs': 1024,
[36m(TaskRunner pid=266218)[0m                                    'mode': 'async',
[36m(TaskRunner pid=266218)[0m                                    'multi_stage_wake_up': False,
[36m(TaskRunner pid=266218)[0m                                    'multi_turn': {'_target_': 'verl.workers.config.MultiTurnConfig',
[36m(TaskRunner pid=266218)[0m                                                   'enable': False,
[36m(TaskRunner pid=266218)[0m                                                   'format': 'hermes',
[36m(TaskRunner pid=266218)[0m                                                   'interaction_config_path': None,
[36m(TaskRunner pid=266218)[0m                                                   'max_assistant_turns': None,
[36m(TaskRunner pid=266218)[0m                                                   'max_parallel_calls': 1,
[36m(TaskRunner pid=266218)[0m                                                   'max_tool_response_length': 256,
[36m(TaskRunner pid=266218)[0m                                                   'max_user_turns': None,
[36m(TaskRunner pid=266218)[0m                                                   'num_repeat_rollouts': None,
[36m(TaskRunner pid=266218)[0m                                                   'tokenization_sanity_check_mode': 'strict',
[36m(TaskRunner pid=266218)[0m                                                   'tool_config_path': None,
[36m(TaskRunner pid=266218)[0m                                                   'tool_response_truncate_side': 'middle',
[36m(TaskRunner pid=266218)[0m                                                   'use_inference_chat_template': False},
[36m(TaskRunner pid=266218)[0m                                    'n': 8,
[36m(TaskRunner pid=266218)[0m                                    'name': 'vllm',
[36m(TaskRunner pid=266218)[0m                                    'over_sample_rate': 0,
[36m(TaskRunner pid=266218)[0m                                    'pipeline_model_parallel_size': 1,
[36m(TaskRunner pid=266218)[0m                                    'profiler': {'_target_': 'verl.utils.profiler.ProfilerConfig',
[36m(TaskRunner pid=266218)[0m                                                 'all_ranks': False,
[36m(TaskRunner pid=266218)[0m                                                 'enable': False,
[36m(TaskRunner pid=266218)[0m                                                 'ranks': [],
[36m(TaskRunner pid=266218)[0m                                                 'save_path': 'outputs/profile',
[36m(TaskRunner pid=266218)[0m                                                 'tool': None,
[36m(TaskRunner pid=266218)[0m                                                 'tool_config': {'npu': {'_target_': 'verl.utils.profiler.config.NPUToolConfig',
[36m(TaskRunner pid=266218)[0m                                                                         'analysis': True,
[36m(TaskRunner pid=266218)[0m                                                                         'contents': [],
[36m(TaskRunner pid=266218)[0m                                                                         'discrete': False,
[36m(TaskRunner pid=266218)[0m                                                                         'level': 'level0'},
[36m(TaskRunner pid=266218)[0m                                                                 'nsys': {'_target_': 'verl.utils.profiler.config.NsightToolConfig',
[36m(TaskRunner pid=266218)[0m                                                                          'discrete': False},
[36m(TaskRunner pid=266218)[0m                                                                 'torch': {'_target_': 'verl.utils.profiler.config.TorchProfilerToolConfig',
[36m(TaskRunner pid=266218)[0m                                                                           'step_end': None,
[36m(TaskRunner pid=266218)[0m                                                                           'step_start': 0},
[36m(TaskRunner pid=266218)[0m                                                                 'torch_memory': {'_target_': 'verl.utils.profiler.config.TorchMemoryToolConfig',
[36m(TaskRunner pid=266218)[0m                                                                                  'stack_depth': 32,
[36m(TaskRunner pid=266218)[0m                                                                                  'trace_alloc_max_entries': 100000}}},
[36m(TaskRunner pid=266218)[0m                                    'prometheus': {'_target_': 'verl.workers.config.PrometheusConfig',
[36m(TaskRunner pid=266218)[0m                                                   'enable': False,
[36m(TaskRunner pid=266218)[0m                                                   'file': '/tmp/ray/session_latest/metrics/prometheus/prometheus.yml',
[36m(TaskRunner pid=266218)[0m                                                   'port': 9090,
[36m(TaskRunner pid=266218)[0m                                                   'served_model_name': 'Qwen/Qwen3.5-4B'},
[36m(TaskRunner pid=266218)[0m                                    'prompt_length': 4608,
[36m(TaskRunner pid=266218)[0m                                    'quantization': None,
[36m(TaskRunner pid=266218)[0m                                    'quantization_config_file': None,
[36m(TaskRunner pid=266218)[0m                                    'response_length': 1024,
[36m(TaskRunner pid=266218)[0m                                    'scheduling_policy': 'fcfs',
[36m(TaskRunner pid=266218)[0m                                    'skip_dump_dir': '/tmp/rollout_dump',
[36m(TaskRunner pid=266218)[0m                                    'skip_rollout': False,
[36m(TaskRunner pid=266218)[0m                                    'skip_tokenizer_init': True,
[36m(TaskRunner pid=266218)[0m                                    'temperature': 1.0,
[36m(TaskRunner pid=266218)[0m                                    'tensor_model_parallel_size': 1,
[36m(TaskRunner pid=266218)[0m                                    'top_k': -1,
[36m(TaskRunner pid=266218)[0m                                    'top_p': 1,
[36m(TaskRunner pid=266218)[0m                                    'trace': {'_target_': 'verl.workers.config.TraceConfig',
[36m(TaskRunner pid=266218)[0m                                              'backend': None,
[36m(TaskRunner pid=266218)[0m                                              'max_samples_per_step_per_worker': None,
[36m(TaskRunner pid=266218)[0m                                              'token2text': False},
[36m(TaskRunner pid=266218)[0m                                    'update_weights_bucket_megabytes': 512,
[36m(TaskRunner pid=266218)[0m                                    'val_kwargs': {'_target_': 'verl.workers.config.SamplingConfig',
[36m(TaskRunner pid=266218)[0m                                                   'do_sample': False,
[36m(TaskRunner pid=266218)[0m                                                   'n': 1,
[36m(TaskRunner pid=266218)[0m                                                   'temperature': 0,
[36m(TaskRunner pid=266218)[0m                                                   'top_k': -1,
[36m(TaskRunner pid=266218)[0m                                                   'top_p': 1.0}}},
[36m(TaskRunner pid=266218)[0m  'algorithm': {'_target_': 'verl.trainer.config.AlgoConfig',
[36m(TaskRunner pid=266218)[0m                'adv_estimator': 'grpo',
[36m(TaskRunner pid=266218)[0m                'gamma': 1.0,
[36m(TaskRunner pid=266218)[0m                'kl_ctrl': {'_target_': 'verl.trainer.config.KLControlConfig',
[36m(TaskRunner pid=266218)[0m                            'horizon': 10000,
[36m(TaskRunner pid=266218)[0m                            'kl_coef': 0.001,
[36m(TaskRunner pid=266218)[0m                            'target_kl': 0.1,
[36m(TaskRunner pid=266218)[0m                            'type': 'fixed'},
[36m(TaskRunner pid=266218)[0m                'kl_penalty': 'kl',
[36m(TaskRunner pid=266218)[0m                'lam': 1.0,
[36m(TaskRunner pid=266218)[0m                'norm_adv_by_std_in_grpo': False,
[36m(TaskRunner pid=266218)[0m                'pf_ppo': {'reweight_method': 'pow', 'weight_pow': 2.0},
[36m(TaskRunner pid=266218)[0m                'rollout_correction': {'bypass_mode': False,
[36m(TaskRunner pid=266218)[0m                                       'loss_type': 'ppo_clip',
[36m(TaskRunner pid=266218)[0m                                       'rollout_is': 'token',
[36m(TaskRunner pid=266218)[0m                                       'rollout_is_batch_normalize': False,
[36m(TaskRunner pid=266218)[0m                                       'rollout_is_threshold': 2.0,
[36m(TaskRunner pid=266218)[0m                                       'rollout_rs': None,
[36m(TaskRunner pid=266218)[0m                                       'rollout_rs_threshold': None},
[36m(TaskRunner pid=266218)[0m                'use_kl_in_reward': False,
[36m(TaskRunner pid=266218)[0m                'use_pf_ppo': False},
[36m(TaskRunner pid=266218)[0m  'critic': {'_target_': 'verl.workers.config.FSDPCriticConfig',
[36m(TaskRunner pid=266218)[0m             'checkpoint': {'_target_': 'verl.trainer.config.CheckpointConfig',
[36m(TaskRunner pid=266218)[0m                            'async_save': False,
[36m(TaskRunner pid=266218)[0m                            'load_contents': ['model', 'optimizer', 'extra'],
[36m(TaskRunner pid=266218)[0m                            'save_contents': ['model', 'optimizer', 'extra']},
[36m(TaskRunner pid=266218)[0m             'cliprange_value': 0.5,
[36m(TaskRunner pid=266218)[0m             'data_loader_seed': 42,
[36m(TaskRunner pid=266218)[0m             'enable': None,
[36m(TaskRunner pid=266218)[0m             'forward_max_token_len_per_gpu': 32768,
[36m(TaskRunner pid=266218)[0m             'forward_micro_batch_size': None,
[36m(TaskRunner pid=266218)[0m             'forward_micro_batch_size_per_gpu': None,
[36m(TaskRunner pid=266218)[0m             'grad_clip': 1.0,
[36m(TaskRunner pid=266218)[0m             'loss_agg_mode': 'token-mean',
[36m(TaskRunner pid=266218)[0m             'model': {'_target_': 'verl.workers.config.FSDPCriticModelCfg',
[36m(TaskRunner pid=266218)[0m                       'enable_activation_offload': False,
[36m(TaskRunner pid=266218)[0m                       'enable_gradient_checkpointing': True,
[36m(TaskRunner pid=266218)[0m                       'external_lib': None,
[36m(TaskRunner pid=266218)[0m                       'fsdp_config': {'_target_': 'verl.workers.config.FSDPEngineConfig',
[36m(TaskRunner pid=266218)[0m                                       'dtype': 'bfloat16',
[36m(TaskRunner pid=266218)[0m                                       'entropy_checkpointing': False,
[36m(TaskRunner pid=266218)[0m                                       'entropy_from_logits_with_chunking': False,
[36m(TaskRunner pid=266218)[0m                                       'forward_only': False,
[36m(TaskRunner pid=266218)[0m                                       'forward_prefetch': False,
[36m(TaskRunner pid=266218)[0m                                       'fsdp_size': -1,
[36m(TaskRunner pid=266218)[0m                                       'full_determinism': False,
[36m(TaskRunner pid=266218)[0m                                       'model_dtype': 'fp32',
[36m(TaskRunner pid=266218)[0m                                       'offload_policy': False,
[36m(TaskRunner pid=266218)[0m                                       'optimizer_offload': False,
[36m(TaskRunner pid=266218)[0m                                       'param_offload': False,
[36m(TaskRunner pid=266218)[0m                                       'reshard_after_forward': True,
[36m(TaskRunner pid=266218)[0m                                       'seed': 42,
[36m(TaskRunner pid=266218)[0m                                       'strategy': 'fsdp',
[36m(TaskRunner pid=266218)[0m                                       'ulysses_sequence_parallel_size': 1,
[36m(TaskRunner pid=266218)[0m                                       'use_orig_params': False,
[36m(TaskRunner pid=266218)[0m                                       'use_torch_compile': True,
[36m(TaskRunner pid=266218)[0m                                       'wrap_policy': {'min_num_params': 0}},
[36m(TaskRunner pid=266218)[0m                       'lora_alpha': 16,
[36m(TaskRunner pid=266218)[0m                       'lora_rank': 0,
[36m(TaskRunner pid=266218)[0m                       'override_config': {},
[36m(TaskRunner pid=266218)[0m                       'path': 'Qwen/Qwen3.5-4B',
[36m(TaskRunner pid=266218)[0m                       'target_modules': 'all-linear',
[36m(TaskRunner pid=266218)[0m                       'tiled_mlp': {'enabled': False, 'num_shards': 4},
[36m(TaskRunner pid=266218)[0m                       'tokenizer_path': 'Qwen/Qwen3.5-4B',
[36m(TaskRunner pid=266218)[0m                       'trust_remote_code': True,
[36m(TaskRunner pid=266218)[0m                       'use_remove_padding': False,
[36m(TaskRunner pid=266218)[0m                       'use_shm': False},
[36m(TaskRunner pid=266218)[0m             'optim': {'_target_': 'verl.workers.config.FSDPOptimizerConfig',
[36m(TaskRunner pid=266218)[0m                       'betas': [0.9, 0.999],
[36m(TaskRunner pid=266218)[0m                       'clip_grad': 1.0,
[36m(TaskRunner pid=266218)[0m                       'lr': 1e-05,
[36m(TaskRunner pid=266218)[0m                       'lr_scheduler_type': 'constant',
[36m(TaskRunner pid=266218)[0m                       'lr_warmup_steps': -1,
[36m(TaskRunner pid=266218)[0m                       'lr_warmup_steps_ratio': 0.0,
[36m(TaskRunner pid=266218)[0m                       'min_lr_ratio': 0.0,
[36m(TaskRunner pid=266218)[0m                       'num_cycles': 0.5,
[36m(TaskRunner pid=266218)[0m                       'optimizer': 'AdamW',
[36m(TaskRunner pid=266218)[0m                       'optimizer_impl': 'torch.optim',
[36m(TaskRunner pid=266218)[0m                       'override_optimizer_config': None,
[36m(TaskRunner pid=266218)[0m                       'total_training_steps': -1,
[36m(TaskRunner pid=266218)[0m                       'warmup_style': None,
[36m(TaskRunner pid=266218)[0m                       'weight_decay': 0.01},
[36m(TaskRunner pid=266218)[0m             'ppo_epochs': 1,
[36m(TaskRunner pid=266218)[0m             'ppo_max_token_len_per_gpu': 32768,
[36m(TaskRunner pid=266218)[0m             'ppo_micro_batch_size': None,
[36m(TaskRunner pid=266218)[0m             'ppo_micro_batch_size_per_gpu': None,
[36m(TaskRunner pid=266218)[0m             'ppo_mini_batch_size': 96,
[36m(TaskRunner pid=266218)[0m             'profiler': {'_target_': 'verl.utils.profiler.ProfilerConfig',
[36m(TaskRunner pid=266218)[0m                          'all_ranks': False,
[36m(TaskRunner pid=266218)[0m                          'enable': False,
[36m(TaskRunner pid=266218)[0m                          'ranks': [],
[36m(TaskRunner pid=266218)[0m                          'save_path': 'outputs/profile',
[36m(TaskRunner pid=266218)[0m                          'tool': None,
[36m(TaskRunner pid=266218)[0m                          'tool_config': {'npu': {'_target_': 'verl.utils.profiler.config.NPUToolConfig',
[36m(TaskRunner pid=266218)[0m                                                  'analysis': True,
[36m(TaskRunner pid=266218)[0m                                                  'contents': [],
[36m(TaskRunner pid=266218)[0m                                                  'discrete': False,
[36m(TaskRunner pid=266218)[0m                                                  'level': 'level0'},
[36m(TaskRunner pid=266218)[0m                                          'nsys': {'_target_': 'verl.utils.profiler.config.NsightToolConfig',
[36m(TaskRunner pid=266218)[0m                                                   'discrete': False},
[36m(TaskRunner pid=266218)[0m                                          'torch': {'_target_': 'verl.utils.profiler.config.TorchProfilerToolConfig',
[36m(TaskRunner pid=266218)[0m                                                    'step_end': None,
[36m(TaskRunner pid=266218)[0m                                                    'step_start': 0},
[36m(TaskRunner pid=266218)[0m                                          'torch_memory': {'_target_': 'verl.utils.profiler.config.TorchMemoryToolConfig',
[36m(TaskRunner pid=266218)[0m                                                           'stack_depth': 32,
[36m(TaskRunner pid=266218)[0m                                                           'trace_alloc_max_entries': 100000}}},
[36m(TaskRunner pid=266218)[0m             'rollout_n': 8,
[36m(TaskRunner pid=266218)[0m             'shuffle': False,
[36m(TaskRunner pid=266218)[0m             'strategy': 'fsdp',
[36m(TaskRunner pid=266218)[0m             'ulysses_sequence_parallel_size': 1,
[36m(TaskRunner pid=266218)[0m             'use_dynamic_bsz': True},
[36m(TaskRunner pid=266218)[0m  'custom_reward_function': {'name': 'compute_score', 'path': None},
[36m(TaskRunner pid=266218)[0m  'data': {'apply_chat_template_kwargs': {},
[36m(TaskRunner pid=266218)[0m           'custom_cls': {'name': None, 'path': None},
[36m(TaskRunner pid=266218)[0m           'datagen': {'name': None, 'path': None},
[36m(TaskRunner pid=266218)[0m           'dataloader_num_workers': 8,
[36m(TaskRunner pid=266218)[0m           'filter_overlong_prompts': False,
[36m(TaskRunner pid=266218)[0m           'filter_overlong_prompts_workers': 1,
[36m(TaskRunner pid=266218)[0m           'image_key': 'images',
[36m(TaskRunner pid=266218)[0m           'image_patch_size': 14,
[36m(TaskRunner pid=266218)[0m           'max_prompt_length': 4608,
[36m(TaskRunner pid=266218)[0m           'max_response_length': 1024,
[36m(TaskRunner pid=266218)[0m           'prompt_key': 'prompt',
[36m(TaskRunner pid=266218)[0m           'return_full_prompt': False,
[36m(TaskRunner pid=266218)[0m           'return_multi_modal_inputs': True,
[36m(TaskRunner pid=266218)[0m           'return_raw_chat': True,
[36m(TaskRunner pid=266218)[0m           'return_raw_input_ids': False,
[36m(TaskRunner pid=266218)[0m           'reward_fn_key': 'data_source',
[36m(TaskRunner pid=266218)[0m           'sampler': {'class_name': None, 'class_path': None},
[36m(TaskRunner pid=266218)[0m           'seed': None,
[36m(TaskRunner pid=266218)[0m           'shuffle': True,
[36m(TaskRunner pid=266218)[0m           'tokenizer': None,
[36m(TaskRunner pid=266218)[0m           'tool_config_path': None,
[36m(TaskRunner pid=266218)[0m           'train_batch_size': 96,
[36m(TaskRunner pid=266218)[0m           'train_files': ['/sfs/weka/scratch/nkw3mr/Vision-OPD-OPSA/data/TreeVGR-RL-37K/train_sa4k_aha.parquet'],
[36m(TaskRunner pid=266218)[0m           'train_max_samples': -1,
[36m(TaskRunner pid=266218)[0m           'truncation': 'error',
[36m(TaskRunner pid=266218)[0m           'trust_remote_code': True,
[36m(TaskRunner pid=266218)[0m           'use_shm': False,
[36m(TaskRunner pid=266218)[0m           'val_batch_size': None,
[36m(TaskRunner pid=266218)[0m           'val_files': [],
[36m(TaskRunner pid=266218)[0m           'val_max_samples': -1,
[36m(TaskRunner pid=266218)[0m           'validation_shuffle': False,
[36m(TaskRunner pid=266218)[0m           'video_key': 'videos'},
[36m(TaskRunner pid=266218)[0m  'global_profiler': {'_target_': 'verl.utils.profiler.ProfilerConfig',
[36m(TaskRunner pid=266218)[0m                      'global_tool_config': {'nsys': {'_target_': 'verl.utils.profiler.config.NsightToolConfig',
[36m(TaskRunner pid=266218)[0m                                                      'controller_nsight_options': {'cuda-graph-trace': 'graph',
[36m(TaskRunner pid=266218)[0m                                                                                    'cuda-memory-usage': 'true',
[36m(TaskRunner pid=266218)[0m                                                                                    'trace': 'cuda,nvtx,cublas,ucx'},
[36m(TaskRunner pid=266218)[0m                                                      'discrete': False,
[36m(TaskRunner pid=266218)[0m                                                      'worker_nsight_options': {'capture-range': 'cudaProfilerApi',
[36m(TaskRunner pid=266218)[0m                                                                                'capture-range-end': None,
[36m(TaskRunner pid=266218)[0m                                                                                'cuda-graph-trace': 'graph',
[36m(TaskRunner pid=266218)[0m                                                                                'cuda-memory-usage': 'true',
[36m(TaskRunner pid=266218)[0m                                                                                'kill': 'none',
[36m(TaskRunner pid=266218)[0m                                                                                'trace': 'cuda,nvtx,cublas,ucx'}},
[36m(TaskRunner pid=266218)[0m                                             'torch_memory': {'context': 'all',
[36m(TaskRunner pid=266218)[0m                                                              'kw_args': {},
[36m(TaskRunner pid=266218)[0m                                                              'stack_depth': 32,
[36m(TaskRunner pid=266218)[0m                                                              'stacks': 'all',
[36m(TaskRunner pid=266218)[0m                                                              'trace_alloc_max_entries': 100000}},
[36m(TaskRunner pid=266218)[0m                      'profile_continuous_steps': False,
[36m(TaskRunner pid=266218)[0m                      'save_path': 'outputs/profile',
[36m(TaskRunner pid=266218)[0m                      'steps': None,
[36m(TaskRunner pid=266218)[0m                      'tool': None},
[36m(TaskRunner pid=266218)[0m  'max_model_len': 18944,
[36m(TaskRunner pid=266218)[0m  'ray_kwargs': {'ray_init': {'num_cpus': None}, 'timeline_json_file': None},
[36m(TaskRunner pid=266218)[0m  'reward_manager': {'_target_': 'verl.trainer.config.config.RewardManagerConfig',
[36m(TaskRunner pid=266218)[0m                     'module': {'_target_': 'verl.trainer.config.config.ModuleConfig',
[36m(TaskRunner pid=266218)[0m                                'name': 'custom_reward_manager',
[36m(TaskRunner pid=266218)[0m                                'path': None},
[36m(TaskRunner pid=266218)[0m                     'name': 'naive',
[36m(TaskRunner pid=266218)[0m                     'source': 'register'},
[36m(TaskRunner pid=266218)[0m  'reward_model': {'enable': False,
[36m(TaskRunner pid=266218)[0m                   'enable_resource_pool': False,
[36m(TaskRunner pid=266218)[0m                   'forward_max_token_len_per_gpu': 32768,
[36m(TaskRunner pid=266218)[0m                   'launch_reward_fn_async': False,
[36m(TaskRunner pid=266218)[0m                   'max_length': None,
[36m(TaskRunner pid=266218)[0m                   'micro_batch_size': None,
[36m(TaskRunner pid=266218)[0m                   'micro_batch_size_per_gpu': None,
[36m(TaskRunner pid=266218)[0m                   'model': {'external_lib': None,
[36m(TaskRunner pid=266218)[0m                             'fsdp_config': {'_target_': 'verl.workers.config.FSDPEngineConfig',
[36m(TaskRunner pid=266218)[0m                                             'forward_prefetch': False,
[36m(TaskRunner pid=266218)[0m                                             'fsdp_size': -1,
[36m(TaskRunner pid=266218)[0m                                             'param_offload': False,
[36m(TaskRunner pid=266218)[0m                                             'reshard_after_forward': True,
[36m(TaskRunner pid=266218)[0m                                             'wrap_policy': {'min_num_params': 0}},
[36m(TaskRunner pid=266218)[0m                             'input_tokenizer': 'Qwen/Qwen3.5-4B',
[36m(TaskRunner pid=266218)[0m                             'override_config': {},
[36m(TaskRunner pid=266218)[0m                             'path': '~/models/FsfairX-LLaMA3-RM-v0.1',
[36m(TaskRunner pid=266218)[0m                             'trust_remote_code': False,
[36m(TaskRunner pid=266218)[0m                             'use_fused_kernels': False,
[36m(TaskRunner pid=266218)[0m                             'use_remove_padding': False,
[36m(TaskRunner pid=266218)[0m                             'use_shm': False},
[36m(TaskRunner pid=266218)[0m                   'n_gpus_per_node': 8,
[36m(TaskRunner pid=266218)[0m                   'nnodes': 0,
[36m(TaskRunner pid=266218)[0m                   'num_workers': 1,
[36m(TaskRunner pid=266218)[0m                   'profiler': {'_target_': 'verl.utils.profiler.ProfilerConfig',
[36m(TaskRunner pid=266218)[0m                                'all_ranks': False,
[36m(TaskRunner pid=266218)[0m                                'enable': False,
[36m(TaskRunner pid=266218)[0m                                'ranks': [],
[36m(TaskRunner pid=266218)[0m                                'save_path': 'outputs/profile',
[36m(TaskRunner pid=266218)[0m                                'tool': None,
[36m(TaskRunner pid=266218)[0m                                'tool_config': {'npu': {'_target_': 'verl.utils.profiler.config.NPUToolConfig',
[36m(TaskRunner pid=266218)[0m                                                        'analysis': True,
[36m(TaskRunner pid=266218)[0m                                                        'contents': [],
[36m(TaskRunner pid=266218)[0m                                                        'discrete': False,
[36m(TaskRunner pid=266218)[0m                                                        'level': 'level0'},
[36m(TaskRunner pid=266218)[0m                                                'nsys': {'_target_': 'verl.utils.profiler.config.NsightToolConfig',
[36m(TaskRunner pid=266218)[0m                                                         'discrete': False},
[36m(TaskRunner pid=266218)[0m                                                'torch': {'_target_': 'verl.utils.profiler.config.TorchProfilerToolConfig',
[36m(TaskRunner pid=266218)[0m                                                          'step_end': None,
[36m(TaskRunner pid=266218)[0m                                                          'step_start': 0},
[36m(TaskRunner pid=266218)[0m                                                'torch_memory': {'_target_': 'verl.utils.profiler.config.TorchMemoryToolConfig',
[36m(TaskRunner pid=266218)[0m                                                                 'stack_depth': 32,
[36m(TaskRunner pid=266218)[0m                                                                 'trace_alloc_max_entries': 100000}}},
[36m(TaskRunner pid=266218)[0m                   'reward_loop_class_name': None,
[36m(TaskRunner pid=266218)[0m                   'reward_loop_module_path': None,
[36m(TaskRunner pid=266218)[0m                   'reward_loop_source': 'register',
[36m(TaskRunner pid=266218)[0m                   'reward_manager': 'naive',
[36m(TaskRunner pid=266218)[0m                   'rollout': {'_target_': 'verl.workers.config.RolloutConfig',
[36m(TaskRunner pid=266218)[0m                               'cudagraph_capture_sizes': None,
[36m(TaskRunner pid=266218)[0m                               'data_parallel_size': 1,
[36m(TaskRunner pid=266218)[0m                               'disable_log_stats': True,
[36m(TaskRunner pid=266218)[0m                               'dtype': 'bfloat16',
[36m(TaskRunner pid=266218)[0m                               'enable_chunked_prefill': True,
[36m(TaskRunner pid=266218)[0m                               'enable_prefix_caching': True,
[36m(TaskRunner pid=266218)[0m                               'enforce_eager': True,
[36m(TaskRunner pid=266218)[0m                               'engine_kwargs': {},
[36m(TaskRunner pid=266218)[0m                               'expert_parallel_size': 1,
[36m(TaskRunner pid=266218)[0m                               'free_cache_engine': True,
[36m(TaskRunner pid=266218)[0m                               'gpu_memory_utilization': 0.5,
[36m(TaskRunner pid=266218)[0m                               'limit_images': None,
[36m(TaskRunner pid=266218)[0m                               'load_format': 'auto',
[36m(TaskRunner pid=266218)[0m                               'max_model_len': None,
[36m(TaskRunner pid=266218)[0m                               'max_num_batched_tokens': 8192,
[36m(TaskRunner pid=266218)[0m                               'max_num_seqs': 1024,
[36m(TaskRunner pid=266218)[0m                               'name': '???',
[36m(TaskRunner pid=266218)[0m                               'prompt_length': 2048,
[36m(TaskRunner pid=266218)[0m                               'response_length': 2048,
[36m(TaskRunner pid=266218)[0m                               'skip_tokenizer_init': False,
[36m(TaskRunner pid=266218)[0m                               'tensor_model_parallel_size': 2},
[36m(TaskRunner pid=266218)[0m                   'sandbox_fusion': {'max_concurrent': 64,
[36m(TaskRunner pid=266218)[0m /sfs/weka/scratch/nkw3mr/Vision-OPD-OPSA/verl/trainer/main_ppo.py:320: UserWarning: Disabled critic as algorithm.adv_estimator != gae. If it is not intended, please set critic.enable=True
[36m(TaskRunner pid=266218)[0m   use_critic=need_critic(config),
[36m(TaskRunner pid=266218)[0m /sfs/weka/scratch/nkw3mr/Vision-OPD-OPSA/verl/utils/profiler/config.py:52: UserWarning: Torch profiler tool config is not fully supported now.
[36m(TaskRunner pid=266218)[0m   warnings.warn("Torch profiler tool config is not fully supported now.", stacklevel=1)
[36m(TaskRunner pid=266218)[0m Warning: You are sending unauthenticated requests to the HF Hub. Please set a HF_TOKEN to enable higher rate limits and faster downloads.
[36m(TaskRunner pid=266218)[0m WARNING:2026-09-08 02:15:23,798:Warning: You are sending unauthenticated requests to the HF Hub. Please set a HF_TOKEN to enable higher rate limits and faster downloads.
[36m(TaskRunner pid=266218)[0m The `use_fast` parameter is deprecated and will be removed in a future version. Use `backend="torchvision"` instead of `use_fast=True`, or `backend="pil"` instead of `use_fast=False`.
[36m(TaskRunner pid=266218)[0m /sfs/weka/scratch/nkw3mr/Vision-OPD-OPSA/verl/trainer/ppo/ray_trainer.py:389: UserWarning: Disabled critic as algorithm.adv_estimator != gae. If it is not intended, please set critic.enable=True
[36m(TaskRunner pid=266218)[0m   self.use_critic = need_critic(self.config)
[36m(WorkerDict pid=278047)[0m [W908 02:15:34.061626928 socket.cpp:764] [c10d] The client socket cannot be initialized to connect to [udc-aw37-6-s.hpc.virginia.edu]:37425 (errno: 97 - Address family not supported by protocol).
[36m(WorkerDict pid=278047)[0m Warning: You are sending unauthenticated requests to the HF Hub. Please set a HF_TOKEN to enable higher rate limits and faster downloads.
[36m(WorkerDict pid=278047)[0m WARNING:2026-09-08 02:15:34,976:Warning: You are sending unauthenticated requests to the HF Hub. Please set a HF_TOKEN to enable higher rate limits and faster downloads.
[36m(TaskRunner pid=266218)[0m                                      'memory_limit_mb': 1024,
[36m(TaskRunner pid=266218)[0m                                      'url': None},
[36m(TaskRunner pid=266218)[0m                   'strategy': 'fsdp',
[36m(TaskRunner pid=266218)[0m                   'ulysses_sequence_parallel_size': 1,
[36m(TaskRunner pid=266218)[0m                   'use_dynamic_bsz': True,
[36m(TaskRunner pid=266218)[0m                   'use_reward_loop': False},
[36m(TaskRunner pid=266218)[0m  'trainer': {'balance_batch': True,
[36m(TaskRunner pid=266218)[0m              'critic_warmup': 0,
[36m(TaskRunner pid=266218)[0m              'default_hdfs_dir': None,
[36m(TaskRunner pid=266218)[0m              'default_local_dir': '/sfs/weka/scratch/nkw3mr/Vision-OPD-OPSA/checkpoints/Aha-Qwen3.5-4B',
[36m(TaskRunner pid=266218)[0m              'del_local_ckpt_after_load': False,
[36m(TaskRunner pid=266218)[0m              'device': 'cuda',
[36m(TaskRunner pid=266218)[0m              'esi_redundant_time': 0,
[36m(TaskRunner pid=266218)[0m              'experiment_name': 'Aha-Qwen3.5-4B',
[36m(TaskRunner pid=266218)[0m              'group_name': 'Aha-Qwen3.5-4B',
[36m(TaskRunner pid=266218)[0m              'log_val_generations': 0,
[36m(TaskRunner pid=266218)[0m              'logger': ['console', 'tensorboard', 'wandb'],
[36m(TaskRunner pid=266218)[0m              'max_actor_ckpt_to_keep': None,
[36m(TaskRunner pid=266218)[0m              'max_critic_ckpt_to_keep': None,
[36m(TaskRunner pid=266218)[0m              'n_gpus_per_node': 2,
[36m(TaskRunner pid=266218)[0m              'nnodes': 1,
[36m(TaskRunner pid=266218)[0m              'project_name': 'Vision-OPD-StateAdaptive',
[36m(TaskRunner pid=266218)[0m              'ray_wait_register_center_timeout': 300,
[36m(TaskRunner pid=266218)[0m              'resume_from_path': None,
[36m(TaskRunner pid=266218)[0m              'resume_mode': 'auto',
[36m(TaskRunner pid=266218)[0m              'rollout_data_dir': '/sfs/weka/scratch/nkw3mr/Vision-OPD-OPSA/rollouts/Aha-Qwen3.5-4B',
[36m(TaskRunner pid=266218)[0m              'save_freq': 5,
[36m(TaskRunner pid=266218)[0m              'test_freq': -1,
[36m(TaskRunner pid=266218)[0m              'total_epochs': 1,
[36m(TaskRunner pid=266218)[0m              'total_training_steps': None,
[36m(TaskRunner pid=266218)[0m              'use_legacy_worker_impl': 'auto',
[36m(TaskRunner pid=266218)[0m              'val_before_train': False,
[36m(TaskRunner pid=266218)[0m              'val_only': False,
[36m(TaskRunner pid=266218)[0m              'validation_data_dir': None},
[36m(TaskRunner pid=266218)[0m  'transfer_queue': {'enable': False},
[36m(TaskRunner pid=266218)[0m  'vars': {'ckpt_dir': './checkpoints', 'dir': './data', 'log_dir': './output'}}
[36m(TaskRunner pid=266218)[0m [validate_config] All configuration checks passed successfully!
[36m(TaskRunner pid=266218)[0m Using dataset class: RLHFDataset
[36m(TaskRunner pid=266218)[0m dataset len: 4000
[36m(TaskRunner pid=266218)[0m Size of train dataloader: 41, Size of val dataloader: 0
[36m(TaskRunner pid=266218)[0m Total training steps: 41
[36m(TaskRunner pid=266218)[0m colocated worker base class <class 'verl.single_controller.base.worker.Worker'>
[36m(TaskRunner pid=266218)[0m bind role actor_rollout_ref method chat_completion to class <class 'verl.single_controller.ray.base.create_colocated_worker_cls.<locals>.WorkerDict'>
[36m(TaskRunner pid=266218)[0m bind role actor_rollout_ref method generate to class <class 'verl.single_controller.ray.base.create_colocated_worker_cls.<locals>.WorkerDict'>
[36m(TaskRunner pid=266218)[0m bind role actor_rollout_ref method get_zeromq_address to class <class 'verl.single_controller.ray.base.create_colocated_worker_cls.<locals>.WorkerDict'>
[36m(TaskRunner pid=266218)[0m bind role actor_rollout_ref method sleep to class <class 'verl.single_controller.ray.base.create_colocated_worker_cls.<locals>.WorkerDict'>
[36m(TaskRunner pid=266218)[0m bind role actor_rollout_ref method wake_up to class <class 'verl.single_controller.ray.base.create_colocated_worker_cls.<locals>.WorkerDict'>
[36m(WorkerDict pid=278047)[0m [Gloo] Rank 0 is connected to 1 peer ranks. Expected number of connected peer ranks is : 1
[36m(WorkerDict pid=278047)[0m Model config after override: Qwen3_5Config {
[36m(WorkerDict pid=278047)[0m   "architectures": [
[36m(WorkerDict pid=278047)[0m     "Qwen3_5ForConditionalGeneration"
[36m(WorkerDict pid=278047)[0m   ],
[36m(WorkerDict pid=278047)[0m   "bos_token_id": null,
[36m(WorkerDict pid=278047)[0m   "eos_token_id": 248046,
[36m(WorkerDict pid=278047)[0m   "image_token_id": 248056,
[36m(WorkerDict pid=278047)[0m   "model_type": "qwen3_5",
[36m(WorkerDict pid=278047)[0m   "pad_token_id": 248044,
[36m(WorkerDict pid=278047)[0m   "text_config": {
[36m(WorkerDict pid=278047)[0m     "attention_bias": false,
[36m(WorkerDict pid=278047)[0m     "attention_dropout": 0.0,
[36m(WorkerDict pid=278047)[0m     "attn_output_gate": true,
[36m(WorkerDict pid=278047)[0m     "bos_token_id": null,
[36m(WorkerDict pid=278047)[0m     "dtype": "bfloat16",
[36m(WorkerDict pid=278047)[0m     "eos_token_id": 248044,
[36m(WorkerDict pid=278047)[0m     "full_attention_interval": 4,
[36m(WorkerDict pid=278047)[0m     "head_dim": 256,
[36m(WorkerDict pid=278047)[0m     "hidden_act": "silu",
[36m(WorkerDict pid=278047)[0m     "hidden_size": 2560,
[36m(WorkerDict pid=278047)[0m     "initializer_range": 0.02,
[36m(WorkerDict pid=278047)[0m     "intermediate_size": 9216,
[36m(WorkerDict pid=278047)[0m     "layer_types": [
[36m(WorkerDict pid=278047)[0m       "linear_attention",
[36m(WorkerDict pid=278047)[0m       "linear_attention",
[36m(WorkerDict pid=278047)[0m       "linear_attention",
[36m(WorkerDict pid=278047)[0m       "full_attention",
[36m(WorkerDict pid=278047)[0m       "linear_attention",
[36m(WorkerDict pid=278047)[0m       "linear_attention",
[36m(WorkerDict pid=278047)[0m       "linear_attention",
[36m(WorkerDict pid=278047)[0m       "full_attention",
[36m(WorkerDict pid=278047)[0m       "linear_attention",
[36m(WorkerDict pid=278047)[0m       "linear_attention",
[36m(WorkerDict pid=278047)[0m       "linear_attention",
[36m(WorkerDict pid=278047)[0m       "full_attention",
[36m(WorkerDict pid=278047)[0m       "linear_attention",
[36m(WorkerDict pid=278047)[0m       "linear_attention",
[36m(WorkerDict pid=278047)[0m       "linear_attention",
[36m(WorkerDict pid=278047)[0m       "full_attention",
[36m(WorkerDict pid=278047)[0m       "linear_attention",
[36m(WorkerDict pid=278047)[0m       "linear_attention",
[36m(WorkerDict pid=278047)[0m       "linear_attention",
[36m(WorkerDict pid=278047)[0m       "full_attention",
[36m(WorkerDict pid=278047)[0m       "linear_attention",
[36m(WorkerDict pid=278047)[0m       "linear_attention",
[36m(WorkerDict pid=278047)[0m       "linear_attention",
[36m(WorkerDict pid=278047)[0m       "full_attention",
[36m(WorkerDict pid=278047)[0m       "linear_attention",
[36m(WorkerDict pid=278047)[0m       "linear_attention",
[36m(WorkerDict pid=278047)[0m       "linear_attention",
[36m(WorkerDict pid=278047)[0m       "full_attention",
[36m(WorkerDict pid=278047)[0m       "linear_attention",
[36m(WorkerDict pid=278047)[0m       "linear_attention",
[36m(WorkerDict pid=278047)[0m       "linear_attention",
[36m(WorkerDict pid=278047)[0m       "full_attention"
[36m(WorkerDict pid=278047)[0m     ],
[36m(WorkerDict pid=278047)[0m     "linear_conv_kernel_dim": 4,
[36m(WorkerDict pid=278047)[0m     "linear_key_head_dim": 128,
[36m(WorkerDict pid=278047)[0m     "linear_num_key_heads": 16,
[36m(WorkerDict pid=278047)[0m     "linear_num_value_heads": 32,
[36m(WorkerDict pid=278047)[0m     "linear_value_head_dim": 128,
[36m(WorkerDict pid=278047)[0m     "mamba_ssm_dtype": "float32",
[36m(WorkerDict pid=278047)[0m     "max_position_embeddings": 262144,
[36m(WorkerDict pid=278047)[0m     "mlp_only_layers": [],
[36m(WorkerDict pid=278047)[0m     "model_type": "qwen3_5_text",
[36m(WorkerDict pid=278047)[0m Flash Attention 2 only supports torch.float16 and torch.bfloat16 dtypes, but the current dype in Qwen3_5ForConditionalGeneration is torch.float32. You should run training or inference using Automatic Mixed-Precision via the `with torch.autocast(device_type='torch_device'):` decorator, or load the model with the `dtype` argument. Example: `model = AutoModel.from_pretrained("meta-llama/Llama-3.2-1B", attn_implementation="flash_attention_2", dtype=torch.float16)`
[36m(WorkerDict pid=278047)[0m Flash Attention 2 only supports torch.float16 and torch.bfloat16 dtypes, but the current dype in Qwen3_5Model is torch.float32. You should run training or inference using Automatic Mixed-Precision via the `with torch.autocast(device_type='torch_device'):` decorator, or load the model with the `dtype` argument. Example: `model = AutoModel.from_pretrained("meta-llama/Llama-3.2-1B", attn_implementation="flash_attention_2", dtype=torch.float16)`
[36m(WorkerDict pid=278047)[0m Flash Attention 2 only supports torch.float16 and torch.bfloat16 dtypes, but the current dype in Qwen3_5VisionModel is torch.float32. You should run training or inference using Automatic Mixed-Precision via the `with torch.autocast(device_type='torch_device'):` decorator, or load the model with the `dtype` argument. Example: `model = AutoModel.from_pretrained("meta-llama/Llama-3.2-1B", attn_implementation="flash_attention_2", dtype=torch.float16)`
[36m(WorkerDict pid=278047)[0m Flash Attention 2 only supports torch.float16 and torch.bfloat16 dtypes, but the current dype in Qwen3_5TextModel is torch.float32. You should run training or inference using Automatic Mixed-Precision via the `with torch.autocast(device_type='torch_device'):` decorator, or load the model with the `dtype` argument. Example: `model = AutoModel.from_pretrained("meta-llama/Llama-3.2-1B", attn_implementation="flash_attention_2", dtype=torch.float16)`
[36m(WorkerDict pid=278047)[0m Loading weights:   0%|          | 0/723 [00:00<?, ?it/s]
[36m(WorkerDict pid=278047)[0m Loading weights:   0%|          | 1/723 [00:00<05:36,  2.14it/s]
[36m(WorkerDict pid=278050)[0m [W908 02:15:34.059562926 socket.cpp:764] [c10d] The client socket cannot be initialized to connect to [udc-aw37-6-s.hpc.virginia.edu]:37425 (errno: 97 - Address family not supported by protocol).
[36m(WorkerDict pid=278047)[0m Loading weights:  31%|███       | 224/723 [00:00<00:01, 498.79it/s]
[36m(WorkerDict pid=278050)[0m Warning: You are sending unauthenticated requests to the HF Hub. Please set a HF_TOKEN to enable higher rate limits and faster downloads.
[36m(WorkerDict pid=278050)[0m WARNING:2026-09-08 02:15:34,933:Warning: You are sending unauthenticated requests to the HF Hub. Please set a HF_TOKEN to enable higher rate limits and faster downloads.
[36m(WorkerDict pid=278047)[0m Loading weights:  88%|████████▊ | 636/723 [00:01<00:00, 706.46it/s]Loading weights: 100%|██████████| 723/723 [00:01<00:00, 546.24it/s]
[36m(WorkerDict pid=278047)[0m /sfs/weka/scratch/nkw3mr/Vision-OPD-OPSA/verl/utils/profiler/config.py:52: UserWarning: Torch profiler tool config is not fully supported now.
[36m(WorkerDict pid=278047)[0m   warnings.warn("Torch profiler tool config is not fully supported now.", stacklevel=1)
[36m(WorkerDict pid=278050)[0m Flash Attention 2 only supports torch.float16 and torch.bfloat16 dtypes, but the current dype in Qwen3_5TextModel is torch.float32. You should run training or inference using Automatic Mixed-Precision via the `with torch.autocast(device_type='torch_device'):` decorator, or load the model with the `dtype` argument. Example: `model = AutoModel.from_pretrained("meta-llama/Llama-3.2-1B", attn_implementation="flash_attention_2", dtype=torch.float16)`[32m [repeated 4x across cluster] (Ray deduplicates logs by default. Set RAY_DEDUP_LOGS=0 to disable log deduplication, or see https://docs.ray.io/en/master/ray-observability/user-guides/configure-logging.html#log-deduplication for more options.)[0m
[36m(WorkerDict pid=278050)[0m Loading weights:   0%|          | 0/723 [00:00<?, ?it/s]
[36m(WorkerDict pid=278050)[0m Loading weights:  56%|█████▌    | 402/723 [00:01<00:00, 385.31it/s][32m [repeated 7x across cluster][0m
[36m(WorkerDict pid=278047)[0m /sfs/weka/scratch/nkw3mr/Vision-OPD-OPSA/verl/workers/fsdp_workers.py:666: FutureWarning: FSDP.state_dict_type() and FSDP.set_state_dict_type() are being deprecated. Please use APIs, get_state_dict() and set_state_dict(), which can support different parallelisms, FSDP1, FSDP2, DDP. API doc: https://pytorch.org/docs/stable/distributed.checkpoint.html#torch.distributed.checkpoint.state_dict.get_state_dict .Tutorial: https://pytorch.org/tutorials/recipes/distributed_checkpoint_recipe.html .
[36m(WorkerDict pid=278047)[0m   FSDP.set_state_dict_type(
[36m(WorkerDict pid=278050)[0m Loading weights:  83%|████████▎ | 602/723 [00:01<00:00, 664.05it/s]Loading weights: 100%|██████████| 723/723 [00:01<00:00, 505.14it/s]
[36m(WorkerDict pid=278050)[0m /sfs/weka/scratch/nkw3mr/Vision-OPD-OPSA/verl/utils/profiler/config.py:52: UserWarning: Torch profiler tool config is not fully supported now.
[36m(WorkerDict pid=278050)[0m   warnings.warn("Torch profiler tool config is not fully supported now.", stacklevel=1)
[36m(WorkerDict pid=278047)[0m     "mtp_num_hidden_layers": 1,
[36m(WorkerDict pid=278047)[0m     "mtp_use_dedicated_embeddings": false,
[36m(WorkerDict pid=278047)[0m     "num_attention_heads": 16,
[36m(WorkerDict pid=278047)[0m     "num_hidden_layers": 32,
[36m(WorkerDict pid=278047)[0m     "num_key_value_heads": 4,
[36m(WorkerDict pid=278047)[0m     "pad_token_id": null,
[36m(WorkerDict pid=278047)[0m     "partial_rotary_factor": 0.25,
[36m(WorkerDict pid=278047)[0m     "rms_norm_eps": 1e-06,
[36m(WorkerDict pid=278047)[0m     "rope_parameters": {
[36m(WorkerDict pid=278047)[0m       "mrope_interleaved": true,
[36m(WorkerDict pid=278047)[0m       "mrope_section": [
[36m(WorkerDict pid=278047)[0m         11,
[36m(WorkerDict pid=278047)[0m         11,
[36m(WorkerDict pid=278047)[0m         10
[36m(WorkerDict pid=278047)[0m       ],
[36m(WorkerDict pid=278047)[0m       "partial_rotary_factor": 0.25,
[36m(WorkerDict pid=278047)[0m       "rope_theta": 10000000,
[36m(WorkerDict pid=278047)[0m       "rope_type": "default"
[36m(WorkerDict pid=278047)[0m     },
[36m(WorkerDict pid=278047)[0m     "tie_word_embeddings": true,
[36m(WorkerDict pid=278047)[0m     "use_cache": true,
[36m(WorkerDict pid=278047)[0m     "vocab_size": 248320
[36m(WorkerDict pid=278047)[0m   },
[36m(WorkerDict pid=278047)[0m   "tie_word_embeddings": true,
[36m(WorkerDict pid=278047)[0m   "transformers_version": "5.5.0",
[36m(WorkerDict pid=278047)[0m   "video_token_id": 248057,
[36m(WorkerDict pid=278047)[0m   "vision_config": {
[36m(WorkerDict pid=278047)[0m     "deepstack_visual_indexes": [],
[36m(WorkerDict pid=278047)[0m     "depth": 24,
[36m(WorkerDict pid=278047)[0m     "hidden_act": "gelu_pytorch_tanh",
[36m(WorkerDict pid=278047)[0m     "hidden_size": 1024,
[36m(WorkerDict pid=278047)[0m     "in_channels": 3,
[36m(WorkerDict pid=278047)[0m     "initializer_range": 0.02,
[36m(WorkerDict pid=278047)[0m     "intermediate_size": 4096,
[36m(WorkerDict pid=278047)[0m     "model_type": "qwen3_5",
[36m(WorkerDict pid=278047)[0m     "num_heads": 16,
[36m(WorkerDict pid=278047)[0m     "num_position_embeddings": 2304,
[36m(WorkerDict pid=278047)[0m     "out_hidden_size": 2560,
[36m(WorkerDict pid=278047)[0m     "patch_size": 16,
[36m(WorkerDict pid=278047)[0m     "spatial_merge_size": 2,
[36m(WorkerDict pid=278047)[0m     "temporal_patch_size": 2
[36m(WorkerDict pid=278047)[0m   },
[36m(WorkerDict pid=278047)[0m   "vision_end_token_id": 248054,
[36m(WorkerDict pid=278047)[0m   "vision_start_token_id": 248053
[36m(WorkerDict pid=278047)[0m }
[36m(WorkerDict pid=278047)[0m 
[36m(WorkerDict pid=278047)[0m Monkey patch Qwen3_5ForConditionalGeneration model forward
[36m(WorkerDict pid=278047)[0m Monkey patch _flash_attention_forward in transformers.integrations.flash_attention
[36m(WorkerDict pid=278047)[0m Skipping monkey patch for Qwen3_5ForConditionalGeneration as use_fused_kernels is False or fused_kernels_backend is torch
[36m(WorkerDict pid=278047)[0m Qwen3_5ForConditionalGeneration contains 4.54B parameters
[36m(WorkerDict pid=278047)[0m wrap_policy: functools.partial(<function _or_policy at 0x14a160206520>, policies=[functools.partial(<function transformer_auto_wrap_policy at 0x14a1602063e0>, transformer_layer_cls={<class 'transformers.models.qwen3_5.modeling_qwen3_5.Qwen3_5VisionBlock'>, <class 'transformers.models.qwen3_5.modeling_qwen3_5.Qwen3_5DecoderLayer'>})])
[36m(WorkerDict pid=278050)[0m [Gloo] Rank 1 is connected to 1 peer ranks. Expected number of connected peer ranks is : 1
[36m(WorkerDict pid=278047)[0m Total steps: 41, num_warmup_steps: 10
[36m(WorkerDict pid=278047)[0m Actor use_remove_padding=True
[36m(WorkerDict pid=278047)[0m Actor use_fused_kernels=False
[36m(WorkerDict pid=278047)[0m Actor use_prefix_grouper=False
[36m(WorkerDict pid=278047)[0m NCCL version 2.27.5+cuda12.9
[36m(WorkerDict pid=278047)[0m 
[36m(WorkerDict pid=278047)[0m [2026-09-08 02:15:41] udc-aw37-6:278047:292504 [0] ras/client_support.cc:160 NCCL WARN Call to bind failed: Address already in use
[36m(WorkerDict pid=278047)[0m [Gloo] Rank 0 is connected to 0 peer ranks. Expected number of connected peer ranks is : 0
[36m(WorkerDict pid=278047)[0m [Gloo] Rank 0 is connected to 0 peer ranks. Expected number of connected peer ranks is : 0
[36m(WorkerDict pid=278050)[0m Monkey patch Qwen3_5ForConditionalGeneration model forward
[36m(WorkerDict pid=278050)[0m Monkey patch _flash_attention_forward in transformers.integrations.flash_attention
[36m(WorkerDict pid=278050)[0m Skipping monkey patch for Qwen3_5ForConditionalGeneration as use_fused_kernels is False or fused_kernels_backend is torch
[36m(WorkerDict pid=278050)[0m 
[36m(WorkerDict pid=278047)[0m reference model: Qwen/Qwen3.5-4B
[36m(WorkerDict pid=278047)[0m Model config after override: Qwen3_5Config {
[36m(WorkerDict pid=278047)[0m   "architectures": [
[36m(WorkerDict pid=278047)[0m     "Qwen3_5ForConditionalGeneration"
[36m(WorkerDict pid=278047)[0m   ],
[36m(WorkerDict pid=278047)[0m   "bos_token_id": null,
[36m(WorkerDict pid=278047)[0m   "eos_token_id": 248046,
[36m(WorkerDict pid=278047)[0m   "image_token_id": 248056,
[36m(WorkerDict pid=278047)[0m   "model_type": "qwen3_5",
[36m(WorkerDict pid=278047)[0m   "pad_token_id": 248044,
[36m(WorkerDict pid=278047)[0m   "text_config": {
[36m(WorkerDict pid=278047)[0m     "attention_bias": false,
[36m(WorkerDict pid=278047)[0m     "attention_dropout": 0.0,
[36m(WorkerDict pid=278047)[0m     "attn_output_gate": true,
[36m(WorkerDict pid=278047)[0m     "bos_token_id": null,
[36m(WorkerDict pid=278047)[0m     "dtype": "bfloat16",
[36m(WorkerDict pid=278047)[0m     "eos_token_id": 248044,
[36m(WorkerDict pid=278047)[0m     "full_attention_interval": 4,
[36m(WorkerDict pid=278047)[0m     "head_dim": 256,
[36m(WorkerDict pid=278047)[0m     "hidden_act": "silu",
[36m(WorkerDict pid=278047)[0m     "hidden_size": 2560,
[36m(WorkerDict pid=278047)[0m     "initializer_range": 0.02,
[36m(WorkerDict pid=278047)[0m     "intermediate_size": 9216,
[36m(WorkerDict pid=278047)[0m     "layer_types": [
[36m(WorkerDict pid=278047)[0m       "linear_attention",
[36m(WorkerDict pid=278047)[0m       "linear_attention",
[36m(WorkerDict pid=278047)[0m       "linear_attention",
[36m(WorkerDict pid=278047)[0m       "full_attention",
[36m(WorkerDict pid=278047)[0m       "linear_attention",
[36m(WorkerDict pid=278047)[0m       "linear_attention",
[36m(WorkerDict pid=278047)[0m       "linear_attention",
[36m(WorkerDict pid=278047)[0m       "full_attention",
[36m(WorkerDict pid=278047)[0m       "linear_attention",
[36m(WorkerDict pid=278047)[0m       "linear_attention",
[36m(WorkerDict pid=278047)[0m       "linear_attention",
[36m(WorkerDict pid=278047)[0m       "full_attention",
[36m(WorkerDict pid=278047)[0m       "linear_attention",
[36m(WorkerDict pid=278047)[0m       "linear_attention",
[36m(WorkerDict pid=278047)[0m       "linear_attention",
[36m(WorkerDict pid=278047)[0m       "full_attention",
[36m(WorkerDict pid=278047)[0m       "linear_attention",
[36m(WorkerDict pid=278047)[0m       "linear_attention",
[36m(WorkerDict pid=278047)[0m       "linear_attention",
[36m(WorkerDict pid=278047)[0m       "full_attention",
[36m(WorkerDict pid=278047)[0m       "linear_attention",
[36m(WorkerDict pid=278047)[0m       "linear_attention",
[36m(WorkerDict pid=278047)[0m       "linear_attention",
[36m(WorkerDict pid=278047)[0m       "full_attention",
[36m(WorkerDict pid=278047)[0m       "linear_attention",
[36m(WorkerDict pid=278047)[0m       "linear_attention",
[36m(WorkerDict pid=278047)[0m       "linear_attention",
[36m(WorkerDict pid=278047)[0m       "full_attention",
[36m(WorkerDict pid=278047)[0m       "linear_attention",
[36m(WorkerDict pid=278047)[0m       "linear_attention",
[36m(WorkerDict pid=278047)[0m       "linear_attention",
[36m(WorkerDict pid=278047)[0m       "full_attention"
[36m(WorkerDict pid=278047)[0m     ],
[36m(WorkerDict pid=278047)[0m     "linear_conv_kernel_dim": 4,
[36m(WorkerDict pid=278050)[0m Loading weights:   0%|          | 0/723 [00:00<?, ?it/s]
[36m(WorkerDict pid=278050)[0m Loading weights:   0%|          | 1/723 [00:00<08:08,  1.48it/s]
[36m(WorkerDict pid=278050)[0m /sfs/weka/scratch/nkw3mr/Vision-OPD-OPSA/verl/workers/fsdp_workers.py:666: FutureWarning: FSDP.state_dict_type() and FSDP.set_state_dict_type() are being deprecated. Please use APIs, get_state_dict() and set_state_dict(), which can support different parallelisms, FSDP1, FSDP2, DDP. API doc: https://pytorch.org/docs/stable/distributed.checkpoint.html#torch.distributed.checkpoint.state_dict.get_state_dict .Tutorial: https://pytorch.org/tutorials/recipes/distributed_checkpoint_recipe.html .
[36m(WorkerDict pid=278050)[0m   FSDP.set_state_dict_type(
[36m(WorkerDict pid=278047)[0m Loading weights:  66%|██████▌   | 475/723 [00:01<00:00, 430.24it/s]Loading weights: 100%|██████████| 723/723 [00:01<00:00, 493.50it/s]
[36m(WorkerDict pid=278050)[0m Loading weights: 100%|██████████| 723/723 [00:01<00:00, 497.63it/s]
[36m(TaskRunner pid=266218)[0m W0908 02:16:02.537000 266218 site-packages/torch/utils/cpp_extension.py:118] No CUDA runtime is found, using CUDA_HOME='/apps/software/standard/core/cuda/12.8.0'
[36m(WorkerDict pid=278047)[0m Loading weights:   0%|          | 0/723 [00:00<?, ?it/s]
[36m(WorkerDict pid=278050)[0m Loading weights:  65%|██████▌   | 473/723 [00:01<00:00, 421.04it/s][32m [repeated 6x across cluster][0m
[36m(TaskRunner pid=266218)[0m /sfs/weka/scratch/nkw3mr/Vision-OPD-OPSA/verl/utils/profiler/config.py:52: UserWarning: Torch profiler tool config is not fully supported now.
[36m(TaskRunner pid=266218)[0m   warnings.warn("Torch profiler tool config is not fully supported now.", stacklevel=1)
[36m(pid=318623)[0m W0908 02:16:11.326000 318623 site-packages/torch/utils/cpp_extension.py:118] No CUDA runtime is found, using CUDA_HOME='/apps/software/standard/core/cuda/12.8.0'
[36m(pid=318539)[0m W0908 02:16:11.326000 318539 site-packages/torch/utils/cpp_extension.py:118] No CUDA runtime is found, using CUDA_HOME='/apps/software/standard/core/cuda/12.8.0'
[36m(vLLMHttpServer pid=318623)[0m Warning: You are sending unauthenticated requests to the HF Hub. Please set a HF_TOKEN to enable higher rate limits and faster downloads.
[36m(vLLMHttpServer pid=318623)[0m Using blocking ray.get inside async actor. This blocks the event loop. Please use `await` on object ref with asyncio.gather if you want to yield execution to the event loop instead.
[36m(vLLMHttpServer pid=318623)[0m The argument `trust_remote_code` is to be used with Auto classes. It has no effect here and is ignored.
[36m(vLLMHttpServer pid=318623)[0m `layer_type_validation` is deprecated and will be removed in v5.20. Use `PreTrainedConfig.validate_layer_type` instead
[36m(vLLMHttpServer pid=318623)[0m `layer_type_validation` is deprecated and will be removed in v5.20. Use `PreTrainedConfig.validate_layer_type` instead
[36m(vLLMHttpServer pid=318623)[0m `layer_type_validation` is deprecated and will be removed in v5.20. Use `PreTrainedConfig.validate_layer_type` instead
[36m(vLLMHttpServer pid=318623)[0m `Qwen2VLImageProcessorFast` is deprecated. The `Fast` suffix for image processors has been removed; use `Qwen2VLImageProcessor` instead.
[36m(vLLMHttpServer pid=318539)[0m Warning: You are sending unauthenticated requests to the HF Hub. Please set a HF_TOKEN to enable higher rate limits and faster downloads.
[36m(vLLMHttpServer pid=318539)[0m The `use_fast` parameter is deprecated and will be removed in a future version. Use `backend="torchvision"` instead of `use_fast=True`, or `backend="pil"` instead of `use_fast=False`.
[36m(vLLMHttpServer pid=318539)[0m Using blocking ray.get inside async actor. This blocks the event loop. Please use `await` on object ref with asyncio.gather if you want to yield execution to the event loop instead.
[36m(vLLMHttpServer pid=318539)[0m The argument `trust_remote_code` is to be used with Auto classes. It has no effect here and is ignored.[32m [repeated 3x across cluster][0m
[36m(vLLMHttpServer pid=318623)[0m `layer_type_validation` is deprecated and will be removed in v5.20. Use `PreTrainedConfig.validate_layer_type` instead[32m [repeated 9x across cluster][0m
[36m(vLLMHttpServer pid=318539)[0m `Qwen2VLImageProcessorFast` is deprecated. The `Fast` suffix for image processors has been removed; use `Qwen2VLImageProcessor` instead.
[36m(WorkerDict pid=278047)[0m     "linear_key_head_dim": 128,
[36m(WorkerDict pid=278047)[0m     "linear_num_key_heads": 16,
[36m(WorkerDict pid=278047)[0m     "linear_num_value_heads": 32,
[36m(WorkerDict pid=278047)[0m     "linear_value_head_dim": 128,
[36m(WorkerDict pid=278047)[0m     "mamba_ssm_dtype": "float32",
[36m(WorkerDict pid=278047)[0m     "max_position_embeddings": 262144,
[36m(WorkerDict pid=278047)[0m     "mlp_only_layers": [],
[36m(WorkerDict pid=278047)[0m     "model_type": "qwen3_5_text",
[36m(WorkerDict pid=278047)[0m     "mtp_num_hidden_layers": 1,
[36m(WorkerDict pid=278047)[0m     "mtp_use_dedicated_embeddings": false,
[36m(WorkerDict pid=278047)[0m     "num_attention_heads": 16,
[36m(WorkerDict pid=278047)[0m     "num_hidden_layers": 32,
[36m(WorkerDict pid=278047)[0m     "num_key_value_heads": 4,
[36m(WorkerDict pid=278047)[0m     "pad_token_id": null,
[36m(WorkerDict pid=278047)[0m     "partial_rotary_factor": 0.25,
[36m(WorkerDict pid=278047)[0m     "rms_norm_eps": 1e-06,
[36m(WorkerDict pid=278047)[0m     "rope_parameters": {
[36m(WorkerDict pid=278047)[0m       "mrope_interleaved": true,
[36m(WorkerDict pid=278047)[0m       "mrope_section": [
[36m(WorkerDict pid=278047)[0m         11,
[36m(WorkerDict pid=278047)[0m         11,
[36m(WorkerDict pid=278047)[0m         10
[36m(WorkerDict pid=278047)[0m       ],
[36m(WorkerDict pid=278047)[0m       "partial_rotary_factor": 0.25,
[36m(WorkerDict pid=278047)[0m       "rope_theta": 10000000,
[36m(WorkerDict pid=278047)[0m       "rope_type": "default"
[36m(WorkerDict pid=278047)[0m     },
[36m(WorkerDict pid=278047)[0m     "tie_word_embeddings": true,
[36m(WorkerDict pid=278047)[0m     "use_cache": true,
[36m(WorkerDict pid=278047)[0m     "vocab_size": 248320
[36m(WorkerDict pid=278047)[0m   },
[36m(WorkerDict pid=278047)[0m   "tie_word_embeddings": true,
[36m(WorkerDict pid=278047)[0m   "transformers_version": "5.5.0",
[36m(WorkerDict pid=278047)[0m   "video_token_id": 248057,
[36m(WorkerDict pid=278047)[0m   "vision_config": {
[36m(WorkerDict pid=278047)[0m     "deepstack_visual_indexes": [],
[36m(WorkerDict pid=278047)[0m     "depth": 24,
[36m(WorkerDict pid=278047)[0m     "hidden_act": "gelu_pytorch_tanh",
[36m(WorkerDict pid=278047)[0m     "hidden_size": 1024,
[36m(WorkerDict pid=278047)[0m     "in_channels": 3,
[36m(WorkerDict pid=278047)[0m     "initializer_range": 0.02,
[36m(WorkerDict pid=278047)[0m     "intermediate_size": 4096,
[36m(WorkerDict pid=278047)[0m     "model_type": "qwen3_5",
[36m(WorkerDict pid=278047)[0m     "num_heads": 16,
[36m(WorkerDict pid=278047)[0m     "num_position_embeddings": 2304,
[36m(WorkerDict pid=278047)[0m     "out_hidden_size": 2560,
[36m(WorkerDict pid=278047)[0m     "patch_size": 16,
[36m(WorkerDict pid=278047)[0m     "spatial_merge_size": 2,
[36m(WorkerDict pid=278047)[0m     "temporal_patch_size": 2
[36m(WorkerDict pid=278047)[0m   },
[36m(WorkerDict pid=278047)[0m   "vision_end_token_id": 248054,
[36m(WorkerDict pid=278047)[0m   "vision_start_token_id": 248053
[36m(WorkerDict pid=278047)[0m }
[36m(WorkerDict pid=278047)[0m 
[36m(WorkerDict pid=278050)[0m [2026-09-08 02:15:41] udc-aw37-6:278050:292507 [0] ras/client_support.cc:160 NCCL WARN Call to bind failed: Address already in use
[36m(WorkerDict pid=278050)[0m [Gloo] Rank 0 is connected to 0 peer ranks. Expected number of connected peer ranks is : 0[32m [repeated 2x across cluster][0m
[36m(WorkerDict pid=278050)[0m Monkey patch Qwen3_5ForConditionalGeneration model forward
[36m(WorkerDict pid=278050)[0m Monkey patch _flash_attention_forward in transformers.integrations.flash_attention
[36m(WorkerDict pid=278050)[0m Skipping monkey patch for Qwen3_5ForConditionalGeneration as use_fused_kernels is False or fused_kernels_backend is torch
[36m(WorkerDict pid=278047)[0m Qwen3_5ForConditionalGeneration contains 4.54B parameters
[36m(WorkerDict pid=278047)[0m wrap_policy: functools.partial(<function _or_policy at 0x14a160206520>, policies=[functools.partial(<function transformer_auto_wrap_policy at 0x14a1602063e0>, transformer_layer_cls={<class 'transformers.models.qwen3_5.modeling_qwen3_5.Qwen3_5VisionBlock'>, <class 'transformers.models.qwen3_5.modeling_qwen3_5.Qwen3_5DecoderLayer'>})])
[36m(WorkerDict pid=278047)[0m Ref use_remove_padding=True
[36m(WorkerDict pid=278047)[0m Ref use_fused_kernels=False
[36m(WorkerDict pid=278047)[0m Ref use_prefix_grouper=False
[36m(WorkerDict pid=278047)[0m Monkey patch Qwen3_5ForConditionalGeneration model forward
[36m(WorkerDict pid=278047)[0m Monkey patch _flash_attention_forward in transformers.integrations.flash_attention
[36m(WorkerDict pid=278047)[0m Skipping monkey patch for Qwen3_5ForConditionalGeneration as use_fused_kernels is False or fused_kernels_backend is torch
[36m(vLLMHttpServer pid=318623)[0m WARNING 09-08 02:16:17 [envs.py:1717] Unknown vLLM environment variable detected: VLLM_USE_V1
[36m(vLLMHttpServer pid=318539)[0m ['serve',
[36m(vLLMHttpServer pid=318539)[0m  'Qwen/Qwen3.5-4B',
[36m(vLLMHttpServer pid=318539)[0m  '--dtype',
[36m(vLLMHttpServer pid=318539)[0m  'bfloat16',
[36m(vLLMHttpServer pid=318539)[0m  '--load_format',
[36m(vLLMHttpServer pid=318539)[0m  'dummy',
[36m(vLLMHttpServer pid=318539)[0m  '--trust_remote_code',
[36m(vLLMHttpServer pid=318539)[0m  '--max_model_len',
[36m(vLLMHttpServer pid=318539)[0m  '262144',
[36m(vLLMHttpServer pid=318539)[0m  '--max_num_seqs',
[36m(vLLMHttpServer pid=318539)[0m  '1024',
[36m(vLLMHttpServer pid=318539)[0m  '--enable_chunked_prefill',
[36m(vLLMHttpServer pid=318539)[0m  '--max_num_batched_tokens',
[36m(vLLMHttpServer pid=318539)[0m  '5632',
[36m(vLLMHttpServer pid=318539)[0m  '--enable_prefix_caching',
[36m(vLLMHttpServer pid=318539)[0m  '--enable_sleep_mode',
[36m(vLLMHttpServer pid=318539)[0m  '--logprobs_mode',
[36m(vLLMHttpServer pid=318539)[0m  'processed_logprobs',
[36m(vLLMHttpServer pid=318539)[0m  '--disable_custom_all_reduce',
[36m(vLLMHttpServer pid=318539)[0m  '--gpu_memory_utilization',
[36m(vLLMHttpServer pid=318539)[0m  '0.7',
[36m(vLLMHttpServer pid=318539)[0m  '--disable_log_stats',
[36m(vLLMHttpServer pid=318539)[0m  '--tensor_parallel_size',
[36m(vLLMHttpServer pid=318539)[0m  '1',
[36m(vLLMHttpServer pid=318539)[0m  '--seed',
[36m(vLLMHttpServer pid=318539)[0m  '0',
[36m(vLLMHttpServer pid=318539)[0m  '--override_generation_config',
[36m(vLLMHttpServer pid=318539)[0m  '{"temperature": 1.0, "top_k": -1, "top_p": 1, "repetition_penalty": 1.0, '
[36m(vLLMHttpServer pid=318539)[0m  '"max_new_tokens": 1024}',
[36m(vLLMHttpServer pid=318539)[0m  '--hf_overrides',
[36m(vLLMHttpServer pid=318539)[0m  '{}',
[36m(vLLMHttpServer pid=318539)[0m  '--scheduling_policy',
[36m(vLLMHttpServer pid=318539)[0m  'fcfs',
[36m(vLLMHttpServer pid=318539)[0m  '--compilation_config',
[36m(vLLMHttpServer pid=318539)[0m  '{"pass_config": {"fuse_allreduce_rms": false}}',
[36m(vLLMHttpServer pid=318539)[0m  '--kernel_config',
[36m(vLLMHttpServer pid=318539)[0m  '{"enable_flashinfer_autotune": false}']
[36m(vLLMHttpServer pid=318623)[0m WARNING 09-08 02:16:17 [config.py:372] Mamba cache mode is set to 'align' for Qwen3_5ForConditionalGeneration by default when prefix caching is enabled
[36m(vLLMHttpServer pid=318623)[0m WARNING 09-08 02:16:17 [vllm.py:743] Async scheduling will be disabled because it is not supported with the `<class 'verl.workers.rollout.vllm_rollout.vllm_async_server.ExternalZeroMQDistributedExecutor'>` distributed executor backend (only `mp`, `uni`, and `external_launcher` are supported).
[36m(vLLMHttpServer pid=318539)[0m WARNING 09-08 02:16:27 [system_utils.py:152] We must use the `spawn` multiprocessing start method. Overriding VLLM_WORKER_MULTIPROC_METHOD to 'spawn'. See https://docs.vllm.ai/en/latest/usage/troubleshooting.html#python-multiprocessing for more information. Reasons: In a Ray actor and can only be spawned
[36m(vLLMHttpServer pid=318539)[0m WARNING 09-08 02:16:17 [envs.py:1717] Unknown vLLM environment variable detected: VLLM_USE_V1
[36m(vLLMHttpServer pid=318623)[0m W0908 02:16:34.146000 342938 site-packages/torch/utils/cpp_extension.py:118] No CUDA runtime is found, using CUDA_HOME='/apps/software/standard/core/cuda/12.8.0'
[36m(vLLMHttpServer pid=318623)[0m The `use_fast` parameter is deprecated and will be removed in a future version. Use `backend="torchvision"` instead of `use_fast=True`, or `backend="pil"` instead of `use_fast=False`.
[36m(WorkerDict pid=278047)[0m `Qwen2VLImageProcessorFast` is deprecated. The `Fast` suffix for image processors has been removed; use `Qwen2VLImageProcessor` instead.
[36m(WorkerDict pid=278047)[0m The `use_fast` parameter is deprecated and will be removed in a future version. Use `backend="torchvision"` instead of `use_fast=True`, or `backend="pil"` instead of `use_fast=False`.
[36m(vLLMHttpServer pid=318539)[0m W0908 02:16:34.146000 342683 site-packages/torch/utils/cpp_extension.py:118] No CUDA runtime is found, using CUDA_HOME='/apps/software/standard/core/cuda/12.8.0'
[36m(WorkerDict pid=278050)[0m `Qwen2VLImageProcessorFast` is deprecated. The `Fast` suffix for image processors has been removed; use `Qwen2VLImageProcessor` instead.
[36m(WorkerDict pid=278047)[0m <frozen importlib._bootstrap_external>:1301: FutureWarning: The cuda.cudart module is deprecated and will be removed in a future release, please switch to use the cuda.bindings.runtime module instead.
[36m(WorkerDict pid=278047)[0m <frozen importlib._bootstrap_external>:1301: FutureWarning: The cuda.nvrtc module is deprecated and will be removed in a future release, please switch to use the cuda.bindings.nvrtc module instead.
[36m(WorkerDict pid=278050)[0m The `use_fast` parameter is deprecated and will be removed in a future version. Use `backend="torchvision"` instead of `use_fast=True`, or `backend="pil"` instead of `use_fast=False`.
[36m(WorkerDict pid=278047)[0m /sfs/weka/scratch/nkw3mr/envs/vision-opd/lib/python3.12/site-packages/vllm/model_executor/layers/fla/ops/utils.py:113: UserWarning: Input tensor shape suggests potential format mismatch: seq_len (16) < num_heads (32). This may indicate the inputs were passed in head-first format [B, H, T, ...] when head_first=False was specified. Please verify your input tensor format matches the expected shape [B, T, H, ...].
[36m(WorkerDict pid=278047)[0m   return fn(*contiguous_args, **contiguous_kwargs)
[36m(WorkerDict pid=278047)[0m Capturing CUDA graphs (mixed prefill-decode, PIECEWISE):   0%|          | 0/51 [00:00<?, ?it/s]
[36m(WorkerDict pid=278050)[0m <frozen importlib._bootstrap_external>:1301: FutureWarning: The cuda.cudart module is deprecated and will be removed in a future release, please switch to use the cuda.bindings.runtime module instead.
[36m(WorkerDict pid=278050)[0m <frozen importlib._bootstrap_external>:1301: FutureWarning: The cuda.nvrtc module is deprecated and will be removed in a future release, please switch to use the cuda.bindings.nvrtc module instead.
[36m(WorkerDict pid=278050)[0m /sfs/weka/scratch/nkw3mr/envs/vision-opd/lib/python3.12/site-packages/vllm/model_executor/layers/fla/ops/utils.py:113: UserWarning: Input tensor shape suggests potential format mismatch: seq_len (16) < num_heads (32). This may indicate the inputs were passed in head-first format [B, H, T, ...] when head_first=False was specified. Please verify your input tensor format matches the expected shape [B, T, H, ...].
[36m(WorkerDict pid=278050)[0m   return fn(*contiguous_args, **contiguous_kwargs)
[36m(WorkerDict pid=278047)[0m Capturing CUDA graphs (mixed prefill-decode, PIECEWISE):   8%|▊         | 4/51 [00:00<00:01, 38.07it/s]
[36m(WorkerDict pid=278047)[0m Capturing CUDA graphs (mixed prefill-decode, PIECEWISE):  18%|█▊        | 9/51 [00:00<00:01, 39.63it/s]
[36m(WorkerDict pid=278047)[0m Capturing CUDA graphs (mixed prefill-decode, PIECEWISE):  27%|██▋       | 14/51 [00:00<00:00, 40.47it/s]
[36m(WorkerDict pid=278047)[0m Capturing CUDA graphs (mixed prefill-decode, PIECEWISE):  37%|███▋      | 19/51 [00:00<00:00, 42.96it/s]
[36m(WorkerDict pid=278047)[0m Capturing CUDA graphs (mixed prefill-decode, PIECEWISE):  47%|████▋     | 24/51 [00:00<00:00, 45.16it/s]
[36m(WorkerDict pid=278047)[0m Capturing CUDA graphs (mixed prefill-decode, PIECEWISE):  59%|█████▉    | 30/51 [00:00<00:00, 46.90it/s]
[36m(WorkerDict pid=278047)[0m Capturing CUDA graphs (mixed prefill-decode, PIECEWISE):  69%|██████▊   | 35/51 [00:00<00:00, 45.45it/s]
[36m(WorkerDict pid=278047)[0m Capturing CUDA graphs (mixed prefill-decode, PIECEWISE):  78%|███████▊  | 40/51 [00:00<00:00, 46.10it/s]
[36m(WorkerDict pid=278047)[0m Capturing CUDA graphs (mixed prefill-decode, PIECEWISE):  90%|█████████ | 46/51 [00:01<00:00, 48.38it/s]
[36m(WorkerDict pid=278047)[0m Capturing CUDA graphs (mixed prefill-decode, PIECEWISE): 100%|██████████| 51/51 [00:01<00:00, 31.45it/s]Capturing CUDA graphs (mixed prefill-decode, PIECEWISE): 100%|██████████| 51/51 [00:01<00:00, 39.09it/s]
[36m(WorkerDict pid=278047)[0m Capturing CUDA graphs (decode, FULL):   0%|          | 0/51 [00:00<?, ?it/s]
[36m(WorkerDict pid=278047)[0m Capturing CUDA graphs (decode, FULL):   6%|▌         | 3/51 [00:00<00:01, 28.66it/s]
[36m(WorkerDict pid=278047)[0m Capturing CUDA graphs (decode, FULL):  12%|█▏        | 6/51 [00:00<00:01, 27.85it/s]
[36m(WorkerDict pid=278047)[0m Capturing CUDA graphs (decode, FULL):  20%|█▉        | 10/51 [00:00<00:01, 30.29it/s]
[36m(WorkerDict pid=278047)[0m Capturing CUDA graphs (decode, FULL):  27%|██▋       | 14/51 [00:00<00:01, 32.13it/s]
[36m(WorkerDict pid=278047)[0m Capturing CUDA graphs (decode, FULL):  35%|███▌      | 18/51 [00:00<00:00, 33.98it/s]
[36m(WorkerDict pid=278047)[0m Capturing CUDA graphs (decode, FULL):  45%|████▌     | 23/51 [00:00<00:00, 37.50it/s]
[36m(WorkerDict pid=278047)[0m Capturing CUDA graphs (decode, FULL):  55%|█████▍    | 28/51 [00:00<00:00, 40.24it/s]
[36m(WorkerDict pid=278047)[0m Capturing CUDA graphs (decode, FULL):  65%|██████▍   | 33/51 [00:00<00:00, 42.04it/s]
[36m(WorkerDict pid=278047)[0m Capturing CUDA graphs (decode, FULL):  75%|███████▍  | 38/51 [00:00<00:00, 43.98it/s]
[36m(WorkerDict pid=278047)[0m Capturing CUDA graphs (decode, FULL):  86%|████████▋ | 44/51 [00:01<00:00, 47.47it/s]
[36m(WorkerDict pid=278047)[0m Capturing CUDA graphs (decode, FULL): 100%|██████████| 51/51 [00:01<00:00, 51.68it/s]Capturing CUDA graphs (decode, FULL): 100%|██████████| 51/51 [00:01<00:00, 41.98it/s]
[36m(vLLMHttpServer pid=318539)[0m (EngineCore pid=342683) Warning: You are sending unauthenticated requests to the HF Hub. Please set a HF_TOKEN to enable higher rate limits and faster downloads.
[36m(vLLMHttpServer pid=318623)[0m (EngineCore pid=342938) `Qwen2VLImageProcessorFast` is deprecated. The `Fast` suffix for image processors has been removed; use `Qwen2VLImageProcessor` instead.
[36m(vLLMHttpServer pid=318623)[0m (EngineCore pid=342938) The `use_fast` parameter is deprecated and will be removed in a future version. Use `backend="torchvision"` instead of `use_fast=True`, or `backend="pil"` instead of `use_fast=False`.
[36m(vLLMHttpServer pid=318623)[0m The argument `trust_remote_code` is to be used with Auto classes. It has no effect here and is ignored.
[36m(vLLMHttpServer pid=318623)[0m `layer_type_validation` is deprecated and will be removed in v5.20. Use `PreTrainedConfig.validate_layer_type` instead
[36m(vLLMHttpServer pid=318623)[0m `layer_type_validation` is deprecated and will be removed in v5.20. Use `PreTrainedConfig.validate_layer_type` instead
[36m(vLLMHttpServer pid=318623)[0m `layer_type_validation` is deprecated and will be removed in v5.20. Use `PreTrainedConfig.validate_layer_type` instead
[36m(vLLMHttpServer pid=318623)[0m (EngineCore pid=342938) Warning: You are sending unauthenticated requests to the HF Hub. Please set a HF_TOKEN to enable higher rate limits and faster downloads.
[36m(vLLMHttpServer pid=318539)[0m (EngineCore pid=342683) `Qwen2VLImageProcessorFast` is deprecated. The `Fast` suffix for image processors has been removed; use `Qwen2VLImageProcessor` instead.
[36m(vLLMHttpServer pid=318539)[0m (EngineCore pid=342683) The `use_fast` parameter is deprecated and will be removed in a future version. Use `backend="torchvision"` instead of `use_fast=True`, or `backend="pil"` instead of `use_fast=False`.
[36m(vLLMHttpServer pid=318539)[0m The argument `trust_remote_code` is to be used with Auto classes. It has no effect here and is ignored.[32m [repeated 6x across cluster][0m
[36m(vLLMHttpServer pid=318539)[0m `layer_type_validation` is deprecated and will be removed in v5.20. Use `PreTrainedConfig.validate_layer_type` instead[32m [repeated 18x across cluster][0m
[36m(WorkerDict pid=278047)[0m /sfs/weka/scratch/nkw3mr/Vision-OPD-OPSA/verl/utils/device.py:134: FutureWarning: torch.cuda._set_allocator_settings is deprecated. Use torch._C._accelerator_setAllocatorSettings instead.
[36m(WorkerDict pid=278047)[0m   torch.cuda.memory._set_allocator_settings(f"expandable_segments:{enable}")
[36m(TaskRunner pid=266218)[0m wandb: Currently logged in as: nkw3mr (nkw3mr-university-of-virginia) to https://api.wandb.ai. Use `wandb login --relogin` to force relogin
[36m(TaskRunner pid=266218)[0m wandb: setting up run pvpvj7wb
[36m(TaskRunner pid=266218)[0m wandb: Tracking run with wandb version 0.23.1
[36m(TaskRunner pid=266218)[0m wandb: Run data is saved locally in /sfs/weka/scratch/nkw3mr/Vision-OPD-OPSA/wandb/run-20260908_021735-pvpvj7wb
[36m(TaskRunner pid=266218)[0m wandb: Run `wandb offline` to turn off syncing.
[36m(TaskRunner pid=266218)[0m wandb: Syncing run Aha-Qwen3.5-4B
[36m(TaskRunner pid=266218)[0m wandb: ⭐️ View project at https://wandb.ai/nkw3mr-university-of-virginia/Vision-OPD-StateAdaptive
[36m(TaskRunner pid=266218)[0m wandb: 🚀 View run at https://wandb.ai/nkw3mr-university-of-virginia/Vision-OPD-StateAdaptive/runs/pvpvj7wb
[36m(vLLMHttpServer pid=318623)[0m The argument `trust_remote_code` is to be used with Auto classes. It has no effect here and is ignored.[32m [repeated 3x across cluster][0m
[36m(vLLMHttpServer pid=318623)[0m `layer_type_validation` is deprecated and will be removed in v5.20. Use `PreTrainedConfig.validate_layer_type` instead[32m [repeated 9x across cluster][0m
[36m(TaskRunner pid=266218)[0m wandb: Detected [openai] in use.
[36m(TaskRunner pid=266218)[0m wandb: Use W&B Weave for improved LLM call tracing. Install Weave with `pip install weave` then add `import weave` to the top of your script.
[36m(TaskRunner pid=266218)[0m wandb: For more information, check out the docs at: https://weave-docs.wandb.ai/
[36m(TaskRunner pid=266218)[0m Training Progress:   0%|          | 0/41 [00:00<?, ?it/s]
[36m(AgentLoopWorker pid=409885)[0m W0908 02:17:41.681000 409885 site-packages/torch/utils/cpp_extension.py:118] No CUDA runtime is found, using CUDA_HOME='/apps/software/standard/core/cuda/12.8.0'
[36m(WorkerDict pid=278050)[0m /sfs/weka/scratch/nkw3mr/Vision-OPD-OPSA/verl/utils/device.py:134: FutureWarning: torch.cuda._set_allocator_settings is deprecated. Use torch._C._accelerator_setAllocatorSettings instead.
[36m(WorkerDict pid=278050)[0m   torch.cuda.memory._set_allocator_settings(f"expandable_segments:{enable}")
[36m(AgentLoopWorker pid=409885)[0m Warning: You are sending unauthenticated requests to the HF Hub. Please set a HF_TOKEN to enable higher rate limits and faster downloads.
[36m(AgentLoopWorker pid=409857)[0m Keyword argument `video_metadatas` is not a valid argument for this processor and will be ignored.
[36m(AgentLoopWorker pid=409871)[0m W0908 02:17:42.042000 409871 site-packages/torch/utils/cpp_extension.py:118] No CUDA runtime is found, using CUDA_HOME='/apps/software/standard/core/cuda/12.8.0'[32m [repeated 7x across cluster][0m
[36m(AgentLoopWorker pid=409871)[0m Warning: You are sending unauthenticated requests to the HF Hub. Please set a HF_TOKEN to enable higher rate limits and faster downloads.[32m [repeated 7x across cluster][0m
[36m(WorkerDict pid=278050)[0m /sfs/weka/scratch/nkw3mr/Vision-OPD-OPSA/verl/utils/device.py:134: FutureWarning: torch.cuda._set_allocator_settings is deprecated. Use torch._C._accelerator_setAllocatorSettings instead.
[36m(WorkerDict pid=278050)[0m   torch.cuda.memory._set_allocator_settings(f"expandable_segments:{enable}")
[36m(AgentLoopWorker pid=409844)[0m Keyword argument `video_metadatas` is not a valid argument for this processor and will be ignored.[32m [repeated 7x across cluster][0m
[36m(TaskRunner pid=266218)[0m Training Progress:   2%|▏         | 1/41 [03:17<2:11:46, 197.66s/it]
[36m(WorkerDict pid=278050)[0m /sfs/weka/scratch/nkw3mr/Vision-OPD-OPSA/verl/utils/device.py:134: FutureWarning: torch.cuda._set_allocator_settings is deprecated. Use torch._C._accelerator_setAllocatorSettings instead.
[36m(WorkerDict pid=278050)[0m   torch.cuda.memory._set_allocator_settings(f"expandable_segments:{enable}")
[36m(TaskRunner pid=266218)[0m Training Progress:   5%|▍         | 2/41 [05:41<1:48:02, 166.22s/it]
[36m(vLLMHttpServer pid=318539)[0m WARNING 09-08 02:16:17 [config.py:372] Mamba cache mode is set to 'align' for Qwen3_5ForConditionalGeneration by default when prefix caching is enabled
[36m(vLLMHttpServer pid=318539)[0m WARNING 09-08 02:16:17 [vllm.py:743] Async scheduling will be disabled because it is not supported with the `<class 'verl.workers.rollout.vllm_rollout.vllm_async_server.ExternalZeroMQDistributedExecutor'>` distributed executor backend (only `mp`, `uni`, and `external_launcher` are supported).
[36m(WorkerDict pid=278047)[0m WARNING 09-08 02:16:37 [worker_base.py:287] Missing `shared_worker_lock` argument from executor. This argument is needed for mm_processor_cache_type='shm'.
[36m(vLLMHttpServer pid=318623)[0m WARNING 09-08 02:16:28 [system_utils.py:152] We must use the `spawn` multiprocessing start method. Overriding VLLM_WORKER_MULTIPROC_METHOD to 'spawn'. See https://docs.vllm.ai/en/latest/usage/troubleshooting.html#python-multiprocessing for more information. Reasons: In a Ray actor and can only be spawned
[36m(vLLMHttpServer pid=318623)[0m WARNING 09-08 02:17:22 [api_router.py:30] LoRA dynamic loading & unloading is enabled in the API server. This should ONLY be used for local development!
[36m(WorkerDict pid=278050)[0m WARNING 09-08 02:16:37 [worker_base.py:287] Missing `shared_worker_lock` argument from executor. This argument is needed for mm_processor_cache_type='shm'.
[36m(vLLMHttpServer pid=318623)[0m WARNING 09-08 02:17:23 [model.py:1376] Default vLLM sampling parameters have been overridden by the model's `generation_config.json`: `{'repetition_penalty': 1.0, 'temperature': 1.0, 'top_k': -1, 'top_p': 1, 'max_tokens': 1024}`. If this is not intended, please relaunch vLLM instance with `--generation-config vllm`.
[36m(TaskRunner pid=266218)[0m AgentLoopManager: ['10.250.133.122:46825', '10.250.133.122:33081']
[36m(vLLMHttpServer pid=318539)[0m WARNING 09-08 02:17:22 [api_router.py:30] LoRA dynamic loading & unloading is enabled in the API server. This should ONLY be used for local development!
[36m(vLLMHttpServer pid=318539)[0m WARNING 09-08 02:17:23 [model.py:1376] Default vLLM sampling parameters have been overridden by the model's `generation_config.json`: `{'repetition_penalty': 1.0, 'temperature': 1.0, 'top_k': -1, 'top_p': 1, 'max_tokens': 1024}`. If this is not intended, please relaunch vLLM instance with `--generation-config vllm`.
[36m(TaskRunner pid=266218)[0m Saving tensorboard log to tensorboard_log/Vision-OPD-StateAdaptive/Aha-Qwen3.5-4B.
[36m(TaskRunner pid=266218)[0m Checkpoint tracker file does not exist: /sfs/weka/scratch/nkw3mr/Vision-OPD-OPSA/checkpoints/Aha-Qwen3.5-4B/latest_checkpointed_iteration.txt
[36m(TaskRunner pid=266218)[0m Training from scratch
[36m(AgentLoopWorker pid=409844)[0m Using dataset class: RLHFDataset
[36m(vLLMHttpServer pid=318539)[0m WARNING 09-08 02:17:49 [input_processor.py:227] Passing raw prompts to InputProcessor is deprecated and will be removed in v0.18. You should instead pass the outputs of Renderer.render_cmpl() or Renderer.render_chat().
[36m(AgentLoopWorker pid=409871)[0m Using dataset class: RLHFDataset[32m [repeated 7x across cluster][0m
[36m(TaskRunner pid=266218)[0m Dumped generations to /sfs/weka/scratch/nkw3mr/Vision-OPD-OPSA/rollouts/Aha-Qwen3.5-4B/1.jsonl
[36m(vLLMHttpServer pid=318623)[0m WARNING 09-08 02:17:49 [input_processor.py:227] Passing raw prompts to InputProcessor is deprecated and will be removed in v0.18. You should instead pass the outputs of Renderer.render_cmpl() or Renderer.render_chat().
[36m(TaskRunner pid=266218)[0m step:1 - global_seqlen/min:183839 - global_seqlen/max:186164 - global_seqlen/minmax_diff:2325 - global_seqlen/balanced_min:184961 - global_seqlen/balanced_max:185042 - global_seqlen/mean:185001.5 - self_distillation/teacher_always_on_fraction:1.0 - self_distillation/teacher_image_swap_fraction:1.0 - self_distillation/policy_fallback_fraction:0.0 - self_distillation/grpo_fallback_count:0.0 - rollout_corr/rollout_is_mean:1.0 - rollout_corr/rollout_is_ratio_fraction_high:0.0 - rollout_corr/rollout_is_ratio_fraction_low:0.0 - rollout_corr/rollout_is_max:1.0 - rollout_corr/rollout_is_min:1.0 - rollout_corr/rollout_is_std:0.0 - rollout_corr/rollout_is_eff_sample_size:1.0 - rollout_corr/rollout_is_seq_mean:1.0 - rollout_corr/rollout_is_seq_std:0.0 - rollout_corr/rollout_is_seq_max:1.0 - rollout_corr/rollout_is_seq_min:1.0 - rollout_corr/rollout_is_seq_max_deviation:0.0 - rollout_corr/rollout_is_seq_fraction_high:0.0 - rollout_corr/rollout_is_seq_fraction_low:0.0 - rollout_corr/training_ppl:2.221386432647705 - rollout_corr/training_log_ppl:0.7668774019588123 - rollout_corr/kl:0.22244114620667516 - rollout_corr/k3_kl:0.20411780939409227 - rollout_corr/rollout_ppl:1.7408284400448655 - rollout_corr/rollout_log_ppl:0.5358901448322065 - rollout_corr/log_ppl_diff:0.23098725667505554 - rollout_corr/log_ppl_abs_diff:0.23123784589044977 - rollout_corr/log_ppl_diff_max:0.6918421387672424 - rollout_corr/log_ppl_diff_min:-0.009770512580871582 - rollout_corr/ppl_ratio:1.272575228503256 - rollout_corr/chi2_token:1.757570869994886 - rollout_corr/chi2_seq:-0.8890468830412084 - actor/pg_loss:0.24116413376759738 - actor/kl_loss:0.0 - actor/grpo_loss:0.0 - actor/vopd_loss:0.24116413376759738 - actor/vopd_loss_weighted:0.24116413376759738 - actor/policy_fallback_fraction:0.0 - aha/u_mean:-0.33248659539403336 - aha/u_neg_valley_frac:0.602892464760578 - aha/floor_clamped_frac:0.0 - aha/q_tail_mass:0.0027921633983637685 - aha/argmax_conf:0.820142388343811 - self_distillation/raw_jsd_token_mean:0.2404321325999318 - self_distillation/weighted_jsd_token_mean:0.2404321325999318 - self_distillation/self_distillation_mask.mean():1.0 - self_distillation/num_distill_tokens:2099.19696969697 - self_distillation/empty_target_batch:0.0 - actor/grad_norm:1.4746736288070679 - timing_s/update_actor/student_forward:16.716889048024314 - timing_s/update_actor/teacher_forward:28.895679322027718 - timing_s/update_actor/teacher_full_forward:0.0 - timing_s/update_actor/teacher_null_forward:20.46011537000595 - timing_s/update_actor/loss_compute:0.020893658977001905 - timing_s/update_actor/backward:38.701625002970104 - timing_s/update_actor/optimizer_step:0.12013951200060546 - timing_s/update_actor/teacher_ema_update:4.931699368171394e-05 - perf/mfu/actor:0.0 - perf/max_memory_allocated_gb:104.93070840835571 - perf/max_memory_reserved_gb:121.025390625 - perf/cpu_memory_used_gb:230.4441375732422 - actor/lr:0.0 - training/global_step:1 - training/epoch:0 - response_length/mean:180.3997344970703 - response_length/max:1024.0 - response_length/min:27.0 - response_length/clip_ratio:0.0052083334885537624 - response_length_non_aborted/mean:180.3997344970703 - response_length_non_aborted/max:1024.0 - response_length_non_aborted/min:27.0 - response_length_non_aborted/clip_ratio:0.0052083334885537624 - response/aborted_ratio:0.0 - prompt_length/mean:301.375 - prompt_length/max:3333.0 - prompt_length/min:121.0 - prompt_length/clip_ratio:0.0 - num_turns/min:2 - num_turns/max:2 - num_turns/mean:2.0 - timing_s/start_profile:0.00012474200048018247 - timing_s/agent_loop/generate_sequences/min:15.131416506003006 - timing_s/agent_loop/generate_sequences/max:33.79337507199671 - timing_s/agent_loop/generate_sequences/mean:23.63506329649103 - timing_s/agent_loop/tool_calls/min:0.0 - timing_s/agent_loop/tool_calls/max:0.0 - timing_s/agent_loop/tool_calls/mean:0.0 - timing_s/agent_loop/slowest/generate_sequences:33.79337507199671 - timing_s/agent_loop/slowest/tool_calls:0.0 - timing_s/agent_loop/slowest/prompt_length:508 - timing_s/agent_loop/slowest/response_length:1024 - timing_s/gen:53.562815133991535 - timing_s/adv:16.273022905996186 - timing_s/update_actor:127.21610613600933 - timing_s/dump_rollout_generations:0.30757717599044554 - timing_s/step:197.50149559299462 - timing_s/stop_profile:2.363200474064797e-05 - timing_per_token_ms/update_actor:0.34382452611467834 - timing_per_token_ms/gen:0.3866039332067207 - timing_per_token_ms/adv:0.04398078638820817 - perf/total_num_tokens:370003 - perf/time_per_step:197.50149559299462 - perf/throughput:936.709362349568
[36m(TaskRunner pid=266218)[0m Dumped generations to /sfs/weka/scratch/nkw3mr/Vision-OPD-OPSA/rollouts/Aha-Qwen3.5-4B/2.jsonl
[36m(TaskRunner pid=266218)[0m step:2 - global_seqlen/min:164112 - global_seqlen/max:177469 - global_seqlen/minmax_diff:13357 - global_seqlen/balanced_min:170790 - global_seqlen/balanced_max:170791 - global_seqlen/mean:170790.5 - self_distillation/teacher_always_on_fraction:1.0 - self_distillation/teacher_image_swap_fraction:1.0 - self_distillation/policy_fallback_fraction:0.0 - self_distillation/grpo_fallback_count:0.0 - rollout_corr/rollout_is_mean:1.0 - rollout_corr/rollout_is_ratio_fraction_high:0.0 - rollout_corr/rollout_is_ratio_fraction_low:0.0 - rollout_corr/rollout_is_max:1.0 - rollout_corr/rollout_is_min:1.0 - rollout_corr/rollout_is_std:0.0 - rollout_corr/rollout_is_eff_sample_size:1.0 - rollout_corr/rollout_is_seq_mean:1.0 - rollout_corr/rollout_is_seq_std:0.0 - rollout_corr/rollout_is_seq_max:1.0 - rollout_corr/rollout_is_seq_min:1.0 - rollout_corr/rollout_is_seq_max_deviation:0.0 - rollout_corr/rollout_is_seq_fraction_high:0.0 - rollout_corr/rollout_is_seq_fraction_low:0.0 - rollout_corr/training_ppl:2.3081852236101703 - rollout_corr/training_log_ppl:0.7957516725986234 - rollout_corr/kl:0.21936058445322898 - rollout_corr/k3_kl:0.20202414523209294 - rollout_corr/rollout_ppl:1.7957701759953653 - rollout_corr/rollout_log_ppl:0.5624041158345439 - rollout_corr/log_ppl_diff:0.2333475642146603 - rollout_corr/log_ppl_abs_diff:0.23352596452159266 - rollout_corr/log_ppl_diff_max:0.768791913986206 - rollout_corr/log_ppl_diff_min:-0.008506953716278076 - rollout_corr/ppl_ratio:1.276606942376783 - rollout_corr/chi2_token:2.283921866647659 - rollout_corr/chi2_seq:-0.8989738379755328 - actor/pg_loss:0.2294661781634204 - actor/kl_loss:0.0 - actor/grpo_loss:0.0 - actor/vopd_loss:0.2294661781634204 - actor/vopd_loss_weighted:0.2294661781634204 - actor/policy_fallback_fraction:0.0 - aha/u_mean:-0.3660250014114764 - aha/u_neg_valley_frac:0.6234231571997366 - aha/floor_clamped_frac:0.0 - aha/q_tail_mass:0.002350261526918339 - aha/argmax_conf:0.80656898021698 - self_distillation/raw_jsd_token_mean:0.2291173420606121 - self_distillation/weighted_jsd_token_mean:0.2291173420606121 - self_distillation/self_distillation_mask.mean():1.0 - self_distillation/num_distill_tokens:2408.983870967742 - self_distillation/empty_target_batch:0.0 - actor/grad_norm:1.3973588943481445 - timing_s/update_actor/student_forward:14.01187050504086 - timing_s/update_actor/teacher_forward:19.019601890002377 - timing_s/update_actor/teacher_full_forward:0.0 - timing_s/update_actor/teacher_null_forward:18.898664864042075 - timing_s/update_actor/loss_compute:0.018901298026321456 - timing_s/update_actor/backward:33.97035195304488 - timing_s/update_actor/optimizer_step:0.08727967498998623 - timing_s/update_actor/teacher_ema_update:5.489600880537182e-05 - perf/mfu/actor:0.0 - perf/max_memory_allocated_gb:120.04644632339478 - perf/max_memory_reserved_gb:137.458984375 - perf/cpu_memory_used_gb:303.34870529174805 - actor/lr:2e-07 - training/global_step:2 - training/epoch:0 - response_length/mean:194.4752655029297 - response_length/max:1024.0 - response_length/min:21.0 - response_length/clip_ratio:0.0078125 - response_length_non_aborted/mean:194.4752655029297 - response_length_non_aborted/max:1024.0 - response_length_non_aborted/min:21.0 - response_length_non_aborted/clip_ratio:0.0078125 - response/aborted_ratio:0.0 - prompt_length/mean:250.2916717529297 - prompt_length/max:791.0 - prompt_length/min:100.0 - prompt_length/clip_ratio:0.0 - num_turns/min:2 - num_turns/max:2 - num_turns/mean:2.0 - timing_s/start_profile:5.8389996411278844e-05 - timing_s/agent_loop/generate_sequences/min:5.766517953001312 - timing_s/agent_loop/generate_sequences/max:26.610666812004638 - timing_s/agent_loop/generate_sequences/mean:14.628342857289226 - timing_s/agent_loop/tool_calls/min:0.0 - timing_s/agent_loop/tool_calls/max:0.0 - timing_s/agent_loop/tool_calls/mean:0.0 - timing_s/agent_loop/slowest/generate_sequences:26.610666812004638 - timing_s/agent_loop/slowest/tool_calls:0.0 - timing_s/agent_loop/slowest/prompt_length:189 - timing_s/agent_loop/slowest/response_length:1024 - timing_[36m(TaskRunner pid=266218)[0m Training Progress:   7%|▋         | 3/41 [08:26<1:44:43, 165.35s/it]
[36m(TaskRunner pid=266218)[0m Training Progress:  10%|▉         | 4/41 [10:52<1:37:14, 157.68s/it]
s/gen:34.17260761099169 - timing_s/adv:14.29133281299437 - timing_s/update_actor:95.22356958400633 - timing_s/dump_rollout_generations:0.2902277950051939 - timing_s/step:144.10670276699238 - timing_s/stop_profile:2.595600381027907e-05 - timing_per_token_ms/update_actor:0.27877302772697055 - timing_per_token_ms/gen:0.2287981655429052 - timing_per_token_ms/adv:0.04183878146909333 - perf/total_num_tokens:341581 - perf/time_per_step:144.10670276699238 - perf/throughput:1185.166940334156
[36m(TaskRunner pid=266218)[0m Dumped generations to /sfs/weka/scratch/nkw3mr/Vision-OPD-OPSA/rollouts/Aha-Qwen3.5-4B/3.jsonl
[36m(TaskRunner pid=266218)[0m step:3 - global_seqlen/min:177613 - global_seqlen/max:206717 - global_seqlen/minmax_diff:29104 - global_seqlen/balanced_min:192158 - global_seqlen/balanced_max:192172 - global_seqlen/mean:192165.0 - self_distillation/teacher_always_on_fraction:1.0 - self_distillation/teacher_image_swap_fraction:1.0 - self_distillation/policy_fallback_fraction:0.0 - self_distillation/grpo_fallback_count:0.0 - rollout_corr/rollout_is_mean:1.0 - rollout_corr/rollout_is_ratio_fraction_high:0.0 - rollout_corr/rollout_is_ratio_fraction_low:0.0 - rollout_corr/rollout_is_max:1.0 - rollout_corr/rollout_is_min:1.0 - rollout_corr/rollout_is_std:0.0 - rollout_corr/rollout_is_eff_sample_size:1.0 - rollout_corr/rollout_is_seq_mean:1.0 - rollout_corr/rollout_is_seq_std:0.0 - rollout_corr/rollout_is_seq_max:1.0 - rollout_corr/rollout_is_seq_min:1.0 - rollout_corr/rollout_is_seq_max_deviation:0.0 - rollout_corr/rollout_is_seq_fraction_high:0.0 - rollout_corr/rollout_is_seq_fraction_low:0.0 - rollout_corr/training_ppl:2.234403688567025 - rollout_corr/training_log_ppl:0.7724932474749429 - rollout_corr/kl:0.20906993597745893 - rollout_corr/k3_kl:0.19463883659669332 - rollout_corr/rollout_ppl:1.7663584964615957 - rollout_corr/rollout_log_ppl:0.5519834471600396 - rollout_corr/log_ppl_diff:0.22050979573811802 - rollout_corr/log_ppl_abs_diff:0.22072458661028316 - rollout_corr/log_ppl_diff_max:1.1293249130249023 - rollout_corr/log_ppl_diff_min:-0.011349380016326904 - rollout_corr/ppl_ratio:1.2604893241609845 - rollout_corr/chi2_token:1.895889902114868 - rollout_corr/chi2_seq:-0.8869748209203993 - actor/pg_loss:0.23117748481066278 - actor/kl_loss:0.0 - actor/grpo_loss:0.0 - actor/vopd_loss:0.23117748481066278 - actor/vopd_loss_weighted:0.23117748481066278 - actor/policy_fallback_fraction:0.0 - aha/u_mean:-0.36463673604386193 - aha/u_neg_valley_frac:0.617194722379957 - aha/floor_clamped_frac:0.0 - aha/q_tail_mass:0.002324756298081151 - aha/argmax_conf:0.8214448094367981 - self_distillation/raw_jsd_token_mean:0.23346815194402423 - self_distillation/weighted_jsd_token_mean:0.23346815194402423 - self_distillation/self_distillation_mask.mean():1.0 - self_distillation/num_distill_tokens:2347.6857142857143 - self_distillation/empty_target_batch:0.0 - actor/grad_norm:1.1349982023239136 - timing_s/update_actor/student_forward:17.896626546033076 - timing_s/update_actor/teacher_forward:22.459890851998352 - timing_s/update_actor/teacher_full_forward:0.0 - timing_s/update_actor/teacher_null_forward:21.96085910903639 - timing_s/update_actor/loss_compute:0.02172099497693125 - timing_s/update_actor/backward:38.57499483405263 - timing_s/update_actor/optimizer_step:0.08614830400620122 - timing_s/update_actor/teacher_ema_update:6.237599882297218e-05 - perf/mfu/actor:0.0 - perf/max_memory_allocated_gb:120.09875679016113 - perf/max_memory_reserved_gb:137.458984375 - perf/cpu_memory_used_gb:312.0175094604492 - actor/lr:4e-07 - training/global_step:3 - training/epoch:0 - response_length/mean:213.9817657470703 - response_length/max:1024.0 - response_length/min:50.0 - response_length/clip_ratio:0.00390625 - response_length_non_aborted/mean:213.9817657470703 - response_length_non_aborted/max:1024.0 - response_length_non_aborted/min:50.0 - response_length_non_aborted/clip_ratio:0.00390625 - response/aborted_ratio:0.0 - prompt_length/mean:286.4479064941406 - prompt_length/max:3327.0 - prompt_length/min:160.0 - prompt_length/clip_ratio:0.0 - num_turns/min:2 - num_turns/max:2 - num_turns/mean:2.0 - timing_s/start_profile:5.49950054846704e-05 - timing_s/agent_loop/generate_sequences/min:7.330740035002236 - timing_s/agent_loop/generate_sequences/max:29.316238224011613 - timing_s/agent_loop/generate_sequences/mean:16.558801308671775 - timing_s/agent_loop/tool_calls/min:0.0 - timing_s/agent_loop/tool_calls/max:0.0 - timing_s/agent_loop/tool_calls/mean:0.0 - timing_s/agent_loop/slowest/generate_sequences:29.316238224011613 - timing_s/agent_loop/slowest/tool_calls:0.0 - timing_s/agent_loop/slowest/prompt_length:215 - timing_s/agent_loop/slowest/response_length:1024 - timing_s/gen:37.119489796998096 - timing_s/adv:14.63541881000856 - timing_s/update_actor:112.08512550199521 - timing_s/dump_rollout_generations:0.2935270049929386 - timing_s/step:164.24859996100713 - timing_s/stop_profile:2.4142995243892074e-05 - timing_per_token_ms/update_actor:0.2916377214945365 - timing_per_token_ms/gen:0.22587283401890065 - timing_per_token_ms/adv:0.038080344521657324 - perf/total_num_tokens:384330 - perf/time_per_step:164.24859996100713 - perf/throughput:1169.964310475829
[36m(TaskRunner pid=266218)[0m Dumped generations to /sfs/weka/scratch/nkw3mr/Vision-OPD-OPSA/rollouts/Aha-Qwen3.5-4B/4.jsonl
[36m(TaskRunner pid=266218)[0m step:4 - global_seqlen/min:175940 - global_seqlen/max:181874 - global_seqlen/minmax_diff:5934 - global_seqlen/balanced_min:178906 - global_seqlen/balanced_max:178908 - global_seqlen/mean:178907.0 - self_distillation/teacher_always_on_fraction:1.0 - self_distillation/teacher_image_swap_fraction:1.0 - self_distillation/policy_fallback_fraction:0.0 - self_distillation/grpo_fallback_count:0.0 - rollout_corr/rollout_is_mean:1.0 - rollout_corr/rollout_is_ratio_fraction_high:0.0 - rollout_corr/rollout_is_ratio_fraction_low:0.0 - rollout_corr/rollout_is_max:1.0 - rollout_corr/rollout_is_min:1.0 - rollout_corr/rollout_is_std:0.0 - rollout_corr/rollout_is_eff_sample_size:1.0 - rollout_corr/rollout_is_seq_mean:1.0 - rollout_corr/rollout_is_seq_std:0.0 - rollout_corr/rollout_is_seq_max:1.0 - rollout_corr/rollout_is_seq_min:1.0 - rollout_corr/rollout_is_seq_max_deviation:0.0 - rollout_corr/rollout_is_seq_fraction_high:0.0 - rollout_corr/rollout_is_seq_fraction_low:0.0 - rollout_corr/training_ppl:2.193281151354313 - rollout_corr/training_log_ppl:0.7558186836540699 - rollout_corr/kl:0.19745662389323115 - rollout_corr/k3_kl:0.19007070153020322 - rollout_corr/rollout_ppl:1.7487190384417772 - rollout_corr/rollout_log_ppl:0.5418075346387923 - rollout_corr/log_ppl_diff:0.2140111494809389 - rollout_corr/log_ppl_abs_diff:0.21428710431791842 - rollout_corr/log_ppl_diff_max:0.7508140802383423 - rollout_corr/log_ppl_diff_min:-0.013159990310668945 - rollout_corr/ppl_ratio:1.250567076727748 - rollout_corr/chi2_token:4.084179829806089 - rollout_corr/chi2_seq:-0.8858575774356723 - actor/pg_loss:0.22613207823208842 - actor/kl_loss:0.0 - actor/grpo_loss:0.0 - actor/vopd_loss:0.22613207823208842 - actor/vopd_loss_weighted:0.22613207823208842 - actor/policy_fallback_fraction:0.0 - aha/u_mean:-0.4003088439349085 - aha/u_neg_valley_frac:0.6319476617500186 - aha/floor_clamped_frac:0.0 - aha/q_tail_mass:0.0018558797214609513 - aha/argmax_conf:0.8241076469421387 - self_distillation/raw_jsd_token_mean:0.22595690726302564 - self_distillation/weighted_jsd_token_mean:0.22595690726302564 - self_distillation/self_distillation_mask.mean():1.0 - self_distillation/num_distill_tokens:2634.09375 - self_distillation/empty_target_batch:0.0 - actor/grad_norm:1.2313534021377563 - timing_s/update_actor/student_forward:15.685427925025579 - timing_s/update_actor/teacher_forward:19.772477442995296 - timing_s/update_actor/teacher_full_forward:0.0 - timing_s/update_actor/teacher_null_forward:19.553663410959416 - timing_s/update_actor/loss_compute:0.019966067979112267 - timing_s/update_actor/backward:35.01090105700132 - timing_s/update_actor/optimizer_step:0.08669922800618224 - timing_s/update_actor/teacher_ema_update:3.942400508094579e-05 - perf/mfu/actor:0.0 - perf/max_memory_allocated_gb:120.49010992050171 - perf/max_memory_reserved_gb:138.0390625 - perf/cpu_memory_used_gb:310.24544525146484 - actor/lr:6e-07 - training/global_step:4 - training/epoch:0 - response_length/mean:219.5078125 - response_length/max:1024.0 - response_length/min:32.0 - response_length/clip_ratio:0.013020833022892475 - response_length_non_aborted/mean:219.5078125 - response_length_non_aborted/max:1024.0 - response_length_non_aborted/min:32.0 - response_length_non_aborted/clip_ratio:0.013020833022892475 - response/aborted_ratio:0.0 - prompt_length/mean:246.3958282470703 - prompt_length/max:409.0 - prompt_length/min:163.0 - prompt_length/clip_ratio:0.0 - num_turns/min:2 - num_turns/max:2 - num_turns/mean:2.0 - timing_s/start_profile:2.9221002478152514e-05 - timing_s/agent_loop/generate_sequences/min:6.439000174999819 - timing_s/agent_loop/generate_sequences/max:28.974190452994662 - timing_s/agent_loop/generate_sequences/mean:16.078066649771188 - timing_s/agent_loop/tool_calls/min:0.0 - timing_s/agent_loop/tool_calls/max:0.0 - timing_s/agent_loop/tool_calls/mean:0.0 - timing_s/agent_loop/slowest/generate_sequences:28.974190452994662 - timing_s/agent_loop/slowest/tool_calls:0.0 - timing_s/agent_loop/slowest/prompt_length:285 - timing_s/agent_loop/slowest/response_length:1024 [36m(TaskRunner pid=266218)[0m Training Progress:  12%|█▏        | 5/41 [13:53<1:39:43, 166.20s/it]
[36m(WorkerDict pid=278047)[0m /sfs/weka/scratch/nkw3mr/Vision-OPD-OPSA/verl/utils/device.py:134: FutureWarning: torch.cuda._set_allocator_settings is deprecated. Use torch._C._accelerator_setAllocatorSettings instead.
[36m(WorkerDict pid=278047)[0m   torch.cuda.memory._set_allocator_settings(f"expandable_segments:{enable}")
[36m(TaskRunner pid=266218)[0m Training Progress:  15%|█▍        | 6/41 [16:18<1:32:50, 159.16s/it]
[36m(WorkerDict pid=278050)[0m /sfs/weka/scratch/nkw3mr/Vision-OPD-OPSA/verl/utils/device.py:134: FutureWarning: torch.cuda._set_allocator_settings is deprecated. Use torch._C._accelerator_setAllocatorSettings instead.
[36m(WorkerDict pid=278050)[0m   torch.cuda.memory._set_allocator_settings(f"expandable_segments:{enable}")
- timing_s/gen:35.60500046800007 - timing_s/adv:12.911292194999987 - timing_s/update_actor:96.98117371300759 - timing_s/dump_rollout_generations:0.2889841400028672 - timing_s/step:145.892071647002 - timing_s/stop_profile:2.3671993403695524e-05 - timing_per_token_ms/update_actor:0.27103795187725355 - timing_per_token_ms/gen:0.2112028595460967 - timing_per_token_ms/adv:0.03608380945127912 - perf/total_num_tokens:357814 - perf/time_per_step:145.892071647002 - perf/throughput:1226.2969329332739
[36m(TaskRunner pid=266218)[0m Dumped generations to /sfs/weka/scratch/nkw3mr/Vision-OPD-OPSA/rollouts/Aha-Qwen3.5-4B/5.jsonl
[36m(TaskRunner pid=266218)[0m local_global_step_folder: /sfs/weka/scratch/nkw3mr/Vision-OPD-OPSA/checkpoints/Aha-Qwen3.5-4B/global_step_5
[36m(TaskRunner pid=266218)[0m step:5 - global_seqlen/min:187558 - global_seqlen/max:201756 - global_seqlen/minmax_diff:14198 - global_seqlen/balanced_min:194653 - global_seqlen/balanced_max:194661 - global_seqlen/mean:194657.0 - self_distillation/teacher_always_on_fraction:1.0 - self_distillation/teacher_image_swap_fraction:1.0 - self_distillation/policy_fallback_fraction:0.0 - self_distillation/grpo_fallback_count:0.0 - rollout_corr/rollout_is_mean:1.0 - rollout_corr/rollout_is_ratio_fraction_high:0.0 - rollout_corr/rollout_is_ratio_fraction_low:0.0 - rollout_corr/rollout_is_max:1.0 - rollout_corr/rollout_is_min:1.0 - rollout_corr/rollout_is_std:0.0 - rollout_corr/rollout_is_eff_sample_size:1.0 - rollout_corr/rollout_is_seq_mean:1.0 - rollout_corr/rollout_is_seq_std:0.0 - rollout_corr/rollout_is_seq_max:1.0 - rollout_corr/rollout_is_seq_min:1.0 - rollout_corr/rollout_is_seq_max_deviation:0.0 - rollout_corr/rollout_is_seq_fraction_high:0.0 - rollout_corr/rollout_is_seq_fraction_low:0.0 - rollout_corr/training_ppl:2.1654867121151513 - rollout_corr/training_log_ppl:0.7411886692047118 - rollout_corr/kl:0.19681374047483716 - rollout_corr/k3_kl:0.18760976482714925 - rollout_corr/rollout_ppl:1.728193817819868 - rollout_corr/rollout_log_ppl:0.5309910122837339 - rollout_corr/log_ppl_diff:0.21019764734166008 - rollout_corr/log_ppl_abs_diff:0.21045098741139684 - rollout_corr/log_ppl_diff_max:0.7707225680351257 - rollout_corr/log_ppl_diff_min:-0.009870380163192749 - rollout_corr/ppl_ratio:1.2469450950622558 - rollout_corr/chi2_token:3.5949501514434816 - rollout_corr/chi2_seq:-0.8891652115753719 - actor/pg_loss:0.2367456473099689 - actor/kl_loss:0.0 - actor/grpo_loss:0.0 - actor/vopd_loss:0.2367456473099689 - actor/vopd_loss_weighted:0.2367456473099689 - actor/policy_fallback_fraction:0.0 - aha/u_mean:-0.38285859812583245 - aha/u_neg_valley_frac:0.6244196964161737 - aha/floor_clamped_frac:0.0 - aha/q_tail_mass:0.002351859665109909 - aha/argmax_conf:0.8271991610527039 - self_distillation/raw_jsd_token_mean:0.23998816588095256 - self_distillation/weighted_jsd_token_mean:0.23998816588095256 - self_distillation/self_distillation_mask.mean():1.0 - self_distillation/num_distill_tokens:2175.8 - self_distillation/empty_target_batch:0.0 - actor/grad_norm:1.0832958221435547 - timing_s/update_actor/student_forward:17.031634557963116 - timing_s/update_actor/teacher_forward:22.069487830114667 - timing_s/update_actor/teacher_full_forward:0.0 - timing_s/update_actor/teacher_null_forward:21.513438927999232 - timing_s/update_actor/loss_compute:0.021530184996663593 - timing_s/update_actor/backward:41.17274451999401 - timing_s/update_actor/optimizer_step:0.08755012598703615 - timing_s/update_actor/teacher_ema_update:4.691499634645879e-05 - perf/mfu/actor:0.0 - perf/max_memory_allocated_gb:120.8863205909729 - perf/max_memory_reserved_gb:138.544921875 - perf/cpu_memory_used_gb:314.28996658325195 - actor/lr:8e-07 - training/global_step:5 - training/epoch:0 - response_length/mean:198.3151092529297 - response_length/max:1024.0 - response_length/min:38.0 - response_length/clip_ratio:0.0052083334885537624 - response_length_non_aborted/mean:198.3151092529297 - response_length_non_aborted/max:1024.0 - response_length_non_aborted/min:38.0 - response_length_non_aborted/clip_ratio:0.0052083334885537624 - response/aborted_ratio:0.0 - prompt_length/mean:308.6041564941406 - prompt_length/max:3330.0 - prompt_length/min:119.0 - prompt_length/clip_ratio:0.0 - num_turns/min:2 - num_turns/max:2 - num_turns/mean:2.0 - timing_s/start_profile:2.056900120805949e-05 - timing_s/agent_loop/generate_sequences/min:6.615585027990164 - timing_s/agent_loop/generate_sequences/max:27.666515988996252 - timing_s/agent_loop/generate_sequences/mean:15.152253835745816 - timing_s/agent_loop/tool_calls/min:0.0 - timing_s/agent_loop/tool_calls/max:0.0 - timing_s/agent_loop/tool_calls/mean:0.0 - timing_s/agent_loop/slowest/generate_sequences:27.666515988996252 - timing_s/agent_loop/slowest/tool_calls:0.0 - timing_s/agent_loop/slowest/prompt_length:296 - timing_s/agent_loop/slowest/response_length:1024 - timing_s/gen:36.07470398400619 - timing_s/adv:15.040825099989888 - timing_s/update_actor:113.91935442500107 - timing_s/dump_rollout_generations:0.29393215199525 - timing_s/step:165.42923384300957 - timing_s/save_checkpoint:15.822110487002647 - timing_s/stop_profile:2.9961011023260653e-05 - timing_per_token_ms/update_actor:0.29261561214084536 - timing_per_token_ms/gen:0.23685674880836075 - timing_per_token_ms/adv:0.038634174727828666 - perf/total_num_tokens:389314 - perf/time_per_step:165.42923384300957 - perf/throughput:1176.6783625724051
[36m(TaskRunner pid=266218)[0m Dumped generations to /sfs/weka/scratch/nkw3mr/Vision-OPD-OPSA/rollouts/Aha-Qwen3.5-4B/6.jsonl
[36m(TaskRunner pid=266218)[0m step:6 - global_seqlen/min:173795 - global_seqlen/max:175313 - global_seqlen/minmax_diff:1518 - global_seqlen/balanced_min:174552 - global_seqlen/balanced_max:174556 - global_seqlen/mean:174554.0 - self_distillation/teacher_always_on_fraction:1.0 - self_distillation/teacher_image_swap_fraction:1.0 - self_distillation/policy_fallback_fraction:0.0 - self_distillation/grpo_fallback_count:0.0 - rollout_corr/rollout_is_mean:1.0 - rollout_corr/rollout_is_ratio_fraction_high:0.0 - rollout_corr/rollout_is_ratio_fraction_low:0.0 - rollout_corr/rollout_is_max:1.0 - rollout_corr/rollout_is_min:1.0 - rollout_corr/rollout_is_std:0.0 - rollout_corr/rollout_is_eff_sample_size:1.0 - rollout_corr/rollout_is_seq_mean:1.0 - rollout_corr/rollout_is_seq_std:0.0 - rollout_corr/rollout_is_seq_max:1.0 - rollout_corr/rollout_is_seq_min:1.0 - rollout_corr/rollout_is_seq_max_deviation:0.0 - rollout_corr/rollout_is_seq_fraction_high:0.0 - rollout_corr/rollout_is_seq_fraction_low:0.0 - rollout_corr/training_ppl:2.27520998062626 - rollout_corr/training_log_ppl:0.7914443496734865 - rollout_corr/kl:0.2056989703447588 - rollout_corr/k3_kl:0.19387945508764637 - rollout_corr/rollout_ppl:1.8008907495006439 - rollout_corr/rollout_log_ppl:0.5702112514165141 - rollout_corr/log_ppl_diff:0.22123310282345743 - rollout_corr/log_ppl_abs_diff:0.22147977472312988 - rollout_corr/log_ppl_diff_max:0.8412726521492004 - rollout_corr/log_ppl_diff_min:-0.008160114288330078 - rollout_corr/ppl_ratio:1.2595275621260367 - rollout_corr/chi2_token:2.3264601538258214 - rollout_corr/chi2_seq:-0.9027048897358679 - actor/pg_loss:0.21806102556486925 - actor/kl_loss:0.0 - actor/grpo_loss:0.0 - actor/vopd_loss:0.21806102556486925 - actor/vopd_loss_weighted:0.21806102556486925 - actor/policy_fallback_fraction:0.0 - aha/u_mean:-0.31796474478417824 - aha/u_neg_valley_frac:0.6122373318479908 - aha/floor_clamped_frac:0.0 - aha/q_tail_mass:0.0020882660690169303 - aha/argmax_conf:0.7865250706672668 - self_distillation/raw_jsd_token_mean:0.2176200014448935 - self_distillation/weighted_jsd_token_mean:0.2176200014448935 - self_distillation/self_distillation_mask.mean():1.0 - self_distillation/num_distill_tokens:2523.1612903225805 - self_distillation/empty_target_batch:0.0 - actor/grad_norm:1.1003550291061401 - timing_s/update_actor/student_forward:15.344416135980282 - timing_s/update_actor/teacher_forward:19.976215894028428 - timing_s/update_actor/teacher_full_forward:0.0 - timing_s/update_actor/teacher_null_forward:19.36189037504664 - timing_s/update_actor/loss_compute:0.0189803129323991 - timing_s/update_actor/backward:34.481646989952424 - timing_s/update_actor/optimizer_step:0.08753285399870947 - timing_s/update_actor/teacher_ema_update:4.5922992285341024e-05 - perf/mfu/actor:0.0 - perf/max_memory_allocated_gb:120.8863205909729 - perf/max_memory_reserved_gb:138.544921875 - perf/cpu_memory_used_gb:311.00006103515625 - actor/lr:1e-06 - training/global_step:6 - training/epoch:0 - response_length/mean:203.6927032470703 - response_length/max:1024.0 - response_length/min:38.0 - response_length/clip_ratio:0.015625 - response_length_non_aborted/mean:203.6927032470703 - response_length_non_aborted/max:1024.0 - response_length_non_aborted/min:38.0 - response_length_non_aborted/clip_ratio:0.015625 - response/aborted_ratio:0.0 - prompt_length/mean:250.875 - prompt_length/max:797.0 - prompt_length/min:90.0 - prompt_length/clip_ratio:0.0 - num_turns/min:2 - num_turns/max:2 - num_turns/mean:2.0 - timing_s/start_profile:2.4223001673817635e-05 - timing_s/agent_loop/generate_sequences/min:6.815251914013061 - timing_s/agent_loop/generate_sequences/max:28.205319013999542 - timing_s/agent_loop/generate_sequences/mean:15.364490259653033 - timing_s/agent_loop/tool_calls/min:0.0 - timing_s/agent_loop/tool_calls/max:0.0 - timing_s/agent_loop/tool_calls/mean:0.0 - timing_s/agent_loop/slowest/generate_sequences:28.205319013999542 - timing_s/agent_loop/slowest/tool_calls:0.0 - timing_s/agent_loop/slowest/prompt_length:331 - timing_s/agent_loop/slowest/response_length:1024 - timing_s/gen:[36m(TaskRunner pid=266218)[0m Training Progress:  17%|█▋        | 7/41 [18:55<1:29:46, 158.42s/it]
[36m(TaskRunner pid=266218)[0m Training Progress:  20%|█▉        | 8/41 [21:35<1:27:17, 158.71s/it]
34.08457163500134 - timing_s/adv:13.054703036003048 - timing_s/update_actor:97.91688311500184 - timing_s/dump_rollout_generations:0.2921796979935607 - timing_s/step:145.45514810099849 - timing_s/stop_profile:2.4053006200119853e-05 - timing_per_token_ms/update_actor:0.28047733972009187 - timing_per_token_ms/gen:0.2178818918599385 - timing_per_token_ms/adv:0.037394453968408195 - perf/total_num_tokens:349108 - perf/time_per_step:145.45514810099849 - perf/throughput:1200.05377794395
[36m(TaskRunner pid=266218)[0m Dumped generations to /sfs/weka/scratch/nkw3mr/Vision-OPD-OPSA/rollouts/Aha-Qwen3.5-4B/7.jsonl
[36m(TaskRunner pid=266218)[0m step:7 - global_seqlen/min:178160 - global_seqlen/max:187548 - global_seqlen/minmax_diff:9388 - global_seqlen/balanced_min:182849 - global_seqlen/balanced_max:182859 - global_seqlen/mean:182854.0 - self_distillation/teacher_always_on_fraction:1.0 - self_distillation/teacher_image_swap_fraction:1.0 - self_distillation/policy_fallback_fraction:0.0 - self_distillation/grpo_fallback_count:0.0 - rollout_corr/rollout_is_mean:1.0 - rollout_corr/rollout_is_ratio_fraction_high:0.0 - rollout_corr/rollout_is_ratio_fraction_low:0.0 - rollout_corr/rollout_is_max:1.0 - rollout_corr/rollout_is_min:1.0 - rollout_corr/rollout_is_std:0.0 - rollout_corr/rollout_is_eff_sample_size:1.0 - rollout_corr/rollout_is_seq_mean:1.0 - rollout_corr/rollout_is_seq_std:0.0 - rollout_corr/rollout_is_seq_max:1.0 - rollout_corr/rollout_is_seq_min:1.0 - rollout_corr/rollout_is_seq_max_deviation:0.0 - rollout_corr/rollout_is_seq_fraction_high:0.0 - rollout_corr/rollout_is_seq_fraction_low:0.0 - rollout_corr/training_ppl:2.292837805820234 - rollout_corr/training_log_ppl:0.8026936903144375 - rollout_corr/kl:0.20603424288106686 - rollout_corr/k3_kl:0.19884369149804115 - rollout_corr/rollout_ppl:1.8273759393981008 - rollout_corr/rollout_log_ppl:0.5877581437428793 - rollout_corr/log_ppl_diff:0.21493554928086023 - rollout_corr/log_ppl_abs_diff:0.21515769037333402 - rollout_corr/log_ppl_diff_max:0.711471676826477 - rollout_corr/log_ppl_diff_min:-0.015265166759490967 - rollout_corr/ppl_ratio:1.2509659221678069 - rollout_corr/chi2_token:6.390014415437525 - rollout_corr/chi2_seq:-0.9103679331866178 - actor/pg_loss:0.23106149995389083 - actor/kl_loss:0.0 - actor/grpo_loss:0.0 - actor/vopd_loss:0.23106149995389083 - actor/vopd_loss_weighted:0.23106149995389083 - actor/policy_fallback_fraction:0.0 - aha/u_mean:-0.29611878458297614 - aha/u_neg_valley_frac:0.6001591835961197 - aha/floor_clamped_frac:0.0 - aha/q_tail_mass:0.002407776335585919 - aha/argmax_conf:0.7853697538375854 - self_distillation/raw_jsd_token_mean:0.2336105051817316 - self_distillation/weighted_jsd_token_mean:0.2336105051817316 - self_distillation/self_distillation_mask.mean():1.0 - self_distillation/num_distill_tokens:2340.181818181818 - self_distillation/empty_target_batch:0.0 - actor/grad_norm:1.2325913906097412 - timing_s/update_actor/student_forward:17.29069172295567 - timing_s/update_actor/teacher_forward:21.74939541699132 - timing_s/update_actor/teacher_full_forward:0.0 - timing_s/update_actor/teacher_null_forward:21.27402852695377 - timing_s/update_actor/loss_compute:0.02033243297773879 - timing_s/update_actor/backward:36.670652097964194 - timing_s/update_actor/optimizer_step:0.08644342499610502 - timing_s/update_actor/teacher_ema_update:3.916400601156056e-05 - perf/mfu/actor:0.0 - perf/max_memory_allocated_gb:120.8863205909729 - perf/max_memory_reserved_gb:138.544921875 - perf/cpu_memory_used_gb:315.7704391479492 - actor/lr:1.2e-06 - training/global_step:7 - training/epoch:0 - response_length/mean:201.109375 - response_length/max:1024.0 - response_length/min:9.0 - response_length/clip_ratio:0.0013020833721384406 - response_length_non_aborted/mean:201.109375 - response_length_non_aborted/max:1024.0 - response_length_non_aborted/min:9.0 - response_length_non_aborted/clip_ratio:0.0013020833721384406 - response/aborted_ratio:0.0 - prompt_length/mean:275.0729064941406 - prompt_length/max:3327.0 - prompt_length/min:93.0 - prompt_length/clip_ratio:0.0 - num_turns/min:2 - num_turns/max:2 - num_turns/mean:2.0 - timing_s/start_profile:2.2410997189581394e-05 - timing_s/agent_loop/generate_sequences/min:3.6358300979918567 - timing_s/agent_loop/generate_sequences/max:28.07580070498807 - timing_s/agent_loop/generate_sequences/mean:15.886978867115204 - timing_s/agent_loop/tool_calls/min:0.0 - timing_s/agent_loop/tool_calls/max:0.0 - timing_s/agent_loop/tool_calls/mean:0.0 - timing_s/agent_loop/slowest/generate_sequences:28.07580070498807 - timing_s/agent_loop/slowest/tool_calls:0.0 - timing_s/agent_loop/slowest/prompt_length:228 - timing_s/agent_loop/slowest/response_length:1024 - timing_s/gen:35.6122693750076 - timing_s/adv:13.916625548998127 - timing_s/update_actor:106.90369471799931 - timing_s/dump_rollout_generations:0.29088313100510277 - timing_s/step:156.84812741600035 - timing_s/stop_profile:3.4828000934794545e-05 - timing_per_token_ms/update_actor:0.2923198144913409 - timing_per_token_ms/gen:0.23057175934923213 - timing_per_token_ms/adv:0.038053927037412706 - perf/total_num_tokens:365708 - perf/time_per_step:156.84812741600035 - perf/throughput:1165.802888516645
[36m(TaskRunner pid=266218)[0m Dumped generations to /sfs/weka/scratch/nkw3mr/Vision-OPD-OPSA/rollouts/Aha-Qwen3.5-4B/8.jsonl
[36m(TaskRunner pid=266218)[0m step:8 - global_seqlen/min:176797 - global_seqlen/max:197145 - global_seqlen/minmax_diff:20348 - global_seqlen/balanced_min:186970 - global_seqlen/balanced_max:186972 - global_seqlen/mean:186971.0 - self_distillation/teacher_always_on_fraction:1.0 - self_distillation/teacher_image_swap_fraction:1.0 - self_distillation/policy_fallback_fraction:0.0 - self_distillation/grpo_fallback_count:0.0 - rollout_corr/rollout_is_mean:1.0 - rollout_corr/rollout_is_ratio_fraction_high:0.0 - rollout_corr/rollout_is_ratio_fraction_low:0.0 - rollout_corr/rollout_is_max:1.0 - rollout_corr/rollout_is_min:1.0 - rollout_corr/rollout_is_std:0.0 - rollout_corr/rollout_is_eff_sample_size:1.0 - rollout_corr/rollout_is_seq_mean:1.0 - rollout_corr/rollout_is_seq_std:0.0 - rollout_corr/rollout_is_seq_max:1.0 - rollout_corr/rollout_is_seq_min:1.0 - rollout_corr/rollout_is_seq_max_deviation:0.0 - rollout_corr/rollout_is_seq_fraction_high:0.0 - rollout_corr/rollout_is_seq_fraction_low:0.0 - rollout_corr/training_ppl:2.5420740737634544 - rollout_corr/training_log_ppl:0.897299876984428 - rollout_corr/kl:0.21844427462886362 - rollout_corr/k3_kl:0.2108931793447803 - rollout_corr/rollout_ppl:2.0056299234137818 - rollout_corr/rollout_log_ppl:0.6695137041456559 - rollout_corr/log_ppl_diff:0.22778617941281376 - rollout_corr/log_ppl_abs_diff:0.22804490016663775 - rollout_corr/log_ppl_diff_max:0.7452046871185303 - rollout_corr/log_ppl_diff_min:-0.03708755970001221 - rollout_corr/ppl_ratio:1.2668459012227902 - rollout_corr/chi2_token:3.471767492154065 - rollout_corr/chi2_seq:-0.8007842337383944 - actor/pg_loss:0.22381573847572628 - actor/kl_loss:0.0 - actor/grpo_loss:0.0 - actor/vopd_loss:0.22381573847572628 - actor/vopd_loss_weighted:0.22381573847572628 - actor/policy_fallback_fraction:0.0 - aha/u_mean:-0.3099378735265311 - aha/u_neg_valley_frac:0.6015403656398549 - aha/floor_clamped_frac:0.0 - aha/q_tail_mass:0.0019270659690579016 - aha/argmax_conf:0.750369668006897 - self_distillation/raw_jsd_token_mean:0.22667157518513062 - self_distillation/weighted_jsd_token_mean:0.22667157518513062 - self_distillation/self_distillation_mask.mean():1.0 - self_distillation/num_distill_tokens:2336.9117647058824 - self_distillation/empty_target_batch:0.0 - actor/grad_norm:1.2487120628356934 - timing_s/update_actor/student_forward:17.588340934016742 - timing_s/update_actor/teacher_forward:21.21909563698864 - timing_s/update_actor/teacher_full_forward:0.0 - timing_s/update_actor/teacher_null_forward:21.164164034998976 - timing_s/update_actor/loss_compute:0.0209356990235392 - timing_s/update_actor/backward:38.2520314729918 - timing_s/update_actor/optimizer_step:0.08728020200214814 - timing_s/update_actor/teacher_ema_update:4.141699173487723e-05 - perf/mfu/actor:0.0 - perf/max_memory_allocated_gb:120.8863205909729 - perf/max_memory_reserved_gb:138.544921875 - perf/cpu_memory_used_gb:315.08248138427734 - actor/lr:1.4e-06 - training/global_step:8 - training/epoch:0 - response_length/mean:206.9140625 - response_length/max:1024.0 - response_length/min:47.0 - response_length/clip_ratio:0.0065104165114462376 - response_length_non_aborted/mean:206.9140625 - response_length_non_aborted/max:1024.0 - response_length_non_aborted/min:47.0 - response_length_non_aborted/clip_ratio:0.0065104165114462376 - response/aborted_ratio:0.0 - prompt_length/mean:279.9895935058594 - prompt_length/max:3329.0 - prompt_length/min:109.0 - prompt_length/clip_ratio:0.0 - num_turns/min:2 - num_turns/max:2 - num_turns/mean:2.0 - timing_s/start_profile:2.3432992747984827e-05 - timing_s/agent_loop/generate_sequences/min:7.590889145998517 - timing_s/agent_loop/generate_sequences/max:28.654363987996476 - timing_s/agent_loop/generate_sequences/mean:15.897419106070268 - timing_s/agent_loop/tool_calls/min:0.0 - timing_s/agent_loop/tool_calls/max:0.0 - timing_s/agent_loop/tool_calls/mean:0.0 - timing_s/agent_loop/slowest/generate_sequences:28.654363987996476 - timing_s/agent_loop/slowest/tool_calls:0.0 - timing_s/agent_loop/slowest/prompt_length:216 - timing_s/agent_loop/slowest/response_le[36m(TaskRunner pid=266218)[0m Training Progress:  22%|██▏       | 9/41 [24:23<1:26:15, 161.74s/it]
[36m(TaskRunner pid=266218)[0m Training Progress:  24%|██▍       | 10/41 [27:23<1:26:27, 167.34s/it]
ngth:1017 - timing_s/gen:36.29359294701135 - timing_s/adv:14.416077575006057 - timing_s/update_actor:108.14851009000267 - timing_s/dump_rollout_generations:0.29674880899256095 - timing_s/step:159.25804479299404 - timing_s/stop_profile:2.4734006728976965e-05 - timing_per_token_ms/update_actor:0.28921199033540673 - timing_per_token_ms/gen:0.22839086871192088 - timing_per_token_ms/adv:0.03855164056192152 - perf/total_num_tokens:373942 - perf/time_per_step:159.25804479299404 - perf/throughput:1174.0129061802038
[36m(TaskRunner pid=266218)[0m Dumped generations to /sfs/weka/scratch/nkw3mr/Vision-OPD-OPSA/rollouts/Aha-Qwen3.5-4B/9.jsonl
[36m(TaskRunner pid=266218)[0m step:9 - global_seqlen/min:177707 - global_seqlen/max:229730 - global_seqlen/minmax_diff:52023 - global_seqlen/balanced_min:203715 - global_seqlen/balanced_max:203722 - global_seqlen/mean:203718.5 - self_distillation/teacher_always_on_fraction:1.0 - self_distillation/teacher_image_swap_fraction:1.0 - self_distillation/policy_fallback_fraction:0.0 - self_distillation/grpo_fallback_count:0.0 - rollout_corr/rollout_is_mean:1.0 - rollout_corr/rollout_is_ratio_fraction_high:0.0 - rollout_corr/rollout_is_ratio_fraction_low:0.0 - rollout_corr/rollout_is_max:1.0 - rollout_corr/rollout_is_min:1.0 - rollout_corr/rollout_is_std:0.0 - rollout_corr/rollout_is_eff_sample_size:1.0 - rollout_corr/rollout_is_seq_mean:1.0 - rollout_corr/rollout_is_seq_std:0.0 - rollout_corr/rollout_is_seq_max:1.0 - rollout_corr/rollout_is_seq_min:1.0 - rollout_corr/rollout_is_seq_max_deviation:0.0 - rollout_corr/rollout_is_seq_fraction_high:0.0 - rollout_corr/rollout_is_seq_fraction_low:0.0 - rollout_corr/training_ppl:2.5610033418681173 - rollout_corr/training_log_ppl:0.8999007738925315 - rollout_corr/kl:0.20563709816417178 - rollout_corr/k3_kl:0.20397184235421387 - rollout_corr/rollout_ppl:2.042369649216935 - rollout_corr/rollout_log_ppl:0.6846654584278931 - rollout_corr/log_ppl_diff:0.21523531868651108 - rollout_corr/log_ppl_abs_diff:0.2155054487489365 - rollout_corr/log_ppl_diff_max:0.8064817190170288 - rollout_corr/log_ppl_diff_min:-0.019482731819152832 - rollout_corr/ppl_ratio:1.2503595352172852 - rollout_corr/chi2_token:35.60605766644349 - rollout_corr/chi2_seq:-0.876115041810113 - actor/pg_loss:0.22326359212941801 - actor/kl_loss:0.0 - actor/grpo_loss:0.0 - actor/vopd_loss:0.22326359212941801 - actor/vopd_loss_weighted:0.22326359212941801 - actor/policy_fallback_fraction:0.0 - aha/u_mean:-0.2894487575048933 - aha/u_neg_valley_frac:0.597464629524463 - aha/floor_clamped_frac:0.0 - aha/q_tail_mass:0.002143715660880647 - aha/argmax_conf:0.7632179856300354 - self_distillation/raw_jsd_token_mean:0.22471971527950185 - self_distillation/weighted_jsd_token_mean:0.22471971527950185 - self_distillation/self_distillation_mask.mean():1.0 - self_distillation/num_distill_tokens:2320.2837837837837 - self_distillation/empty_target_batch:0.0 - actor/grad_norm:0.9941950440406799 - timing_s/update_actor/student_forward:16.444229850021657 - timing_s/update_actor/teacher_forward:22.978740765029215 - timing_s/update_actor/teacher_full_forward:0.0 - timing_s/update_actor/teacher_null_forward:22.671232286011218 - timing_s/update_actor/loss_compute:0.02263410897285212 - timing_s/update_actor/backward:41.1689371309476 - timing_s/update_actor/optimizer_step:0.08662220799305942 - timing_s/update_actor/teacher_ema_update:4.5872991904616356e-05 - perf/mfu/actor:0.0 - perf/max_memory_allocated_gb:120.8863205909729 - perf/max_memory_reserved_gb:138.544921875 - perf/cpu_memory_used_gb:320.75283432006836 - actor/lr:1.6e-06 - training/global_step:9 - training/epoch:0 - response_length/mean:223.5690155029297 - response_length/max:1024.0 - response_length/min:16.0 - response_length/clip_ratio:0.00390625 - response_length_non_aborted/mean:223.5690155029297 - response_length_non_aborted/max:1024.0 - response_length_non_aborted/min:16.0 - response_length_non_aborted/clip_ratio:0.00390625 - response/aborted_ratio:0.0 - prompt_length/mean:306.9479064941406 - prompt_length/max:3329.0 - prompt_length/min:135.0 - prompt_length/clip_ratio:0.0 - num_turns/min:2 - num_turns/max:2 - num_turns/mean:2.0 - timing_s/start_profile:5.3844007197767496e-05 - timing_s/agent_loop/generate_sequences/min:5.274311729997862 - timing_s/agent_loop/generate_sequences/max:29.103567305995966 - timing_s/agent_loop/generate_sequences/mean:16.91328512064702 - timing_s/agent_loop/tool_calls/min:0.0 - timing_s/agent_loop/tool_calls/max:0.0 - timing_s/agent_loop/tool_calls/mean:0.0 - timing_s/agent_loop/slowest/generate_sequences:29.103567305995966 - timing_s/agent_loop/slowest/tool_calls:0.0 - timing_s/agent_loop/slowest/prompt_length:218 - timing_s/agent_loop/slowest/response_length:1024 - timing_s/gen:36.83466413199494 - timing_s/adv:15.160682043991983 - timing_s/update_actor:115.96361783098837 - timing_s/dump_rollout_generations:0.29353715501201805 - timing_s/step:168.35516654599633 - timing_s/stop_profile:2.6245994376949966e-05 - timing_per_token_ms/update_actor:0.2846172974741822 - timing_per_token_ms/gen:0.21452795343064363 - timing_per_token_ms/adv:0.0372098804084852 - perf/total_num_tokens:407437 - perf/time_per_step:168.35516654599633 - perf/throughput:1210.0519644245194
[36m(TaskRunner pid=266218)[0m Dumped generations to /sfs/weka/scratch/nkw3mr/Vision-OPD-OPSA/rollouts/Aha-Qwen3.5-4B/10.jsonl
[36m(TaskRunner pid=266218)[0m local_global_step_folder: /sfs/weka/scratch/nkw3mr/Vision-OPD-OPSA/checkpoints/Aha-Qwen3.5-4B/global_step_10
[36m(TaskRunner pid=266218)[0m step:10 - global_seqlen/min:186015 - global_seqlen/max:210659 - global_seqlen/minmax_diff:24644 - global_seqlen/balanced_min:198337 - global_seqlen/balanced_max:198337 - global_seqlen/mean:198337.0 - self_distillation/teacher_always_on_fraction:1.0 - self_distillation/teacher_image_swap_fraction:1.0 - self_distillation/policy_fallback_fraction:0.0 - self_distillation/grpo_fallback_count:0.0 - rollout_corr/rollout_is_mean:1.0 - rollout_corr/rollout_is_ratio_fraction_high:0.0 - rollout_corr/rollout_is_ratio_fraction_low:0.0 - rollout_corr/rollout_is_max:1.0 - rollout_corr/rollout_is_min:1.0 - rollout_corr/rollout_is_std:0.0 - rollout_corr/rollout_is_eff_sample_size:1.0 - rollout_corr/rollout_is_seq_mean:1.0 - rollout_corr/rollout_is_seq_std:0.0 - rollout_corr/rollout_is_seq_max:1.0 - rollout_corr/rollout_is_seq_min:1.0 - rollout_corr/rollout_is_seq_max_deviation:0.0 - rollout_corr/rollout_is_seq_fraction_high:0.0 - rollout_corr/rollout_is_seq_fraction_low:0.0 - rollout_corr/training_ppl:2.656684637069702 - rollout_corr/training_log_ppl:0.9325972903105948 - rollout_corr/kl:0.19019763275153106 - rollout_corr/k3_kl:0.18007412852926385 - rollout_corr/rollout_ppl:2.1170042587651148 - rollout_corr/rollout_log_ppl:0.718874979350302 - rollout_corr/log_ppl_diff:0.21372230620019966 - rollout_corr/log_ppl_abs_diff:0.2139298932419883 - rollout_corr/log_ppl_diff_max:0.7059558629989624 - rollout_corr/log_ppl_diff_min:-0.011268317699432373 - rollout_corr/ppl_ratio:1.2496889150804944 - rollout_corr/chi2_token:3.284943064053853 - rollout_corr/chi2_seq:-0.8927119043138292 - actor/pg_loss:0.20526982069713995 - actor/kl_loss:0.0 - actor/grpo_loss:0.0 - actor/vopd_loss:0.20526982069713995 - actor/vopd_loss_weighted:0.20526982069713995 - actor/policy_fallback_fraction:0.0 - aha/u_mean:-0.24874509638175368 - aha/u_neg_valley_frac:0.5905486548112499 - aha/floor_clamped_frac:0.0 - aha/q_tail_mass:0.0021086722352063386 - aha/argmax_conf:0.7500841617584229 - self_distillation/raw_jsd_token_mean:0.20507045048806402 - self_distillation/weighted_jsd_token_mean:0.20507045048806402 - self_distillation/self_distillation_mask.mean():1.0 - self_distillation/num_distill_tokens:2752.583333333333 - self_distillation/empty_target_batch:0.0 - actor/grad_norm:0.8018679022789001 - timing_s/update_actor/student_forward:18.811201387943584 - timing_s/update_actor/teacher_forward:22.457060844040825 - timing_s/update_actor/teacher_full_forward:0.0 - timing_s/update_actor/teacher_null_forward:22.174238178951782 - timing_s/update_actor/loss_compute:0.022103578012320213 - timing_s/update_actor/backward:39.07064225403883 - timing_s/update_actor/optimizer_step:0.08746770001016557 - timing_s/update_actor/teacher_ema_update:6.183399818837643e-05 - perf/mfu/actor:0.0 - perf/max_memory_allocated_gb:120.8863205909729 - perf/max_memory_reserved_gb:138.544921875 - perf/cpu_memory_used_gb:319.05152893066406 - actor/lr:1.8e-06 - training/global_step:10 - training/epoch:0 - response_length/mean:258.0546875 - response_length/max:1024.0 - response_length/min:10.0 - response_length/clip_ratio:0.03515625 - response_length_non_aborted/mean:258.0546875 - response_length_non_aborted/max:1024.0 - response_length_non_aborted/min:10.0 - response_length_non_aborted/clip_ratio:0.03515625 - response/aborted_ratio:0.0 - prompt_length/mean:258.4479064941406 - prompt_length/max:499.0 - prompt_length/min:166.0 - prompt_length/clip_ratio:0.0 - num_turns/min:2 - num_turns/max:2 - num_turns/mean:2.0 - timing_s/start_profile:3.170399577356875e-05 - timing_s/agent_loop/generate_sequences/min:3.6410931480058935 - timing_s/agent_loop/generate_sequences/max:31.720817555004032 - timing_s/agent_loop/generate_sequences/mean:17.942816377518113 - timing_s/agent_loop/tool_calls/min:0.0 - timing_s/agent_loop/tool_calls/max:0.0 - timing_s/agent_loop/tool_calls/mean:0.0 - timing_s/agent_loop/slowest/generate_sequences:31.720817555004032 - timing_s/agent_loop/slowest/tool_calls:0.0 - timing_s/agent_loop/slowest/prompt_length:312 - timing_s/agent_loop/slowest/response_length:1024 - timi[36m(WorkerDict pid=278047)[0m /sfs/weka/scratch/nkw3mr/Vision-OPD-OPSA/verl/utils/device.py:134: FutureWarning: torch.cuda._set_allocator_settings is deprecated. Use torch._C._accelerator_setAllocatorSettings instead.
[36m(WorkerDict pid=278047)[0m   torch.cuda.memory._set_allocator_settings(f"expandable_segments:{enable}")
[36m(TaskRunner pid=266218)[0m Training Progress:  27%|██▋       | 11/41 [30:00<1:22:03, 164.11s/it]
[36m(WorkerDict pid=278050)[0m /sfs/weka/scratch/nkw3mr/Vision-OPD-OPSA/verl/utils/device.py:134: FutureWarning: torch.cuda._set_allocator_settings is deprecated. Use torch._C._accelerator_setAllocatorSettings instead.
[36m(WorkerDict pid=278050)[0m   torch.cuda.memory._set_allocator_settings(f"expandable_segments:{enable}")
[36m(TaskRunner pid=266218)[0m Training Progress:  29%|██▉       | 12/41 [32:32<1:17:32, 160.42s/it]
ng_s/gen:38.81467395499931 - timing_s/adv:13.631751045002602 - timing_s/update_actor:110.52768007200211 - timing_s/dump_rollout_generations:0.2962763309915317 - timing_s/step:163.37610821600538 - timing_s/save_checkpoint:16.45486805398832 - timing_s/stop_profile:2.9189992346800864e-05 - timing_per_token_ms/update_actor:0.27863605901067906 - timing_per_token_ms/gen:0.19584972679704574 - timing_per_token_ms/adv:0.034365123615368295 - perf/total_num_tokens:396674 - perf/time_per_step:163.37610821600538 - perf/throughput:1213.9902349600077
[36m(TaskRunner pid=266218)[0m Dumped generations to /sfs/weka/scratch/nkw3mr/Vision-OPD-OPSA/rollouts/Aha-Qwen3.5-4B/11.jsonl
[36m(TaskRunner pid=266218)[0m step:11 - global_seqlen/min:192283 - global_seqlen/max:201405 - global_seqlen/minmax_diff:9122 - global_seqlen/balanced_min:196844 - global_seqlen/balanced_max:196844 - global_seqlen/mean:196844.0 - self_distillation/teacher_always_on_fraction:1.0 - self_distillation/teacher_image_swap_fraction:1.0 - self_distillation/policy_fallback_fraction:0.0 - self_distillation/grpo_fallback_count:0.0 - rollout_corr/rollout_is_mean:1.0 - rollout_corr/rollout_is_ratio_fraction_high:0.0 - rollout_corr/rollout_is_ratio_fraction_low:0.0 - rollout_corr/rollout_is_max:1.0 - rollout_corr/rollout_is_min:1.0 - rollout_corr/rollout_is_std:0.0 - rollout_corr/rollout_is_eff_sample_size:1.0 - rollout_corr/rollout_is_seq_mean:1.0 - rollout_corr/rollout_is_seq_std:0.0 - rollout_corr/rollout_is_seq_max:1.0 - rollout_corr/rollout_is_seq_min:1.0 - rollout_corr/rollout_is_seq_max_deviation:0.0 - rollout_corr/rollout_is_seq_fraction_high:0.0 - rollout_corr/rollout_is_seq_fraction_low:0.0 - rollout_corr/training_ppl:3.8371774435043333 - rollout_corr/training_log_ppl:1.2527828344276974 - rollout_corr/kl:0.2303666836449078 - rollout_corr/k3_kl:0.22674393334559031 - rollout_corr/rollout_ppl:2.9140832117625646 - rollout_corr/rollout_log_ppl:0.9970522327082498 - rollout_corr/log_ppl_diff:0.25573060320956364 - rollout_corr/log_ppl_abs_diff:0.25595990057502477 - rollout_corr/log_ppl_diff_max:0.8930165767669678 - rollout_corr/log_ppl_diff_min:-0.03190535306930542 - rollout_corr/ppl_ratio:1.3104588678904943 - rollout_corr/chi2_token:8.975105031899044 - rollout_corr/chi2_seq:-0.9127402526991708 - actor/pg_loss:0.2099091805090817 - actor/kl_loss:0.0 - actor/grpo_loss:0.0 - actor/vopd_loss:0.2099091805090817 - actor/vopd_loss_weighted:0.2099091805090817 - actor/policy_fallback_fraction:0.0 - aha/u_mean:-0.136655004709194 - aha/u_neg_valley_frac:0.5492214113473892 - aha/floor_clamped_frac:0.0 - aha/q_tail_mass:0.002892342396912032 - aha/argmax_conf:0.6923736929893494 - self_distillation/raw_jsd_token_mean:0.20968423911503384 - self_distillation/weighted_jsd_token_mean:0.20968423911503384 - self_distillation/self_distillation_mask.mean():1.0 - self_distillation/num_distill_tokens:2984.5714285714284 - self_distillation/empty_target_batch:0.0 - actor/grad_norm:1.0059126615524292 - timing_s/update_actor/student_forward:16.200255598989315 - timing_s/update_actor/teacher_forward:21.627693656031624 - timing_s/update_actor/teacher_full_forward:0.0 - timing_s/update_actor/teacher_null_forward:21.229757228007657 - timing_s/update_actor/loss_compute:0.02137687601498328 - timing_s/update_actor/backward:37.31496009200055 - timing_s/update_actor/optimizer_step:0.08607619898975827 - timing_s/update_actor/teacher_ema_update:3.7892008549533784e-05 - perf/mfu/actor:0.0 - perf/max_memory_allocated_gb:120.8863205909729 - perf/max_memory_reserved_gb:138.544921875 - perf/cpu_memory_used_gb:318.8971252441406 - actor/lr:2e-06 - training/global_step:11 - training/epoch:0 - response_length/mean:272.03125 - response_length/max:1024.0 - response_length/min:3.0 - response_length/clip_ratio:0.03125 - response_length_non_aborted/mean:272.03125 - response_length_non_aborted/max:1024.0 - response_length_non_aborted/min:3.0 - response_length_non_aborted/clip_ratio:0.03125 - response/aborted_ratio:0.0 - prompt_length/mean:240.5833282470703 - prompt_length/max:789.0 - prompt_length/min:151.0 - prompt_length/clip_ratio:0.0 - num_turns/min:2 - num_turns/max:2 - num_turns/mean:2.0 - timing_s/start_profile:5.4495001677423716e-05 - timing_s/agent_loop/generate_sequences/min:2.2808127889875323 - timing_s/agent_loop/generate_sequences/max:32.568945336999604 - timing_s/agent_loop/generate_sequences/mean:18.09580909018888 - timing_s/agent_loop/tool_calls/min:0.0 - timing_s/agent_loop/tool_calls/max:0.0 - timing_s/agent_loop/tool_calls/mean:0.0 - timing_s/agent_loop/slowest/generate_sequences:32.568945336999604 - timing_s/agent_loop/slowest/tool_calls:0.0 - timing_s/agent_loop/slowest/prompt_length:334 - timing_s/agent_loop/slowest/response_length:1024 - timing_s/gen:38.69596187600109 - timing_s/adv:13.105613514009747 - timing_s/update_actor:104.52817997700186 - timing_s/dump_rollout_generations:0.29519976799201686 - timing_s/step:156.73479859999497 - timing_s/stop_profile:2.4212989956140518e-05 - timing_per_token_ms/update_actor:0.2655102009129104 - timing_per_token_ms/gen:0.18521904018763685 - timing_per_token_ms/adv:0.03328933956333378 - perf/total_num_tokens:393688 - perf/time_per_step:156.73479859999497 - perf/throughput:1255.9048900325465
[36m(TaskRunner pid=266218)[0m Dumped generations to /sfs/weka/scratch/nkw3mr/Vision-OPD-OPSA/rollouts/Aha-Qwen3.5-4B/12.jsonl
[36m(TaskRunner pid=266218)[0m step:12 - global_seqlen/min:177267 - global_seqlen/max:197849 - global_seqlen/minmax_diff:20582 - global_seqlen/balanced_min:187558 - global_seqlen/balanced_max:187558 - global_seqlen/mean:187558.0 - self_distillation/teacher_always_on_fraction:1.0 - self_distillation/teacher_image_swap_fraction:1.0 - self_distillation/policy_fallback_fraction:0.0 - self_distillation/grpo_fallback_count:0.0 - rollout_corr/rollout_is_mean:1.0 - rollout_corr/rollout_is_ratio_fraction_high:0.0 - rollout_corr/rollout_is_ratio_fraction_low:0.0 - rollout_corr/rollout_is_max:1.0 - rollout_corr/rollout_is_min:1.0 - rollout_corr/rollout_is_std:0.0 - rollout_corr/rollout_is_eff_sample_size:1.0 - rollout_corr/rollout_is_seq_mean:1.0 - rollout_corr/rollout_is_seq_std:0.0 - rollout_corr/rollout_is_seq_max:1.0 - rollout_corr/rollout_is_seq_min:1.0 - rollout_corr/rollout_is_seq_max_deviation:0.0 - rollout_corr/rollout_is_seq_fraction_high:0.0 - rollout_corr/rollout_is_seq_fraction_low:0.0 - rollout_corr/training_ppl:7.953805863857269 - rollout_corr/training_log_ppl:1.2488961062010597 - rollout_corr/kl:0.24707436167141972 - rollout_corr/k3_kl:0.22778541003079975 - rollout_corr/rollout_ppl:10.015433430671692 - rollout_corr/rollout_log_ppl:0.9725978339419645 - rollout_corr/log_ppl_diff:0.27629828277756185 - rollout_corr/log_ppl_abs_diff:0.2791811359279296 - rollout_corr/log_ppl_diff_max:1.4671382904052734 - rollout_corr/log_ppl_diff_min:-0.5558881759643555 - rollout_corr/ppl_ratio:1.3472145848414478 - rollout_corr/chi2_token:3.313452571630478 - rollout_corr/chi2_seq:-0.36389245005214915 - actor/pg_loss:0.20917834333765006 - actor/kl_loss:0.0 - actor/grpo_loss:0.0 - actor/vopd_loss:0.20917834333765006 - actor/vopd_loss_weighted:0.20917834333765006 - actor/policy_fallback_fraction:0.0 - aha/u_mean:-0.12742610583903596 - aha/u_neg_valley_frac:0.5387813462054029 - aha/floor_clamped_frac:0.0 - aha/q_tail_mass:0.003342182414866436 - aha/argmax_conf:0.7011803984642029 - self_distillation/raw_jsd_token_mean:0.20883229506366394 - self_distillation/weighted_jsd_token_mean:0.20883229506366394 - self_distillation/self_distillation_mask.mean():1.0 - self_distillation/num_distill_tokens:2729.705882352941 - self_distillation/empty_target_batch:0.0 - actor/grad_norm:1.1125705242156982 - timing_s/update_actor/student_forward:16.057185424040654 - timing_s/update_actor/teacher_forward:20.215563551944797 - timing_s/update_actor/teacher_full_forward:0.0 - timing_s/update_actor/teacher_null_forward:20.785586804980994 - timing_s/update_actor/loss_compute:0.020841954043135047 - timing_s/update_actor/backward:36.71066591099952 - timing_s/update_actor/optimizer_step:0.08737448600004427 - timing_s/update_actor/teacher_ema_update:4.334001278039068e-05 - perf/mfu/actor:0.0 - perf/max_memory_allocated_gb:120.8863205909729 - perf/max_memory_reserved_gb:138.544921875 - perf/cpu_memory_used_gb:319.8794822692871 - actor/lr:2e-06 - training/global_step:12 - training/epoch:0 - response_length/mean:241.6927032470703 - response_length/max:1024.0 - response_length/min:3.0 - response_length/clip_ratio:0.02213541604578495 - response_length_non_aborted/mean:241.6927032470703 - response_length_non_aborted/max:1024.0 - response_length_non_aborted/min:3.0 - response_length_non_aborted/clip_ratio:0.02213541604578495 - response/aborted_ratio:0.0 - prompt_length/mean:246.7395782470703 - prompt_length/max:701.0 - prompt_length/min:90.0 - prompt_length/clip_ratio:0.0 - num_turns/min:2 - num_turns/max:2 - num_turns/mean:2.0 - timing_s/start_profile:3.377599932719022e-05 - timing_s/agent_loop/generate_sequences/min:1.6909359860001132 - timing_s/agent_loop/generate_sequences/max:29.508241039991844 - timing_s/agent_loop/generate_sequences/mean:15.7599534470718 - timing_s/agent_loop/tool_calls/min:0.0 - timing_s/agent_loop/tool_calls/max:0.0 - timing_s/agent_loop/tool_calls/mean:0.0 - timing_s/agent_loop/slowest/generate_sequences:29.508241039991844 - timing_s/agent_loop/slowest/tool_calls:0.0 - timing_s/agent_loop/slowest/prompt_length:332 - timing_s/agent_loop/slowest/respon[36m(TaskRunner pid=266218)[0m Training Progress:  32%|███▏      | 13/41 [35:15<1:15:12, 161.16s/it]
[36m(TaskRunner pid=266218)[0m Training Progress:  34%|███▍      | 14/41 [37:30<1:08:58, 153.26s/it]
se_length:1024 - timing_s/gen:36.641876030989806 - timing_s/adv:13.667091845010873 - timing_s/update_actor:101.2320256630046 - timing_s/dump_rollout_generations:0.29379277500265744 - timing_s/step:151.94106057500176 - timing_s/stop_profile:2.7066998882219195e-05 - timing_per_token_ms/update_actor:0.2698685890844555 - timing_per_token_ms/gen:0.19740262919399745 - timing_per_token_ms/adv:0.03643430790744962 - perf/total_num_tokens:375116 - perf/time_per_step:151.94106057500176 - perf/throughput:1234.4128656875926
[36m(TaskRunner pid=266218)[0m Dumped generations to /sfs/weka/scratch/nkw3mr/Vision-OPD-OPSA/rollouts/Aha-Qwen3.5-4B/13.jsonl
[36m(TaskRunner pid=266218)[0m step:13 - global_seqlen/min:183105 - global_seqlen/max:202745 - global_seqlen/minmax_diff:19640 - global_seqlen/balanced_min:192918 - global_seqlen/balanced_max:192932 - global_seqlen/mean:192925.0 - self_distillation/teacher_always_on_fraction:1.0 - self_distillation/teacher_image_swap_fraction:1.0 - self_distillation/policy_fallback_fraction:0.0 - self_distillation/grpo_fallback_count:0.0 - rollout_corr/rollout_is_mean:1.0 - rollout_corr/rollout_is_ratio_fraction_high:0.0 - rollout_corr/rollout_is_ratio_fraction_low:0.0 - rollout_corr/rollout_is_max:1.0 - rollout_corr/rollout_is_min:1.0 - rollout_corr/rollout_is_std:0.0 - rollout_corr/rollout_is_eff_sample_size:1.0 - rollout_corr/rollout_is_seq_mean:1.0 - rollout_corr/rollout_is_seq_std:0.0 - rollout_corr/rollout_is_seq_max:1.0 - rollout_corr/rollout_is_seq_min:1.0 - rollout_corr/rollout_is_seq_max_deviation:0.0 - rollout_corr/rollout_is_seq_fraction_high:0.0 - rollout_corr/rollout_is_seq_fraction_low:0.0 - rollout_corr/training_ppl:3.7878153937203543 - rollout_corr/training_log_ppl:1.2394541570118496 - rollout_corr/kl:0.2531739360519818 - rollout_corr/k3_kl:0.23859874073948178 - rollout_corr/rollout_ppl:2.969320457322257 - rollout_corr/rollout_log_ppl:0.9690475421292442 - rollout_corr/log_ppl_diff:0.2704065985445465 - rollout_corr/log_ppl_abs_diff:0.27787076043231146 - rollout_corr/log_ppl_diff_max:1.0131760835647583 - rollout_corr/log_ppl_diff_min:-3.0260539054870605 - rollout_corr/ppl_ratio:1.3413796901702881 - rollout_corr/chi2_token:10.22396992274693 - rollout_corr/chi2_seq:214.1477160692215 - actor/pg_loss:0.23136163291443756 - actor/kl_loss:0.0 - actor/grpo_loss:0.0 - actor/vopd_loss:0.23136163291443756 - actor/vopd_loss_weighted:0.23136163291443756 - actor/policy_fallback_fraction:0.0 - aha/u_mean:-0.1640386283863336 - aha/u_neg_valley_frac:0.5553147711924145 - aha/floor_clamped_frac:0.0 - aha/q_tail_mass:0.0023039286266014515 - aha/argmax_conf:0.7031828165054321 - self_distillation/raw_jsd_token_mean:0.23410858341625757 - self_distillation/weighted_jsd_token_mean:0.23410858341625757 - self_distillation/self_distillation_mask.mean():1.0 - self_distillation/num_distill_tokens:2437.857142857143 - self_distillation/empty_target_batch:0.0 - actor/grad_norm:0.8013790845870972 - timing_s/update_actor/student_forward:17.718384701991454 - timing_s/update_actor/teacher_forward:22.68526569395908 - timing_s/update_actor/teacher_full_forward:0.0 - timing_s/update_actor/teacher_null_forward:22.035764581043622 - timing_s/update_actor/loss_compute:0.02143742200860288 - timing_s/update_actor/backward:38.82866676704725 - timing_s/update_actor/optimizer_step:0.08601663100125734 - timing_s/update_actor/teacher_ema_update:4.338899452704936e-05 - perf/mfu/actor:0.0 - perf/max_memory_allocated_gb:120.8863205909729 - perf/max_memory_reserved_gb:138.544921875 - perf/cpu_memory_used_gb:323.54343032836914 - actor/lr:2e-06 - training/global_step:13 - training/epoch:0 - response_length/mean:222.2005157470703 - response_length/max:1024.0 - response_length/min:2.0 - response_length/clip_ratio:0.015625 - response_length_non_aborted/mean:222.2005157470703 - response_length_non_aborted/max:1024.0 - response_length_non_aborted/min:2.0 - response_length_non_aborted/clip_ratio:0.015625 - response/aborted_ratio:0.0 - prompt_length/mean:280.2083435058594 - prompt_length/max:3329.0 - prompt_length/min:100.0 - prompt_length/clip_ratio:0.0 - num_turns/min:2 - num_turns/max:2 - num_turns/mean:2.0 - timing_s/start_profile:2.18700006371364e-05 - timing_s/agent_loop/generate_sequences/min:3.9077800490049412 - timing_s/agent_loop/generate_sequences/max:30.02313391699863 - timing_s/agent_loop/generate_sequences/mean:16.435415631286617 - timing_s/agent_loop/tool_calls/min:0.0 - timing_s/agent_loop/tool_calls/max:0.0 - timing_s/agent_loop/tool_calls/mean:0.0 - timing_s/agent_loop/slowest/generate_sequences:30.02313391699863 - timing_s/agent_loop/slowest/tool_calls:0.0 - timing_s/agent_loop/slowest/prompt_length:218 - timing_s/agent_loop/slowest/response_length:1020 - timing_s/gen:36.64279079600237 - timing_s/adv:14.445554309000727 - timing_s/update_actor:110.33837246299663 - timing_s/dump_rollout_generations:0.29050190599809866 - timing_s/step:162.18380777300627 - timing_s/stop_profile:2.6345995138399303e-05 - timing_per_token_ms/update_actor:0.2859618309265171 - timing_per_token_ms/gen:0.21472482154118003 - timing_per_token_ms/adv:0.03743826437475891 - perf/total_num_tokens:385850 - perf/time_per_step:162.18380777300627 - perf/throughput:1189.5453846417229
[36m(TaskRunner pid=266218)[0m Dumped generations to /sfs/weka/scratch/nkw3mr/Vision-OPD-OPSA/rollouts/Aha-Qwen3.5-4B/14.jsonl
[36m(TaskRunner pid=266218)[0m step:14 - global_seqlen/min:160334 - global_seqlen/max:166023 - global_seqlen/minmax_diff:5689 - global_seqlen/balanced_min:163178 - global_seqlen/balanced_max:163179 - global_seqlen/mean:163178.5 - self_distillation/teacher_always_on_fraction:1.0 - self_distillation/teacher_image_swap_fraction:1.0 - self_distillation/policy_fallback_fraction:0.0 - self_distillation/grpo_fallback_count:0.0 - rollout_corr/rollout_is_mean:1.0 - rollout_corr/rollout_is_ratio_fraction_high:0.0 - rollout_corr/rollout_is_ratio_fraction_low:0.0 - rollout_corr/rollout_is_max:1.0 - rollout_corr/rollout_is_min:1.0 - rollout_corr/rollout_is_std:0.0 - rollout_corr/rollout_is_eff_sample_size:1.0 - rollout_corr/rollout_is_seq_mean:1.0 - rollout_corr/rollout_is_seq_std:0.0 - rollout_corr/rollout_is_seq_max:1.0 - rollout_corr/rollout_is_seq_min:1.0 - rollout_corr/rollout_is_seq_max_deviation:0.0 - rollout_corr/rollout_is_seq_fraction_high:0.0 - rollout_corr/rollout_is_seq_fraction_low:0.0 - rollout_corr/training_ppl:4.836284818320439 - rollout_corr/training_log_ppl:1.3009244265227482 - rollout_corr/kl:0.29332986987870313 - rollout_corr/k3_kl:0.30861539881804895 - rollout_corr/rollout_ppl:2.9492293061881227 - rollout_corr/rollout_log_ppl:0.9863838666471942 - rollout_corr/log_ppl_diff:0.3145405578202215 - rollout_corr/log_ppl_abs_diff:0.31752664981217216 - rollout_corr/log_ppl_diff_max:2.3954408168792725 - rollout_corr/log_ppl_diff_min:-0.9986685514450073 - rollout_corr/ppl_ratio:1.4179036165105887 - rollout_corr/chi2_token:103.2250787800756 - rollout_corr/chi2_seq:-0.36110865042127416 - actor/pg_loss:0.2503086705110036 - actor/kl_loss:0.0 - actor/grpo_loss:0.0 - actor/vopd_loss:0.2503086705110036 - actor/vopd_loss_weighted:0.2503086705110036 - actor/policy_fallback_fraction:0.0 - aha/u_mean:-0.1311137035312452 - aha/u_neg_valley_frac:0.5392010309572878 - aha/floor_clamped_frac:0.0 - aha/q_tail_mass:0.0025379477131003835 - aha/argmax_conf:0.6933419704437256 - self_distillation/raw_jsd_token_mean:0.2501316127078287 - self_distillation/weighted_jsd_token_mean:0.2501316127078287 - self_distillation/self_distillation_mask.mean():1.0 - self_distillation/num_distill_tokens:2539.120689655172 - self_distillation/empty_target_batch:0.0 - actor/grad_norm:0.6598241925239563 - timing_s/update_actor/student_forward:12.982182662031846 - timing_s/update_actor/teacher_forward:16.51388667606807 - timing_s/update_actor/teacher_full_forward:0.0 - timing_s/update_actor/teacher_null_forward:16.978767426058766 - timing_s/update_actor/loss_compute:0.017723191980621777 - timing_s/update_actor/backward:31.159236686027725 - timing_s/update_actor/optimizer_step:0.08746573000098579 - timing_s/update_actor/teacher_ema_update:5.1269991672597826e-05 - perf/mfu/actor:0.0 - perf/max_memory_allocated_gb:120.8863205909729 - perf/max_memory_reserved_gb:138.544921875 - perf/cpu_memory_used_gb:318.380069732666 - actor/lr:2e-06 - training/global_step:14 - training/epoch:0 - response_length/mean:191.7565155029297 - response_length/max:1024.0 - response_length/min:3.0 - response_length/clip_ratio:0.0013020833721384406 - response_length_non_aborted/mean:191.7565155029297 - response_length_non_aborted/max:1024.0 - response_length_non_aborted/min:3.0 - response_length_non_aborted/clip_ratio:0.0013020833721384406 - response/aborted_ratio:0.0 - prompt_length/mean:233.1875 - prompt_length/max:498.0 - prompt_length/min:103.0 - prompt_length/clip_ratio:0.0 - num_turns/min:2 - num_turns/max:2 - num_turns/mean:2.0 - timing_s/start_profile:3.011099761351943e-05 - timing_s/agent_loop/generate_sequences/min:3.2550388149975333 - timing_s/agent_loop/generate_sequences/max:26.208590362002724 - timing_s/agent_loop/generate_sequences/mean:14.656592357239466 - timing_s/agent_loop/tool_calls/min:0.0 - timing_s/agent_loop/tool_calls/max:0.0 - timing_s/agent_loop/tool_calls/mean:0.0 - timing_s/agent_loop/slowest/generate_sequences:26.208590362002724 - timing_s/agent_loop/slowest/tool_calls:0.0 - timing_s/agent_loop/slowest/prompt_length:328 - timing_s/agent_loop/slowest/response_lengt[36m(TaskRunner pid=266218)[0m Training Progress:  37%|███▋      | 15/41 [40:14<1:07:56, 156.77s/it]
[36m(WorkerDict pid=278047)[0m /sfs/weka/scratch/nkw3mr/Vision-OPD-OPSA/verl/utils/device.py:134: FutureWarning: torch.cuda._set_allocator_settings is deprecated. Use torch._C._accelerator_setAllocatorSettings instead.
[36m(WorkerDict pid=278047)[0m   torch.cuda.memory._set_allocator_settings(f"expandable_segments:{enable}")
[36m(TaskRunner pid=266218)[0m Training Progress:  39%|███▉      | 16/41 [42:52<1:05:21, 156.88s/it]
[36m(WorkerDict pid=278050)[0m /sfs/weka/scratch/nkw3mr/Vision-OPD-OPSA/verl/utils/device.py:134: FutureWarning: torch.cuda._set_allocator_settings is deprecated. Use torch._C._accelerator_setAllocatorSettings instead.
[36m(WorkerDict pid=278050)[0m   torch.cuda.memory._set_allocator_settings(f"expandable_segments:{enable}")
h:1024 - timing_s/gen:32.85633197899733 - timing_s/adv:13.863179045001743 - timing_s/update_actor:87.83229880398721 - timing_s/dump_rollout_generations:0.29701643699081615 - timing_s/step:134.97588844598795 - timing_s/stop_profile:2.6256006094627082e-05 - timing_per_token_ms/update_actor:0.26912950788243306 - timing_per_token_ms/gen:0.22310419693891675 - timing_per_token_ms/adv:0.042478571150616484 - perf/total_num_tokens:326357 - perf/time_per_step:134.97588844598795 - perf/throughput:1208.9455522665266
[36m(TaskRunner pid=266218)[0m Dumped generations to /sfs/weka/scratch/nkw3mr/Vision-OPD-OPSA/rollouts/Aha-Qwen3.5-4B/15.jsonl
[36m(TaskRunner pid=266218)[0m local_global_step_folder: /sfs/weka/scratch/nkw3mr/Vision-OPD-OPSA/checkpoints/Aha-Qwen3.5-4B/global_step_15
[36m(TaskRunner pid=266218)[0m step:15 - global_seqlen/min:171559 - global_seqlen/max:195469 - global_seqlen/minmax_diff:23910 - global_seqlen/balanced_min:183513 - global_seqlen/balanced_max:183515 - global_seqlen/mean:183514.0 - self_distillation/teacher_always_on_fraction:1.0 - self_distillation/teacher_image_swap_fraction:1.0 - self_distillation/policy_fallback_fraction:0.0 - self_distillation/grpo_fallback_count:0.0 - rollout_corr/rollout_is_mean:1.0 - rollout_corr/rollout_is_ratio_fraction_high:0.0 - rollout_corr/rollout_is_ratio_fraction_low:0.0 - rollout_corr/rollout_is_max:1.0 - rollout_corr/rollout_is_min:1.0 - rollout_corr/rollout_is_std:0.0 - rollout_corr/rollout_is_eff_sample_size:1.0 - rollout_corr/rollout_is_seq_mean:1.0 - rollout_corr/rollout_is_seq_std:0.0 - rollout_corr/rollout_is_seq_max:1.0 - rollout_corr/rollout_is_seq_min:1.0 - rollout_corr/rollout_is_seq_max_deviation:0.0 - rollout_corr/rollout_is_seq_fraction_high:0.0 - rollout_corr/rollout_is_seq_fraction_low:0.0 - rollout_corr/training_ppl:4.029362367861198 - rollout_corr/training_log_ppl:1.2755618239894058 - rollout_corr/kl:0.2776710521994215 - rollout_corr/k3_kl:0.2604573515780044 - rollout_corr/rollout_ppl:2.8809559887105767 - rollout_corr/rollout_log_ppl:0.9692985568985795 - rollout_corr/log_ppl_diff:0.3062632695743532 - rollout_corr/log_ppl_abs_diff:0.30766156835086417 - rollout_corr/log_ppl_diff_max:1.1127628087997437 - rollout_corr/log_ppl_diff_min:-0.44664156436920166 - rollout_corr/ppl_ratio:1.3964459625157444 - rollout_corr/chi2_token:8.243270951690096 - rollout_corr/chi2_seq:-0.861606027140762 - actor/pg_loss:0.22811830684076995 - actor/kl_loss:0.0 - actor/grpo_loss:0.0 - actor/vopd_loss:0.22811830684076995 - actor/vopd_loss_weighted:0.22811830684076995 - actor/policy_fallback_fraction:0.0 - aha/u_mean:-0.1438354828507837 - aha/u_neg_valley_frac:0.5466600218505571 - aha/floor_clamped_frac:0.0 - aha/q_tail_mass:0.0025867117016759675 - aha/argmax_conf:0.688014030456543 - self_distillation/raw_jsd_token_mean:0.2277163490653038 - self_distillation/weighted_jsd_token_mean:0.2277163490653038 - self_distillation/self_distillation_mask.mean():1.0 - self_distillation/num_distill_tokens:2647.090909090909 - self_distillation/empty_target_batch:0.0 - actor/grad_norm:0.6327086687088013 - timing_s/update_actor/student_forward:15.955212964996463 - timing_s/update_actor/teacher_forward:19.565187817977858 - timing_s/update_actor/teacher_full_forward:0.0 - timing_s/update_actor/teacher_null_forward:20.54689876595512 - timing_s/update_actor/loss_compute:0.02072749198123347 - timing_s/update_actor/backward:36.6425849700463 - timing_s/update_actor/optimizer_step:0.08616696299577598 - timing_s/update_actor/teacher_ema_update:6.00829953327775e-05 - perf/mfu/actor:0.0 - perf/max_memory_allocated_gb:120.8863205909729 - perf/max_memory_reserved_gb:138.544921875 - perf/cpu_memory_used_gb:322.4962921142578 - actor/lr:2e-06 - training/global_step:15 - training/epoch:0 - response_length/mean:227.484375 - response_length/max:1024.0 - response_length/min:3.0 - response_length/clip_ratio:0.014322916977107525 - response_length_non_aborted/mean:227.484375 - response_length_non_aborted/max:1024.0 - response_length_non_aborted/min:3.0 - response_length_non_aborted/clip_ratio:0.014322916977107525 - response/aborted_ratio:0.0 - prompt_length/mean:250.4166717529297 - prompt_length/max:498.0 - prompt_length/min:135.0 - prompt_length/clip_ratio:0.0 - num_turns/min:2 - num_turns/max:2 - num_turns/mean:2.0 - timing_s/start_profile:2.2150008589960635e-05 - timing_s/agent_loop/generate_sequences/min:4.00030503400194 - timing_s/agent_loop/generate_sequences/max:29.513122015996487 - timing_s/agent_loop/generate_sequences/mean:16.583991195907476 - timing_s/agent_loop/tool_calls/min:0.0 - timing_s/agent_loop/tool_calls/max:0.0 - timing_s/agent_loop/tool_calls/mean:0.0 - timing_s/agent_loop/slowest/generate_sequences:29.513122015996487 - timing_s/agent_loop/slowest/tool_calls:0.0 - timing_s/agent_loop/slowest/prompt_length:219 - timing_s/agent_loop/slowest/response_length:1024 - timing_s/gen:36.41340323899931 - timing_s/adv:13.984240940000745 - timing_s/update_actor:99.39513228500437 - timing_s/dump_rollout_generations:0.2833988209895324 - timing_s/step:150.20413859300606 - timing_s/save_checkpoint:14.642630027999985 - timing_s/stop_profile:3.226399712730199e-05 - timing_per_token_ms/update_actor:0.27081076180837527 - timing_per_token_ms/gen:0.20842436087070604 - timing_per_token_ms/adv:0.03810129183604724 - perf/total_num_tokens:367028 - perf/time_per_step:150.20413859300606 - perf/throughput:1221.763938856908
[36m(TaskRunner pid=266218)[0m Dumped generations to /sfs/weka/scratch/nkw3mr/Vision-OPD-OPSA/rollouts/Aha-Qwen3.5-4B/16.jsonl
[36m(TaskRunner pid=266218)[0m step:16 - global_seqlen/min:184482 - global_seqlen/max:201192 - global_seqlen/minmax_diff:16710 - global_seqlen/balanced_min:192837 - global_seqlen/balanced_max:192837 - global_seqlen/mean:192837.0 - self_distillation/teacher_always_on_fraction:1.0 - self_distillation/teacher_image_swap_fraction:1.0 - self_distillation/policy_fallback_fraction:0.0 - self_distillation/grpo_fallback_count:0.0 - rollout_corr/rollout_is_mean:1.0 - rollout_corr/rollout_is_ratio_fraction_high:0.0 - rollout_corr/rollout_is_ratio_fraction_low:0.0 - rollout_corr/rollout_is_max:1.0 - rollout_corr/rollout_is_min:1.0 - rollout_corr/rollout_is_std:0.0 - rollout_corr/rollout_is_eff_sample_size:1.0 - rollout_corr/rollout_is_seq_mean:1.0 - rollout_corr/rollout_is_seq_std:0.0 - rollout_corr/rollout_is_seq_max:1.0 - rollout_corr/rollout_is_seq_min:1.0 - rollout_corr/rollout_is_seq_max_deviation:0.0 - rollout_corr/rollout_is_seq_fraction_high:0.0 - rollout_corr/rollout_is_seq_fraction_low:0.0 - rollout_corr/training_ppl:4.750262498855591 - rollout_corr/training_log_ppl:1.3756261008126396 - rollout_corr/kl:0.3008604249783925 - rollout_corr/k3_kl:0.30135752963168283 - rollout_corr/rollout_ppl:3.303085381644113 - rollout_corr/rollout_log_ppl:1.0472891322204045 - rollout_corr/log_ppl_diff:0.32833696114165445 - rollout_corr/log_ppl_abs_diff:0.3286253428884915 - rollout_corr/log_ppl_diff_max:1.49422025680542 - rollout_corr/log_ppl_diff_min:-0.03576052188873291 - rollout_corr/ppl_ratio:1.4384727341788155 - rollout_corr/chi2_token:43.68864535093307 - rollout_corr/chi2_seq:-0.8945691423756736 - actor/pg_loss:0.23038987636876607 - actor/kl_loss:0.0 - actor/grpo_loss:0.0 - actor/vopd_loss:0.23038987636876607 - actor/vopd_loss_weighted:0.23038987636876607 - actor/policy_fallback_fraction:0.0 - aha/u_mean:-0.10905858996390763 - aha/u_neg_valley_frac:0.5291348291294915 - aha/floor_clamped_frac:0.0 - aha/q_tail_mass:0.002844807617033699 - aha/argmax_conf:0.6675978302955627 - self_distillation/raw_jsd_token_mean:0.23033137513058527 - self_distillation/weighted_jsd_token_mean:0.23033137513058527 - self_distillation/self_distillation_mask.mean():1.0 - self_distillation/num_distill_tokens:2745.171428571429 - self_distillation/empty_target_batch:0.0 - actor/grad_norm:1.1263837814331055 - timing_s/update_actor/student_forward:16.73029506400053 - timing_s/update_actor/teacher_forward:21.21502130800218 - timing_s/update_actor/teacher_full_forward:0.0 - timing_s/update_actor/teacher_null_forward:21.442419744023937 - timing_s/update_actor/loss_compute:0.02148747099272441 - timing_s/update_actor/backward:37.718100288984715 - timing_s/update_actor/optimizer_step:0.08624345599673688 - timing_s/update_actor/teacher_ema_update:4.757600254379213e-05 - perf/mfu/actor:0.0 - perf/max_memory_allocated_gb:120.8863205909729 - perf/max_memory_reserved_gb:138.544921875 - perf/cpu_memory_used_gb:320.8453903198242 - actor/lr:2e-06 - training/global_step:16 - training/epoch:0 - response_length/mean:250.2109375 - response_length/max:1024.0 - response_length/min:2.0 - response_length/clip_ratio:0.01692708395421505 - response_length_non_aborted/mean:250.2109375 - response_length_non_aborted/max:1024.0 - response_length_non_aborted/min:2.0 - response_length_non_aborted/clip_ratio:0.01692708395421505 - response/aborted_ratio:0.0 - prompt_length/mean:251.96875 - prompt_length/max:791.0 - prompt_length/min:134.0 - prompt_length/clip_ratio:0.0 - num_turns/min:2 - num_turns/max:2 - num_turns/mean:2.0 - timing_s/start_profile:2.112900256179273e-05 - timing_s/agent_loop/generate_sequences/min:2.5492454829945927 - timing_s/agent_loop/generate_sequences/max:31.544657438003924 - timing_s/agent_loop/generate_sequences/mean:17.776997505995023 - timing_s/agent_loop/tool_calls/min:0.0 - timing_s/agent_loop/tool_calls/max:0.0 - timing_s/agent_loop/tool_calls/mean:0.0 - timing_s/agent_loop/slowest/generate_sequences:31.544657438003924 - timing_s/agent_loop/slowest/tool_calls:0.0 - timing_s/agent_loop/slowest/prompt_length:167 - timing_s/agent_loop/slowest/response_length:1024 - timing[36m(TaskRunner pid=266218)[0m Training Progress:  41%|████▏     | 17/41 [45:56<1:06:02, 165.12s/it]
[36m(TaskRunner pid=266218)[0m Training Progress:  44%|████▍     | 18/41 [48:34<1:02:28, 162.98s/it]
_s/gen:37.462128391998704 - timing_s/adv:13.396504603995709 - timing_s/update_actor:105.79938248699182 - timing_s/dump_rollout_generations:0.29097114999603946 - timing_s/step:157.07185696900706 - timing_s/stop_profile:2.5394998374395072e-05 - timing_per_token_ms/update_actor:0.27432334688620913 - timing_per_token_ms/gen:0.19495076233593897 - timing_per_token_ms/adv:0.03473530651274317 - perf/total_num_tokens:385674 - perf/time_per_step:157.07185696900706 - perf/throughput:1227.699243652859
[36m(TaskRunner pid=266218)[0m Dumped generations to /sfs/weka/scratch/nkw3mr/Vision-OPD-OPSA/rollouts/Aha-Qwen3.5-4B/17.jsonl
[36m(TaskRunner pid=266218)[0m step:17 - global_seqlen/min:223532 - global_seqlen/max:224268 - global_seqlen/minmax_diff:736 - global_seqlen/balanced_min:223897 - global_seqlen/balanced_max:223903 - global_seqlen/mean:223900.0 - self_distillation/teacher_always_on_fraction:1.0 - self_distillation/teacher_image_swap_fraction:1.0 - self_distillation/policy_fallback_fraction:0.0 - self_distillation/grpo_fallback_count:0.0 - rollout_corr/rollout_is_mean:1.0 - rollout_corr/rollout_is_ratio_fraction_high:0.0 - rollout_corr/rollout_is_ratio_fraction_low:0.0 - rollout_corr/rollout_is_max:1.0 - rollout_corr/rollout_is_min:1.0 - rollout_corr/rollout_is_std:0.0 - rollout_corr/rollout_is_eff_sample_size:1.0 - rollout_corr/rollout_is_seq_mean:1.0 - rollout_corr/rollout_is_seq_std:0.0 - rollout_corr/rollout_is_seq_max:1.0 - rollout_corr/rollout_is_seq_min:1.0 - rollout_corr/rollout_is_seq_max_deviation:0.0 - rollout_corr/rollout_is_seq_fraction_high:0.0 - rollout_corr/rollout_is_seq_fraction_low:0.0 - rollout_corr/training_ppl:4.5171298563480375 - rollout_corr/training_log_ppl:1.397653843462467 - rollout_corr/kl:0.2844635726884007 - rollout_corr/k3_kl:0.2637100424617529 - rollout_corr/rollout_ppl:3.14094814658165 - rollout_corr/rollout_log_ppl:1.0840189725160598 - rollout_corr/log_ppl_diff:0.31363485641777517 - rollout_corr/log_ppl_abs_diff:0.3148044589906931 - rollout_corr/log_ppl_diff_max:1.3062824010849 - rollout_corr/log_ppl_diff_min:-0.40639305114746094 - rollout_corr/ppl_ratio:1.4160942435264587 - rollout_corr/chi2_token:3.9428425431251526 - rollout_corr/chi2_seq:-0.7869476616382598 - actor/pg_loss:0.2184806959606552 - actor/kl_loss:0.0 - actor/grpo_loss:0.0 - actor/vopd_loss:0.2184806959606552 - actor/vopd_loss_weighted:0.2184806959606552 - actor/policy_fallback_fraction:0.0 - aha/u_mean:-0.09060500129853608 - aha/u_neg_valley_frac:0.521075489744544 - aha/floor_clamped_frac:0.0 - aha/q_tail_mass:0.0035703388006368187 - aha/argmax_conf:0.75106281042099 - self_distillation/raw_jsd_token_mean:0.2198178564198315 - self_distillation/weighted_jsd_token_mean:0.2198178564198315 - self_distillation/self_distillation_mask.mean():1.0 - self_distillation/num_distill_tokens:2611.6 - self_distillation/empty_target_batch:0.0 - actor/grad_norm:0.7377015352249146 - timing_s/update_actor/student_forward:19.53411319004954 - timing_s/update_actor/teacher_forward:24.31574719196942 - timing_s/update_actor/teacher_full_forward:0.0 - timing_s/update_actor/teacher_null_forward:24.88945297396276 - timing_s/update_actor/loss_compute:0.02453035100188572 - timing_s/update_actor/backward:46.31358142601675 - timing_s/update_actor/optimizer_step:0.08616023098875303 - timing_s/update_actor/teacher_ema_update:4.5142005546949804e-05 - perf/mfu/actor:0.0 - perf/max_memory_allocated_gb:120.8863205909729 - perf/max_memory_reserved_gb:138.544921875 - perf/cpu_memory_used_gb:329.50799560546875 - actor/lr:2e-06 - training/global_step:17 - training/epoch:0 - response_length/mean:272.0416564941406 - response_length/max:1024.0 - response_length/min:3.0 - response_length/clip_ratio:0.02734375 - response_length_non_aborted/mean:272.0416564941406 - response_length_non_aborted/max:1024.0 - response_length_non_aborted/min:3.0 - response_length_non_aborted/clip_ratio:0.02734375 - response/aborted_ratio:0.0 - prompt_length/mean:311.03125 - prompt_length/max:3329.0 - prompt_length/min:127.0 - prompt_length/clip_ratio:0.0 - num_turns/min:2 - num_turns/max:2 - num_turns/mean:2.0 - timing_s/start_profile:5.748900002799928e-05 - timing_s/agent_loop/generate_sequences/min:2.244032378002885 - timing_s/agent_loop/generate_sequences/max:33.24351349299832 - timing_s/agent_loop/generate_sequences/mean:18.729950135124835 - timing_s/agent_loop/tool_calls/min:0.0 - timing_s/agent_loop/tool_calls/max:0.0 - timing_s/agent_loop/tool_calls/mean:0.0 - timing_s/agent_loop/slowest/generate_sequences:33.24351349299832 - timing_s/agent_loop/slowest/tool_calls:0.0 - timing_s/agent_loop/slowest/prompt_length:217 - timing_s/agent_loop/slowest/response_length:1024 - timing_s/gen:40.493154679992585 - timing_s/adv:14.451608798000962 - timing_s/update_actor:128.8763112519955 - timing_s/dump_rollout_generations:0.3004633370001102 - timing_s/step:184.22660569699656 - timing_s/stop_profile:2.2851003450341523e-05 - timing_per_token_ms/update_actor:0.28779881923178985 - timing_per_token_ms/gen:0.1938139200106859 - timing_per_token_ms/adv:0.032272462702101296 - perf/total_num_tokens:447800 - perf/time_per_step:184.22660569699656 - perf/throughput:1215.3510572097039
[36m(TaskRunner pid=266218)[0m Dumped generations to /sfs/weka/scratch/nkw3mr/Vision-OPD-OPSA/rollouts/Aha-Qwen3.5-4B/18.jsonl
[36m(TaskRunner pid=266218)[0m step:18 - global_seqlen/min:194416 - global_seqlen/max:208586 - global_seqlen/minmax_diff:14170 - global_seqlen/balanced_min:201499 - global_seqlen/balanced_max:201503 - global_seqlen/mean:201501.0 - self_distillation/teacher_always_on_fraction:1.0 - self_distillation/teacher_image_swap_fraction:1.0 - self_distillation/policy_fallback_fraction:0.0 - self_distillation/grpo_fallback_count:0.0 - rollout_corr/rollout_is_mean:1.0 - rollout_corr/rollout_is_ratio_fraction_high:0.0 - rollout_corr/rollout_is_ratio_fraction_low:0.0 - rollout_corr/rollout_is_max:1.0 - rollout_corr/rollout_is_min:1.0 - rollout_corr/rollout_is_std:0.0 - rollout_corr/rollout_is_eff_sample_size:1.0 - rollout_corr/rollout_is_seq_mean:1.0 - rollout_corr/rollout_is_seq_std:0.0 - rollout_corr/rollout_is_seq_max:1.0 - rollout_corr/rollout_is_seq_min:1.0 - rollout_corr/rollout_is_seq_max_deviation:0.0 - rollout_corr/rollout_is_seq_fraction_high:0.0 - rollout_corr/rollout_is_seq_fraction_low:0.0 - rollout_corr/training_ppl:5.155818598137961 - rollout_corr/training_log_ppl:1.4851254141992993 - rollout_corr/kl:0.30572248871127766 - rollout_corr/k3_kl:0.29657709205316174 - rollout_corr/rollout_ppl:3.4735221465428667 - rollout_corr/rollout_log_ppl:1.1453737012214131 - rollout_corr/log_ppl_diff:0.33975172891385025 - rollout_corr/log_ppl_abs_diff:0.3401818207154671 - rollout_corr/log_ppl_diff_max:2.2508761882781982 - rollout_corr/log_ppl_diff_min:-0.04025912284851074 - rollout_corr/ppl_ratio:1.4545435541205936 - rollout_corr/chi2_token:14.108206836713686 - rollout_corr/chi2_seq:-0.8614279180765152 - actor/pg_loss:0.23605432813443863 - actor/kl_loss:0.0 - actor/grpo_loss:0.0 - actor/vopd_loss:0.23605432813443863 - actor/vopd_loss_weighted:0.23605432813443863 - actor/policy_fallback_fraction:0.0 - aha/u_mean:-0.07682075914150724 - aha/u_neg_valley_frac:0.5157302887075477 - aha/floor_clamped_frac:0.0 - aha/q_tail_mass:0.0029823977626316873 - aha/argmax_conf:0.6510606408119202 - self_distillation/raw_jsd_token_mean:0.23609424299663967 - self_distillation/weighted_jsd_token_mean:0.23609424299663967 - self_distillation/self_distillation_mask.mean():1.0 - self_distillation/num_distill_tokens:2994.6944444444443 - self_distillation/empty_target_batch:0.0 - actor/grad_norm:0.5860681533813477 - timing_s/update_actor/student_forward:15.410619740985567 - timing_s/update_actor/teacher_forward:21.313144043044304 - timing_s/update_actor/teacher_full_forward:0.0 - timing_s/update_actor/teacher_null_forward:21.24034328397829 - timing_s/update_actor/loss_compute:0.022297425020951778 - timing_s/update_actor/backward:37.91076611295284 - timing_s/update_actor/optimizer_step:0.08744837999984156 - timing_s/update_actor/teacher_ema_update:6.265599222388119e-05 - perf/mfu/actor:0.0 - perf/max_memory_allocated_gb:120.8863205909729 - perf/max_memory_reserved_gb:138.544921875 - perf/cpu_memory_used_gb:324.3367576599121 - actor/lr:2e-06 - training/global_step:18 - training/epoch:0 - response_length/mean:280.7525939941406 - response_length/max:1024.0 - response_length/min:2.0 - response_length/clip_ratio:0.02864583395421505 - response_length_non_aborted/mean:280.7525939941406 - response_length_non_aborted/max:1024.0 - response_length_non_aborted/min:2.0 - response_length_non_aborted/clip_ratio:0.02864583395421505 - response/aborted_ratio:0.0 - prompt_length/mean:243.9895782470703 - prompt_length/max:523.0 - prompt_length/min:167.0 - prompt_length/clip_ratio:0.0 - num_turns/min:2 - num_turns/max:2 - num_turns/mean:2.0 - timing_s/start_profile:2.4134002160280943e-05 - timing_s/agent_loop/generate_sequences/min:2.1559497989946976 - timing_s/agent_loop/generate_sequences/max:32.970489305997035 - timing_s/agent_loop/generate_sequences/mean:18.851821713897248 - timing_s/agent_loop/tool_calls/min:0.0 - timing_s/agent_loop/tool_calls/max:0.0 - timing_s/agent_loop/tool_calls/mean:0.0 - timing_s/agent_loop/slowest/generate_sequences:32.970489305997035 - timing_s/agent_loop/slowest/tool_calls:0.0 - timing_s/agent_loop/slowest/prompt_length:332 - timing_s/agent_loop/slowest/[36m(TaskRunner pid=266218)[0m Training Progress:  46%|████▋     | 19/41 [51:37<1:01:59, 169.05s/it]
[36m(TaskRunner pid=266218)[0m Training Progress:  49%|████▉     | 20/41 [54:46<1:01:15, 175.03s/it]
response_length:1024 - timing_s/gen:40.480818876996636 - timing_s/adv:13.038422322002589 - timing_s/update_actor:104.04895772899908 - timing_s/dump_rollout_generations:0.29944052500650287 - timing_s/step:157.97097071699682 - timing_s/stop_profile:2.4744003894738853e-05 - timing_per_token_ms/update_actor:0.2581847180138041 - timing_per_token_ms/gen:0.1877432258763027 - timing_per_token_ms/adv:0.03235324470350665 - perf/total_num_tokens:403002 - perf/time_per_step:157.97097071699682 - perf/throughput:1275.5571424637678
[36m(TaskRunner pid=266218)[0m Dumped generations to /sfs/weka/scratch/nkw3mr/Vision-OPD-OPSA/rollouts/Aha-Qwen3.5-4B/19.jsonl
[36m(TaskRunner pid=266218)[0m step:19 - global_seqlen/min:215095 - global_seqlen/max:231763 - global_seqlen/minmax_diff:16668 - global_seqlen/balanced_min:223403 - global_seqlen/balanced_max:223455 - global_seqlen/mean:223429.0 - self_distillation/teacher_always_on_fraction:1.0 - self_distillation/teacher_image_swap_fraction:1.0 - self_distillation/policy_fallback_fraction:0.0 - self_distillation/grpo_fallback_count:0.0 - rollout_corr/rollout_is_mean:1.0 - rollout_corr/rollout_is_ratio_fraction_high:0.0 - rollout_corr/rollout_is_ratio_fraction_low:0.0 - rollout_corr/rollout_is_max:1.0 - rollout_corr/rollout_is_min:1.0 - rollout_corr/rollout_is_std:0.0 - rollout_corr/rollout_is_eff_sample_size:1.0 - rollout_corr/rollout_is_seq_mean:1.0 - rollout_corr/rollout_is_seq_std:0.0 - rollout_corr/rollout_is_seq_max:1.0 - rollout_corr/rollout_is_seq_min:1.0 - rollout_corr/rollout_is_seq_max_deviation:0.0 - rollout_corr/rollout_is_seq_fraction_high:0.0 - rollout_corr/rollout_is_seq_fraction_low:0.0 - rollout_corr/training_ppl:5.157729694247246 - rollout_corr/training_log_ppl:1.5122991994023323 - rollout_corr/kl:0.2825982832349837 - rollout_corr/k3_kl:0.2651436334475875 - rollout_corr/rollout_ppl:3.6196403026580812 - rollout_corr/rollout_log_ppl:1.2021418981254102 - rollout_corr/log_ppl_diff:0.31015731142833824 - rollout_corr/log_ppl_abs_diff:0.3162054432556033 - rollout_corr/log_ppl_diff_max:1.3422143459320068 - rollout_corr/log_ppl_diff_min:-1.2483808994293213 - rollout_corr/ppl_ratio:1.4124079167842867 - rollout_corr/chi2_token:3.1137280896306034 - rollout_corr/chi2_seq:1.2514036245644093 - actor/pg_loss:0.21551324130268767 - actor/kl_loss:0.0 - actor/grpo_loss:0.0 - actor/vopd_loss:0.21551324130268767 - actor/vopd_loss_weighted:0.21551324130268767 - actor/policy_fallback_fraction:0.0 - aha/u_mean:-0.05086084030808706 - aha/u_neg_valley_frac:0.5068755604326725 - aha/floor_clamped_frac:0.0 - aha/q_tail_mass:0.004035658601060277 - aha/argmax_conf:0.6516533493995667 - self_distillation/raw_jsd_token_mean:0.21664362885057925 - self_distillation/weighted_jsd_token_mean:0.21664362885057925 - self_distillation/self_distillation_mask.mean():1.0 - self_distillation/num_distill_tokens:2681.825 - self_distillation/empty_target_batch:0.0 - actor/grad_norm:0.9948685169219971 - timing_s/update_actor/student_forward:20.757193599973107 - timing_s/update_actor/teacher_forward:25.001445067988243 - timing_s/update_actor/teacher_full_forward:0.0 - timing_s/update_actor/teacher_null_forward:24.7701998919365 - timing_s/update_actor/loss_compute:0.024564108010963537 - timing_s/update_actor/backward:45.79794791099266 - timing_s/update_actor/optimizer_step:0.08610383499762975 - timing_s/update_actor/teacher_ema_update:4.2607993236742914e-05 - perf/mfu/actor:0.0 - perf/max_memory_allocated_gb:120.8863205909729 - perf/max_memory_reserved_gb:138.544921875 - perf/cpu_memory_used_gb:330.5856056213379 - actor/lr:2e-06 - training/global_step:19 - training/epoch:0 - response_length/mean:279.3567810058594 - response_length/max:1024.0 - response_length/min:2.0 - response_length/clip_ratio:0.02473958395421505 - response_length_non_aborted/mean:279.3567810058594 - response_length_non_aborted/max:1024.0 - response_length_non_aborted/min:2.0 - response_length_non_aborted/clip_ratio:0.02473958395421505 - response/aborted_ratio:0.0 - prompt_length/mean:302.4895935058594 - prompt_length/max:3328.0 - prompt_length/min:125.0 - prompt_length/clip_ratio:0.0 - num_turns/min:2 - num_turns/max:2 - num_turns/mean:2.0 - timing_s/start_profile:6.010200013406575e-05 - timing_s/agent_loop/generate_sequences/min:1.6140134779998334 - timing_s/agent_loop/generate_sequences/max:34.164474838005845 - timing_s/agent_loop/generate_sequences/mean:19.442370422090164 - timing_s/agent_loop/tool_calls/min:0.0 - timing_s/agent_loop/tool_calls/max:0.0 - timing_s/agent_loop/tool_calls/mean:0.0 - timing_s/agent_loop/slowest/generate_sequences:34.164474838005845 - timing_s/agent_loop/slowest/tool_calls:0.0 - timing_s/agent_loop/slowest/prompt_length:290 - timing_s/agent_loop/slowest/response_length:1024 - timing_s/gen:41.07535938199726 - timing_s/adv:15.362983048995375 - timing_s/update_actor:126.28242504900845 - timing_s/dump_rollout_generations:0.29235349799273536 - timing_s/step:183.1180905420042 - timing_s/stop_profile:2.3822998628020287e-05 - timing_per_token_ms/update_actor:0.2826007927552118 - timing_per_token_ms/gen:0.19145245952847995 - timing_per_token_ms/adv:0.03438001120936712 - perf/total_num_tokens:446858 - perf/time_per_step:183.1180905420042 - perf/throughput:1220.136139136669
[36m(TaskRunner pid=266218)[0m Dumped generations to /sfs/weka/scratch/nkw3mr/Vision-OPD-OPSA/rollouts/Aha-Qwen3.5-4B/20.jsonl
[36m(TaskRunner pid=266218)[0m local_global_step_folder: /sfs/weka/scratch/nkw3mr/Vision-OPD-OPSA/checkpoints/Aha-Qwen3.5-4B/global_step_20
[36m(TaskRunner pid=266218)[0m step:20 - global_seqlen/min:189284 - global_seqlen/max:235813 - global_seqlen/minmax_diff:46529 - global_seqlen/balanced_min:212540 - global_seqlen/balanced_max:212557 - global_seqlen/mean:212548.5 - self_distillation/teacher_always_on_fraction:1.0 - self_distillation/teacher_image_swap_fraction:1.0 - self_distillation/policy_fallback_fraction:0.0 - self_distillation/grpo_fallback_count:0.0 - rollout_corr/rollout_is_mean:1.0 - rollout_corr/rollout_is_ratio_fraction_high:0.0 - rollout_corr/rollout_is_ratio_fraction_low:0.0 - rollout_corr/rollout_is_max:1.0 - rollout_corr/rollout_is_min:1.0 - rollout_corr/rollout_is_std:0.0 - rollout_corr/rollout_is_eff_sample_size:1.0 - rollout_corr/rollout_is_seq_mean:1.0 - rollout_corr/rollout_is_seq_std:0.0 - rollout_corr/rollout_is_seq_max:1.0 - rollout_corr/rollout_is_seq_min:1.0 - rollout_corr/rollout_is_seq_max_deviation:0.0 - rollout_corr/rollout_is_seq_fraction_high:0.0 - rollout_corr/rollout_is_seq_fraction_low:0.0 - rollout_corr/training_ppl:5.350673970423246 - rollout_corr/training_log_ppl:1.5296799524834281 - rollout_corr/kl:0.29740474667204053 - rollout_corr/k3_kl:0.29032335283332744 - rollout_corr/rollout_ppl:3.6625322668175953 - rollout_corr/rollout_log_ppl:1.2026020727659525 - rollout_corr/log_ppl_diff:0.32707787873713595 - rollout_corr/log_ppl_abs_diff:0.32837350803770515 - rollout_corr/log_ppl_diff_max:1.5938780307769775 - rollout_corr/log_ppl_diff_min:-0.12261343002319336 - rollout_corr/ppl_ratio:1.4357154055645591 - rollout_corr/chi2_token:7.688515587856895 - rollout_corr/chi2_seq:-0.8601517920431339 - actor/pg_loss:0.243620078836102 - actor/kl_loss:0.0 - actor/grpo_loss:0.0 - actor/vopd_loss:0.243620078836102 - actor/vopd_loss_weighted:0.243620078836102 - actor/policy_fallback_fraction:0.0 - aha/u_mean:-0.08276104927369345 - aha/u_neg_valley_frac:0.514775133838779 - aha/floor_clamped_frac:0.0 - aha/q_tail_mass:0.003022979091742615 - aha/argmax_conf:0.6767817735671997 - self_distillation/raw_jsd_token_mean:0.24607784457896886 - self_distillation/weighted_jsd_token_mean:0.24607784457896886 - self_distillation/self_distillation_mask.mean():1.0 - self_distillation/num_distill_tokens:2482.5394736842104 - self_distillation/empty_target_batch:0.0 - actor/grad_norm:0.5714438557624817 - timing_s/update_actor/student_forward:17.290023906956776 - timing_s/update_actor/teacher_forward:22.36994940599834 - timing_s/update_actor/teacher_full_forward:0.0 - timing_s/update_actor/teacher_null_forward:22.32011138201051 - timing_s/update_actor/loss_compute:0.02314203095738776 - timing_s/update_actor/backward:42.24046285197255 - timing_s/update_actor/optimizer_step:0.08685886999592185 - timing_s/update_actor/teacher_ema_update:5.0659000407904387e-05 - perf/mfu/actor:0.0 - perf/max_memory_allocated_gb:120.8863205909729 - perf/max_memory_reserved_gb:138.544921875 - perf/cpu_memory_used_gb:333.34853744506836 - actor/lr:2e-06 - training/global_step:20 - training/epoch:0 - response_length/mean:245.66796875 - response_length/max:1024.0 - response_length/min:2.0 - response_length/clip_ratio:0.01171875 - response_length_non_aborted/mean:245.66796875 - response_length_non_aborted/max:1024.0 - response_length_non_aborted/min:2.0 - response_length_non_aborted/clip_ratio:0.01171875 - response/aborted_ratio:0.0 - prompt_length/mean:307.84375 - prompt_length/max:3326.0 - prompt_length/min:131.0 - prompt_length/clip_ratio:0.0 - num_turns/min:2 - num_turns/max:2 - num_turns/mean:2.0 - timing_s/start_profile:3.183400258421898e-05 - timing_s/agent_loop/generate_sequences/min:2.028312315000221 - timing_s/agent_loop/generate_sequences/max:31.809726763996878 - timing_s/agent_loop/generate_sequences/mean:16.995472141505218 - timing_s/agent_loop/tool_calls/min:0.0 - timing_s/agent_loop/tool_calls/max:0.0 - timing_s/agent_loop/tool_calls/mean:0.0 - timing_s/agent_loop/slowest/generate_sequences:31.809726763996878 - timing_s/agent_loop/slowest/tool_calls:0.0 - timing_s/agent_loop/slowest/prompt_length:287 - timing_s/agent_loop/slowest/response_length:1024 - timing_s/gen:38.962275[36m(WorkerDict pid=278047)[0m /sfs/weka/scratch/nkw3mr/Vision-OPD-OPSA/verl/utils/device.py:134: FutureWarning: torch.cuda._set_allocator_settings is deprecated. Use torch._C._accelerator_setAllocatorSettings instead.
[36m(WorkerDict pid=278047)[0m   torch.cuda.memory._set_allocator_settings(f"expandable_segments:{enable}")
[36m(TaskRunner pid=266218)[0m Training Progress:  51%|█████     | 21/41 [57:20<56:14, 168.73s/it]  
[36m(WorkerDict pid=278050)[0m /sfs/weka/scratch/nkw3mr/Vision-OPD-OPSA/verl/utils/device.py:134: FutureWarning: torch.cuda._set_allocator_settings is deprecated. Use torch._C._accelerator_setAllocatorSettings instead.
[36m(WorkerDict pid=278050)[0m   torch.cuda.memory._set_allocator_settings(f"expandable_segments:{enable}")
[36m(TaskRunner pid=266218)[0m Training Progress:  54%|█████▎    | 22/41 [1:00:37<56:03, 177.04s/it]
185011094 - timing_s/adv:15.060259413003223 - timing_s/update_actor:118.20999348600162 - timing_s/dump_rollout_generations:0.29982571900472976 - timing_s/step:172.639817311996 - timing_s/save_checkpoint:16.286784630006878 - timing_s/stop_profile:4.6093002310954034e-05 - timing_per_token_ms/update_actor:0.27807769399925575 - timing_per_token_ms/gen:0.20650689385874552 - timing_per_token_ms/adv:0.035427818622580785 - perf/total_num_tokens:425097 - perf/time_per_step:172.639817311996 - perf/throughput:1231.167313018414
[36m(TaskRunner pid=266218)[0m Dumped generations to /sfs/weka/scratch/nkw3mr/Vision-OPD-OPSA/rollouts/Aha-Qwen3.5-4B/21.jsonl
[36m(TaskRunner pid=266218)[0m step:21 - global_seqlen/min:189048 - global_seqlen/max:189611 - global_seqlen/minmax_diff:563 - global_seqlen/balanced_min:189329 - global_seqlen/balanced_max:189330 - global_seqlen/mean:189329.5 - self_distillation/teacher_always_on_fraction:1.0 - self_distillation/teacher_image_swap_fraction:1.0 - self_distillation/policy_fallback_fraction:0.0 - self_distillation/grpo_fallback_count:0.0 - rollout_corr/rollout_is_mean:1.0 - rollout_corr/rollout_is_ratio_fraction_high:0.0 - rollout_corr/rollout_is_ratio_fraction_low:0.0 - rollout_corr/rollout_is_max:1.0 - rollout_corr/rollout_is_min:1.0 - rollout_corr/rollout_is_std:0.0 - rollout_corr/rollout_is_eff_sample_size:1.0 - rollout_corr/rollout_is_seq_mean:1.0 - rollout_corr/rollout_is_seq_std:0.0 - rollout_corr/rollout_is_seq_max:1.0 - rollout_corr/rollout_is_seq_min:1.0 - rollout_corr/rollout_is_seq_max_deviation:0.0 - rollout_corr/rollout_is_seq_fraction_high:0.0 - rollout_corr/rollout_is_seq_fraction_low:0.0 - rollout_corr/training_ppl:6.043646696735831 - rollout_corr/training_log_ppl:1.6024288780548992 - rollout_corr/kl:0.331596236456843 - rollout_corr/k3_kl:0.316618829527322 - rollout_corr/rollout_ppl:3.885404365904191 - rollout_corr/rollout_log_ppl:1.2180503527907764 - rollout_corr/log_ppl_diff:0.3843785197857548 - rollout_corr/log_ppl_abs_diff:0.39043309364248724 - rollout_corr/log_ppl_diff_max:1.635932207107544 - rollout_corr/log_ppl_diff_min:-1.5847493410110474 - rollout_corr/ppl_ratio:1.5418615306124968 - rollout_corr/chi2_token:6.140475378316991 - rollout_corr/chi2_seq:17.160273119807243 - actor/pg_loss:0.23989101208280772 - actor/kl_loss:0.0 - actor/grpo_loss:0.0 - actor/vopd_loss:0.23989101208280772 - actor/vopd_loss_weighted:0.23989101208280772 - actor/policy_fallback_fraction:0.0 - aha/u_mean:-0.06382365153352593 - aha/u_neg_valley_frac:0.514447634710985 - aha/floor_clamped_frac:0.0 - aha/q_tail_mass:0.002576325920766548 - aha/argmax_conf:0.6619179248809814 - self_distillation/raw_jsd_token_mean:0.2394988913746441 - self_distillation/weighted_jsd_token_mean:0.2394988913746441 - self_distillation/self_distillation_mask.mean():1.0 - self_distillation/num_distill_tokens:2732.1617647058824 - self_distillation/empty_target_batch:0.0 - actor/grad_norm:0.9668684601783752 - timing_s/update_actor/student_forward:16.264343473056215 - timing_s/update_actor/teacher_forward:21.377831054996932 - timing_s/update_actor/teacher_full_forward:0.0 - timing_s/update_actor/teacher_null_forward:21.493343989990535 - timing_s/update_actor/loss_compute:0.021205402998020872 - timing_s/update_actor/backward:37.55580095305049 - timing_s/update_actor/optimizer_step:0.08744511399709154 - timing_s/update_actor/teacher_ema_update:5.749899719376117e-05 - perf/mfu/actor:0.0 - perf/max_memory_allocated_gb:120.8863205909729 - perf/max_memory_reserved_gb:138.544921875 - perf/cpu_memory_used_gb:328.0088691711426 - actor/lr:2e-06 - training/global_step:21 - training/epoch:0 - response_length/mean:241.91015625 - response_length/max:1024.0 - response_length/min:2.0 - response_length/clip_ratio:0.02864583395421505 - response_length_non_aborted/mean:241.91015625 - response_length_non_aborted/max:1024.0 - response_length_non_aborted/min:2.0 - response_length_non_aborted/clip_ratio:0.02864583395421505 - response/aborted_ratio:0.0 - prompt_length/mean:251.1354217529297 - prompt_length/max:498.0 - prompt_length/min:150.0 - prompt_length/clip_ratio:0.0 - num_turns/min:2 - num_turns/max:2 - num_turns/mean:2.0 - timing_s/start_profile:3.042099706362933e-05 - timing_s/agent_loop/generate_sequences/min:1.754230117003317 - timing_s/agent_loop/generate_sequences/max:29.92024586199841 - timing_s/agent_loop/generate_sequences/mean:15.703718476333165 - timing_s/agent_loop/tool_calls/min:0.0 - timing_s/agent_loop/tool_calls/max:0.0 - timing_s/agent_loop/tool_calls/mean:0.0 - timing_s/agent_loop/slowest/generate_sequences:29.92024586199841 - timing_s/agent_loop/slowest/tool_calls:0.0 - timing_s/agent_loop/slowest/prompt_length:333 - timing_s/agent_loop/slowest/response_length:1024 - timing_s/gen:36.3894869020005 - timing_s/adv:13.548063839989481 - timing_s/update_actor:103.67331753300095 - timing_s/dump_rollout_generations:0.28738853499817196 - timing_s/step:154.00748735200614 - timing_s/stop_profile:2.3572996724396944e-05 - timing_per_token_ms/update_actor:0.27379071283925893 - timing_per_token_ms/gen:0.19586670166373588 - timing_per_token_ms/adv:0.035779062005629025 - perf/total_num_tokens:378659 - perf/time_per_step:154.00748735200614 - perf/throughput:1229.3525675622534
[36m(TaskRunner pid=266218)[0m Dumped generations to /sfs/weka/scratch/nkw3mr/Vision-OPD-OPSA/rollouts/Aha-Qwen3.5-4B/22.jsonl
[36m(TaskRunner pid=266218)[0m step:22 - global_seqlen/min:193371 - global_seqlen/max:263792 - global_seqlen/minmax_diff:70421 - global_seqlen/balanced_min:228570 - global_seqlen/balanced_max:228593 - global_seqlen/mean:228581.5 - self_distillation/teacher_always_on_fraction:1.0 - self_distillation/teacher_image_swap_fraction:1.0 - self_distillation/policy_fallback_fraction:0.0 - self_distillation/grpo_fallback_count:0.0 - rollout_corr/rollout_is_mean:1.0 - rollout_corr/rollout_is_ratio_fraction_high:0.0 - rollout_corr/rollout_is_ratio_fraction_low:0.0 - rollout_corr/rollout_is_max:1.0 - rollout_corr/rollout_is_min:1.0 - rollout_corr/rollout_is_std:0.0 - rollout_corr/rollout_is_eff_sample_size:1.0 - rollout_corr/rollout_is_seq_mean:1.0 - rollout_corr/rollout_is_seq_std:0.0 - rollout_corr/rollout_is_seq_max:1.0 - rollout_corr/rollout_is_seq_min:1.0 - rollout_corr/rollout_is_seq_max_deviation:0.0 - rollout_corr/rollout_is_seq_fraction_high:0.0 - rollout_corr/rollout_is_seq_fraction_low:0.0 - rollout_corr/training_ppl:7.551283013529893 - rollout_corr/training_log_ppl:1.5951538362154147 - rollout_corr/kl:0.27177802327929473 - rollout_corr/k3_kl:0.2614030818023333 - rollout_corr/rollout_ppl:4.329174335409955 - rollout_corr/rollout_log_ppl:1.2696287086824092 - rollout_corr/log_ppl_diff:0.325525136073915 - rollout_corr/log_ppl_abs_diff:0.32619224615940234 - rollout_corr/log_ppl_diff_max:2.486389636993408 - rollout_corr/log_ppl_diff_min:-0.017853260040283203 - rollout_corr/ppl_ratio:1.4550830474713954 - rollout_corr/chi2_token:4.42746628057666 - rollout_corr/chi2_seq:-0.8452044013069897 - actor/pg_loss:0.22820390060466403 - actor/kl_loss:0.0 - actor/grpo_loss:0.0 - actor/vopd_loss:0.22820390060466403 - actor/vopd_loss_weighted:0.22820390060466403 - actor/policy_fallback_fraction:0.0 - aha/u_mean:-0.061702709890818275 - aha/u_neg_valley_frac:0.5069432800135962 - aha/floor_clamped_frac:0.0 - aha/q_tail_mass:0.0029032166497838657 - aha/argmax_conf:0.6604567170143127 - self_distillation/raw_jsd_token_mean:0.23088309059782725 - self_distillation/weighted_jsd_token_mean:0.23088309059782725 - self_distillation/self_distillation_mask.mean():1.0 - self_distillation/num_distill_tokens:2135.158536585366 - self_distillation/empty_target_batch:0.0 - actor/grad_norm:0.48026636242866516 - timing_s/update_actor/student_forward:23.326748792038416 - timing_s/update_actor/teacher_forward:27.703934882956673 - timing_s/update_actor/teacher_full_forward:0.0 - timing_s/update_actor/teacher_null_forward:26.728286784040392 - timing_s/update_actor/loss_compute:0.02517442000680603 - timing_s/update_actor/backward:48.97991421697952 - timing_s/update_actor/optimizer_step:0.08766269098850898 - timing_s/update_actor/teacher_ema_update:5.304299702402204e-05 - perf/mfu/actor:0.0 - perf/max_memory_allocated_gb:120.8863205909729 - perf/max_memory_reserved_gb:138.544921875 - perf/cpu_memory_used_gb:340.3079261779785 - actor/lr:2e-06 - training/global_step:22 - training/epoch:0 - response_length/mean:227.97265625 - response_length/max:1024.0 - response_length/min:2.0 - response_length/clip_ratio:0.02864583395421505 - response_length_non_aborted/mean:227.97265625 - response_length_non_aborted/max:1024.0 - response_length_non_aborted/min:2.0 - response_length_non_aborted/clip_ratio:0.02864583395421505 - response/aborted_ratio:0.0 - prompt_length/mean:367.2916564941406 - prompt_length/max:3332.0 - prompt_length/min:122.0 - prompt_length/clip_ratio:0.0 - num_turns/min:2 - num_turns/max:2 - num_turns/mean:2.0 - timing_s/start_profile:2.0459003280848265e-05 - timing_s/agent_loop/generate_sequences/min:1.6875480970047647 - timing_s/agent_loop/generate_sequences/max:30.988998906002962 - timing_s/agent_loop/generate_sequences/mean:15.252381536963165 - timing_s/agent_loop/tool_calls/min:0.0 - timing_s/agent_loop/tool_calls/max:0.0 - timing_s/agent_loop/tool_calls/mean:0.0 - timing_s/agent_loop/slowest/generate_sequences:30.988998906002962 - timing_s/agent_loop/slowest/tool_calls:0.0 - timing_s/agent_loop/slowest/prompt_length:329 - timing_s/agent_loop/slowest/response_leng[36m(TaskRunner pid=266218)[0m Training Progress:  56%|█████▌    | 23/41 [1:03:02<50:17, 167.67s/it]
[36m(TaskRunner pid=266218)[0m Training Progress:  59%|█████▊    | 24/41 [1:05:36<46:19, 163.51s/it]
th:1024 - timing_s/gen:38.68563207000261 - timing_s/adv:16.989449237007648 - timing_s/update_actor:140.29748835800274 - timing_s/dump_rollout_generations:0.2903057759976946 - timing_s/step:196.36752110799716 - timing_s/stop_profile:2.4312990717589855e-05 - timing_per_token_ms/update_actor:0.30688723356440206 - timing_per_token_ms/gen:0.220955958431159 - timing_per_token_ms/adv:0.037162782720840594 - perf/total_num_tokens:457163 - perf/time_per_step:196.36752110799716 - perf/throughput:1164.0494248246173
[36m(TaskRunner pid=266218)[0m Dumped generations to /sfs/weka/scratch/nkw3mr/Vision-OPD-OPSA/rollouts/Aha-Qwen3.5-4B/23.jsonl
[36m(TaskRunner pid=266218)[0m step:23 - global_seqlen/min:162970 - global_seqlen/max:183205 - global_seqlen/minmax_diff:20235 - global_seqlen/balanced_min:173086 - global_seqlen/balanced_max:173089 - global_seqlen/mean:173087.5 - self_distillation/teacher_always_on_fraction:1.0 - self_distillation/teacher_image_swap_fraction:1.0 - self_distillation/policy_fallback_fraction:0.0 - self_distillation/grpo_fallback_count:0.0 - rollout_corr/rollout_is_mean:1.0 - rollout_corr/rollout_is_ratio_fraction_high:0.0 - rollout_corr/rollout_is_ratio_fraction_low:0.0 - rollout_corr/rollout_is_max:1.0 - rollout_corr/rollout_is_min:1.0 - rollout_corr/rollout_is_std:0.0 - rollout_corr/rollout_is_eff_sample_size:1.0 - rollout_corr/rollout_is_seq_mean:1.0 - rollout_corr/rollout_is_seq_std:0.0 - rollout_corr/rollout_is_seq_max:1.0 - rollout_corr/rollout_is_seq_min:1.0 - rollout_corr/rollout_is_seq_max_deviation:0.0 - rollout_corr/rollout_is_seq_fraction_high:0.0 - rollout_corr/rollout_is_seq_fraction_low:0.0 - rollout_corr/training_ppl:6.371863226736746 - rollout_corr/training_log_ppl:1.6099068310952955 - rollout_corr/kl:0.3206998044925351 - rollout_corr/k3_kl:0.37671828149787845 - rollout_corr/rollout_ppl:3.9533718055294407 - rollout_corr/rollout_log_ppl:1.2412505188295917 - rollout_corr/log_ppl_diff:0.36865632884925414 - rollout_corr/log_ppl_abs_diff:0.3736936065458482 - rollout_corr/log_ppl_diff_max:2.1114439964294434 - rollout_corr/log_ppl_diff_min:-0.8940397500991821 - rollout_corr/ppl_ratio:1.5172511204596488 - rollout_corr/chi2_token:551.2471196843732 - rollout_corr/chi2_seq:-0.5801711005549277 - actor/pg_loss:0.23150861893858138 - actor/kl_loss:0.0 - actor/grpo_loss:0.0 - actor/vopd_loss:0.23150861893858138 - actor/vopd_loss_weighted:0.23150861893858138 - actor/policy_fallback_fraction:0.0 - aha/u_mean:-0.016140484799360557 - aha/u_neg_valley_frac:0.49364214847164767 - aha/floor_clamped_frac:0.0 - aha/q_tail_mass:0.0031975381970105153 - aha/argmax_conf:0.6512035131454468 - self_distillation/raw_jsd_token_mean:0.23134224789757885 - self_distillation/weighted_jsd_token_mean:0.23134224789757885 - self_distillation/self_distillation_mask.mean():1.0 - self_distillation/num_distill_tokens:2415.854838709677 - self_distillation/empty_target_batch:0.0 - actor/grad_norm:1.0204874277114868 - timing_s/update_actor/student_forward:16.316701914023724 - timing_s/update_actor/teacher_forward:19.30695016896061 - timing_s/update_actor/teacher_full_forward:0.0 - timing_s/update_actor/teacher_null_forward:18.72976427899266 - timing_s/update_actor/loss_compute:0.01920332299778238 - timing_s/update_actor/backward:34.71593165403465 - timing_s/update_actor/optimizer_step:0.0861927609948907 - timing_s/update_actor/teacher_ema_update:3.930399543605745e-05 - perf/mfu/actor:0.0 - perf/max_memory_allocated_gb:120.8863205909729 - perf/max_memory_reserved_gb:138.544921875 - perf/cpu_memory_used_gb:332.5393257141113 - actor/lr:2e-06 - training/global_step:23 - training/epoch:0 - response_length/mean:195.0299530029297 - response_length/max:1024.0 - response_length/min:2.0 - response_length/clip_ratio:0.009114583022892475 - response_length_non_aborted/mean:195.0299530029297 - response_length_non_aborted/max:1024.0 - response_length_non_aborted/min:2.0 - response_length_non_aborted/clip_ratio:0.009114583022892475 - response/aborted_ratio:0.0 - prompt_length/mean:255.71875 - prompt_length/max:791.0 - prompt_length/min:135.0 - prompt_length/clip_ratio:0.0 - num_turns/min:2 - num_turns/max:2 - num_turns/mean:2.0 - timing_s/start_profile:2.3532003979198635e-05 - timing_s/agent_loop/generate_sequences/min:1.593699477991322 - timing_s/agent_loop/generate_sequences/max:27.177415818994632 - timing_s/agent_loop/generate_sequences/mean:13.612943531967233 - timing_s/agent_loop/tool_calls/min:0.0 - timing_s/agent_loop/tool_calls/max:0.0 - timing_s/agent_loop/tool_calls/mean:0.0 - timing_s/agent_loop/slowest/generate_sequences:27.177415818994632 - timing_s/agent_loop/slowest/tool_calls:0.0 - timing_s/agent_loop/slowest/prompt_length:224 - timing_s/agent_loop/slowest/response_length:1024 - timing_s/gen:33.724499621996074 - timing_s/adv:13.578640278996318 - timing_s/update_actor:98.0435088910017 - timing_s/dump_rollout_generations:0.2853573649917962 - timing_s/step:145.75218657799996 - timing_s/stop_profile:2.648599911481142e-05 - timing_per_token_ms/update_actor:0.28321949560482906 - timing_per_token_ms/gen:0.22515572275889836 - timing_per_token_ms/adv:0.0392247859579586 - perf/total_num_tokens:346175 - perf/time_per_step:145.75218657799996 - perf/throughput:1187.5465065998953
[36m(TaskRunner pid=266218)[0m Dumped generations to /sfs/weka/scratch/nkw3mr/Vision-OPD-OPSA/rollouts/Aha-Qwen3.5-4B/24.jsonl
[36m(TaskRunner pid=266218)[0m step:24 - global_seqlen/min:169895 - global_seqlen/max:194592 - global_seqlen/minmax_diff:24697 - global_seqlen/balanced_min:182220 - global_seqlen/balanced_max:182267 - global_seqlen/mean:182243.5 - self_distillation/teacher_always_on_fraction:1.0 - self_distillation/teacher_image_swap_fraction:1.0 - self_distillation/policy_fallback_fraction:0.0 - self_distillation/grpo_fallback_count:0.0 - rollout_corr/rollout_is_mean:1.0 - rollout_corr/rollout_is_ratio_fraction_high:0.0 - rollout_corr/rollout_is_ratio_fraction_low:0.0 - rollout_corr/rollout_is_max:1.0 - rollout_corr/rollout_is_min:1.0 - rollout_corr/rollout_is_std:0.0 - rollout_corr/rollout_is_eff_sample_size:1.0 - rollout_corr/rollout_is_seq_mean:1.0 - rollout_corr/rollout_is_seq_std:0.0 - rollout_corr/rollout_is_seq_max:1.0 - rollout_corr/rollout_is_seq_min:1.0 - rollout_corr/rollout_is_seq_max_deviation:0.0 - rollout_corr/rollout_is_seq_fraction_high:0.0 - rollout_corr/rollout_is_seq_fraction_low:0.0 - rollout_corr/training_ppl:9.901384960521352 - rollout_corr/training_log_ppl:1.679844056115006 - rollout_corr/kl:0.3054582027323318 - rollout_corr/k3_kl:0.3429662623640263 - rollout_corr/rollout_ppl:4.580185073794741 - rollout_corr/rollout_log_ppl:1.2939727216055898 - rollout_corr/log_ppl_diff:0.3858713433146477 - rollout_corr/log_ppl_abs_diff:0.38847571092121524 - rollout_corr/log_ppl_diff_max:3.8795552253723145 - rollout_corr/log_ppl_diff_min:-0.23031505942344666 - rollout_corr/ppl_ratio:1.6366673057729546 - rollout_corr/chi2_token:61.06939187736223 - rollout_corr/chi2_seq:1.6255062222480774 - actor/pg_loss:0.25094441400142387 - actor/kl_loss:0.0 - actor/grpo_loss:0.0 - actor/vopd_loss:0.25094441400142387 - actor/vopd_loss_weighted:0.25094441400142387 - actor/policy_fallback_fraction:0.0 - aha/u_mean:-0.029140443572859196 - aha/u_neg_valley_frac:0.49773222930503613 - aha/floor_clamped_frac:0.0 - aha/q_tail_mass:0.0020485558885742316 - aha/argmax_conf:0.6542646288871765 - self_distillation/raw_jsd_token_mean:0.2520801113410429 - self_distillation/weighted_jsd_token_mean:0.2520801113410429 - self_distillation/self_distillation_mask.mean():1.0 - self_distillation/num_distill_tokens:2230.530303030303 - self_distillation/empty_target_batch:0.0 - actor/grad_norm:0.5908780694007874 - timing_s/update_actor/student_forward:16.45177897301619 - timing_s/update_actor/teacher_forward:20.48689024997293 - timing_s/update_actor/teacher_full_forward:0.0 - timing_s/update_actor/teacher_null_forward:19.927803418031544 - timing_s/update_actor/loss_compute:0.02047525701345876 - timing_s/update_actor/backward:36.22490427197772 - timing_s/update_actor/optimizer_step:0.08628135301114526 - timing_s/update_actor/teacher_ema_update:6.340698746498674e-05 - perf/mfu/actor:0.0 - perf/max_memory_allocated_gb:120.8863205909729 - perf/max_memory_reserved_gb:138.544921875 - perf/cpu_memory_used_gb:334.5713348388672 - actor/lr:2e-06 - training/global_step:24 - training/epoch:0 - response_length/mean:191.6862030029297 - response_length/max:1024.0 - response_length/min:2.0 - response_length/clip_ratio:0.014322916977107525 - response_length_non_aborted/mean:191.6862030029297 - response_length_non_aborted/max:1024.0 - response_length_non_aborted/min:2.0 - response_length_non_aborted/clip_ratio:0.014322916977107525 - response/aborted_ratio:0.0 - prompt_length/mean:282.90625 - prompt_length/max:3329.0 - prompt_length/min:119.0 - prompt_length/clip_ratio:0.0 - num_turns/min:2 - num_turns/max:2 - num_turns/mean:2.0 - timing_s/start_profile:1.971700112335384e-05 - timing_s/agent_loop/generate_sequences/min:1.5083867109933635 - timing_s/agent_loop/generate_sequences/max:27.603364277005312 - timing_s/agent_loop/generate_sequences/mean:12.889150556537933 - timing_s/agent_loop/tool_calls/min:0.0 - timing_s/agent_loop/tool_calls/max:0.0 - timing_s/agent_loop/tool_calls/mean:0.0 - timing_s/agent_loop/slowest/generate_sequences:27.603364277005312 - timing_s/agent_loop/slowest/tool_calls:0.0 - timing_s/agent_loop/slowest/prompt_length:230 - timing_s/agent_loop/slowest/response_length[36m(TaskRunner pid=266218)[0m Training Progress:  61%|██████    | 25/41 [1:08:16<43:16, 162.29s/it]
[36m(WorkerDict pid=278047)[0m /sfs/weka/scratch/nkw3mr/Vision-OPD-OPSA/verl/utils/device.py:134: FutureWarning: torch.cuda._set_allocator_settings is deprecated. Use torch._C._accelerator_setAllocatorSettings instead.
[36m(WorkerDict pid=278047)[0m   torch.cuda.memory._set_allocator_settings(f"expandable_segments:{enable}")
[36m(TaskRunner pid=266218)[0m Training Progress:  63%|██████▎   | 26/41 [1:10:57<40:31, 162.13s/it]
[36m(WorkerDict pid=278050)[0m /sfs/weka/scratch/nkw3mr/Vision-OPD-OPSA/verl/utils/device.py:134: FutureWarning: torch.cuda._set_allocator_settings is deprecated. Use torch._C._accelerator_setAllocatorSettings instead.
[36m(WorkerDict pid=278050)[0m   torch.cuda.memory._set_allocator_settings(f"expandable_segments:{enable}")
:1024 - timing_s/gen:35.43804437099607 - timing_s/adv:14.16924836600083 - timing_s/update_actor:103.3799662090023 - timing_s/dump_rollout_generations:0.6789581509947311 - timing_s/step:153.76991153499694 - timing_s/stop_profile:2.4382999981753528e-05 - timing_per_token_ms/update_actor:0.28363142227021076 - timing_per_token_ms/gen:0.2407230538395956 - timing_per_token_ms/adv:0.03887449584210364 - perf/total_num_tokens:364487 - perf/time_per_step:153.76991153499694 - perf/throughput:1185.1700906943859
[36m(TaskRunner pid=266218)[0m Dumped generations to /sfs/weka/scratch/nkw3mr/Vision-OPD-OPSA/rollouts/Aha-Qwen3.5-4B/25.jsonl
[36m(TaskRunner pid=266218)[0m local_global_step_folder: /sfs/weka/scratch/nkw3mr/Vision-OPD-OPSA/checkpoints/Aha-Qwen3.5-4B/global_step_25
[36m(TaskRunner pid=266218)[0m step:25 - global_seqlen/min:154491 - global_seqlen/max:175240 - global_seqlen/minmax_diff:20749 - global_seqlen/balanced_min:164865 - global_seqlen/balanced_max:164866 - global_seqlen/mean:164865.5 - self_distillation/teacher_always_on_fraction:1.0 - self_distillation/teacher_image_swap_fraction:1.0 - self_distillation/policy_fallback_fraction:0.0 - self_distillation/grpo_fallback_count:0.0 - rollout_corr/rollout_is_mean:1.0 - rollout_corr/rollout_is_ratio_fraction_high:0.0 - rollout_corr/rollout_is_ratio_fraction_low:0.0 - rollout_corr/rollout_is_max:1.0 - rollout_corr/rollout_is_min:1.0 - rollout_corr/rollout_is_std:0.0 - rollout_corr/rollout_is_eff_sample_size:1.0 - rollout_corr/rollout_is_seq_mean:1.0 - rollout_corr/rollout_is_seq_std:0.0 - rollout_corr/rollout_is_seq_max:1.0 - rollout_corr/rollout_is_seq_min:1.0 - rollout_corr/rollout_is_seq_max_deviation:0.0 - rollout_corr/rollout_is_seq_fraction_high:0.0 - rollout_corr/rollout_is_seq_fraction_low:0.0 - rollout_corr/training_ppl:7.2709422032038376 - rollout_corr/training_log_ppl:1.6978755434354147 - rollout_corr/kl:0.3474599349002043 - rollout_corr/k3_kl:0.3292648101846377 - rollout_corr/rollout_ppl:4.145518394311269 - rollout_corr/rollout_log_ppl:1.2901669283707937 - rollout_corr/log_ppl_diff:0.4077086247503757 - rollout_corr/log_ppl_abs_diff:0.4110563879211744 - rollout_corr/log_ppl_diff_max:2.6100971698760986 - rollout_corr/log_ppl_diff_min:-1.1480448246002197 - rollout_corr/ppl_ratio:1.5981733739376067 - rollout_corr/chi2_token:7.658927339315414 - rollout_corr/chi2_seq:-0.7947577049334844 - actor/pg_loss:0.2555174867350919 - actor/kl_loss:0.0 - actor/grpo_loss:0.0 - actor/vopd_loss:0.2555174867350919 - actor/vopd_loss_weighted:0.2555174867350919 - actor/policy_fallback_fraction:0.0 - aha/u_mean:-0.019699478123826945 - aha/u_neg_valley_frac:0.5009680067499479 - aha/floor_clamped_frac:0.0 - aha/q_tail_mass:0.0019102005807023186 - aha/argmax_conf:0.7017098665237427 - self_distillation/raw_jsd_token_mean:0.2550208106637001 - self_distillation/weighted_jsd_token_mean:0.2550208106637001 - self_distillation/self_distillation_mask.mean():1.0 - self_distillation/num_distill_tokens:2232.1833333333334 - self_distillation/empty_target_batch:0.0 - actor/grad_norm:0.8127481341362 - timing_s/update_actor/student_forward:14.73948531395581 - timing_s/update_actor/teacher_forward:18.3140582760534 - timing_s/update_actor/teacher_full_forward:0.0 - timing_s/update_actor/teacher_null_forward:18.76967351893836 - timing_s/update_actor/loss_compute:0.01838446497276891 - timing_s/update_actor/backward:33.965915315042366 - timing_s/update_actor/optimizer_step:0.08610006399976555 - timing_s/update_actor/teacher_ema_update:3.722099063452333e-05 - perf/mfu/actor:0.0 - perf/max_memory_allocated_gb:120.8863205909729 - perf/max_memory_reserved_gb:138.544921875 - perf/cpu_memory_used_gb:333.2049102783203 - actor/lr:2e-06 - training/global_step:25 - training/epoch:0 - response_length/mean:174.3893280029297 - response_length/max:1024.0 - response_length/min:2.0 - response_length/clip_ratio:0.010416666977107525 - response_length_non_aborted/mean:174.3893280029297 - response_length_non_aborted/max:1024.0 - response_length_non_aborted/min:2.0 - response_length_non_aborted/clip_ratio:0.010416666977107525 - response/aborted_ratio:0.0 - prompt_length/mean:254.9479217529297 - prompt_length/max:791.0 - prompt_length/min:154.0 - prompt_length/clip_ratio:0.0 - num_turns/min:2 - num_turns/max:2 - num_turns/mean:2.0 - timing_s/start_profile:5.509499169420451e-05 - timing_s/agent_loop/generate_sequences/min:1.4231633299932582 - timing_s/agent_loop/generate_sequences/max:25.948243477003416 - timing_s/agent_loop/generate_sequences/mean:12.339423860425219 - timing_s/agent_loop/tool_calls/min:0.0 - timing_s/agent_loop/tool_calls/max:0.0 - timing_s/agent_loop/tool_calls/mean:0.0 - timing_s/agent_loop/slowest/generate_sequences:25.948243477003416 - timing_s/agent_loop/slowest/tool_calls:0.0 - timing_s/agent_loop/slowest/prompt_length:435 - timing_s/agent_loop/slowest/response_length:1024 - timing_s/gen:32.897163191009895 - timing_s/adv:13.79739646599046 - timing_s/update_actor:92.62911413599795 - timing_s/dump_rollout_generations:0.30312520399456844 - timing_s/step:139.73476591899816 - timing_s/save_checkpoint:19.66381407000881 - timing_s/stop_profile:4.7636000090278685e-05 - timing_per_token_ms/update_actor:0.28092328029817626 - timing_per_token_ms/gen:0.24562769777728752 - timing_per_token_ms/adv:0.04184440184875083 - perf/total_num_tokens:329731 - perf/time_per_step:139.73476591899816 - perf/throughput:1179.8459668624607
[36m(TaskRunner pid=266218)[0m Dumped generations to /sfs/weka/scratch/nkw3mr/Vision-OPD-OPSA/rollouts/Aha-Qwen3.5-4B/26.jsonl
[36m(TaskRunner pid=266218)[0m step:26 - global_seqlen/min:153262 - global_seqlen/max:210561 - global_seqlen/minmax_diff:57299 - global_seqlen/balanced_min:181898 - global_seqlen/balanced_max:181925 - global_seqlen/mean:181911.5 - self_distillation/teacher_always_on_fraction:1.0 - self_distillation/teacher_image_swap_fraction:1.0 - self_distillation/policy_fallback_fraction:0.0 - self_distillation/grpo_fallback_count:0.0 - rollout_corr/rollout_is_mean:1.0 - rollout_corr/rollout_is_ratio_fraction_high:0.0 - rollout_corr/rollout_is_ratio_fraction_low:0.0 - rollout_corr/rollout_is_max:1.0 - rollout_corr/rollout_is_min:1.0 - rollout_corr/rollout_is_std:0.0 - rollout_corr/rollout_is_eff_sample_size:1.0 - rollout_corr/rollout_is_seq_mean:1.0 - rollout_corr/rollout_is_seq_std:0.0 - rollout_corr/rollout_is_seq_max:1.0 - rollout_corr/rollout_is_seq_min:1.0 - rollout_corr/rollout_is_seq_max_deviation:0.0 - rollout_corr/rollout_is_seq_fraction_high:0.0 - rollout_corr/rollout_is_seq_fraction_low:0.0 - rollout_corr/training_ppl:8.210703791994037 - rollout_corr/training_log_ppl:1.6977861939054546 - rollout_corr/kl:0.32720539380203595 - rollout_corr/k3_kl:0.374611850376382 - rollout_corr/rollout_ppl:4.524738044449777 - rollout_corr/rollout_log_ppl:1.3085323283166597 - rollout_corr/log_ppl_diff:0.3892538838765838 - rollout_corr/log_ppl_abs_diff:0.39604953676462173 - rollout_corr/log_ppl_diff_max:3.036585569381714 - rollout_corr/log_ppl_diff_min:-2.2199771404266357 - rollout_corr/ppl_ratio:1.6047887711813957 - rollout_corr/chi2_token:546.5459033178561 - rollout_corr/chi2_seq:6.887038686961838 - actor/pg_loss:0.26156343550731737 - actor/kl_loss:0.0 - actor/grpo_loss:0.0 - actor/vopd_loss:0.26156343550731737 - actor/vopd_loss_weighted:0.26156343550731737 - actor/policy_fallback_fraction:0.0 - aha/u_mean:-0.006689263281066705 - aha/u_neg_valley_frac:0.48556786820744025 - aha/floor_clamped_frac:0.0 - aha/q_tail_mass:0.002058970044317627 - aha/argmax_conf:0.6708366274833679 - self_distillation/raw_jsd_token_mean:0.262999488548799 - self_distillation/weighted_jsd_token_mean:0.262999488548799 - self_distillation/self_distillation_mask.mean():1.0 - self_distillation/num_distill_tokens:1939.9848484848485 - self_distillation/empty_target_batch:0.0 - actor/grad_norm:0.5764133930206299 - timing_s/update_actor/student_forward:16.782685901023797 - timing_s/update_actor/teacher_forward:21.065107076021377 - timing_s/update_actor/teacher_full_forward:0.0 - timing_s/update_actor/teacher_null_forward:20.642442049007514 - timing_s/update_actor/loss_compute:0.0203596799983643 - timing_s/update_actor/backward:39.115575397969224 - timing_s/update_actor/optimizer_step:0.0875243100017542 - timing_s/update_actor/teacher_ema_update:4.7075009206309915e-05 - perf/mfu/actor:0.0 - perf/max_memory_allocated_gb:120.8863205909729 - perf/max_memory_reserved_gb:138.544921875 - perf/cpu_memory_used_gb:333.2423324584961 - actor/lr:2e-06 - training/global_step:26 - training/epoch:0 - response_length/mean:166.7174530029297 - response_length/max:1024.0 - response_length/min:2.0 - response_length/clip_ratio:0.0078125 - response_length_non_aborted/mean:166.7174530029297 - response_length_non_aborted/max:1024.0 - response_length_non_aborted/min:2.0 - response_length_non_aborted/clip_ratio:0.0078125 - response/aborted_ratio:0.0 - prompt_length/mean:307.0104064941406 - prompt_length/max:3329.0 - prompt_length/min:167.0 - prompt_length/clip_ratio:0.0 - num_turns/min:2 - num_turns/max:2 - num_turns/mean:2.0 - timing_s/start_profile:2.1239000489003956e-05 - timing_s/agent_loop/generate_sequences/min:1.5005772349977633 - timing_s/agent_loop/generate_sequences/max:27.254532979000942 - timing_s/agent_loop/generate_sequences/mean:12.509006178056856 - timing_s/agent_loop/tool_calls/min:0.0 - timing_s/agent_loop/tool_calls/max:0.0 - timing_s/agent_loop/tool_calls/mean:0.0 - timing_s/agent_loop/slowest/generate_sequences:27.254532979000942 - timing_s/agent_loop/slowest/tool_calls:0.0 - timing_s/agent_loop/slowest/prompt_length:326 - timing_s/agent_loop/slowest/response_length:1024 - timing_[36m(TaskRunner pid=266218)[0m Training Progress:  66%|██████▌   | 27/41 [1:13:45<38:11, 163.65s/it]
[36m(TaskRunner pid=266218)[0m Training Progress:  68%|██████▊   | 28/41 [1:15:57<33:27, 154.44s/it]
s/gen:34.71604938399105 - timing_s/adv:15.907127084006788 - timing_s/update_actor:110.02636305701162 - timing_s/dump_rollout_generations:0.2867342569952598 - timing_s/step:161.0523705450032 - timing_s/stop_profile:2.372200833633542e-05 - timing_per_token_ms/update_actor:0.3024172827364175 - timing_per_token_ms/gen:0.2711365239028034 - timing_per_token_ms/adv:0.04372215908286938 - perf/total_num_tokens:363823 - perf/time_per_step:161.0523705450032 - perf/throughput:1129.517680394329
[36m(TaskRunner pid=266218)[0m Dumped generations to /sfs/weka/scratch/nkw3mr/Vision-OPD-OPSA/rollouts/Aha-Qwen3.5-4B/27.jsonl
[36m(TaskRunner pid=266218)[0m step:27 - global_seqlen/min:186046 - global_seqlen/max:188230 - global_seqlen/minmax_diff:2184 - global_seqlen/balanced_min:187132 - global_seqlen/balanced_max:187144 - global_seqlen/mean:187138.0 - self_distillation/teacher_always_on_fraction:1.0 - self_distillation/teacher_image_swap_fraction:1.0 - self_distillation/policy_fallback_fraction:0.0 - self_distillation/grpo_fallback_count:0.0 - rollout_corr/rollout_is_mean:1.0 - rollout_corr/rollout_is_ratio_fraction_high:0.0 - rollout_corr/rollout_is_ratio_fraction_low:0.0 - rollout_corr/rollout_is_max:1.0 - rollout_corr/rollout_is_min:1.0 - rollout_corr/rollout_is_std:0.0 - rollout_corr/rollout_is_eff_sample_size:1.0 - rollout_corr/rollout_is_seq_mean:1.0 - rollout_corr/rollout_is_seq_std:0.0 - rollout_corr/rollout_is_seq_max:1.0 - rollout_corr/rollout_is_seq_min:1.0 - rollout_corr/rollout_is_seq_max_deviation:0.0 - rollout_corr/rollout_is_seq_fraction_high:0.0 - rollout_corr/rollout_is_seq_fraction_low:0.0 - rollout_corr/training_ppl:7.43697851896286 - rollout_corr/training_log_ppl:1.7582933376817143 - rollout_corr/kl:0.31980602980098305 - rollout_corr/k3_kl:0.31935568044290824 - rollout_corr/rollout_ppl:4.475123117951785 - rollout_corr/rollout_log_ppl:1.3577905358637081 - rollout_corr/log_ppl_diff:0.4005027915186742 - rollout_corr/log_ppl_abs_diff:0.4049179689849124 - rollout_corr/log_ppl_diff_max:2.3168954849243164 - rollout_corr/log_ppl_diff_min:-1.7461662292480469 - rollout_corr/ppl_ratio:1.5902608001933378 - rollout_corr/chi2_token:7.841902641689076 - rollout_corr/chi2_seq:0.3305114297305837 - actor/pg_loss:0.26725732804819324 - actor/kl_loss:0.0 - actor/grpo_loss:0.0 - actor/vopd_loss:0.26725732804819324 - actor/vopd_loss_weighted:0.26725732804819324 - actor/policy_fallback_fraction:0.0 - aha/u_mean:0.01742383650408181 - aha/u_neg_valley_frac:0.4789803689893554 - aha/floor_clamped_frac:0.0 - aha/q_tail_mass:0.002434672733429847 - aha/argmax_conf:0.7599887847900391 - self_distillation/raw_jsd_token_mean:0.2688961508957779 - self_distillation/weighted_jsd_token_mean:0.2688961508957779 - self_distillation/self_distillation_mask.mean():1.0 - self_distillation/num_distill_tokens:1844.8823529411766 - self_distillation/empty_target_batch:0.0 - actor/grad_norm:0.5320112705230713 - timing_s/update_actor/student_forward:18.716628937021596 - timing_s/update_actor/teacher_forward:21.78087852304452 - timing_s/update_actor/teacher_full_forward:0.0 - timing_s/update_actor/teacher_null_forward:21.440043004986364 - timing_s/update_actor/loss_compute:0.02086008302285336 - timing_s/update_actor/backward:40.9833266500209 - timing_s/update_actor/optimizer_step:0.0861165779933799 - timing_s/update_actor/teacher_ema_update:4.7564986743964255e-05 - perf/mfu/actor:0.0 - perf/max_memory_allocated_gb:120.90408849716187 - perf/max_memory_reserved_gb:138.544921875 - perf/cpu_memory_used_gb:333.06921005249023 - actor/lr:2e-06 - training/global_step:27 - training/epoch:0 - response_length/mean:163.3489532470703 - response_length/max:1024.0 - response_length/min:2.0 - response_length/clip_ratio:0.0052083334885537624 - response_length_non_aborted/mean:163.3489532470703 - response_length_non_aborted/max:1024.0 - response_length_non_aborted/min:2.0 - response_length_non_aborted/clip_ratio:0.0052083334885537624 - response/aborted_ratio:0.0 - prompt_length/mean:323.9895935058594 - prompt_length/max:3935.0 - prompt_length/min:103.0 - prompt_length/clip_ratio:0.0 - num_turns/min:2 - num_turns/max:2 - num_turns/mean:2.0 - timing_s/start_profile:5.5805998272262514e-05 - timing_s/agent_loop/generate_sequences/min:1.7230066460033413 - timing_s/agent_loop/generate_sequences/max:26.096798956001294 - timing_s/agent_loop/generate_sequences/mean:12.293661350101653 - timing_s/agent_loop/tool_calls/min:0.0 - timing_s/agent_loop/tool_calls/max:0.0 - timing_s/agent_loop/tool_calls/mean:0.0 - timing_s/agent_loop/slowest/generate_sequences:26.096798956001294 - timing_s/agent_loop/slowest/tool_calls:0.0 - timing_s/agent_loop/slowest/prompt_length:218 - timing_s/agent_loop/slowest/response_length:1024 - timing_s/gen:33.6221149359917 - timing_s/adv:16.466316956008086 - timing_s/update_actor:116.63316218899854 - timing_s/dump_rollout_generations:0.2887487730040448 - timing_s/step:167.1272731009958 - timing_s/stop_profile:2.4012988433241844e-05 - timing_per_token_ms/update_actor:0.3116234067613166 - timing_per_token_ms/gen:0.2680078032713046 - timing_per_token_ms/adv:0.04399511845805792 - perf/total_num_tokens:374276 - perf/time_per_step:167.1272731009958 - perf/throughput:1119.7334613777346
[36m(TaskRunner pid=266218)[0m Dumped generations to /sfs/weka/scratch/nkw3mr/Vision-OPD-OPSA/rollouts/Aha-Qwen3.5-4B/28.jsonl
[36m(TaskRunner pid=266218)[0m step:28 - global_seqlen/min:150484 - global_seqlen/max:163747 - global_seqlen/minmax_diff:13263 - global_seqlen/balanced_min:157115 - global_seqlen/balanced_max:157116 - global_seqlen/mean:157115.5 - self_distillation/teacher_always_on_fraction:1.0 - self_distillation/teacher_image_swap_fraction:1.0 - self_distillation/policy_fallback_fraction:0.0 - self_distillation/grpo_fallback_count:0.0 - rollout_corr/rollout_is_mean:1.0 - rollout_corr/rollout_is_ratio_fraction_high:0.0 - rollout_corr/rollout_is_ratio_fraction_low:0.0 - rollout_corr/rollout_is_max:1.0 - rollout_corr/rollout_is_min:1.0 - rollout_corr/rollout_is_std:0.0 - rollout_corr/rollout_is_eff_sample_size:1.0 - rollout_corr/rollout_is_seq_mean:1.0 - rollout_corr/rollout_is_seq_std:0.0 - rollout_corr/rollout_is_seq_max:1.0 - rollout_corr/rollout_is_seq_min:1.0 - rollout_corr/rollout_is_seq_max_deviation:0.0 - rollout_corr/rollout_is_seq_fraction_high:0.0 - rollout_corr/rollout_is_seq_fraction_low:0.0 - rollout_corr/training_ppl:8.616487656320844 - rollout_corr/training_log_ppl:1.8467527649232318 - rollout_corr/kl:0.416488670877048 - rollout_corr/k3_kl:0.4049420713313988 - rollout_corr/rollout_ppl:4.322007008961268 - rollout_corr/rollout_log_ppl:1.3432363463299615 - rollout_corr/log_ppl_diff:0.5035164169967175 - rollout_corr/log_ppl_abs_diff:0.5040643731398242 - rollout_corr/log_ppl_diff_max:2.473560094833374 - rollout_corr/log_ppl_diff_min:-0.018280386924743652 - rollout_corr/ppl_ratio:1.818717347724097 - rollout_corr/chi2_token:31.630829985652653 - rollout_corr/chi2_seq:-0.9011261016130447 - actor/pg_loss:0.26885521945465973 - actor/kl_loss:0.0 - actor/grpo_loss:0.0 - actor/vopd_loss:0.26885521945465973 - actor/vopd_loss_weighted:0.26885521945465973 - actor/policy_fallback_fraction:0.0 - aha/u_mean:0.07117564193426265 - aha/u_neg_valley_frac:0.4651532178478581 - aha/floor_clamped_frac:0.0 - aha/q_tail_mass:0.0021542946383955757 - aha/argmax_conf:0.6321976184844971 - self_distillation/raw_jsd_token_mean:0.2681740181786674 - self_distillation/weighted_jsd_token_mean:0.2681740181786674 - self_distillation/self_distillation_mask.mean():1.0 - self_distillation/num_distill_tokens:2295.410714285714 - self_distillation/empty_target_batch:0.0 - actor/grad_norm:0.7009896039962769 - timing_s/update_actor/student_forward:13.544383115979144 - timing_s/update_actor/teacher_forward:16.60151694196975 - timing_s/update_actor/teacher_full_forward:0.0 - timing_s/update_actor/teacher_null_forward:16.782809871976497 - timing_s/update_actor/loss_compute:0.01726403200882487 - timing_s/update_actor/backward:31.090677128959214 - timing_s/update_actor/optimizer_step:0.08746948499174323 - timing_s/update_actor/teacher_ema_update:7.007599924691021e-05 - perf/mfu/actor:0.0 - perf/max_memory_allocated_gb:120.90408849716187 - perf/max_memory_reserved_gb:138.544921875 - perf/cpu_memory_used_gb:326.4199523925781 - actor/lr:2e-06 - training/global_step:28 - training/epoch:0 - response_length/mean:167.3737030029297 - response_length/max:1024.0 - response_length/min:2.0 - response_length/clip_ratio:0.010416666977107525 - response_length_non_aborted/mean:167.3737030029297 - response_length_non_aborted/max:1024.0 - response_length_non_aborted/min:2.0 - response_length_non_aborted/clip_ratio:0.010416666977107525 - response/aborted_ratio:0.0 - prompt_length/mean:241.78125 - prompt_length/max:498.0 - prompt_length/min:125.0 - prompt_length/clip_ratio:0.0 - num_turns/min:2 - num_turns/max:2 - num_turns/mean:2.0 - timing_s/start_profile:2.885999856516719e-05 - timing_s/agent_loop/generate_sequences/min:1.9126200299942866 - timing_s/agent_loop/generate_sequences/max:24.952557866999996 - timing_s/agent_loop/generate_sequences/mean:11.262248061183584 - timing_s/agent_loop/tool_calls/min:0.0 - timing_s/agent_loop/tool_calls/max:0.0 - timing_s/agent_loop/tool_calls/mean:0.0 - timing_s/agent_loop/slowest/generate_sequences:24.952557866999996 - timing_s/agent_loop/slowest/tool_calls:0.0 - timing_s/agent_loop/slowest/prompt_length:325 - timing_s/agent_loop/slowest/response_length:[36m(TaskRunner pid=266218)[0m Training Progress:  71%|███████   | 29/41 [1:18:21<30:15, 151.31s/it]
[36m(TaskRunner pid=266218)[0m Training Progress:  73%|███████▎  | 30/41 [1:21:16<29:01, 158.30s/it]
1024 - timing_s/gen:32.396145913997316 - timing_s/adv:13.571789743000409 - timing_s/update_actor:86.55839158600429 - timing_s/dump_rollout_generations:0.28684679200523533 - timing_s/step:132.9241092029988 - timing_s/stop_profile:2.5796005502343178e-05 - timing_per_token_ms/update_actor:0.27546101939657225 - timing_per_token_ms/gen:0.2520257494690284 - timing_per_token_ms/adv:0.04319048643513978 - perf/total_num_tokens:314231 - perf/time_per_step:132.9241092029988 - perf/throughput:1181.994003511106
[36m(TaskRunner pid=266218)[0m Dumped generations to /sfs/weka/scratch/nkw3mr/Vision-OPD-OPSA/rollouts/Aha-Qwen3.5-4B/29.jsonl
[36m(TaskRunner pid=266218)[0m step:29 - global_seqlen/min:164762 - global_seqlen/max:173502 - global_seqlen/minmax_diff:8740 - global_seqlen/balanced_min:169132 - global_seqlen/balanced_max:169132 - global_seqlen/mean:169132.0 - self_distillation/teacher_always_on_fraction:1.0 - self_distillation/teacher_image_swap_fraction:1.0 - self_distillation/policy_fallback_fraction:0.0 - self_distillation/grpo_fallback_count:0.0 - rollout_corr/rollout_is_mean:1.0 - rollout_corr/rollout_is_ratio_fraction_high:0.0 - rollout_corr/rollout_is_ratio_fraction_low:0.0 - rollout_corr/rollout_is_max:1.0 - rollout_corr/rollout_is_min:1.0 - rollout_corr/rollout_is_std:0.0 - rollout_corr/rollout_is_eff_sample_size:1.0 - rollout_corr/rollout_is_seq_mean:1.0 - rollout_corr/rollout_is_seq_std:0.0 - rollout_corr/rollout_is_seq_max:1.0 - rollout_corr/rollout_is_seq_min:1.0 - rollout_corr/rollout_is_seq_max_deviation:0.0 - rollout_corr/rollout_is_seq_fraction_high:0.0 - rollout_corr/rollout_is_seq_fraction_low:0.0 - rollout_corr/training_ppl:9.2910637932439 - rollout_corr/training_log_ppl:1.851357360039988 - rollout_corr/kl:0.37660404174558576 - rollout_corr/k3_kl:0.35228684568597424 - rollout_corr/rollout_ppl:4.803723392948028 - rollout_corr/rollout_log_ppl:1.3621573851954554 - rollout_corr/log_ppl_diff:0.4891999671536107 - rollout_corr/log_ppl_abs_diff:0.4898628044512964 - rollout_corr/log_ppl_diff_max:2.7677297592163086 - rollout_corr/log_ppl_diff_min:-0.0421140193939209 - rollout_corr/ppl_ratio:1.7957274586923662 - rollout_corr/chi2_token:5.976677921510512 - rollout_corr/chi2_seq:-0.9001201112424173 - actor/pg_loss:0.264231775344039 - actor/kl_loss:0.0 - actor/grpo_loss:0.0 - actor/vopd_loss:0.264231775344039 - actor/vopd_loss_weighted:0.264231775344039 - actor/policy_fallback_fraction:0.0 - aha/u_mean:0.058822122297339866 - aha/u_neg_valley_frac:0.46995914463073973 - aha/floor_clamped_frac:0.0 - aha/q_tail_mass:0.002366809690776732 - aha/argmax_conf:0.6109319925308228 - self_distillation/raw_jsd_token_mean:0.2637005263278561 - self_distillation/weighted_jsd_token_mean:0.2637005263278561 - self_distillation/self_distillation_mask.mean():1.0 - self_distillation/num_distill_tokens:2216.3870967741937 - self_distillation/empty_target_batch:0.0 - actor/grad_norm:0.9149676561355591 - timing_s/update_actor/student_forward:14.484710375982104 - timing_s/update_actor/teacher_forward:18.998915948002832 - timing_s/update_actor/teacher_full_forward:0.0 - timing_s/update_actor/teacher_null_forward:18.538484302000143 - timing_s/update_actor/loss_compute:0.01900250298785977 - timing_s/update_actor/backward:33.85065947001567 - timing_s/update_actor/optimizer_step:0.08622798100986984 - timing_s/update_actor/teacher_ema_update:4.0535000152885914e-05 - perf/mfu/actor:0.0 - perf/max_memory_allocated_gb:120.90408849716187 - perf/max_memory_reserved_gb:138.544921875 - perf/cpu_memory_used_gb:329.81836318969727 - actor/lr:2e-06 - training/global_step:29 - training/epoch:0 - response_length/mean:178.9270782470703 - response_length/max:1024.0 - response_length/min:8.0 - response_length/clip_ratio:0.01692708395421505 - response_length_non_aborted/mean:178.9270782470703 - response_length_non_aborted/max:1024.0 - response_length_non_aborted/min:8.0 - response_length_non_aborted/clip_ratio:0.01692708395421505 - response/aborted_ratio:0.0 - prompt_length/mean:261.5208435058594 - prompt_length/max:791.0 - prompt_length/min:151.0 - prompt_length/clip_ratio:0.0 - num_turns/min:2 - num_turns/max:2 - num_turns/mean:2.0 - timing_s/start_profile:3.303600533399731e-05 - timing_s/agent_loop/generate_sequences/min:1.7869650369975716 - timing_s/agent_loop/generate_sequences/max:26.934904444991844 - timing_s/agent_loop/generate_sequences/mean:12.63486620220696 - timing_s/agent_loop/tool_calls/min:0.0 - timing_s/agent_loop/tool_calls/max:0.0 - timing_s/agent_loop/tool_calls/mean:0.0 - timing_s/agent_loop/slowest/generate_sequences:26.934904444991844 - timing_s/agent_loop/slowest/tool_calls:0.0 - timing_s/agent_loop/slowest/prompt_length:230 - timing_s/agent_loop/slowest/response_length:1024 - timing_s/gen:33.75234898900089 - timing_s/adv:14.246955329013872 - timing_s/update_actor:95.54334070200275 - timing_s/dump_rollout_generations:0.283282568998402 - timing_s/step:143.95571333399857 - timing_s/stop_profile:2.467400918249041e-05 - timing_per_token_ms/update_actor:0.2824519922368409 - timing_per_token_ms/gen:0.2456216815290861 - timing_per_token_ms/adv:0.042117858622300546 - perf/total_num_tokens:338264 - perf/time_per_step:143.95571333399857 - perf/throughput:1174.8891105668638
[36m(TaskRunner pid=266218)[0m Dumped generations to /sfs/weka/scratch/nkw3mr/Vision-OPD-OPSA/rollouts/Aha-Qwen3.5-4B/30.jsonl
[36m(TaskRunner pid=266218)[0m local_global_step_folder: /sfs/weka/scratch/nkw3mr/Vision-OPD-OPSA/checkpoints/Aha-Qwen3.5-4B/global_step_30
[36m(TaskRunner pid=266218)[0m step:30 - global_seqlen/min:180848 - global_seqlen/max:189966 - global_seqlen/minmax_diff:9118 - global_seqlen/balanced_min:185382 - global_seqlen/balanced_max:185432 - global_seqlen/mean:185407.0 - self_distillation/teacher_always_on_fraction:1.0 - self_distillation/teacher_image_swap_fraction:1.0 - self_distillation/policy_fallback_fraction:0.0 - self_distillation/grpo_fallback_count:0.0 - rollout_corr/rollout_is_mean:1.0 - rollout_corr/rollout_is_ratio_fraction_high:0.0 - rollout_corr/rollout_is_ratio_fraction_low:0.0 - rollout_corr/rollout_is_max:1.0 - rollout_corr/rollout_is_min:1.0 - rollout_corr/rollout_is_std:0.0 - rollout_corr/rollout_is_eff_sample_size:1.0 - rollout_corr/rollout_is_seq_mean:1.0 - rollout_corr/rollout_is_seq_std:0.0 - rollout_corr/rollout_is_seq_max:1.0 - rollout_corr/rollout_is_seq_min:1.0 - rollout_corr/rollout_is_seq_max_deviation:0.0 - rollout_corr/rollout_is_seq_fraction_high:0.0 - rollout_corr/rollout_is_seq_fraction_low:0.0 - rollout_corr/training_ppl:9.341905015887637 - rollout_corr/training_log_ppl:1.8574314550919966 - rollout_corr/kl:0.37447920667402673 - rollout_corr/k3_kl:0.3604209235671795 - rollout_corr/rollout_ppl:4.510277845642784 - rollout_corr/rollout_log_ppl:1.372792778593121 - rollout_corr/log_ppl_diff:0.4846386941093387 - rollout_corr/log_ppl_abs_diff:0.4849512251940641 - rollout_corr/log_ppl_diff_max:2.768764019012451 - rollout_corr/log_ppl_diff_min:-0.02599954605102539 - rollout_corr/ppl_ratio:1.8027005538795935 - rollout_corr/chi2_token:9.116053814237768 - rollout_corr/chi2_seq:-0.905657450358073 - actor/pg_loss:0.267626732296776 - actor/kl_loss:0.0 - actor/grpo_loss:0.0 - actor/vopd_loss:0.267626732296776 - actor/vopd_loss_weighted:0.267626732296776 - actor/policy_fallback_fraction:0.0 - aha/u_mean:0.03372235514711285 - aha/u_neg_valley_frac:0.481036669828675 - aha/floor_clamped_frac:0.0 - aha/q_tail_mass:0.0019200892826175373 - aha/argmax_conf:0.702307403087616 - self_distillation/raw_jsd_token_mean:0.2691894056219043 - self_distillation/weighted_jsd_token_mean:0.2691894056219043 - self_distillation/self_distillation_mask.mean():1.0 - self_distillation/num_distill_tokens:2297.5454545454545 - self_distillation/empty_target_batch:0.0 - actor/grad_norm:0.7631895542144775 - timing_s/update_actor/student_forward:16.363614701025654 - timing_s/update_actor/teacher_forward:20.91430745300022 - timing_s/update_actor/teacher_full_forward:0.0 - timing_s/update_actor/teacher_null_forward:20.681227919994853 - timing_s/update_actor/loss_compute:0.020432843986782245 - timing_s/update_actor/backward:37.68325741800072 - timing_s/update_actor/optimizer_step:0.08645701500063296 - timing_s/update_actor/teacher_ema_update:4.167700535617769e-05 - perf/mfu/actor:0.0 - perf/max_memory_allocated_gb:120.90408849716187 - perf/max_memory_reserved_gb:138.544921875 - perf/cpu_memory_used_gb:331.53943634033203 - actor/lr:2e-06 - training/global_step:30 - training/epoch:0 - response_length/mean:197.4453125 - response_length/max:1024.0 - response_length/min:7.0 - response_length/clip_ratio:0.02473958395421505 - response_length_non_aborted/mean:197.4453125 - response_length_non_aborted/max:1024.0 - response_length_non_aborted/min:7.0 - response_length_non_aborted/clip_ratio:0.02473958395421505 - response/aborted_ratio:0.0 - prompt_length/mean:285.3854064941406 - prompt_length/max:3326.0 - prompt_length/min:131.0 - prompt_length/clip_ratio:0.0 - num_turns/min:2 - num_turns/max:2 - num_turns/mean:2.0 - timing_s/start_profile:2.1029001800343394e-05 - timing_s/agent_loop/generate_sequences/min:3.605409506999422 - timing_s/agent_loop/generate_sequences/max:28.164099546003854 - timing_s/agent_loop/generate_sequences/mean:13.732665870752745 - timing_s/agent_loop/tool_calls/min:0.0 - timing_s/agent_loop/tool_calls/max:0.0 - timing_s/agent_loop/tool_calls/mean:0.0 - timing_s/agent_loop/slowest/generate_sequences:28.164099546003854 - timing_s/agent_loop/slowest/tool_calls:0.0 - timing_s/agent_loop/slowest/prompt_length:330 - timing_s/agent_loop/slowest/response_length:1024 - timing[36m(WorkerDict pid=278047)[0m /sfs/weka/scratch/nkw3mr/Vision-OPD-OPSA/verl/utils/device.py:134: FutureWarning: torch.cuda._set_allocator_settings is deprecated. Use torch._C._accelerator_setAllocatorSettings instead.
[36m(WorkerDict pid=278047)[0m   torch.cuda.memory._set_allocator_settings(f"expandable_segments:{enable}")
[36m(TaskRunner pid=266218)[0m Training Progress:  76%|███████▌  | 31/41 [1:23:51<26:13, 157.33s/it]
[36m(WorkerDict pid=278050)[0m /sfs/weka/scratch/nkw3mr/Vision-OPD-OPSA/verl/utils/device.py:134: FutureWarning: torch.cuda._set_allocator_settings is deprecated. Use torch._C._accelerator_setAllocatorSettings instead.
[36m(WorkerDict pid=278050)[0m   torch.cuda.memory._set_allocator_settings(f"expandable_segments:{enable}")
[36m(TaskRunner pid=266218)[0m Training Progress:  78%|███████▊  | 32/41 [1:26:25<23:26, 156.23s/it]
_s/gen:35.229295422992436 - timing_s/adv:14.178299281004001 - timing_s/update_actor:104.30498863400135 - timing_s/dump_rollout_generations:0.2905208849988412 - timing_s/step:154.12381145599647 - timing_s/save_checkpoint:20.43778136599576 - timing_s/stop_profile:2.7327987481839955e-05 - timing_per_token_ms/update_actor:0.2812865442890542 - timing_per_token_ms/gen:0.23232498069740062 - timing_per_token_ms/adv:0.038235609445716724 - perf/total_num_tokens:370814 - perf/time_per_step:154.12381145599647 - perf/throughput:1202.9744025175182
[36m(TaskRunner pid=266218)[0m Dumped generations to /sfs/weka/scratch/nkw3mr/Vision-OPD-OPSA/rollouts/Aha-Qwen3.5-4B/31.jsonl
[36m(TaskRunner pid=266218)[0m step:31 - global_seqlen/min:179303 - global_seqlen/max:203176 - global_seqlen/minmax_diff:23873 - global_seqlen/balanced_min:191238 - global_seqlen/balanced_max:191241 - global_seqlen/mean:191239.5 - self_distillation/teacher_always_on_fraction:1.0 - self_distillation/teacher_image_swap_fraction:1.0 - self_distillation/policy_fallback_fraction:0.0 - self_distillation/grpo_fallback_count:0.0 - rollout_corr/rollout_is_mean:1.0 - rollout_corr/rollout_is_ratio_fraction_high:0.0 - rollout_corr/rollout_is_ratio_fraction_low:0.0 - rollout_corr/rollout_is_max:1.0 - rollout_corr/rollout_is_min:1.0 - rollout_corr/rollout_is_std:0.0 - rollout_corr/rollout_is_eff_sample_size:1.0 - rollout_corr/rollout_is_seq_mean:1.0 - rollout_corr/rollout_is_seq_std:0.0 - rollout_corr/rollout_is_seq_max:1.0 - rollout_corr/rollout_is_seq_min:1.0 - rollout_corr/rollout_is_seq_max_deviation:0.0 - rollout_corr/rollout_is_seq_fraction_high:0.0 - rollout_corr/rollout_is_seq_fraction_low:0.0 - rollout_corr/training_ppl:8.251267650548149 - rollout_corr/training_log_ppl:1.829498480348026 - rollout_corr/kl:0.34469381588346815 - rollout_corr/k3_kl:0.3340095218051882 - rollout_corr/rollout_ppl:4.448589349494261 - rollout_corr/rollout_log_ppl:1.3788807760266697 - rollout_corr/log_ppl_diff:0.450617740259451 - rollout_corr/log_ppl_abs_diff:0.45098376843859167 - rollout_corr/log_ppl_diff_max:2.199333667755127 - rollout_corr/log_ppl_diff_min:-0.016304731369018555 - rollout_corr/ppl_ratio:1.7031739003518047 - rollout_corr/chi2_token:8.10532026255832 - rollout_corr/chi2_seq:-0.895751514855553 - actor/pg_loss:0.24999896138130376 - actor/kl_loss:0.0 - actor/grpo_loss:0.0 - actor/vopd_loss:0.24999896138130376 - actor/vopd_loss_weighted:0.24999896138130376 - actor/policy_fallback_fraction:0.0 - aha/u_mean:0.03632551502189873 - aha/u_neg_valley_frac:0.48388196922400417 - aha/floor_clamped_frac:0.0 - aha/q_tail_mass:0.0027937365983448483 - aha/argmax_conf:0.64406418800354 - self_distillation/raw_jsd_token_mean:0.24980705275255088 - self_distillation/weighted_jsd_token_mean:0.24980705275255088 - self_distillation/self_distillation_mask.mean():1.0 - self_distillation/num_distill_tokens:2688.1029411764703 - self_distillation/empty_target_batch:0.0 - actor/grad_norm:0.7591097354888916 - timing_s/update_actor/student_forward:16.005278914017254 - timing_s/update_actor/teacher_forward:21.88497944198025 - timing_s/update_actor/teacher_full_forward:0.0 - timing_s/update_actor/teacher_null_forward:21.157177378001506 - timing_s/update_actor/loss_compute:0.020822635022341274 - timing_s/update_actor/backward:37.28528619399003 - timing_s/update_actor/optimizer_step:0.08634139598871116 - timing_s/update_actor/teacher_ema_update:3.766099689528346e-05 - perf/mfu/actor:0.0 - perf/max_memory_allocated_gb:120.90408849716187 - perf/max_memory_reserved_gb:138.544921875 - perf/cpu_memory_used_gb:328.88330841064453 - actor/lr:2e-06 - training/global_step:31 - training/epoch:0 - response_length/mean:238.0091094970703 - response_length/max:1024.0 - response_length/min:10.0 - response_length/clip_ratio:0.03125 - response_length_non_aborted/mean:238.0091094970703 - response_length_non_aborted/max:1024.0 - response_length_non_aborted/min:10.0 - response_length_non_aborted/clip_ratio:0.03125 - response/aborted_ratio:0.0 - prompt_length/mean:260.0104064941406 - prompt_length/max:791.0 - prompt_length/min:91.0 - prompt_length/clip_ratio:0.0 - num_turns/min:2 - num_turns/max:2 - num_turns/mean:2.0 - timing_s/start_profile:3.237499913666397e-05 - timing_s/agent_loop/generate_sequences/min:1.861546639003791 - timing_s/agent_loop/generate_sequences/max:30.175761998994858 - timing_s/agent_loop/generate_sequences/mean:14.847952688315425 - timing_s/agent_loop/tool_calls/min:0.0 - timing_s/agent_loop/tool_calls/max:0.0 - timing_s/agent_loop/tool_calls/mean:0.0 - timing_s/agent_loop/slowest/generate_sequences:30.175761998994858 - timing_s/agent_loop/slowest/tool_calls:0.0 - timing_s/agent_loop/slowest/prompt_length:191 - timing_s/agent_loop/slowest/response_length:1024 - timing_s/gen:36.41512490499008 - timing_s/adv:13.52675694800564 - timing_s/update_actor:104.69466686800297 - timing_s/dump_rollout_generations:0.2890066280087922 - timing_s/step:155.03556942299474 - timing_s/stop_profile:2.548500197008252e-05 - timing_per_token_ms/update_actor:0.27372657549304136 - timing_per_token_ms/gen:0.19921727494783703 - timing_per_token_ms/adv:0.0353660121157126 - perf/total_num_tokens:382479 - perf/time_per_step:155.03556942299474 - perf/throughput:1233.5201574177308
[36m(TaskRunner pid=266218)[0m Dumped generations to /sfs/weka/scratch/nkw3mr/Vision-OPD-OPSA/rollouts/Aha-Qwen3.5-4B/32.jsonl
[36m(TaskRunner pid=266218)[0m step:32 - global_seqlen/min:160824 - global_seqlen/max:195813 - global_seqlen/minmax_diff:34989 - global_seqlen/balanced_min:178276 - global_seqlen/balanced_max:178361 - global_seqlen/mean:178318.5 - self_distillation/teacher_always_on_fraction:1.0 - self_distillation/teacher_image_swap_fraction:1.0 - self_distillation/policy_fallback_fraction:0.0 - self_distillation/grpo_fallback_count:0.0 - rollout_corr/rollout_is_mean:1.0 - rollout_corr/rollout_is_ratio_fraction_high:0.0 - rollout_corr/rollout_is_ratio_fraction_low:0.0 - rollout_corr/rollout_is_max:1.0 - rollout_corr/rollout_is_min:1.0 - rollout_corr/rollout_is_std:0.0 - rollout_corr/rollout_is_eff_sample_size:1.0 - rollout_corr/rollout_is_seq_mean:1.0 - rollout_corr/rollout_is_seq_std:0.0 - rollout_corr/rollout_is_seq_max:1.0 - rollout_corr/rollout_is_seq_min:1.0 - rollout_corr/rollout_is_seq_max_deviation:0.0 - rollout_corr/rollout_is_seq_fraction_high:0.0 - rollout_corr/rollout_is_seq_fraction_low:0.0 - rollout_corr/training_ppl:7.354108493775129 - rollout_corr/training_log_ppl:1.8033704366534948 - rollout_corr/kl:0.3999126387061551 - rollout_corr/k3_kl:0.5889761080616154 - rollout_corr/rollout_ppl:4.161637131124735 - rollout_corr/rollout_log_ppl:1.3256242591887712 - rollout_corr/log_ppl_diff:0.4777461914345622 - rollout_corr/log_ppl_abs_diff:0.47827471885830164 - rollout_corr/log_ppl_diff_max:1.781873106956482 - rollout_corr/log_ppl_diff_min:-0.01666092872619629 - rollout_corr/ppl_ratio:1.7283675465732813 - rollout_corr/chi2_token:8287.137979572639 - rollout_corr/chi2_seq:-0.8906939262524247 - actor/pg_loss:0.2698235385275135 - actor/kl_loss:0.0 - actor/grpo_loss:0.0 - actor/vopd_loss:0.2698235385275135 - actor/vopd_loss_weighted:0.2698235385275135 - actor/policy_fallback_fraction:0.0 - aha/u_mean:0.06125302224245388 - aha/u_neg_valley_frac:0.46823890740051866 - aha/floor_clamped_frac:0.0 - aha/q_tail_mass:0.0024333625960935024 - aha/argmax_conf:0.7434918284416199 - self_distillation/raw_jsd_token_mean:0.26989744731690735 - self_distillation/weighted_jsd_token_mean:0.26989744731690735 - self_distillation/self_distillation_mask.mean():1.0 - self_distillation/num_distill_tokens:2269.703125 - self_distillation/empty_target_batch:0.0 - actor/grad_norm:0.6773679256439209 - timing_s/update_actor/student_forward:16.843875216974993 - timing_s/update_actor/teacher_forward:19.547134669002844 - timing_s/update_actor/teacher_full_forward:0.0 - timing_s/update_actor/teacher_null_forward:19.368686528949183 - timing_s/update_actor/loss_compute:0.019651715003419667 - timing_s/update_actor/backward:37.23787675496715 - timing_s/update_actor/optimizer_step:0.08613335099653341 - timing_s/update_actor/teacher_ema_update:5.111999053042382e-05 - perf/mfu/actor:0.0 - perf/max_memory_allocated_gb:120.90408849716187 - perf/max_memory_reserved_gb:138.544921875 - perf/cpu_memory_used_gb:330.3977470397949 - actor/lr:2e-06 - training/global_step:32 - training/epoch:0 - response_length/mean:189.1419219970703 - response_length/max:1024.0 - response_length/min:13.0 - response_length/clip_ratio:0.013020833022892475 - response_length_non_aborted/mean:189.1419219970703 - response_length_non_aborted/max:1024.0 - response_length_non_aborted/min:13.0 - response_length_non_aborted/clip_ratio:0.013020833022892475 - response/aborted_ratio:0.0 - prompt_length/mean:275.2291564941406 - prompt_length/max:3330.0 - prompt_length/min:103.0 - prompt_length/clip_ratio:0.0 - num_turns/min:2 - num_turns/max:2 - num_turns/mean:2.0 - timing_s/start_profile:3.403601294849068e-05 - timing_s/agent_loop/generate_sequences/min:3.8877727829967625 - timing_s/agent_loop/generate_sequences/max:26.75497513600567 - timing_s/agent_loop/generate_sequences/mean:12.699138857165147 - timing_s/agent_loop/tool_calls/min:0.0 - timing_s/agent_loop/tool_calls/max:0.0 - timing_s/agent_loop/tool_calls/mean:0.0 - timing_s/agent_loop/slowest/generate_sequences:26.75497513600567 - timing_s/agent_loop/slowest/tool_calls:0.0 - timing_s/agent_loop/slowest/prompt_length:501 - timing_s/agent_loop/slowest/response_le[36m(TaskRunner pid=266218)[0m Training Progress:  80%|████████  | 33/41 [1:29:07<21:03, 157.97s/it]
[36m(TaskRunner pid=266218)[0m Training Progress:  83%|████████▎ | 34/41 [1:32:14<19:27, 166.74s/it]
ngth:1024 - timing_s/gen:34.522496314006275 - timing_s/adv:14.516264311008854 - timing_s/update_actor:104.15025932400022 - timing_s/dump_rollout_generations:0.28733761799230706 - timing_s/step:153.60593674899428 - timing_s/stop_profile:2.5895991711877286e-05 - timing_per_token_ms/update_actor:0.292034363579775 - timing_per_token_ms/gen:0.23765839636245292 - timing_per_token_ms/adv:0.04070319207207568 - perf/total_num_tokens:356637 - perf/time_per_step:153.60593674899428 - perf/throughput:1160.8828654284907
[36m(TaskRunner pid=266218)[0m Dumped generations to /sfs/weka/scratch/nkw3mr/Vision-OPD-OPSA/rollouts/Aha-Qwen3.5-4B/33.jsonl
[36m(TaskRunner pid=266218)[0m step:33 - global_seqlen/min:189040 - global_seqlen/max:211476 - global_seqlen/minmax_diff:22436 - global_seqlen/balanced_min:200256 - global_seqlen/balanced_max:200260 - global_seqlen/mean:200258.0 - self_distillation/teacher_always_on_fraction:1.0 - self_distillation/teacher_image_swap_fraction:1.0 - self_distillation/policy_fallback_fraction:0.0 - self_distillation/grpo_fallback_count:0.0 - rollout_corr/rollout_is_mean:1.0 - rollout_corr/rollout_is_ratio_fraction_high:0.0 - rollout_corr/rollout_is_ratio_fraction_low:0.0 - rollout_corr/rollout_is_max:1.0 - rollout_corr/rollout_is_min:1.0 - rollout_corr/rollout_is_std:0.0 - rollout_corr/rollout_is_eff_sample_size:1.0 - rollout_corr/rollout_is_seq_mean:1.0 - rollout_corr/rollout_is_seq_std:0.0 - rollout_corr/rollout_is_seq_max:1.0 - rollout_corr/rollout_is_seq_min:1.0 - rollout_corr/rollout_is_seq_max_deviation:0.0 - rollout_corr/rollout_is_seq_fraction_high:0.0 - rollout_corr/rollout_is_seq_fraction_low:0.0 - rollout_corr/training_ppl:8.559981571303473 - rollout_corr/training_log_ppl:1.8023703826798334 - rollout_corr/kl:0.35560446563694215 - rollout_corr/k3_kl:0.33782464431391823 - rollout_corr/rollout_ppl:4.710524913337496 - rollout_corr/rollout_log_ppl:1.3609010130167007 - rollout_corr/log_ppl_diff:0.4414693990515338 - rollout_corr/log_ppl_abs_diff:0.441892574644751 - rollout_corr/log_ppl_diff_max:2.020352840423584 - rollout_corr/log_ppl_diff_min:-0.01699930429458618 - rollout_corr/ppl_ratio:1.6728748050000932 - rollout_corr/chi2_token:10.790160497029623 - rollout_corr/chi2_seq:-0.8847376571761236 - actor/pg_loss:0.25397598143899813 - actor/kl_loss:0.0 - actor/grpo_loss:0.0 - actor/vopd_loss:0.25397598143899813 - actor/vopd_loss_weighted:0.25397598143899813 - actor/policy_fallback_fraction:0.0 - aha/u_mean:0.0383262180936678 - aha/u_neg_valley_frac:0.4790488940974077 - aha/floor_clamped_frac:0.0 - aha/q_tail_mass:0.0024439974291049615 - aha/argmax_conf:0.6394003033638 - self_distillation/raw_jsd_token_mean:0.25639538694587016 - self_distillation/weighted_jsd_token_mean:0.25639538694587016 - self_distillation/self_distillation_mask.mean():1.0 - self_distillation/num_distill_tokens:2516.722222222222 - self_distillation/empty_target_batch:0.0 - actor/grad_norm:0.530246913433075 - timing_s/update_actor/student_forward:15.853747194007155 - timing_s/update_actor/teacher_forward:21.371546028982266 - timing_s/update_actor/teacher_full_forward:0.0 - timing_s/update_actor/teacher_null_forward:20.992121691058856 - timing_s/update_actor/loss_compute:0.021959073972539045 - timing_s/update_actor/backward:39.44183098601934 - timing_s/update_actor/optimizer_step:0.08800493000308052 - timing_s/update_actor/teacher_ema_update:4.28489875048399e-05 - perf/mfu/actor:0.0 - perf/max_memory_allocated_gb:120.90408849716187 - perf/max_memory_reserved_gb:138.544921875 - perf/cpu_memory_used_gb:330.32305908203125 - actor/lr:2e-06 - training/global_step:33 - training/epoch:0 - response_length/mean:235.9427032470703 - response_length/max:1024.0 - response_length/min:10.0 - response_length/clip_ratio:0.0338541679084301 - response_length_non_aborted/mean:235.9427032470703 - response_length_non_aborted/max:1024.0 - response_length_non_aborted/min:10.0 - response_length_non_aborted/clip_ratio:0.0338541679084301 - response/aborted_ratio:0.0 - prompt_length/mean:285.5625 - prompt_length/max:3326.0 - prompt_length/min:133.0 - prompt_length/clip_ratio:0.0 - num_turns/min:2 - num_turns/max:2 - num_turns/mean:2.0 - timing_s/start_profile:6.281699461396784e-05 - timing_s/agent_loop/generate_sequences/min:3.0460771799989743 - timing_s/agent_loop/generate_sequences/max:30.376450422001653 - timing_s/agent_loop/generate_sequences/mean:15.468572838661373 - timing_s/agent_loop/tool_calls/min:0.0 - timing_s/agent_loop/tool_calls/max:0.0 - timing_s/agent_loop/tool_calls/mean:0.0 - timing_s/agent_loop/slowest/generate_sequences:30.376450422001653 - timing_s/agent_loop/slowest/tool_calls:0.0 - timing_s/agent_loop/slowest/prompt_length:388 - timing_s/agent_loop/slowest/response_length:1024 - timing_s/gen:36.93907397800649 - timing_s/adv:14.501873446002719 - timing_s/update_actor:110.13719456500257 - timing_s/dump_rollout_generations:0.2963070800033165 - timing_s/step:161.97559875399747 - timing_s/stop_profile:2.54540063906461e-05 - timing_per_token_ms/update_actor:0.27498825156798373 - timing_per_token_ms/gen:0.2038535240833894 - timing_per_token_ms/adv:0.03620797532683518 - perf/total_num_tokens:400516 - perf/time_per_step:161.97559875399747 - perf/throughput:1236.34671852113
[36m(TaskRunner pid=266218)[0m Dumped generations to /sfs/weka/scratch/nkw3mr/Vision-OPD-OPSA/rollouts/Aha-Qwen3.5-4B/34.jsonl
[36m(TaskRunner pid=266218)[0m step:34 - global_seqlen/min:183855 - global_seqlen/max:259333 - global_seqlen/minmax_diff:75478 - global_seqlen/balanced_min:221593 - global_seqlen/balanced_max:221595 - global_seqlen/mean:221594.0 - self_distillation/teacher_always_on_fraction:1.0 - self_distillation/teacher_image_swap_fraction:1.0 - self_distillation/policy_fallback_fraction:0.0 - self_distillation/grpo_fallback_count:0.0 - rollout_corr/rollout_is_mean:1.0 - rollout_corr/rollout_is_ratio_fraction_high:0.0 - rollout_corr/rollout_is_ratio_fraction_low:0.0 - rollout_corr/rollout_is_max:1.0 - rollout_corr/rollout_is_min:1.0 - rollout_corr/rollout_is_std:0.0 - rollout_corr/rollout_is_eff_sample_size:1.0 - rollout_corr/rollout_is_seq_mean:1.0 - rollout_corr/rollout_is_seq_std:0.0 - rollout_corr/rollout_is_seq_max:1.0 - rollout_corr/rollout_is_seq_min:1.0 - rollout_corr/rollout_is_seq_max_deviation:0.0 - rollout_corr/rollout_is_seq_fraction_high:0.0 - rollout_corr/rollout_is_seq_fraction_low:0.0 - rollout_corr/training_ppl:7.2934513807296755 - rollout_corr/training_log_ppl:1.752567431330681 - rollout_corr/kl:0.3603970933705568 - rollout_corr/k3_kl:0.3416454304009676 - rollout_corr/rollout_ppl:4.334763765335083 - rollout_corr/rollout_log_ppl:1.3354139238595963 - rollout_corr/log_ppl_diff:0.417153518460691 - rollout_corr/log_ppl_abs_diff:0.41758713796734814 - rollout_corr/log_ppl_diff_max:2.100583076477051 - rollout_corr/log_ppl_diff_min:-0.016656041145324707 - rollout_corr/ppl_ratio:1.6103022247552872 - rollout_corr/chi2_token:7.584115898609161 - rollout_corr/chi2_seq:-0.827354396879673 - actor/pg_loss:0.2579672822224287 - actor/kl_loss:0.0 - actor/grpo_loss:0.0 - actor/vopd_loss:0.2579672822224287 - actor/vopd_loss_weighted:0.2579672822224287 - actor/policy_fallback_fraction:0.0 - aha/u_mean:0.03014933631347958 - aha/u_neg_valley_frac:0.48141845092177393 - aha/floor_clamped_frac:0.0 - aha/q_tail_mass:0.0025188491268636425 - aha/argmax_conf:0.672694981098175 - self_distillation/raw_jsd_token_mean:0.26059780102223157 - self_distillation/weighted_jsd_token_mean:0.26059780102223157 - self_distillation/self_distillation_mask.mean():1.0 - self_distillation/num_distill_tokens:2231.75 - self_distillation/empty_target_batch:0.0 - actor/grad_norm:0.847036600112915 - timing_s/update_actor/student_forward:20.023042509070365 - timing_s/update_actor/teacher_forward:24.412979011962307 - timing_s/update_actor/teacher_full_forward:0.0 - timing_s/update_actor/teacher_null_forward:24.695913932009717 - timing_s/update_actor/loss_compute:0.024317883071489632 - timing_s/update_actor/backward:46.81972196206334 - timing_s/update_actor/optimizer_step:0.08640778900007717 - timing_s/update_actor/teacher_ema_update:5.529599729925394e-05 - perf/mfu/actor:0.0 - perf/max_memory_allocated_gb:120.90408849716187 - perf/max_memory_reserved_gb:138.544921875 - perf/cpu_memory_used_gb:337.8414726257324 - actor/lr:2e-06 - training/global_step:34 - training/epoch:0 - response_length/mean:232.4739532470703 - response_length/max:1024.0 - response_length/min:9.0 - response_length/clip_ratio:0.02994791604578495 - response_length_non_aborted/mean:232.4739532470703 - response_length_non_aborted/max:1024.0 - response_length_non_aborted/min:9.0 - response_length_non_aborted/clip_ratio:0.02994791604578495 - response/aborted_ratio:0.0 - prompt_length/mean:344.59375 - prompt_length/max:3659.0 - prompt_length/min:138.0 - prompt_length/clip_ratio:0.0 - num_turns/min:2 - num_turns/max:2 - num_turns/mean:2.0 - timing_s/start_profile:2.1850006305612624e-05 - timing_s/agent_loop/generate_sequences/min:3.4900706699991133 - timing_s/agent_loop/generate_sequences/max:30.879418880998855 - timing_s/agent_loop/generate_sequences/mean:16.135972296459915 - timing_s/agent_loop/tool_calls/min:0.0 - timing_s/agent_loop/tool_calls/max:0.0 - timing_s/agent_loop/tool_calls/mean:0.0 - timing_s/agent_loop/slowest/generate_sequences:30.879418880998855 - timing_s/agent_loop/slowest/tool_calls:0.0 - timing_s/agent_loop/slowest/prompt_length:285 - timing_s/agent_loop/slowest/response_length:1024 - timi[36m(TaskRunner pid=266218)[0m Training Progress:  85%|████████▌ | 35/41 [1:35:18<17:10, 171.78s/it]
[36m(WorkerDict pid=278047)[0m /sfs/weka/scratch/nkw3mr/Vision-OPD-OPSA/verl/utils/device.py:134: FutureWarning: torch.cuda._set_allocator_settings is deprecated. Use torch._C._accelerator_setAllocatorSettings instead.
[36m(WorkerDict pid=278047)[0m   torch.cuda.memory._set_allocator_settings(f"expandable_segments:{enable}")
[36m(TaskRunner pid=266218)[0m Training Progress:  88%|████████▊ | 36/41 [1:38:10<14:20, 172.06s/it]
[36m(WorkerDict pid=278050)[0m /sfs/weka/scratch/nkw3mr/Vision-OPD-OPSA/verl/utils/device.py:134: FutureWarning: torch.cuda._set_allocator_settings is deprecated. Use torch._C._accelerator_setAllocatorSettings instead.
[36m(WorkerDict pid=278050)[0m   torch.cuda.memory._set_allocator_settings(f"expandable_segments:{enable}")
ng_s/gen:38.127303398010554 - timing_s/adv:15.714818684995407 - timing_s/update_actor:132.91452750000462 - timing_s/dump_rollout_generations:0.29567873300402425 - timing_s/step:187.156139624989 - timing_s/stop_profile:2.2591004380956292e-05 - timing_per_token_ms/update_actor:0.29990551977942687 - timing_per_token_ms/gen:0.21355048391402798 - timing_per_token_ms/adv:0.035458583456671675 - perf/total_num_tokens:443188 - perf/time_per_step:187.156139624989 - perf/throughput:1184.0060413941817
[36m(TaskRunner pid=266218)[0m Dumped generations to /sfs/weka/scratch/nkw3mr/Vision-OPD-OPSA/rollouts/Aha-Qwen3.5-4B/35.jsonl
[36m(TaskRunner pid=266218)[0m local_global_step_folder: /sfs/weka/scratch/nkw3mr/Vision-OPD-OPSA/checkpoints/Aha-Qwen3.5-4B/global_step_35
[36m(TaskRunner pid=266218)[0m step:35 - global_seqlen/min:176935 - global_seqlen/max:224397 - global_seqlen/minmax_diff:47462 - global_seqlen/balanced_min:200657 - global_seqlen/balanced_max:200675 - global_seqlen/mean:200666.0 - self_distillation/teacher_always_on_fraction:1.0 - self_distillation/teacher_image_swap_fraction:1.0 - self_distillation/policy_fallback_fraction:0.0 - self_distillation/grpo_fallback_count:0.0 - rollout_corr/rollout_is_mean:1.0 - rollout_corr/rollout_is_ratio_fraction_high:0.0 - rollout_corr/rollout_is_ratio_fraction_low:0.0 - rollout_corr/rollout_is_max:1.0 - rollout_corr/rollout_is_min:1.0 - rollout_corr/rollout_is_std:0.0 - rollout_corr/rollout_is_eff_sample_size:1.0 - rollout_corr/rollout_is_seq_mean:1.0 - rollout_corr/rollout_is_seq_std:0.0 - rollout_corr/rollout_is_seq_max:1.0 - rollout_corr/rollout_is_seq_min:1.0 - rollout_corr/rollout_is_seq_max_deviation:0.0 - rollout_corr/rollout_is_seq_fraction_high:0.0 - rollout_corr/rollout_is_seq_fraction_low:0.0 - rollout_corr/training_ppl:7.163499259286457 - rollout_corr/training_log_ppl:1.7397984713315964 - rollout_corr/kl:0.3652414178682698 - rollout_corr/k3_kl:0.3486852651048038 - rollout_corr/rollout_ppl:4.082342644532521 - rollout_corr/rollout_log_ppl:1.2997125478254423 - rollout_corr/log_ppl_diff:0.4400859257827202 - rollout_corr/log_ppl_abs_diff:0.44036259191731614 - rollout_corr/log_ppl_diff_max:1.955118179321289 - rollout_corr/log_ppl_diff_min:-0.013690948486328125 - rollout_corr/ppl_ratio:1.6577745775381723 - rollout_corr/chi2_token:23.236293483111595 - rollout_corr/chi2_seq:-0.8757951342397265 - actor/pg_loss:0.2541788393088306 - actor/kl_loss:0.0 - actor/grpo_loss:0.0 - actor/vopd_loss:0.2541788393088306 - actor/vopd_loss_weighted:0.2541788393088306 - actor/policy_fallback_fraction:0.0 - aha/u_mean:0.028883062104998518 - aha/u_neg_valley_frac:0.48458544413248694 - aha/floor_clamped_frac:0.0 - aha/q_tail_mass:0.002518275864026186 - aha/argmax_conf:0.6672651767730713 - self_distillation/raw_jsd_token_mean:0.2535864733573463 - self_distillation/weighted_jsd_token_mean:0.2535864733573463 - self_distillation/self_distillation_mask.mean():1.0 - self_distillation/num_distill_tokens:2429.8333333333335 - self_distillation/empty_target_batch:0.0 - actor/grad_norm:0.7523434162139893 - timing_s/update_actor/student_forward:17.38686689795577 - timing_s/update_actor/teacher_forward:22.37581703203614 - timing_s/update_actor/teacher_full_forward:0.0 - timing_s/update_actor/teacher_null_forward:22.130467978000524 - timing_s/update_actor/loss_compute:0.02205634891288355 - timing_s/update_actor/backward:42.24594619101845 - timing_s/update_actor/optimizer_step:0.08661754700005986 - timing_s/update_actor/teacher_ema_update:5.4885997087694705e-05 - perf/mfu/actor:0.0 - perf/max_memory_allocated_gb:120.90408849716187 - perf/max_memory_reserved_gb:138.544921875 - perf/cpu_memory_used_gb:332.62487411499023 - actor/lr:2e-06 - training/global_step:35 - training/epoch:0 - response_length/mean:227.796875 - response_length/max:1024.0 - response_length/min:6.0 - response_length/clip_ratio:0.01822916604578495 - response_length_non_aborted/mean:227.796875 - response_length_non_aborted/max:1024.0 - response_length_non_aborted/min:6.0 - response_length_non_aborted/clip_ratio:0.01822916604578495 - response/aborted_ratio:0.0 - prompt_length/mean:294.7708435058594 - prompt_length/max:3329.0 - prompt_length/min:167.0 - prompt_length/clip_ratio:0.0 - num_turns/min:2 - num_turns/max:2 - num_turns/mean:2.0 - timing_s/start_profile:3.1253002816811204e-05 - timing_s/agent_loop/generate_sequences/min:3.270427078998182 - timing_s/agent_loop/generate_sequences/max:30.38430707900261 - timing_s/agent_loop/generate_sequences/mean:15.487446666785047 - timing_s/agent_loop/tool_calls/min:0.0 - timing_s/agent_loop/tool_calls/max:0.0 - timing_s/agent_loop/tool_calls/mean:0.0 - timing_s/agent_loop/slowest/generate_sequences:30.38430707900261 - timing_s/agent_loop/slowest/tool_calls:0.0 - timing_s/agent_loop/slowest/prompt_length:265 - timing_s/agent_loop/slowest/response_length:1024 - timing_s/gen:37.96798690799915 - timing_s/adv:14.493409642003826 - timing_s/update_actor:114.02729463799915 - timing_s/dump_rollout_generations:0.2918843240040587 - timing_s/step:166.89001926399942 - timing_s/save_checkpoint:16.599224815014168 - timing_s/stop_profile:6.138399476185441e-05 - timing_per_token_ms/update_actor:0.2841221099688018 - timing_per_token_ms/gen:0.2170244124425495 - timing_per_token_ms/adv:0.0361132669261455 - perf/total_num_tokens:401332 - perf/time_per_step:166.89001926399942 - perf/throughput:1202.3846655717089
[36m(TaskRunner pid=266218)[0m Dumped generations to /sfs/weka/scratch/nkw3mr/Vision-OPD-OPSA/rollouts/Aha-Qwen3.5-4B/36.jsonl
[36m(TaskRunner pid=266218)[0m step:36 - global_seqlen/min:193851 - global_seqlen/max:215445 - global_seqlen/minmax_diff:21594 - global_seqlen/balanced_min:204641 - global_seqlen/balanced_max:204655 - global_seqlen/mean:204648.0 - self_distillation/teacher_always_on_fraction:1.0 - self_distillation/teacher_image_swap_fraction:1.0 - self_distillation/policy_fallback_fraction:0.0 - self_distillation/grpo_fallback_count:0.0 - rollout_corr/rollout_is_mean:1.0 - rollout_corr/rollout_is_ratio_fraction_high:0.0 - rollout_corr/rollout_is_ratio_fraction_low:0.0 - rollout_corr/rollout_is_max:1.0 - rollout_corr/rollout_is_min:1.0 - rollout_corr/rollout_is_std:0.0 - rollout_corr/rollout_is_eff_sample_size:1.0 - rollout_corr/rollout_is_seq_mean:1.0 - rollout_corr/rollout_is_seq_std:0.0 - rollout_corr/rollout_is_seq_max:1.0 - rollout_corr/rollout_is_seq_min:1.0 - rollout_corr/rollout_is_seq_max_deviation:0.0 - rollout_corr/rollout_is_seq_fraction_high:0.0 - rollout_corr/rollout_is_seq_fraction_low:0.0 - rollout_corr/training_ppl:6.9677187590985685 - rollout_corr/training_log_ppl:1.691910590674426 - rollout_corr/kl:0.3426160135784665 - rollout_corr/k3_kl:0.334078195127281 - rollout_corr/rollout_ppl:4.228364019780546 - rollout_corr/rollout_log_ppl:1.295833304927156 - rollout_corr/log_ppl_diff:0.3960772670201353 - rollout_corr/log_ppl_abs_diff:0.39650001397004 - rollout_corr/log_ppl_diff_max:1.7655504941940308 - rollout_corr/log_ppl_diff_min:-0.02644062042236328 - rollout_corr/ppl_ratio:1.564907343000979 - rollout_corr/chi2_token:38.795502706153975 - rollout_corr/chi2_seq:-0.8736569615634712 - actor/pg_loss:0.25915240958177793 - actor/kl_loss:0.0 - actor/grpo_loss:0.0 - actor/vopd_loss:0.25915240958177793 - actor/vopd_loss_weighted:0.25915240958177793 - actor/policy_fallback_fraction:0.0 - aha/u_mean:0.05387369750816425 - aha/u_neg_valley_frac:0.47501330319288615 - aha/floor_clamped_frac:0.0 - aha/q_tail_mass:0.0022422811356640573 - aha/argmax_conf:0.6322078704833984 - self_distillation/raw_jsd_token_mean:0.260841624962317 - self_distillation/weighted_jsd_token_mean:0.260841624962317 - self_distillation/self_distillation_mask.mean():1.0 - self_distillation/num_distill_tokens:2421.4054054054054 - self_distillation/empty_target_batch:0.0 - actor/grad_norm:1.8523544073104858 - timing_s/update_actor/student_forward:18.182259251945652 - timing_s/update_actor/teacher_forward:22.778865245025372 - timing_s/update_actor/teacher_full_forward:0.0 - timing_s/update_actor/teacher_null_forward:22.271131606059498 - timing_s/update_actor/loss_compute:0.02282135897257831 - timing_s/update_actor/backward:41.047578274025 - timing_s/update_actor/optimizer_step:0.08673133300908376 - timing_s/update_actor/teacher_ema_update:4.092601011507213e-05 - perf/mfu/actor:0.0 - perf/max_memory_allocated_gb:120.90408849716187 - perf/max_memory_reserved_gb:138.544921875 - perf/cpu_memory_used_gb:333.0385398864746 - actor/lr:2e-06 - training/global_step:36 - training/epoch:0 - response_length/mean:233.3125 - response_length/max:1024.0 - response_length/min:9.0 - response_length/clip_ratio:0.01822916604578495 - response_length_non_aborted/mean:233.3125 - response_length_non_aborted/max:1024.0 - response_length_non_aborted/min:9.0 - response_length_non_aborted/clip_ratio:0.01822916604578495 - response/aborted_ratio:0.0 - prompt_length/mean:299.625 - prompt_length/max:3329.0 - prompt_length/min:99.0 - prompt_length/clip_ratio:0.0 - num_turns/min:2 - num_turns/max:2 - num_turns/mean:2.0 - timing_s/start_profile:5.464500281959772e-05 - timing_s/agent_loop/generate_sequences/min:2.4396418529941 - timing_s/agent_loop/generate_sequences/max:31.443457551009487 - timing_s/agent_loop/generate_sequences/mean:16.61741708939356 - timing_s/agent_loop/tool_calls/min:0.0 - timing_s/agent_loop/tool_calls/max:0.0 - timing_s/agent_loop/tool_calls/mean:0.0 - timing_s/agent_loop/slowest/generate_sequences:31.443457551009487 - timing_s/agent_loop/slowest/tool_calls:0.0 - timing_s/agent_loop/slowest/prompt_length:288 - timing_s/agent_loop/slowest/response_length:1024 - timing_s/gen:38.64665173[36m(TaskRunner pid=266218)[0m Training Progress:  90%|█████████ | 37/41 [1:40:55<11:19, 169.84s/it]
[36m(TaskRunner pid=266218)[0m Training Progress:  93%|█████████▎| 38/41 [1:43:21<08:08, 162.73s/it]
699905 - timing_s/adv:14.831801430991618 - timing_s/update_actor:118.78828693399555 - timing_s/dump_rollout_generations:0.2973445190000348 - timing_s/step:172.67426080800942 - timing_s/stop_profile:2.9531001928262413e-05 - timing_per_token_ms/update_actor:0.29022586815897433 - timing_per_token_ms/gen:0.21568137633381912 - timing_per_token_ms/adv:0.03623734761881772 - perf/total_num_tokens:409296 - perf/time_per_step:172.67426080800942 - perf/throughput:1185.1679517397274
[36m(TaskRunner pid=266218)[0m Dumped generations to /sfs/weka/scratch/nkw3mr/Vision-OPD-OPSA/rollouts/Aha-Qwen3.5-4B/37.jsonl
[36m(TaskRunner pid=266218)[0m step:37 - global_seqlen/min:193656 - global_seqlen/max:201417 - global_seqlen/minmax_diff:7761 - global_seqlen/balanced_min:197506 - global_seqlen/balanced_max:197567 - global_seqlen/mean:197536.5 - self_distillation/teacher_always_on_fraction:1.0 - self_distillation/teacher_image_swap_fraction:1.0 - self_distillation/policy_fallback_fraction:0.0 - self_distillation/grpo_fallback_count:0.0 - rollout_corr/rollout_is_mean:1.0 - rollout_corr/rollout_is_ratio_fraction_high:0.0 - rollout_corr/rollout_is_ratio_fraction_low:0.0 - rollout_corr/rollout_is_max:1.0 - rollout_corr/rollout_is_min:1.0 - rollout_corr/rollout_is_std:0.0 - rollout_corr/rollout_is_eff_sample_size:1.0 - rollout_corr/rollout_is_seq_mean:1.0 - rollout_corr/rollout_is_seq_std:0.0 - rollout_corr/rollout_is_seq_max:1.0 - rollout_corr/rollout_is_seq_min:1.0 - rollout_corr/rollout_is_seq_max_deviation:0.0 - rollout_corr/rollout_is_seq_fraction_high:0.0 - rollout_corr/rollout_is_seq_fraction_low:0.0 - rollout_corr/training_ppl:6.9214446677101975 - rollout_corr/training_log_ppl:1.7239581197500229 - rollout_corr/kl:0.38001459071205723 - rollout_corr/k3_kl:0.36184878999160397 - rollout_corr/rollout_ppl:4.115874456034766 - rollout_corr/rollout_log_ppl:1.2944292459223004 - rollout_corr/log_ppl_diff:0.4295288692745898 - rollout_corr/log_ppl_abs_diff:0.429844597975413 - rollout_corr/log_ppl_diff_max:1.9955439567565918 - rollout_corr/log_ppl_diff_min:-0.02065885066986084 - rollout_corr/ppl_ratio:1.6230931133031845 - rollout_corr/chi2_token:23.26141782932811 - rollout_corr/chi2_seq:-0.8685452077123854 - actor/pg_loss:0.2685932361637242 - actor/kl_loss:0.0 - actor/grpo_loss:0.0 - actor/vopd_loss:0.2685932361637242 - actor/vopd_loss_weighted:0.2685932361637242 - actor/policy_fallback_fraction:0.0 - aha/u_mean:0.0897121882212054 - aha/u_neg_valley_frac:0.4626635317173269 - aha/floor_clamped_frac:0.0 - aha/q_tail_mass:0.002713113318653389 - aha/argmax_conf:0.6345541477203369 - self_distillation/raw_jsd_token_mean:0.2686161198135879 - self_distillation/weighted_jsd_token_mean:0.2686161198135879 - self_distillation/self_distillation_mask.mean():1.0 - self_distillation/num_distill_tokens:2353.0138888888887 - self_distillation/empty_target_batch:0.0 - actor/grad_norm:0.6673119068145752 - timing_s/update_actor/student_forward:18.427329453013954 - timing_s/update_actor/teacher_forward:22.08780919498531 - timing_s/update_actor/teacher_full_forward:0.0 - timing_s/update_actor/teacher_null_forward:21.618456138967304 - timing_s/update_actor/loss_compute:0.022077288027503528 - timing_s/update_actor/backward:39.63243386996328 - timing_s/update_actor/optimizer_step:0.08787555000162683 - timing_s/update_actor/teacher_ema_update:4.937799531035125e-05 - perf/mfu/actor:0.0 - perf/max_memory_allocated_gb:120.90408849716187 - perf/max_memory_reserved_gb:138.544921875 - perf/cpu_memory_used_gb:334.56396484375 - actor/lr:2e-06 - training/global_step:37 - training/epoch:0 - response_length/mean:220.5950469970703 - response_length/max:1024.0 - response_length/min:11.0 - response_length/clip_ratio:0.02083333395421505 - response_length_non_aborted/mean:220.5950469970703 - response_length_non_aborted/max:1024.0 - response_length_non_aborted/min:11.0 - response_length_non_aborted/clip_ratio:0.02083333395421505 - response/aborted_ratio:0.0 - prompt_length/mean:293.8229064941406 - prompt_length/max:2955.0 - prompt_length/min:167.0 - prompt_length/clip_ratio:0.0 - num_turns/min:2 - num_turns/max:2 - num_turns/mean:2.0 - timing_s/start_profile:2.6005000108852983e-05 - timing_s/agent_loop/generate_sequences/min:4.806222358995001 - timing_s/agent_loop/generate_sequences/max:29.38290566499927 - timing_s/agent_loop/generate_sequences/mean:15.353914464271705 - timing_s/agent_loop/tool_calls/min:0.0 - timing_s/agent_loop/tool_calls/max:0.0 - timing_s/agent_loop/tool_calls/mean:0.0 - timing_s/agent_loop/slowest/generate_sequences:29.38290566499927 - timing_s/agent_loop/slowest/tool_calls:0.0 - timing_s/agent_loop/slowest/prompt_length:336 - timing_s/agent_loop/slowest/response_length:1024 - timing_s/gen:36.1207721880055 - timing_s/adv:14.720932331998483 - timing_s/update_actor:113.35763792099897 - timing_s/dump_rollout_generations:0.29304973100079224 - timing_s/step:164.5972410760005 - timing_s/stop_profile:2.3401997168548405e-05 - timing_per_token_ms/update_actor:0.2869283345634831 - timing_per_token_ms/gen:0.2132063027205387 - timing_per_token_ms/adv:0.0372612968539953 - perf/total_num_tokens:395073 - perf/time_per_step:164.5972410760005 - perf/throughput:1200.1203586929519
[36m(TaskRunner pid=266218)[0m Dumped generations to /sfs/weka/scratch/nkw3mr/Vision-OPD-OPSA/rollouts/Aha-Qwen3.5-4B/38.jsonl
[36m(TaskRunner pid=266218)[0m step:38 - global_seqlen/min:178091 - global_seqlen/max:186263 - global_seqlen/minmax_diff:8172 - global_seqlen/balanced_min:182177 - global_seqlen/balanced_max:182177 - global_seqlen/mean:182177.0 - self_distillation/teacher_always_on_fraction:1.0 - self_distillation/teacher_image_swap_fraction:1.0 - self_distillation/policy_fallback_fraction:0.0 - self_distillation/grpo_fallback_count:0.0 - rollout_corr/rollout_is_mean:1.0 - rollout_corr/rollout_is_ratio_fraction_high:0.0 - rollout_corr/rollout_is_ratio_fraction_low:0.0 - rollout_corr/rollout_is_max:1.0 - rollout_corr/rollout_is_min:1.0 - rollout_corr/rollout_is_std:0.0 - rollout_corr/rollout_is_eff_sample_size:1.0 - rollout_corr/rollout_is_seq_mean:1.0 - rollout_corr/rollout_is_seq_std:0.0 - rollout_corr/rollout_is_seq_max:1.0 - rollout_corr/rollout_is_seq_min:1.0 - rollout_corr/rollout_is_seq_max_deviation:0.0 - rollout_corr/rollout_is_seq_fraction_high:0.0 - rollout_corr/rollout_is_seq_fraction_low:0.0 - rollout_corr/training_ppl:6.917482968532678 - rollout_corr/training_log_ppl:1.7033276323116187 - rollout_corr/kl:0.4184792592669978 - rollout_corr/k3_kl:0.38599256132588244 - rollout_corr/rollout_ppl:3.7986710432803994 - rollout_corr/rollout_log_ppl:1.2311872532873442 - rollout_corr/log_ppl_diff:0.4721403641231132 - rollout_corr/log_ppl_abs_diff:0.4724731111165249 - rollout_corr/log_ppl_diff_max:2.319912910461426 - rollout_corr/log_ppl_diff_min:-0.01602017879486084 - rollout_corr/ppl_ratio:1.7144492178252249 - rollout_corr/chi2_token:26.661359442002848 - rollout_corr/chi2_seq:-0.8677813853278304 - actor/pg_loss:0.2481250460453642 - actor/kl_loss:0.0 - actor/grpo_loss:0.0 - actor/vopd_loss:0.2481250460453642 - actor/vopd_loss_weighted:0.2481250460453642 - actor/policy_fallback_fraction:0.0 - aha/u_mean:0.06555661726319655 - aha/u_neg_valley_frac:0.46880748235818115 - aha/floor_clamped_frac:0.0 - aha/q_tail_mass:0.002725015335300034 - aha/argmax_conf:0.6650649905204773 - self_distillation/raw_jsd_token_mean:0.24745647406036203 - self_distillation/weighted_jsd_token_mean:0.24745647406036203 - self_distillation/self_distillation_mask.mean():1.0 - self_distillation/num_distill_tokens:2675.909090909091 - self_distillation/empty_target_batch:0.0 - actor/grad_norm:0.6586118936538696 - timing_s/update_actor/student_forward:13.761161529022502 - timing_s/update_actor/teacher_forward:18.783881966999616 - timing_s/update_actor/teacher_full_forward:0.0 - timing_s/update_actor/teacher_null_forward:18.486811437964207 - timing_s/update_actor/loss_compute:0.020588704996043816 - timing_s/update_actor/backward:34.11575090805127 - timing_s/update_actor/optimizer_step:0.08624616400629748 - timing_s/update_actor/teacher_ema_update:5.14109997311607e-05 - perf/mfu/actor:0.0 - perf/max_memory_allocated_gb:120.90408849716187 - perf/max_memory_reserved_gb:138.544921875 - perf/cpu_memory_used_gb:332.3322219848633 - actor/lr:2e-06 - training/global_step:38 - training/epoch:0 - response_length/mean:229.9609375 - response_length/max:1024.0 - response_length/min:3.0 - response_length/clip_ratio:0.02994791604578495 - response_length_non_aborted/mean:229.9609375 - response_length_non_aborted/max:1024.0 - response_length_non_aborted/min:3.0 - response_length_non_aborted/clip_ratio:0.02994791604578495 - response/aborted_ratio:0.0 - prompt_length/mean:244.4583282470703 - prompt_length/max:791.0 - prompt_length/min:135.0 - prompt_length/clip_ratio:0.0 - num_turns/min:2 - num_turns/max:2 - num_turns/mean:2.0 - timing_s/start_profile:2.9390008421614766e-05 - timing_s/agent_loop/generate_sequences/min:2.8541199430037523 - timing_s/agent_loop/generate_sequences/max:30.10574275199906 - timing_s/agent_loop/generate_sequences/mean:15.519823188729163 - timing_s/agent_loop/tool_calls/min:0.0 - timing_s/agent_loop/tool_calls/max:0.0 - timing_s/agent_loop/tool_calls/mean:0.0 - timing_s/agent_loop/slowest/generate_sequences:30.10574275199906 - timing_s/agent_loop/slowest/tool_calls:0.0 - timing_s/agent_loop/slowest/prompt_length:289 - timing_s/agent_loop/slowest/response_length:1024 -[36m(TaskRunner pid=266218)[0m Training Progress:  95%|█████████▌| 39/41 [1:46:05<05:26, 163.22s/it]
[36m(TaskRunner pid=266218)[0m Training Progress:  98%|█████████▊| 40/41 [1:48:51<02:44, 164.05s/it]
 timing_s/gen:37.140559424005914 - timing_s/adv:13.782678256990039 - timing_s/update_actor:94.77263899499667 - timing_s/dump_rollout_generations:0.28496574399468955 - timing_s/step:146.08369420799136 - timing_s/stop_profile:2.3272004909813404e-05 - timing_per_token_ms/update_actor:0.2601114273343964 - timing_per_token_ms/gen:0.21029703541139186 - timing_per_token_ms/adv:0.03782771221666302 - perf/total_num_tokens:364354 - perf/time_per_step:146.08369420799136 - perf/throughput:1247.0727892506582
[36m(TaskRunner pid=266218)[0m Dumped generations to /sfs/weka/scratch/nkw3mr/Vision-OPD-OPSA/rollouts/Aha-Qwen3.5-4B/39.jsonl
[36m(TaskRunner pid=266218)[0m step:39 - global_seqlen/min:181006 - global_seqlen/max:211028 - global_seqlen/minmax_diff:30022 - global_seqlen/balanced_min:196009 - global_seqlen/balanced_max:196025 - global_seqlen/mean:196017.0 - self_distillation/teacher_always_on_fraction:1.0 - self_distillation/teacher_image_swap_fraction:1.0 - self_distillation/policy_fallback_fraction:0.0 - self_distillation/grpo_fallback_count:0.0 - rollout_corr/rollout_is_mean:1.0 - rollout_corr/rollout_is_ratio_fraction_high:0.0 - rollout_corr/rollout_is_ratio_fraction_low:0.0 - rollout_corr/rollout_is_max:1.0 - rollout_corr/rollout_is_min:1.0 - rollout_corr/rollout_is_std:0.0 - rollout_corr/rollout_is_eff_sample_size:1.0 - rollout_corr/rollout_is_seq_mean:1.0 - rollout_corr/rollout_is_seq_std:0.0 - rollout_corr/rollout_is_seq_max:1.0 - rollout_corr/rollout_is_seq_min:1.0 - rollout_corr/rollout_is_seq_max_deviation:0.0 - rollout_corr/rollout_is_seq_fraction_high:0.0 - rollout_corr/rollout_is_seq_fraction_low:0.0 - rollout_corr/training_ppl:7.677567972455706 - rollout_corr/training_log_ppl:1.746124301637922 - rollout_corr/kl:0.4271152281335422 - rollout_corr/k3_kl:0.41746076451880587 - rollout_corr/rollout_ppl:3.9470210143498017 - rollout_corr/rollout_log_ppl:1.24933614049639 - rollout_corr/log_ppl_diff:0.49678818626063215 - rollout_corr/log_ppl_abs_diff:0.4972146451473236 - rollout_corr/log_ppl_diff_max:2.347066640853882 - rollout_corr/log_ppl_diff_min:-0.04477643966674805 - rollout_corr/ppl_ratio:1.7825446248054506 - rollout_corr/chi2_token:44.73007217815944 - rollout_corr/chi2_seq:-0.8684693276882172 - actor/pg_loss:0.25689673984500894 - actor/kl_loss:0.0 - actor/grpo_loss:0.0 - actor/vopd_loss:0.25689673984500894 - actor/vopd_loss_weighted:0.25689673984500894 - actor/policy_fallback_fraction:0.0 - aha/u_mean:0.06048620511178991 - aha/u_neg_valley_frac:0.46919315797942024 - aha/floor_clamped_frac:0.0 - aha/q_tail_mass:0.002709721983410418 - aha/argmax_conf:0.6375274658203125 - self_distillation/raw_jsd_token_mean:0.25551239145653587 - self_distillation/weighted_jsd_token_mean:0.25551239145653587 - self_distillation/self_distillation_mask.mean():1.0 - self_distillation/num_distill_tokens:2469.171428571429 - self_distillation/empty_target_batch:0.0 - actor/grad_norm:0.5678527355194092 - timing_s/update_actor/student_forward:17.55036298696359 - timing_s/update_actor/teacher_forward:21.46275298796536 - timing_s/update_actor/teacher_full_forward:0.0 - timing_s/update_actor/teacher_null_forward:20.956458336047945 - timing_s/update_actor/loss_compute:0.0215602979878895 - timing_s/update_actor/backward:38.51448206300847 - timing_s/update_actor/optimizer_step:0.08643010599189438 - timing_s/update_actor/teacher_ema_update:7.656500383745879e-05 - perf/mfu/actor:0.0 - perf/max_memory_allocated_gb:120.90408849716187 - perf/max_memory_reserved_gb:138.544921875 - perf/cpu_memory_used_gb:335.87978744506836 - actor/lr:2e-06 - training/global_step:39 - training/epoch:0 - response_length/mean:225.0546875 - response_length/max:1024.0 - response_length/min:13.0 - response_length/clip_ratio:0.015625 - response_length_non_aborted/mean:225.0546875 - response_length_non_aborted/max:1024.0 - response_length_non_aborted/min:13.0 - response_length_non_aborted/clip_ratio:0.015625 - response/aborted_ratio:0.0 - prompt_length/mean:285.40625 - prompt_length/max:3330.0 - prompt_length/min:136.0 - prompt_length/clip_ratio:0.0 - num_turns/min:2 - num_turns/max:2 - num_turns/mean:2.0 - timing_s/start_profile:2.8889990062452853e-05 - timing_s/agent_loop/generate_sequences/min:4.347114175005117 - timing_s/agent_loop/generate_sequences/max:29.061777930008247 - timing_s/agent_loop/generate_sequences/mean:15.222325828536365 - timing_s/agent_loop/tool_calls/min:0.0 - timing_s/agent_loop/tool_calls/max:0.0 - timing_s/agent_loop/tool_calls/mean:0.0 - timing_s/agent_loop/slowest/generate_sequences:29.061777930008247 - timing_s/agent_loop/slowest/tool_calls:0.0 - timing_s/agent_loop/slowest/prompt_length:284 - timing_s/agent_loop/slowest/response_length:1024 - timing_s/gen:36.82710009498987 - timing_s/adv:14.533134848999907 - timing_s/update_actor:111.88744173200394 - timing_s/dump_rollout_generations:0.29298991899122484 - timing_s/step:163.64415537699824 - timing_s/stop_profile:2.9440998332574964e-05 - timing_per_token_ms/update_actor:0.28540239298633263 - timing_per_token_ms/gen:0.21306800485408567 - timing_per_token_ms/adv:0.03707110824316234 - perf/total_num_tokens:392034 - perf/time_per_step:163.64415537699824 - perf/throughput:1197.8246308181444
[36m(TaskRunner pid=266218)[0m Dumped generations to /sfs/weka/scratch/nkw3mr/Vision-OPD-OPSA/rollouts/Aha-Qwen3.5-4B/40.jsonl
[36m(TaskRunner pid=266218)[0m local_global_step_folder: /sfs/weka/scratch/nkw3mr/Vision-OPD-OPSA/checkpoints/Aha-Qwen3.5-4B/global_step_40
[36m(TaskRunner pid=266218)[0m step:40 - global_seqlen/min:162291 - global_seqlen/max:192436 - global_seqlen/minmax_diff:30145 - global_seqlen/balanced_min:177363 - global_seqlen/balanced_max:177364 - global_seqlen/mean:177363.5 - self_distillation/teacher_always_on_fraction:1.0 - self_distillation/teacher_image_swap_fraction:1.0 - self_distillation/policy_fallback_fraction:0.0 - self_distillation/grpo_fallback_count:0.0 - rollout_corr/rollout_is_mean:1.0 - rollout_corr/rollout_is_ratio_fraction_high:0.0 - rollout_corr/rollout_is_ratio_fraction_low:0.0 - rollout_corr/rollout_is_max:1.0 - rollout_corr/rollout_is_min:1.0 - rollout_corr/rollout_is_std:0.0 - rollout_corr/rollout_is_eff_sample_size:1.0 - rollout_corr/rollout_is_seq_mean:1.0 - rollout_corr/rollout_is_seq_std:0.0 - rollout_corr/rollout_is_seq_max:1.0 - rollout_corr/rollout_is_seq_min:1.0 - rollout_corr/rollout_is_seq_max_deviation:0.0 - rollout_corr/rollout_is_seq_fraction_high:0.0 - rollout_corr/rollout_is_seq_fraction_low:0.0 - rollout_corr/training_ppl:8.627201832830906 - rollout_corr/training_log_ppl:1.7246074695140123 - rollout_corr/kl:0.45313573675230145 - rollout_corr/k3_kl:0.44907955126836896 - rollout_corr/rollout_ppl:3.8177127316594124 - rollout_corr/rollout_log_ppl:1.20336102694273 - rollout_corr/log_ppl_diff:0.5212464770302176 - rollout_corr/log_ppl_abs_diff:0.5215204209089279 - rollout_corr/log_ppl_diff_max:2.348682403564453 - rollout_corr/log_ppl_diff_min:-0.01302194595336914 - rollout_corr/ppl_ratio:1.832488503307104 - rollout_corr/chi2_token:58.44309729523957 - rollout_corr/chi2_seq:-0.8811129443347454 - actor/pg_loss:0.24561873427592218 - actor/kl_loss:0.0 - actor/grpo_loss:0.0 - actor/vopd_loss:0.24561873427592218 - actor/vopd_loss_weighted:0.24561873427592218 - actor/policy_fallback_fraction:0.0 - aha/u_mean:0.04418126534437761 - aha/u_neg_valley_frac:0.4812327544204891 - aha/floor_clamped_frac:0.0 - aha/q_tail_mass:0.00218653726096818 - aha/argmax_conf:0.6728333234786987 - self_distillation/raw_jsd_token_mean:0.24561873427592218 - self_distillation/weighted_jsd_token_mean:0.24561873427592218 - self_distillation/self_distillation_mask.mean():1.0 - self_distillation/num_distill_tokens:2624.734375 - self_distillation/empty_target_batch:0.0 - actor/grad_norm:0.9477910995483398 - timing_s/update_actor/student_forward:14.309427617001347 - timing_s/update_actor/teacher_forward:18.811263065988896 - timing_s/update_actor/teacher_full_forward:0.0 - timing_s/update_actor/teacher_null_forward:18.537801122991368 - timing_s/update_actor/loss_compute:0.019694705959409475 - timing_s/update_actor/backward:33.15021766802238 - timing_s/update_actor/optimizer_step:0.08597619298961945 - timing_s/update_actor/teacher_ema_update:3.8142999983392656e-05 - perf/mfu/actor:0.0 - perf/max_memory_allocated_gb:120.90408849716187 - perf/max_memory_reserved_gb:138.544921875 - perf/cpu_memory_used_gb:326.29296493530273 - actor/lr:2e-06 - training/global_step:40 - training/epoch:0 - response_length/mean:218.7278594970703 - response_length/max:1024.0 - response_length/min:15.0 - response_length/clip_ratio:0.010416666977107525 - response_length_non_aborted/mean:218.7278594970703 - response_length_non_aborted/max:1024.0 - response_length_non_aborted/min:15.0 - response_length_non_aborted/clip_ratio:0.010416666977107525 - response/aborted_ratio:0.0 - prompt_length/mean:243.15625 - prompt_length/max:795.0 - prompt_length/min:113.0 - prompt_length/clip_ratio:0.0 - num_turns/min:2 - num_turns/max:2 - num_turns/mean:2.0 - timing_s/start_profile:3.1001996831037104e-05 - timing_s/agent_loop/generate_sequences/min:5.29927348199999 - timing_s/agent_loop/generate_sequences/max:29.001136955994298 - timing_s/agent_loop/generate_sequences/mean:15.364529961043198 - timing_s/agent_loop/tool_calls/min:0.0 - timing_s/agent_loop/tool_calls/max:0.0 - timing_s/agent_loop/tool_calls/mean:0.0 - timing_s/agent_loop/slowest/generate_sequences:29.001136955994298 - timing_s/agent_loop/slowest/tool_calls:0.0 - timing_s/agent_loop/slowest/prompt_length:308 - timing_s/agent_loop/slowest/response_length:10[36m(WorkerDict pid=278047)[0m /sfs/weka/scratch/nkw3mr/Vision-OPD-OPSA/verl/utils/device.py:134: FutureWarning: torch.cuda._set_allocator_settings is deprecated. Use torch._C._accelerator_setAllocatorSettings instead.
[36m(WorkerDict pid=278047)[0m   torch.cuda.memory._set_allocator_settings(f"expandable_segments:{enable}")
[36m(TaskRunner pid=266218)[0m Training Progress: 100%|██████████| 41/41 [1:51:53<00:00, 169.43s/it]Training Progress: 100%|██████████| 41/41 [1:51:53<00:00, 163.75s/it]
[36m(WorkerDict pid=278050)[0m /sfs/weka/scratch/nkw3mr/Vision-OPD-OPSA/verl/utils/device.py:134: FutureWarning: torch.cuda._set_allocator_settings is deprecated. Use torch._C._accelerator_setAllocatorSettings instead.
[36m(WorkerDict pid=278050)[0m   torch.cuda.memory._set_allocator_settings(f"expandable_segments:{enable}")
[36m(TaskRunner pid=266218)[0m wandb: uploading config.yaml
[36m(TaskRunner pid=266218)[0m wandb: 
[36m(TaskRunner pid=266218)[0m wandb: Run history:
[36m(TaskRunner pid=266218)[0m wandb:                actor/grad_norm ▆▆▄▅▄▄▅▅▄▃▄▄▃▂▂▄▂▂▄▂▄▁▄▂▃▂▁▂▃▃▃▂▁▃▃█▂▂▂▁
[36m(TaskRunner pid=266218)[0m wandb:                actor/grpo_loss ▁▁▁▁▁▁▁▁▁▁▁▁▁▁▁▁▁▁▁▁▁▁▁▁▁▁▁▁▁▁▁▁▁▁▁▁▁▁▁▁
[36m(TaskRunner pid=266218)[0m wandb:                  actor/kl_loss ▁▁▁▁▁▁▁▁▁▁▁▁▁▁▁▁▁▁▁▁▁▁▁▁▁▁▁▁▁▁▁▁▁▁▁▁▁▁▁▁
[36m(TaskRunner pid=266218)[0m wandb:                       actor/lr ▁▂▂▃▄▅▅▆▇▇██████████████████████████████
[36m(TaskRunner pid=266218)[0m wandb:                  actor/pg_loss ▅▄▄▃▄▂▄▃▃▁▂▁▄▆▃▄▂▄▂▅▅▃▄▆▆▇██▇█▆█▆▇▆▇█▆▇▄
[36m(TaskRunner pid=266218)[0m wandb: actor/policy_fallback_fraction ▁▁▁▁▁▁▁▁▁▁▁▁▁▁▁▁▁▁▁▁▁▁▁▁▁▁▁▁▁▁▁▁▁▁▁▁▁▁▁▁
[36m(TaskRunner pid=266218)[0m wandb:                actor/vopd_loss ▅▄▄▃▄▂▄▃▃▁▂▁▄▆▃▄▂▄▂▅▅▃▄▆▆▇██▇█▆█▆▇▆▇█▆▇▄
[36m(TaskRunner pid=266218)[0m wandb:       actor/vopd_loss_weighted ▅▄▄▃▄▂▄▃▃▁▂▁▄▆▃▄▂▄▂▅▅▃▄▆▆▇██▇█▆█▆▇▆▇█▆▇▄
[36m(TaskRunner pid=266218)[0m wandb:                aha/argmax_conf █▇███▇▇▆▆▆▄▄▄▄▃▃▆▂▂▃▃▃▂▂▄▃▆▂▁▄▂▅▂▃▃▂▂▃▂▃
[36m(TaskRunner pid=266218)[0m wandb:         aha/floor_clamped_frac ▁▁▁▁▁▁▁▁▁▁▁▁▁▁▁▁▁▁▁▁▁▁▁▁▁▁▁▁▁▁▁▁▁▁▁▁▁▁▁▁
[36m(TaskRunner pid=266218)[0m wandb:                            +99 ...
[36m(TaskRunner pid=266218)[0m wandb: 
[36m(TaskRunner pid=266218)[0m wandb: Run summary:
[36m(TaskRunner pid=266218)[0m wandb:                actor/grad_norm 0.43612
[36m(TaskRunner pid=266218)[0m wandb:                actor/grpo_loss 0
[36m(TaskRunner pid=266218)[0m wandb:                  actor/kl_loss 0
[36m(TaskRunner pid=266218)[0m wandb:                       actor/lr 0.0
[36m(TaskRunner pid=266218)[0m wandb:                  actor/pg_loss 0.2354
[36m(TaskRunner pid=266218)[0m wandb: actor/policy_fallback_fraction 0
[36m(TaskRunner pid=266218)[0m wandb:                actor/vopd_loss 0.2354
[36m(TaskRunner pid=266218)[0m wandb:       actor/vopd_loss_weighted 0.2354
[36m(TaskRunner pid=266218)[0m wandb:                aha/argmax_conf 0.67075
[36m(TaskRunner pid=266218)[0m wandb:         aha/floor_clamped_frac 0
[36m(TaskRunner pid=266218)[0m wandb:                            +99 ...
[36m(TaskRunner pid=266218)[0m wandb: 
[36m(TaskRunner pid=266218)[0m wandb: 🚀 View run Aha-Qwen3.5-4B at: https://wandb.ai/nkw3mr-university-of-virginia/Vision-OPD-StateAdaptive/runs/pvpvj7wb
[36m(TaskRunner pid=266218)[0m wandb: ⭐️ View project at: https://wandb.ai/nkw3mr-university-of-virginia/Vision-OPD-StateAdaptive
[36m(TaskRunner pid=266218)[0m wandb: Synced 5 W&B file(s), 0 media file(s), 0 artifact file(s) and 0 other file(s)
[36m(TaskRunner pid=266218)[0m wandb: Find logs at: ./wandb/run-20260908_021735-pvpvj7wb/logs
24 - timing_s/gen:35.609600526004215 - timing_s/adv:14.39624923998781 - timing_s/update_actor:95.51990060099342 - timing_s/dump_rollout_generations:0.2943186229967978 - timing_s/step:145.9756413599971 - timing_s/save_checkpoint:19.960629715002142 - timing_s/stop_profile:6.383800064213574e-05 - timing_per_token_ms/update_actor:0.2692772205132212 - timing_per_token_ms/gen:0.2119833585898824 - timing_per_token_ms/adv:0.040584024446934715 - perf/total_num_tokens:354727 - perf/time_per_step:145.9756413599971 - perf/throughput:1215.021207288933
[36m(TaskRunner pid=266218)[0m Dumped generations to /sfs/weka/scratch/nkw3mr/Vision-OPD-OPSA/rollouts/Aha-Qwen3.5-4B/41.jsonl
[36m(TaskRunner pid=266218)[0m local_global_step_folder: /sfs/weka/scratch/nkw3mr/Vision-OPD-OPSA/checkpoints/Aha-Qwen3.5-4B/global_step_41
[36m(TaskRunner pid=266218)[0m step:41 - global_seqlen/min:185870 - global_seqlen/max:192760 - global_seqlen/minmax_diff:6890 - global_seqlen/balanced_min:189312 - global_seqlen/balanced_max:189318 - global_seqlen/mean:189315.0 - self_distillation/teacher_always_on_fraction:1.0 - self_distillation/teacher_image_swap_fraction:1.0 - self_distillation/policy_fallback_fraction:0.0 - self_distillation/grpo_fallback_count:0.0 - rollout_corr/rollout_is_mean:1.0 - rollout_corr/rollout_is_ratio_fraction_high:0.0 - rollout_corr/rollout_is_ratio_fraction_low:0.0 - rollout_corr/rollout_is_max:1.0 - rollout_corr/rollout_is_min:1.0 - rollout_corr/rollout_is_std:0.0 - rollout_corr/rollout_is_eff_sample_size:1.0 - rollout_corr/rollout_is_seq_mean:1.0 - rollout_corr/rollout_is_seq_std:0.0 - rollout_corr/rollout_is_seq_max:1.0 - rollout_corr/rollout_is_seq_min:1.0 - rollout_corr/rollout_is_seq_max_deviation:0.0 - rollout_corr/rollout_is_seq_fraction_high:0.0 - rollout_corr/rollout_is_seq_fraction_low:0.0 - rollout_corr/training_ppl:6.562052193809958 - rollout_corr/training_log_ppl:1.690931276363485 - rollout_corr/kl:0.4140690350357224 - rollout_corr/k3_kl:0.4046538174152374 - rollout_corr/rollout_ppl:3.680276860209072 - rollout_corr/rollout_log_ppl:1.2118278452578712 - rollout_corr/log_ppl_diff:0.4791034376796554 - rollout_corr/log_ppl_abs_diff:0.4795788180302171 - rollout_corr/log_ppl_diff_max:1.6966917514801025 - rollout_corr/log_ppl_diff_min:-0.0494537353515625 - rollout_corr/ppl_ratio:1.7214824452119715 - rollout_corr/chi2_token:21.97052638846285 - rollout_corr/chi2_seq:-0.8725118856219685 - actor/pg_loss:0.23539711185730997 - actor/kl_loss:0.0 - actor/grpo_loss:0.0 - actor/vopd_loss:0.23539711185730997 - actor/vopd_loss_weighted:0.23539711185730997 - actor/policy_fallback_fraction:0.0 - aha/u_mean:0.05263428377100568 - aha/u_neg_valley_frac:0.4767617789261481 - aha/floor_clamped_frac:0.0 - aha/q_tail_mass:0.002635711501866086 - aha/argmax_conf:0.6707537174224854 - self_distillation/raw_jsd_token_mean:0.23527105459395575 - self_distillation/weighted_jsd_token_mean:0.23527105459395575 - self_distillation/self_distillation_mask.mean():1.0 - self_distillation/num_distill_tokens:2659.5 - self_distillation/empty_target_batch:0.0 - actor/grad_norm:0.43611860275268555 - timing_s/update_actor/student_forward:17.704213021992473 - timing_s/update_actor/teacher_forward:20.695451285981108 - timing_s/update_actor/teacher_full_forward:0.0 - timing_s/update_actor/teacher_null_forward:20.662330761013436 - timing_s/update_actor/loss_compute:0.020875083922874182 - timing_s/update_actor/backward:36.63487258697569 - timing_s/update_actor/optimizer_step:0.08765929400396999 - timing_s/update_actor/teacher_ema_update:5.4845004342496395e-05 - perf/mfu/actor:0.0 - perf/max_memory_allocated_gb:120.90408849716187 - perf/max_memory_reserved_gb:138.544921875 - perf/cpu_memory_used_gb:330.73488998413086 - actor/lr:2e-06 - training/global_step:41 - training/epoch:0 - response_length/mean:235.4765625 - response_length/max:1024.0 - response_length/min:21.0 - response_length/clip_ratio:0.0234375 - response_length_non_aborted/mean:235.4765625 - response_length_non_aborted/max:1024.0 - response_length_non_aborted/min:21.0 - response_length_non_aborted/clip_ratio:0.0234375 - response/aborted_ratio:0.0 - prompt_length/mean:257.53125 - prompt_length/max:798.0 - prompt_length/min:167.0 - prompt_length/clip_ratio:0.0 - num_turns/min:2 - num_turns/max:2 - num_turns/mean:2.0 - timing_s/start_profile:5.045899888500571e-05 - timing_s/agent_loop/generate_sequences/min:6.155240911990404 - timing_s/agent_loop/generate_sequences/max:30.5410951100057 - timing_s/agent_loop/generate_sequences/mean:15.922957581095147 - timing_s/agent_loop/tool_calls/min:0.0 - timing_s/agent_loop/tool_calls/max:0.0 - timing_s/agent_loop/tool_calls/mean:0.0 - timing_s/agent_loop/slowest/generate_sequences:30.5410951100057 - timing_s/agent_loop/slowest/tool_calls:0.0 - timing_s/agent_loop/slowest/prompt_length:795 - timing_s/agent_loop/slowest/response_length:1024 - timing_s/gen:36.864946369998506 - timing_s/adv:14.304624662006972 - timing_s/update_actor:107.7257089449995 - timing_s/dump_rollout_generations:0.29055514800711535 - timing_s/step:159.29750997600786 - timing_s/save_checkpoint:22.6427506399923 - timing_s/stop_profile:3.08720045723021e-05 - timing_per_token_ms/update_actor:0.28451445724057656 - timing_per_token_ms/gen:0.20384717588444592 - timing_per_token_ms/adv:0.03777995579327304 - perf/total_num_tokens:378630 - perf/time_per_step:159.29750997600786 - perf/throughput:1188.4366555918741
[36m(TaskRunner pid=266218)[0m 'Final validation metrics: None'
