Running: Aha-floor-Qwen3.5-4B-6karmA  (aha_beta=4.0, floor_alpha=0.1)
Teacher: frozen init copy (source=legacy, update_rate=0.0)
2026-09-10 00:22:16,945	INFO worker.py:1998 -- Started a local Ray instance. View the dashboard at [1m[32mhttp://127.0.0.1:8265 [39m[22m
/sfs/weka/scratch/nkw3mr/envs/vision-opd/lib/python3.12/site-packages/ray/_private/worker.py:2046: FutureWarning: Tip: In future versions of Ray, Ray will no longer override accelerator visible devices env var if num_gpus=0 or num_gpus=None (default). To enable this behavior and turn off this error message, set RAY_ACCEL_ENV_VAR_OVERRIDE_ON_ZERO=0
  warnings.warn(
ray init kwargs: {'num_cpus': None, 'runtime_env': {'env_vars': {'TOKENIZERS_PARALLELISM': 'true', 'NCCL_DEBUG': 'WARN', 'VLLM_LOGGING_LEVEL': 'WARN', 'VLLM_ALLOW_RUNTIME_LORA_UPDATING': 'true', 'VLLM_ALLREDUCE_USE_SYMM_MEM': '0', 'CUDA_DEVICE_MAX_CONNECTIONS': '1', 'NCCL_CUMEM_ENABLE': '0'}, 'working_dir': None}}
[36m(TaskRunner pid=706135)[0m TaskRunner hostname: udc-aw37-6, PID: 706135
[36m(TaskRunner pid=706135)[0m {'actor_rollout_ref': {'actor': {'_target_': 'verl.workers.config.FSDPActorConfig',
[36m(TaskRunner pid=706135)[0m                                  'calculate_entropy': False,
[36m(TaskRunner pid=706135)[0m                                  'calculate_sum_pi_squared': False,
[36m(TaskRunner pid=706135)[0m                                  'checkpoint': {'_target_': 'verl.trainer.config.CheckpointConfig',
[36m(TaskRunner pid=706135)[0m                                                 'async_save': False,
[36m(TaskRunner pid=706135)[0m                                                 'load_contents': ['model',
[36m(TaskRunner pid=706135)[0m                                                                   'optimizer',
[36m(TaskRunner pid=706135)[0m                                                                   'extra'],
[36m(TaskRunner pid=706135)[0m                                                 'save_contents': ['model',
[36m(TaskRunner pid=706135)[0m                                                                   'optimizer',
[36m(TaskRunner pid=706135)[0m                                                                   'extra']},
[36m(TaskRunner pid=706135)[0m                                  'clip_ratio': 0.2,
[36m(TaskRunner pid=706135)[0m                                  'clip_ratio_c': 3.0,
[36m(TaskRunner pid=706135)[0m                                  'clip_ratio_high': 0.3,
[36m(TaskRunner pid=706135)[0m                                  'clip_ratio_low': 0.2,
[36m(TaskRunner pid=706135)[0m                                  'data_loader_seed': 42,
[36m(TaskRunner pid=706135)[0m                                  'entropy_checkpointing': False,
[36m(TaskRunner pid=706135)[0m                                  'entropy_coeff': 0,
[36m(TaskRunner pid=706135)[0m                                  'entropy_from_logits_with_chunking': False,
[36m(TaskRunner pid=706135)[0m                                  'freeze_vision_tower': False,
[36m(TaskRunner pid=706135)[0m                                  'fsdp_config': {'_target_': 'verl.workers.config.FSDPEngineConfig',
[36m(TaskRunner pid=706135)[0m                                                  'dtype': 'bfloat16',
[36m(TaskRunner pid=706135)[0m                                                  'entropy_checkpointing': False,
[36m(TaskRunner pid=706135)[0m                                                  'entropy_from_logits_with_chunking': False,
[36m(TaskRunner pid=706135)[0m                                                  'forward_only': False,
[36m(TaskRunner pid=706135)[0m                                                  'forward_prefetch': False,
[36m(TaskRunner pid=706135)[0m                                                  'fsdp_size': -1,
[36m(TaskRunner pid=706135)[0m                                                  'full_determinism': False,
[36m(TaskRunner pid=706135)[0m                                                  'model_dtype': 'fp32',
[36m(TaskRunner pid=706135)[0m                                                  'offload_policy': False,
[36m(TaskRunner pid=706135)[0m                                                  'optimizer_offload': True,
[36m(TaskRunner pid=706135)[0m                                                  'param_offload': True,
[36m(TaskRunner pid=706135)[0m                                                  'reshard_after_forward': True,
[36m(TaskRunner pid=706135)[0m                                                  'seed': 42,
[36m(TaskRunner pid=706135)[0m                                                  'strategy': 'fsdp',
[36m(TaskRunner pid=706135)[0m                                                  'ulysses_sequence_parallel_size': 1,
[36m(TaskRunner pid=706135)[0m                                                  'use_orig_params': False,
[36m(TaskRunner pid=706135)[0m                                                  'use_torch_compile': True,
[36m(TaskRunner pid=706135)[0m                                                  'wrap_policy': {'min_num_params': 0}},
[36m(TaskRunner pid=706135)[0m                                  'grad_clip': 1.0,
[36m(TaskRunner pid=706135)[0m                                  'kl_loss_coef': 0.001,
[36m(TaskRunner pid=706135)[0m                                  'kl_loss_type': 'low_var_kl',
[36m(TaskRunner pid=706135)[0m                                  'loss_agg_mode': 'token-mean',
[36m(TaskRunner pid=706135)[0m                                  'loss_scale_factor': None,
[36m(TaskRunner pid=706135)[0m                                  'optim': {'_target_': 'verl.workers.config.FSDPOptimizerConfig',
[36m(TaskRunner pid=706135)[0m                                            'betas': [0.9, 0.999],
[36m(TaskRunner pid=706135)[0m                                            'clip_grad': 1.0,
[36m(TaskRunner pid=706135)[0m                                            'lr': 2e-06,
[36m(TaskRunner pid=706135)[0m                                            'lr_scheduler_type': 'constant',
[36m(TaskRunner pid=706135)[0m                                            'lr_warmup_steps': 10,
[36m(TaskRunner pid=706135)[0m                                            'lr_warmup_steps_ratio': 0.0,
[36m(TaskRunner pid=706135)[0m                                            'min_lr_ratio': 0.0,
[36m(TaskRunner pid=706135)[0m                                            'num_cycles': 0.5,
[36m(TaskRunner pid=706135)[0m                                            'optimizer': 'AdamW',
[36m(TaskRunner pid=706135)[0m                                            'optimizer_impl': 'torch.optim',
[36m(TaskRunner pid=706135)[0m                                            'override_optimizer_config': None,
[36m(TaskRunner pid=706135)[0m                                            'total_training_steps': -1,
[36m(TaskRunner pid=706135)[0m                                            'warmup_style': None,
[36m(TaskRunner pid=706135)[0m                                            'weight_decay': 0.01},
[36m(TaskRunner pid=706135)[0m                                  'policy_loss': {'_target_': 'verl.workers.config.PolicyLossConfig',
[36m(TaskRunner pid=706135)[0m                                                  'clip_cov_lb': 1.0,
[36m(TaskRunner pid=706135)[0m                                                  'clip_cov_ratio': 0.0002,
[36m(TaskRunner pid=706135)[0m                                                  'clip_cov_ub': 5.0,
[36m(TaskRunner pid=706135)[0m                                                  'kl_cov_ratio': 0.0002,
[36m(TaskRunner pid=706135)[0m                                                  'loss_mode': 'vopd',
[36m(TaskRunner pid=706135)[0m                                                  'ppo_kl_coef': 0.1},
[36m(TaskRunner pid=706135)[0m                                  'ppo_epochs': 1,
[36m(TaskRunner pid=706135)[0m                                  'ppo_max_token_len_per_gpu': 9216,
[36m(TaskRunner pid=706135)[0m                                  'ppo_micro_batch_size': None,
[36m(TaskRunner pid=706135)[0m                                  'ppo_micro_batch_size_per_gpu': 1,
[36m(TaskRunner pid=706135)[0m                                  'ppo_mini_batch_size': 48,
[36m(TaskRunner pid=706135)[0m                                  'profiler': {'_target_': 'verl.utils.profiler.ProfilerConfig',
[36m(TaskRunner pid=706135)[0m                                               'all_ranks': False,
[36m(TaskRunner pid=706135)[0m                                               'enable': False,
[36m(TaskRunner pid=706135)[0m                                               'ranks': [],
[36m(TaskRunner pid=706135)[0m                                               'save_path': 'outputs/profile',
[36m(TaskRunner pid=706135)[0m                                               'tool': None,
[36m(TaskRunner pid=706135)[0m                                               'tool_config': {'npu': {'_target_': 'verl.utils.profiler.config.NPUToolConfig',
[36m(TaskRunner pid=706135)[0m                                                                       'analysis': True,
[36m(TaskRunner pid=706135)[0m                                                                       'contents': [],
[36m(TaskRunner pid=706135)[0m                                                                       'discrete': False,
[36m(TaskRunner pid=706135)[0m                                                                       'level': 'level0'},
[36m(TaskRunner pid=706135)[0m                                                               'nsys': {'_target_': 'verl.utils.profiler.config.NsightToolConfig',
[36m(TaskRunner pid=706135)[0m                                                                        'discrete': False},
[36m(TaskRunner pid=706135)[0m                                                               'torch': {'_target_': 'verl.utils.profiler.config.TorchProfilerToolConfig',
[36m(TaskRunner pid=706135)[0m                                                                         'step_end': None,
[36m(TaskRunner pid=706135)[0m                                                                         'step_start': 0},
[36m(TaskRunner pid=706135)[0m                                                               'torch_memory': {'_target_': 'verl.utils.profiler.config.TorchMemoryToolConfig',
[36m(TaskRunner pid=706135)[0m                                                                                'stack_depth': 32,
[36m(TaskRunner pid=706135)[0m                                                                                'trace_alloc_max_entries': 100000}}},
[36m(TaskRunner pid=706135)[0m                                  'rollout_n': 2,
[36m(TaskRunner pid=706135)[0m                                  'router_replay': {'_target_': 'verl.workers.config.RouterReplayConfig',
[36m(TaskRunner pid=706135)[0m                                                    'mode': 'disabled',
[36m(TaskRunner pid=706135)[0m                                                    'record_file': None,
[36m(TaskRunner pid=706135)[0m                                                    'replay_file': None},
[36m(TaskRunner pid=706135)[0m                                  'self_distillation': {'_target_': 'verl.workers.config.SelfDistillationConfig',
[36m(TaskRunner pid=706135)[0m                                                        'aha_beta': 4.0,
[36m(TaskRunner pid=706135)[0m                                                        'aha_center_u': False,
[36m(TaskRunner pid=706135)[0m                                                        'aha_enable': True,
[36m(TaskRunner pid=706135)[0m                                                        'aha_floor_alpha': 0.1,
[36m(TaskRunner pid=706135)[0m                                                        'alpha': 0.5,
[36m(TaskRunner pid=706135)[0m                                                        'answer_hint_template': '\n'
[36m(TaskRunner pid=706135)[0m                                                                                '\n'
[36m(TaskRunner pid=706135)[0m                                                                                'Here '
[36m(TaskRunner pid=706135)[0m                                                                                'is '
[36m(TaskRunner pid=706135)[0m                                                                                'a '
[36m(TaskRunner pid=706135)[0m                                                                                'reference '
[36m(TaskRunner pid=706135)[0m                                                                                'solution '
[36m(TaskRunner pid=706135)[0m                                                                                'to '
[36m(TaskRunner pid=706135)[0m                                                                                'this '
[36m(TaskRunner pid=706135)[0m                                                                                'problem:\n'
[36m(TaskRunner pid=706135)[0m                                                                                '{answer}\n'
[36m(TaskRunner pid=706135)[0m                                                                                '\n'
[36m(TaskRunner pid=706135)[0m                                                                                'After '
[36m(TaskRunner pid=706135)[0m                                                                                'understanding '
[36m(TaskRunner pid=706135)[0m                                                                                'the '
[36m(TaskRunner pid=706135)[0m                                                                                'reference '
[36m(TaskRunner pid=706135)[0m                                                                                'solution, '
[36m(TaskRunner pid=706135)[0m                                                                                'please '
[36m(TaskRunner pid=706135)[0m                                                                                'try '
[36m(TaskRunner pid=706135)[0m                                                                                'to '
[36m(TaskRunner pid=706135)[0m                                                                                'solve '
[36m(TaskRunner pid=706135)[0m                                                                                'this '
[36m(TaskRunner pid=706135)[0m                                                                                'problem '
[36m(TaskRunner pid=706135)[0m                                                                                'using '
[36m(TaskRunner pid=706135)[0m                                                                                'your '
[36m(TaskRunner pid=706135)[0m                                                                                'own '
[36m(TaskRunner pid=706135)[0m                                                                                'approach '
[36m(TaskRunner pid=706135)[0m                                                                                'below:',
[36m(TaskRunner pid=706135)[0m                                                        'distillation_add_tail': True,
[36m(TaskRunner pid=706135)[0m                                                        'distillation_topk': 100,
[36m(TaskRunner pid=706135)[0m                                                        'dont_reprompt_on_self_success': True,
[36m(TaskRunner pid=706135)[0m                                                        'environment_feedback_only_without_solution': True,
[36m(TaskRunner pid=706135)[0m                                                        'evt_clip_neg': 2.0,
[36m(TaskRunner pid=706135)[0m                                                        'evt_clip_pos': 1.0,
[36m(TaskRunner pid=706135)[0m                                                        'evt_ema_eta': 0.05,
[36m(TaskRunner pid=706135)[0m                                                        'evt_enable': False,
[36m(TaskRunner pid=706135)[0m                                                        'evt_negative_only': False,
[36m(TaskRunner pid=706135)[0m                                                        'evt_neutral_base': 0.0,
[36m(TaskRunner pid=706135)[0m                                                        'evt_token_fraction': 0.2,
[36m(TaskRunner pid=706135)[0m                                                        'evt_ubar_init': None,
[36m(TaskRunner pid=706135)[0m                                                        'fallback_to_policy_loss_on_missing_teacher': False,
[36m(TaskRunner pid=706135)[0m                                                        'feedback_template': '\n'
[36m(TaskRunner pid=706135)[0m                                                                             'The '
[36m(TaskRunner pid=706135)[0m                                                                             'following '
[36m(TaskRunner pid=706135)[0m                                                                             'is '
[36m(TaskRunner pid=706135)[0m                                                                             'feedback '
[36m(TaskRunner pid=706135)[0m                                                                             'from '
[36m(TaskRunner pid=706135)[0m                                                                             'your '
[36m(TaskRunner pid=706135)[0m                                                                             'unsuccessful '
[36m(TaskRunner pid=706135)[0m                                                                             'earlier '
[36m(TaskRunner pid=706135)[0m                                                                             'attempt:\n'
[36m(TaskRunner pid=706135)[0m                                                                             '\n'
[36m(TaskRunner pid=706135)[0m                                                                             '{feedback_raw}',
[36m(TaskRunner pid=706135)[0m                                                        'full_logit_distillation': True,
[36m(TaskRunner pid=706135)[0m                                                        'gamma': 1.0,
[36m(TaskRunner pid=706135)[0m                                                        'include_environment_feedback': False,
[36m(TaskRunner pid=706135)[0m                                                        'is_clip': 2.0,
[36m(TaskRunner pid=706135)[0m                                                        'log_prob_dump_dir': None,
[36m(TaskRunner pid=706135)[0m                                                        'max_reprompt_len': 10240,
[36m(TaskRunner pid=706135)[0m                                                        'null_image_key': 'null_images',
[36m(TaskRunner pid=706135)[0m                                                        'opsa_advantage_max': -0.5,
[36m(TaskRunner pid=706135)[0m                                                        'opsa_advantage_min': -1.0,
[36m(TaskRunner pid=706135)[0m                                                        'opsa_enable': False,
[36m(TaskRunner pid=706135)[0m                                                        'opsa_fixed_advantage': None,
[36m(TaskRunner pid=706135)[0m                                                        'opsa_mode': 'entropy',
[36m(TaskRunner pid=706135)[0m                                                        'opsa_token_fraction': 0.2,
[36m(TaskRunner pid=706135)[0m                                                        'remove_thinking_from_demonstration': True,
[36m(TaskRunner pid=706135)[0m                                                        'reprompt_template': '{prompt}{solution}{feedback}\n'
[36m(TaskRunner pid=706135)[0m                                                                             '\n'
[36m(TaskRunner pid=706135)[0m                                                                             'Correctly '
[36m(TaskRunner pid=706135)[0m                                                                             'solve '
[36m(TaskRunner pid=706135)[0m                                                                             'the '
[36m(TaskRunner pid=706135)[0m                                                                             'original '
[36m(TaskRunner pid=706135)[0m                                                                             'question.',
[36m(TaskRunner pid=706135)[0m                                                        'reprompt_truncation': 'right',
[36m(TaskRunner pid=706135)[0m                                                        'sa_beta_max': 8.0,
[36m(TaskRunner pid=706135)[0m                                                        'sa_binary_iters': 8,
[36m(TaskRunner pid=706135)[0m                                                        'sa_center_u': False,
[36m(TaskRunner pid=706135)[0m                                                        'sa_eps_max': 0.5,
[36m(TaskRunner pid=706135)[0m                                                        'sa_lambda': 1.0,
[36m(TaskRunner pid=706135)[0m                                                        'sa_rho': 0.9,
[36m(TaskRunner pid=706135)[0m                                                        'sa_tau_e': 0.03,
[36m(TaskRunner pid=706135)[0m                                                        'sa_temp_e': 0.015,
[36m(TaskRunner pid=706135)[0m                                                        'sa_u_clip': None,
[36m(TaskRunner pid=706135)[0m                                                        'sa_zero_floor': False,
[36m(TaskRunner pid=706135)[0m                                                        'solution_template': '\n'
[36m(TaskRunner pid=706135)[0m                                                                             'Correct '
[36m(TaskRunner pid=706135)[0m                                                                             'solution:\n'
[36m(TaskRunner pid=706135)[0m                                                                             '\n'
[36m(TaskRunner pid=706135)[0m                                                                             '{successful_previous_attempt}',
[36m(TaskRunner pid=706135)[0m                                                        'state_adaptive': False,
[36m(TaskRunner pid=706135)[0m                                                        'success_reward_threshold': 0.5,
[36m(TaskRunner pid=706135)[0m                                                        'teacher_always_on': True,
[36m(TaskRunner pid=706135)[0m                                                        'teacher_image_key': 'bbox_images',
[36m(TaskRunner pid=706135)[0m                                                        'teacher_model_path': None,
[36m(TaskRunner pid=706135)[0m                                                        'teacher_model_source': 'legacy',
[36m(TaskRunner pid=706135)[0m                                                        'teacher_prompt_mode': None,
[36m(TaskRunner pid=706135)[0m                                                        'teacher_regularization': 'ema',
[36m(TaskRunner pid=706135)[0m                                                        'teacher_update_interval': None,
[36m(TaskRunner pid=706135)[0m                                                        'teacher_update_rate': 0.0},
[36m(TaskRunner pid=706135)[0m                                  'shuffle': False,
[36m(TaskRunner pid=706135)[0m                                  'strategy': 'fsdp',
[36m(TaskRunner pid=706135)[0m                                  'sum_pi_squared_checkpointing': False,
[36m(TaskRunner pid=706135)[0m                                  'tau_neg': 1.05,
[36m(TaskRunner pid=706135)[0m                                  'tau_pos': 1.0,
[36m(TaskRunner pid=706135)[0m                                  'ulysses_sequence_parallel_size': 2,
[36m(TaskRunner pid=706135)[0m                                  'use_dynamic_bsz': False,
[36m(TaskRunner pid=706135)[0m                                  'use_fused_kernels': False,
[36m(TaskRunner pid=706135)[0m                                  'use_kl_loss': False,
[36m(TaskRunner pid=706135)[0m                                  'use_prefix_grouper': False,
[36m(TaskRunner pid=706135)[0m                                  'use_remove_padding': True,
[36m(TaskRunner pid=706135)[0m                                  'use_torch_compile': True},
[36m(TaskRunner pid=706135)[0m                        'hybrid_engine': True,
[36m(TaskRunner pid=706135)[0m                        'model': {'_target_': 'verl.workers.config.HFModelConfig',
[36m(TaskRunner pid=706135)[0m                                  'custom_chat_template': None,
[36m(TaskRunner pid=706135)[0m                                  'custom_chat_template_file': '/sfs/weka/scratch/nkw3mr/Vision-OPD-OPSA/chat_templates/perception_chat_template_qwen35.jinja',
[36m(TaskRunner pid=706135)[0m                                  'enable_activation_offload': True,
[36m(TaskRunner pid=706135)[0m                                  'enable_gradient_checkpointing': True,
[36m(TaskRunner pid=706135)[0m                                  'exclude_modules': None,
[36m(TaskRunner pid=706135)[0m                                  'external_lib': None,
[36m(TaskRunner pid=706135)[0m                                  'fused_kernel_options': {'impl_backend': 'torch'},
[36m(TaskRunner pid=706135)[0m                                  'hf_config_path': None,
[36m(TaskRunner pid=706135)[0m                                  'lora_adapter_path': None,
[36m(TaskRunner pid=706135)[0m                                  'lora_alpha': 16,
[36m(TaskRunner pid=706135)[0m                                  'lora_rank': 0,
[36m(TaskRunner pid=706135)[0m                                  'override_config': {},
[36m(TaskRunner pid=706135)[0m                                  'path': 'Qwen/Qwen3.5-4B',
[36m(TaskRunner pid=706135)[0m                                  'target_modules': 'all-linear',
[36m(TaskRunner pid=706135)[0m                                  'tiled_mlp': {'enabled': False,
[36m(TaskRunner pid=706135)[0m                                                'num_shards': 4},
[36m(TaskRunner pid=706135)[0m                                  'tokenizer_path': None,
[36m(TaskRunner pid=706135)[0m                                  'trust_remote_code': True,
[36m(TaskRunner pid=706135)[0m                                  'use_fused_kernels': False,
[36m(TaskRunner pid=706135)[0m                                  'use_liger': False,
[36m(TaskRunner pid=706135)[0m                                  'use_remove_padding': True,
[36m(TaskRunner pid=706135)[0m                                  'use_shm': False},
[36m(TaskRunner pid=706135)[0m                        'nccl_timeout': 600,
[36m(TaskRunner pid=706135)[0m                        'ref': {'_target_': 'verl.workers.config.FSDPActorConfig',
[36m(TaskRunner pid=706135)[0m                                'entropy_checkpointing': False,
[36m(TaskRunner pid=706135)[0m                                'entropy_from_logits_with_chunking': False,
[36m(TaskRunner pid=706135)[0m                                'fsdp_config': {'_target_': 'verl.workers.config.FSDPEngineConfig',
[36m(TaskRunner pid=706135)[0m                                                'dtype': 'bfloat16',
[36m(TaskRunner pid=706135)[0m                                                'entropy_checkpointing': False,
[36m(TaskRunner pid=706135)[0m                                                'entropy_from_logits_with_chunking': False,
[36m(TaskRunner pid=706135)[0m                                                'forward_only': True,
[36m(TaskRunner pid=706135)[0m                                                'forward_prefetch': False,
[36m(TaskRunner pid=706135)[0m                                                'fsdp_size': -1,
[36m(TaskRunner pid=706135)[0m                                                'full_determinism': False,
[36m(TaskRunner pid=706135)[0m                                                'model_dtype': 'fp32',
[36m(TaskRunner pid=706135)[0m                                                'offload_policy': False,
[36m(TaskRunner pid=706135)[0m                                                'optimizer_offload': False,
[36m(TaskRunner pid=706135)[0m                                                'param_offload': True,
[36m(TaskRunner pid=706135)[0m                                                'reshard_after_forward': True,
[36m(TaskRunner pid=706135)[0m                                                'seed': 42,
[36m(TaskRunner pid=706135)[0m                                                'strategy': 'fsdp',
[36m(TaskRunner pid=706135)[0m                                                'ulysses_sequence_parallel_size': 1,
[36m(TaskRunner pid=706135)[0m                                                'use_orig_params': False,
[36m(TaskRunner pid=706135)[0m                                                'use_torch_compile': True,
[36m(TaskRunner pid=706135)[0m                                                'wrap_policy': {'min_num_params': 0}},
[36m(TaskRunner pid=706135)[0m                                'log_prob_max_token_len_per_gpu': 9216,
[36m(TaskRunner pid=706135)[0m                                'log_prob_micro_batch_size': None,
[36m(TaskRunner pid=706135)[0m                                'log_prob_micro_batch_size_per_gpu': 1,
[36m(TaskRunner pid=706135)[0m                                'log_prob_use_dynamic_bsz': False,
[36m(TaskRunner pid=706135)[0m                                'profiler': {'_target_': 'verl.utils.profiler.ProfilerConfig',
[36m(TaskRunner pid=706135)[0m                                             'all_ranks': False,
[36m(TaskRunner pid=706135)[0m                                             'enable': False,
[36m(TaskRunner pid=706135)[0m                                             'ranks': [],
[36m(TaskRunner pid=706135)[0m                                             'save_path': 'outputs/profile',
[36m(TaskRunner pid=706135)[0m                                             'tool': None,
[36m(TaskRunner pid=706135)[0m                                             'tool_config': {'npu': {'_target_': 'verl.utils.profiler.config.NPUToolConfig',
[36m(TaskRunner pid=706135)[0m                                                                     'analysis': True,
[36m(TaskRunner pid=706135)[0m                                                                     'contents': [],
[36m(TaskRunner pid=706135)[0m                                                                     'discrete': False,
[36m(TaskRunner pid=706135)[0m                                                                     'level': 'level0'},
[36m(TaskRunner pid=706135)[0m                                                             'nsys': {'_target_': 'verl.utils.profiler.config.NsightToolConfig',
[36m(TaskRunner pid=706135)[0m                                                                      'discrete': False},
[36m(TaskRunner pid=706135)[0m                                                             'torch': {'_target_': 'verl.utils.profiler.config.TorchProfilerToolConfig',
[36m(TaskRunner pid=706135)[0m                                                                       'step_end': None,
[36m(TaskRunner pid=706135)[0m                                                                       'step_start': 0},
[36m(TaskRunner pid=706135)[0m                                                             'torch_memory': {'_target_': 'verl.utils.profiler.config.TorchMemoryToolConfig',
[36m(TaskRunner pid=706135)[0m                                                                              'stack_depth': 32,
[36m(TaskRunner pid=706135)[0m                                                                              'trace_alloc_max_entries': 100000}}},
[36m(TaskRunner pid=706135)[0m                                'rollout_n': 2,
[36m(TaskRunner pid=706135)[0m                                'router_replay': {'_target_': 'verl.workers.config.RouterReplayConfig',
[36m(TaskRunner pid=706135)[0m                                                  'mode': 'disabled',
[36m(TaskRunner pid=706135)[0m                                                  'record_file': None,
[36m(TaskRunner pid=706135)[0m                                                  'replay_file': None},
[36m(TaskRunner pid=706135)[0m                                'strategy': 'fsdp',
[36m(TaskRunner pid=706135)[0m                                'ulysses_sequence_parallel_size': 2,
[36m(TaskRunner pid=706135)[0m                                'use_torch_compile': True},
[36m(TaskRunner pid=706135)[0m                        'rollout': {'_target_': 'verl.workers.config.RolloutConfig',
[36m(TaskRunner pid=706135)[0m                                    'agent': {'_target_': 'verl.workers.config.AgentLoopConfig',
[36m(TaskRunner pid=706135)[0m                                              'agent_loop_config_path': None,
[36m(TaskRunner pid=706135)[0m                                              'custom_async_server': {'_target_': 'verl.workers.config.CustomAsyncServerConfig',
[36m(TaskRunner pid=706135)[0m                                                                      'name': None,
[36m(TaskRunner pid=706135)[0m                                                                      'path': None},
[36m(TaskRunner pid=706135)[0m                                              'default_agent_loop': 'single_turn_agent',
[36m(TaskRunner pid=706135)[0m                                              'num_workers': 8},
[36m(TaskRunner pid=706135)[0m                                    'calculate_log_probs': True,
[36m(TaskRunner pid=706135)[0m                                    'cudagraph_capture_sizes': None,
[36m(TaskRunner pid=706135)[0m                                    'data_parallel_size': 1,
[36m(TaskRunner pid=706135)[0m                                    'disable_log_stats': True,
[36m(TaskRunner pid=706135)[0m                                    'do_sample': True,
[36m(TaskRunner pid=706135)[0m                                    'dtype': 'bfloat16',
[36m(TaskRunner pid=706135)[0m                                    'enable_chunked_prefill': True,
[36m(TaskRunner pid=706135)[0m                                    'enable_prefix_caching': True,
[36m(TaskRunner pid=706135)[0m                                    'enable_rollout_routing_replay': False,
[36m(TaskRunner pid=706135)[0m                                    'enforce_eager': False,
[36m(TaskRunner pid=706135)[0m                                    'engine_kwargs': {'sglang': {},
[36m(TaskRunner pid=706135)[0m                                                      'vllm': {'compilation_config': {'pass_config': {'fuse_allreduce_rms': False}},
[36m(TaskRunner pid=706135)[0m                                                               'kernel_config': {'enable_flashinfer_autotune': False}}},
[36m(TaskRunner pid=706135)[0m                                    'expert_parallel_size': 1,
[36m(TaskRunner pid=706135)[0m                                    'free_cache_engine': True,
[36m(TaskRunner pid=706135)[0m                                    'gpu_memory_utilization': 0.45,
[36m(TaskRunner pid=706135)[0m                                    'ignore_eos': False,
[36m(TaskRunner pid=706135)[0m                                    'layered_summon': False,
[36m(TaskRunner pid=706135)[0m                                    'load_format': 'dummy',
[36m(TaskRunner pid=706135)[0m                                    'log_prob_max_token_len_per_gpu': 9216,
[36m(TaskRunner pid=706135)[0m                                    'log_prob_micro_batch_size': None,
[36m(TaskRunner pid=706135)[0m                                    'log_prob_micro_batch_size_per_gpu': 1,
[36m(TaskRunner pid=706135)[0m                                    'log_prob_use_dynamic_bsz': False,
[36m(TaskRunner pid=706135)[0m                                    'logprobs_mode': 'processed_logprobs',
[36m(TaskRunner pid=706135)[0m                                    'max_model_len': 9216,
[36m(TaskRunner pid=706135)[0m                                    'max_num_batched_tokens': 9216,
[36m(TaskRunner pid=706135)[0m                                    'max_num_seqs': 1024,
[36m(TaskRunner pid=706135)[0m                                    'mode': 'async',
[36m(TaskRunner pid=706135)[0m                                    'multi_stage_wake_up': False,
[36m(TaskRunner pid=706135)[0m                                    'multi_turn': {'_target_': 'verl.workers.config.MultiTurnConfig',
[36m(TaskRunner pid=706135)[0m                                                   'enable': False,
[36m(TaskRunner pid=706135)[0m                                                   'format': 'hermes',
[36m(TaskRunner pid=706135)[0m                                                   'interaction_config_path': None,
[36m(TaskRunner pid=706135)[0m                                                   'max_assistant_turns': None,
[36m(TaskRunner pid=706135)[0m                                                   'max_parallel_calls': 1,
[36m(TaskRunner pid=706135)[0m                                                   'max_tool_response_length': 256,
[36m(TaskRunner pid=706135)[0m                                                   'max_user_turns': None,
[36m(TaskRunner pid=706135)[0m                                                   'num_repeat_rollouts': None,
[36m(TaskRunner pid=706135)[0m                                                   'tokenization_sanity_check_mode': 'strict',
[36m(TaskRunner pid=706135)[0m                                                   'tool_config_path': None,
[36m(TaskRunner pid=706135)[0m                                                   'tool_response_truncate_side': 'middle',
[36m(TaskRunner pid=706135)[0m                                                   'use_inference_chat_template': False},
[36m(TaskRunner pid=706135)[0m                                    'n': 2,
[36m(TaskRunner pid=706135)[0m                                    'name': 'vllm',
[36m(TaskRunner pid=706135)[0m                                    'over_sample_rate': 0,
[36m(TaskRunner pid=706135)[0m                                    'pipeline_model_parallel_size': 1,
[36m(TaskRunner pid=706135)[0m                                    'profiler': {'_target_': 'verl.utils.profiler.ProfilerConfig',
[36m(TaskRunner pid=706135)[0m                                                 'all_ranks': False,
[36m(TaskRunner pid=706135)[0m                                                 'enable': False,
[36m(TaskRunner pid=706135)[0m                                                 'ranks': [],
[36m(TaskRunner pid=706135)[0m                                                 'save_path': 'outputs/profile',
[36m(TaskRunner pid=706135)[0m                                                 'tool': None,
[36m(TaskRunner pid=706135)[0m                                                 'tool_config': {'npu': {'_target_': 'verl.utils.profiler.config.NPUToolConfig',
[36m(TaskRunner pid=706135)[0m                                                                         'analysis': True,
[36m(TaskRunner pid=706135)[0m                                                                         'contents': [],
[36m(TaskRunner pid=706135)[0m                                                                         'discrete': False,
[36m(TaskRunner pid=706135)[0m                                                                         'level': 'level0'},
[36m(TaskRunner pid=706135)[0m                                                                 'nsys': {'_target_': 'verl.utils.profiler.config.NsightToolConfig',
[36m(TaskRunner pid=706135)[0m                                                                          'discrete': False},
[36m(TaskRunner pid=706135)[0m                                                                 'torch': {'_target_': 'verl.utils.profiler.config.TorchProfilerToolConfig',
[36m(TaskRunner pid=706135)[0m                                                                           'step_end': None,
[36m(TaskRunner pid=706135)[0m                                                                           'step_start': 0},
[36m(TaskRunner pid=706135)[0m                                                                 'torch_memory': {'_target_': 'verl.utils.profiler.config.TorchMemoryToolConfig',
[36m(TaskRunner pid=706135)[0m                                                                                  'stack_depth': 32,
[36m(TaskRunner pid=706135)[0m                                                                                  'trace_alloc_max_entries': 100000}}},
[36m(TaskRunner pid=706135)[0m                                    'prometheus': {'_target_': 'verl.workers.config.PrometheusConfig',
[36m(TaskRunner pid=706135)[0m                                                   'enable': False,
[36m(TaskRunner pid=706135)[0m                                                   'file': '/tmp/ray/session_latest/metrics/prometheus/prometheus.yml',
[36m(TaskRunner pid=706135)[0m                                                   'port': 9090,
[36m(TaskRunner pid=706135)[0m                                                   'served_model_name': 'Qwen/Qwen3.5-4B'},
[36m(TaskRunner pid=706135)[0m                                    'prompt_length': 8192,
[36m(TaskRunner pid=706135)[0m                                    'quantization': None,
[36m(TaskRunner pid=706135)[0m                                    'quantization_config_file': None,
[36m(TaskRunner pid=706135)[0m                                    'response_length': 1024,
[36m(TaskRunner pid=706135)[0m                                    'scheduling_policy': 'fcfs',
[36m(TaskRunner pid=706135)[0m                                    'skip_dump_dir': '/tmp/rollout_dump',
[36m(TaskRunner pid=706135)[0m                                    'skip_rollout': False,
[36m(TaskRunner pid=706135)[0m                                    'skip_tokenizer_init': True,
[36m(TaskRunner pid=706135)[0m                                    'temperature': 1.0,
[36m(TaskRunner pid=706135)[0m                                    'tensor_model_parallel_size': 1,
[36m(TaskRunner pid=706135)[0m                                    'top_k': -1,
[36m(TaskRunner pid=706135)[0m                                    'top_p': 1,
[36m(TaskRunner pid=706135)[0m                                    'trace': {'_target_': 'verl.workers.config.TraceConfig',
[36m(TaskRunner pid=706135)[0m                                              'backend': None,
[36m(TaskRunner pid=706135)[0m                                              'max_samples_per_step_per_worker': None,
[36m(TaskRunner pid=706135)[0m                                              'token2text': False},
[36m(TaskRunner pid=706135)[0m                                    'update_weights_bucket_megabytes': 512,
[36m(TaskRunner pid=706135)[0m                                    'val_kwargs': {'_target_': 'verl.workers.config.SamplingConfig',
[36m(TaskRunner pid=706135)[0m                                                   'do_sample': False,
[36m(TaskRunner pid=706135)[0m                                                   'n': 1,
[36m(TaskRunner pid=706135)[0m                                                   'temperature': 0,
[36m(TaskRunner pid=706135)[0m                                                   'top_k': -1,
[36m(TaskRunner pid=706135)[0m                                                   'top_p': 1.0}}},
[36m(TaskRunner pid=706135)[0m  'algorithm': {'_target_': 'verl.trainer.config.AlgoConfig',
[36m(TaskRunner pid=706135)[0m                'adv_estimator': 'grpo',
[36m(TaskRunner pid=706135)[0m                'gamma': 1.0,
[36m(TaskRunner pid=706135)[0m                'kl_ctrl': {'_target_': 'verl.trainer.config.KLControlConfig',
[36m(TaskRunner pid=706135)[0m                            'horizon': 10000,
[36m(TaskRunner pid=706135)[0m                            'kl_coef': 0.001,
[36m(TaskRunner pid=706135)[0m                            'target_kl': 0.1,
[36m(TaskRunner pid=706135)[0m                            'type': 'fixed'},
[36m(TaskRunner pid=706135)[0m                'kl_penalty': 'kl',
[36m(TaskRunner pid=706135)[0m                'lam': 1.0,
[36m(TaskRunner pid=706135)[0m                'norm_adv_by_std_in_grpo': False,
[36m(TaskRunner pid=706135)[0m                'pf_ppo': {'reweight_method': 'pow', 'weight_pow': 2.0},
[36m(TaskRunner pid=706135)[0m                'rollout_correction': {'bypass_mode': False,
[36m(TaskRunner pid=706135)[0m                                       'loss_type': 'ppo_clip',
[36m(TaskRunner pid=706135)[0m                                       'rollout_is': 'token',
[36m(TaskRunner pid=706135)[0m                                       'rollout_is_batch_normalize': False,
[36m(TaskRunner pid=706135)[0m                                       'rollout_is_threshold': 2.0,
[36m(TaskRunner pid=706135)[0m                                       'rollout_rs': None,
[36m(TaskRunner pid=706135)[0m                                       'rollout_rs_threshold': None},
[36m(TaskRunner pid=706135)[0m                'use_kl_in_reward': False,
[36m(TaskRunner pid=706135)[0m                'use_pf_ppo': False},
[36m(TaskRunner pid=706135)[0m  'critic': {'_target_': 'verl.workers.config.FSDPCriticConfig',
[36m(TaskRunner pid=706135)[0m             'checkpoint': {'_target_': 'verl.trainer.config.CheckpointConfig',
[36m(TaskRunner pid=706135)[0m                            'async_save': False,
[36m(TaskRunner pid=706135)[0m                            'load_contents': ['model', 'optimizer', 'extra'],
[36m(TaskRunner pid=706135)[0m                            'save_contents': ['model', 'optimizer', 'extra']},
[36m(TaskRunner pid=706135)[0m             'cliprange_value': 0.5,
[36m(TaskRunner pid=706135)[0m             'data_loader_seed': 42,
[36m(TaskRunner pid=706135)[0m             'enable': None,
[36m(TaskRunner pid=706135)[0m             'forward_max_token_len_per_gpu': 32768,
[36m(TaskRunner pid=706135)[0m             'forward_micro_batch_size': None,
[36m(TaskRunner pid=706135)[0m             'forward_micro_batch_size_per_gpu': None,
[36m(TaskRunner pid=706135)[0m             'grad_clip': 1.0,
[36m(TaskRunner pid=706135)[0m             'loss_agg_mode': 'token-mean',
[36m(TaskRunner pid=706135)[0m             'model': {'_target_': 'verl.workers.config.FSDPCriticModelCfg',
[36m(TaskRunner pid=706135)[0m                       'enable_activation_offload': False,
[36m(TaskRunner pid=706135)[0m                       'enable_gradient_checkpointing': True,
[36m(TaskRunner pid=706135)[0m                       'external_lib': None,
[36m(TaskRunner pid=706135)[0m                       'fsdp_config': {'_target_': 'verl.workers.config.FSDPEngineConfig',
[36m(TaskRunner pid=706135)[0m                                       'dtype': 'bfloat16',
[36m(TaskRunner pid=706135)[0m                                       'entropy_checkpointing': False,
[36m(TaskRunner pid=706135)[0m                                       'entropy_from_logits_with_chunking': False,
[36m(TaskRunner pid=706135)[0m                                       'forward_only': False,
[36m(TaskRunner pid=706135)[0m                                       'forward_prefetch': False,
[36m(TaskRunner pid=706135)[0m                                       'fsdp_size': -1,
[36m(TaskRunner pid=706135)[0m                                       'full_determinism': False,
[36m(TaskRunner pid=706135)[0m                                       'model_dtype': 'fp32',
[36m(TaskRunner pid=706135)[0m                                       'offload_policy': False,
[36m(TaskRunner pid=706135)[0m                                       'optimizer_offload': False,
[36m(TaskRunner pid=706135)[0m                                       'param_offload': False,
[36m(TaskRunner pid=706135)[0m                                       'reshard_after_forward': True,
[36m(TaskRunner pid=706135)[0m                                       'seed': 42,
[36m(TaskRunner pid=706135)[0m                                       'strategy': 'fsdp',
[36m(TaskRunner pid=706135)[0m                                       'ulysses_sequence_parallel_size': 1,
[36m(TaskRunner pid=706135)[0m                                       'use_orig_params': False,
[36m(TaskRunner pid=706135)[0m                                       'use_torch_compile': True,
[36m(TaskRunner pid=706135)[0m                                       'wrap_policy': {'min_num_params': 0}},
[36m(TaskRunner pid=706135)[0m                       'lora_alpha': 16,
[36m(TaskRunner pid=706135)[0m                       'lora_rank': 0,
[36m(TaskRunner pid=706135)[0m                       'override_config': {},
[36m(TaskRunner pid=706135)[0m                       'path': 'Qwen/Qwen3.5-4B',
[36m(TaskRunner pid=706135)[0m                       'target_modules': 'all-linear',
[36m(TaskRunner pid=706135)[0m                       'tiled_mlp': {'enabled': False, 'num_shards': 4},
[36m(TaskRunner pid=706135)[0m                       'tokenizer_path': 'Qwen/Qwen3.5-4B',
[36m(TaskRunner pid=706135)[0m                       'trust_remote_code': True,
[36m(TaskRunner pid=706135)[0m                       'use_remove_padding': False,
[36m(TaskRunner pid=706135)[0m                       'use_shm': False},
[36m(TaskRunner pid=706135)[0m             'optim': {'_target_': 'verl.workers.config.FSDPOptimizerConfig',
[36m(TaskRunner pid=706135)[0m                       'betas': [0.9, 0.999],
[36m(TaskRunner pid=706135)[0m                       'clip_grad': 1.0,
[36m(TaskRunner pid=706135)[0m                       'lr': 1e-05,
[36m(TaskRunner pid=706135)[0m                       'lr_scheduler_type': 'constant',
[36m(TaskRunner pid=706135)[0m                       'lr_warmup_steps': -1,
[36m(TaskRunner pid=706135)[0m                       'lr_warmup_steps_ratio': 0.0,
[36m(TaskRunner pid=706135)[0m                       'min_lr_ratio': 0.0,
[36m(TaskRunner pid=706135)[0m                       'num_cycles': 0.5,
[36m(TaskRunner pid=706135)[0m                       'optimizer': 'AdamW',
[36m(TaskRunner pid=706135)[0m                       'optimizer_impl': 'torch.optim',
[36m(TaskRunner pid=706135)[0m                       'override_optimizer_config': None,
[36m(TaskRunner pid=706135)[0m                       'total_training_steps': -1,
[36m(TaskRunner pid=706135)[0m                       'warmup_style': None,
[36m(TaskRunner pid=706135)[0m                       'weight_decay': 0.01},
[36m(TaskRunner pid=706135)[0m             'ppo_epochs': 1,
[36m(TaskRunner pid=706135)[0m             'ppo_max_token_len_per_gpu': 32768,
[36m(TaskRunner pid=706135)[0m             'ppo_micro_batch_size': None,
[36m(TaskRunner pid=706135)[0m             'ppo_micro_batch_size_per_gpu': None,
[36m(TaskRunner pid=706135)[0m             'ppo_mini_batch_size': 48,
[36m(TaskRunner pid=706135)[0m             'profiler': {'_target_': 'verl.utils.profiler.ProfilerConfig',
[36m(TaskRunner pid=706135)[0m                          'all_ranks': False,
[36m(TaskRunner pid=706135)[0m                          'enable': False,
[36m(TaskRunner pid=706135)[0m                          'ranks': [],
[36m(TaskRunner pid=706135)[0m                          'save_path': 'outputs/profile',
[36m(TaskRunner pid=706135)[0m                          'tool': None,
[36m(TaskRunner pid=706135)[0m                          'tool_config': {'npu': {'_target_': 'verl.utils.profiler.config.NPUToolConfig',
[36m(TaskRunner pid=706135)[0m                                                  'analysis': True,
[36m(TaskRunner pid=706135)[0m                                                  'contents': [],
[36m(TaskRunner pid=706135)[0m                                                  'discrete': False,
[36m(TaskRunner pid=706135)[0m                                                  'level': 'level0'},
[36m(TaskRunner pid=706135)[0m                                          'nsys': {'_target_': 'verl.utils.profiler.config.NsightToolConfig',
[36m(TaskRunner pid=706135)[0m                                                   'discrete': False},
[36m(TaskRunner pid=706135)[0m                                          'torch': {'_target_': 'verl.utils.profiler.config.TorchProfilerToolConfig',
[36m(TaskRunner pid=706135)[0m                                                    'step_end': None,
[36m(TaskRunner pid=706135)[0m                                                    'step_start': 0},
[36m(TaskRunner pid=706135)[0m                                          'torch_memory': {'_target_': 'verl.utils.profiler.config.TorchMemoryToolConfig',
[36m(TaskRunner pid=706135)[0m                                                           'stack_depth': 32,
[36m(TaskRunner pid=706135)[0m                                                           'trace_alloc_max_entries': 100000}}},
[36m(TaskRunner pid=706135)[0m             'rollout_n': 2,
[36m(TaskRunner pid=706135)[0m             'shuffle': False,
[36m(TaskRunner pid=706135)[0m             'strategy': 'fsdp',
[36m(TaskRunner pid=706135)[0m             'ulysses_sequence_parallel_size': 1,
[36m(TaskRunner pid=706135)[0m             'use_dynamic_bsz': False},
[36m(TaskRunner pid=706135)[0m  'custom_reward_function': {'name': 'compute_score', 'path': None},
[36m(TaskRunner pid=706135)[0m  'data': {'apply_chat_template_kwargs': {},
[36m(TaskRunner pid=706135)[0m           'custom_cls': {'name': None, 'path': None},
[36m(TaskRunner pid=706135)[0m           'datagen': {'name': None, 'path': None},
[36m(TaskRunner pid=706135)[0m           'dataloader_num_workers': 8,
[36m(TaskRunner pid=706135)[0m           'filter_overlong_prompts': False,
[36m(TaskRunner pid=706135)[0m           'filter_overlong_prompts_workers': 1,
[36m(TaskRunner pid=706135)[0m           'image_key': 'images',
[36m(TaskRunner pid=706135)[0m           'image_patch_size': 14,
[36m(TaskRunner pid=706135)[0m           'max_prompt_length': 8192,
[36m(TaskRunner pid=706135)[0m           'max_response_length': 1024,
[36m(TaskRunner pid=706135)[0m           'prompt_key': 'prompt',
[36m(TaskRunner pid=706135)[0m           'return_full_prompt': False,
[36m(TaskRunner pid=706135)[0m           'return_multi_modal_inputs': True,
[36m(TaskRunner pid=706135)[0m           'return_raw_chat': True,
[36m(TaskRunner pid=706135)[0m           'return_raw_input_ids': False,
[36m(TaskRunner pid=706135)[0m           'reward_fn_key': 'data_source',
[36m(TaskRunner pid=706135)[0m           'sampler': {'class_name': None, 'class_path': None},
[36m(TaskRunner pid=706135)[0m           'seed': None,
[36m(TaskRunner pid=706135)[0m           'shuffle': True,
[36m(TaskRunner pid=706135)[0m           'tokenizer': None,
[36m(TaskRunner pid=706135)[0m           'tool_config_path': None,
[36m(TaskRunner pid=706135)[0m           'train_batch_size': 48,
[36m(TaskRunner pid=706135)[0m           'train_files': ['/sfs/weka/scratch/nkw3mr/Vision-OPD-OPSA/data/TreeVGR-RL-37K/train_6karmA_aha.parquet'],
[36m(TaskRunner pid=706135)[0m           'train_max_samples': -1,
[36m(TaskRunner pid=706135)[0m           'truncation': 'error',
[36m(TaskRunner pid=706135)[0m           'trust_remote_code': True,
[36m(TaskRunner pid=706135)[0m           'use_shm': False,
[36m(TaskRunner pid=706135)[0m           'val_batch_size': None,
[36m(TaskRunner pid=706135)[0m           'val_files': [],
[36m(TaskRunner pid=706135)[0m           'val_max_samples': -1,
[36m(TaskRunner pid=706135)[0m           'validation_shuffle': False,
[36m(TaskRunner pid=706135)[0m           'video_key': 'videos'},
[36m(TaskRunner pid=706135)[0m  'global_profiler': {'_target_': 'verl.utils.profiler.ProfilerConfig',
[36m(TaskRunner pid=706135)[0m                      'global_tool_config': {'nsys': {'_target_': 'verl.utils.profiler.config.NsightToolConfig',
[36m(TaskRunner pid=706135)[0m                                                      'controller_nsight_options': {'cuda-graph-trace': 'graph',
[36m(TaskRunner pid=706135)[0m                                                                                    'cuda-memory-usage': 'true',
[36m(TaskRunner pid=706135)[0m                                                                                    'trace': 'cuda,nvtx,cublas,ucx'},
[36m(TaskRunner pid=706135)[0m                                                      'discrete': False,
[36m(TaskRunner pid=706135)[0m                                                      'worker_nsight_options': {'capture-range': 'cudaProfilerApi',
[36m(TaskRunner pid=706135)[0m                                                                                'capture-range-end': None,
[36m(TaskRunner pid=706135)[0m                                                                                'cuda-graph-trace': 'graph',
[36m(TaskRunner pid=706135)[0m                                                                                'cuda-memory-usage': 'true',
[36m(TaskRunner pid=706135)[0m                                                                                'kill': 'none',
[36m(TaskRunner pid=706135)[0m                                                                                'trace': 'cuda,nvtx,cublas,ucx'}},
[36m(TaskRunner pid=706135)[0m                                             'torch_memory': {'context': 'all',
[36m(TaskRunner pid=706135)[0m                                                              'kw_args': {},
[36m(TaskRunner pid=706135)[0m                                                              'stack_depth': 32,
[36m(TaskRunner pid=706135)[0m                                                              'stacks': 'all',
[36m(TaskRunner pid=706135)[0m                                                              'trace_alloc_max_entries': 100000}},
[36m(TaskRunner pid=706135)[0m                      'profile_continuous_steps': False,
[36m(TaskRunner pid=706135)[0m                      'save_path': 'outputs/profile',
[36m(TaskRunner pid=706135)[0m                      'steps': None,
[36m(TaskRunner pid=706135)[0m                      'tool': None},
[36m(TaskRunner pid=706135)[0m  'max_model_len': 18944,
[36m(TaskRunner pid=706135)[0m  'ray_kwargs': {'ray_init': {'num_cpus': None}, 'timeline_json_file': None},
[36m(TaskRunner pid=706135)[0m  'reward_manager': {'_target_': 'verl.trainer.config.config.RewardManagerConfig',
[36m(TaskRunner pid=706135)[0m                     'module': {'_target_': 'verl.trainer.config.config.ModuleConfig',
[36m(TaskRunner pid=706135)[0m                                'name': 'custom_reward_manager',
[36m(TaskRunner pid=706135)[0m                                'path': None},
[36m(TaskRunner pid=706135)[0m                     'name': 'naive',
[36m(TaskRunner pid=706135)[0m                     'source': 'register'},
[36m(TaskRunner pid=706135)[0m  'reward_model': {'enable': False,
[36m(TaskRunner pid=706135)[0m                   'enable_resource_pool': False,
[36m(TaskRunner pid=706135)[0m                   'forward_max_token_len_per_gpu': 32768,
[36m(TaskRunner pid=706135)[0m                   'launch_reward_fn_async': False,
[36m(TaskRunner pid=706135)[0m                   'max_length': None,
[36m(TaskRunner pid=706135)[0m                   'micro_batch_size': None,
[36m(TaskRunner pid=706135)[0m                   'micro_batch_size_per_gpu': None,
[36m(TaskRunner pid=706135)[0m                   'model': {'external_lib': None,
[36m(TaskRunner pid=706135)[0m                             'fsdp_config': {'_target_': 'verl.workers.config.FSDPEngineConfig',
[36m(TaskRunner pid=706135)[0m                                             'forward_prefetch': False,
[36m(TaskRunner pid=706135)[0m                                             'fsdp_size': -1,
[36m(TaskRunner pid=706135)[0m                                             'param_offload': False,
[36m(TaskRunner pid=706135)[0m                                             'reshard_after_forward': True,
[36m(TaskRunner pid=706135)[0m                                             'wrap_policy': {'min_num_params': 0}},
[36m(TaskRunner pid=706135)[0m                             'input_tokenizer': 'Qwen/Qwen3.5-4B',
[36m(TaskRunner pid=706135)[0m                             'override_config': {},
[36m(TaskRunner pid=706135)[0m                             'path': '~/models/FsfairX-LLaMA3-RM-v0.1',
[36m(TaskRunner pid=706135)[0m                             'trust_remote_code': False,
[36m(TaskRunner pid=706135)[0m                             'use_fused_kernels': False,
[36m(TaskRunner pid=706135)[0m                             'use_remove_padding': False,
[36m(TaskRunner pid=706135)[0m                             'use_shm': False},
[36m(TaskRunner pid=706135)[0m                   'n_gpus_per_node': 8,
[36m(TaskRunner pid=706135)[0m                   'nnodes': 0,
[36m(TaskRunner pid=706135)[0m                   'num_workers': 1,
[36m(TaskRunner pid=706135)[0m                   'profiler': {'_target_': 'verl.utils.profiler.ProfilerConfig',
[36m(TaskRunner pid=706135)[0m                                'all_ranks': False,
[36m(TaskRunner pid=706135)[0m                                'enable': False,
[36m(TaskRunner pid=706135)[0m                                'ranks': [],
[36m(TaskRunner pid=706135)[0m                                'save_path': 'outputs/profile',
[36m(TaskRunner pid=706135)[0m                                'tool': None,
[36m(TaskRunner pid=706135)[0m                                'tool_config': {'npu': {'_target_': 'verl.utils.profiler.config.NPUToolConfig',
[36m(TaskRunner pid=706135)[0m                                                        'analysis': True,
[36m(TaskRunner pid=706135)[0m                                                        'contents': [],
[36m(TaskRunner pid=706135)[0m                                                        'discrete': False,
[36m(TaskRunner pid=706135)[0m                                                        'level': 'level0'},
[36m(TaskRunner pid=706135)[0m                                                'nsys': {'_target_': 'verl.utils.profiler.config.NsightToolConfig',
[36m(TaskRunner pid=706135)[0m                                                         'discrete': False},
[36m(TaskRunner pid=706135)[0m                                                'torch': {'_target_': 'verl.utils.profiler.config.TorchProfilerToolConfig',
[36m(TaskRunner pid=706135)[0m                                                          'step_end': None,
[36m(TaskRunner pid=706135)[0m                                                          'step_start': 0},
[36m(TaskRunner pid=706135)[0m                                                'torch_memory': {'_target_': 'verl.utils.profiler.config.TorchMemoryToolConfig',
[36m(TaskRunner pid=706135)[0m                                                                 'stack_depth': 32,
[36m(TaskRunner pid=706135)[0m                                                                 'trace_alloc_max_entries': 100000}}},
[36m(TaskRunner pid=706135)[0m                   'reward_loop_class_name': None,
[36m(TaskRunner pid=706135)[0m                   'reward_loop_module_path': None,
[36m(TaskRunner pid=706135)[0m                   'reward_loop_source': 'register',
[36m(TaskRunner pid=706135)[0m                   'reward_manager': 'naive',
[36m(TaskRunner pid=706135)[0m                   'rollout': {'_target_': 'verl.workers.config.RolloutConfig',
[36m(TaskRunner pid=706135)[0m                               'cudagraph_capture_sizes': None,
[36m(TaskRunner pid=706135)[0m                               'data_parallel_size': 1,
[36m(TaskRunner pid=706135)[0m                               'disable_log_stats': True,
[36m(TaskRunner pid=706135)[0m                               'dtype': 'bfloat16',
[36m(TaskRunner pid=706135)[0m                               'enable_chunked_prefill': True,
[36m(TaskRunner pid=706135)[0m                               'enable_prefix_caching': True,
[36m(TaskRunner pid=706135)[0m                               'enforce_eager': True,
[36m(TaskRunner pid=706135)[0m                               'engine_kwargs': {},
[36m(TaskRunner pid=706135)[0m                               'expert_parallel_size': 1,
[36m(TaskRunner pid=706135)[0m                               'free_cache_engine': True,
[36m(TaskRunner pid=706135)[0m                               'gpu_memory_utilization': 0.5,
[36m(TaskRunner pid=706135)[0m                               'limit_images': None,
[36m(TaskRunner pid=706135)[0m                               'load_format': 'auto',
[36m(TaskRunner pid=706135)[0m                               'max_model_len': None,
[36m(TaskRunner pid=706135)[0m                               'max_num_batched_tokens': 8192,
[36m(TaskRunner pid=706135)[0m                               'max_num_seqs': 1024,
[36m(TaskRunner pid=706135)[0m                               'name': '???',
[36m(TaskRunner pid=706135)[0m                               'prompt_length': 2048,
[36m(TaskRunner pid=706135)[0m                               'response_length': 2048,
[36m(TaskRunner pid=706135)[0m                               'skip_tokenizer_init': False,
[36m(TaskRunner pid=706135)[0m /sfs/weka/scratch/nkw3mr/Vision-OPD-OPSA/verl/trainer/main_ppo.py:320: UserWarning: Disabled critic as algorithm.adv_estimator != gae. If it is not intended, please set critic.enable=True
[36m(TaskRunner pid=706135)[0m   use_critic=need_critic(config),
[36m(TaskRunner pid=706135)[0m /sfs/weka/scratch/nkw3mr/Vision-OPD-OPSA/verl/utils/profiler/config.py:52: UserWarning: Torch profiler tool config is not fully supported now.
[36m(TaskRunner pid=706135)[0m   warnings.warn("Torch profiler tool config is not fully supported now.", stacklevel=1)
[36m(TaskRunner pid=706135)[0m Warning: You are sending unauthenticated requests to the HF Hub. Please set a HF_TOKEN to enable higher rate limits and faster downloads.
[36m(TaskRunner pid=706135)[0m WARNING:2026-09-10 00:22:29,992:Warning: You are sending unauthenticated requests to the HF Hub. Please set a HF_TOKEN to enable higher rate limits and faster downloads.
[36m(TaskRunner pid=706135)[0m The `use_fast` parameter is deprecated and will be removed in a future version. Use `backend="torchvision"` instead of `use_fast=True`, or `backend="pil"` instead of `use_fast=False`.
[36m(TaskRunner pid=706135)[0m /sfs/weka/scratch/nkw3mr/Vision-OPD-OPSA/verl/trainer/ppo/ray_trainer.py:389: UserWarning: Disabled critic as algorithm.adv_estimator != gae. If it is not intended, please set critic.enable=True
[36m(TaskRunner pid=706135)[0m   self.use_critic = need_critic(self.config)
[36m(WorkerDict pid=736488)[0m [W910 00:22:40.047197624 socket.cpp:764] [c10d] The client socket cannot be initialized to connect to [udc-aw37-6-s.hpc.virginia.edu]:33651 (errno: 97 - Address family not supported by protocol).
[36m(WorkerDict pid=736488)[0m Warning: You are sending unauthenticated requests to the HF Hub. Please set a HF_TOKEN to enable higher rate limits and faster downloads.
[36m(WorkerDict pid=736488)[0m WARNING:2026-09-10 00:22:40,936:Warning: You are sending unauthenticated requests to the HF Hub. Please set a HF_TOKEN to enable higher rate limits and faster downloads.
[36m(TaskRunner pid=706135)[0m                               'tensor_model_parallel_size': 2},
[36m(TaskRunner pid=706135)[0m                   'sandbox_fusion': {'max_concurrent': 64,
[36m(TaskRunner pid=706135)[0m                                      'memory_limit_mb': 1024,
[36m(TaskRunner pid=706135)[0m                                      'url': None},
[36m(TaskRunner pid=706135)[0m                   'strategy': 'fsdp',
[36m(TaskRunner pid=706135)[0m                   'ulysses_sequence_parallel_size': 1,
[36m(TaskRunner pid=706135)[0m                   'use_dynamic_bsz': False,
[36m(TaskRunner pid=706135)[0m                   'use_reward_loop': False},
[36m(TaskRunner pid=706135)[0m  'trainer': {'balance_batch': True,
[36m(TaskRunner pid=706135)[0m              'critic_warmup': 0,
[36m(TaskRunner pid=706135)[0m              'default_hdfs_dir': None,
[36m(TaskRunner pid=706135)[0m              'default_local_dir': '/sfs/weka/scratch/nkw3mr/Vision-OPD-OPSA/checkpoints/Aha-floor-Qwen3.5-4B-6karmA',
[36m(TaskRunner pid=706135)[0m              'del_local_ckpt_after_load': False,
[36m(TaskRunner pid=706135)[0m              'device': 'cuda',
[36m(TaskRunner pid=706135)[0m              'esi_redundant_time': 0,
[36m(TaskRunner pid=706135)[0m              'experiment_name': 'Aha-floor-Qwen3.5-4B-6karmA',
[36m(TaskRunner pid=706135)[0m              'group_name': 'Aha-floor-Qwen3.5-4B-6karmA',
[36m(TaskRunner pid=706135)[0m              'log_val_generations': 0,
[36m(TaskRunner pid=706135)[0m              'logger': ['console', 'tensorboard', 'wandb'],
[36m(TaskRunner pid=706135)[0m              'max_actor_ckpt_to_keep': None,
[36m(TaskRunner pid=706135)[0m              'max_critic_ckpt_to_keep': None,
[36m(TaskRunner pid=706135)[0m              'n_gpus_per_node': 2,
[36m(TaskRunner pid=706135)[0m              'nnodes': 1,
[36m(TaskRunner pid=706135)[0m              'project_name': 'Vision-OPD-StateAdaptive',
[36m(TaskRunner pid=706135)[0m              'ray_wait_register_center_timeout': 300,
[36m(TaskRunner pid=706135)[0m              'resume_from_path': None,
[36m(TaskRunner pid=706135)[0m              'resume_mode': 'auto',
[36m(TaskRunner pid=706135)[0m              'rollout_data_dir': '/sfs/weka/scratch/nkw3mr/Vision-OPD-OPSA/rollouts/Aha-floor-Qwen3.5-4B-6karmA',
[36m(TaskRunner pid=706135)[0m              'save_freq': 5,
[36m(TaskRunner pid=706135)[0m              'test_freq': -1,
[36m(TaskRunner pid=706135)[0m              'total_epochs': 1,
[36m(TaskRunner pid=706135)[0m              'total_training_steps': None,
[36m(TaskRunner pid=706135)[0m              'use_legacy_worker_impl': 'auto',
[36m(TaskRunner pid=706135)[0m              'val_before_train': False,
[36m(TaskRunner pid=706135)[0m              'val_only': False,
[36m(TaskRunner pid=706135)[0m              'validation_data_dir': None},
[36m(TaskRunner pid=706135)[0m  'transfer_queue': {'enable': False},
[36m(TaskRunner pid=706135)[0m  'vars': {'ckpt_dir': './checkpoints', 'dir': './data', 'log_dir': './output'}}
[36m(TaskRunner pid=706135)[0m [validate_config] All configuration checks passed successfully!
[36m(TaskRunner pid=706135)[0m Using dataset class: RLHFDataset
[36m(TaskRunner pid=706135)[0m dataset len: 2459
[36m(TaskRunner pid=706135)[0m Size of train dataloader: 51, Size of val dataloader: 0
[36m(TaskRunner pid=706135)[0m Total training steps: 51
[36m(TaskRunner pid=706135)[0m colocated worker base class <class 'verl.single_controller.base.worker.Worker'>
[36m(TaskRunner pid=706135)[0m bind role actor_rollout_ref method chat_completion to class <class 'verl.single_controller.ray.base.create_colocated_worker_cls.<locals>.WorkerDict'>
[36m(TaskRunner pid=706135)[0m bind role actor_rollout_ref method generate to class <class 'verl.single_controller.ray.base.create_colocated_worker_cls.<locals>.WorkerDict'>
[36m(TaskRunner pid=706135)[0m bind role actor_rollout_ref method get_zeromq_address to class <class 'verl.single_controller.ray.base.create_colocated_worker_cls.<locals>.WorkerDict'>
[36m(TaskRunner pid=706135)[0m bind role actor_rollout_ref method sleep to class <class 'verl.single_controller.ray.base.create_colocated_worker_cls.<locals>.WorkerDict'>
[36m(TaskRunner pid=706135)[0m bind role actor_rollout_ref method wake_up to class <class 'verl.single_controller.ray.base.create_colocated_worker_cls.<locals>.WorkerDict'>
[36m(WorkerDict pid=736488)[0m [Gloo] Rank 1 is connected to 1 peer ranks. Expected number of connected peer ranks is : 1
[36m(WorkerDict pid=736480)[0m Model config after override: Qwen3_5Config {
[36m(WorkerDict pid=736480)[0m   "architectures": [
[36m(WorkerDict pid=736480)[0m     "Qwen3_5ForConditionalGeneration"
[36m(WorkerDict pid=736480)[0m   ],
[36m(WorkerDict pid=736480)[0m   "bos_token_id": null,
[36m(WorkerDict pid=736480)[0m   "eos_token_id": 248046,
[36m(WorkerDict pid=736480)[0m   "image_token_id": 248056,
[36m(WorkerDict pid=736480)[0m   "model_type": "qwen3_5",
[36m(WorkerDict pid=736480)[0m   "pad_token_id": 248044,
[36m(WorkerDict pid=736480)[0m   "text_config": {
[36m(WorkerDict pid=736480)[0m     "attention_bias": false,
[36m(WorkerDict pid=736480)[0m     "attention_dropout": 0.0,
[36m(WorkerDict pid=736480)[0m     "attn_output_gate": true,
[36m(WorkerDict pid=736480)[0m     "bos_token_id": null,
[36m(WorkerDict pid=736480)[0m     "dtype": "bfloat16",
[36m(WorkerDict pid=736480)[0m     "eos_token_id": 248044,
[36m(WorkerDict pid=736480)[0m     "full_attention_interval": 4,
[36m(WorkerDict pid=736480)[0m     "head_dim": 256,
[36m(WorkerDict pid=736480)[0m     "hidden_act": "silu",
[36m(WorkerDict pid=736480)[0m     "hidden_size": 2560,
[36m(WorkerDict pid=736480)[0m     "initializer_range": 0.02,
[36m(WorkerDict pid=736480)[0m     "intermediate_size": 9216,
[36m(WorkerDict pid=736480)[0m     "layer_types": [
[36m(WorkerDict pid=736480)[0m       "linear_attention",
[36m(WorkerDict pid=736480)[0m       "linear_attention",
[36m(WorkerDict pid=736480)[0m       "linear_attention",
[36m(WorkerDict pid=736480)[0m       "full_attention",
[36m(WorkerDict pid=736480)[0m       "linear_attention",
[36m(WorkerDict pid=736480)[0m       "linear_attention",
[36m(WorkerDict pid=736480)[0m       "linear_attention",
[36m(WorkerDict pid=736480)[0m       "full_attention",
[36m(WorkerDict pid=736480)[0m       "linear_attention",
[36m(WorkerDict pid=736480)[0m       "linear_attention",
[36m(WorkerDict pid=736480)[0m       "linear_attention",
[36m(WorkerDict pid=736480)[0m       "full_attention",
[36m(WorkerDict pid=736480)[0m       "linear_attention",
[36m(WorkerDict pid=736480)[0m       "linear_attention",
[36m(WorkerDict pid=736480)[0m       "linear_attention",
[36m(WorkerDict pid=736480)[0m       "full_attention",
[36m(WorkerDict pid=736480)[0m       "linear_attention",
[36m(WorkerDict pid=736480)[0m       "linear_attention",
[36m(WorkerDict pid=736480)[0m       "linear_attention",
[36m(WorkerDict pid=736480)[0m       "full_attention",
[36m(WorkerDict pid=736480)[0m       "linear_attention",
[36m(WorkerDict pid=736480)[0m       "linear_attention",
[36m(WorkerDict pid=736480)[0m       "linear_attention",
[36m(WorkerDict pid=736480)[0m       "full_attention",
[36m(WorkerDict pid=736480)[0m       "linear_attention",
[36m(WorkerDict pid=736480)[0m       "linear_attention",
[36m(WorkerDict pid=736480)[0m       "linear_attention",
[36m(WorkerDict pid=736480)[0m       "full_attention",
[36m(WorkerDict pid=736480)[0m       "linear_attention",
[36m(WorkerDict pid=736480)[0m       "linear_attention",
[36m(WorkerDict pid=736480)[0m       "linear_attention",
[36m(WorkerDict pid=736480)[0m       "full_attention"
[36m(WorkerDict pid=736480)[0m     ],
[36m(WorkerDict pid=736480)[0m     "linear_conv_kernel_dim": 4,
[36m(WorkerDict pid=736480)[0m     "linear_key_head_dim": 128,
[36m(WorkerDict pid=736480)[0m     "linear_num_key_heads": 16,
[36m(WorkerDict pid=736480)[0m     "linear_num_value_heads": 32,
[36m(WorkerDict pid=736480)[0m     "linear_value_head_dim": 128,
[36m(WorkerDict pid=736480)[0m     "mamba_ssm_dtype": "float32",
[36m(WorkerDict pid=736488)[0m Flash Attention 2 only supports torch.float16 and torch.bfloat16 dtypes, but the current dype in Qwen3_5ForConditionalGeneration is torch.float32. You should run training or inference using Automatic Mixed-Precision via the `with torch.autocast(device_type='torch_device'):` decorator, or load the model with the `dtype` argument. Example: `model = AutoModel.from_pretrained("meta-llama/Llama-3.2-1B", attn_implementation="flash_attention_2", dtype=torch.float16)`
[36m(WorkerDict pid=736488)[0m Flash Attention 2 only supports torch.float16 and torch.bfloat16 dtypes, but the current dype in Qwen3_5Model is torch.float32. You should run training or inference using Automatic Mixed-Precision via the `with torch.autocast(device_type='torch_device'):` decorator, or load the model with the `dtype` argument. Example: `model = AutoModel.from_pretrained("meta-llama/Llama-3.2-1B", attn_implementation="flash_attention_2", dtype=torch.float16)`
[36m(WorkerDict pid=736488)[0m Flash Attention 2 only supports torch.float16 and torch.bfloat16 dtypes, but the current dype in Qwen3_5VisionModel is torch.float32. You should run training or inference using Automatic Mixed-Precision via the `with torch.autocast(device_type='torch_device'):` decorator, or load the model with the `dtype` argument. Example: `model = AutoModel.from_pretrained("meta-llama/Llama-3.2-1B", attn_implementation="flash_attention_2", dtype=torch.float16)`
[36m(WorkerDict pid=736488)[0m Flash Attention 2 only supports torch.float16 and torch.bfloat16 dtypes, but the current dype in Qwen3_5TextModel is torch.float32. You should run training or inference using Automatic Mixed-Precision via the `with torch.autocast(device_type='torch_device'):` decorator, or load the model with the `dtype` argument. Example: `model = AutoModel.from_pretrained("meta-llama/Llama-3.2-1B", attn_implementation="flash_attention_2", dtype=torch.float16)`
[36m(WorkerDict pid=736488)[0m Loading weights:   0%|          | 0/723 [00:00<?, ?it/s]
[36m(WorkerDict pid=736480)[0m [W910 00:22:40.048237672 socket.cpp:764] [c10d] The client socket cannot be initialized to connect to [udc-aw37-6-s.hpc.virginia.edu]:33651 (errno: 97 - Address family not supported by protocol).
[36m(WorkerDict pid=736488)[0m Loading weights:   0%|          | 1/723 [00:00<09:13,  1.30it/s]
[36m(WorkerDict pid=736480)[0m Warning: You are sending unauthenticated requests to the HF Hub. Please set a HF_TOKEN to enable higher rate limits and faster downloads.
[36m(WorkerDict pid=736480)[0m WARNING:2026-09-10 00:22:40,935:Warning: You are sending unauthenticated requests to the HF Hub. Please set a HF_TOKEN to enable higher rate limits and faster downloads.
[36m(WorkerDict pid=736488)[0m Loading weights:  99%|█████████▉| 716/723 [00:01<00:00, 885.38it/s]Loading weights: 100%|██████████| 723/723 [00:01<00:00, 370.58it/s]
[36m(WorkerDict pid=736480)[0m Loading weights:  84%|████████▍ | 610/723 [00:02<00:00, 447.56it/s]Loading weights: 100%|██████████| 723/723 [00:02<00:00, 315.37it/s]
[36m(WorkerDict pid=736488)[0m /sfs/weka/scratch/nkw3mr/Vision-OPD-OPSA/verl/utils/profiler/config.py:52: UserWarning: Torch profiler tool config is not fully supported now.
[36m(WorkerDict pid=736488)[0m   warnings.warn("Torch profiler tool config is not fully supported now.", stacklevel=1)
[36m(WorkerDict pid=736480)[0m Flash Attention 2 only supports torch.float16 and torch.bfloat16 dtypes, but the current dype in Qwen3_5TextModel is torch.float32. You should run training or inference using Automatic Mixed-Precision via the `with torch.autocast(device_type='torch_device'):` decorator, or load the model with the `dtype` argument. Example: `model = AutoModel.from_pretrained("meta-llama/Llama-3.2-1B", attn_implementation="flash_attention_2", dtype=torch.float16)`[32m [repeated 4x across cluster][0m
[36m(WorkerDict pid=736480)[0m Loading weights:   0%|          | 0/723 [00:00<?, ?it/s]
[36m(WorkerDict pid=736480)[0m Loading weights:  57%|█████▋    | 413/723 [00:02<00:01, 184.10it/s][32m [repeated 14x across cluster][0m
[36m(WorkerDict pid=736488)[0m /sfs/weka/scratch/nkw3mr/Vision-OPD-OPSA/verl/workers/fsdp_workers.py:666: FutureWarning: FSDP.state_dict_type() and FSDP.set_state_dict_type() are being deprecated. Please use APIs, get_state_dict() and set_state_dict(), which can support different parallelisms, FSDP1, FSDP2, DDP. API doc: https://pytorch.org/docs/stable/distributed.checkpoint.html#torch.distributed.checkpoint.state_dict.get_state_dict .Tutorial: https://pytorch.org/tutorials/recipes/distributed_checkpoint_recipe.html .
[36m(WorkerDict pid=736488)[0m   FSDP.set_state_dict_type(
[36m(WorkerDict pid=736480)[0m /sfs/weka/scratch/nkw3mr/Vision-OPD-OPSA/verl/utils/profiler/config.py:52: UserWarning: Torch profiler tool config is not fully supported now.
[36m(WorkerDict pid=736480)[0m   warnings.warn("Torch profiler tool config is not fully supported now.", stacklevel=1)
[36m(WorkerDict pid=736480)[0m     "max_position_embeddings": 262144,
[36m(WorkerDict pid=736480)[0m     "mlp_only_layers": [],
[36m(WorkerDict pid=736480)[0m     "model_type": "qwen3_5_text",
[36m(WorkerDict pid=736480)[0m     "mtp_num_hidden_layers": 1,
[36m(WorkerDict pid=736480)[0m     "mtp_use_dedicated_embeddings": false,
[36m(WorkerDict pid=736480)[0m     "num_attention_heads": 16,
[36m(WorkerDict pid=736480)[0m     "num_hidden_layers": 32,
[36m(WorkerDict pid=736480)[0m     "num_key_value_heads": 4,
[36m(WorkerDict pid=736480)[0m     "pad_token_id": null,
[36m(WorkerDict pid=736480)[0m     "partial_rotary_factor": 0.25,
[36m(WorkerDict pid=736480)[0m     "rms_norm_eps": 1e-06,
[36m(WorkerDict pid=736480)[0m     "rope_parameters": {
[36m(WorkerDict pid=736480)[0m       "mrope_interleaved": true,
[36m(WorkerDict pid=736480)[0m       "mrope_section": [
[36m(WorkerDict pid=736480)[0m         11,
[36m(WorkerDict pid=736480)[0m         11,
[36m(WorkerDict pid=736480)[0m         10
[36m(WorkerDict pid=736480)[0m       ],
[36m(WorkerDict pid=736480)[0m       "partial_rotary_factor": 0.25,
[36m(WorkerDict pid=736480)[0m       "rope_theta": 10000000,
[36m(WorkerDict pid=736480)[0m       "rope_type": "default"
[36m(WorkerDict pid=736480)[0m     },
[36m(WorkerDict pid=736480)[0m     "tie_word_embeddings": true,
[36m(WorkerDict pid=736480)[0m     "use_cache": true,
[36m(WorkerDict pid=736480)[0m     "vocab_size": 248320
[36m(WorkerDict pid=736480)[0m   },
[36m(WorkerDict pid=736480)[0m   "tie_word_embeddings": true,
[36m(WorkerDict pid=736480)[0m   "transformers_version": "5.5.0",
[36m(WorkerDict pid=736480)[0m   "video_token_id": 248057,
[36m(WorkerDict pid=736480)[0m   "vision_config": {
[36m(WorkerDict pid=736480)[0m     "deepstack_visual_indexes": [],
[36m(WorkerDict pid=736480)[0m     "depth": 24,
[36m(WorkerDict pid=736480)[0m     "hidden_act": "gelu_pytorch_tanh",
[36m(WorkerDict pid=736480)[0m     "hidden_size": 1024,
[36m(WorkerDict pid=736480)[0m     "in_channels": 3,
[36m(WorkerDict pid=736480)[0m     "initializer_range": 0.02,
[36m(WorkerDict pid=736480)[0m     "intermediate_size": 4096,
[36m(WorkerDict pid=736480)[0m     "model_type": "qwen3_5",
[36m(WorkerDict pid=736480)[0m     "num_heads": 16,
[36m(WorkerDict pid=736480)[0m     "num_position_embeddings": 2304,
[36m(WorkerDict pid=736480)[0m     "out_hidden_size": 2560,
[36m(WorkerDict pid=736480)[0m     "patch_size": 16,
[36m(WorkerDict pid=736480)[0m     "spatial_merge_size": 2,
[36m(WorkerDict pid=736480)[0m     "temporal_patch_size": 2
[36m(WorkerDict pid=736480)[0m   },
[36m(WorkerDict pid=736480)[0m   "vision_end_token_id": 248054,
[36m(WorkerDict pid=736480)[0m   "vision_start_token_id": 248053
[36m(WorkerDict pid=736480)[0m }
[36m(WorkerDict pid=736480)[0m 
[36m(WorkerDict pid=736488)[0m Monkey patch Qwen3_5TextModel.forward for Ulysses SP input slicing.
[36m(WorkerDict pid=736488)[0m Monkey patch Qwen3_5ForConditionalGeneration model forward
[36m(WorkerDict pid=736488)[0m Monkey patch _flash_attention_forward in transformers.integrations.flash_attention
[36m(WorkerDict pid=736488)[0m Skipping monkey patch for Qwen3_5ForConditionalGeneration as use_fused_kernels is False or fused_kernels_backend is torch
[36m(WorkerDict pid=736480)[0m [Gloo] Rank 0 is connected to 0 peer ranks. Expected number of connected peer ranks is : 0[32m [repeated 3x across cluster] (Ray deduplicates logs by default. Set RAY_DEDUP_LOGS=0 to disable log deduplication, or see https://docs.ray.io/en/master/ray-observability/user-guides/configure-logging.html#log-deduplication for more options.)[0m
[36m(WorkerDict pid=736480)[0m Qwen3_5ForConditionalGeneration contains 4.54B parameters
[36m(WorkerDict pid=736480)[0m wrap_policy: functools.partial(<function _or_policy at 0x14651c2623e0>, policies=[functools.partial(<function transformer_auto_wrap_policy at 0x14651c2622a0>, transformer_layer_cls={<class 'transformers.models.qwen3_5.modeling_qwen3_5.Qwen3_5VisionBlock'>, <class 'transformers.models.qwen3_5.modeling_qwen3_5.Qwen3_5DecoderLayer'>})])
[36m(WorkerDict pid=736480)[0m Total steps: 51, num_warmup_steps: 10
[36m(WorkerDict pid=736480)[0m Actor use_remove_padding=True
[36m(WorkerDict pid=736480)[0m Actor use_fused_kernels=False
[36m(WorkerDict pid=736480)[0m Actor use_prefix_grouper=False
[36m(WorkerDict pid=736488)[0m 
[36m(WorkerDict pid=736488)[0m [2026-09-10 00:22:48] udc-aw37-6:736488:782410 [0] ras/client_support.cc:160 NCCL WARN Call to bind failed: Address already in use
[36m(WorkerDict pid=736480)[0m Monkey patch Qwen3_5TextModel.forward for Ulysses SP input slicing.
[36m(WorkerDict pid=736480)[0m Monkey patch Qwen3_5ForConditionalGeneration model forward
[36m(WorkerDict pid=736480)[0m Monkey patch _flash_attention_forward in transformers.integrations.flash_attention
[36m(WorkerDict pid=736480)[0m Skipping monkey patch for Qwen3_5ForConditionalGeneration as use_fused_kernels is False or fused_kernels_backend is torch
[36m(WorkerDict pid=736488)[0m [Gloo] Rank 0 is connected to 0 peer ranks. Expected number of connected peer ranks is : 0[32m [repeated 2x across cluster][0m
[36m(WorkerDict pid=736480)[0m NCCL version 2.27.5+cuda12.9
[36m(WorkerDict pid=736480)[0m 
[36m(WorkerDict pid=736480)[0m reference model: Qwen/Qwen3.5-4B
[36m(WorkerDict pid=736480)[0m Model config after override: Qwen3_5Config {
[36m(WorkerDict pid=736480)[0m   "architectures": [
[36m(WorkerDict pid=736480)[0m     "Qwen3_5ForConditionalGeneration"
[36m(WorkerDict pid=736480)[0m   ],
[36m(WorkerDict pid=736480)[0m   "bos_token_id": null,
[36m(WorkerDict pid=736480)[0m   "eos_token_id": 248046,
[36m(WorkerDict pid=736480)[0m   "image_token_id": 248056,
[36m(WorkerDict pid=736480)[0m   "model_type": "qwen3_5",
[36m(WorkerDict pid=736480)[0m   "pad_token_id": 248044,
[36m(WorkerDict pid=736480)[0m   "text_config": {
[36m(WorkerDict pid=736480)[0m     "attention_bias": false,
[36m(WorkerDict pid=736480)[0m     "attention_dropout": 0.0,
[36m(WorkerDict pid=736480)[0m     "attn_output_gate": true,
[36m(WorkerDict pid=736480)[0m     "bos_token_id": null,
[36m(WorkerDict pid=736480)[0m     "dtype": "bfloat16",
[36m(WorkerDict pid=736480)[0m     "eos_token_id": 248044,
[36m(WorkerDict pid=736480)[0m     "full_attention_interval": 4,
[36m(WorkerDict pid=736480)[0m     "head_dim": 256,
[36m(WorkerDict pid=736480)[0m     "hidden_act": "silu",
[36m(WorkerDict pid=736480)[0m     "hidden_size": 2560,
[36m(WorkerDict pid=736480)[0m     "initializer_range": 0.02,
[36m(WorkerDict pid=736480)[0m     "intermediate_size": 9216,
[36m(WorkerDict pid=736480)[0m     "layer_types": [
[36m(WorkerDict pid=736480)[0m       "linear_attention",
[36m(WorkerDict pid=736480)[0m       "linear_attention",
[36m(WorkerDict pid=736480)[0m       "linear_attention",
[36m(WorkerDict pid=736480)[0m       "full_attention",
[36m(WorkerDict pid=736480)[0m       "linear_attention",
[36m(WorkerDict pid=736480)[0m       "linear_attention",
[36m(WorkerDict pid=736480)[0m       "linear_attention",
[36m(WorkerDict pid=736480)[0m       "full_attention",
[36m(WorkerDict pid=736480)[0m       "linear_attention",
[36m(WorkerDict pid=736480)[0m       "linear_attention",
[36m(WorkerDict pid=736480)[0m       "linear_attention",
[36m(WorkerDict pid=736480)[0m       "full_attention",
[36m(WorkerDict pid=736480)[0m       "linear_attention",
[36m(WorkerDict pid=736480)[0m       "linear_attention",
[36m(WorkerDict pid=736480)[0m       "linear_attention",
[36m(WorkerDict pid=736480)[0m       "full_attention",
[36m(WorkerDict pid=736480)[0m       "linear_attention",
[36m(WorkerDict pid=736480)[0m       "linear_attention",
[36m(WorkerDict pid=736480)[0m       "linear_attention",
[36m(WorkerDict pid=736480)[0m       "full_attention",
[36m(WorkerDict pid=736480)[0m       "linear_attention",
[36m(WorkerDict pid=736480)[0m       "linear_attention",
[36m(WorkerDict pid=736480)[0m       "linear_attention",
[36m(WorkerDict pid=736480)[0m       "full_attention",
[36m(WorkerDict pid=736480)[0m       "linear_attention",
[36m(WorkerDict pid=736488)[0m Loading weights:   0%|          | 0/723 [00:00<?, ?it/s]
[36m(WorkerDict pid=736480)[0m Loading weights:   6%|▌         | 40/723 [00:00<00:01, 370.62it/s]
[36m(WorkerDict pid=736480)[0m Loading weights:  11%|█         | 80/723 [00:00<00:01, 360.57it/s]
[36m(WorkerDict pid=736480)[0m Loading weights:  18%|█▊        | 133/723 [00:00<00:01, 427.57it/s]
[36m(WorkerDict pid=736480)[0m Loading weights:  25%|██▌       | 181/723 [00:00<00:01, 429.17it/s]
[36m(WorkerDict pid=736480)[0m Loading weights:  43%|████▎     | 309/723 [00:00<00:01, 394.71it/s]Loading weights:  50%|████▉     | 358/723 [00:00<00:00, 415.81it/s]
[36m(WorkerDict pid=736488)[0m Loading weights:  59%|█████▉    | 427/723 [00:01<00:00, 412.40it/s]Loading weights:  99%|█████████▉| 716/723 [00:01<00:00, 836.15it/s]Loading weights: 100%|██████████| 723/723 [00:01<00:00, 560.70it/s]
[36m(WorkerDict pid=736480)[0m Loading weights: 100%|██████████| 723/723 [00:01<00:00, 632.66it/s]
[36m(TaskRunner pid=706135)[0m W0910 00:23:09.465000 706135 site-packages/torch/utils/cpp_extension.py:118] No CUDA runtime is found, using CUDA_HOME='/apps/software/standard/core/cuda/12.8.0'
[36m(WorkerDict pid=736480)[0m /sfs/weka/scratch/nkw3mr/Vision-OPD-OPSA/verl/workers/fsdp_workers.py:666: FutureWarning: FSDP.state_dict_type() and FSDP.set_state_dict_type() are being deprecated. Please use APIs, get_state_dict() and set_state_dict(), which can support different parallelisms, FSDP1, FSDP2, DDP. API doc: https://pytorch.org/docs/stable/distributed.checkpoint.html#torch.distributed.checkpoint.state_dict.get_state_dict .Tutorial: https://pytorch.org/tutorials/recipes/distributed_checkpoint_recipe.html .
[36m(WorkerDict pid=736480)[0m   FSDP.set_state_dict_type(
[36m(WorkerDict pid=736480)[0m Loading weights:   0%|          | 0/723 [00:00<?, ?it/s]
[36m(WorkerDict pid=736480)[0m Loading weights:  75%|███████▌  | 544/723 [00:01<00:00, 707.97it/s][32m [repeated 7x across cluster][0m
[36m(TaskRunner pid=706135)[0m /sfs/weka/scratch/nkw3mr/Vision-OPD-OPSA/verl/utils/profiler/config.py:52: UserWarning: Torch profiler tool config is not fully supported now.
[36m(TaskRunner pid=706135)[0m   warnings.warn("Torch profiler tool config is not fully supported now.", stacklevel=1)
[36m(pid=853317)[0m W0910 00:23:18.417000 853317 site-packages/torch/utils/cpp_extension.py:118] No CUDA runtime is found, using CUDA_HOME='/apps/software/standard/core/cuda/12.8.0'
[36m(pid=853273)[0m W0910 00:23:18.417000 853273 site-packages/torch/utils/cpp_extension.py:118] No CUDA runtime is found, using CUDA_HOME='/apps/software/standard/core/cuda/12.8.0'
[36m(vLLMHttpServer pid=853317)[0m Warning: You are sending unauthenticated requests to the HF Hub. Please set a HF_TOKEN to enable higher rate limits and faster downloads.
[36m(vLLMHttpServer pid=853317)[0m Using blocking ray.get inside async actor. This blocks the event loop. Please use `await` on object ref with asyncio.gather if you want to yield execution to the event loop instead.
[36m(vLLMHttpServer pid=853273)[0m The argument `trust_remote_code` is to be used with Auto classes. It has no effect here and is ignored.
[36m(vLLMHttpServer pid=853317)[0m `layer_type_validation` is deprecated and will be removed in v5.20. Use `PreTrainedConfig.validate_layer_type` instead
[36m(vLLMHttpServer pid=853317)[0m `layer_type_validation` is deprecated and will be removed in v5.20. Use `PreTrainedConfig.validate_layer_type` instead
[36m(vLLMHttpServer pid=853317)[0m `layer_type_validation` is deprecated and will be removed in v5.20. Use `PreTrainedConfig.validate_layer_type` instead
[36m(vLLMHttpServer pid=853273)[0m `Qwen2VLImageProcessorFast` is deprecated. The `Fast` suffix for image processors has been removed; use `Qwen2VLImageProcessor` instead.
[36m(WorkerDict pid=736480)[0m       "linear_attention",
[36m(WorkerDict pid=736480)[0m       "linear_attention",
[36m(WorkerDict pid=736480)[0m       "full_attention",
[36m(WorkerDict pid=736480)[0m       "linear_attention",
[36m(WorkerDict pid=736480)[0m       "linear_attention",
[36m(WorkerDict pid=736480)[0m       "linear_attention",
[36m(WorkerDict pid=736480)[0m       "full_attention"
[36m(WorkerDict pid=736480)[0m     ],
[36m(WorkerDict pid=736480)[0m     "linear_conv_kernel_dim": 4,
[36m(WorkerDict pid=736480)[0m     "linear_key_head_dim": 128,
[36m(WorkerDict pid=736480)[0m     "linear_num_key_heads": 16,
[36m(WorkerDict pid=736480)[0m     "linear_num_value_heads": 32,
[36m(WorkerDict pid=736480)[0m     "linear_value_head_dim": 128,
[36m(WorkerDict pid=736480)[0m     "mamba_ssm_dtype": "float32",
[36m(WorkerDict pid=736480)[0m     "max_position_embeddings": 262144,
[36m(WorkerDict pid=736480)[0m     "mlp_only_layers": [],
[36m(WorkerDict pid=736480)[0m     "model_type": "qwen3_5_text",
[36m(WorkerDict pid=736480)[0m     "mtp_num_hidden_layers": 1,
[36m(WorkerDict pid=736480)[0m     "mtp_use_dedicated_embeddings": false,
[36m(WorkerDict pid=736480)[0m     "num_attention_heads": 16,
[36m(WorkerDict pid=736480)[0m     "num_hidden_layers": 32,
[36m(WorkerDict pid=736480)[0m     "num_key_value_heads": 4,
[36m(WorkerDict pid=736480)[0m     "pad_token_id": null,
[36m(WorkerDict pid=736480)[0m     "partial_rotary_factor": 0.25,
[36m(WorkerDict pid=736480)[0m     "rms_norm_eps": 1e-06,
[36m(WorkerDict pid=736480)[0m     "rope_parameters": {
[36m(WorkerDict pid=736480)[0m       "mrope_interleaved": true,
[36m(WorkerDict pid=736480)[0m       "mrope_section": [
[36m(WorkerDict pid=736480)[0m         11,
[36m(WorkerDict pid=736480)[0m         11,
[36m(WorkerDict pid=736480)[0m         10
[36m(WorkerDict pid=736480)[0m       ],
[36m(WorkerDict pid=736480)[0m       "partial_rotary_factor": 0.25,
[36m(WorkerDict pid=736480)[0m       "rope_theta": 10000000,
[36m(WorkerDict pid=736480)[0m       "rope_type": "default"
[36m(WorkerDict pid=736480)[0m     },
[36m(WorkerDict pid=736480)[0m     "tie_word_embeddings": true,
[36m(WorkerDict pid=736480)[0m     "use_cache": true,
[36m(WorkerDict pid=736480)[0m     "vocab_size": 248320
[36m(WorkerDict pid=736480)[0m   },
[36m(WorkerDict pid=736480)[0m   "tie_word_embeddings": true,
[36m(WorkerDict pid=736480)[0m   "transformers_version": "5.5.0",
[36m(WorkerDict pid=736480)[0m   "video_token_id": 248057,
[36m(WorkerDict pid=736480)[0m   "vision_config": {
[36m(WorkerDict pid=736480)[0m     "deepstack_visual_indexes": [],
[36m(WorkerDict pid=736480)[0m     "depth": 24,
[36m(WorkerDict pid=736480)[0m     "hidden_act": "gelu_pytorch_tanh",
[36m(WorkerDict pid=736480)[0m     "hidden_size": 1024,
[36m(WorkerDict pid=736480)[0m     "in_channels": 3,
[36m(WorkerDict pid=736480)[0m     "initializer_range": 0.02,
[36m(WorkerDict pid=736480)[0m     "intermediate_size": 4096,
[36m(WorkerDict pid=736480)[0m     "model_type": "qwen3_5",
[36m(WorkerDict pid=736480)[0m     "num_heads": 16,
[36m(WorkerDict pid=736480)[0m     "num_position_embeddings": 2304,
[36m(WorkerDict pid=736480)[0m     "out_hidden_size": 2560,
[36m(WorkerDict pid=736480)[0m     "patch_size": 16,
[36m(WorkerDict pid=736480)[0m     "spatial_merge_size": 2,
[36m(WorkerDict pid=736480)[0m     "temporal_patch_size": 2
[36m(WorkerDict pid=736480)[0m   },
[36m(WorkerDict pid=736480)[0m   "vision_end_token_id": 248054,
[36m(WorkerDict pid=736480)[0m   "vision_start_token_id": 248053
[36m(WorkerDict pid=736480)[0m }
[36m(WorkerDict pid=736480)[0m 
[36m(WorkerDict pid=736480)[0m [2026-09-10 00:22:48] udc-aw37-6:736480:782405 [0] ras/client_support.cc:160 NCCL WARN Call to bind failed: Address already in use
[36m(WorkerDict pid=736480)[0m [Gloo] Rank 0 is connected to 0 peer ranks. Expected number of connected peer ranks is : 0[32m [repeated 2x across cluster][0m
[36m(WorkerDict pid=736480)[0m Monkey patch Qwen3_5TextModel.forward for Ulysses SP input slicing.
[36m(WorkerDict pid=736480)[0m Monkey patch Qwen3_5ForConditionalGeneration model forward
[36m(WorkerDict pid=736480)[0m Monkey patch _flash_attention_forward in transformers.integrations.flash_attention
[36m(WorkerDict pid=736480)[0m Skipping monkey patch for Qwen3_5ForConditionalGeneration as use_fused_kernels is False or fused_kernels_backend is torch
[36m(WorkerDict pid=736480)[0m Qwen3_5ForConditionalGeneration contains 4.54B parameters
[36m(WorkerDict pid=736480)[0m wrap_policy: functools.partial(<function _or_policy at 0x14651c2623e0>, policies=[functools.partial(<function transformer_auto_wrap_policy at 0x14651c2622a0>, transformer_layer_cls={<class 'transformers.models.qwen3_5.modeling_qwen3_5.Qwen3_5VisionBlock'>, <class 'transformers.models.qwen3_5.modeling_qwen3_5.Qwen3_5DecoderLayer'>})])
[36m(WorkerDict pid=736480)[0m Ref use_remove_padding=True
[36m(WorkerDict pid=736480)[0m Ref use_fused_kernels=False
[36m(WorkerDict pid=736480)[0m Ref use_prefix_grouper=False
[36m(vLLMHttpServer pid=853317)[0m ['serve',
[36m(vLLMHttpServer pid=853317)[0m  'Qwen/Qwen3.5-4B',
[36m(vLLMHttpServer pid=853317)[0m  '--dtype',
[36m(vLLMHttpServer pid=853317)[0m  'bfloat16',
[36m(vLLMHttpServer pid=853317)[0m  '--load_format',
[36m(vLLMHttpServer pid=853317)[0m  'dummy',
[36m(vLLMHttpServer pid=853317)[0m  '--trust_remote_code',
[36m(vLLMHttpServer pid=853317)[0m  '--max_model_len',
[36m(vLLMHttpServer pid=853317)[0m  '262144',
[36m(vLLMHttpServer pid=853317)[0m  '--max_num_seqs',
[36m(vLLMHttpServer pid=853317)[0m  '1024',
[36m(vLLMHttpServer pid=853317)[0m  '--enable_chunked_prefill',
[36m(vLLMHttpServer pid=853317)[0m  '--max_num_batched_tokens',
[36m(vLLMHttpServer pid=853317)[0m  '9216',
[36m(vLLMHttpServer pid=853317)[0m  '--enable_prefix_caching',
[36m(vLLMHttpServer pid=853317)[0m  '--enable_sleep_mode',
[36m(vLLMHttpServer pid=853317)[0m  '--logprobs_mode',
[36m(vLLMHttpServer pid=853317)[0m  'processed_logprobs',
[36m(vLLMHttpServer pid=853317)[0m  '--disable_custom_all_reduce',
[36m(vLLMHttpServer pid=853317)[0m  '--gpu_memory_utilization',
[36m(vLLMHttpServer pid=853317)[0m  '0.45',
[36m(vLLMHttpServer pid=853317)[0m  '--disable_log_stats',
[36m(vLLMHttpServer pid=853317)[0m  '--tensor_parallel_size',
[36m(vLLMHttpServer pid=853317)[0m  '1',
[36m(vLLMHttpServer pid=853317)[0m  '--seed',
[36m(vLLMHttpServer pid=853317)[0m  '0',
[36m(vLLMHttpServer pid=853317)[0m  '--override_generation_config',
[36m(vLLMHttpServer pid=853317)[0m  '{"temperature": 1.0, "top_k": -1, "top_p": 1, "repetition_penalty": 1.0, '
[36m(vLLMHttpServer pid=853317)[0m  '"max_new_tokens": 1024}',
[36m(vLLMHttpServer pid=853317)[0m  '--hf_overrides',
[36m(vLLMHttpServer pid=853317)[0m  '{}',
[36m(vLLMHttpServer pid=853317)[0m  '--scheduling_policy',
[36m(vLLMHttpServer pid=853317)[0m  'fcfs',
[36m(vLLMHttpServer pid=853317)[0m  '--compilation_config',
[36m(vLLMHttpServer pid=853317)[0m  '{"pass_config": {"fuse_allreduce_rms": false}}',
[36m(vLLMHttpServer pid=853317)[0m  '--kernel_config',
[36m(vLLMHttpServer pid=853317)[0m  '{"enable_flashinfer_autotune": false}']
[36m(WorkerDict pid=736488)[0m Monkey patch Qwen3_5TextModel.forward for Ulysses SP input slicing.
[36m(WorkerDict pid=736488)[0m Monkey patch Qwen3_5ForConditionalGeneration model forward
[36m(WorkerDict pid=736488)[0m Monkey patch _flash_attention_forward in transformers.integrations.flash_attention
[36m(WorkerDict pid=736488)[0m Skipping monkey patch for Qwen3_5ForConditionalGeneration as use_fused_kernels is False or fused_kernels_backend is torch
[36m(vLLMHttpServer pid=853273)[0m WARNING 09-10 00:23:23 [envs.py:1717] Unknown vLLM environment variable detected: VLLM_USE_V1
[36m(vLLMHttpServer pid=853273)[0m WARNING 09-10 00:23:24 [config.py:372] Mamba cache mode is set to 'align' for Qwen3_5ForConditionalGeneration by default when prefix caching is enabled
[36m(vLLMHttpServer pid=853273)[0m Warning: You are sending unauthenticated requests to the HF Hub. Please set a HF_TOKEN to enable higher rate limits and faster downloads.
[36m(vLLMHttpServer pid=853317)[0m The `use_fast` parameter is deprecated and will be removed in a future version. Use `backend="torchvision"` instead of `use_fast=True`, or `backend="pil"` instead of `use_fast=False`.
[36m(vLLMHttpServer pid=853273)[0m Using blocking ray.get inside async actor. This blocks the event loop. Please use `await` on object ref with asyncio.gather if you want to yield execution to the event loop instead.
[36m(vLLMHttpServer pid=853273)[0m The argument `trust_remote_code` is to be used with Auto classes. It has no effect here and is ignored.[32m [repeated 3x across cluster][0m
[36m(vLLMHttpServer pid=853273)[0m `layer_type_validation` is deprecated and will be removed in v5.20. Use `PreTrainedConfig.validate_layer_type` instead[32m [repeated 9x across cluster][0m
[36m(vLLMHttpServer pid=853317)[0m `Qwen2VLImageProcessorFast` is deprecated. The `Fast` suffix for image processors has been removed; use `Qwen2VLImageProcessor` instead.
[36m(vLLMHttpServer pid=853317)[0m W0910 00:23:40.667000 912172 site-packages/torch/utils/cpp_extension.py:118] No CUDA runtime is found, using CUDA_HOME='/apps/software/standard/core/cuda/12.8.0'
[36m(vLLMHttpServer pid=853273)[0m The `use_fast` parameter is deprecated and will be removed in a future version. Use `backend="torchvision"` instead of `use_fast=True`, or `backend="pil"` instead of `use_fast=False`.
[36m(WorkerDict pid=736488)[0m `Qwen2VLImageProcessorFast` is deprecated. The `Fast` suffix for image processors has been removed; use `Qwen2VLImageProcessor` instead.
[36m(WorkerDict pid=736480)[0m The `use_fast` parameter is deprecated and will be removed in a future version. Use `backend="torchvision"` instead of `use_fast=True`, or `backend="pil"` instead of `use_fast=False`.
[36m(vLLMHttpServer pid=853273)[0m W0910 00:23:40.667000 912702 site-packages/torch/utils/cpp_extension.py:118] No CUDA runtime is found, using CUDA_HOME='/apps/software/standard/core/cuda/12.8.0'
[36m(WorkerDict pid=736488)[0m <frozen importlib._bootstrap_external>:1301: FutureWarning: The cuda.cudart module is deprecated and will be removed in a future release, please switch to use the cuda.bindings.runtime module instead.
[36m(WorkerDict pid=736488)[0m <frozen importlib._bootstrap_external>:1301: FutureWarning: The cuda.nvrtc module is deprecated and will be removed in a future release, please switch to use the cuda.bindings.nvrtc module instead.
[36m(WorkerDict pid=736480)[0m `Qwen2VLImageProcessorFast` is deprecated. The `Fast` suffix for image processors has been removed; use `Qwen2VLImageProcessor` instead.
[36m(WorkerDict pid=736488)[0m /sfs/weka/scratch/nkw3mr/envs/vision-opd/lib/python3.12/site-packages/vllm/model_executor/layers/fla/ops/utils.py:113: UserWarning: Input tensor shape suggests potential format mismatch: seq_len (16) < num_heads (32). This may indicate the inputs were passed in head-first format [B, H, T, ...] when head_first=False was specified. Please verify your input tensor format matches the expected shape [B, T, H, ...].
[36m(WorkerDict pid=736488)[0m   return fn(*contiguous_args, **contiguous_kwargs)
[36m(WorkerDict pid=736488)[0m The `use_fast` parameter is deprecated and will be removed in a future version. Use `backend="torchvision"` instead of `use_fast=True`, or `backend="pil"` instead of `use_fast=False`.
[36m(WorkerDict pid=736480)[0m Capturing CUDA graphs (mixed prefill-decode, PIECEWISE):   0%|          | 0/51 [00:00<?, ?it/s]
[36m(WorkerDict pid=736480)[0m <frozen importlib._bootstrap_external>:1301: FutureWarning: The cuda.cudart module is deprecated and will be removed in a future release, please switch to use the cuda.bindings.runtime module instead.
[36m(WorkerDict pid=736480)[0m <frozen importlib._bootstrap_external>:1301: FutureWarning: The cuda.nvrtc module is deprecated and will be removed in a future release, please switch to use the cuda.bindings.nvrtc module instead.
[36m(WorkerDict pid=736480)[0m /sfs/weka/scratch/nkw3mr/envs/vision-opd/lib/python3.12/site-packages/vllm/model_executor/layers/fla/ops/utils.py:113: UserWarning: Input tensor shape suggests potential format mismatch: seq_len (16) < num_heads (32). This may indicate the inputs were passed in head-first format [B, H, T, ...] when head_first=False was specified. Please verify your input tensor format matches the expected shape [B, T, H, ...].
[36m(WorkerDict pid=736480)[0m   return fn(*contiguous_args, **contiguous_kwargs)
[36m(WorkerDict pid=736480)[0m Capturing CUDA graphs (mixed prefill-decode, PIECEWISE):   8%|▊         | 4/51 [00:00<00:01, 35.69it/s]
[36m(WorkerDict pid=736480)[0m Capturing CUDA graphs (mixed prefill-decode, PIECEWISE):  18%|█▊        | 9/51 [00:00<00:01, 39.09it/s]
[36m(WorkerDict pid=736480)[0m Capturing CUDA graphs (mixed prefill-decode, PIECEWISE):  27%|██▋       | 14/51 [00:00<00:00, 40.82it/s]
[36m(WorkerDict pid=736480)[0m Capturing CUDA graphs (mixed prefill-decode, PIECEWISE):  37%|███▋      | 19/51 [00:00<00:00, 43.34it/s]
[36m(WorkerDict pid=736480)[0m Capturing CUDA graphs (mixed prefill-decode, PIECEWISE):  47%|████▋     | 24/51 [00:00<00:00, 43.18it/s]
[36m(WorkerDict pid=736480)[0m Capturing CUDA graphs (mixed prefill-decode, PIECEWISE):  59%|█████▉    | 30/51 [00:00<00:00, 45.79it/s]
[36m(WorkerDict pid=736480)[0m Capturing CUDA graphs (mixed prefill-decode, PIECEWISE):  69%|██████▊   | 35/51 [00:00<00:00, 44.29it/s]
[36m(WorkerDict pid=736480)[0m Capturing CUDA graphs (mixed prefill-decode, PIECEWISE):  80%|████████  | 41/51 [00:00<00:00, 46.65it/s]
[36m(WorkerDict pid=736480)[0m Capturing CUDA graphs (mixed prefill-decode, PIECEWISE):  92%|█████████▏| 47/51 [00:01<00:00, 49.22it/s]
[36m(WorkerDict pid=736480)[0m Capturing CUDA graphs (mixed prefill-decode, PIECEWISE): 100%|██████████| 51/51 [00:01<00:00, 45.51it/s]
[36m(WorkerDict pid=736480)[0m Capturing CUDA graphs (decode, FULL):   0%|          | 0/51 [00:00<?, ?it/s]
[36m(WorkerDict pid=736480)[0m Capturing CUDA graphs (decode, FULL):   6%|▌         | 3/51 [00:00<00:01, 29.49it/s]
[36m(WorkerDict pid=736480)[0m Capturing CUDA graphs (decode, FULL):  14%|█▎        | 7/51 [00:00<00:01, 31.28it/s]
[36m(WorkerDict pid=736480)[0m Capturing CUDA graphs (decode, FULL):  22%|██▏       | 11/51 [00:00<00:01, 32.60it/s]
[36m(WorkerDict pid=736480)[0m Capturing CUDA graphs (decode, FULL):  29%|██▉       | 15/51 [00:00<00:01, 34.06it/s]
[36m(WorkerDict pid=736480)[0m Capturing CUDA graphs (decode, FULL):  39%|███▉      | 20/51 [00:00<00:00, 37.07it/s]
[36m(WorkerDict pid=736480)[0m Capturing CUDA graphs (decode, FULL):  49%|████▉     | 25/51 [00:00<00:00, 39.91it/s]
[36m(WorkerDict pid=736480)[0m Capturing CUDA graphs (decode, FULL):  59%|█████▉    | 30/51 [00:00<00:00, 41.65it/s]Capturing CUDA graphs (decode, FULL):  69%|██████▊   | 35/51 [00:00<00:00, 43.34it/s]
[36m(WorkerDict pid=736480)[0m Capturing CUDA graphs (decode, FULL):  80%|████████  | 41/51 [00:01<00:00, 46.03it/s]
[36m(WorkerDict pid=736480)[0m Capturing CUDA graphs (decode, FULL):  92%|█████████▏| 47/51 [00:01<00:00, 49.59it/s]
[36m(WorkerDict pid=736480)[0m Capturing CUDA graphs (decode, FULL): 100%|██████████| 51/51 [00:01<00:00, 43.15it/s]
[36m(vLLMHttpServer pid=853317)[0m (EngineCore pid=912172) Warning: You are sending unauthenticated requests to the HF Hub. Please set a HF_TOKEN to enable higher rate limits and faster downloads.
[36m(vLLMHttpServer pid=853317)[0m (EngineCore pid=912172) `Qwen2VLImageProcessorFast` is deprecated. The `Fast` suffix for image processors has been removed; use `Qwen2VLImageProcessor` instead.
[36m(vLLMHttpServer pid=853317)[0m (EngineCore pid=912172) The `use_fast` parameter is deprecated and will be removed in a future version. Use `backend="torchvision"` instead of `use_fast=True`, or `backend="pil"` instead of `use_fast=False`.
[36m(vLLMHttpServer pid=853317)[0m The argument `trust_remote_code` is to be used with Auto classes. It has no effect here and is ignored.
[36m(vLLMHttpServer pid=853273)[0m (EngineCore pid=912702) Warning: You are sending unauthenticated requests to the HF Hub. Please set a HF_TOKEN to enable higher rate limits and faster downloads.
[36m(vLLMHttpServer pid=853273)[0m (EngineCore pid=912702) `Qwen2VLImageProcessorFast` is deprecated. The `Fast` suffix for image processors has been removed; use `Qwen2VLImageProcessor` instead.
[36m(vLLMHttpServer pid=853317)[0m `layer_type_validation` is deprecated and will be removed in v5.20. Use `PreTrainedConfig.validate_layer_type` instead
[36m(vLLMHttpServer pid=853317)[0m `layer_type_validation` is deprecated and will be removed in v5.20. Use `PreTrainedConfig.validate_layer_type` instead
[36m(vLLMHttpServer pid=853317)[0m `layer_type_validation` is deprecated and will be removed in v5.20. Use `PreTrainedConfig.validate_layer_type` instead
[36m(vLLMHttpServer pid=853273)[0m (EngineCore pid=912702) The `use_fast` parameter is deprecated and will be removed in a future version. Use `backend="torchvision"` instead of `use_fast=True`, or `backend="pil"` instead of `use_fast=False`.
[36m(vLLMHttpServer pid=853317)[0m The argument `trust_remote_code` is to be used with Auto classes. It has no effect here and is ignored.[32m [repeated 6x across cluster][0m
[36m(vLLMHttpServer pid=853273)[0m `layer_type_validation` is deprecated and will be removed in v5.20. Use `PreTrainedConfig.validate_layer_type` instead[32m [repeated 15x across cluster][0m
[36m(WorkerDict pid=736488)[0m /sfs/weka/scratch/nkw3mr/Vision-OPD-OPSA/verl/utils/device.py:134: FutureWarning: torch.cuda._set_allocator_settings is deprecated. Use torch._C._accelerator_setAllocatorSettings instead.
[36m(WorkerDict pid=736488)[0m   torch.cuda.memory._set_allocator_settings(f"expandable_segments:{enable}")
[36m(TaskRunner pid=706135)[0m wandb: Currently logged in as: nkw3mr (nkw3mr-university-of-virginia) to https://api.wandb.ai. Use `wandb login --relogin` to force relogin
[36m(TaskRunner pid=706135)[0m wandb: setting up run 47bhbtwj
[36m(TaskRunner pid=706135)[0m wandb: Tracking run with wandb version 0.23.1
[36m(TaskRunner pid=706135)[0m wandb: Run data is saved locally in /sfs/weka/scratch/nkw3mr/Vision-OPD-OPSA/wandb/run-20260910_002438-47bhbtwj
[36m(TaskRunner pid=706135)[0m wandb: Run `wandb offline` to turn off syncing.
[36m(TaskRunner pid=706135)[0m wandb: Syncing run Aha-floor-Qwen3.5-4B-6karmA
[36m(TaskRunner pid=706135)[0m wandb: ⭐️ View project at https://wandb.ai/nkw3mr-university-of-virginia/Vision-OPD-StateAdaptive
[36m(TaskRunner pid=706135)[0m wandb: 🚀 View run at https://wandb.ai/nkw3mr-university-of-virginia/Vision-OPD-StateAdaptive/runs/47bhbtwj
[36m(TaskRunner pid=706135)[0m wandb: Detected [openai] in use.
[36m(TaskRunner pid=706135)[0m wandb: Use W&B Weave for improved LLM call tracing. Install Weave with `pip install weave` then add `import weave` to the top of your script.
[36m(TaskRunner pid=706135)[0m wandb: For more information, check out the docs at: https://weave-docs.wandb.ai/
[36m(WorkerDict pid=736488)[0m /sfs/weka/scratch/nkw3mr/envs/vision-opd/lib/python3.12/site-packages/torch/distributed/fsdp/fully_sharded_data_parallel.py:822: FutureWarning: FSDP.state_dict_type() and FSDP.set_state_dict_type() are being deprecated. Please use APIs, get_state_dict() and set_state_dict(), which can support different parallelisms, FSDP1, FSDP2, DDP. API doc: https://pytorch.org/docs/stable/distributed.checkpoint.html#torch.distributed.checkpoint.state_dict.get_state_dict .Tutorial: https://pytorch.org/tutorials/recipes/distributed_checkpoint_recipe.html .
[36m(WorkerDict pid=736488)[0m   prev_state_dict_settings = FullyShardedDataParallel.set_state_dict_type(
[36m(AgentLoopWorker pid=104704)[0m W0910 00:24:47.363000 104704 site-packages/torch/utils/cpp_extension.py:118] No CUDA runtime is found, using CUDA_HOME='/apps/software/standard/core/cuda/12.8.0'
[36m(vLLMHttpServer pid=853273)[0m The argument `trust_remote_code` is to be used with Auto classes. It has no effect here and is ignored.[32m [repeated 3x across cluster][0m
[36m(vLLMHttpServer pid=853317)[0m `layer_type_validation` is deprecated and will be removed in v5.20. Use `PreTrainedConfig.validate_layer_type` instead[32m [repeated 12x across cluster][0m
[36m(WorkerDict pid=736480)[0m /sfs/weka/scratch/nkw3mr/Vision-OPD-OPSA/verl/utils/device.py:134: FutureWarning: torch.cuda._set_allocator_settings is deprecated. Use torch._C._accelerator_setAllocatorSettings instead.
[36m(WorkerDict pid=736480)[0m   torch.cuda.memory._set_allocator_settings(f"expandable_segments:{enable}")
[36m(WorkerDict pid=736480)[0m /sfs/weka/scratch/nkw3mr/envs/vision-opd/lib/python3.12/site-packages/torch/distributed/fsdp/fully_sharded_data_parallel.py:822: FutureWarning: FSDP.state_dict_type() and FSDP.set_state_dict_type() are being deprecated. Please use APIs, get_state_dict() and set_state_dict(), which can support different parallelisms, FSDP1, FSDP2, DDP. API doc: https://pytorch.org/docs/stable/distributed.checkpoint.html#torch.distributed.checkpoint.state_dict.get_state_dict .Tutorial: https://pytorch.org/tutorials/recipes/distributed_checkpoint_recipe.html .
[36m(WorkerDict pid=736480)[0m   prev_state_dict_settings = FullyShardedDataParallel.set_state_dict_type(
[36m(WorkerDict pid=736488)[0m /sfs/weka/scratch/nkw3mr/envs/vision-opd/lib/python3.12/site-packages/torch/distributed/fsdp/fully_sharded_data_parallel.py:829: FutureWarning: FSDP.state_dict_type() and FSDP.set_state_dict_type() are being deprecated. Please use APIs, get_state_dict() and set_state_dict(), which can support different parallelisms, FSDP1, FSDP2, DDP. API doc: https://pytorch.org/docs/stable/distributed.checkpoint.html#torch.distributed.checkpoint.state_dict.get_state_dict .Tutorial: https://pytorch.org/tutorials/recipes/distributed_checkpoint_recipe.html .
[36m(WorkerDict pid=736488)[0m   FullyShardedDataParallel.set_state_dict_type(
[36m(AgentLoopWorker pid=104658)[0m Warning: You are sending unauthenticated requests to the HF Hub. Please set a HF_TOKEN to enable higher rate limits and faster downloads.
[36m(TaskRunner pid=706135)[0m Training Progress:  29%|██▉       | 15/51 [00:00<?, ?it/s]
[36m(AgentLoopWorker pid=104627)[0m W0910 00:24:47.600000 104627 site-packages/torch/utils/cpp_extension.py:118] No CUDA runtime is found, using CUDA_HOME='/apps/software/standard/core/cuda/12.8.0'[32m [repeated 7x across cluster][0m
[36m(WorkerDict pid=736480)[0m /sfs/weka/scratch/nkw3mr/envs/vision-opd/lib/python3.12/site-packages/torch/distributed/fsdp/fully_sharded_data_parallel.py:829: FutureWarning: FSDP.state_dict_type() and FSDP.set_state_dict_type() are being deprecated. Please use APIs, get_state_dict() and set_state_dict(), which can support different parallelisms, FSDP1, FSDP2, DDP. API doc: https://pytorch.org/docs/stable/distributed.checkpoint.html#torch.distributed.checkpoint.state_dict.get_state_dict .Tutorial: https://pytorch.org/tutorials/recipes/distributed_checkpoint_recipe.html .
[36m(WorkerDict pid=736480)[0m   FullyShardedDataParallel.set_state_dict_type(
[36m(AgentLoopWorker pid=104627)[0m Warning: You are sending unauthenticated requests to the HF Hub. Please set a HF_TOKEN to enable higher rate limits and faster downloads.[32m [repeated 7x across cluster][0m
[36m(AgentLoopWorker pid=104704)[0m Keyword argument `video_metadatas` is not a valid argument for this processor and will be ignored.
[36m(TaskRunner pid=706135)[0m Training Progress:  31%|███▏      | 16/51 [06:16<3:39:42, 376.64s/it]
[36m(AgentLoopWorker pid=104658)[0m Keyword argument `video_metadatas` is not a valid argument for this processor and will be ignored.[32m [repeated 7x across cluster][0m
[36m(vLLMHttpServer pid=853273)[0m WARNING 09-10 00:23:24 [vllm.py:743] Async scheduling will be disabled because it is not supported with the `<class 'verl.workers.rollout.vllm_rollout.vllm_async_server.ExternalZeroMQDistributedExecutor'>` distributed executor backend (only `mp`, `uni`, and `external_launcher` are supported).
[36m(vLLMHttpServer pid=853317)[0m WARNING 09-10 00:23:34 [system_utils.py:152] We must use the `spawn` multiprocessing start method. Overriding VLLM_WORKER_MULTIPROC_METHOD to 'spawn'. See https://docs.vllm.ai/en/latest/usage/troubleshooting.html#python-multiprocessing for more information. Reasons: In a Ray actor and can only be spawned
[36m(vLLMHttpServer pid=853317)[0m WARNING 09-10 00:23:23 [envs.py:1717] Unknown vLLM environment variable detected: VLLM_USE_V1
[36m(vLLMHttpServer pid=853317)[0m WARNING 09-10 00:23:24 [config.py:372] Mamba cache mode is set to 'align' for Qwen3_5ForConditionalGeneration by default when prefix caching is enabled
[36m(vLLMHttpServer pid=853317)[0m WARNING 09-10 00:23:24 [vllm.py:743] Async scheduling will be disabled because it is not supported with the `<class 'verl.workers.rollout.vllm_rollout.vllm_async_server.ExternalZeroMQDistributedExecutor'>` distributed executor backend (only `mp`, `uni`, and `external_launcher` are supported).
[36m(WorkerDict pid=736488)[0m WARNING 09-10 00:23:43 [worker_base.py:287] Missing `shared_worker_lock` argument from executor. This argument is needed for mm_processor_cache_type='shm'.
[36m(vLLMHttpServer pid=853273)[0m WARNING 09-10 00:23:34 [system_utils.py:152] We must use the `spawn` multiprocessing start method. Overriding VLLM_WORKER_MULTIPROC_METHOD to 'spawn'. See https://docs.vllm.ai/en/latest/usage/troubleshooting.html#python-multiprocessing for more information. Reasons: In a Ray actor and can only be spawned
[36m(vLLMHttpServer pid=853273)[0m WARNING 09-10 00:24:27 [api_router.py:30] LoRA dynamic loading & unloading is enabled in the API server. This should ONLY be used for local development!
[36m(WorkerDict pid=736480)[0m WARNING 09-10 00:23:43 [worker_base.py:287] Missing `shared_worker_lock` argument from executor. This argument is needed for mm_processor_cache_type='shm'.
[36m(vLLMHttpServer pid=853273)[0m WARNING 09-10 00:24:27 [model.py:1376] Default vLLM sampling parameters have been overridden by the model's `generation_config.json`: `{'repetition_penalty': 1.0, 'temperature': 1.0, 'top_k': -1, 'top_p': 1, 'max_tokens': 1024}`. If this is not intended, please relaunch vLLM instance with `--generation-config vllm`.
[36m(TaskRunner pid=706135)[0m AgentLoopManager: ['10.250.133.122:41373', '10.250.133.122:32935']
[36m(vLLMHttpServer pid=853317)[0m WARNING 09-10 00:24:27 [api_router.py:30] LoRA dynamic loading & unloading is enabled in the API server. This should ONLY be used for local development!
[36m(vLLMHttpServer pid=853317)[0m WARNING 09-10 00:24:27 [model.py:1376] Default vLLM sampling parameters have been overridden by the model's `generation_config.json`: `{'repetition_penalty': 1.0, 'temperature': 1.0, 'top_k': -1, 'top_p': 1, 'max_tokens': 1024}`. If this is not intended, please relaunch vLLM instance with `--generation-config vllm`.
[36m(TaskRunner pid=706135)[0m Saving tensorboard log to tensorboard_log/Vision-OPD-StateAdaptive/Aha-floor-Qwen3.5-4B-6karmA.
[36m(TaskRunner pid=706135)[0m Found checkpoint: %s /sfs/weka/scratch/nkw3mr/Vision-OPD-OPSA/checkpoints/Aha-floor-Qwen3.5-4B-6karmA/global_step_15
[36m(TaskRunner pid=706135)[0m Load from checkpoint folder: /sfs/weka/scratch/nkw3mr/Vision-OPD-OPSA/checkpoints/Aha-floor-Qwen3.5-4B-6karmA/global_step_15
[36m(TaskRunner pid=706135)[0m Setting global step to 15
[36m(TaskRunner pid=706135)[0m Resuming from /sfs/weka/scratch/nkw3mr/Vision-OPD-OPSA/checkpoints/Aha-floor-Qwen3.5-4B-6karmA/global_step_15
[36m(AgentLoopWorker pid=104658)[0m Using dataset class: RLHFDataset
[36m(vLLMHttpServer pid=853273)[0m WARNING 09-10 00:25:00 [input_processor.py:227] Passing raw prompts to InputProcessor is deprecated and will be removed in v0.18. You should instead pass the outputs of Renderer.render_cmpl() or Renderer.render_chat().
[36m(AgentLoopWorker pid=104678)[0m Using dataset class: RLHFDataset[32m [repeated 7x across cluster][0m
[36m(TaskRunner pid=706135)[0m Dumped generations to /sfs/weka/scratch/nkw3mr/Vision-OPD-OPSA/rollouts/Aha-floor-Qwen3.5-4B-6karmA/16.jsonl
[36m(TaskRunner pid=706135)[0m step:16 - global_seqlen/min:357126 - global_seqlen/max:357126 - global_seqlen/minmax_diff:0 - global_seqlen/balanced_min:357126 - global_seqlen/balanced_max:357126 - global_seqlen/mean:357126.0 - self_distillation/teacher_always_on_fraction:1.0 - self_distillation/teacher_image_swap_fraction:1.0 - self_distillation/policy_fallback_fraction:0.0 - self_distillation/grpo_fallback_count:0.0 - rollout_corr/rollout_is_mean:1.0 - rollout_corr/rollout_is_ratio_fraction_high:0.0 - rollout_corr/rollout_is_ratio_fraction_low:0.0 - rollout_corr/rollout_is_max:1.0 - rollout_corr/rollout_is_min:1.0 - rollout_corr/rollout_is_std:0.0 - rollout_corr/rollout_is_eff_sample_size:1.0 - rollout_corr/rollout_is_seq_mean:1.0 - rollout_corr/rollout_is_seq_std:0.0 - rollout_corr/rollout_is_seq_max:1.0 - rollout_corr/rollout_is_seq_min:1.0 - rollout_corr/rollout_is_seq_max_deviation:0.0 - rollout_corr/rollout_is_seq_fraction_high:0.0 - rollout_corr/rollout_is_seq_fraction_low:0.0 - rollout_corr/training_ppl:3.1862091049551964 - rollout_corr/training_log_ppl:1.1159338597208261 - rollout_corr/kl:0.03243804742154074 - rollout_corr/k3_kl:0.03082288156535166 - rollout_corr/rollout_ppl:3.081711490948995 - rollout_corr/rollout_log_ppl:1.083495822114249 - rollout_corr/log_ppl_diff:0.032438037606577076 - rollout_corr/log_ppl_abs_diff:0.033977712504565716 - rollout_corr/log_ppl_diff_max:0.11294806003570557 - rollout_corr/log_ppl_diff_min:-0.04024320840835571 - rollout_corr/ppl_ratio:1.0333086581279833 - rollout_corr/chi2_token:0.08474201709032059 - rollout_corr/chi2_seq:4.8044548618296785 - actor/pg_loss:0.22543089743703598 - actor/kl_loss:0.0 - actor/grpo_loss:0.0 - actor/vopd_loss:0.22543089743703598 - actor/vopd_loss_weighted:0.22543089743703598 - actor/policy_fallback_fraction:0.0 - aha/u_mean:-0.500941114849411 - aha/u_neg_valley_frac:0.6172139948854843 - aha/floor_clamped_frac:0.6172139948854843 - aha/q_tail_mass:0.002330432304726552 - aha/argmax_conf:0.8466343283653259 - self_distillation/raw_jsd_token_mean:0.22543089743703604 - self_distillation/weighted_jsd_token_mean:0.22543089743703604 - self_distillation/self_distillation_mask.mean():1.0 - self_distillation/num_distill_tokens:299.5 - self_distillation/empty_target_batch:0.0 - actor/grad_norm:1.2842644453048706 - timing_s/update_actor/student_forward:45.51125074503943 - timing_s/update_actor/teacher_forward:61.25086802174337 - timing_s/update_actor/teacher_full_forward:0.0 - timing_s/update_actor/teacher_null_forward:61.01345249102451 - timing_s/update_actor/loss_compute:0.06718808005098253 - timing_s/update_actor/backward:91.81021272024373 - timing_s/update_actor/optimizer_step:0.1229160469956696 - timing_s/update_actor/teacher_ema_update:5.016900831833482e-05 - perf/mfu/actor:0.0 - perf/max_memory_allocated_gb:81.81820440292358 - perf/max_memory_reserved_gb:93.705078125 - perf/cpu_memory_used_gb:302.3400535583496 - actor/lr:2e-06 - training/global_step:16 - training/epoch:0 - response_length/mean:299.5 - response_length/max:1024.0 - response_length/min:69.0 - response_length/clip_ratio:0.0833333358168602 - response_length_non_aborted/mean:299.5 - response_length_non_aborted/max:1024.0 - response_length_non_aborted/min:69.0 - response_length_non_aborted/clip_ratio:0.0833333358168602 - response/aborted_ratio:0.0 - prompt_length/mean:3420.5625 - prompt_length/max:4018.0 - prompt_length/min:3171.0 - prompt_length/clip_ratio:0.0 - num_turns/min:2 - num_turns/max:2 - num_turns/mean:2.0 - timing_s/start_profile:7.623498095199466e-05 - timing_s/agent_loop/generate_sequences/min:21.620851178013254 - timing_s/agent_loop/generate_sequences/max:35.435487782000564 - timing_s/agent_loop/generate_sequences/mean:25.835441425078898 - timing_s/agent_loop/tool_calls/min:0.0 - timing_s/agent_loop/tool_calls/max:0.0 - timing_s/agent_loop/tool_calls/mean:0.0 - timing_s/agent_loop/slowest/generate_sequences:35.435487782000564 - timing_s/agent_loop/slowest/tool_calls:0.0 - timing_s/agent_loop/slowest/prompt_length:3353 - timing_s/agent_loop/slowest/response_length:1024 - timing_s/gen:4[36m(TaskRunner pid=706135)[0m Training Progress:  33%|███▎      | 17/51 [12:23<3:30:12, 370.94s/it]
[36m(TaskRunner pid=706135)[0m Training Progress:  35%|███▌      | 18/51 [18:21<3:20:51, 365.20s/it]
7.216376588039566 - timing_s/adv:23.201366002031136 - timing_s/update_actor:305.4261622260092 - timing_s/dump_rollout_generations:0.26157000398961827 - timing_s/step:376.13778822199674 - timing_s/stop_profile:2.9750983230769634e-05 - timing_per_token_ms/update_actor:0.8552336212597492 - timing_per_token_ms/adv:0.06496689124295385 - timing_per_token_ms/gen:1.6421945112701575 - perf/total_num_tokens:357126 - perf/time_per_step:376.13778822199674 - perf/throughput:474.727627989911
[36m(vLLMHttpServer pid=853317)[0m WARNING 09-10 00:25:00 [input_processor.py:227] Passing raw prompts to InputProcessor is deprecated and will be removed in v0.18. You should instead pass the outputs of Renderer.render_cmpl() or Renderer.render_chat().
[36m(TaskRunner pid=706135)[0m Dumped generations to /sfs/weka/scratch/nkw3mr/Vision-OPD-OPSA/rollouts/Aha-floor-Qwen3.5-4B-6karmA/17.jsonl
[36m(TaskRunner pid=706135)[0m step:17 - global_seqlen/min:356340 - global_seqlen/max:356340 - global_seqlen/minmax_diff:0 - global_seqlen/balanced_min:356340 - global_seqlen/balanced_max:356340 - global_seqlen/mean:356340.0 - self_distillation/teacher_always_on_fraction:1.0 - self_distillation/teacher_image_swap_fraction:1.0 - self_distillation/policy_fallback_fraction:0.0 - self_distillation/grpo_fallback_count:0.0 - rollout_corr/rollout_is_mean:1.0 - rollout_corr/rollout_is_ratio_fraction_high:0.0 - rollout_corr/rollout_is_ratio_fraction_low:0.0 - rollout_corr/rollout_is_max:1.0 - rollout_corr/rollout_is_min:1.0 - rollout_corr/rollout_is_std:0.0 - rollout_corr/rollout_is_eff_sample_size:1.0 - rollout_corr/rollout_is_seq_mean:1.0 - rollout_corr/rollout_is_seq_std:0.0 - rollout_corr/rollout_is_seq_max:1.0 - rollout_corr/rollout_is_seq_min:1.0 - rollout_corr/rollout_is_seq_max_deviation:0.0 - rollout_corr/rollout_is_seq_fraction_high:0.0 - rollout_corr/rollout_is_seq_fraction_low:0.0 - rollout_corr/training_ppl:3.378546826541424 - rollout_corr/training_log_ppl:1.1759301638230681 - rollout_corr/kl:0.03776822619208057 - rollout_corr/k3_kl:0.034907117941960074 - rollout_corr/rollout_ppl:3.248772187779347 - rollout_corr/rollout_log_ppl:1.138161927772065 - rollout_corr/log_ppl_diff:0.037768236051003136 - rollout_corr/log_ppl_abs_diff:0.038881452133258186 - rollout_corr/log_ppl_diff_max:0.11042457818984985 - rollout_corr/log_ppl_diff_min:-0.02888321876525879 - rollout_corr/ppl_ratio:1.0388018029431503 - rollout_corr/chi2_token:0.07023261611660321 - rollout_corr/chi2_seq:221.93762770543495 - actor/pg_loss:0.22337350435554973 - actor/kl_loss:0.0 - actor/grpo_loss:0.0 - actor/vopd_loss:0.22337350435554973 - actor/vopd_loss_weighted:0.22337350435554973 - actor/policy_fallback_fraction:0.0 - aha/u_mean:-0.5485153044573963 - aha/u_neg_valley_frac:0.6343995531400045 - aha/floor_clamped_frac:0.6343995531400045 - aha/q_tail_mass:0.003456714130910162 - aha/argmax_conf:0.8920577168464661 - self_distillation/raw_jsd_token_mean:0.2233735043555498 - self_distillation/weighted_jsd_token_mean:0.2233735043555498 - self_distillation/self_distillation_mask.mean():1.0 - self_distillation/num_distill_tokens:267.7916666666667 - self_distillation/empty_target_batch:0.0 - actor/grad_norm:1.2797961235046387 - timing_s/update_actor/student_forward:44.48853701807093 - timing_s/update_actor/teacher_forward:60.349779693817254 - timing_s/update_actor/teacher_full_forward:0.0 - timing_s/update_actor/teacher_null_forward:65.7953513211105 - timing_s/update_actor/loss_compute:0.0726236798800528 - timing_s/update_actor/backward:92.79046643682523 - timing_s/update_actor/optimizer_step:0.08485243399627507 - timing_s/update_actor/teacher_ema_update:3.783201100304723e-05 - perf/mfu/actor:0.0 - perf/max_memory_allocated_gb:84.21593809127808 - perf/max_memory_reserved_gb:96.083984375 - perf/cpu_memory_used_gb:352.3295440673828 - actor/lr:2e-06 - training/global_step:17 - training/epoch:0 - response_length/mean:267.7916564941406 - response_length/max:1024.0 - response_length/min:56.0 - response_length/clip_ratio:0.03125 - response_length_non_aborted/mean:267.7916564941406 - response_length_non_aborted/max:1024.0 - response_length_non_aborted/min:56.0 - response_length_non_aborted/clip_ratio:0.03125 - response/aborted_ratio:0.0 - prompt_length/mean:3444.083251953125 - prompt_length/max:5887.0 - prompt_length/min:3204.0 - prompt_length/clip_ratio:0.0 - num_turns/min:2 - num_turns/max:2 - num_turns/mean:2.0 - timing_s/start_profile:3.656995249912143e-05 - timing_s/agent_loop/generate_sequences/min:12.688495609967504 - timing_s/agent_loop/generate_sequences/max:26.214987830957398 - timing_s/agent_loop/generate_sequences/mean:17.87846357894523 - timing_s/agent_loop/tool_calls/min:0.0 - timing_s/agent_loop/tool_calls/max:0.0 - timing_s/agent_loop/tool_calls/mean:0.0 - timing_s/agent_loop/slowest/generate_sequences:26.214987830957398 - timing_s/agent_loop/slowest/tool_calls:0.0 - timing_s/agent_loop/slowest/prompt_length:3345 - timing_s/agent_loop/slowest/response_length:1024 - timing_s/gen:39.645773119991645 - timing_s/adv:23.846475355967414 - timing_s/update_actor:303.10450053203385 - timing_s/dump_rollout_generations:0.05884146603057161 - timing_s/step:366.67706251499476 - timing_s/stop_profile:3.002199809998274e-05 - timing_per_token_ms/update_actor:0.8506047609924057 - timing_per_token_ms/adv:0.06692056843454963 - timing_per_token_ms/gen:1.54215703749773 - perf/total_num_tokens:356340 - perf/time_per_step:366.67706251499476 - perf/throughput:485.9044053040923
[36m(TaskRunner pid=706135)[0m Dumped generations to /sfs/weka/scratch/nkw3mr/Vision-OPD-OPSA/rollouts/Aha-floor-Qwen3.5-4B-6karmA/18.jsonl
[36m(TaskRunner pid=706135)[0m step:18 - global_seqlen/min:347837 - global_seqlen/max:347837 - global_seqlen/minmax_diff:0 - global_seqlen/balanced_min:347837 - global_seqlen/balanced_max:347837 - global_seqlen/mean:347837.0 - self_distillation/teacher_always_on_fraction:1.0 - self_distillation/teacher_image_swap_fraction:1.0 - self_distillation/policy_fallback_fraction:0.0 - self_distillation/grpo_fallback_count:0.0 - rollout_corr/rollout_is_mean:1.0 - rollout_corr/rollout_is_ratio_fraction_high:0.0 - rollout_corr/rollout_is_ratio_fraction_low:0.0 - rollout_corr/rollout_is_max:1.0 - rollout_corr/rollout_is_min:1.0 - rollout_corr/rollout_is_std:0.0 - rollout_corr/rollout_is_eff_sample_size:1.0 - rollout_corr/rollout_is_seq_mean:1.0 - rollout_corr/rollout_is_seq_std:0.0 - rollout_corr/rollout_is_seq_max:1.0 - rollout_corr/rollout_is_seq_min:1.0 - rollout_corr/rollout_is_seq_max_deviation:0.0 - rollout_corr/rollout_is_seq_fraction_high:0.0 - rollout_corr/rollout_is_seq_fraction_low:0.0 - rollout_corr/training_ppl:3.0602849510808787 - rollout_corr/training_log_ppl:1.0806381205717723 - rollout_corr/kl:0.036963035325243254 - rollout_corr/k3_kl:0.03632201466825791 - rollout_corr/rollout_ppl:2.9458379757901034 - rollout_corr/rollout_log_ppl:1.0436750740433733 - rollout_corr/log_ppl_diff:0.03696304652839899 - rollout_corr/log_ppl_abs_diff:0.037610768961409725 - rollout_corr/log_ppl_diff_max:0.11210477352142334 - rollout_corr/log_ppl_diff_min:-0.011649250984191895 - rollout_corr/ppl_ratio:1.0380485393106937 - rollout_corr/chi2_token:0.08070345843831699 - rollout_corr/chi2_seq:-0.5975160468369722 - actor/pg_loss:0.24521455750800672 - actor/kl_loss:0.0 - actor/grpo_loss:0.0 - actor/vopd_loss:0.24521455750800672 - actor/vopd_loss_weighted:0.24521455750800672 - actor/policy_fallback_fraction:0.0 - aha/u_mean:-0.5295179094149111 - aha/u_neg_valley_frac:0.6111382224286596 - aha/floor_clamped_frac:0.6111382224286596 - aha/q_tail_mass:0.003090360064675224 - aha/argmax_conf:0.8206924200057983 - self_distillation/raw_jsd_token_mean:0.2452145575080067 - self_distillation/weighted_jsd_token_mean:0.2452145575080067 - self_distillation/self_distillation_mask.mean():1.0 - self_distillation/num_distill_tokens:210.69791666666666 - self_distillation/empty_target_batch:0.0 - actor/grad_norm:1.477922797203064 - timing_s/update_actor/student_forward:38.59597663296154 - timing_s/update_actor/teacher_forward:57.56596583261853 - timing_s/update_actor/teacher_full_forward:0.0 - timing_s/update_actor/teacher_null_forward:70.16041380743263 - timing_s/update_actor/loss_compute:0.07168042403645813 - timing_s/update_actor/backward:87.88651020318503 - timing_s/update_actor/optimizer_step:0.08443562604952604 - timing_s/update_actor/teacher_ema_update:4.990899469703436e-05 - perf/mfu/actor:0.0 - perf/max_memory_allocated_gb:84.21593809127808 - perf/max_memory_reserved_gb:96.083984375 - perf/cpu_memory_used_gb:350.2124671936035 - actor/lr:2e-06 - training/global_step:18 - training/epoch:0 - response_length/mean:210.6979217529297 - response_length/max:1024.0 - response_length/min:69.0 - response_length/clip_ratio:0.010416666977107525 - response_length_non_aborted/mean:210.6979217529297 - response_length_non_aborted/max:1024.0 - response_length_non_aborted/min:69.0 - response_length_non_aborted/clip_ratio:0.010416666977107525 - response/aborted_ratio:0.0 - prompt_length/mean:3412.604248046875 - prompt_length/max:4477.0 - prompt_length/min:3207.0 - prompt_length/clip_ratio:0.0 - num_turns/min:2 - num_turns/max:2 - num_turns/mean:2.0 - timing_s/start_profile:2.743699587881565e-05 - timing_s/agent_loop/generate_sequences/min:12.578232272993773 - timing_s/agent_loop/generate_sequences/max:24.974016489984933 - timing_s/agent_loop/generate_sequences/mean:16.332320935344494 - timing_s/agent_loop/tool_calls/min:0.0 - timing_s/agent_loop/tool_calls/max:0.0 - timing_s/agent_loop/tool_calls/mean:0.0 - timing_s/agent_loop/slowest/generate_sequences:24.974016489984933 - timing_s/agent_loop/slowest/tool_calls:0.0 - timing_s/agent_loop/slowest/prompt_length:3726 - timing_s/agen[36m(TaskRunner pid=706135)[0m Training Progress:  37%|███▋      | 19/51 [24:21<3:13:28, 362.77s/it]
[36m(TaskRunner pid=706135)[0m Training Progress:  39%|███▉      | 20/51 [30:38<3:10:05, 367.93s/it]
t_loop/slowest/response_length:1024 - timing_s/gen:37.14103847404476 - timing_s/adv:25.624192023999058 - timing_s/update_actor:295.18223511596443 - timing_s/dump_rollout_generations:0.05218508403049782 - timing_s/step:358.0283901009825 - timing_s/stop_profile:2.2340042050927877e-05 - timing_per_token_ms/update_actor:0.8486223004337217 - timing_per_token_ms/adv:0.07366724075931846 - timing_per_token_ms/gen:1.8362109296507028 - perf/total_num_tokens:347837 - perf/time_per_step:358.0283901009825 - perf/throughput:485.76734362028105
[36m(TaskRunner pid=706135)[0m Dumped generations to /sfs/weka/scratch/nkw3mr/Vision-OPD-OPSA/rollouts/Aha-floor-Qwen3.5-4B-6karmA/19.jsonl
[36m(TaskRunner pid=706135)[0m step:19 - global_seqlen/min:347456 - global_seqlen/max:347456 - global_seqlen/minmax_diff:0 - global_seqlen/balanced_min:347456 - global_seqlen/balanced_max:347456 - global_seqlen/mean:347456.0 - self_distillation/teacher_always_on_fraction:1.0 - self_distillation/teacher_image_swap_fraction:1.0 - self_distillation/policy_fallback_fraction:0.0 - self_distillation/grpo_fallback_count:0.0 - rollout_corr/rollout_is_mean:1.0 - rollout_corr/rollout_is_ratio_fraction_high:0.0 - rollout_corr/rollout_is_ratio_fraction_low:0.0 - rollout_corr/rollout_is_max:1.0 - rollout_corr/rollout_is_min:1.0 - rollout_corr/rollout_is_std:0.0 - rollout_corr/rollout_is_eff_sample_size:1.0 - rollout_corr/rollout_is_seq_mean:1.0 - rollout_corr/rollout_is_seq_std:0.0 - rollout_corr/rollout_is_seq_max:1.0 - rollout_corr/rollout_is_seq_min:1.0 - rollout_corr/rollout_is_seq_max_deviation:0.0 - rollout_corr/rollout_is_seq_fraction_high:0.0 - rollout_corr/rollout_is_seq_fraction_low:0.0 - rollout_corr/training_ppl:3.1100789482394853 - rollout_corr/training_log_ppl:1.0987411548073094 - rollout_corr/kl:0.035822933127443925 - rollout_corr/k3_kl:0.037290417385520414 - rollout_corr/rollout_ppl:2.9966006415585675 - rollout_corr/rollout_log_ppl:1.062918217542271 - rollout_corr/log_ppl_diff:0.03582293726503849 - rollout_corr/log_ppl_abs_diff:0.03855914560457071 - rollout_corr/log_ppl_diff_max:0.1211923360824585 - rollout_corr/log_ppl_diff_min:-0.035520851612091064 - rollout_corr/ppl_ratio:1.0368983757992585 - rollout_corr/chi2_token:0.09265364085634549 - rollout_corr/chi2_seq:10.324210863560438 - actor/pg_loss:0.23340631136670703 - actor/kl_loss:0.0 - actor/grpo_loss:0.0 - actor/vopd_loss:0.23340631136670703 - actor/vopd_loss_weighted:0.23340631136670703 - actor/policy_fallback_fraction:0.0 - aha/u_mean:-0.5970110208727419 - aha/u_neg_valley_frac:0.6391866188496351 - aha/floor_clamped_frac:0.6391866188496351 - aha/q_tail_mass:0.002258705181778472 - aha/argmax_conf:0.8176036477088928 - self_distillation/raw_jsd_token_mean:0.2334063113667071 - self_distillation/weighted_jsd_token_mean:0.2334063113667071 - self_distillation/self_distillation_mask.mean():1.0 - self_distillation/num_distill_tokens:234.6875 - self_distillation/empty_target_batch:0.0 - actor/grad_norm:1.691665768623352 - timing_s/update_actor/student_forward:40.371549583855085 - timing_s/update_actor/teacher_forward:59.93428519985173 - timing_s/update_actor/teacher_full_forward:0.0 - timing_s/update_actor/teacher_null_forward:70.34573858295335 - timing_s/update_actor/loss_compute:0.07461830379907042 - timing_s/update_actor/backward:87.20653916324954 - timing_s/update_actor/optimizer_step:0.08523726504063234 - timing_s/update_actor/teacher_ema_update:5.68280229344964e-05 - perf/mfu/actor:0.0 - perf/max_memory_allocated_gb:84.21593809127808 - perf/max_memory_reserved_gb:96.083984375 - perf/cpu_memory_used_gb:349.7125663757324 - actor/lr:2e-06 - training/global_step:19 - training/epoch:0 - response_length/mean:234.6875 - response_length/max:1024.0 - response_length/min:55.0 - response_length/clip_ratio:0.03125 - response_length_non_aborted/mean:234.6875 - response_length_non_aborted/max:1024.0 - response_length_non_aborted/min:55.0 - response_length_non_aborted/clip_ratio:0.03125 - response/aborted_ratio:0.0 - prompt_length/mean:3384.645751953125 - prompt_length/max:3959.0 - prompt_length/min:3342.0 - prompt_length/clip_ratio:0.0 - num_turns/min:2 - num_turns/max:2 - num_turns/mean:2.0 - timing_s/start_profile:3.070203820243478e-05 - timing_s/agent_loop/generate_sequences/min:12.577590417000465 - timing_s/agent_loop/generate_sequences/max:26.285223805054557 - timing_s/agent_loop/generate_sequences/mean:16.768071050439175 - timing_s/agent_loop/tool_calls/min:0.0 - timing_s/agent_loop/tool_calls/max:0.0 - timing_s/agent_loop/tool_calls/mean:0.0 - timing_s/agent_loop/slowest/generate_sequences:26.285223805054557 - timing_s/agent_loop/slowest/tool_calls:0.0 - timing_s/agent_loop/slowest/prompt_length:3362 - timing_s/agent_loop/slowest/response_length:1024 - timing_s/gen:37.448089504032396 - timing_s/adv:22.609490427013952 - timing_s/update_actor:298.55958029802423 - timing_s/dump_rollout_generations:0.06322010001167655 - timing_s/step:358.7045156349777 - timing_s/stop_profile:3.002100856974721e-05 - timing_per_token_ms/update_actor:0.8592730598925453 - timing_per_token_ms/adv:0.06507152107609007 - timing_per_token_ms/gen:1.662143342389365 - perf/total_num_tokens:347456 - perf/time_per_step:358.7045156349777 - perf/throughput:484.3206383740868
[36m(TaskRunner pid=706135)[0m Dumped generations to /sfs/weka/scratch/nkw3mr/Vision-OPD-OPSA/rollouts/Aha-floor-Qwen3.5-4B-6karmA/20.jsonl
[36m(TaskRunner pid=706135)[0m local_global_step_folder: /sfs/weka/scratch/nkw3mr/Vision-OPD-OPSA/checkpoints/Aha-floor-Qwen3.5-4B-6karmA/global_step_20
[36m(TaskRunner pid=706135)[0m step:20 - global_seqlen/min:348763 - global_seqlen/max:348763 - global_seqlen/minmax_diff:0 - global_seqlen/balanced_min:348763 - global_seqlen/balanced_max:348763 - global_seqlen/mean:348763.0 - self_distillation/teacher_always_on_fraction:1.0 - self_distillation/teacher_image_swap_fraction:1.0 - self_distillation/policy_fallback_fraction:0.0 - self_distillation/grpo_fallback_count:0.0 - rollout_corr/rollout_is_mean:1.0 - rollout_corr/rollout_is_ratio_fraction_high:0.0 - rollout_corr/rollout_is_ratio_fraction_low:0.0 - rollout_corr/rollout_is_max:1.0 - rollout_corr/rollout_is_min:1.0 - rollout_corr/rollout_is_std:0.0 - rollout_corr/rollout_is_eff_sample_size:1.0 - rollout_corr/rollout_is_seq_mean:1.0 - rollout_corr/rollout_is_seq_std:0.0 - rollout_corr/rollout_is_seq_max:1.0 - rollout_corr/rollout_is_seq_min:1.0 - rollout_corr/rollout_is_seq_max_deviation:0.0 - rollout_corr/rollout_is_seq_fraction_high:0.0 - rollout_corr/rollout_is_seq_fraction_low:0.0 - rollout_corr/training_ppl:3.119955907265345 - rollout_corr/training_log_ppl:1.087923353848358 - rollout_corr/kl:0.037722608360733524 - rollout_corr/k3_kl:0.04076818261334362 - rollout_corr/rollout_ppl:3.004492439329624 - rollout_corr/rollout_log_ppl:1.050200733045737 - rollout_corr/log_ppl_diff:0.037722620802621044 - rollout_corr/log_ppl_abs_diff:0.038952285734315716 - rollout_corr/log_ppl_diff_max:0.1078413724899292 - rollout_corr/log_ppl_diff_min:-0.032437264919281006 - rollout_corr/ppl_ratio:1.0388157864411671 - rollout_corr/chi2_token:0.19812833021084467 - rollout_corr/chi2_seq:24.311301584045093 - actor/pg_loss:0.2287015276184927 - actor/kl_loss:0.0 - actor/grpo_loss:0.0 - actor/vopd_loss:0.2287015276184927 - actor/vopd_loss_weighted:0.2287015276184927 - actor/policy_fallback_fraction:0.0 - aha/u_mean:-0.43072308209108695 - aha/u_neg_valley_frac:0.5934240982557336 - aha/floor_clamped_frac:0.5934240982557336 - aha/q_tail_mass:0.0024133162369253114 - aha/argmax_conf:0.8380133509635925 - self_distillation/raw_jsd_token_mean:0.22870152761849263 - self_distillation/weighted_jsd_token_mean:0.22870152761849263 - self_distillation/self_distillation_mask.mean():1.0 - self_distillation/num_distill_tokens:231.71875 - self_distillation/empty_target_batch:0.0 - actor/grad_norm:1.4492393732070923 - timing_s/update_actor/student_forward:41.63906604069052 - timing_s/update_actor/teacher_forward:64.3481928302208 - timing_s/update_actor/teacher_full_forward:0.0 - timing_s/update_actor/teacher_null_forward:63.11872308299644 - timing_s/update_actor/loss_compute:0.07374276092741638 - timing_s/update_actor/backward:87.31750570301665 - timing_s/update_actor/optimizer_step:0.0848925540340133 - timing_s/update_actor/teacher_ema_update:4.1116029024124146e-05 - perf/mfu/actor:0.0 - perf/max_memory_allocated_gb:84.21593809127808 - perf/max_memory_reserved_gb:96.083984375 - perf/cpu_memory_used_gb:350.42942810058594 - actor/lr:2e-06 - training/global_step:20 - training/epoch:0 - response_length/mean:231.71875 - response_length/max:1024.0 - response_length/min:59.0 - response_length/clip_ratio:0.010416666977107525 - response_length_non_aborted/mean:231.71875 - response_length_non_aborted/max:1024.0 - response_length_non_aborted/min:59.0 - response_length_non_aborted/clip_ratio:0.010416666977107525 - response/aborted_ratio:0.0 - prompt_length/mean:3401.229248046875 - prompt_length/max:4475.0 - prompt_length/min:3204.0 - prompt_length/clip_ratio:0.0 - num_turns/min:2 - num_turns/max:2 - num_turns/mean:2.0 - timing_s/start_profile:3.0311988666653633e-05 - timing_s/agent_loop/generate_sequences/min:13.46240331500303 - timing_s/agent_loop/generate_sequences/max:23.629468580998946 - timing_s/agent_loop/generate_sequences/mean:17.03371631325111 - timing_s/agent_loop/tool_calls/min:0.0 - timing_s/agent_loop/tool_calls/max:0.0 - timing_s/agent_loop/tool_calls/mean:0.0 - timing_s/agent_loop/slowest/generate_sequences:23.629468580998946 - timing_s/agent_loop/slowest/tool_calls:0.0 - timing_s/agent_loop/slowest/prompt_length:3362 - timing_s/agent_loop/slowest/response_lengt[36m(WorkerDict pid=736488)[0m /sfs/weka/scratch/nkw3mr/Vision-OPD-OPSA/verl/utils/device.py:134: FutureWarning: torch.cuda._set_allocator_settings is deprecated. Use torch._C._accelerator_setAllocatorSettings instead.
[36m(WorkerDict pid=736488)[0m   torch.cuda.memory._set_allocator_settings(f"expandable_segments:{enable}")
[36m(TaskRunner pid=706135)[0m Training Progress:  41%|████      | 21/51 [36:36<3:02:18, 364.63s/it]
[36m(WorkerDict pid=736480)[0m /sfs/weka/scratch/nkw3mr/Vision-OPD-OPSA/verl/utils/device.py:134: FutureWarning: torch.cuda._set_allocator_settings is deprecated. Use torch._C._accelerator_setAllocatorSettings instead.
[36m(WorkerDict pid=736480)[0m   torch.cuda.memory._set_allocator_settings(f"expandable_segments:{enable}")
[36m(TaskRunner pid=706135)[0m Training Progress:  43%|████▎     | 22/51 [42:36<2:55:31, 363.15s/it]
h:1024 - timing_s/gen:36.913767813995946 - timing_s/adv:21.7922132529784 - timing_s/update_actor:297.51383215899114 - timing_s/dump_rollout_generations:0.0575443550478667 - timing_s/step:356.3009049569955 - timing_s/save_checkpoint:20.40301291598007 - timing_s/stop_profile:5.2762043196707964e-05 - timing_per_token_ms/update_actor:0.8530544586409428 - timing_per_token_ms/adv:0.062484303819437266 - timing_per_token_ms/gen:1.6594186475161135 - perf/total_num_tokens:348763 - perf/time_per_step:356.3009049569955 - perf/throughput:489.421995773621
[36m(TaskRunner pid=706135)[0m Dumped generations to /sfs/weka/scratch/nkw3mr/Vision-OPD-OPSA/rollouts/Aha-floor-Qwen3.5-4B-6karmA/21.jsonl
[36m(TaskRunner pid=706135)[0m step:21 - global_seqlen/min:350424 - global_seqlen/max:350424 - global_seqlen/minmax_diff:0 - global_seqlen/balanced_min:350424 - global_seqlen/balanced_max:350424 - global_seqlen/mean:350424.0 - self_distillation/teacher_always_on_fraction:1.0 - self_distillation/teacher_image_swap_fraction:1.0 - self_distillation/policy_fallback_fraction:0.0 - self_distillation/grpo_fallback_count:0.0 - rollout_corr/rollout_is_mean:1.0 - rollout_corr/rollout_is_ratio_fraction_high:0.0 - rollout_corr/rollout_is_ratio_fraction_low:0.0 - rollout_corr/rollout_is_max:1.0 - rollout_corr/rollout_is_min:1.0 - rollout_corr/rollout_is_std:0.0 - rollout_corr/rollout_is_eff_sample_size:1.0 - rollout_corr/rollout_is_seq_mean:1.0 - rollout_corr/rollout_is_seq_std:0.0 - rollout_corr/rollout_is_seq_max:1.0 - rollout_corr/rollout_is_seq_min:1.0 - rollout_corr/rollout_is_seq_max_deviation:0.0 - rollout_corr/rollout_is_seq_fraction_high:0.0 - rollout_corr/rollout_is_seq_fraction_low:0.0 - rollout_corr/training_ppl:3.296868176509937 - rollout_corr/training_log_ppl:1.1438043011973302 - rollout_corr/kl:0.04101856805452068 - rollout_corr/k3_kl:0.03941873323249941 - rollout_corr/rollout_ppl:3.1635566664238772 - rollout_corr/rollout_log_ppl:1.102785727630059 - rollout_corr/log_ppl_diff:0.04101857356727123 - rollout_corr/log_ppl_abs_diff:0.04154083194832007 - rollout_corr/log_ppl_diff_max:0.17079007625579834 - rollout_corr/log_ppl_diff_min:-0.02506840229034424 - rollout_corr/ppl_ratio:1.0422633389631908 - rollout_corr/chi2_token:0.10371297287444274 - rollout_corr/chi2_seq:-0.49498249031603336 - actor/pg_loss:0.2197466131765396 - actor/kl_loss:0.0 - actor/grpo_loss:0.0 - actor/vopd_loss:0.2197466131765396 - actor/vopd_loss_weighted:0.2197466131765396 - actor/policy_fallback_fraction:0.0 - aha/u_mean:-0.48042284733674023 - aha/u_neg_valley_frac:0.6223188775281111 - aha/floor_clamped_frac:0.6223188775281111 - aha/q_tail_mass:0.0017428080423845433 - aha/argmax_conf:0.8133749961853027 - self_distillation/raw_jsd_token_mean:0.21974661317653954 - self_distillation/weighted_jsd_token_mean:0.21974661317653954 - self_distillation/self_distillation_mask.mean():1.0 - self_distillation/num_distill_tokens:263.25 - self_distillation/empty_target_batch:0.0 - actor/grad_norm:1.4514819383621216 - timing_s/update_actor/student_forward:42.008266566030215 - timing_s/update_actor/teacher_forward:60.92928867629962 - timing_s/update_actor/teacher_full_forward:0.0 - timing_s/update_actor/teacher_null_forward:63.315314818231855 - timing_s/update_actor/loss_compute:0.06773654220160097 - timing_s/update_actor/backward:90.9336260490818 - timing_s/update_actor/optimizer_step:0.08460669399937615 - timing_s/update_actor/teacher_ema_update:3.2355019357055426e-05 - perf/mfu/actor:0.0 - perf/max_memory_allocated_gb:84.21593809127808 - perf/max_memory_reserved_gb:96.083984375 - perf/cpu_memory_used_gb:352.41149139404297 - actor/lr:2e-06 - training/global_step:21 - training/epoch:0 - response_length/mean:263.25 - response_length/max:1024.0 - response_length/min:47.0 - response_length/clip_ratio:0.0520833320915699 - response_length_non_aborted/mean:263.25 - response_length_non_aborted/max:1024.0 - response_length_non_aborted/min:47.0 - response_length_non_aborted/clip_ratio:0.0520833320915699 - response/aborted_ratio:0.0 - prompt_length/mean:3387.0 - prompt_length/max:3968.0 - prompt_length/min:3205.0 - prompt_length/clip_ratio:0.0 - num_turns/min:2 - num_turns/max:2 - num_turns/mean:2.0 - timing_s/start_profile:3.5609002225100994e-05 - timing_s/agent_loop/generate_sequences/min:12.832643614965491 - timing_s/agent_loop/generate_sequences/max:26.721277381002437 - timing_s/agent_loop/generate_sequences/mean:17.54057524009416 - timing_s/agent_loop/tool_calls/min:0.0 - timing_s/agent_loop/tool_calls/max:0.0 - timing_s/agent_loop/tool_calls/mean:0.0 - timing_s/agent_loop/slowest/generate_sequences:26.721277381002437 - timing_s/agent_loop/slowest/tool_calls:0.0 - timing_s/agent_loop/slowest/prompt_length:3968 - timing_s/agent_loop/slowest/response_length:1024 - timing_s/gen:37.96373752801446 - timing_s/adv:18.945621321036015 - timing_s/update_actor:300.8817105970229 - timing_s/dump_rollout_generations:0.053060773003380746 - timing_s/step:357.86700978997396 - timing_s/stop_profile:2.5574991013854742e-05 - timing_per_token_ms/update_actor:0.8586218712103706 - timing_per_token_ms/adv:0.05406485092640919 - timing_per_token_ms/gen:1.5022055052237442 - perf/total_num_tokens:350424 - perf/time_per_step:357.86700978997396 - perf/throughput:489.60087185133085
[36m(TaskRunner pid=706135)[0m Dumped generations to /sfs/weka/scratch/nkw3mr/Vision-OPD-OPSA/rollouts/Aha-floor-Qwen3.5-4B-6karmA/22.jsonl
[36m(TaskRunner pid=706135)[0m step:22 - global_seqlen/min:350219 - global_seqlen/max:350219 - global_seqlen/minmax_diff:0 - global_seqlen/balanced_min:350219 - global_seqlen/balanced_max:350219 - global_seqlen/mean:350219.0 - self_distillation/teacher_always_on_fraction:1.0 - self_distillation/teacher_image_swap_fraction:1.0 - self_distillation/policy_fallback_fraction:0.0 - self_distillation/grpo_fallback_count:0.0 - rollout_corr/rollout_is_mean:1.0 - rollout_corr/rollout_is_ratio_fraction_high:0.0 - rollout_corr/rollout_is_ratio_fraction_low:0.0 - rollout_corr/rollout_is_max:1.0 - rollout_corr/rollout_is_min:1.0 - rollout_corr/rollout_is_std:0.0 - rollout_corr/rollout_is_eff_sample_size:1.0 - rollout_corr/rollout_is_seq_mean:1.0 - rollout_corr/rollout_is_seq_std:0.0 - rollout_corr/rollout_is_seq_max:1.0 - rollout_corr/rollout_is_seq_min:1.0 - rollout_corr/rollout_is_seq_max_deviation:0.0 - rollout_corr/rollout_is_seq_fraction_high:0.0 - rollout_corr/rollout_is_seq_fraction_low:0.0 - rollout_corr/training_ppl:3.4515541568398476 - rollout_corr/training_log_ppl:1.1680277297273278 - rollout_corr/kl:0.03783599409750119 - rollout_corr/k3_kl:0.037803903093542125 - rollout_corr/rollout_ppl:3.3130095625917115 - rollout_corr/rollout_log_ppl:1.13019174306343 - rollout_corr/log_ppl_diff:0.037835986663897835 - rollout_corr/log_ppl_abs_diff:0.03905499974886576 - rollout_corr/log_ppl_diff_max:0.14075088500976562 - rollout_corr/log_ppl_diff_min:-0.015130221843719482 - rollout_corr/ppl_ratio:1.0389545590927203 - rollout_corr/chi2_token:0.08832640945911407 - rollout_corr/chi2_seq:1.2771466119835775 - actor/pg_loss:0.23884947927823905 - actor/kl_loss:0.0 - actor/grpo_loss:0.0 - actor/vopd_loss:0.23884947927823905 - actor/vopd_loss_weighted:0.23884947927823905 - actor/policy_fallback_fraction:0.0 - aha/u_mean:-0.3650699054329986 - aha/u_neg_valley_frac:0.5821681044374903 - aha/floor_clamped_frac:0.5821681044374903 - aha/q_tail_mass:0.0025823570216895555 - aha/argmax_conf:0.9092994332313538 - self_distillation/raw_jsd_token_mean:0.2388494792782391 - self_distillation/weighted_jsd_token_mean:0.2388494792782391 - self_distillation/self_distillation_mask.mean():1.0 - self_distillation/num_distill_tokens:260.7604166666667 - self_distillation/empty_target_batch:0.0 - actor/grad_norm:2.300112009048462 - timing_s/update_actor/student_forward:43.51135810720734 - timing_s/update_actor/teacher_forward:63.48767445643898 - timing_s/update_actor/teacher_full_forward:0.0 - timing_s/update_actor/teacher_null_forward:61.17949558858527 - timing_s/update_actor/loss_compute:0.06709130707895383 - timing_s/update_actor/backward:87.14959232357796 - timing_s/update_actor/optimizer_step:0.08453567296965048 - timing_s/update_actor/teacher_ema_update:4.1967956349253654e-05 - perf/mfu/actor:0.0 - perf/max_memory_allocated_gb:84.21593809127808 - perf/max_memory_reserved_gb:96.083984375 - perf/cpu_memory_used_gb:352.90059661865234 - actor/lr:2e-06 - training/global_step:22 - training/epoch:0 - response_length/mean:260.7604064941406 - response_length/max:1024.0 - response_length/min:4.0 - response_length/clip_ratio:0.0416666679084301 - response_length_non_aborted/mean:260.7604064941406 - response_length_non_aborted/max:1024.0 - response_length_non_aborted/min:4.0 - response_length_non_aborted/clip_ratio:0.0416666679084301 - response/aborted_ratio:0.0 - prompt_length/mean:3387.354248046875 - prompt_length/max:3978.0 - prompt_length/min:3158.0 - prompt_length/clip_ratio:0.0 - num_turns/min:2 - num_turns/max:2 - num_turns/mean:2.0 - timing_s/start_profile:4.967802669852972e-05 - timing_s/agent_loop/generate_sequences/min:10.593115888012107 - timing_s/agent_loop/generate_sequences/max:25.841960351972375 - timing_s/agent_loop/generate_sequences/mean:16.836736817135414 - timing_s/agent_loop/tool_calls/min:0.0 - timing_s/agent_loop/tool_calls/max:0.0 - timing_s/agent_loop/tool_calls/mean:0.0 - timing_s/agent_loop/slowest/generate_sequences:25.841960351972375 - timing_s/agent_loop/slowest/tool_calls:0.0 - timing_s/agent_loop/slowest/prompt_length:3348 - timing_s/agent_loop/[36m(TaskRunner pid=706135)[0m Training Progress:  45%|████▌     | 23/51 [48:43<2:50:01, 364.35s/it]
[36m(TaskRunner pid=706135)[0m Training Progress:  47%|████▋     | 24/51 [54:45<2:43:35, 363.56s/it]
slowest/response_length:1024 - timing_s/gen:37.29040921200067 - timing_s/adv:22.255357886024285 - timing_s/update_actor:300.13329025998246 - timing_s/dump_rollout_generations:0.056768811016809195 - timing_s/step:359.7662440929562 - timing_s/stop_profile:2.8569018468260765e-05 - timing_per_token_ms/update_actor:0.8569874571624683 - timing_per_token_ms/adv:0.06354697456741148 - timing_per_token_ms/gen:1.4896500304398461 - perf/total_num_tokens:350219 - perf/time_per_step:359.7662440929562 - perf/throughput:486.73132311644923
[36m(TaskRunner pid=706135)[0m Dumped generations to /sfs/weka/scratch/nkw3mr/Vision-OPD-OPSA/rollouts/Aha-floor-Qwen3.5-4B-6karmA/23.jsonl
[36m(TaskRunner pid=706135)[0m step:23 - global_seqlen/min:363260 - global_seqlen/max:363260 - global_seqlen/minmax_diff:0 - global_seqlen/balanced_min:363260 - global_seqlen/balanced_max:363260 - global_seqlen/mean:363260.0 - self_distillation/teacher_always_on_fraction:1.0 - self_distillation/teacher_image_swap_fraction:1.0 - self_distillation/policy_fallback_fraction:0.0 - self_distillation/grpo_fallback_count:0.0 - rollout_corr/rollout_is_mean:1.0 - rollout_corr/rollout_is_ratio_fraction_high:0.0 - rollout_corr/rollout_is_ratio_fraction_low:0.0 - rollout_corr/rollout_is_max:1.0 - rollout_corr/rollout_is_min:1.0 - rollout_corr/rollout_is_std:0.0 - rollout_corr/rollout_is_eff_sample_size:1.0 - rollout_corr/rollout_is_seq_mean:1.0 - rollout_corr/rollout_is_seq_std:0.0 - rollout_corr/rollout_is_seq_max:1.0 - rollout_corr/rollout_is_seq_min:1.0 - rollout_corr/rollout_is_seq_max_deviation:0.0 - rollout_corr/rollout_is_seq_fraction_high:0.0 - rollout_corr/rollout_is_seq_fraction_low:0.0 - rollout_corr/training_ppl:3.4506842320164046 - rollout_corr/training_log_ppl:1.176964175576965 - rollout_corr/kl:0.039689829352331195 - rollout_corr/k3_kl:0.039171856304164976 - rollout_corr/rollout_ppl:3.3069053006668887 - rollout_corr/rollout_log_ppl:1.137274354075392 - rollout_corr/log_ppl_diff:0.03968982150157293 - rollout_corr/log_ppl_abs_diff:0.045267740885416664 - rollout_corr/log_ppl_diff_max:0.13084661960601807 - rollout_corr/log_ppl_diff_min:-0.1875881552696228 - rollout_corr/ppl_ratio:1.0412342206885417 - rollout_corr/chi2_token:0.09765431036551793 - rollout_corr/chi2_seq:-0.7530742126206557 - actor/pg_loss:0.21338409977033732 - actor/kl_loss:0.0 - actor/grpo_loss:0.0 - actor/vopd_loss:0.21338409977033732 - actor/vopd_loss_weighted:0.21338409977033732 - actor/policy_fallback_fraction:0.0 - aha/u_mean:-0.48017835613184917 - aha/u_neg_valley_frac:0.6176709734524289 - aha/floor_clamped_frac:0.6176709734524289 - aha/q_tail_mass:0.0020381102052411393 - aha/argmax_conf:0.9371199607849121 - self_distillation/raw_jsd_token_mean:0.21338409977033734 - self_distillation/weighted_jsd_token_mean:0.21338409977033734 - self_distillation/self_distillation_mask.mean():1.0 - self_distillation/num_distill_tokens:309.1041666666667 - self_distillation/empty_target_batch:0.0 - actor/grad_norm:1.6180241107940674 - timing_s/update_actor/student_forward:45.492999740934465 - timing_s/update_actor/teacher_forward:70.01724225108046 - timing_s/update_actor/teacher_full_forward:0.0 - timing_s/update_actor/teacher_null_forward:57.12513905193191 - timing_s/update_actor/loss_compute:0.07270814565708861 - timing_s/update_actor/backward:89.85219867684646 - timing_s/update_actor/optimizer_step:0.08532414899673313 - timing_s/update_actor/teacher_ema_update:4.017498577013612e-05 - perf/mfu/actor:0.0 - perf/max_memory_allocated_gb:84.21593809127808 - perf/max_memory_reserved_gb:96.083984375 - perf/cpu_memory_used_gb:354.11859130859375 - actor/lr:2e-06 - training/global_step:23 - training/epoch:0 - response_length/mean:309.1041564941406 - response_length/max:1024.0 - response_length/min:4.0 - response_length/clip_ratio:0.1041666641831398 - response_length_non_aborted/mean:309.1041564941406 - response_length_non_aborted/max:1024.0 - response_length_non_aborted/min:4.0 - response_length_non_aborted/clip_ratio:0.1041666641831398 - response/aborted_ratio:0.0 - prompt_length/mean:3474.854248046875 - prompt_length/max:4866.0 - prompt_length/min:3221.0 - prompt_length/clip_ratio:0.0 - num_turns/min:2 - num_turns/max:2 - num_turns/mean:2.0 - timing_s/start_profile:3.013096284121275e-05 - timing_s/agent_loop/generate_sequences/min:9.307071899005678 - timing_s/agent_loop/generate_sequences/max:28.642778105044272 - timing_s/agent_loop/generate_sequences/mean:18.786777498405474 - timing_s/agent_loop/tool_calls/min:0.0 - timing_s/agent_loop/tool_calls/max:0.0 - timing_s/agent_loop/tool_calls/mean:0.0 - timing_s/agent_loop/slowest/generate_sequences:28.642778105044272 - timing_s/agent_loop/slowest/tool_calls:0.0 - timing_s/agent_loop/slowest/prompt_length:3962 - timing_s/agent_loop/slowest/response_length:1024 - timing_s/gen:39.44800681900233 - timing_s/adv:20.201071898976807 - timing_s/update_actor:306.8351019679685 - timing_s/dump_rollout_generations:0.05511426500743255 - timing_s/step:366.56126773299184 - timing_s/stop_profile:2.3763044737279415e-05 - timing_per_token_ms/update_actor:0.8446707646533296 - timing_per_token_ms/adv:0.055610504594441466 - timing_per_token_ms/gen:1.3293794843634943 - perf/total_num_tokens:363260 - perf/time_per_step:366.56126773299184 - perf/throughput:495.49697687182197
[36m(TaskRunner pid=706135)[0m Dumped generations to /sfs/weka/scratch/nkw3mr/Vision-OPD-OPSA/rollouts/Aha-floor-Qwen3.5-4B-6karmA/24.jsonl
[36m(TaskRunner pid=706135)[0m step:24 - global_seqlen/min:350140 - global_seqlen/max:350140 - global_seqlen/minmax_diff:0 - global_seqlen/balanced_min:350140 - global_seqlen/balanced_max:350140 - global_seqlen/mean:350140.0 - self_distillation/teacher_always_on_fraction:1.0 - self_distillation/teacher_image_swap_fraction:1.0 - self_distillation/policy_fallback_fraction:0.0 - self_distillation/grpo_fallback_count:0.0 - rollout_corr/rollout_is_mean:1.0 - rollout_corr/rollout_is_ratio_fraction_high:0.0 - rollout_corr/rollout_is_ratio_fraction_low:0.0 - rollout_corr/rollout_is_max:1.0 - rollout_corr/rollout_is_min:1.0 - rollout_corr/rollout_is_std:0.0 - rollout_corr/rollout_is_eff_sample_size:1.0 - rollout_corr/rollout_is_seq_mean:1.0 - rollout_corr/rollout_is_seq_std:0.0 - rollout_corr/rollout_is_seq_max:1.0 - rollout_corr/rollout_is_seq_min:1.0 - rollout_corr/rollout_is_seq_max_deviation:0.0 - rollout_corr/rollout_is_seq_fraction_high:0.0 - rollout_corr/rollout_is_seq_fraction_low:0.0 - rollout_corr/training_ppl:3.3753494334717593 - rollout_corr/training_log_ppl:1.147255367288987 - rollout_corr/kl:0.041171389959345106 - rollout_corr/k3_kl:0.03862217449932359 - rollout_corr/rollout_ppl:3.234877980003754 - rollout_corr/rollout_log_ppl:1.106083966170748 - rollout_corr/log_ppl_diff:0.04117140111823877 - rollout_corr/log_ppl_abs_diff:0.04121986466149489 - rollout_corr/log_ppl_diff_max:0.10886043310165405 - rollout_corr/log_ppl_diff_min:-0.0023262500762939453 - rollout_corr/ppl_ratio:1.0423291611174743 - rollout_corr/chi2_token:0.09402717339495818 - rollout_corr/chi2_seq:-0.9488446017106374 - actor/pg_loss:0.20250224919679266 - actor/kl_loss:0.0 - actor/grpo_loss:0.0 - actor/vopd_loss:0.20250224919679266 - actor/vopd_loss_weighted:0.20250224919679266 - actor/policy_fallback_fraction:0.0 - aha/u_mean:-0.3941961813349432 - aha/u_neg_valley_frac:0.604506131572028 - aha/floor_clamped_frac:0.604506131572028 - aha/q_tail_mass:0.002893368398720971 - aha/argmax_conf:0.838340163230896 - self_distillation/raw_jsd_token_mean:0.20250224919679263 - self_distillation/weighted_jsd_token_mean:0.20250224919679263 - self_distillation/self_distillation_mask.mean():1.0 - self_distillation/num_distill_tokens:248.79166666666666 - self_distillation/empty_target_batch:0.0 - actor/grad_norm:2.0058395862579346 - timing_s/update_actor/student_forward:41.86660812620539 - timing_s/update_actor/teacher_forward:64.14626105775824 - timing_s/update_actor/teacher_full_forward:0.0 - timing_s/update_actor/teacher_null_forward:63.57306236377917 - timing_s/update_actor/loss_compute:0.07083177473396063 - timing_s/update_actor/backward:87.56661128101405 - timing_s/update_actor/optimizer_step:0.08489158196607605 - timing_s/update_actor/teacher_ema_update:3.764196299016476e-05 - perf/mfu/actor:0.0 - perf/max_memory_allocated_gb:84.56772804260254 - perf/max_memory_reserved_gb:96.126953125 - perf/cpu_memory_used_gb:353.21184158325195 - actor/lr:2e-06 - training/global_step:24 - training/epoch:0 - response_length/mean:248.7916717529297 - response_length/max:1024.0 - response_length/min:63.0 - response_length/clip_ratio:0.010416666977107525 - response_length_non_aborted/mean:248.7916717529297 - response_length_non_aborted/max:1024.0 - response_length_non_aborted/min:63.0 - response_length_non_aborted/clip_ratio:0.010416666977107525 - response/aborted_ratio:0.0 - prompt_length/mean:3398.5 - prompt_length/max:6140.0 - prompt_length/min:3155.0 - prompt_length/clip_ratio:0.0 - num_turns/min:2 - num_turns/max:2 - num_turns/mean:2.0 - timing_s/start_profile:5.128001794219017e-05 - timing_s/agent_loop/generate_sequences/min:13.19852717698086 - timing_s/agent_loop/generate_sequences/max:26.37932384997839 - timing_s/agent_loop/generate_sequences/mean:17.458443966996736 - timing_s/agent_loop/tool_calls/min:0.0 - timing_s/agent_loop/tool_calls/max:0.0 - timing_s/agent_loop/tool_calls/mean:0.0 - timing_s/agent_loop/slowest/generate_sequences:26.37932384997839 - timing_s/agent_loop/slowest/tool_calls:0.0 - timing_s/agent_loop/slowest/prompt_length:3359 - timing_s/agent_loop/slowest/r[36m(TaskRunner pid=706135)[0m Training Progress:  49%|████▉     | 25/51 [1:01:17<2:41:26, 372.57s/it]
[36m(WorkerDict pid=736488)[0m /sfs/weka/scratch/nkw3mr/Vision-OPD-OPSA/verl/utils/device.py:134: FutureWarning: torch.cuda._set_allocator_settings is deprecated. Use torch._C._accelerator_setAllocatorSettings instead.
[36m(WorkerDict pid=736488)[0m   torch.cuda.memory._set_allocator_settings(f"expandable_segments:{enable}")
[36m(TaskRunner pid=706135)[0m Training Progress:  51%|█████     | 26/51 [1:07:23<2:34:19, 370.39s/it]
[36m(WorkerDict pid=736480)[0m /sfs/weka/scratch/nkw3mr/Vision-OPD-OPSA/verl/utils/device.py:134: FutureWarning: torch.cuda._set_allocator_settings is deprecated. Use torch._C._accelerator_setAllocatorSettings instead.
[36m(WorkerDict pid=736480)[0m   torch.cuda.memory._set_allocator_settings(f"expandable_segments:{enable}")
esponse_length:974 - timing_s/gen:38.40007009799592 - timing_s/adv:21.609621773008257 - timing_s/update_actor:301.3471563470084 - timing_s/dump_rollout_generations:0.057820797024760395 - timing_s/step:361.4444081609836 - timing_s/stop_profile:2.875999780371785e-05 - timing_per_token_ms/update_actor:0.8606476162306747 - timing_per_token_ms/adv:0.061717089658445926 - timing_per_token_ms/gen:1.6077738275831486 - perf/total_num_tokens:350140 - perf/time_per_step:361.4444081609836 - perf/throughput:484.36217588964786
[36m(TaskRunner pid=706135)[0m Dumped generations to /sfs/weka/scratch/nkw3mr/Vision-OPD-OPSA/rollouts/Aha-floor-Qwen3.5-4B-6karmA/25.jsonl
[36m(TaskRunner pid=706135)[0m local_global_step_folder: /sfs/weka/scratch/nkw3mr/Vision-OPD-OPSA/checkpoints/Aha-floor-Qwen3.5-4B-6karmA/global_step_25
[36m(TaskRunner pid=706135)[0m step:25 - global_seqlen/min:356981 - global_seqlen/max:356981 - global_seqlen/minmax_diff:0 - global_seqlen/balanced_min:356981 - global_seqlen/balanced_max:356981 - global_seqlen/mean:356981.0 - self_distillation/teacher_always_on_fraction:1.0 - self_distillation/teacher_image_swap_fraction:1.0 - self_distillation/policy_fallback_fraction:0.0 - self_distillation/grpo_fallback_count:0.0 - rollout_corr/rollout_is_mean:1.0 - rollout_corr/rollout_is_ratio_fraction_high:0.0 - rollout_corr/rollout_is_ratio_fraction_low:0.0 - rollout_corr/rollout_is_max:1.0 - rollout_corr/rollout_is_min:1.0 - rollout_corr/rollout_is_std:0.0 - rollout_corr/rollout_is_eff_sample_size:1.0 - rollout_corr/rollout_is_seq_mean:1.0 - rollout_corr/rollout_is_seq_std:0.0 - rollout_corr/rollout_is_seq_max:1.0 - rollout_corr/rollout_is_seq_min:1.0 - rollout_corr/rollout_is_seq_max_deviation:0.0 - rollout_corr/rollout_is_seq_fraction_high:0.0 - rollout_corr/rollout_is_seq_fraction_low:0.0 - rollout_corr/training_ppl:9.78122883538405 - rollout_corr/training_log_ppl:1.1471117278560996 - rollout_corr/kl:0.04370798774107243 - rollout_corr/k3_kl:0.0464704635378439 - rollout_corr/rollout_ppl:7.906700732807319 - rollout_corr/rollout_log_ppl:1.103403750186165 - rollout_corr/log_ppl_diff:0.04370797766993443 - rollout_corr/log_ppl_abs_diff:0.04901805116484562 - rollout_corr/log_ppl_diff_max:0.30585575103759766 - rollout_corr/log_ppl_diff_min:-0.24997210502624512 - rollout_corr/ppl_ratio:1.045937119051814 - rollout_corr/chi2_token:0.141793184603254 - rollout_corr/chi2_seq:-0.7712066899985075 - actor/pg_loss:0.2221044307807461 - actor/kl_loss:0.0 - actor/grpo_loss:0.0 - actor/vopd_loss:0.2221044307807461 - actor/vopd_loss_weighted:0.2221044307807461 - actor/policy_fallback_fraction:0.0 - aha/u_mean:-0.40876985432502505 - aha/u_neg_valley_frac:0.596788510059317 - aha/floor_clamped_frac:0.596788510059317 - aha/q_tail_mass:0.0021173058639665974 - aha/argmax_conf:0.8949554562568665 - self_distillation/raw_jsd_token_mean:0.22210443078074604 - self_distillation/weighted_jsd_token_mean:0.22210443078074604 - self_distillation/self_distillation_mask.mean():1.0 - self_distillation/num_distill_tokens:223.07291666666666 - self_distillation/empty_target_batch:0.0 - actor/grad_norm:1.6353849172592163 - timing_s/update_actor/student_forward:47.70962199260248 - timing_s/update_actor/teacher_forward:70.49887500505429 - timing_s/update_actor/teacher_full_forward:0.0 - timing_s/update_actor/teacher_null_forward:56.04538972687442 - timing_s/update_actor/loss_compute:0.07051728392252699 - timing_s/update_actor/backward:90.61178815137828 - timing_s/update_actor/optimizer_step:0.08474458800628781 - timing_s/update_actor/teacher_ema_update:5.267199594527483e-05 - perf/mfu/actor:0.0 - perf/max_memory_allocated_gb:84.56772804260254 - perf/max_memory_reserved_gb:96.134765625 - perf/cpu_memory_used_gb:356.1842613220215 - actor/lr:2e-06 - training/global_step:25 - training/epoch:0 - response_length/mean:223.0729217529297 - response_length/max:1024.0 - response_length/min:4.0 - response_length/clip_ratio:0.02083333395421505 - response_length_non_aborted/mean:223.0729217529297 - response_length_non_aborted/max:1024.0 - response_length_non_aborted/min:4.0 - response_length_non_aborted/clip_ratio:0.02083333395421505 - response/aborted_ratio:0.0 - prompt_length/mean:3495.479248046875 - prompt_length/max:5645.0 - prompt_length/min:3108.0 - prompt_length/clip_ratio:0.0 - num_turns/min:2 - num_turns/max:2 - num_turns/mean:2.0 - timing_s/start_profile:2.738798502832651e-05 - timing_s/agent_loop/generate_sequences/min:7.209074585989583 - timing_s/agent_loop/generate_sequences/max:23.812839118996635 - timing_s/agent_loop/generate_sequences/mean:16.788430351364998 - timing_s/agent_loop/tool_calls/min:0.0 - timing_s/agent_loop/tool_calls/max:0.0 - timing_s/agent_loop/tool_calls/mean:0.0 - timing_s/agent_loop/slowest/generate_sequences:23.812839118996635 - timing_s/agent_loop/slowest/tool_calls:0.0 - timing_s/agent_loop/slowest/prompt_length:3353 - timing_s/agent_loop/slowest/response_length:1024 - timing_s/gen:37.679845302016474 - timing_s/adv:23.754429276043084 - timing_s/update_actor:310.24605717201484 - timing_s/dump_rollout_generations:0.26463345100637525 - timing_s/step:371.96811687899753 - timing_s/save_checkpoint:20.446099998021964 - timing_s/stop_profile:3.473699325695634e-05 - timing_per_token_ms/update_actor:0.8690828284194813 - timing_per_token_ms/adv:0.06654255906068694 - timing_per_token_ms/gen:1.7595071352797793 - perf/total_num_tokens:356981 - perf/time_per_step:371.96811687899753 - perf/throughput:479.8542990663459
[36m(TaskRunner pid=706135)[0m Dumped generations to /sfs/weka/scratch/nkw3mr/Vision-OPD-OPSA/rollouts/Aha-floor-Qwen3.5-4B-6karmA/26.jsonl
[36m(TaskRunner pid=706135)[0m step:26 - global_seqlen/min:346997 - global_seqlen/max:346997 - global_seqlen/minmax_diff:0 - global_seqlen/balanced_min:346997 - global_seqlen/balanced_max:346997 - global_seqlen/mean:346997.0 - self_distillation/teacher_always_on_fraction:1.0 - self_distillation/teacher_image_swap_fraction:1.0 - self_distillation/policy_fallback_fraction:0.0 - self_distillation/grpo_fallback_count:0.0 - rollout_corr/rollout_is_mean:1.0 - rollout_corr/rollout_is_ratio_fraction_high:0.0 - rollout_corr/rollout_is_ratio_fraction_low:0.0 - rollout_corr/rollout_is_max:1.0 - rollout_corr/rollout_is_min:1.0 - rollout_corr/rollout_is_std:0.0 - rollout_corr/rollout_is_eff_sample_size:1.0 - rollout_corr/rollout_is_seq_mean:1.0 - rollout_corr/rollout_is_seq_std:0.0 - rollout_corr/rollout_is_seq_max:1.0 - rollout_corr/rollout_is_seq_min:1.0 - rollout_corr/rollout_is_seq_max_deviation:0.0 - rollout_corr/rollout_is_seq_fraction_high:0.0 - rollout_corr/rollout_is_seq_fraction_low:0.0 - rollout_corr/training_ppl:3.301581526796023 - rollout_corr/training_log_ppl:1.1187315934027235 - rollout_corr/kl:0.047305474226353304 - rollout_corr/k3_kl:0.04257604241138324 - rollout_corr/rollout_ppl:3.142887342721224 - rollout_corr/rollout_log_ppl:1.0714261035124462 - rollout_corr/log_ppl_diff:0.047305489890277386 - rollout_corr/log_ppl_abs_diff:0.04801005031913519 - rollout_corr/log_ppl_diff_max:0.407484769821167 - rollout_corr/log_ppl_diff_min:-0.011159658432006836 - rollout_corr/ppl_ratio:1.0496628905336063 - rollout_corr/chi2_token:0.10473975228766601 - rollout_corr/chi2_seq:-0.66148984991014 - actor/pg_loss:0.228811950966095 - actor/kl_loss:0.0 - actor/grpo_loss:0.0 - actor/vopd_loss:0.228811950966095 - actor/vopd_loss_weighted:0.228811950966095 - actor/policy_fallback_fraction:0.0 - aha/u_mean:-0.4135533810969794 - aha/u_neg_valley_frac:0.5973873756205043 - aha/floor_clamped_frac:0.5973873756205043 - aha/q_tail_mass:0.0022144950964294217 - aha/argmax_conf:0.8545746803283691 - self_distillation/raw_jsd_token_mean:0.22881195096609494 - self_distillation/weighted_jsd_token_mean:0.22881195096609494 - self_distillation/self_distillation_mask.mean():1.0 - self_distillation/num_distill_tokens:210.46875 - self_distillation/empty_target_batch:0.0 - actor/grad_norm:2.4351446628570557 - timing_s/update_actor/student_forward:48.84792049753014 - timing_s/update_actor/teacher_forward:70.86529623623937 - timing_s/update_actor/teacher_full_forward:0.0 - timing_s/update_actor/teacher_null_forward:56.31405345292296 - timing_s/update_actor/loss_compute:0.07605473644798622 - timing_s/update_actor/backward:86.67867890413618 - timing_s/update_actor/optimizer_step:0.08450865501072258 - timing_s/update_actor/teacher_ema_update:4.098599310964346e-05 - perf/mfu/actor:0.0 - perf/max_memory_allocated_gb:84.56772804260254 - perf/max_memory_reserved_gb:96.134765625 - perf/cpu_memory_used_gb:355.1707572937012 - actor/lr:2e-06 - training/global_step:26 - training/epoch:0 - response_length/mean:210.46875 - response_length/max:1024.0 - response_length/min:4.0 - response_length/clip_ratio:0.02083333395421505 - response_length_non_aborted/mean:210.46875 - response_length_non_aborted/max:1024.0 - response_length_non_aborted/min:4.0 - response_length_non_aborted/clip_ratio:0.02083333395421505 - response/aborted_ratio:0.0 - prompt_length/mean:3404.083251953125 - prompt_length/max:4524.0 - prompt_length/min:3111.0 - prompt_length/clip_ratio:0.0 - num_turns/min:2 - num_turns/max:2 - num_turns/mean:2.0 - timing_s/start_profile:3.553897840902209e-05 - timing_s/agent_loop/generate_sequences/min:5.6911623779451475 - timing_s/agent_loop/generate_sequences/max:25.19271322095301 - timing_s/agent_loop/generate_sequences/mean:15.742204269018353 - timing_s/agent_loop/tool_calls/min:0.0 - timing_s/agent_loop/tool_calls/max:0.0 - timing_s/agent_loop/tool_calls/mean:0.0 - timing_s/agent_loop/slowest/generate_sequences:25.19271322095301 - timing_s/agent_loop/slowest/tool_calls:0.0 - timing_s/agent_loop/slowest/prompt_length:3957 - timing_s/agent_loop/slowest/response_length:1024 - t[36m(TaskRunner pid=706135)[0m Training Progress:  53%|█████▎    | 27/51 [1:13:22<2:26:49, 367.05s/it]
[36m(TaskRunner pid=706135)[0m Training Progress:  55%|█████▍    | 28/51 [1:19:28<2:20:29, 366.52s/it]
iming_s/gen:36.04160313599277 - timing_s/adv:23.75278251594864 - timing_s/update_actor:305.23826118104625 - timing_s/dump_rollout_generations:0.053243456000927836 - timing_s/step:365.11597923299996 - timing_s/stop_profile:2.324202796444297e-05 - timing_per_token_ms/update_actor:0.879656772770503 - timing_per_token_ms/adv:0.0684524146201513 - timing_per_token_ms/gen:1.7837962452854625 - perf/total_num_tokens:346997 - perf/time_per_step:365.11597923299996 - perf/throughput:475.1873647504246
[36m(TaskRunner pid=706135)[0m Dumped generations to /sfs/weka/scratch/nkw3mr/Vision-OPD-OPSA/rollouts/Aha-floor-Qwen3.5-4B-6karmA/27.jsonl
[36m(TaskRunner pid=706135)[0m step:27 - global_seqlen/min:347991 - global_seqlen/max:347991 - global_seqlen/minmax_diff:0 - global_seqlen/balanced_min:347991 - global_seqlen/balanced_max:347991 - global_seqlen/mean:347991.0 - self_distillation/teacher_always_on_fraction:1.0 - self_distillation/teacher_image_swap_fraction:1.0 - self_distillation/policy_fallback_fraction:0.0 - self_distillation/grpo_fallback_count:0.0 - rollout_corr/rollout_is_mean:1.0 - rollout_corr/rollout_is_ratio_fraction_high:0.0 - rollout_corr/rollout_is_ratio_fraction_low:0.0 - rollout_corr/rollout_is_max:1.0 - rollout_corr/rollout_is_min:1.0 - rollout_corr/rollout_is_std:0.0 - rollout_corr/rollout_is_eff_sample_size:1.0 - rollout_corr/rollout_is_seq_mean:1.0 - rollout_corr/rollout_is_seq_std:0.0 - rollout_corr/rollout_is_seq_max:1.0 - rollout_corr/rollout_is_seq_min:1.0 - rollout_corr/rollout_is_seq_max_deviation:0.0 - rollout_corr/rollout_is_seq_fraction_high:0.0 - rollout_corr/rollout_is_seq_fraction_low:0.0 - rollout_corr/training_ppl:3.183356888592243 - rollout_corr/training_log_ppl:1.0992239098995924 - rollout_corr/kl:0.0422558051601906 - rollout_corr/k3_kl:0.04708335504498488 - rollout_corr/rollout_ppl:3.0432529064516225 - rollout_corr/rollout_log_ppl:1.0569681127866108 - rollout_corr/log_ppl_diff:0.042255797112981476 - rollout_corr/log_ppl_abs_diff:0.05264877465864023 - rollout_corr/log_ppl_diff_max:0.1779109239578247 - rollout_corr/log_ppl_diff_min:-0.2899303436279297 - rollout_corr/ppl_ratio:1.044558624426524 - rollout_corr/chi2_token:0.13051464222371578 - rollout_corr/chi2_seq:24.623924092079204 - actor/pg_loss:0.21178262537190068 - actor/kl_loss:0.0 - actor/grpo_loss:0.0 - actor/vopd_loss:0.21178262537190068 - actor/vopd_loss_weighted:0.21178262537190068 - actor/policy_fallback_fraction:0.0 - aha/u_mean:-0.40697568739597045 - aha/u_neg_valley_frac:0.5974385452767214 - aha/floor_clamped_frac:0.5974385452767214 - aha/q_tail_mass:0.0022218118184582636 - aha/argmax_conf:0.9446355104446411 - self_distillation/raw_jsd_token_mean:0.2117826253719007 - self_distillation/weighted_jsd_token_mean:0.2117826253719007 - self_distillation/self_distillation_mask.mean():1.0 - self_distillation/num_distill_tokens:250.13541666666666 - self_distillation/empty_target_batch:0.0 - actor/grad_norm:2.7397043704986572 - timing_s/update_actor/student_forward:45.74826884781942 - timing_s/update_actor/teacher_forward:70.20874636340886 - timing_s/update_actor/teacher_full_forward:0.0 - timing_s/update_actor/teacher_null_forward:56.37812766240677 - timing_s/update_actor/loss_compute:0.06799811898963526 - timing_s/update_actor/backward:86.3873786299373 - timing_s/update_actor/optimizer_step:0.08466045605018735 - timing_s/update_actor/teacher_ema_update:5.394400795921683e-05 - perf/mfu/actor:0.0 - perf/max_memory_allocated_gb:84.56772804260254 - perf/max_memory_reserved_gb:96.134765625 - perf/cpu_memory_used_gb:354.050838470459 - actor/lr:2e-06 - training/global_step:27 - training/epoch:0 - response_length/mean:250.1354217529297 - response_length/max:1024.0 - response_length/min:4.0 - response_length/clip_ratio:0.0416666679084301 - response_length_non_aborted/mean:250.1354217529297 - response_length_non_aborted/max:1024.0 - response_length_non_aborted/min:4.0 - response_length_non_aborted/clip_ratio:0.0416666679084301 - response/aborted_ratio:0.0 - prompt_length/mean:3374.770751953125 - prompt_length/max:3958.0 - prompt_length/min:3212.0 - prompt_length/clip_ratio:0.0 - num_turns/min:2 - num_turns/max:2 - num_turns/mean:2.0 - timing_s/start_profile:3.589899279177189e-05 - timing_s/agent_loop/generate_sequences/min:6.160758932004683 - timing_s/agent_loop/generate_sequences/max:27.375537983025424 - timing_s/agent_loop/generate_sequences/mean:16.41254764339404 - timing_s/agent_loop/tool_calls/min:0.0 - timing_s/agent_loop/tool_calls/max:0.0 - timing_s/agent_loop/tool_calls/mean:0.0 - timing_s/agent_loop/slowest/generate_sequences:27.375537983025424 - timing_s/agent_loop/slowest/tool_calls:0.0 - timing_s/agent_loop/slowest/prompt_length:3349 - timing_s/agent_loop/slowest/response_length:1024 - timing_s/gen:38.55036946199834 - timing_s/adv:22.171116437006276 - timing_s/update_actor:298.2670331139816 - timing_s/dump_rollout_generations:0.05651899805525318 - timing_s/step:359.06805807800265 - timing_s/stop_profile:2.9411050491034985e-05 - timing_per_token_ms/update_actor:0.857111342287535 - timing_per_token_ms/adv:0.06371175242177607 - timing_per_token_ms/gen:1.6053958048556343 - perf/total_num_tokens:347991 - perf/time_per_step:359.06805807800265 - perf/throughput:484.57526668162126
[36m(TaskRunner pid=706135)[0m Dumped generations to /sfs/weka/scratch/nkw3mr/Vision-OPD-OPSA/rollouts/Aha-floor-Qwen3.5-4B-6karmA/28.jsonl
[36m(TaskRunner pid=706135)[0m step:28 - global_seqlen/min:354033 - global_seqlen/max:354033 - global_seqlen/minmax_diff:0 - global_seqlen/balanced_min:354033 - global_seqlen/balanced_max:354033 - global_seqlen/mean:354033.0 - self_distillation/teacher_always_on_fraction:1.0 - self_distillation/teacher_image_swap_fraction:1.0 - self_distillation/policy_fallback_fraction:0.0 - self_distillation/grpo_fallback_count:0.0 - rollout_corr/rollout_is_mean:1.0 - rollout_corr/rollout_is_ratio_fraction_high:0.0 - rollout_corr/rollout_is_ratio_fraction_low:0.0 - rollout_corr/rollout_is_max:1.0 - rollout_corr/rollout_is_min:1.0 - rollout_corr/rollout_is_std:0.0 - rollout_corr/rollout_is_eff_sample_size:1.0 - rollout_corr/rollout_is_seq_mean:1.0 - rollout_corr/rollout_is_seq_std:0.0 - rollout_corr/rollout_is_seq_max:1.0 - rollout_corr/rollout_is_seq_min:1.0 - rollout_corr/rollout_is_seq_max_deviation:0.0 - rollout_corr/rollout_is_seq_fraction_high:0.0 - rollout_corr/rollout_is_seq_fraction_low:0.0 - rollout_corr/training_ppl:3.274181868880987 - rollout_corr/training_log_ppl:1.127254379292329 - rollout_corr/kl:0.04219816607216368 - rollout_corr/k3_kl:0.04666255169043628 - rollout_corr/rollout_ppl:3.138813695559899 - rollout_corr/rollout_log_ppl:1.085056209936738 - rollout_corr/log_ppl_diff:0.04219816935559114 - rollout_corr/log_ppl_abs_diff:0.04777015062669913 - rollout_corr/log_ppl_diff_max:0.1333526372909546 - rollout_corr/log_ppl_diff_min:-0.23767566680908203 - rollout_corr/ppl_ratio:1.0439273441831272 - rollout_corr/chi2_token:0.13793571603794894 - rollout_corr/chi2_seq:-0.29067878735562164 - actor/pg_loss:0.23804646098869853 - actor/kl_loss:0.0 - actor/grpo_loss:0.0 - actor/vopd_loss:0.23804646098869853 - actor/vopd_loss_weighted:0.23804646098869853 - actor/policy_fallback_fraction:0.0 - aha/u_mean:-0.3164076297640956 - aha/u_neg_valley_frac:0.5767388440047702 - aha/floor_clamped_frac:0.5767388440047702 - aha/q_tail_mass:0.0020044905010839407 - aha/argmax_conf:0.9460257291793823 - self_distillation/raw_jsd_token_mean:0.23804646098869853 - self_distillation/weighted_jsd_token_mean:0.23804646098869853 - self_distillation/self_distillation_mask.mean():1.0 - self_distillation/num_distill_tokens:226.90625 - self_distillation/empty_target_batch:0.0 - actor/grad_norm:1.5370289087295532 - timing_s/update_actor/student_forward:44.53751997300424 - timing_s/update_actor/teacher_forward:64.1984235199634 - timing_s/update_actor/teacher_full_forward:0.0 - timing_s/update_actor/teacher_null_forward:68.29736359510571 - timing_s/update_actor/loss_compute:0.07177579059498385 - timing_s/update_actor/backward:87.9300710062962 - timing_s/update_actor/optimizer_step:0.08556571800727397 - timing_s/update_actor/teacher_ema_update:3.2544019632041454e-05 - perf/mfu/actor:0.0 - perf/max_memory_allocated_gb:84.56772804260254 - perf/max_memory_reserved_gb:96.134765625 - perf/cpu_memory_used_gb:359.8541831970215 - actor/lr:2e-06 - training/global_step:28 - training/epoch:0 - response_length/mean:226.90625 - response_length/max:1024.0 - response_length/min:4.0 - response_length/clip_ratio:0.02083333395421505 - response_length_non_aborted/mean:226.90625 - response_length_non_aborted/max:1024.0 - response_length_non_aborted/min:4.0 - response_length_non_aborted/clip_ratio:0.02083333395421505 - response/aborted_ratio:0.0 - prompt_length/mean:3460.9375 - prompt_length/max:5085.0 - prompt_length/min:3299.0 - prompt_length/clip_ratio:0.0 - num_turns/min:2 - num_turns/max:2 - num_turns/mean:2.0 - timing_s/start_profile:2.6956957299262285e-05 - timing_s/agent_loop/generate_sequences/min:7.652430063986685 - timing_s/agent_loop/generate_sequences/max:28.14571493602125 - timing_s/agent_loop/generate_sequences/mean:16.458387217159423 - timing_s/agent_loop/tool_calls/min:0.0 - timing_s/agent_loop/tool_calls/max:0.0 - timing_s/agent_loop/tool_calls/mean:0.0 - timing_s/agent_loop/slowest/generate_sequences:28.14571493602125 - timing_s/agent_loop/slowest/tool_calls:0.0 - timing_s/agent_loop/slowest/prompt_length:3343 - timing_s/agent_loop/slowest/response_length:1024 - timin[36m(TaskRunner pid=706135)[0m Training Progress:  57%|█████▋    | 29/51 [1:25:22<2:13:04, 362.94s/it]
[36m(TaskRunner pid=706135)[0m Training Progress:  59%|█████▉    | 30/51 [1:31:44<2:09:00, 368.58s/it]
g_s/gen:39.457648336014245 - timing_s/adv:20.445806603995152 - timing_s/update_actor:304.91541397204855 - timing_s/dump_rollout_generations:0.053111560002435 - timing_s/step:364.8976729590213 - timing_s/stop_profile:2.3392029106616974e-05 - timing_per_token_ms/update_actor:0.8612626901222444 - timing_per_token_ms/adv:0.05775113225036974 - timing_per_token_ms/gen:1.8113964254700567 - perf/total_num_tokens:354033 - perf/time_per_step:364.8976729590213 - perf/throughput:485.11271273543935
[36m(TaskRunner pid=706135)[0m Dumped generations to /sfs/weka/scratch/nkw3mr/Vision-OPD-OPSA/rollouts/Aha-floor-Qwen3.5-4B-6karmA/29.jsonl
[36m(TaskRunner pid=706135)[0m step:29 - global_seqlen/min:346776 - global_seqlen/max:346776 - global_seqlen/minmax_diff:0 - global_seqlen/balanced_min:346776 - global_seqlen/balanced_max:346776 - global_seqlen/mean:346776.0 - self_distillation/teacher_always_on_fraction:1.0 - self_distillation/teacher_image_swap_fraction:1.0 - self_distillation/policy_fallback_fraction:0.0 - self_distillation/grpo_fallback_count:0.0 - rollout_corr/rollout_is_mean:1.0 - rollout_corr/rollout_is_ratio_fraction_high:0.0 - rollout_corr/rollout_is_ratio_fraction_low:0.0 - rollout_corr/rollout_is_max:1.0 - rollout_corr/rollout_is_min:1.0 - rollout_corr/rollout_is_std:0.0 - rollout_corr/rollout_is_eff_sample_size:1.0 - rollout_corr/rollout_is_seq_mean:1.0 - rollout_corr/rollout_is_seq_std:0.0 - rollout_corr/rollout_is_seq_max:1.0 - rollout_corr/rollout_is_seq_min:1.0 - rollout_corr/rollout_is_seq_max_deviation:0.0 - rollout_corr/rollout_is_seq_fraction_high:0.0 - rollout_corr/rollout_is_seq_fraction_low:0.0 - rollout_corr/training_ppl:3.41912272075812 - rollout_corr/training_log_ppl:1.1346279503777623 - rollout_corr/kl:0.025069068115347665 - rollout_corr/k3_kl:0.09832476436470945 - rollout_corr/rollout_ppl:3.316140358646711 - rollout_corr/rollout_log_ppl:1.1095588679114978 - rollout_corr/log_ppl_diff:0.025069082466264565 - rollout_corr/log_ppl_abs_diff:0.06017124808082978 - rollout_corr/log_ppl_diff_max:0.16781342029571533 - rollout_corr/log_ppl_diff_min:-0.7660895586013794 - rollout_corr/ppl_ratio:1.0296457391232252 - rollout_corr/chi2_token:1.4261204066375892 - rollout_corr/chi2_seq:23.17980467279752 - actor/pg_loss:0.2302184535656124 - actor/kl_loss:0.0 - actor/grpo_loss:0.0 - actor/vopd_loss:0.2302184535656124 - actor/vopd_loss_weighted:0.2302184535656124 - actor/policy_fallback_fraction:0.0 - aha/u_mean:-0.44475241410327726 - aha/u_neg_valley_frac:0.5963313281536102 - aha/floor_clamped_frac:0.5963313281536102 - aha/q_tail_mass:0.0018454467383186568 - aha/argmax_conf:0.9493672251701355 - self_distillation/raw_jsd_token_mean:0.23021845356561244 - self_distillation/weighted_jsd_token_mean:0.23021845356561244 - self_distillation/self_distillation_mask.mean():1.0 - self_distillation/num_distill_tokens:227.14583333333334 - self_distillation/empty_target_batch:0.0 - actor/grad_norm:6.041573524475098 - timing_s/update_actor/student_forward:41.80732926510973 - timing_s/update_actor/teacher_forward:61.47626506903907 - timing_s/update_actor/teacher_full_forward:0.0 - timing_s/update_actor/teacher_null_forward:69.38478692306671 - timing_s/update_actor/loss_compute:0.06776810373412445 - timing_s/update_actor/backward:86.33477711712476 - timing_s/update_actor/optimizer_step:0.08459549600956962 - timing_s/update_actor/teacher_ema_update:3.6159995943307877e-05 - perf/mfu/actor:0.0 - perf/max_memory_allocated_gb:84.56772804260254 - perf/max_memory_reserved_gb:96.134765625 - perf/cpu_memory_used_gb:358.7513008117676 - actor/lr:2e-06 - training/global_step:29 - training/epoch:0 - response_length/mean:227.1458282470703 - response_length/max:1024.0 - response_length/min:4.0 - response_length/clip_ratio:0.0625 - response_length_non_aborted/mean:227.1458282470703 - response_length_non_aborted/max:1024.0 - response_length_non_aborted/min:4.0 - response_length_non_aborted/clip_ratio:0.0625 - response/aborted_ratio:0.0 - prompt_length/mean:3385.104248046875 - prompt_length/max:3964.0 - prompt_length/min:3203.0 - prompt_length/clip_ratio:0.0 - num_turns/min:2 - num_turns/max:2 - num_turns/mean:2.0 - timing_s/start_profile:4.4550979509949684e-05 - timing_s/agent_loop/generate_sequences/min:7.297231372969691 - timing_s/agent_loop/generate_sequences/max:26.87648968602298 - timing_s/agent_loop/generate_sequences/mean:16.247724817748047 - timing_s/agent_loop/tool_calls/min:0.0 - timing_s/agent_loop/tool_calls/max:0.0 - timing_s/agent_loop/tool_calls/mean:0.0 - timing_s/agent_loop/slowest/generate_sequences:26.87648968602298 - timing_s/agent_loop/slowest/tool_calls:0.0 - timing_s/agent_loop/slowest/prompt_length:3438 - timing_s/agent_loop/slowest/response_length:1024 - timing_s/gen:37.930451911001 - timing_s/adv:17.135429256013595 - timing_s/update_actor:299.15174399199896 - timing_s/dump_rollout_generations:0.056937868997920305 - timing_s/step:354.29604983801255 - timing_s/stop_profile:2.3752974811941385e-05 - timing_per_token_ms/update_actor:0.8626656515791143 - timing_per_token_ms/adv:0.04941353858402425 - timing_per_token_ms/gen:1.7394502389709714 - perf/total_num_tokens:346776 - perf/time_per_step:354.29604983801255 - perf/throughput:489.3873360407902
[36m(TaskRunner pid=706135)[0m Dumped generations to /sfs/weka/scratch/nkw3mr/Vision-OPD-OPSA/rollouts/Aha-floor-Qwen3.5-4B-6karmA/30.jsonl
[36m(TaskRunner pid=706135)[0m local_global_step_folder: /sfs/weka/scratch/nkw3mr/Vision-OPD-OPSA/checkpoints/Aha-floor-Qwen3.5-4B-6karmA/global_step_30
[36m(TaskRunner pid=706135)[0m step:30 - global_seqlen/min:348159 - global_seqlen/max:348159 - global_seqlen/minmax_diff:0 - global_seqlen/balanced_min:348159 - global_seqlen/balanced_max:348159 - global_seqlen/mean:348159.0 - self_distillation/teacher_always_on_fraction:1.0 - self_distillation/teacher_image_swap_fraction:1.0 - self_distillation/policy_fallback_fraction:0.0 - self_distillation/grpo_fallback_count:0.0 - rollout_corr/rollout_is_mean:1.0 - rollout_corr/rollout_is_ratio_fraction_high:0.0 - rollout_corr/rollout_is_ratio_fraction_low:0.0 - rollout_corr/rollout_is_max:1.0 - rollout_corr/rollout_is_min:1.0 - rollout_corr/rollout_is_std:0.0 - rollout_corr/rollout_is_eff_sample_size:1.0 - rollout_corr/rollout_is_seq_mean:1.0 - rollout_corr/rollout_is_seq_std:0.0 - rollout_corr/rollout_is_seq_max:1.0 - rollout_corr/rollout_is_seq_min:1.0 - rollout_corr/rollout_is_seq_max_deviation:0.0 - rollout_corr/rollout_is_seq_fraction_high:0.0 - rollout_corr/rollout_is_seq_fraction_low:0.0 - rollout_corr/training_ppl:3.5286848520239196 - rollout_corr/training_log_ppl:1.1647384651005268 - rollout_corr/kl:0.04149931338057892 - rollout_corr/k3_kl:0.051035919634159654 - rollout_corr/rollout_ppl:3.381476916372776 - rollout_corr/rollout_log_ppl:1.1232391595840454 - rollout_corr/log_ppl_diff:0.0414993055164814 - rollout_corr/log_ppl_abs_diff:0.04992195467154185 - rollout_corr/log_ppl_diff_max:0.1288062334060669 - rollout_corr/log_ppl_diff_min:-0.33359771966934204 - rollout_corr/ppl_ratio:1.0435040226827066 - rollout_corr/chi2_token:0.19033057428896427 - rollout_corr/chi2_seq:0.6019226523737112 - actor/pg_loss:0.2281269030645489 - actor/kl_loss:0.0 - actor/grpo_loss:0.0 - actor/vopd_loss:0.2281269030645489 - actor/vopd_loss_weighted:0.2281269030645489 - actor/policy_fallback_fraction:0.0 - aha/u_mean:-0.45206583803277073 - aha/u_neg_valley_frac:0.6105319773778319 - aha/floor_clamped_frac:0.6105319773778319 - aha/q_tail_mass:0.0023185457685030997 - aha/argmax_conf:0.8928688764572144 - self_distillation/raw_jsd_token_mean:0.22812690306454897 - self_distillation/weighted_jsd_token_mean:0.22812690306454897 - self_distillation/self_distillation_mask.mean():1.0 - self_distillation/num_distill_tokens:204.36458333333334 - self_distillation/empty_target_batch:0.0 - actor/grad_norm:1.9922016859054565 - timing_s/update_actor/student_forward:44.70637143513886 - timing_s/update_actor/teacher_forward:68.86715456482489 - timing_s/update_actor/teacher_full_forward:0.0 - timing_s/update_actor/teacher_null_forward:59.18832056078827 - timing_s/update_actor/loss_compute:0.06964755937224254 - timing_s/update_actor/backward:91.34579044015845 - timing_s/update_actor/optimizer_step:0.08539042400661856 - timing_s/update_actor/teacher_ema_update:3.978400491178036e-05 - perf/mfu/actor:0.0 - perf/max_memory_allocated_gb:84.56772804260254 - perf/max_memory_reserved_gb:96.134765625 - perf/cpu_memory_used_gb:359.9800338745117 - actor/lr:2e-06 - training/global_step:30 - training/epoch:0 - response_length/mean:204.3645782470703 - response_length/max:1024.0 - response_length/min:4.0 - response_length/clip_ratio:0.03125 - response_length_non_aborted/mean:204.3645782470703 - response_length_non_aborted/max:1024.0 - response_length_non_aborted/min:4.0 - response_length_non_aborted/clip_ratio:0.03125 - response/aborted_ratio:0.0 - prompt_length/mean:3422.291748046875 - prompt_length/max:4239.0 - prompt_length/min:3258.0 - prompt_length/clip_ratio:0.0 - num_turns/min:2 - num_turns/max:2 - num_turns/mean:2.0 - timing_s/start_profile:2.4943961761891842e-05 - timing_s/agent_loop/generate_sequences/min:9.112394573981874 - timing_s/agent_loop/generate_sequences/max:26.791222737985663 - timing_s/agent_loop/generate_sequences/mean:16.301832294050957 - timing_s/agent_loop/tool_calls/min:0.0 - timing_s/agent_loop/tool_calls/max:0.0 - timing_s/agent_loop/tool_calls/mean:0.0 - timing_s/agent_loop/slowest/generate_sequences:26.791222737985663 - timing_s/agent_loop/slowest/tool_calls:0.0 - timing_s/agent_loop/slowest/prompt_length:3351 - timing_s/agent_loop/slowest/response_length:1[36m(WorkerDict pid=736488)[0m /sfs/weka/scratch/nkw3mr/Vision-OPD-OPSA/verl/utils/device.py:134: FutureWarning: torch.cuda._set_allocator_settings is deprecated. Use torch._C._accelerator_setAllocatorSettings instead.
[36m(WorkerDict pid=736488)[0m   torch.cuda.memory._set_allocator_settings(f"expandable_segments:{enable}")
[36m(TaskRunner pid=706135)[0m Training Progress:  61%|██████    | 31/51 [1:37:48<2:02:25, 367.28s/it]
[36m(WorkerDict pid=736480)[0m /sfs/weka/scratch/nkw3mr/Vision-OPD-OPSA/verl/utils/device.py:134: FutureWarning: torch.cuda._set_allocator_settings is deprecated. Use torch._C._accelerator_setAllocatorSettings instead.
[36m(WorkerDict pid=736480)[0m   torch.cuda.memory._set_allocator_settings(f"expandable_segments:{enable}")
[36m(TaskRunner pid=706135)[0m Training Progress:  63%|██████▎   | 32/51 [1:43:48<1:55:33, 364.93s/it]
024 - timing_s/gen:38.82707797101466 - timing_s/adv:20.104814276040997 - timing_s/update_actor:303.1154365189723 - timing_s/dump_rollout_generations:0.05647289496846497 - timing_s/step:362.1305401159916 - timing_s/save_checkpoint:19.13694580597803 - timing_s/stop_profile:3.571901470422745e-05 - timing_per_token_ms/update_actor:0.8706235843938324 - timing_per_token_ms/adv:0.057746070835569374 - timing_per_token_ms/gen:1.9790548942868984 - perf/total_num_tokens:348159 - perf/time_per_step:362.1305401159916 - perf/throughput:480.70924905765133
[36m(TaskRunner pid=706135)[0m Dumped generations to /sfs/weka/scratch/nkw3mr/Vision-OPD-OPSA/rollouts/Aha-floor-Qwen3.5-4B-6karmA/31.jsonl
[36m(TaskRunner pid=706135)[0m step:31 - global_seqlen/min:347531 - global_seqlen/max:347531 - global_seqlen/minmax_diff:0 - global_seqlen/balanced_min:347531 - global_seqlen/balanced_max:347531 - global_seqlen/mean:347531.0 - self_distillation/teacher_always_on_fraction:1.0 - self_distillation/teacher_image_swap_fraction:1.0 - self_distillation/policy_fallback_fraction:0.0 - self_distillation/grpo_fallback_count:0.0 - rollout_corr/rollout_is_mean:1.0 - rollout_corr/rollout_is_ratio_fraction_high:0.0 - rollout_corr/rollout_is_ratio_fraction_low:0.0 - rollout_corr/rollout_is_max:1.0 - rollout_corr/rollout_is_min:1.0 - rollout_corr/rollout_is_std:0.0 - rollout_corr/rollout_is_eff_sample_size:1.0 - rollout_corr/rollout_is_seq_mean:1.0 - rollout_corr/rollout_is_seq_std:0.0 - rollout_corr/rollout_is_seq_max:1.0 - rollout_corr/rollout_is_seq_min:1.0 - rollout_corr/rollout_is_seq_max_deviation:0.0 - rollout_corr/rollout_is_seq_fraction_high:0.0 - rollout_corr/rollout_is_seq_fraction_low:0.0 - rollout_corr/training_ppl:3.2079074593881765 - rollout_corr/training_log_ppl:1.0830783240186672 - rollout_corr/kl:0.03531393164303154 - rollout_corr/k3_kl:0.04726670261394853 - rollout_corr/rollout_ppl:3.0777327542503676 - rollout_corr/rollout_log_ppl:1.0477643919487794 - rollout_corr/log_ppl_diff:0.03531393206988772 - rollout_corr/log_ppl_abs_diff:0.05242738143230478 - rollout_corr/log_ppl_diff_max:0.15736794471740723 - rollout_corr/log_ppl_diff_min:-0.2054908126592636 - rollout_corr/ppl_ratio:1.0376186377058427 - rollout_corr/chi2_token:0.15265083809693655 - rollout_corr/chi2_seq:698.9182155213008 - actor/pg_loss:0.22746547078713777 - actor/kl_loss:0.0 - actor/grpo_loss:0.0 - actor/vopd_loss:0.22746547078713777 - actor/vopd_loss_weighted:0.22746547078713777 - actor/policy_fallback_fraction:0.0 - aha/u_mean:-0.4910812550418389 - aha/u_neg_valley_frac:0.6058794384201368 - aha/floor_clamped_frac:0.6058794384201368 - aha/q_tail_mass:0.0013694567728919083 - aha/argmax_conf:0.9415556788444519 - self_distillation/raw_jsd_token_mean:0.22746547078713775 - self_distillation/weighted_jsd_token_mean:0.22746547078713775 - self_distillation/self_distillation_mask.mean():1.0 - self_distillation/num_distill_tokens:215.17708333333334 - self_distillation/empty_target_batch:0.0 - actor/grad_norm:1.8530298471450806 - timing_s/update_actor/student_forward:49.60478184919339 - timing_s/update_actor/teacher_forward:72.34116179210832 - timing_s/update_actor/teacher_full_forward:0.0 - timing_s/update_actor/teacher_null_forward:54.09340171911754 - timing_s/update_actor/loss_compute:0.06547808391042054 - timing_s/update_actor/backward:86.6670237305807 - timing_s/update_actor/optimizer_step:0.08539578900672495 - timing_s/update_actor/teacher_ema_update:4.1316961869597435e-05 - perf/mfu/actor:0.0 - perf/max_memory_allocated_gb:84.56772804260254 - perf/max_memory_reserved_gb:96.134765625 - perf/cpu_memory_used_gb:359.9928436279297 - actor/lr:2e-06 - training/global_step:31 - training/epoch:0 - response_length/mean:215.1770782470703 - response_length/max:1024.0 - response_length/min:4.0 - response_length/clip_ratio:0.0416666679084301 - response_length_non_aborted/mean:215.1770782470703 - response_length_non_aborted/max:1024.0 - response_length_non_aborted/min:4.0 - response_length_non_aborted/clip_ratio:0.0416666679084301 - response/aborted_ratio:0.0 - prompt_length/mean:3404.9375 - prompt_length/max:5368.0 - prompt_length/min:3255.0 - prompt_length/clip_ratio:0.0 - num_turns/min:2 - num_turns/max:2 - num_turns/mean:2.0 - timing_s/start_profile:3.485800698399544e-05 - timing_s/agent_loop/generate_sequences/min:6.723433592997026 - timing_s/agent_loop/generate_sequences/max:26.64180265198229 - timing_s/agent_loop/generate_sequences/mean:16.36458281020835 - timing_s/agent_loop/tool_calls/min:0.0 - timing_s/agent_loop/tool_calls/max:0.0 - timing_s/agent_loop/tool_calls/mean:0.0 - timing_s/agent_loop/slowest/generate_sequences:26.64180265198229 - timing_s/agent_loop/slowest/tool_calls:0.0 - timing_s/agent_loop/slowest/prompt_length:3347 - timing_s/agent_loop/slowest/response_length:1024 - timing_s/gen:37.89167180500226 - timing_s/adv:21.118658858991694 - timing_s/update_actor:304.79476314701606 - timing_s/dump_rollout_generations:0.06757243600441143 - timing_s/step:363.8954591380316 - timing_s/stop_profile:3.143399953842163e-05 - timing_per_token_ms/update_actor:0.8770289935200487 - timing_per_token_ms/adv:0.060767698015404936 - timing_per_token_ms/gen:1.8343259817496373 - perf/total_num_tokens:347531 - perf/time_per_step:363.8954591380316 - perf/throughput:477.51488961033687
[36m(TaskRunner pid=706135)[0m Dumped generations to /sfs/weka/scratch/nkw3mr/Vision-OPD-OPSA/rollouts/Aha-floor-Qwen3.5-4B-6karmA/32.jsonl
[36m(TaskRunner pid=706135)[0m step:32 - global_seqlen/min:349107 - global_seqlen/max:349107 - global_seqlen/minmax_diff:0 - global_seqlen/balanced_min:349107 - global_seqlen/balanced_max:349107 - global_seqlen/mean:349107.0 - self_distillation/teacher_always_on_fraction:1.0 - self_distillation/teacher_image_swap_fraction:1.0 - self_distillation/policy_fallback_fraction:0.0 - self_distillation/grpo_fallback_count:0.0 - rollout_corr/rollout_is_mean:1.0 - rollout_corr/rollout_is_ratio_fraction_high:0.0 - rollout_corr/rollout_is_ratio_fraction_low:0.0 - rollout_corr/rollout_is_max:1.0 - rollout_corr/rollout_is_min:1.0 - rollout_corr/rollout_is_std:0.0 - rollout_corr/rollout_is_eff_sample_size:1.0 - rollout_corr/rollout_is_seq_mean:1.0 - rollout_corr/rollout_is_seq_std:0.0 - rollout_corr/rollout_is_seq_max:1.0 - rollout_corr/rollout_is_seq_min:1.0 - rollout_corr/rollout_is_seq_max_deviation:0.0 - rollout_corr/rollout_is_seq_fraction_high:0.0 - rollout_corr/rollout_is_seq_fraction_low:0.0 - rollout_corr/training_ppl:3.090681982537111 - rollout_corr/training_log_ppl:1.0669231967379649 - rollout_corr/kl:0.05000362243299605 - rollout_corr/k3_kl:0.05044867898686789 - rollout_corr/rollout_ppl:2.930222187191248 - rollout_corr/rollout_log_ppl:1.0169195784255862 - rollout_corr/log_ppl_diff:0.05000361831237873 - rollout_corr/log_ppl_abs_diff:0.05020559734354416 - rollout_corr/log_ppl_diff_max:0.2329951524734497 - rollout_corr/log_ppl_diff_min:-0.007066130638122559 - rollout_corr/ppl_ratio:1.0522261926283438 - rollout_corr/chi2_token:0.1530310915162166 - rollout_corr/chi2_seq:-0.932866400728623 - actor/pg_loss:0.2242366530311605 - actor/kl_loss:0.0 - actor/grpo_loss:0.0 - actor/vopd_loss:0.2242366530311605 - actor/vopd_loss_weighted:0.2242366530311605 - actor/policy_fallback_fraction:0.0 - aha/u_mean:-0.40753509339295607 - aha/u_neg_valley_frac:0.5998139505585035 - aha/floor_clamped_frac:0.5998139505585035 - aha/q_tail_mass:0.001980725588206648 - aha/argmax_conf:0.840215265750885 - self_distillation/raw_jsd_token_mean:0.22423665303116044 - self_distillation/weighted_jsd_token_mean:0.22423665303116044 - self_distillation/self_distillation_mask.mean():1.0 - self_distillation/num_distill_tokens:264.3020833333333 - self_distillation/empty_target_batch:0.0 - actor/grad_norm:1.880279779434204 - timing_s/update_actor/student_forward:41.37459919083631 - timing_s/update_actor/teacher_forward:65.92001143097878 - timing_s/update_actor/teacher_full_forward:0.0 - timing_s/update_actor/teacher_null_forward:62.99686234508408 - timing_s/update_actor/loss_compute:0.06886242894688621 - timing_s/update_actor/backward:90.9019127006759 - timing_s/update_actor/optimizer_step:0.08473045699065551 - timing_s/update_actor/teacher_ema_update:5.529599729925394e-05 - perf/mfu/actor:0.0 - perf/max_memory_allocated_gb:84.56772804260254 - perf/max_memory_reserved_gb:96.134765625 - perf/cpu_memory_used_gb:359.2896537780762 - actor/lr:2e-06 - training/global_step:32 - training/epoch:0 - response_length/mean:264.3020935058594 - response_length/max:1024.0 - response_length/min:44.0 - response_length/clip_ratio:0.0625 - response_length_non_aborted/mean:264.3020935058594 - response_length_non_aborted/max:1024.0 - response_length_non_aborted/min:44.0 - response_length_non_aborted/clip_ratio:0.0625 - response/aborted_ratio:0.0 - prompt_length/mean:3372.229248046875 - prompt_length/max:3958.0 - prompt_length/min:3157.0 - prompt_length/clip_ratio:0.0 - num_turns/min:2 - num_turns/max:2 - num_turns/mean:2.0 - timing_s/start_profile:4.9937982112169266e-05 - timing_s/agent_loop/generate_sequences/min:12.57039485295536 - timing_s/agent_loop/generate_sequences/max:27.11850839003455 - timing_s/agent_loop/generate_sequences/mean:17.268439300685714 - timing_s/agent_loop/tool_calls/min:0.0 - timing_s/agent_loop/tool_calls/max:0.0 - timing_s/agent_loop/tool_calls/mean:0.0 - timing_s/agent_loop/slowest/generate_sequences:27.11850839003455 - timing_s/agent_loop/slowest/tool_calls:0.0 - timing_s/agent_loop/slowest/prompt_length:3346 - timing_s/agent_loop/slowest/response_length:1024 - ti[36m(TaskRunner pid=706135)[0m Training Progress:  65%|██████▍   | 33/51 [1:49:46<1:48:52, 362.94s/it]
[36m(TaskRunner pid=706135)[0m Training Progress:  67%|██████▋   | 34/51 [1:55:54<1:43:16, 364.52s/it]
ming_s/gen:38.23605980101274 - timing_s/adv:21.427623755007517 - timing_s/update_actor:299.34682364499895 - timing_s/dump_rollout_generations:0.053775338048581034 - timing_s/step:359.0908803709899 - timing_s/stop_profile:2.5014043785631657e-05 - timing_per_token_ms/update_actor:0.8574643981501343 - timing_per_token_ms/adv:0.06137838472161119 - timing_per_token_ms/gen:1.5069585701735209 - perf/total_num_tokens:349107 - perf/time_per_step:359.0908803709899 - perf/throughput:486.0983933082968
[36m(TaskRunner pid=706135)[0m Dumped generations to /sfs/weka/scratch/nkw3mr/Vision-OPD-OPSA/rollouts/Aha-floor-Qwen3.5-4B-6karmA/33.jsonl
[36m(TaskRunner pid=706135)[0m step:33 - global_seqlen/min:348307 - global_seqlen/max:348307 - global_seqlen/minmax_diff:0 - global_seqlen/balanced_min:348307 - global_seqlen/balanced_max:348307 - global_seqlen/mean:348307.0 - self_distillation/teacher_always_on_fraction:1.0 - self_distillation/teacher_image_swap_fraction:1.0 - self_distillation/policy_fallback_fraction:0.0 - self_distillation/grpo_fallback_count:0.0 - rollout_corr/rollout_is_mean:1.0 - rollout_corr/rollout_is_ratio_fraction_high:0.0 - rollout_corr/rollout_is_ratio_fraction_low:0.0 - rollout_corr/rollout_is_max:1.0 - rollout_corr/rollout_is_min:1.0 - rollout_corr/rollout_is_std:0.0 - rollout_corr/rollout_is_eff_sample_size:1.0 - rollout_corr/rollout_is_seq_mean:1.0 - rollout_corr/rollout_is_seq_std:0.0 - rollout_corr/rollout_is_seq_max:1.0 - rollout_corr/rollout_is_seq_min:1.0 - rollout_corr/rollout_is_seq_max_deviation:0.0 - rollout_corr/rollout_is_seq_fraction_high:0.0 - rollout_corr/rollout_is_seq_fraction_low:0.0 - rollout_corr/training_ppl:3.3295763234297433 - rollout_corr/training_log_ppl:1.0970882220814626 - rollout_corr/kl:0.03991959278452365 - rollout_corr/k3_kl:0.041748386642818026 - rollout_corr/rollout_ppl:3.171630727748076 - rollout_corr/rollout_log_ppl:1.057168634608388 - rollout_corr/log_ppl_diff:0.03991958747307459 - rollout_corr/log_ppl_abs_diff:0.04689275845885277 - rollout_corr/log_ppl_diff_max:0.17009639739990234 - rollout_corr/log_ppl_diff_min:-0.2537885904312134 - rollout_corr/ppl_ratio:1.0417225876202185 - rollout_corr/chi2_token:0.11180079852541287 - rollout_corr/chi2_seq:-0.7217882679154476 - actor/pg_loss:0.2179442266739595 - actor/kl_loss:0.0 - actor/grpo_loss:0.0 - actor/vopd_loss:0.2179442266739595 - actor/vopd_loss_weighted:0.2179442266739595 - actor/policy_fallback_fraction:0.0 - aha/u_mean:-0.42192729033801396 - aha/u_neg_valley_frac:0.5921921214709679 - aha/floor_clamped_frac:0.5921921214709679 - aha/q_tail_mass:0.0017764823973300814 - aha/argmax_conf:0.9288986325263977 - self_distillation/raw_jsd_token_mean:0.21794422667395943 - self_distillation/weighted_jsd_token_mean:0.21794422667395943 - self_distillation/self_distillation_mask.mean():1.0 - self_distillation/num_distill_tokens:258.53125 - self_distillation/empty_target_batch:0.0 - actor/grad_norm:1.56110680103302 - timing_s/update_actor/student_forward:47.48721215699334 - timing_s/update_actor/teacher_forward:70.84874579618918 - timing_s/update_actor/teacher_full_forward:0.0 - timing_s/update_actor/teacher_null_forward:56.30680002900772 - timing_s/update_actor/loss_compute:0.06775891984580085 - timing_s/update_actor/backward:85.98552403500071 - timing_s/update_actor/optimizer_step:0.0851821830146946 - timing_s/update_actor/teacher_ema_update:8.05399613454938e-05 - perf/mfu/actor:0.0 - perf/max_memory_allocated_gb:84.56772804260254 - perf/max_memory_reserved_gb:96.134765625 - perf/cpu_memory_used_gb:358.86144638061523 - actor/lr:2e-06 - training/global_step:33 - training/epoch:0 - response_length/mean:258.53125 - response_length/max:1024.0 - response_length/min:4.0 - response_length/clip_ratio:0.0416666679084301 - response_length_non_aborted/mean:258.53125 - response_length_non_aborted/max:1024.0 - response_length_non_aborted/min:4.0 - response_length_non_aborted/clip_ratio:0.0416666679084301 - response/aborted_ratio:0.0 - prompt_length/mean:3369.666748046875 - prompt_length/max:4002.0 - prompt_length/min:3341.0 - prompt_length/clip_ratio:0.0 - num_turns/min:2 - num_turns/max:2 - num_turns/mean:2.0 - timing_s/start_profile:3.359600668773055e-05 - timing_s/agent_loop/generate_sequences/min:6.362720446952153 - timing_s/agent_loop/generate_sequences/max:26.610228486009873 - timing_s/agent_loop/generate_sequences/mean:16.01327029814335 - timing_s/agent_loop/tool_calls/min:0.0 - timing_s/agent_loop/tool_calls/max:0.0 - timing_s/agent_loop/tool_calls/mean:0.0 - timing_s/agent_loop/slowest/generate_sequences:26.610228486009873 - timing_s/agent_loop/slowest/tool_calls:0.0 - timing_s/agent_loop/slowest/prompt_length:3395 - timing_s/agent_loop/slowest/response_length:1024 - timing_s/gen:38.52042892901227 - timing_s/adv:20.999953366990667 - timing_s/update_actor:298.3207500440185 - timing_s/dump_rollout_generations:0.054927162011153996 - timing_s/step:357.9193205749616 - timing_s/stop_profile:2.404296537861228e-05 - timing_per_token_ms/update_actor:0.856487954718161 - timing_per_token_ms/adv:0.06029150538746183 - timing_per_token_ms/gen:1.552054028325568 - perf/total_num_tokens:348307 - perf/time_per_step:357.9193205749616 - perf/throughput:486.5719450971236
[36m(TaskRunner pid=706135)[0m Dumped generations to /sfs/weka/scratch/nkw3mr/Vision-OPD-OPSA/rollouts/Aha-floor-Qwen3.5-4B-6karmA/34.jsonl
[36m(TaskRunner pid=706135)[0m step:34 - global_seqlen/min:352690 - global_seqlen/max:352690 - global_seqlen/minmax_diff:0 - global_seqlen/balanced_min:352690 - global_seqlen/balanced_max:352690 - global_seqlen/mean:352690.0 - self_distillation/teacher_always_on_fraction:1.0 - self_distillation/teacher_image_swap_fraction:1.0 - self_distillation/policy_fallback_fraction:0.0 - self_distillation/grpo_fallback_count:0.0 - rollout_corr/rollout_is_mean:1.0 - rollout_corr/rollout_is_ratio_fraction_high:0.0 - rollout_corr/rollout_is_ratio_fraction_low:0.0 - rollout_corr/rollout_is_max:1.0 - rollout_corr/rollout_is_min:1.0 - rollout_corr/rollout_is_std:0.0 - rollout_corr/rollout_is_eff_sample_size:1.0 - rollout_corr/rollout_is_seq_mean:1.0 - rollout_corr/rollout_is_seq_std:0.0 - rollout_corr/rollout_is_seq_max:1.0 - rollout_corr/rollout_is_seq_min:1.0 - rollout_corr/rollout_is_seq_max_deviation:0.0 - rollout_corr/rollout_is_seq_fraction_high:0.0 - rollout_corr/rollout_is_seq_fraction_low:0.0 - rollout_corr/training_ppl:3.9059172893563905 - rollout_corr/training_log_ppl:1.1983864549547434 - rollout_corr/kl:0.030983652618791286 - rollout_corr/k3_kl:0.061470313075309 - rollout_corr/rollout_ppl:3.74824741234382 - rollout_corr/rollout_log_ppl:1.167402798620363 - rollout_corr/log_ppl_diff:0.03098365633438031 - rollout_corr/log_ppl_abs_diff:0.05824264294157425 - rollout_corr/log_ppl_diff_max:0.13383269309997559 - rollout_corr/log_ppl_diff_min:-0.3009257912635803 - rollout_corr/ppl_ratio:1.0338644348084927 - rollout_corr/chi2_token:0.354214059188962 - rollout_corr/chi2_seq:130.7391282003373 - actor/pg_loss:0.21500926984784496 - actor/kl_loss:0.0 - actor/grpo_loss:0.0 - actor/vopd_loss:0.21500926984784496 - actor/vopd_loss_weighted:0.21500926984784496 - actor/policy_fallback_fraction:0.0 - aha/u_mean:-0.5697827972180676 - aha/u_neg_valley_frac:0.616593741501371 - aha/floor_clamped_frac:0.616593741501371 - aha/q_tail_mass:0.0022981629256004035 - aha/argmax_conf:0.9199020266532898 - self_distillation/raw_jsd_token_mean:0.21500926984784505 - self_distillation/weighted_jsd_token_mean:0.21500926984784505 - self_distillation/self_distillation_mask.mean():1.0 - self_distillation/num_distill_tokens:240.625 - self_distillation/empty_target_batch:0.0 - actor/grad_norm:1.7074871063232422 - timing_s/update_actor/student_forward:44.35148224566365 - timing_s/update_actor/teacher_forward:66.1414539210964 - timing_s/update_actor/teacher_full_forward:0.0 - timing_s/update_actor/teacher_null_forward:61.97641135886079 - timing_s/update_actor/loss_compute:0.07330686948262155 - timing_s/update_actor/backward:91.59462286275811 - timing_s/update_actor/optimizer_step:0.08461879304377362 - timing_s/update_actor/teacher_ema_update:3.4097000025212765e-05 - perf/mfu/actor:0.0 - perf/max_memory_allocated_gb:84.56772804260254 - perf/max_memory_reserved_gb:96.134765625 - perf/cpu_memory_used_gb:358.57209396362305 - actor/lr:2e-06 - training/global_step:34 - training/epoch:0 - response_length/mean:240.625 - response_length/max:1024.0 - response_length/min:4.0 - response_length/clip_ratio:0.0625 - response_length_non_aborted/mean:240.625 - response_length_non_aborted/max:1024.0 - response_length_non_aborted/min:4.0 - response_length_non_aborted/clip_ratio:0.0625 - response/aborted_ratio:0.0 - prompt_length/mean:3433.229248046875 - prompt_length/max:4849.0 - prompt_length/min:3342.0 - prompt_length/clip_ratio:0.0 - num_turns/min:2 - num_turns/max:2 - num_turns/mean:2.0 - timing_s/start_profile:3.541895421221852e-05 - timing_s/agent_loop/generate_sequences/min:7.464866143011022 - timing_s/agent_loop/generate_sequences/max:26.882106157019734 - timing_s/agent_loop/generate_sequences/mean:16.6885710583277 - timing_s/agent_loop/tool_calls/min:0.0 - timing_s/agent_loop/tool_calls/max:0.0 - timing_s/agent_loop/tool_calls/mean:0.0 - timing_s/agent_loop/slowest/generate_sequences:26.882106157019734 - timing_s/agent_loop/slowest/tool_calls:0.0 - timing_s/agent_loop/slowest/prompt_length:3346 - timing_s/agent_loop/slowest/response_length:1024 - timing_s/gen:39.22998262097826 - ti[36m(TaskRunner pid=706135)[0m Training Progress:  69%|██████▊   | 35/51 [2:02:16<1:38:33, 369.61s/it]
[36m(WorkerDict pid=736488)[0m /sfs/weka/scratch/nkw3mr/Vision-OPD-OPSA/verl/utils/device.py:134: FutureWarning: torch.cuda._set_allocator_settings is deprecated. Use torch._C._accelerator_setAllocatorSettings instead.
[36m(WorkerDict pid=736488)[0m   torch.cuda.memory._set_allocator_settings(f"expandable_segments:{enable}")
[36m(TaskRunner pid=706135)[0m Training Progress:  71%|███████   | 36/51 [2:08:24<1:32:19, 369.30s/it]
[36m(WorkerDict pid=736480)[0m /sfs/weka/scratch/nkw3mr/Vision-OPD-OPSA/verl/utils/device.py:134: FutureWarning: torch.cuda._set_allocator_settings is deprecated. Use torch._C._accelerator_setAllocatorSettings instead.
[36m(WorkerDict pid=736480)[0m   torch.cuda.memory._set_allocator_settings(f"expandable_segments:{enable}")
ming_s/adv:23.78767632698873 - timing_s/update_actor:304.58485017798375 - timing_s/dump_rollout_generations:0.2090426450013183 - timing_s/step:367.8399063560064 - timing_s/stop_profile:2.946000313386321e-05 - timing_per_token_ms/update_actor:0.8636050077347919 - timing_per_token_ms/adv:0.06744641562558829 - timing_per_token_ms/gen:1.698267645929795 - perf/total_num_tokens:352690 - perf/time_per_step:367.8399063560064 - perf/throughput:479.4069293540111
[36m(TaskRunner pid=706135)[0m Dumped generations to /sfs/weka/scratch/nkw3mr/Vision-OPD-OPSA/rollouts/Aha-floor-Qwen3.5-4B-6karmA/35.jsonl
[36m(TaskRunner pid=706135)[0m local_global_step_folder: /sfs/weka/scratch/nkw3mr/Vision-OPD-OPSA/checkpoints/Aha-floor-Qwen3.5-4B-6karmA/global_step_35
[36m(TaskRunner pid=706135)[0m step:35 - global_seqlen/min:347699 - global_seqlen/max:347699 - global_seqlen/minmax_diff:0 - global_seqlen/balanced_min:347699 - global_seqlen/balanced_max:347699 - global_seqlen/mean:347699.0 - self_distillation/teacher_always_on_fraction:1.0 - self_distillation/teacher_image_swap_fraction:1.0 - self_distillation/policy_fallback_fraction:0.0 - self_distillation/grpo_fallback_count:0.0 - rollout_corr/rollout_is_mean:1.0 - rollout_corr/rollout_is_ratio_fraction_high:0.0 - rollout_corr/rollout_is_ratio_fraction_low:0.0 - rollout_corr/rollout_is_max:1.0 - rollout_corr/rollout_is_min:1.0 - rollout_corr/rollout_is_std:0.0 - rollout_corr/rollout_is_eff_sample_size:1.0 - rollout_corr/rollout_is_seq_mean:1.0 - rollout_corr/rollout_is_seq_std:0.0 - rollout_corr/rollout_is_seq_max:1.0 - rollout_corr/rollout_is_seq_min:1.0 - rollout_corr/rollout_is_seq_max_deviation:0.0 - rollout_corr/rollout_is_seq_fraction_high:0.0 - rollout_corr/rollout_is_seq_fraction_low:0.0 - rollout_corr/training_ppl:4.1287041666607065 - rollout_corr/training_log_ppl:1.2567717460915446 - rollout_corr/kl:0.016228580259242637 - rollout_corr/k3_kl:0.04703465303949391 - rollout_corr/rollout_ppl:4.026101671159267 - rollout_corr/rollout_log_ppl:1.2405431571726997 - rollout_corr/log_ppl_diff:0.01622858891884486 - rollout_corr/log_ppl_abs_diff:0.05109751162429651 - rollout_corr/log_ppl_diff_max:0.13504815101623535 - rollout_corr/log_ppl_diff_min:-0.3425252437591553 - rollout_corr/ppl_ratio:1.0191094987094402 - rollout_corr/chi2_token:0.22225168099006018 - rollout_corr/chi2_seq:0.6340887664506832 - actor/pg_loss:0.23705880355555556 - actor/kl_loss:0.0 - actor/grpo_loss:0.0 - actor/vopd_loss:0.23705880355555556 - actor/vopd_loss_weighted:0.23705880355555556 - actor/policy_fallback_fraction:0.0 - aha/u_mean:-0.4442998617014382 - aha/u_neg_valley_frac:0.5548070911318064 - aha/floor_clamped_frac:0.5548070911318064 - aha/q_tail_mass:0.003012506620277596 - aha/argmax_conf:0.8929355144500732 - self_distillation/raw_jsd_token_mean:0.23705880355555564 - self_distillation/weighted_jsd_token_mean:0.23705880355555564 - self_distillation/self_distillation_mask.mean():1.0 - self_distillation/num_distill_tokens:260.71875 - self_distillation/empty_target_batch:0.0 - actor/grad_norm:2.712622880935669 - timing_s/update_actor/student_forward:48.10370476776734 - timing_s/update_actor/teacher_forward:70.91084752161987 - timing_s/update_actor/teacher_full_forward:0.0 - timing_s/update_actor/teacher_null_forward:55.23610845307121 - timing_s/update_actor/loss_compute:0.06529017904540524 - timing_s/update_actor/backward:85.93391505535692 - timing_s/update_actor/optimizer_step:0.08485033496981487 - timing_s/update_actor/teacher_ema_update:3.410701174288988e-05 - perf/mfu/actor:0.0 - perf/max_memory_allocated_gb:84.56772804260254 - perf/max_memory_reserved_gb:96.134765625 - perf/cpu_memory_used_gb:357.6087837219238 - actor/lr:2e-06 - training/global_step:35 - training/epoch:0 - response_length/mean:260.71875 - response_length/max:1024.0 - response_length/min:4.0 - response_length/clip_ratio:0.0729166641831398 - response_length_non_aborted/mean:260.71875 - response_length_non_aborted/max:1024.0 - response_length_non_aborted/min:4.0 - response_length_non_aborted/clip_ratio:0.0729166641831398 - response/aborted_ratio:0.0 - prompt_length/mean:3361.145751953125 - prompt_length/max:3960.0 - prompt_length/min:3205.0 - prompt_length/clip_ratio:0.0 - num_turns/min:2 - num_turns/max:2 - num_turns/mean:2.0 - timing_s/start_profile:3.5968958400189877e-05 - timing_s/agent_loop/generate_sequences/min:7.139037977030966 - timing_s/agent_loop/generate_sequences/max:28.02180261799367 - timing_s/agent_loop/generate_sequences/mean:16.70199327237363 - timing_s/agent_loop/tool_calls/min:0.0 - timing_s/agent_loop/tool_calls/max:0.0 - timing_s/agent_loop/tool_calls/mean:0.0 - timing_s/agent_loop/slowest/generate_sequences:28.02180261799367 - timing_s/agent_loop/slowest/tool_calls:0.0 - timing_s/agent_loop/slowest/prompt_length:3345 - timing_s/agent_loop/slowest/response_length:1024 - timing_s/gen:40.0498843229725 - timing_s/adv:22.43340556602925 - timing_s/update_actor:298.7187955430127 - timing_s/dump_rollout_generations:0.05647924600634724 - timing_s/step:361.2823522329563 - timing_s/save_checkpoint:19.823298368020914 - timing_s/stop_profile:3.266503335908055e-05 - timing_per_token_ms/update_actor:0.8591304419713968 - timing_per_token_ms/adv:0.06451961485661233 - timing_per_token_ms/gen:1.600139211433637 - perf/total_num_tokens:347699 - perf/time_per_step:361.2823522329563 - perf/throughput:481.201196032684
[36m(TaskRunner pid=706135)[0m Dumped generations to /sfs/weka/scratch/nkw3mr/Vision-OPD-OPSA/rollouts/Aha-floor-Qwen3.5-4B-6karmA/36.jsonl
[36m(TaskRunner pid=706135)[0m step:36 - global_seqlen/min:350557 - global_seqlen/max:350557 - global_seqlen/minmax_diff:0 - global_seqlen/balanced_min:350557 - global_seqlen/balanced_max:350557 - global_seqlen/mean:350557.0 - self_distillation/teacher_always_on_fraction:1.0 - self_distillation/teacher_image_swap_fraction:1.0 - self_distillation/policy_fallback_fraction:0.0 - self_distillation/grpo_fallback_count:0.0 - rollout_corr/rollout_is_mean:1.0 - rollout_corr/rollout_is_ratio_fraction_high:0.0 - rollout_corr/rollout_is_ratio_fraction_low:0.0 - rollout_corr/rollout_is_max:1.0 - rollout_corr/rollout_is_min:1.0 - rollout_corr/rollout_is_std:0.0 - rollout_corr/rollout_is_eff_sample_size:1.0 - rollout_corr/rollout_is_seq_mean:1.0 - rollout_corr/rollout_is_seq_std:0.0 - rollout_corr/rollout_is_seq_max:1.0 - rollout_corr/rollout_is_seq_min:1.0 - rollout_corr/rollout_is_seq_max_deviation:0.0 - rollout_corr/rollout_is_seq_fraction_high:0.0 - rollout_corr/rollout_is_seq_fraction_low:0.0 - rollout_corr/training_ppl:4.225757536788781 - rollout_corr/training_log_ppl:1.2955346701201051 - rollout_corr/kl:0.03153850572683344 - rollout_corr/k3_kl:0.04630706041037532 - rollout_corr/rollout_ppl:4.046591791013877 - rollout_corr/rollout_log_ppl:1.2639961771977444 - rollout_corr/log_ppl_diff:0.03153849299997091 - rollout_corr/log_ppl_abs_diff:0.05659079924225807 - rollout_corr/log_ppl_diff_max:0.19570815563201904 - rollout_corr/log_ppl_diff_min:-0.31910210847854614 - rollout_corr/ppl_ratio:1.0343160014599562 - rollout_corr/chi2_token:0.1636598582069079 - rollout_corr/chi2_seq:0.6751270697762569 - actor/pg_loss:0.26531188779821 - actor/kl_loss:0.0 - actor/grpo_loss:0.0 - actor/vopd_loss:0.26531188779821 - actor/vopd_loss_weighted:0.26531188779821 - actor/policy_fallback_fraction:0.0 - aha/u_mean:-0.5082584528718144 - aha/u_neg_valley_frac:0.5915105010693272 - aha/floor_clamped_frac:0.5915105010693272 - aha/q_tail_mass:0.0032167581057495434 - aha/argmax_conf:0.9527484774589539 - self_distillation/raw_jsd_token_mean:0.26531188779820997 - self_distillation/weighted_jsd_token_mean:0.26531188779820997 - self_distillation/self_distillation_mask.mean():1.0 - self_distillation/num_distill_tokens:202.51041666666666 - self_distillation/empty_target_batch:0.0 - actor/grad_norm:2.579972505569458 - timing_s/update_actor/student_forward:48.994135345332325 - timing_s/update_actor/teacher_forward:68.21286168706138 - timing_s/update_actor/teacher_full_forward:0.0 - timing_s/update_actor/teacher_null_forward:60.18287105218042 - timing_s/update_actor/loss_compute:0.07130087813129649 - timing_s/update_actor/backward:87.69010474928655 - timing_s/update_actor/optimizer_step:0.08487854996928945 - timing_s/update_actor/teacher_ema_update:4.487100522965193e-05 - perf/mfu/actor:0.0 - perf/max_memory_allocated_gb:84.56772804260254 - perf/max_memory_reserved_gb:96.134765625 - perf/cpu_memory_used_gb:360.248592376709 - actor/lr:2e-06 - training/global_step:36 - training/epoch:0 - response_length/mean:202.5104217529297 - response_length/max:1024.0 - response_length/min:4.0 - response_length/clip_ratio:0.0520833320915699 - response_length_non_aborted/mean:202.5104217529297 - response_length_non_aborted/max:1024.0 - response_length_non_aborted/min:4.0 - response_length_non_aborted/clip_ratio:0.0520833320915699 - response/aborted_ratio:0.0 - prompt_length/mean:3449.125 - prompt_length/max:5888.0 - prompt_length/min:3157.0 - prompt_length/clip_ratio:0.0 - num_turns/min:2 - num_turns/max:2 - num_turns/mean:2.0 - timing_s/start_profile:4.618300590664148e-05 - timing_s/agent_loop/generate_sequences/min:7.491694369004108 - timing_s/agent_loop/generate_sequences/max:28.12686797097558 - timing_s/agent_loop/generate_sequences/mean:15.959206340113573 - timing_s/agent_loop/tool_calls/min:0.0 - timing_s/agent_loop/tool_calls/max:0.0 - timing_s/agent_loop/tool_calls/mean:0.0 - timing_s/agent_loop/slowest/generate_sequences:28.12686797097558 - timing_s/agent_loop/slowest/tool_calls:0.0 - timing_s/agent_loop/slowest/prompt_length:3349 - timing_s/agent_loop/slowest/response_length:[36m(TaskRunner pid=706135)[0m Training Progress:  73%|███████▎  | 37/51 [2:14:32<1:26:04, 368.87s/it]
[36m(TaskRunner pid=706135)[0m Training Progress:  75%|███████▍  | 38/51 [2:20:34<1:19:26, 366.69s/it]
1024 - timing_s/gen:38.607224329025485 - timing_s/adv:22.712424355966505 - timing_s/update_actor:306.77361472399207 - timing_s/dump_rollout_generations:0.10725962097058073 - timing_s/step:368.2319395149825 - timing_s/stop_profile:2.581602893769741e-05 - timing_per_token_ms/update_actor:0.8751033775505611 - timing_per_token_ms/adv:0.06478953310293763 - timing_per_token_ms/gen:1.9858661760725007 - perf/total_num_tokens:350557 - perf/time_per_step:368.2319395149825 - perf/throughput:476.00026285299543
[36m(TaskRunner pid=706135)[0m Dumped generations to /sfs/weka/scratch/nkw3mr/Vision-OPD-OPSA/rollouts/Aha-floor-Qwen3.5-4B-6karmA/37.jsonl
[36m(TaskRunner pid=706135)[0m step:37 - global_seqlen/min:356104 - global_seqlen/max:356104 - global_seqlen/minmax_diff:0 - global_seqlen/balanced_min:356104 - global_seqlen/balanced_max:356104 - global_seqlen/mean:356104.0 - self_distillation/teacher_always_on_fraction:1.0 - self_distillation/teacher_image_swap_fraction:1.0 - self_distillation/policy_fallback_fraction:0.0 - self_distillation/grpo_fallback_count:0.0 - rollout_corr/rollout_is_mean:1.0 - rollout_corr/rollout_is_ratio_fraction_high:0.0 - rollout_corr/rollout_is_ratio_fraction_low:0.0 - rollout_corr/rollout_is_max:1.0 - rollout_corr/rollout_is_min:1.0 - rollout_corr/rollout_is_std:0.0 - rollout_corr/rollout_is_eff_sample_size:1.0 - rollout_corr/rollout_is_seq_mean:1.0 - rollout_corr/rollout_is_seq_std:0.0 - rollout_corr/rollout_is_seq_max:1.0 - rollout_corr/rollout_is_seq_min:1.0 - rollout_corr/rollout_is_seq_max_deviation:0.0 - rollout_corr/rollout_is_seq_fraction_high:0.0 - rollout_corr/rollout_is_seq_fraction_low:0.0 - rollout_corr/training_ppl:4.369243378440539 - rollout_corr/training_log_ppl:1.309567852023368 - rollout_corr/kl:0.018040168624793296 - rollout_corr/k3_kl:0.04096183829339376 - rollout_corr/rollout_ppl:4.247116671254237 - rollout_corr/rollout_log_ppl:1.2915276736021042 - rollout_corr/log_ppl_diff:0.018040178421263892 - rollout_corr/log_ppl_abs_diff:0.04753472151545187 - rollout_corr/log_ppl_diff_max:0.12864649295806885 - rollout_corr/log_ppl_diff_min:-0.33214497566223145 - rollout_corr/ppl_ratio:1.0201908679058154 - rollout_corr/chi2_token:0.16180536709725857 - rollout_corr/chi2_seq:0.6621030929187933 - actor/pg_loss:0.251404606058107 - actor/kl_loss:0.0 - actor/grpo_loss:0.0 - actor/vopd_loss:0.251404606058107 - actor/vopd_loss_weighted:0.251404606058107 - actor/policy_fallback_fraction:0.0 - aha/u_mean:-0.5088522389269201 - aha/u_neg_valley_frac:0.5778211054081718 - aha/floor_clamped_frac:0.5778211054081718 - aha/q_tail_mass:0.001825752015044202 - aha/argmax_conf:0.9670259356498718 - self_distillation/raw_jsd_token_mean:0.25140460605810705 - self_distillation/weighted_jsd_token_mean:0.25140460605810705 - self_distillation/self_distillation_mask.mean():1.0 - self_distillation/num_distill_tokens:285.75 - self_distillation/empty_target_batch:0.0 - actor/grad_norm:2.7178103923797607 - timing_s/update_actor/student_forward:44.54958270606585 - timing_s/update_actor/teacher_forward:68.90137860894902 - timing_s/update_actor/teacher_full_forward:0.0 - timing_s/update_actor/teacher_null_forward:60.76991413231008 - timing_s/update_actor/loss_compute:0.07083839777624235 - timing_s/update_actor/backward:90.54096504347399 - timing_s/update_actor/optimizer_step:0.08483658597106114 - timing_s/update_actor/teacher_ema_update:3.745203139260411e-05 - perf/mfu/actor:0.0 - perf/max_memory_allocated_gb:84.56772804260254 - perf/max_memory_reserved_gb:96.134765625 - perf/cpu_memory_used_gb:360.9234848022461 - actor/lr:2e-06 - training/global_step:37 - training/epoch:0 - response_length/mean:285.75 - response_length/max:1024.0 - response_length/min:4.0 - response_length/clip_ratio:0.125 - response_length_non_aborted/mean:285.75 - response_length_non_aborted/max:1024.0 - response_length_non_aborted/min:4.0 - response_length_non_aborted/clip_ratio:0.125 - response/aborted_ratio:0.0 - prompt_length/mean:3423.666748046875 - prompt_length/max:4162.0 - prompt_length/min:3158.0 - prompt_length/clip_ratio:0.0 - num_turns/min:2 - num_turns/max:2 - num_turns/mean:2.0 - timing_s/start_profile:3.179401392117143e-05 - timing_s/agent_loop/generate_sequences/min:5.846741482964717 - timing_s/agent_loop/generate_sequences/max:27.342679671011865 - timing_s/agent_loop/generate_sequences/mean:16.76872546033034 - timing_s/agent_loop/tool_calls/min:0.0 - timing_s/agent_loop/tool_calls/max:0.0 - timing_s/agent_loop/tool_calls/mean:0.0 - timing_s/agent_loop/slowest/generate_sequences:27.342679671011865 - timing_s/agent_loop/slowest/tool_calls:0.0 - timing_s/agent_loop/slowest/prompt_length:3346 - timing_s/agent_loop/slowest/response_length:1024 - timing_s/gen:40.044977627985645 - timing_s/adv:21.65773887402611 - timing_s/update_actor:305.6879029420088 - timing_s/dump_rollout_generations:0.0540206300211139 - timing_s/step:367.46782593999524 - timing_s/stop_profile:2.351199509575963e-05 - timing_per_token_ms/update_actor:0.8584231093781839 - timing_per_token_ms/adv:0.06081857792674642 - timing_per_token_ms/gen:1.45979066885337 - perf/total_num_tokens:356104 - perf/time_per_step:367.46782593999524 - perf/throughput:484.5376586223213
[36m(TaskRunner pid=706135)[0m Dumped generations to /sfs/weka/scratch/nkw3mr/Vision-OPD-OPSA/rollouts/Aha-floor-Qwen3.5-4B-6karmA/38.jsonl
[36m(TaskRunner pid=706135)[0m step:38 - global_seqlen/min:351762 - global_seqlen/max:351762 - global_seqlen/minmax_diff:0 - global_seqlen/balanced_min:351762 - global_seqlen/balanced_max:351762 - global_seqlen/mean:351762.0 - self_distillation/teacher_always_on_fraction:1.0 - self_distillation/teacher_image_swap_fraction:1.0 - self_distillation/policy_fallback_fraction:0.0 - self_distillation/grpo_fallback_count:0.0 - rollout_corr/rollout_is_mean:1.0 - rollout_corr/rollout_is_ratio_fraction_high:0.0 - rollout_corr/rollout_is_ratio_fraction_low:0.0 - rollout_corr/rollout_is_max:1.0 - rollout_corr/rollout_is_min:1.0 - rollout_corr/rollout_is_std:0.0 - rollout_corr/rollout_is_eff_sample_size:1.0 - rollout_corr/rollout_is_seq_mean:1.0 - rollout_corr/rollout_is_seq_std:0.0 - rollout_corr/rollout_is_seq_max:1.0 - rollout_corr/rollout_is_seq_min:1.0 - rollout_corr/rollout_is_seq_max_deviation:0.0 - rollout_corr/rollout_is_seq_fraction_high:0.0 - rollout_corr/rollout_is_seq_fraction_low:0.0 - rollout_corr/training_ppl:5.6961438953876495 - rollout_corr/training_log_ppl:1.523660177209725 - rollout_corr/kl:0.0325297194031009 - rollout_corr/k3_kl:0.044555210066998065 - rollout_corr/rollout_ppl:5.52495289593935 - rollout_corr/rollout_log_ppl:1.491130445462962 - rollout_corr/log_ppl_diff:0.03252973174676299 - rollout_corr/log_ppl_abs_diff:0.04384064379458626 - rollout_corr/log_ppl_diff_max:0.1483473777770996 - rollout_corr/log_ppl_diff_min:-0.18709170818328857 - rollout_corr/ppl_ratio:1.0341551415622234 - rollout_corr/chi2_token:0.16260517947375774 - rollout_corr/chi2_seq:7.1258856281638145 - actor/pg_loss:0.2704615990708892 - actor/kl_loss:0.0 - actor/grpo_loss:0.0 - actor/vopd_loss:0.2704615990708892 - actor/vopd_loss_weighted:0.2704615990708892 - actor/policy_fallback_fraction:0.0 - aha/u_mean:-0.24262634561697874 - aha/u_neg_valley_frac:0.5412445009375612 - aha/floor_clamped_frac:0.5412445009375612 - aha/q_tail_mass:0.002769471020113675 - aha/argmax_conf:0.9505152106285095 - self_distillation/raw_jsd_token_mean:0.27046159907088924 - self_distillation/weighted_jsd_token_mean:0.27046159907088924 - self_distillation/self_distillation_mask.mean():1.0 - self_distillation/num_distill_tokens:263.3541666666667 - self_distillation/empty_target_batch:0.0 - actor/grad_norm:2.077335834503174 - timing_s/update_actor/student_forward:47.354372271802276 - timing_s/update_actor/teacher_forward:67.89372486772481 - timing_s/update_actor/teacher_full_forward:0.0 - timing_s/update_actor/teacher_null_forward:59.506950777897146 - timing_s/update_actor/loss_compute:0.06271658284822479 - timing_s/update_actor/backward:86.962297745049 - timing_s/update_actor/optimizer_step:0.08479989098850638 - timing_s/update_actor/teacher_ema_update:3.7551973946392536e-05 - perf/mfu/actor:0.0 - perf/max_memory_allocated_gb:84.56772804260254 - perf/max_memory_reserved_gb:96.134765625 - perf/cpu_memory_used_gb:360.6649703979492 - actor/lr:2e-06 - training/global_step:38 - training/epoch:0 - response_length/mean:263.3541564941406 - response_length/max:1024.0 - response_length/min:7.0 - response_length/clip_ratio:0.1041666641831398 - response_length_non_aborted/mean:263.3541564941406 - response_length_non_aborted/max:1024.0 - response_length_non_aborted/min:7.0 - response_length_non_aborted/clip_ratio:0.1041666641831398 - response/aborted_ratio:0.0 - prompt_length/mean:3400.833251953125 - prompt_length/max:3960.0 - prompt_length/min:3300.0 - prompt_length/clip_ratio:0.0 - num_turns/min:2 - num_turns/max:2 - num_turns/mean:2.0 - timing_s/start_profile:2.0937994122505188e-05 - timing_s/agent_loop/generate_sequences/min:9.296434052987024 - timing_s/agent_loop/generate_sequences/max:28.24924740003189 - timing_s/agent_loop/generate_sequences/mean:16.552021289270368 - timing_s/agent_loop/tool_calls/min:0.0 - timing_s/agent_loop/tool_calls/max:0.0 - timing_s/agent_loop/tool_calls/mean:0.0 - timing_s/agent_loop/slowest/generate_sequences:28.24924740003189 - timing_s/agent_loop/slowest/tool_calls:0.0 - timing_s/agent_loop/slowest/prompt_length:3345 - timing_s/agent_loop/slowest/re[36m(TaskRunner pid=706135)[0m Training Progress:  76%|███████▋  | 39/51 [2:26:32<1:12:50, 364.24s/it]
[36m(TaskRunner pid=706135)[0m Training Progress:  78%|███████▊  | 40/51 [2:32:52<1:07:38, 368.92s/it]
sponse_length:1024 - timing_s/gen:39.52955108403694 - timing_s/adv:20.982337621971965 - timing_s/update_actor:300.6433708880213 - timing_s/dump_rollout_generations:0.0585805419832468 - timing_s/step:361.243126743997 - timing_s/stop_profile:2.247100928798318e-05 - timing_per_token_ms/update_actor:0.8546783645988518 - timing_per_token_ms/adv:0.05964924472220412 - timing_per_token_ms/gen:1.5635452529086677 - perf/total_num_tokens:351762 - perf/time_per_step:361.243126743997 - perf/throughput:486.87708354557014
[36m(TaskRunner pid=706135)[0m Dumped generations to /sfs/weka/scratch/nkw3mr/Vision-OPD-OPSA/rollouts/Aha-floor-Qwen3.5-4B-6karmA/39.jsonl
[36m(TaskRunner pid=706135)[0m step:39 - global_seqlen/min:352951 - global_seqlen/max:352951 - global_seqlen/minmax_diff:0 - global_seqlen/balanced_min:352951 - global_seqlen/balanced_max:352951 - global_seqlen/mean:352951.0 - self_distillation/teacher_always_on_fraction:1.0 - self_distillation/teacher_image_swap_fraction:1.0 - self_distillation/policy_fallback_fraction:0.0 - self_distillation/grpo_fallback_count:0.0 - rollout_corr/rollout_is_mean:1.0 - rollout_corr/rollout_is_ratio_fraction_high:0.0 - rollout_corr/rollout_is_ratio_fraction_low:0.0 - rollout_corr/rollout_is_max:1.0 - rollout_corr/rollout_is_min:1.0 - rollout_corr/rollout_is_std:0.0 - rollout_corr/rollout_is_eff_sample_size:1.0 - rollout_corr/rollout_is_seq_mean:1.0 - rollout_corr/rollout_is_seq_std:0.0 - rollout_corr/rollout_is_seq_max:1.0 - rollout_corr/rollout_is_seq_min:1.0 - rollout_corr/rollout_is_seq_max_deviation:0.0 - rollout_corr/rollout_is_seq_fraction_high:0.0 - rollout_corr/rollout_is_seq_fraction_low:0.0 - rollout_corr/training_ppl:6.269455121209224 - rollout_corr/training_log_ppl:1.467017022582392 - rollout_corr/kl:0.03635587768045904 - rollout_corr/k3_kl:0.042727444100213084 - rollout_corr/rollout_ppl:6.000951788077752 - rollout_corr/rollout_log_ppl:1.4306611383799464 - rollout_corr/log_ppl_diff:0.036355884202445544 - rollout_corr/log_ppl_abs_diff:0.04830135226560136 - rollout_corr/log_ppl_diff_max:0.2189013957977295 - rollout_corr/log_ppl_diff_min:-0.3247547447681427 - rollout_corr/ppl_ratio:1.038816345234712 - rollout_corr/chi2_token:0.13789064064621925 - rollout_corr/chi2_seq:7.961649366964896 - actor/pg_loss:0.2567538094784443 - actor/kl_loss:0.0 - actor/grpo_loss:0.0 - actor/vopd_loss:0.2567538094784443 - actor/vopd_loss_weighted:0.2567538094784443 - actor/policy_fallback_fraction:0.0 - aha/u_mean:-0.3229750411034426 - aha/u_neg_valley_frac:0.5526087653512756 - aha/floor_clamped_frac:0.5526087653512756 - aha/q_tail_mass:0.002538317936865061 - aha/argmax_conf:0.9776345491409302 - self_distillation/raw_jsd_token_mean:0.25675380947844434 - self_distillation/weighted_jsd_token_mean:0.25675380947844434 - self_distillation/self_distillation_mask.mean():1.0 - self_distillation/num_distill_tokens:292.5520833333333 - self_distillation/empty_target_batch:0.0 - actor/grad_norm:3.339709758758545 - timing_s/update_actor/student_forward:46.13671819464071 - timing_s/update_actor/teacher_forward:68.76238195388578 - timing_s/update_actor/teacher_full_forward:0.0 - timing_s/update_actor/teacher_null_forward:56.84820406942163 - timing_s/update_actor/loss_compute:0.06871691992273554 - timing_s/update_actor/backward:86.4077260819613 - timing_s/update_actor/optimizer_step:0.08616691804490983 - timing_s/update_actor/teacher_ema_update:6.622099317610264e-05 - perf/mfu/actor:0.0 - perf/max_memory_allocated_gb:84.56772804260254 - perf/max_memory_reserved_gb:96.134765625 - perf/cpu_memory_used_gb:359.49968338012695 - actor/lr:2e-06 - training/global_step:39 - training/epoch:0 - response_length/mean:292.5520935058594 - response_length/max:1024.0 - response_length/min:4.0 - response_length/clip_ratio:0.1666666716337204 - response_length_non_aborted/mean:292.5520935058594 - response_length_non_aborted/max:1024.0 - response_length_non_aborted/min:4.0 - response_length_non_aborted/clip_ratio:0.1666666716337204 - response/aborted_ratio:0.0 - prompt_length/mean:3384.020751953125 - prompt_length/max:4007.0 - prompt_length/min:3157.0 - prompt_length/clip_ratio:0.0 - num_turns/min:2 - num_turns/max:2 - num_turns/mean:2.0 - timing_s/start_profile:2.1419022232294083e-05 - timing_s/agent_loop/generate_sequences/min:8.341426414030138 - timing_s/agent_loop/generate_sequences/max:28.15916052600369 - timing_s/agent_loop/generate_sequences/mean:16.905032443968594 - timing_s/agent_loop/tool_calls/min:0.0 - timing_s/agent_loop/tool_calls/max:0.0 - timing_s/agent_loop/tool_calls/mean:0.0 - timing_s/agent_loop/slowest/generate_sequences:28.15916052600369 - timing_s/agent_loop/slowest/tool_calls:0.0 - timing_s/agent_loop/slowest/prompt_length:3361 - timing_s/agent_loop/slowest/response_length:1024 - timing_s/gen:39.85446293099085 - timing_s/adv:20.591907792026177 - timing_s/update_actor:297.6535096790176 - timing_s/dump_rollout_generations:0.05197955801850185 - timing_s/step:358.1752368659945 - timing_s/stop_profile:2.4684006348252296e-05 - timing_per_token_ms/update_actor:0.8433281381240387 - timing_per_token_ms/adv:0.0583421148885431 - timing_per_token_ms/gen:1.41906579779209 - perf/total_num_tokens:352951 - perf/time_per_step:358.1752368659945 - perf/throughput:492.70714956217216
[36m(TaskRunner pid=706135)[0m Dumped generations to /sfs/weka/scratch/nkw3mr/Vision-OPD-OPSA/rollouts/Aha-floor-Qwen3.5-4B-6karmA/40.jsonl
[36m(TaskRunner pid=706135)[0m local_global_step_folder: /sfs/weka/scratch/nkw3mr/Vision-OPD-OPSA/checkpoints/Aha-floor-Qwen3.5-4B-6karmA/global_step_40
[36m(TaskRunner pid=706135)[0m step:40 - global_seqlen/min:359704 - global_seqlen/max:359704 - global_seqlen/minmax_diff:0 - global_seqlen/balanced_min:359704 - global_seqlen/balanced_max:359704 - global_seqlen/mean:359704.0 - self_distillation/teacher_always_on_fraction:1.0 - self_distillation/teacher_image_swap_fraction:1.0 - self_distillation/policy_fallback_fraction:0.0 - self_distillation/grpo_fallback_count:0.0 - rollout_corr/rollout_is_mean:1.0 - rollout_corr/rollout_is_ratio_fraction_high:0.0 - rollout_corr/rollout_is_ratio_fraction_low:0.0 - rollout_corr/rollout_is_max:1.0 - rollout_corr/rollout_is_min:1.0 - rollout_corr/rollout_is_std:0.0 - rollout_corr/rollout_is_eff_sample_size:1.0 - rollout_corr/rollout_is_seq_mean:1.0 - rollout_corr/rollout_is_seq_std:0.0 - rollout_corr/rollout_is_seq_max:1.0 - rollout_corr/rollout_is_seq_min:1.0 - rollout_corr/rollout_is_seq_max_deviation:0.0 - rollout_corr/rollout_is_seq_fraction_high:0.0 - rollout_corr/rollout_is_seq_fraction_low:0.0 - rollout_corr/training_ppl:4.574941252668698 - rollout_corr/training_log_ppl:1.3000641660570789 - rollout_corr/kl:0.030130012358313252 - rollout_corr/k3_kl:0.030331565140537958 - rollout_corr/rollout_ppl:4.409106080730756 - rollout_corr/rollout_log_ppl:1.2699341651168652 - rollout_corr/log_ppl_diff:0.030130000940213602 - rollout_corr/log_ppl_abs_diff:0.03636745526455343 - rollout_corr/log_ppl_diff_max:0.19127726554870605 - rollout_corr/log_ppl_diff_min:-0.1578577756881714 - rollout_corr/ppl_ratio:1.0316389296203852 - rollout_corr/chi2_token:0.06760959575573604 - rollout_corr/chi2_seq:34.49806563121577 - actor/pg_loss:0.23154011107787187 - actor/kl_loss:0.0 - actor/grpo_loss:0.0 - actor/vopd_loss:0.23154011107787187 - actor/vopd_loss_weighted:0.23154011107787187 - actor/policy_fallback_fraction:0.0 - aha/u_mean:-0.31551234332922223 - aha/u_neg_valley_frac:0.5851886554931601 - aha/floor_clamped_frac:0.5851886554931601 - aha/q_tail_mass:0.003037017717076651 - aha/argmax_conf:0.9927321672439575 - self_distillation/raw_jsd_token_mean:0.23154011107787179 - self_distillation/weighted_jsd_token_mean:0.23154011107787179 - self_distillation/self_distillation_mask.mean():1.0 - self_distillation/num_distill_tokens:372.8333333333333 - self_distillation/empty_target_batch:0.0 - actor/grad_norm:2.226344585418701 - timing_s/update_actor/student_forward:46.50734220893355 - timing_s/update_actor/teacher_forward:71.22479765251046 - timing_s/update_actor/teacher_full_forward:0.0 - timing_s/update_actor/teacher_null_forward:55.95986937027192 - timing_s/update_actor/loss_compute:0.06841017329134047 - timing_s/update_actor/backward:86.42167753120884 - timing_s/update_actor/optimizer_step:0.08475576899945736 - timing_s/update_actor/teacher_ema_update:4.739494761452079e-05 - perf/mfu/actor:0.0 - perf/max_memory_allocated_gb:84.56772804260254 - perf/max_memory_reserved_gb:96.134765625 - perf/cpu_memory_used_gb:360.01153564453125 - actor/lr:2e-06 - training/global_step:40 - training/epoch:0 - response_length/mean:372.8333435058594 - response_length/max:1024.0 - response_length/min:8.0 - response_length/clip_ratio:0.2395833283662796 - response_length_non_aborted/mean:372.8333435058594 - response_length_non_aborted/max:1024.0 - response_length_non_aborted/min:8.0 - response_length_non_aborted/clip_ratio:0.2395833283662796 - response/aborted_ratio:0.0 - prompt_length/mean:3374.083251953125 - prompt_length/max:3955.0 - prompt_length/min:3340.0 - prompt_length/clip_ratio:0.0 - num_turns/min:2 - num_turns/max:2 - num_turns/mean:2.0 - timing_s/start_profile:2.1078973077237606e-05 - timing_s/agent_loop/generate_sequences/min:11.40526226098882 - timing_s/agent_loop/generate_sequences/max:28.475417762005236 - timing_s/agent_loop/generate_sequences/mean:18.303772583812435 - timing_s/agent_loop/tool_calls/min:0.0 - timing_s/agent_loop/tool_calls/max:0.0 - timing_s/agent_loop/tool_calls/mean:0.0 - timing_s/agent_loop/slowest/generate_sequences:28.475417762005236 - timing_s/agent_loop/slowest/tool_calls:0.0 - timing_s/agent_loop/slowest/prompt_length:3345 - timing_s/agent_loop/s[36m(WorkerDict pid=736488)[0m /sfs/weka/scratch/nkw3mr/Vision-OPD-OPSA/verl/utils/device.py:134: FutureWarning: torch.cuda._set_allocator_settings is deprecated. Use torch._C._accelerator_setAllocatorSettings instead.
[36m(WorkerDict pid=736488)[0m   torch.cuda.memory._set_allocator_settings(f"expandable_segments:{enable}")
[36m(TaskRunner pid=706135)[0m Training Progress:  80%|████████  | 41/51 [2:39:04<1:01:39, 369.99s/it]
[36m(WorkerDict pid=736480)[0m /sfs/weka/scratch/nkw3mr/Vision-OPD-OPSA/verl/utils/device.py:134: FutureWarning: torch.cuda._set_allocator_settings is deprecated. Use torch._C._accelerator_setAllocatorSettings instead.
[36m(WorkerDict pid=736480)[0m   torch.cuda.memory._set_allocator_settings(f"expandable_segments:{enable}")
[36m(TaskRunner pid=706135)[0m Training Progress:  82%|████████▏ | 42/51 [2:45:09<55:14, 368.31s/it]  
lowest/response_length:1024 - timing_s/gen:39.86050512699876 - timing_s/adv:21.754892306984402 - timing_s/update_actor:297.3417837670422 - timing_s/dump_rollout_generations:0.2790199819719419 - timing_s/step:359.26570035197074 - timing_s/save_checkpoint:20.210829755000304 - timing_s/stop_profile:3.331602783873677e-05 - timing_per_token_ms/update_actor:0.826629072145548 - timing_per_token_ms/adv:0.0604799843954596 - timing_per_token_ms/gen:1.113670795904078 - perf/total_num_tokens:359704 - perf/time_per_step:359.26570035197074 - perf/throughput:500.60999372831844
[36m(TaskRunner pid=706135)[0m Dumped generations to /sfs/weka/scratch/nkw3mr/Vision-OPD-OPSA/rollouts/Aha-floor-Qwen3.5-4B-6karmA/41.jsonl
[36m(TaskRunner pid=706135)[0m step:41 - global_seqlen/min:356043 - global_seqlen/max:356043 - global_seqlen/minmax_diff:0 - global_seqlen/balanced_min:356043 - global_seqlen/balanced_max:356043 - global_seqlen/mean:356043.0 - self_distillation/teacher_always_on_fraction:1.0 - self_distillation/teacher_image_swap_fraction:1.0 - self_distillation/policy_fallback_fraction:0.0 - self_distillation/grpo_fallback_count:0.0 - rollout_corr/rollout_is_mean:1.0 - rollout_corr/rollout_is_ratio_fraction_high:0.0 - rollout_corr/rollout_is_ratio_fraction_low:0.0 - rollout_corr/rollout_is_max:1.0 - rollout_corr/rollout_is_min:1.0 - rollout_corr/rollout_is_std:0.0 - rollout_corr/rollout_is_eff_sample_size:1.0 - rollout_corr/rollout_is_seq_mean:1.0 - rollout_corr/rollout_is_seq_std:0.0 - rollout_corr/rollout_is_seq_max:1.0 - rollout_corr/rollout_is_seq_min:1.0 - rollout_corr/rollout_is_seq_max_deviation:0.0 - rollout_corr/rollout_is_seq_fraction_high:0.0 - rollout_corr/rollout_is_seq_fraction_low:0.0 - rollout_corr/training_ppl:5.523855050404866 - rollout_corr/training_log_ppl:1.4686114406213164 - rollout_corr/kl:0.0363676323316516 - rollout_corr/k3_kl:0.039727941072972804 - rollout_corr/rollout_ppl:5.25812104716897 - rollout_corr/rollout_log_ppl:1.432243801963826 - rollout_corr/log_ppl_diff:0.03636763865749041 - rollout_corr/log_ppl_abs_diff:0.05047456920146942 - rollout_corr/log_ppl_diff_max:0.3709397315979004 - rollout_corr/log_ppl_diff_min:-0.1910141110420227 - rollout_corr/ppl_ratio:1.0391801583270233 - rollout_corr/chi2_token:0.09774297413726647 - rollout_corr/chi2_seq:-0.06333053981264432 - actor/pg_loss:0.2596662923266801 - actor/kl_loss:0.0 - actor/grpo_loss:0.0 - actor/vopd_loss:0.2596662923266801 - actor/vopd_loss_weighted:0.2596662923266801 - actor/policy_fallback_fraction:0.0 - aha/u_mean:-0.3017357176443814 - aha/u_neg_valley_frac:0.5507305307934681 - aha/floor_clamped_frac:0.5507305307934681 - aha/q_tail_mass:0.002823068324854461 - aha/argmax_conf:0.9406785368919373 - self_distillation/raw_jsd_token_mean:0.2596662923266801 - self_distillation/weighted_jsd_token_mean:0.2596662923266801 - self_distillation/self_distillation_mask.mean():1.0 - self_distillation/num_distill_tokens:275.9270833333333 - self_distillation/empty_target_batch:0.0 - actor/grad_norm:2.269955635070801 - timing_s/update_actor/student_forward:51.720302600064315 - timing_s/update_actor/teacher_forward:72.48672368028201 - timing_s/update_actor/teacher_full_forward:0.0 - timing_s/update_actor/teacher_null_forward:53.85075279691955 - timing_s/update_actor/loss_compute:0.07502627617213875 - timing_s/update_actor/backward:88.12039587908657 - timing_s/update_actor/optimizer_step:0.08480112696997821 - timing_s/update_actor/teacher_ema_update:4.105601692572236e-05 - perf/mfu/actor:0.0 - perf/max_memory_allocated_gb:84.56772804260254 - perf/max_memory_reserved_gb:96.134765625 - perf/cpu_memory_used_gb:357.79066467285156 - actor/lr:2e-06 - training/global_step:41 - training/epoch:0 - response_length/mean:275.9270935058594 - response_length/max:1024.0 - response_length/min:4.0 - response_length/clip_ratio:0.125 - response_length_non_aborted/mean:275.9270935058594 - response_length_non_aborted/max:1024.0 - response_length_non_aborted/min:4.0 - response_length_non_aborted/clip_ratio:0.125 - response/aborted_ratio:0.0 - prompt_length/mean:3432.854248046875 - prompt_length/max:4948.0 - prompt_length/min:3162.0 - prompt_length/clip_ratio:0.0 - num_turns/min:2 - num_turns/max:2 - num_turns/mean:2.0 - timing_s/start_profile:2.2781023290008307e-05 - timing_s/agent_loop/generate_sequences/min:7.549328755005263 - timing_s/agent_loop/generate_sequences/max:28.212604047963396 - timing_s/agent_loop/generate_sequences/mean:16.87763618030355 - timing_s/agent_loop/tool_calls/min:0.0 - timing_s/agent_loop/tool_calls/max:0.0 - timing_s/agent_loop/tool_calls/mean:0.0 - timing_s/agent_loop/slowest/generate_sequences:28.212604047963396 - timing_s/agent_loop/slowest/tool_calls:0.0 - timing_s/agent_loop/slowest/prompt_length:3342 - timing_s/agent_loop/slowest/response_length:1024 - timing_s/gen:38.83801902300911 - timing_s/adv:22.499548825027887 - timing_s/update_actor:310.67264654202154 - timing_s/dump_rollout_generations:0.06072326598223299 - timing_s/step:372.0946772119496 - timing_s/stop_profile:3.037101123481989e-05 - timing_per_token_ms/update_actor:0.8725705786717378 - timing_per_token_ms/adv:0.06319334694131856 - timing_per_token_ms/gen:1.4661942324364494 - perf/total_num_tokens:356043 - perf/time_per_step:372.0946772119496 - perf/throughput:478.43065462233636
[36m(TaskRunner pid=706135)[0m Dumped generations to /sfs/weka/scratch/nkw3mr/Vision-OPD-OPSA/rollouts/Aha-floor-Qwen3.5-4B-6karmA/42.jsonl
[36m(TaskRunner pid=706135)[0m step:42 - global_seqlen/min:347041 - global_seqlen/max:347041 - global_seqlen/minmax_diff:0 - global_seqlen/balanced_min:347041 - global_seqlen/balanced_max:347041 - global_seqlen/mean:347041.0 - self_distillation/teacher_always_on_fraction:1.0 - self_distillation/teacher_image_swap_fraction:1.0 - self_distillation/policy_fallback_fraction:0.0 - self_distillation/grpo_fallback_count:0.0 - rollout_corr/rollout_is_mean:1.0 - rollout_corr/rollout_is_ratio_fraction_high:0.0 - rollout_corr/rollout_is_ratio_fraction_low:0.0 - rollout_corr/rollout_is_max:1.0 - rollout_corr/rollout_is_min:1.0 - rollout_corr/rollout_is_std:0.0 - rollout_corr/rollout_is_eff_sample_size:1.0 - rollout_corr/rollout_is_seq_mean:1.0 - rollout_corr/rollout_is_seq_std:0.0 - rollout_corr/rollout_is_seq_max:1.0 - rollout_corr/rollout_is_seq_min:1.0 - rollout_corr/rollout_is_seq_max_deviation:0.0 - rollout_corr/rollout_is_seq_fraction_high:0.0 - rollout_corr/rollout_is_seq_fraction_low:0.0 - rollout_corr/training_ppl:4.939946015675862 - rollout_corr/training_log_ppl:1.448269926244393 - rollout_corr/kl:0.04888229631069407 - rollout_corr/k3_kl:0.04201100185370402 - rollout_corr/rollout_ppl:4.6797352495292825 - rollout_corr/rollout_log_ppl:1.3993876335249904 - rollout_corr/log_ppl_diff:0.04888229271940266 - rollout_corr/log_ppl_abs_diff:0.053328151057939976 - rollout_corr/log_ppl_diff_max:0.21849024295806885 - rollout_corr/log_ppl_diff_min:-0.1804714798927307 - rollout_corr/ppl_ratio:1.0513684159765642 - rollout_corr/chi2_token:0.0765104095141093 - rollout_corr/chi2_seq:-0.5483055456231037 - actor/pg_loss:0.2594609422958457 - actor/kl_loss:0.0 - actor/grpo_loss:0.0 - actor/vopd_loss:0.2594609422958457 - actor/vopd_loss_weighted:0.2594609422958457 - actor/policy_fallback_fraction:0.0 - aha/u_mean:-0.36167011681633693 - aha/u_neg_valley_frac:0.5665607179204623 - aha/floor_clamped_frac:0.5665607179204623 - aha/q_tail_mass:0.002184049379340062 - aha/argmax_conf:0.9924046993255615 - self_distillation/raw_jsd_token_mean:0.2594609422958456 - self_distillation/weighted_jsd_token_mean:0.2594609422958456 - self_distillation/self_distillation_mask.mean():1.0 - self_distillation/num_distill_tokens:239.48958333333334 - self_distillation/empty_target_batch:0.0 - actor/grad_norm:2.0241594314575195 - timing_s/update_actor/student_forward:43.700340311042964 - timing_s/update_actor/teacher_forward:64.62324290990364 - timing_s/update_actor/teacher_full_forward:0.0 - timing_s/update_actor/teacher_null_forward:68.64010246808175 - timing_s/update_actor/loss_compute:0.06858634552918375 - timing_s/update_actor/backward:86.03084966586903 - timing_s/update_actor/optimizer_step:0.08741657703649253 - timing_s/update_actor/teacher_ema_update:3.662996459752321e-05 - perf/mfu/actor:0.0 - perf/max_memory_allocated_gb:84.56772804260254 - perf/max_memory_reserved_gb:96.134765625 - perf/cpu_memory_used_gb:355.93242263793945 - actor/lr:2e-06 - training/global_step:42 - training/epoch:0 - response_length/mean:239.4895782470703 - response_length/max:1024.0 - response_length/min:4.0 - response_length/clip_ratio:0.0833333358168602 - response_length_non_aborted/mean:239.4895782470703 - response_length_non_aborted/max:1024.0 - response_length_non_aborted/min:4.0 - response_length_non_aborted/clip_ratio:0.0833333358168602 - response/aborted_ratio:0.0 - prompt_length/mean:3375.520751953125 - prompt_length/max:3957.0 - prompt_length/min:3250.0 - prompt_length/clip_ratio:0.0 - num_turns/min:2 - num_turns/max:2 - num_turns/mean:2.0 - timing_s/start_profile:2.6174995582550764e-05 - timing_s/agent_loop/generate_sequences/min:9.925343289971352 - timing_s/agent_loop/generate_sequences/max:28.66943370597437 - timing_s/agent_loop/generate_sequences/mean:16.32857898041887 - timing_s/agent_loop/tool_calls/min:0.0 - timing_s/agent_loop/tool_calls/max:0.0 - timing_s/agent_loop/tool_calls/mean:0.0 - timing_s/agent_loop/slowest/generate_sequences:28.66943370597437 - timing_s/agent_loop/slowest/tool_calls:0.0 - timing_s/agent_loop/slowest/prompt_length:3299 - timing_s/agent_loop/slowest[36m(TaskRunner pid=706135)[0m Training Progress:  84%|████████▍ | 43/51 [2:51:08<48:44, 365.59s/it]
[36m(TaskRunner pid=706135)[0m Training Progress:  86%|████████▋ | 44/51 [2:57:11<42:33, 364.79s/it]
/response_length:1024 - timing_s/gen:39.324253057013266 - timing_s/adv:24.21105379401706 - timing_s/update_actor:300.3921442920109 - timing_s/dump_rollout_generations:0.053820001950953156 - timing_s/step:364.0098080429598 - timing_s/stop_profile:2.4002976715564728e-05 - timing_per_token_ms/update_actor:0.8655811396694078 - timing_per_token_ms/adv:0.06976424628218873 - timing_per_token_ms/gen:1.7104194274721962 - perf/total_num_tokens:347041 - perf/time_per_step:364.0098080429598 - perf/throughput:476.69182578597287
[36m(TaskRunner pid=706135)[0m Dumped generations to /sfs/weka/scratch/nkw3mr/Vision-OPD-OPSA/rollouts/Aha-floor-Qwen3.5-4B-6karmA/43.jsonl
[36m(TaskRunner pid=706135)[0m step:43 - global_seqlen/min:349561 - global_seqlen/max:349561 - global_seqlen/minmax_diff:0 - global_seqlen/balanced_min:349561 - global_seqlen/balanced_max:349561 - global_seqlen/mean:349561.0 - self_distillation/teacher_always_on_fraction:1.0 - self_distillation/teacher_image_swap_fraction:1.0 - self_distillation/policy_fallback_fraction:0.0 - self_distillation/grpo_fallback_count:0.0 - rollout_corr/rollout_is_mean:1.0 - rollout_corr/rollout_is_ratio_fraction_high:0.0 - rollout_corr/rollout_is_ratio_fraction_low:0.0 - rollout_corr/rollout_is_max:1.0 - rollout_corr/rollout_is_min:1.0 - rollout_corr/rollout_is_std:0.0 - rollout_corr/rollout_is_eff_sample_size:1.0 - rollout_corr/rollout_is_seq_mean:1.0 - rollout_corr/rollout_is_seq_std:0.0 - rollout_corr/rollout_is_seq_max:1.0 - rollout_corr/rollout_is_seq_min:1.0 - rollout_corr/rollout_is_seq_max_deviation:0.0 - rollout_corr/rollout_is_seq_fraction_high:0.0 - rollout_corr/rollout_is_seq_fraction_low:0.0 - rollout_corr/training_ppl:5.839023812363545 - rollout_corr/training_log_ppl:1.6047370569625248 - rollout_corr/kl:0.04732365073141409 - rollout_corr/k3_kl:0.04248482264423122 - rollout_corr/rollout_ppl:5.5549308980504675 - rollout_corr/rollout_log_ppl:1.5574134080670774 - rollout_corr/log_ppl_diff:0.047323648895447455 - rollout_corr/log_ppl_abs_diff:0.04976990159290532 - rollout_corr/log_ppl_diff_max:0.22910308837890625 - rollout_corr/log_ppl_diff_min:-0.04881518334150314 - rollout_corr/ppl_ratio:1.0493339573343594 - rollout_corr/chi2_token:0.08827019669115543 - rollout_corr/chi2_seq:0.09160174988210201 - actor/pg_loss:0.25262559096639353 - actor/kl_loss:0.0 - actor/grpo_loss:0.0 - actor/vopd_loss:0.25262559096639353 - actor/vopd_loss_weighted:0.25262559096639353 - actor/policy_fallback_fraction:0.0 - aha/u_mean:-0.3133094069607978 - aha/u_neg_valley_frac:0.55308758529524 - aha/floor_clamped_frac:0.55308758529524 - aha/q_tail_mass:0.0027187621233792925 - aha/argmax_conf:0.9534492492675781 - self_distillation/raw_jsd_token_mean:0.25262559096639353 - self_distillation/weighted_jsd_token_mean:0.25262559096639353 - self_distillation/self_distillation_mask.mean():1.0 - self_distillation/num_distill_tokens:244.19791666666666 - self_distillation/empty_target_batch:0.0 - actor/grad_norm:1.973131775856018 - timing_s/update_actor/student_forward:42.09222040447639 - timing_s/update_actor/teacher_forward:69.9823894937872 - timing_s/update_actor/teacher_full_forward:0.0 - timing_s/update_actor/teacher_null_forward:57.340502812643535 - timing_s/update_actor/loss_compute:0.06399258226156235 - timing_s/update_actor/backward:92.01055131887551 - timing_s/update_actor/optimizer_step:0.08480752300238237 - timing_s/update_actor/teacher_ema_update:4.4020998757332563e-05 - perf/mfu/actor:0.0 - perf/max_memory_allocated_gb:84.56772804260254 - perf/max_memory_reserved_gb:96.134765625 - perf/cpu_memory_used_gb:356.42617416381836 - actor/lr:2e-06 - training/global_step:43 - training/epoch:0 - response_length/mean:244.1979217529297 - response_length/max:1024.0 - response_length/min:3.0 - response_length/clip_ratio:0.0520833320915699 - response_length_non_aborted/mean:244.1979217529297 - response_length_non_aborted/max:1024.0 - response_length_non_aborted/min:3.0 - response_length_non_aborted/clip_ratio:0.0520833320915699 - response/aborted_ratio:0.0 - prompt_length/mean:3397.0625 - prompt_length/max:4096.0 - prompt_length/min:3202.0 - prompt_length/clip_ratio:0.0 - num_turns/min:2 - num_turns/max:2 - num_turns/mean:2.0 - timing_s/start_profile:2.1198997274041176e-05 - timing_s/agent_loop/generate_sequences/min:9.143952968996018 - timing_s/agent_loop/generate_sequences/max:26.559516401030123 - timing_s/agent_loop/generate_sequences/mean:16.518206812709348 - timing_s/agent_loop/tool_calls/min:0.0 - timing_s/agent_loop/tool_calls/max:0.0 - timing_s/agent_loop/tool_calls/mean:0.0 - timing_s/agent_loop/slowest/generate_sequences:26.559516401030123 - timing_s/agent_loop/slowest/tool_calls:0.0 - timing_s/agent_loop/slowest/prompt_length:3344 - timing_s/agent_loop/slowest/response_length:1024 - timing_s/gen:38.20281618100125 - timing_s/adv:19.38956636301009 - timing_s/update_actor:301.12209162302315 - timing_s/dump_rollout_generations:0.16987335897283629 - timing_s/step:358.90946799196536 - timing_s/stop_profile:2.3972999770194292e-05 - timing_per_token_ms/update_actor:0.861429311688155 - timing_per_token_ms/adv:0.055468334176324276 - timing_per_token_ms/gen:1.6296044098878664 - perf/total_num_tokens:349561 - perf/time_per_step:358.90946799196536 - perf/throughput:486.97656536581724
[36m(TaskRunner pid=706135)[0m Dumped generations to /sfs/weka/scratch/nkw3mr/Vision-OPD-OPSA/rollouts/Aha-floor-Qwen3.5-4B-6karmA/44.jsonl
[36m(TaskRunner pid=706135)[0m step:44 - global_seqlen/min:356402 - global_seqlen/max:356402 - global_seqlen/minmax_diff:0 - global_seqlen/balanced_min:356402 - global_seqlen/balanced_max:356402 - global_seqlen/mean:356402.0 - self_distillation/teacher_always_on_fraction:1.0 - self_distillation/teacher_image_swap_fraction:1.0 - self_distillation/policy_fallback_fraction:0.0 - self_distillation/grpo_fallback_count:0.0 - rollout_corr/rollout_is_mean:1.0 - rollout_corr/rollout_is_ratio_fraction_high:0.0 - rollout_corr/rollout_is_ratio_fraction_low:0.0 - rollout_corr/rollout_is_max:1.0 - rollout_corr/rollout_is_min:1.0 - rollout_corr/rollout_is_std:0.0 - rollout_corr/rollout_is_eff_sample_size:1.0 - rollout_corr/rollout_is_seq_mean:1.0 - rollout_corr/rollout_is_seq_std:0.0 - rollout_corr/rollout_is_seq_max:1.0 - rollout_corr/rollout_is_seq_min:1.0 - rollout_corr/rollout_is_seq_max_deviation:0.0 - rollout_corr/rollout_is_seq_fraction_high:0.0 - rollout_corr/rollout_is_seq_fraction_low:0.0 - rollout_corr/training_ppl:5.407626338303089 - rollout_corr/training_log_ppl:1.549864687025547 - rollout_corr/kl:0.04040683547706673 - rollout_corr/k3_kl:0.038719063236688576 - rollout_corr/rollout_ppl:5.163494282712539 - rollout_corr/rollout_log_ppl:1.5094578402737777 - rollout_corr/log_ppl_diff:0.040406846751769386 - rollout_corr/log_ppl_abs_diff:0.044561250135302544 - rollout_corr/log_ppl_diff_max:0.15218806266784668 - rollout_corr/log_ppl_diff_min:-0.19205698370933533 - rollout_corr/ppl_ratio:1.0420595835894346 - rollout_corr/chi2_token:0.09012914697329204 - rollout_corr/chi2_seq:-0.8785595701386532 - actor/pg_loss:0.23510737802522877 - actor/kl_loss:0.0 - actor/grpo_loss:0.0 - actor/vopd_loss:0.23510737802522877 - actor/vopd_loss_weighted:0.23510737802522877 - actor/policy_fallback_fraction:0.0 - aha/u_mean:-0.2995006954103398 - aha/u_neg_valley_frac:0.557158048885564 - aha/floor_clamped_frac:0.557158048885564 - aha/q_tail_mass:0.002689134035846289 - aha/argmax_conf:0.8698580861091614 - self_distillation/raw_jsd_token_mean:0.23510737802522877 - self_distillation/weighted_jsd_token_mean:0.23510737802522877 - self_distillation/self_distillation_mask.mean():1.0 - self_distillation/num_distill_tokens:275.7291666666667 - self_distillation/empty_target_batch:0.0 - actor/grad_norm:2.0197246074676514 - timing_s/update_actor/student_forward:50.670959941111505 - timing_s/update_actor/teacher_forward:69.76025860378286 - timing_s/update_actor/teacher_full_forward:0.0 - timing_s/update_actor/teacher_null_forward:54.625587634858675 - timing_s/update_actor/loss_compute:0.0790789641905576 - timing_s/update_actor/backward:88.013437750109 - timing_s/update_actor/optimizer_step:0.0846169110154733 - timing_s/update_actor/teacher_ema_update:3.442697925493121e-05 - perf/mfu/actor:0.0 - perf/max_memory_allocated_gb:84.56772804260254 - perf/max_memory_reserved_gb:96.134765625 - perf/cpu_memory_used_gb:357.58117294311523 - actor/lr:2e-06 - training/global_step:44 - training/epoch:0 - response_length/mean:275.7291564941406 - response_length/max:1024.0 - response_length/min:4.0 - response_length/clip_ratio:0.0833333358168602 - response_length_non_aborted/mean:275.7291564941406 - response_length_non_aborted/max:1024.0 - response_length_non_aborted/min:4.0 - response_length_non_aborted/clip_ratio:0.0833333358168602 - response/aborted_ratio:0.0 - prompt_length/mean:3436.791748046875 - prompt_length/max:4852.0 - prompt_length/min:3207.0 - prompt_length/clip_ratio:0.0 - num_turns/min:2 - num_turns/max:2 - num_turns/mean:2.0 - timing_s/start_profile:4.819600144401193e-05 - timing_s/agent_loop/generate_sequences/min:10.418618789000902 - timing_s/agent_loop/generate_sequences/max:26.823513377981726 - timing_s/agent_loop/generate_sequences/mean:17.091111285189374 - timing_s/agent_loop/tool_calls/min:0.0 - timing_s/agent_loop/tool_calls/max:0.0 - timing_s/agent_loop/tool_calls/mean:0.0 - timing_s/agent_loop/slowest/generate_sequences:26.823513377981726 - timing_s/agent_loop/slowest/tool_calls:0.0 - timing_s/agent_loop/slowest/prompt_length:3345 - timing_s/agent_loop/slo[36m(TaskRunner pid=706135)[0m Training Progress:  88%|████████▊ | 45/51 [3:03:36<37:05, 370.95s/it]
[36m(WorkerDict pid=736488)[0m /sfs/weka/scratch/nkw3mr/Vision-OPD-OPSA/verl/utils/device.py:134: FutureWarning: torch.cuda._set_allocator_settings is deprecated. Use torch._C._accelerator_setAllocatorSettings instead.
[36m(WorkerDict pid=736488)[0m   torch.cuda.memory._set_allocator_settings(f"expandable_segments:{enable}")
[36m(TaskRunner pid=706135)[0m Training Progress:  90%|█████████ | 46/51 [3:09:39<30:42, 368.48s/it]
[36m(WorkerDict pid=736480)[0m /sfs/weka/scratch/nkw3mr/Vision-OPD-OPSA/verl/utils/device.py:134: FutureWarning: torch.cuda._set_allocator_settings is deprecated. Use torch._C._accelerator_setAllocatorSettings instead.
[36m(WorkerDict pid=736480)[0m   torch.cuda.memory._set_allocator_settings(f"expandable_segments:{enable}")
west/response_length:1024 - timing_s/gen:38.24825906503247 - timing_s/adv:21.319584229961038 - timing_s/update_actor:302.78208985197125 - timing_s/dump_rollout_generations:0.19442940701264888 - timing_s/step:362.57681152399164 - timing_s/stop_profile:2.788903657346964e-05 - timing_per_token_ms/update_actor:0.8495521625915995 - timing_per_token_ms/adv:0.05981892422029348 - timing_per_token_ms/gen:1.44496634170882 - perf/total_num_tokens:356402 - perf/time_per_step:362.57681152399164 - perf/throughput:491.4848229013357
[36m(TaskRunner pid=706135)[0m Dumped generations to /sfs/weka/scratch/nkw3mr/Vision-OPD-OPSA/rollouts/Aha-floor-Qwen3.5-4B-6karmA/45.jsonl
[36m(TaskRunner pid=706135)[0m local_global_step_folder: /sfs/weka/scratch/nkw3mr/Vision-OPD-OPSA/checkpoints/Aha-floor-Qwen3.5-4B-6karmA/global_step_45
[36m(TaskRunner pid=706135)[0m step:45 - global_seqlen/min:351448 - global_seqlen/max:351448 - global_seqlen/minmax_diff:0 - global_seqlen/balanced_min:351448 - global_seqlen/balanced_max:351448 - global_seqlen/mean:351448.0 - self_distillation/teacher_always_on_fraction:1.0 - self_distillation/teacher_image_swap_fraction:1.0 - self_distillation/policy_fallback_fraction:0.0 - self_distillation/grpo_fallback_count:0.0 - rollout_corr/rollout_is_mean:1.0 - rollout_corr/rollout_is_ratio_fraction_high:0.0 - rollout_corr/rollout_is_ratio_fraction_low:0.0 - rollout_corr/rollout_is_max:1.0 - rollout_corr/rollout_is_min:1.0 - rollout_corr/rollout_is_std:0.0 - rollout_corr/rollout_is_eff_sample_size:1.0 - rollout_corr/rollout_is_seq_mean:1.0 - rollout_corr/rollout_is_seq_std:0.0 - rollout_corr/rollout_is_seq_max:1.0 - rollout_corr/rollout_is_seq_min:1.0 - rollout_corr/rollout_is_seq_max_deviation:0.0 - rollout_corr/rollout_is_seq_fraction_high:0.0 - rollout_corr/rollout_is_seq_fraction_low:0.0 - rollout_corr/training_ppl:5.061983987689018 - rollout_corr/training_log_ppl:1.434386180092891 - rollout_corr/kl:0.03683119084780628 - rollout_corr/k3_kl:0.05534216855691435 - rollout_corr/rollout_ppl:4.9047746149202185 - rollout_corr/rollout_log_ppl:1.3975549791939557 - rollout_corr/log_ppl_diff:0.0368312008989354 - rollout_corr/log_ppl_abs_diff:0.058240550104528666 - rollout_corr/log_ppl_diff_max:0.36538493633270264 - rollout_corr/log_ppl_diff_min:-0.5843605995178223 - rollout_corr/ppl_ratio:1.0408416825036209 - rollout_corr/chi2_token:0.23882686967651048 - rollout_corr/chi2_seq:1.4371592464546363 - actor/pg_loss:0.23715343807513511 - actor/kl_loss:0.0 - actor/grpo_loss:0.0 - actor/vopd_loss:0.23715343807513511 - actor/vopd_loss_weighted:0.23715343807513511 - actor/policy_fallback_fraction:0.0 - aha/u_mean:-0.44632427498678834 - aha/u_neg_valley_frac:0.5903629769260684 - aha/floor_clamped_frac:0.5903629769260684 - aha/q_tail_mass:0.002485940165176892 - aha/argmax_conf:0.9122515916824341 - self_distillation/raw_jsd_token_mean:0.23715343807513514 - self_distillation/weighted_jsd_token_mean:0.23715343807513514 - self_distillation/self_distillation_mask.mean():1.0 - self_distillation/num_distill_tokens:194.6875 - self_distillation/empty_target_batch:0.0 - actor/grad_norm:3.361923933029175 - timing_s/update_actor/student_forward:49.22072303824825 - timing_s/update_actor/teacher_forward:70.6230218639248 - timing_s/update_actor/teacher_full_forward:0.0 - timing_s/update_actor/teacher_null_forward:59.2140910649905 - timing_s/update_actor/loss_compute:0.06851126067340374 - timing_s/update_actor/backward:88.34227561735315 - timing_s/update_actor/optimizer_step:0.08481906598899513 - timing_s/update_actor/teacher_ema_update:3.5187986213713884e-05 - perf/mfu/actor:0.0 - perf/max_memory_allocated_gb:84.56772804260254 - perf/max_memory_reserved_gb:96.134765625 - perf/cpu_memory_used_gb:357.8515853881836 - actor/lr:2e-06 - training/global_step:45 - training/epoch:0 - response_length/mean:194.6875 - response_length/max:1024.0 - response_length/min:3.0 - response_length/clip_ratio:0.0416666679084301 - response_length_non_aborted/mean:194.6875 - response_length_non_aborted/max:1024.0 - response_length_non_aborted/min:3.0 - response_length_non_aborted/clip_ratio:0.0416666679084301 - response/aborted_ratio:0.0 - prompt_length/mean:3466.229248046875 - prompt_length/max:4051.0 - prompt_length/min:3294.0 - prompt_length/clip_ratio:0.0 - num_turns/min:2 - num_turns/max:2 - num_turns/mean:2.0 - timing_s/start_profile:2.636597491800785e-05 - timing_s/agent_loop/generate_sequences/min:7.617398280010093 - timing_s/agent_loop/generate_sequences/max:26.793469861033373 - timing_s/agent_loop/generate_sequences/mean:16.082951793738175 - timing_s/agent_loop/tool_calls/min:0.0 - timing_s/agent_loop/tool_calls/max:0.0 - timing_s/agent_loop/tool_calls/mean:0.0 - timing_s/agent_loop/slowest/generate_sequences:26.793469861033373 - timing_s/agent_loop/slowest/tool_calls:0.0 - timing_s/agent_loop/slowest/prompt_length:3959 - timing_s/agent_loop/slowest/response_length:1024 - timing_s/gen:38.29787059902446 - timing_s/adv:20.595940558996517 - timing_s/update_actor:307.57775334996404 - timing_s/dump_rollout_generations:0.052845173981040716 - timing_s/step:366.54846358904615 - timing_s/save_checkpoint:17.36092861101497 - timing_s/stop_profile:4.8697052989155054e-05 - timing_per_token_ms/update_actor:0.8751728658292665 - timing_per_token_ms/adv:0.058603095078067075 - timing_per_token_ms/gen:2.0491102514191795 - perf/total_num_tokens:351448 - perf/time_per_step:366.54846358904615 - perf/throughput:479.4018184646165
[36m(TaskRunner pid=706135)[0m Dumped generations to /sfs/weka/scratch/nkw3mr/Vision-OPD-OPSA/rollouts/Aha-floor-Qwen3.5-4B-6karmA/46.jsonl
[36m(TaskRunner pid=706135)[0m step:46 - global_seqlen/min:348108 - global_seqlen/max:348108 - global_seqlen/minmax_diff:0 - global_seqlen/balanced_min:348108 - global_seqlen/balanced_max:348108 - global_seqlen/mean:348108.0 - self_distillation/teacher_always_on_fraction:1.0 - self_distillation/teacher_image_swap_fraction:1.0 - self_distillation/policy_fallback_fraction:0.0 - self_distillation/grpo_fallback_count:0.0 - rollout_corr/rollout_is_mean:1.0 - rollout_corr/rollout_is_ratio_fraction_high:0.0 - rollout_corr/rollout_is_ratio_fraction_low:0.0 - rollout_corr/rollout_is_max:1.0 - rollout_corr/rollout_is_min:1.0 - rollout_corr/rollout_is_std:0.0 - rollout_corr/rollout_is_eff_sample_size:1.0 - rollout_corr/rollout_is_seq_mean:1.0 - rollout_corr/rollout_is_seq_std:0.0 - rollout_corr/rollout_is_seq_max:1.0 - rollout_corr/rollout_is_seq_min:1.0 - rollout_corr/rollout_is_seq_max_deviation:0.0 - rollout_corr/rollout_is_seq_fraction_high:0.0 - rollout_corr/rollout_is_seq_fraction_low:0.0 - rollout_corr/training_ppl:5.544104643166065 - rollout_corr/training_log_ppl:1.5610061845121284 - rollout_corr/kl:0.04100793024069086 - rollout_corr/k3_kl:0.04906968145708864 - rollout_corr/rollout_ppl:5.293133308490117 - rollout_corr/rollout_log_ppl:1.5199982325236003 - rollout_corr/log_ppl_diff:0.04100795198852817 - rollout_corr/log_ppl_abs_diff:0.054476615196714796 - rollout_corr/log_ppl_diff_max:0.2644236087799072 - rollout_corr/log_ppl_diff_min:-0.178552508354187 - rollout_corr/ppl_ratio:1.0434707136203845 - rollout_corr/chi2_token:0.16293858674665293 - rollout_corr/chi2_seq:0.7014143144090971 - actor/pg_loss:0.23295021282198533 - actor/kl_loss:0.0 - actor/grpo_loss:0.0 - actor/vopd_loss:0.23295021282198533 - actor/vopd_loss_weighted:0.23295021282198533 - actor/policy_fallback_fraction:0.0 - aha/u_mean:-0.39016431968533044 - aha/u_neg_valley_frac:0.5634585175042351 - aha/floor_clamped_frac:0.5634585175042351 - aha/q_tail_mass:0.002335529591041071 - aha/argmax_conf:0.9037165641784668 - self_distillation/raw_jsd_token_mean:0.23295021282198528 - self_distillation/weighted_jsd_token_mean:0.23295021282198528 - self_distillation/self_distillation_mask.mean():1.0 - self_distillation/num_distill_tokens:249.3125 - self_distillation/empty_target_batch:0.0 - actor/grad_norm:12.519197463989258 - timing_s/update_actor/student_forward:48.621964137942996 - timing_s/update_actor/teacher_forward:72.09495039877947 - timing_s/update_actor/teacher_full_forward:0.0 - timing_s/update_actor/teacher_null_forward:53.47016529610846 - timing_s/update_actor/loss_compute:0.06459801289020106 - timing_s/update_actor/backward:86.03476652194513 - timing_s/update_actor/optimizer_step:0.08467743103392422 - timing_s/update_actor/teacher_ema_update:4.311901284381747e-05 - perf/mfu/actor:0.0 - perf/max_memory_allocated_gb:84.56772804260254 - perf/max_memory_reserved_gb:96.134765625 - perf/cpu_memory_used_gb:357.16210556030273 - actor/lr:2e-06 - training/global_step:46 - training/epoch:0 - response_length/mean:249.3125 - response_length/max:1024.0 - response_length/min:3.0 - response_length/clip_ratio:0.0416666679084301 - response_length_non_aborted/mean:249.3125 - response_length_non_aborted/max:1024.0 - response_length_non_aborted/min:3.0 - response_length_non_aborted/clip_ratio:0.0416666679084301 - response/aborted_ratio:0.0 - prompt_length/mean:3376.8125 - prompt_length/max:3960.0 - prompt_length/min:3157.0 - prompt_length/clip_ratio:0.0 - num_turns/min:2 - num_turns/max:2 - num_turns/mean:2.0 - timing_s/start_profile:4.190800245851278e-05 - timing_s/agent_loop/generate_sequences/min:6.8596241130144335 - timing_s/agent_loop/generate_sequences/max:26.165231451042928 - timing_s/agent_loop/generate_sequences/mean:15.48490068642665 - timing_s/agent_loop/tool_calls/min:0.0 - timing_s/agent_loop/tool_calls/max:0.0 - timing_s/agent_loop/tool_calls/mean:0.0 - timing_s/agent_loop/slowest/generate_sequences:26.165231451042928 - timing_s/agent_loop/slowest/tool_calls:0.0 - timing_s/agent_loop/slowest/prompt_length:3349 - timing_s/agent_loop/slowest/response_length:937 - timing_s[36m(TaskRunner pid=706135)[0m Training Progress:  92%|█████████▏| 47/51 [3:15:44<24:29, 367.39s/it]
[36m(TaskRunner pid=706135)[0m Training Progress:  94%|█████████▍| 48/51 [3:21:45<18:16, 365.49s/it]
/gen:37.34031318000052 - timing_s/adv:19.966710456996225 - timing_s/update_actor:304.959890764032 - timing_s/dump_rollout_generations:0.05615094897802919 - timing_s/step:362.3531575310044 - timing_s/stop_profile:2.8740032576024532e-05 - timing_per_token_ms/update_actor:0.8760496477071255 - timing_per_token_ms/adv:0.05735780406367054 - timing_per_token_ms/gen:1.5601367585861337 - perf/total_num_tokens:348108 - perf/time_per_step:362.3531575310044 - perf/throughput:480.3435443641946
[36m(TaskRunner pid=706135)[0m Dumped generations to /sfs/weka/scratch/nkw3mr/Vision-OPD-OPSA/rollouts/Aha-floor-Qwen3.5-4B-6karmA/47.jsonl
[36m(TaskRunner pid=706135)[0m step:47 - global_seqlen/min:343633 - global_seqlen/max:343633 - global_seqlen/minmax_diff:0 - global_seqlen/balanced_min:343633 - global_seqlen/balanced_max:343633 - global_seqlen/mean:343633.0 - self_distillation/teacher_always_on_fraction:1.0 - self_distillation/teacher_image_swap_fraction:1.0 - self_distillation/policy_fallback_fraction:0.0 - self_distillation/grpo_fallback_count:0.0 - rollout_corr/rollout_is_mean:1.0 - rollout_corr/rollout_is_ratio_fraction_high:0.0 - rollout_corr/rollout_is_ratio_fraction_low:0.0 - rollout_corr/rollout_is_max:1.0 - rollout_corr/rollout_is_min:1.0 - rollout_corr/rollout_is_std:0.0 - rollout_corr/rollout_is_eff_sample_size:1.0 - rollout_corr/rollout_is_seq_mean:1.0 - rollout_corr/rollout_is_seq_std:0.0 - rollout_corr/rollout_is_seq_max:1.0 - rollout_corr/rollout_is_seq_min:1.0 - rollout_corr/rollout_is_seq_max_deviation:0.0 - rollout_corr/rollout_is_seq_fraction_high:0.0 - rollout_corr/rollout_is_seq_fraction_low:0.0 - rollout_corr/training_ppl:4.069008817275365 - rollout_corr/training_log_ppl:1.14909074944444 - rollout_corr/kl:0.015498435991806522 - rollout_corr/k3_kl:0.03793045231335176 - rollout_corr/rollout_ppl:3.9298507012426853 - rollout_corr/rollout_log_ppl:1.1335923126122605 - rollout_corr/log_ppl_diff:0.015498436832179626 - rollout_corr/log_ppl_abs_diff:0.052124342725922666 - rollout_corr/log_ppl_diff_max:0.09754836559295654 - rollout_corr/log_ppl_diff_min:-0.2357369065284729 - rollout_corr/ppl_ratio:1.0177615359425545 - rollout_corr/chi2_token:0.13825015537440777 - rollout_corr/chi2_seq:0.08978697347144286 - actor/pg_loss:0.21458973432891068 - actor/kl_loss:0.0 - actor/grpo_loss:0.0 - actor/vopd_loss:0.21458973432891068 - actor/vopd_loss_weighted:0.21458973432891068 - actor/policy_fallback_fraction:0.0 - aha/u_mean:-0.8134431525541004 - aha/u_neg_valley_frac:0.6536668501794338 - aha/floor_clamped_frac:0.6536668501794338 - aha/q_tail_mass:0.001763080849032761 - aha/argmax_conf:0.9252801537513733 - self_distillation/raw_jsd_token_mean:0.2145897343289107 - self_distillation/weighted_jsd_token_mean:0.2145897343289107 - self_distillation/self_distillation_mask.mean():1.0 - self_distillation/num_distill_tokens:162.07291666666666 - self_distillation/empty_target_batch:0.0 - actor/grad_norm:3.1254494190216064 - timing_s/update_actor/student_forward:50.938092912896536 - timing_s/update_actor/teacher_forward:70.91994769021403 - timing_s/update_actor/teacher_full_forward:0.0 - timing_s/update_actor/teacher_null_forward:56.17067011911422 - timing_s/update_actor/loss_compute:0.0690417128498666 - timing_s/update_actor/backward:86.78250684216619 - timing_s/update_actor/optimizer_step:0.08463795500574633 - timing_s/update_actor/teacher_ema_update:4.987901775166392e-05 - perf/mfu/actor:0.0 - perf/max_memory_allocated_gb:84.56772804260254 - perf/max_memory_reserved_gb:96.134765625 - perf/cpu_memory_used_gb:357.6595230102539 - actor/lr:2e-06 - training/global_step:47 - training/epoch:0 - response_length/mean:162.0729217529297 - response_length/max:1024.0 - response_length/min:4.0 - response_length/clip_ratio:0.010416666977107525 - response_length_non_aborted/mean:162.0729217529297 - response_length_non_aborted/max:1024.0 - response_length_non_aborted/min:4.0 - response_length_non_aborted/clip_ratio:0.010416666977107525 - response/aborted_ratio:0.0 - prompt_length/mean:3417.4375 - prompt_length/max:4473.0 - prompt_length/min:3254.0 - prompt_length/clip_ratio:0.0 - num_turns/min:2 - num_turns/max:2 - num_turns/mean:2.0 - timing_s/start_profile:2.7567963115870953e-05 - timing_s/agent_loop/generate_sequences/min:6.5424310059752315 - timing_s/agent_loop/generate_sequences/max:23.289491784002166 - timing_s/agent_loop/generate_sequences/mean:14.698343349501252 - timing_s/agent_loop/tool_calls/min:0.0 - timing_s/agent_loop/tool_calls/max:0.0 - timing_s/agent_loop/tool_calls/mean:0.0 - timing_s/agent_loop/slowest/generate_sequences:23.289491784002166 - timing_s/agent_loop/slowest/tool_calls:0.0 - timing_s/agent_loop/slowest/prompt_length:3345 - timing_s/agent_loop/slowest/response_length:972 - timing_s/gen:36.11600823496701 - timing_s/adv:21.32286490802653 - timing_s/update_actor:306.9944030410261 - timing_s/dump_rollout_generations:0.05298037803731859 - timing_s/step:364.50969396397704 - timing_s/stop_profile:2.5014043785631657e-05 - timing_per_token_ms/update_actor:0.8933787006516432 - timing_per_token_ms/adv:0.062051272456447815 - timing_per_token_ms/gen:2.3212294000235882 - perf/total_num_tokens:343633 - perf/time_per_step:364.50969396397704 - perf/throughput:471.3633213194596
[36m(TaskRunner pid=706135)[0m Dumped generations to /sfs/weka/scratch/nkw3mr/Vision-OPD-OPSA/rollouts/Aha-floor-Qwen3.5-4B-6karmA/48.jsonl
[36m(TaskRunner pid=706135)[0m step:48 - global_seqlen/min:346869 - global_seqlen/max:346869 - global_seqlen/minmax_diff:0 - global_seqlen/balanced_min:346869 - global_seqlen/balanced_max:346869 - global_seqlen/mean:346869.0 - self_distillation/teacher_always_on_fraction:1.0 - self_distillation/teacher_image_swap_fraction:1.0 - self_distillation/policy_fallback_fraction:0.0 - self_distillation/grpo_fallback_count:0.0 - rollout_corr/rollout_is_mean:1.0 - rollout_corr/rollout_is_ratio_fraction_high:0.0 - rollout_corr/rollout_is_ratio_fraction_low:0.0 - rollout_corr/rollout_is_max:1.0 - rollout_corr/rollout_is_min:1.0 - rollout_corr/rollout_is_std:0.0 - rollout_corr/rollout_is_eff_sample_size:1.0 - rollout_corr/rollout_is_seq_mean:1.0 - rollout_corr/rollout_is_seq_std:0.0 - rollout_corr/rollout_is_seq_max:1.0 - rollout_corr/rollout_is_seq_min:1.0 - rollout_corr/rollout_is_seq_max_deviation:0.0 - rollout_corr/rollout_is_seq_fraction_high:0.0 - rollout_corr/rollout_is_seq_fraction_low:0.0 - rollout_corr/training_ppl:4.258745763450861 - rollout_corr/training_log_ppl:1.2355594070007403 - rollout_corr/kl:0.03220423817280486 - rollout_corr/k3_kl:0.042188140214420855 - rollout_corr/rollout_ppl:4.105099239697059 - rollout_corr/rollout_log_ppl:1.2033551676819723 - rollout_corr/log_ppl_diff:0.03220423931876818 - rollout_corr/log_ppl_abs_diff:0.04944851994514465 - rollout_corr/log_ppl_diff_max:0.15065336227416992 - rollout_corr/log_ppl_diff_min:-0.33403217792510986 - rollout_corr/ppl_ratio:1.0343420431017876 - rollout_corr/chi2_token:0.13465451014538607 - rollout_corr/chi2_seq:-0.34881581490238506 - actor/pg_loss:0.2152782081393525 - actor/kl_loss:0.0 - actor/grpo_loss:0.0 - actor/vopd_loss:0.2152782081393525 - actor/vopd_loss_weighted:0.2152782081393525 - actor/policy_fallback_fraction:0.0 - aha/u_mean:-0.5371948933655707 - aha/u_neg_valley_frac:0.6094780728841821 - aha/floor_clamped_frac:0.6094780728841821 - aha/q_tail_mass:0.0017763354861900875 - aha/argmax_conf:0.922764003276825 - self_distillation/raw_jsd_token_mean:0.2152782081393525 - self_distillation/weighted_jsd_token_mean:0.2152782081393525 - self_distillation/self_distillation_mask.mean():1.0 - self_distillation/num_distill_tokens:207.42708333333334 - self_distillation/empty_target_batch:0.0 - actor/grad_norm:2.1241631507873535 - timing_s/update_actor/student_forward:41.37092628405662 - timing_s/update_actor/teacher_forward:67.51483352173818 - timing_s/update_actor/teacher_full_forward:0.0 - timing_s/update_actor/teacher_null_forward:62.03179098496912 - timing_s/update_actor/loss_compute:0.0681197447120212 - timing_s/update_actor/backward:91.42125607514754 - timing_s/update_actor/optimizer_step:0.08481545600807294 - timing_s/update_actor/teacher_ema_update:3.974494757130742e-05 - perf/mfu/actor:0.0 - perf/max_memory_allocated_gb:84.56772804260254 - perf/max_memory_reserved_gb:96.134765625 - perf/cpu_memory_used_gb:357.17593002319336 - actor/lr:2e-06 - training/global_step:48 - training/epoch:0 - response_length/mean:207.4270782470703 - response_length/max:1024.0 - response_length/min:4.0 - response_length/clip_ratio:0.0416666679084301 - response_length_non_aborted/mean:207.4270782470703 - response_length_non_aborted/max:1024.0 - response_length_non_aborted/min:4.0 - response_length_non_aborted/clip_ratio:0.0416666679084301 - response/aborted_ratio:0.0 - prompt_length/mean:3405.791748046875 - prompt_length/max:4240.0 - prompt_length/min:3115.0 - prompt_length/clip_ratio:0.0 - num_turns/min:2 - num_turns/max:2 - num_turns/mean:2.0 - timing_s/start_profile:4.02349978685379e-05 - timing_s/agent_loop/generate_sequences/min:7.775591008015908 - timing_s/agent_loop/generate_sequences/max:26.437084197998047 - timing_s/agent_loop/generate_sequences/mean:15.754211693666852 - timing_s/agent_loop/tool_calls/min:0.0 - timing_s/agent_loop/tool_calls/max:0.0 - timing_s/agent_loop/tool_calls/mean:0.0 - timing_s/agent_loop/slowest/generate_sequences:26.437084197998047 - timing_s/agent_loop/slowest/tool_calls:0.0 - timing_s/agent_loop/slowest/prompt_length:3346 - timing_s/agent_loop/slowes[36m(TaskRunner pid=706135)[0m Training Progress:  96%|█████████▌| 49/51 [3:27:47<12:08, 364.30s/it]
[36m(TaskRunner pid=706135)[0m Training Progress:  98%|█████████▊| 50/51 [3:34:14<06:11, 371.35s/it]
t/response_length:1024 - timing_s/gen:37.723681489995215 - timing_s/adv:19.84394671797054 - timing_s/update_actor:302.7983623150503 - timing_s/dump_rollout_generations:0.30670331598958 - timing_s/step:360.70424086402636 - timing_s/stop_profile:3.018102142959833e-05 - timing_per_token_ms/update_actor:0.8729473153122658 - timing_per_token_ms/adv:0.05720876387907406 - timing_per_token_ms/gen:1.894424822477538 - perf/total_num_tokens:346869 - perf/time_per_step:360.70424086402636 - perf/throughput:480.82190435176807
[36m(TaskRunner pid=706135)[0m Dumped generations to /sfs/weka/scratch/nkw3mr/Vision-OPD-OPSA/rollouts/Aha-floor-Qwen3.5-4B-6karmA/49.jsonl
[36m(TaskRunner pid=706135)[0m step:49 - global_seqlen/min:347807 - global_seqlen/max:347807 - global_seqlen/minmax_diff:0 - global_seqlen/balanced_min:347807 - global_seqlen/balanced_max:347807 - global_seqlen/mean:347807.0 - self_distillation/teacher_always_on_fraction:1.0 - self_distillation/teacher_image_swap_fraction:1.0 - self_distillation/policy_fallback_fraction:0.0 - self_distillation/grpo_fallback_count:0.0 - rollout_corr/rollout_is_mean:1.0 - rollout_corr/rollout_is_ratio_fraction_high:0.0 - rollout_corr/rollout_is_ratio_fraction_low:0.0 - rollout_corr/rollout_is_max:1.0 - rollout_corr/rollout_is_min:1.0 - rollout_corr/rollout_is_std:0.0 - rollout_corr/rollout_is_eff_sample_size:1.0 - rollout_corr/rollout_is_seq_mean:1.0 - rollout_corr/rollout_is_seq_std:0.0 - rollout_corr/rollout_is_seq_max:1.0 - rollout_corr/rollout_is_seq_min:1.0 - rollout_corr/rollout_is_seq_max_deviation:0.0 - rollout_corr/rollout_is_seq_fraction_high:0.0 - rollout_corr/rollout_is_seq_fraction_low:0.0 - rollout_corr/training_ppl:4.574174832552671 - rollout_corr/training_log_ppl:1.3719218829646707 - rollout_corr/kl:0.03932377352574198 - rollout_corr/k3_kl:0.04054065670546455 - rollout_corr/rollout_ppl:4.373593008766572 - rollout_corr/rollout_log_ppl:1.3325980957597494 - rollout_corr/log_ppl_diff:0.039323787204921246 - rollout_corr/log_ppl_abs_diff:0.040583305371304355 - rollout_corr/log_ppl_diff_max:0.13956427574157715 - rollout_corr/log_ppl_diff_min:-0.015393972396850586 - rollout_corr/ppl_ratio:1.040740204975009 - rollout_corr/chi2_token:0.09426368276278178 - rollout_corr/chi2_seq:0.41623861404756707 - actor/pg_loss:0.2147565388586372 - actor/kl_loss:0.0 - actor/grpo_loss:0.0 - actor/vopd_loss:0.2147565388586372 - actor/vopd_loss_weighted:0.2147565388586372 - actor/policy_fallback_fraction:0.0 - aha/u_mean:-0.37330022356642684 - aha/u_neg_valley_frac:0.5822127160305778 - aha/floor_clamped_frac:0.5822127160305778 - aha/q_tail_mass:0.001705109110928286 - aha/argmax_conf:0.9135367274284363 - self_distillation/raw_jsd_token_mean:0.2147565388586372 - self_distillation/weighted_jsd_token_mean:0.2147565388586372 - self_distillation/self_distillation_mask.mean():1.0 - self_distillation/num_distill_tokens:255.69791666666666 - self_distillation/empty_target_batch:0.0 - actor/grad_norm:1.8733338117599487 - timing_s/update_actor/student_forward:48.59603411896387 - timing_s/update_actor/teacher_forward:70.63607046275865 - timing_s/update_actor/teacher_full_forward:0.0 - timing_s/update_actor/teacher_null_forward:56.258228141232394 - timing_s/update_actor/loss_compute:0.06424684199737385 - timing_s/update_actor/backward:85.75834706419846 - timing_s/update_actor/optimizer_step:0.0849623010144569 - timing_s/update_actor/teacher_ema_update:3.319495590403676e-05 - perf/mfu/actor:0.0 - perf/max_memory_allocated_gb:84.56772804260254 - perf/max_memory_reserved_gb:96.134765625 - perf/cpu_memory_used_gb:357.0388298034668 - actor/lr:2e-06 - training/global_step:49 - training/epoch:0 - response_length/mean:255.6979217529297 - response_length/max:1024.0 - response_length/min:6.0 - response_length/clip_ratio:0.0729166641831398 - response_length_non_aborted/mean:255.6979217529297 - response_length_non_aborted/max:1024.0 - response_length_non_aborted/min:6.0 - response_length_non_aborted/clip_ratio:0.0729166641831398 - response/aborted_ratio:0.0 - prompt_length/mean:3367.291748046875 - prompt_length/max:3962.0 - prompt_length/min:3157.0 - prompt_length/clip_ratio:0.0 - num_turns/min:2 - num_turns/max:2 - num_turns/mean:2.0 - timing_s/start_profile:3.0511990189552307e-05 - timing_s/agent_loop/generate_sequences/min:7.010595457977615 - timing_s/agent_loop/generate_sequences/max:26.637388377974275 - timing_s/agent_loop/generate_sequences/mean:16.011841938414364 - timing_s/agent_loop/tool_calls/min:0.0 - timing_s/agent_loop/tool_calls/max:0.0 - timing_s/agent_loop/tool_calls/mean:0.0 - timing_s/agent_loop/slowest/generate_sequences:26.637388377974275 - timing_s/agent_loop/slowest/tool_calls:0.0 - timing_s/agent_loop/slowest/prompt_length:3347 - timing_s/agent_loop/slowest/response_length:1024 - timing_s/gen:37.546457424992695 - timing_s/adv:20.96537626895588 - timing_s/update_actor:302.59026288904715 - timing_s/dump_rollout_generations:0.05598812404787168 - timing_s/step:361.18116343801375 - timing_s/stop_profile:2.3421947844326496e-05 - timing_per_token_ms/update_actor:0.8699947467677395 - timing_per_token_ms/adv:0.060278764570453953 - timing_per_token_ms/gen:1.52957418116237 - perf/total_num_tokens:347807 - perf/time_per_step:361.18116343801375 - perf/throughput:481.4855191911067
[36m(TaskRunner pid=706135)[0m Dumped generations to /sfs/weka/scratch/nkw3mr/Vision-OPD-OPSA/rollouts/Aha-floor-Qwen3.5-4B-6karmA/50.jsonl
[36m(TaskRunner pid=706135)[0m local_global_step_folder: /sfs/weka/scratch/nkw3mr/Vision-OPD-OPSA/checkpoints/Aha-floor-Qwen3.5-4B-6karmA/global_step_50
[36m(TaskRunner pid=706135)[0m step:50 - global_seqlen/min:345123 - global_seqlen/max:345123 - global_seqlen/minmax_diff:0 - global_seqlen/balanced_min:345123 - global_seqlen/balanced_max:345123 - global_seqlen/mean:345123.0 - self_distillation/teacher_always_on_fraction:1.0 - self_distillation/teacher_image_swap_fraction:1.0 - self_distillation/policy_fallback_fraction:0.0 - self_distillation/grpo_fallback_count:0.0 - rollout_corr/rollout_is_mean:1.0 - rollout_corr/rollout_is_ratio_fraction_high:0.0 - rollout_corr/rollout_is_ratio_fraction_low:0.0 - rollout_corr/rollout_is_max:1.0 - rollout_corr/rollout_is_min:1.0 - rollout_corr/rollout_is_std:0.0 - rollout_corr/rollout_is_eff_sample_size:1.0 - rollout_corr/rollout_is_seq_mean:1.0 - rollout_corr/rollout_is_seq_std:0.0 - rollout_corr/rollout_is_seq_max:1.0 - rollout_corr/rollout_is_seq_min:1.0 - rollout_corr/rollout_is_seq_max_deviation:0.0 - rollout_corr/rollout_is_seq_fraction_high:0.0 - rollout_corr/rollout_is_seq_fraction_low:0.0 - rollout_corr/training_ppl:4.009248244265716 - rollout_corr/training_log_ppl:1.2088248170912266 - rollout_corr/kl:0.033917726689954485 - rollout_corr/k3_kl:0.035857290276908316 - rollout_corr/rollout_ppl:3.846553899347782 - rollout_corr/rollout_log_ppl:1.1749070895214875 - rollout_corr/log_ppl_diff:0.03391772756973902 - rollout_corr/log_ppl_abs_diff:0.03702907140056292 - rollout_corr/log_ppl_diff_max:0.1558539867401123 - rollout_corr/log_ppl_diff_min:-0.07578790187835693 - rollout_corr/ppl_ratio:1.0350979479650657 - rollout_corr/chi2_token:0.0889938020457824 - rollout_corr/chi2_seq:-0.2067491759856542 - actor/pg_loss:0.2008256036788226 - actor/kl_loss:0.0 - actor/grpo_loss:0.0 - actor/vopd_loss:0.2008256036788226 - actor/vopd_loss_weighted:0.2008256036788226 - actor/policy_fallback_fraction:0.0 - aha/u_mean:-0.42646195880661253 - aha/u_neg_valley_frac:0.6030126564825574 - aha/floor_clamped_frac:0.6030126564825574 - aha/q_tail_mass:0.0023560914944435276 - aha/argmax_conf:0.9228429794311523 - self_distillation/raw_jsd_token_mean:0.20082560367882252 - self_distillation/weighted_jsd_token_mean:0.20082560367882252 - self_distillation/self_distillation_mask.mean():1.0 - self_distillation/num_distill_tokens:203.59375 - self_distillation/empty_target_batch:0.0 - actor/grad_norm:3.0831334590911865 - timing_s/update_actor/student_forward:39.13576244201977 - timing_s/update_actor/teacher_forward:58.051739031099714 - timing_s/update_actor/teacher_full_forward:0.0 - timing_s/update_actor/teacher_null_forward:80.78782469168073 - timing_s/update_actor/loss_compute:0.07315573206869885 - timing_s/update_actor/backward:86.58619800454471 - timing_s/update_actor/optimizer_step:0.08501424302812666 - timing_s/update_actor/teacher_ema_update:3.649998689070344e-05 - perf/mfu/actor:0.0 - perf/max_memory_allocated_gb:84.56772804260254 - perf/max_memory_reserved_gb:96.134765625 - perf/cpu_memory_used_gb:357.0874710083008 - actor/lr:2e-06 - training/global_step:50 - training/epoch:0 - response_length/mean:203.59375 - response_length/max:1024.0 - response_length/min:5.0 - response_length/clip_ratio:0.02083333395421505 - response_length_non_aborted/mean:203.59375 - response_length_non_aborted/max:1024.0 - response_length_non_aborted/min:5.0 - response_length_non_aborted/clip_ratio:0.02083333395421505 - response/aborted_ratio:0.0 - prompt_length/mean:3391.4375 - prompt_length/max:3957.0 - prompt_length/min:3174.0 - prompt_length/clip_ratio:0.0 - num_turns/min:2 - num_turns/max:2 - num_turns/mean:2.0 - timing_s/start_profile:4.17970004491508e-05 - timing_s/agent_loop/generate_sequences/min:8.281829984043725 - timing_s/agent_loop/generate_sequences/max:24.607827595958952 - timing_s/agent_loop/generate_sequences/mean:15.285571120783667 - timing_s/agent_loop/tool_calls/min:0.0 - timing_s/agent_loop/tool_calls/max:0.0 - timing_s/agent_loop/tool_calls/mean:0.0 - timing_s/agent_loop/slowest/generate_sequences:24.607827595958952 - timing_s/agent_loop/slowest/tool_calls:0.0 - timing_s/agent_loop/slowest/prompt_length:3352 - timing_s/agent_loop/slowest/response_length:1024 - tim[36m(WorkerDict pid=736488)[0m /sfs/weka/scratch/nkw3mr/Vision-OPD-OPSA/verl/utils/device.py:134: FutureWarning: torch.cuda._set_allocator_settings is deprecated. Use torch._C._accelerator_setAllocatorSettings instead.
[36m(WorkerDict pid=736488)[0m   torch.cuda.memory._set_allocator_settings(f"expandable_segments:{enable}")
[36m(TaskRunner pid=706135)[0m Training Progress: 100%|██████████| 51/51 [3:40:46<00:00, 377.46s/it]Training Progress: 100%|██████████| 51/51 [3:40:46<00:00, 367.96s/it]
[36m(WorkerDict pid=736480)[0m /sfs/weka/scratch/nkw3mr/Vision-OPD-OPSA/verl/utils/device.py:134: FutureWarning: torch.cuda._set_allocator_settings is deprecated. Use torch._C._accelerator_setAllocatorSettings instead.
[36m(WorkerDict pid=736480)[0m   torch.cuda.memory._set_allocator_settings(f"expandable_segments:{enable}")
[36m(TaskRunner pid=706135)[0m wandb: uploading history steps 34-35, summary, console lines 88-89
[36m(TaskRunner pid=706135)[0m wandb: 
[36m(TaskRunner pid=706135)[0m wandb: Run history:
[36m(TaskRunner pid=706135)[0m wandb:                actor/grad_norm ▁▁▁▁▁▁▂▁▁▁▂▂▁▄▁▁▁▁▁▂▂▂▁▂▂▂▁▁▁▂█▂▂▁▂▁
[36m(TaskRunner pid=706135)[0m wandb:                actor/grpo_loss ▁▁▁▁▁▁▁▁▁▁▁▁▁▁▁▁▁▁▁▁▁▁▁▁▁▁▁▁▁▁▁▁▁▁▁▁
[36m(TaskRunner pid=706135)[0m wandb:                  actor/kl_loss ▁▁▁▁▁▁▁▁▁▁▁▁▁▁▁▁▁▁▁▁▁▁▁▁▁▁▁▁▁▁▁▁▁▁▁▁
[36m(TaskRunner pid=706135)[0m wandb:                       actor/lr ▁▁▁▁▁▁▁▁▁▁▁▁▁▁▁▁▁▁▁▁▁▁▁▁▁▁▁▁▁▁▁▁▁▁▁▁
[36m(TaskRunner pid=706135)[0m wandb:                  actor/pg_loss ▄▄▆▅▄▃▅▃▂▄▄▃▅▄▄▄▄▃▃▅█▆█▇▄▇▇▆▅▅▅▃▃▃▂▁
[36m(TaskRunner pid=706135)[0m wandb: actor/policy_fallback_fraction ▁▁▁▁▁▁▁▁▁▁▁▁▁▁▁▁▁▁▁▁▁▁▁▁▁▁▁▁▁▁▁▁▁▁▁▁
[36m(TaskRunner pid=706135)[0m wandb:                actor/vopd_loss ▄▄▆▅▄▃▅▃▂▄▄▃▅▄▄▄▄▃▃▅█▆█▇▄▇▇▆▅▅▅▃▃▃▂▁
[36m(TaskRunner pid=706135)[0m wandb:       actor/vopd_loss_weighted ▄▄▆▅▄▃▅▃▂▄▄▃▅▄▄▄▄▃▃▅█▆█▇▄▇▇▆▅▅▅▃▃▃▂▁
[36m(TaskRunner pid=706135)[0m wandb:                aha/argmax_conf ▂▄▁▁▂▁▅▆▂▄▃▆▆▆▄▆▂▆▅▄▆▇▆▇█▆█▆▃▅▅▅▅▅▅▄
[36m(TaskRunner pid=706135)[0m wandb:         aha/floor_clamped_frac ▆▇▅▇▄▆▄▆▅▄▄▄▃▄▅▅▅▄▆▂▄▃▁▂▄▂▃▂▂▄▂█▅▄▅▆
[36m(TaskRunner pid=706135)[0m wandb:                            +99 ...
[36m(TaskRunner pid=706135)[0m wandb: 
[36m(TaskRunner pid=706135)[0m wandb: Run summary:
[36m(TaskRunner pid=706135)[0m wandb:                actor/grad_norm 1.89636
[36m(TaskRunner pid=706135)[0m wandb:                actor/grpo_loss 0
[36m(TaskRunner pid=706135)[0m wandb:                  actor/kl_loss 0
[36m(TaskRunner pid=706135)[0m wandb:                       actor/lr 0.0
[36m(TaskRunner pid=706135)[0m wandb:                  actor/pg_loss 0.1942
[36m(TaskRunner pid=706135)[0m wandb: actor/policy_fallback_fraction 0
[36m(TaskRunner pid=706135)[0m wandb:                actor/vopd_loss 0.1942
[36m(TaskRunner pid=706135)[0m wandb:       actor/vopd_loss_weighted 0.1942
[36m(TaskRunner pid=706135)[0m wandb:                aha/argmax_conf 0.88768
[36m(TaskRunner pid=706135)[0m wandb:         aha/floor_clamped_frac 0.62682
[36m(TaskRunner pid=706135)[0m wandb:                            +99 ...
[36m(TaskRunner pid=706135)[0m wandb: 
[36m(TaskRunner pid=706135)[0m wandb: 🚀 View run Aha-floor-Qwen3.5-4B-6karmA at: https://wandb.ai/nkw3mr-university-of-virginia/Vision-OPD-StateAdaptive/runs/47bhbtwj
[36m(TaskRunner pid=706135)[0m wandb: ⭐️ View project at: https://wandb.ai/nkw3mr-university-of-virginia/Vision-OPD-StateAdaptive
[36m(TaskRunner pid=706135)[0m wandb: Synced 5 W&B file(s), 0 media file(s), 0 artifact file(s) and 0 other file(s)
[36m(TaskRunner pid=706135)[0m wandb: Find logs at: ./wandb/run-20260910_002438-47bhbtwj/logs
ing_s/gen:36.99456000304781 - timing_s/adv:23.48590442101704 - timing_s/update_actor:304.6344292500289 - timing_s/dump_rollout_generations:0.05828017700696364 - timing_s/step:365.2030713140266 - timing_s/save_checkpoint:22.278838058991823 - timing_s/stop_profile:3.174401354044676e-05 - timing_per_token_ms/update_actor:0.8826836497423496 - timing_per_token_ms/adv:0.0680508236803025 - timing_per_token_ms/gen:1.8927889487361376 - perf/total_num_tokens:345123 - perf/time_per_step:365.2030713140266 - perf/throughput:472.50834824337994
[36m(TaskRunner pid=706135)[0m Dumped generations to /sfs/weka/scratch/nkw3mr/Vision-OPD-OPSA/rollouts/Aha-floor-Qwen3.5-4B-6karmA/51.jsonl
[36m(TaskRunner pid=706135)[0m local_global_step_folder: /sfs/weka/scratch/nkw3mr/Vision-OPD-OPSA/checkpoints/Aha-floor-Qwen3.5-4B-6karmA/global_step_51
[36m(TaskRunner pid=706135)[0m step:51 - global_seqlen/min:351720 - global_seqlen/max:351720 - global_seqlen/minmax_diff:0 - global_seqlen/balanced_min:351720 - global_seqlen/balanced_max:351720 - global_seqlen/mean:351720.0 - self_distillation/teacher_always_on_fraction:1.0 - self_distillation/teacher_image_swap_fraction:1.0 - self_distillation/policy_fallback_fraction:0.0 - self_distillation/grpo_fallback_count:0.0 - rollout_corr/rollout_is_mean:1.0 - rollout_corr/rollout_is_ratio_fraction_high:0.0 - rollout_corr/rollout_is_ratio_fraction_low:0.0 - rollout_corr/rollout_is_max:1.0 - rollout_corr/rollout_is_min:1.0 - rollout_corr/rollout_is_std:0.0 - rollout_corr/rollout_is_eff_sample_size:1.0 - rollout_corr/rollout_is_seq_mean:1.0 - rollout_corr/rollout_is_seq_std:0.0 - rollout_corr/rollout_is_seq_max:1.0 - rollout_corr/rollout_is_seq_min:1.0 - rollout_corr/rollout_is_seq_max_deviation:0.0 - rollout_corr/rollout_is_seq_fraction_high:0.0 - rollout_corr/rollout_is_seq_fraction_low:0.0 - rollout_corr/training_ppl:3.277532254656156 - rollout_corr/training_log_ppl:1.073448012272517 - rollout_corr/kl:0.042601398233576525 - rollout_corr/k3_kl:0.04125180506768326 - rollout_corr/rollout_ppl:3.1215342370172343 - rollout_corr/rollout_log_ppl:1.0308466193576653 - rollout_corr/log_ppl_diff:0.04260139291485151 - rollout_corr/log_ppl_abs_diff:0.04395363790293535 - rollout_corr/log_ppl_diff_max:0.18478822708129883 - rollout_corr/log_ppl_diff_min:-0.02022603154182434 - rollout_corr/ppl_ratio:1.0442340187728405 - rollout_corr/chi2_token:0.15086735474566618 - rollout_corr/chi2_seq:40.119591280197106 - actor/pg_loss:0.19420388876460493 - actor/kl_loss:0.0 - actor/grpo_loss:0.0 - actor/vopd_loss:0.19420388876460493 - actor/vopd_loss_weighted:0.19420388876460493 - actor/policy_fallback_fraction:0.0 - aha/u_mean:-0.5022284447622951 - aha/u_neg_valley_frac:0.6268166412288944 - aha/floor_clamped_frac:0.6268166412288944 - aha/q_tail_mass:0.0016730450859843888 - aha/argmax_conf:0.8876799941062927 - self_distillation/raw_jsd_token_mean:0.19420388876460493 - self_distillation/weighted_jsd_token_mean:0.19420388876460493 - self_distillation/self_distillation_mask.mean():1.0 - self_distillation/num_distill_tokens:255.25 - self_distillation/empty_target_batch:0.0 - actor/grad_norm:1.8963552713394165 - timing_s/update_actor/student_forward:48.77281787380343 - timing_s/update_actor/teacher_forward:70.19658906798577 - timing_s/update_actor/teacher_full_forward:0.0 - timing_s/update_actor/teacher_null_forward:59.82773940177867 - timing_s/update_actor/loss_compute:0.06824769586091861 - timing_s/update_actor/backward:86.90426430781372 - timing_s/update_actor/optimizer_step:0.08455037098610774 - timing_s/update_actor/teacher_ema_update:4.461099160835147e-05 - perf/mfu/actor:0.0 - perf/max_memory_allocated_gb:84.56772804260254 - perf/max_memory_reserved_gb:96.134765625 - perf/cpu_memory_used_gb:357.6239013671875 - actor/lr:2e-06 - training/global_step:51 - training/epoch:0 - response_length/mean:255.25 - response_length/max:1024.0 - response_length/min:51.0 - response_length/clip_ratio:0.0625 - response_length_non_aborted/mean:255.25 - response_length_non_aborted/max:1024.0 - response_length_non_aborted/min:51.0 - response_length_non_aborted/clip_ratio:0.0625 - response/aborted_ratio:0.0 - prompt_length/mean:3408.5 - prompt_length/max:3997.0 - prompt_length/min:3202.0 - prompt_length/clip_ratio:0.0 - num_turns/min:2 - num_turns/max:2 - num_turns/mean:2.0 - timing_s/start_profile:3.2845011446624994e-05 - timing_s/agent_loop/generate_sequences/min:12.372282647003885 - timing_s/agent_loop/generate_sequences/max:26.20116845902521 - timing_s/agent_loop/generate_sequences/mean:17.024132625051305 - timing_s/agent_loop/tool_calls/min:0.0 - timing_s/agent_loop/tool_calls/max:0.0 - timing_s/agent_loop/tool_calls/mean:0.0 - timing_s/agent_loop/slowest/generate_sequences:26.20116845902521 - timing_s/agent_loop/slowest/tool_calls:0.0 - timing_s/agent_loop/slowest/prompt_length:3368 - timing_s/agent_loop/slowest/response_length:1024 - timing_s/gen:38.01190472400049 - timing_s/adv:20.857686323986854 - timing_s/update_actor:310.40975537797203 - timing_s/dump_rollout_generations:0.054836019000504166 - timing_s/step:369.3588496770244 - timing_s/save_checkpoint:22.001202414976433 - timing_s/stop_profile:3.066298086196184e-05 - timing_per_token_ms/update_actor:0.8825479227168544 - timing_per_token_ms/adv:0.059301962708935674 - timing_per_token_ms/gen:1.5512530494613324 - perf/total_num_tokens:351720 - perf/time_per_step:369.3588496770244 - perf/throughput:476.1223405200008
[36m(TaskRunner pid=706135)[0m 'Final validation metrics: None'
[36m(WorkerDict pid=736488)[0m [rank1]:[W910 04:05:43.385112958 TCPStore.cpp:125] [c10d] recvValue failed on SocketImpl(fd=61, addr=udc-aw37-6-s.hpc.virginia.edu:55886, remote=udc-aw37-6-s.hpc.virginia.edu:33651): Failed to recv, got 0 bytes. Connection was likely closed. Did the remote server shutdown or crash?
[36m(WorkerDict pid=736488)[0m Exception raised from recvBytes at /pytorch/torch/csrc/distributed/c10d/Utils.hpp:682 (most recent call first):
[36m(WorkerDict pid=736488)[0m frame #0: c10::Error::Error(c10::SourceLocation, std::__cxx11::basic_string<char, std::char_traits<char>, std::allocator<char> >) + 0x9d (0x1489009e5fdd in /sfs/weka/scratch/nkw3mr/envs/vision-opd/lib/python3.12/site-packages/torch/lib/libc10.so)
[36m(WorkerDict pid=736488)[0m frame #1: <unknown function> + 0x6a3325d (0x14882575225d in /sfs/weka/scratch/nkw3mr/envs/vision-opd/lib/python3.12/site-packages/torch/lib/libtorch_cpu.so)
[36m(WorkerDict pid=736488)[0m frame #2: c10d::TCPStore::check(std::vector<std::__cxx11::basic_string<char, std::char_traits<char>, std::allocator<char> >, std::allocator<std::__cxx11::basic_string<char, std::char_traits<char>, std::allocator<char> > > > const&) + 0x273 (0x1488257501f3 in /sfs/weka/scratch/nkw3mr/envs/vision-opd/lib/python3.12/site-packages/torch/lib/libtorch_cpu.so)
[36m(WorkerDict pid=736488)[0m frame #3: c10d::ProcessGroupNCCL::HeartbeatMonitor::runLoop() + 0x44c (0x1487e2832eec in /sfs/weka/scratch/nkw3mr/envs/vision-opd/lib/python3.12/site-packages/torch/lib/libtorch_cuda.so)
[36m(WorkerDict pid=736488)[0m frame #4: <unknown function> + 0xf6c06 (0x14b85fda8c06 in /sfs/weka/scratch/nkw3mr/envs/vision-opd/bin/../lib/libstdc++.so.6)
[36m(WorkerDict pid=736488)[0m frame #5: <unknown function> + 0x81ca (0x14b862d4b1ca in /lib64/libpthread.so.0)
[36m(WorkerDict pid=736488)[0m frame #6: clone + 0x43 (0x14b86221c953 in /lib64/libc.so.6)
[36m(WorkerDict pid=736488)[0m 
[36m(WorkerDict pid=736488)[0m [rank1]:[W910 04:05:44.417117362 ProcessGroupNCCL.cpp:1802] [PG ID 0 PG GUID 0(default_pg) Rank 1] Failed to check the "should dump" flag on TCPStore, (maybe TCPStore server has shut down too early), with error: Failed to recv, got 0 bytes. Connection was likely closed. Did the remote server shutdown or crash?
[36m(vLLMHttpServer pid=853317)[0m ERROR 09-10 04:05:43 [core_client.py:704] Engine core proc EngineCore died unexpectedly, shutting down client.
