Running: Aha-Qwen3.5-4B-pair6k  (aha_beta=4.0, floor_alpha=null)
Teacher: frozen init copy (source=legacy, update_rate=0.0)
2026-09-10 09:36:25,752	INFO worker.py:1998 -- Started a local Ray instance. View the dashboard at [1m[32mhttp://127.0.0.1:8265 [39m[22m
/sfs/weka/scratch/nkw3mr/envs/vision-opd/lib/python3.12/site-packages/ray/_private/worker.py:2046: FutureWarning: Tip: In future versions of Ray, Ray will no longer override accelerator visible devices env var if num_gpus=0 or num_gpus=None (default). To enable this behavior and turn off this error message, set RAY_ACCEL_ENV_VAR_OVERRIDE_ON_ZERO=0
  warnings.warn(
ray init kwargs: {'num_cpus': None, 'runtime_env': {'env_vars': {'TOKENIZERS_PARALLELISM': 'true', 'NCCL_DEBUG': 'WARN', 'VLLM_LOGGING_LEVEL': 'WARN', 'VLLM_ALLOW_RUNTIME_LORA_UPDATING': 'true', 'VLLM_ALLREDUCE_USE_SYMM_MEM': '0', 'CUDA_DEVICE_MAX_CONNECTIONS': '1', 'NCCL_CUMEM_ENABLE': '0'}, 'working_dir': None}}
[36m(TaskRunner pid=623297)[0m TaskRunner hostname: udc-aw37-6, PID: 623297
[36m(TaskRunner pid=623297)[0m {'actor_rollout_ref': {'actor': {'_target_': 'verl.workers.config.FSDPActorConfig',
[36m(TaskRunner pid=623297)[0m                                  'calculate_entropy': False,
[36m(TaskRunner pid=623297)[0m                                  'calculate_sum_pi_squared': False,
[36m(TaskRunner pid=623297)[0m                                  'checkpoint': {'_target_': 'verl.trainer.config.CheckpointConfig',
[36m(TaskRunner pid=623297)[0m                                                 'async_save': False,
[36m(TaskRunner pid=623297)[0m                                                 'load_contents': ['model',
[36m(TaskRunner pid=623297)[0m                                                                   'optimizer',
[36m(TaskRunner pid=623297)[0m                                                                   'extra'],
[36m(TaskRunner pid=623297)[0m                                                 'save_contents': ['model',
[36m(TaskRunner pid=623297)[0m                                                                   'optimizer',
[36m(TaskRunner pid=623297)[0m                                                                   'extra']},
[36m(TaskRunner pid=623297)[0m                                  'clip_ratio': 0.2,
[36m(TaskRunner pid=623297)[0m                                  'clip_ratio_c': 3.0,
[36m(TaskRunner pid=623297)[0m                                  'clip_ratio_high': 0.3,
[36m(TaskRunner pid=623297)[0m                                  'clip_ratio_low': 0.2,
[36m(TaskRunner pid=623297)[0m                                  'data_loader_seed': 42,
[36m(TaskRunner pid=623297)[0m                                  'entropy_checkpointing': False,
[36m(TaskRunner pid=623297)[0m                                  'entropy_coeff': 0,
[36m(TaskRunner pid=623297)[0m                                  'entropy_from_logits_with_chunking': False,
[36m(TaskRunner pid=623297)[0m                                  'freeze_vision_tower': False,
[36m(TaskRunner pid=623297)[0m                                  'fsdp_config': {'_target_': 'verl.workers.config.FSDPEngineConfig',
[36m(TaskRunner pid=623297)[0m                                                  'dtype': 'bfloat16',
[36m(TaskRunner pid=623297)[0m                                                  'entropy_checkpointing': False,
[36m(TaskRunner pid=623297)[0m                                                  'entropy_from_logits_with_chunking': False,
[36m(TaskRunner pid=623297)[0m                                                  'forward_only': False,
[36m(TaskRunner pid=623297)[0m                                                  'forward_prefetch': False,
[36m(TaskRunner pid=623297)[0m                                                  'fsdp_size': -1,
[36m(TaskRunner pid=623297)[0m                                                  'full_determinism': False,
[36m(TaskRunner pid=623297)[0m                                                  'model_dtype': 'fp32',
[36m(TaskRunner pid=623297)[0m                                                  'offload_policy': False,
[36m(TaskRunner pid=623297)[0m                                                  'optimizer_offload': True,
[36m(TaskRunner pid=623297)[0m                                                  'param_offload': True,
[36m(TaskRunner pid=623297)[0m                                                  'reshard_after_forward': True,
[36m(TaskRunner pid=623297)[0m                                                  'seed': 42,
[36m(TaskRunner pid=623297)[0m                                                  'strategy': 'fsdp',
[36m(TaskRunner pid=623297)[0m                                                  'ulysses_sequence_parallel_size': 1,
[36m(TaskRunner pid=623297)[0m                                                  'use_orig_params': False,
[36m(TaskRunner pid=623297)[0m                                                  'use_torch_compile': True,
[36m(TaskRunner pid=623297)[0m                                                  'wrap_policy': {'min_num_params': 0}},
[36m(TaskRunner pid=623297)[0m                                  'grad_clip': 1.0,
[36m(TaskRunner pid=623297)[0m                                  'kl_loss_coef': 0.001,
[36m(TaskRunner pid=623297)[0m                                  'kl_loss_type': 'low_var_kl',
[36m(TaskRunner pid=623297)[0m                                  'loss_agg_mode': 'token-mean',
[36m(TaskRunner pid=623297)[0m                                  'loss_scale_factor': None,
[36m(TaskRunner pid=623297)[0m                                  'optim': {'_target_': 'verl.workers.config.FSDPOptimizerConfig',
[36m(TaskRunner pid=623297)[0m                                            'betas': [0.9, 0.999],
[36m(TaskRunner pid=623297)[0m                                            'clip_grad': 1.0,
[36m(TaskRunner pid=623297)[0m                                            'lr': 2e-06,
[36m(TaskRunner pid=623297)[0m                                            'lr_scheduler_type': 'constant',
[36m(TaskRunner pid=623297)[0m                                            'lr_warmup_steps': 10,
[36m(TaskRunner pid=623297)[0m                                            'lr_warmup_steps_ratio': 0.0,
[36m(TaskRunner pid=623297)[0m                                            'min_lr_ratio': 0.0,
[36m(TaskRunner pid=623297)[0m                                            'num_cycles': 0.5,
[36m(TaskRunner pid=623297)[0m                                            'optimizer': 'AdamW',
[36m(TaskRunner pid=623297)[0m                                            'optimizer_impl': 'torch.optim',
[36m(TaskRunner pid=623297)[0m                                            'override_optimizer_config': None,
[36m(TaskRunner pid=623297)[0m                                            'total_training_steps': -1,
[36m(TaskRunner pid=623297)[0m                                            'warmup_style': None,
[36m(TaskRunner pid=623297)[0m                                            'weight_decay': 0.01},
[36m(TaskRunner pid=623297)[0m                                  'policy_loss': {'_target_': 'verl.workers.config.PolicyLossConfig',
[36m(TaskRunner pid=623297)[0m                                                  'clip_cov_lb': 1.0,
[36m(TaskRunner pid=623297)[0m                                                  'clip_cov_ratio': 0.0002,
[36m(TaskRunner pid=623297)[0m                                                  'clip_cov_ub': 5.0,
[36m(TaskRunner pid=623297)[0m                                                  'kl_cov_ratio': 0.0002,
[36m(TaskRunner pid=623297)[0m                                                  'loss_mode': 'vopd',
[36m(TaskRunner pid=623297)[0m                                                  'ppo_kl_coef': 0.1},
[36m(TaskRunner pid=623297)[0m                                  'ppo_epochs': 1,
[36m(TaskRunner pid=623297)[0m                                  'ppo_max_token_len_per_gpu': 9216,
[36m(TaskRunner pid=623297)[0m                                  'ppo_micro_batch_size': None,
[36m(TaskRunner pid=623297)[0m                                  'ppo_micro_batch_size_per_gpu': 1,
[36m(TaskRunner pid=623297)[0m                                  'ppo_mini_batch_size': 48,
[36m(TaskRunner pid=623297)[0m                                  'profiler': {'_target_': 'verl.utils.profiler.ProfilerConfig',
[36m(TaskRunner pid=623297)[0m                                               'all_ranks': False,
[36m(TaskRunner pid=623297)[0m                                               'enable': False,
[36m(TaskRunner pid=623297)[0m                                               'ranks': [],
[36m(TaskRunner pid=623297)[0m                                               'save_path': 'outputs/profile',
[36m(TaskRunner pid=623297)[0m                                               'tool': None,
[36m(TaskRunner pid=623297)[0m                                               'tool_config': {'npu': {'_target_': 'verl.utils.profiler.config.NPUToolConfig',
[36m(TaskRunner pid=623297)[0m                                                                       'analysis': True,
[36m(TaskRunner pid=623297)[0m                                                                       'contents': [],
[36m(TaskRunner pid=623297)[0m                                                                       'discrete': False,
[36m(TaskRunner pid=623297)[0m                                                                       'level': 'level0'},
[36m(TaskRunner pid=623297)[0m                                                               'nsys': {'_target_': 'verl.utils.profiler.config.NsightToolConfig',
[36m(TaskRunner pid=623297)[0m                                                                        'discrete': False},
[36m(TaskRunner pid=623297)[0m                                                               'torch': {'_target_': 'verl.utils.profiler.config.TorchProfilerToolConfig',
[36m(TaskRunner pid=623297)[0m                                                                         'step_end': None,
[36m(TaskRunner pid=623297)[0m                                                                         'step_start': 0},
[36m(TaskRunner pid=623297)[0m                                                               'torch_memory': {'_target_': 'verl.utils.profiler.config.TorchMemoryToolConfig',
[36m(TaskRunner pid=623297)[0m                                                                                'stack_depth': 32,
[36m(TaskRunner pid=623297)[0m                                                                                'trace_alloc_max_entries': 100000}}},
[36m(TaskRunner pid=623297)[0m                                  'rollout_n': 2,
[36m(TaskRunner pid=623297)[0m                                  'router_replay': {'_target_': 'verl.workers.config.RouterReplayConfig',
[36m(TaskRunner pid=623297)[0m                                                    'mode': 'disabled',
[36m(TaskRunner pid=623297)[0m                                                    'record_file': None,
[36m(TaskRunner pid=623297)[0m                                                    'replay_file': None},
[36m(TaskRunner pid=623297)[0m                                  'self_distillation': {'_target_': 'verl.workers.config.SelfDistillationConfig',
[36m(TaskRunner pid=623297)[0m                                                        'aha_beta': 4.0,
[36m(TaskRunner pid=623297)[0m                                                        'aha_center_u': False,
[36m(TaskRunner pid=623297)[0m                                                        'aha_enable': True,
[36m(TaskRunner pid=623297)[0m                                                        'aha_floor_alpha': None,
[36m(TaskRunner pid=623297)[0m                                                        'alpha': 0.5,
[36m(TaskRunner pid=623297)[0m                                                        'answer_hint_template': '\n'
[36m(TaskRunner pid=623297)[0m                                                                                '\n'
[36m(TaskRunner pid=623297)[0m                                                                                'Here '
[36m(TaskRunner pid=623297)[0m                                                                                'is '
[36m(TaskRunner pid=623297)[0m                                                                                'a '
[36m(TaskRunner pid=623297)[0m                                                                                'reference '
[36m(TaskRunner pid=623297)[0m                                                                                'solution '
[36m(TaskRunner pid=623297)[0m                                                                                'to '
[36m(TaskRunner pid=623297)[0m                                                                                'this '
[36m(TaskRunner pid=623297)[0m                                                                                'problem:\n'
[36m(TaskRunner pid=623297)[0m                                                                                '{answer}\n'
[36m(TaskRunner pid=623297)[0m                                                                                '\n'
[36m(TaskRunner pid=623297)[0m                                                                                'After '
[36m(TaskRunner pid=623297)[0m                                                                                'understanding '
[36m(TaskRunner pid=623297)[0m                                                                                'the '
[36m(TaskRunner pid=623297)[0m                                                                                'reference '
[36m(TaskRunner pid=623297)[0m                                                                                'solution, '
[36m(TaskRunner pid=623297)[0m                                                                                'please '
[36m(TaskRunner pid=623297)[0m                                                                                'try '
[36m(TaskRunner pid=623297)[0m                                                                                'to '
[36m(TaskRunner pid=623297)[0m                                                                                'solve '
[36m(TaskRunner pid=623297)[0m                                                                                'this '
[36m(TaskRunner pid=623297)[0m                                                                                'problem '
[36m(TaskRunner pid=623297)[0m                                                                                'using '
[36m(TaskRunner pid=623297)[0m                                                                                'your '
[36m(TaskRunner pid=623297)[0m                                                                                'own '
[36m(TaskRunner pid=623297)[0m                                                                                'approach '
[36m(TaskRunner pid=623297)[0m                                                                                'below:',
[36m(TaskRunner pid=623297)[0m                                                        'distillation_add_tail': True,
[36m(TaskRunner pid=623297)[0m                                                        'distillation_topk': 100,
[36m(TaskRunner pid=623297)[0m                                                        'dont_reprompt_on_self_success': True,
[36m(TaskRunner pid=623297)[0m                                                        'environment_feedback_only_without_solution': True,
[36m(TaskRunner pid=623297)[0m                                                        'evt_clip_neg': 2.0,
[36m(TaskRunner pid=623297)[0m                                                        'evt_clip_pos': 1.0,
[36m(TaskRunner pid=623297)[0m                                                        'evt_ema_eta': 0.05,
[36m(TaskRunner pid=623297)[0m                                                        'evt_enable': False,
[36m(TaskRunner pid=623297)[0m                                                        'evt_negative_only': False,
[36m(TaskRunner pid=623297)[0m                                                        'evt_neutral_base': 0.0,
[36m(TaskRunner pid=623297)[0m                                                        'evt_token_fraction': 0.2,
[36m(TaskRunner pid=623297)[0m                                                        'evt_ubar_init': None,
[36m(TaskRunner pid=623297)[0m                                                        'fallback_to_policy_loss_on_missing_teacher': False,
[36m(TaskRunner pid=623297)[0m                                                        'feedback_template': '\n'
[36m(TaskRunner pid=623297)[0m                                                                             'The '
[36m(TaskRunner pid=623297)[0m                                                                             'following '
[36m(TaskRunner pid=623297)[0m                                                                             'is '
[36m(TaskRunner pid=623297)[0m                                                                             'feedback '
[36m(TaskRunner pid=623297)[0m                                                                             'from '
[36m(TaskRunner pid=623297)[0m                                                                             'your '
[36m(TaskRunner pid=623297)[0m                                                                             'unsuccessful '
[36m(TaskRunner pid=623297)[0m                                                                             'earlier '
[36m(TaskRunner pid=623297)[0m                                                                             'attempt:\n'
[36m(TaskRunner pid=623297)[0m                                                                             '\n'
[36m(TaskRunner pid=623297)[0m                                                                             '{feedback_raw}',
[36m(TaskRunner pid=623297)[0m                                                        'full_logit_distillation': True,
[36m(TaskRunner pid=623297)[0m                                                        'gamma': 1.0,
[36m(TaskRunner pid=623297)[0m                                                        'include_environment_feedback': False,
[36m(TaskRunner pid=623297)[0m                                                        'is_clip': 2.0,
[36m(TaskRunner pid=623297)[0m                                                        'log_prob_dump_dir': None,
[36m(TaskRunner pid=623297)[0m                                                        'max_reprompt_len': 10240,
[36m(TaskRunner pid=623297)[0m                                                        'null_image_key': 'null_images',
[36m(TaskRunner pid=623297)[0m                                                        'opsa_advantage_max': -0.5,
[36m(TaskRunner pid=623297)[0m                                                        'opsa_advantage_min': -1.0,
[36m(TaskRunner pid=623297)[0m                                                        'opsa_enable': False,
[36m(TaskRunner pid=623297)[0m                                                        'opsa_fixed_advantage': None,
[36m(TaskRunner pid=623297)[0m                                                        'opsa_mode': 'entropy',
[36m(TaskRunner pid=623297)[0m                                                        'opsa_token_fraction': 0.2,
[36m(TaskRunner pid=623297)[0m                                                        'remove_thinking_from_demonstration': True,
[36m(TaskRunner pid=623297)[0m                                                        'reprompt_template': '{prompt}{solution}{feedback}\n'
[36m(TaskRunner pid=623297)[0m                                                                             '\n'
[36m(TaskRunner pid=623297)[0m                                                                             'Correctly '
[36m(TaskRunner pid=623297)[0m                                                                             'solve '
[36m(TaskRunner pid=623297)[0m                                                                             'the '
[36m(TaskRunner pid=623297)[0m                                                                             'original '
[36m(TaskRunner pid=623297)[0m                                                                             'question.',
[36m(TaskRunner pid=623297)[0m                                                        'reprompt_truncation': 'right',
[36m(TaskRunner pid=623297)[0m                                                        'sa_beta_max': 8.0,
[36m(TaskRunner pid=623297)[0m                                                        'sa_binary_iters': 8,
[36m(TaskRunner pid=623297)[0m                                                        'sa_center_u': False,
[36m(TaskRunner pid=623297)[0m                                                        'sa_eps_max': 0.5,
[36m(TaskRunner pid=623297)[0m                                                        'sa_lambda': 1.0,
[36m(TaskRunner pid=623297)[0m                                                        'sa_rho': 0.9,
[36m(TaskRunner pid=623297)[0m                                                        'sa_tau_e': 0.03,
[36m(TaskRunner pid=623297)[0m                                                        'sa_temp_e': 0.015,
[36m(TaskRunner pid=623297)[0m                                                        'sa_u_clip': None,
[36m(TaskRunner pid=623297)[0m                                                        'sa_zero_floor': False,
[36m(TaskRunner pid=623297)[0m                                                        'solution_template': '\n'
[36m(TaskRunner pid=623297)[0m                                                                             'Correct '
[36m(TaskRunner pid=623297)[0m                                                                             'solution:\n'
[36m(TaskRunner pid=623297)[0m                                                                             '\n'
[36m(TaskRunner pid=623297)[0m                                                                             '{successful_previous_attempt}',
[36m(TaskRunner pid=623297)[0m                                                        'state_adaptive': False,
[36m(TaskRunner pid=623297)[0m                                                        'success_reward_threshold': 0.5,
[36m(TaskRunner pid=623297)[0m                                                        'teacher_always_on': True,
[36m(TaskRunner pid=623297)[0m                                                        'teacher_image_key': 'bbox_images',
[36m(TaskRunner pid=623297)[0m                                                        'teacher_model_path': None,
[36m(TaskRunner pid=623297)[0m                                                        'teacher_model_source': 'legacy',
[36m(TaskRunner pid=623297)[0m                                                        'teacher_prompt_mode': None,
[36m(TaskRunner pid=623297)[0m                                                        'teacher_regularization': 'ema',
[36m(TaskRunner pid=623297)[0m                                                        'teacher_update_interval': None,
[36m(TaskRunner pid=623297)[0m                                                        'teacher_update_rate': 0.0},
[36m(TaskRunner pid=623297)[0m                                  'shuffle': False,
[36m(TaskRunner pid=623297)[0m                                  'strategy': 'fsdp',
[36m(TaskRunner pid=623297)[0m                                  'sum_pi_squared_checkpointing': False,
[36m(TaskRunner pid=623297)[0m                                  'tau_neg': 1.05,
[36m(TaskRunner pid=623297)[0m                                  'tau_pos': 1.0,
[36m(TaskRunner pid=623297)[0m                                  'ulysses_sequence_parallel_size': 2,
[36m(TaskRunner pid=623297)[0m                                  'use_dynamic_bsz': False,
[36m(TaskRunner pid=623297)[0m                                  'use_fused_kernels': False,
[36m(TaskRunner pid=623297)[0m                                  'use_kl_loss': False,
[36m(TaskRunner pid=623297)[0m                                  'use_prefix_grouper': False,
[36m(TaskRunner pid=623297)[0m                                  'use_remove_padding': True,
[36m(TaskRunner pid=623297)[0m                                  'use_torch_compile': True},
[36m(TaskRunner pid=623297)[0m                        'hybrid_engine': True,
[36m(TaskRunner pid=623297)[0m                        'model': {'_target_': 'verl.workers.config.HFModelConfig',
[36m(TaskRunner pid=623297)[0m                                  'custom_chat_template': None,
[36m(TaskRunner pid=623297)[0m                                  'custom_chat_template_file': '/sfs/weka/scratch/nkw3mr/Vision-OPD-OPSA/chat_templates/perception_chat_template_qwen35.jinja',
[36m(TaskRunner pid=623297)[0m                                  'enable_activation_offload': True,
[36m(TaskRunner pid=623297)[0m                                  'enable_gradient_checkpointing': True,
[36m(TaskRunner pid=623297)[0m                                  'exclude_modules': None,
[36m(TaskRunner pid=623297)[0m                                  'external_lib': None,
[36m(TaskRunner pid=623297)[0m                                  'fused_kernel_options': {'impl_backend': 'torch'},
[36m(TaskRunner pid=623297)[0m                                  'hf_config_path': None,
[36m(TaskRunner pid=623297)[0m                                  'lora_adapter_path': None,
[36m(TaskRunner pid=623297)[0m                                  'lora_alpha': 16,
[36m(TaskRunner pid=623297)[0m                                  'lora_rank': 0,
[36m(TaskRunner pid=623297)[0m                                  'override_config': {},
[36m(TaskRunner pid=623297)[0m                                  'path': 'Qwen/Qwen3.5-4B',
[36m(TaskRunner pid=623297)[0m                                  'target_modules': 'all-linear',
[36m(TaskRunner pid=623297)[0m                                  'tiled_mlp': {'enabled': False,
[36m(TaskRunner pid=623297)[0m                                                'num_shards': 4},
[36m(TaskRunner pid=623297)[0m                                  'tokenizer_path': None,
[36m(TaskRunner pid=623297)[0m                                  'trust_remote_code': True,
[36m(TaskRunner pid=623297)[0m                                  'use_fused_kernels': False,
[36m(TaskRunner pid=623297)[0m                                  'use_liger': False,
[36m(TaskRunner pid=623297)[0m                                  'use_remove_padding': True,
[36m(TaskRunner pid=623297)[0m                                  'use_shm': False},
[36m(TaskRunner pid=623297)[0m                        'nccl_timeout': 600,
[36m(TaskRunner pid=623297)[0m                        'ref': {'_target_': 'verl.workers.config.FSDPActorConfig',
[36m(TaskRunner pid=623297)[0m                                'entropy_checkpointing': False,
[36m(TaskRunner pid=623297)[0m                                'entropy_from_logits_with_chunking': False,
[36m(TaskRunner pid=623297)[0m                                'fsdp_config': {'_target_': 'verl.workers.config.FSDPEngineConfig',
[36m(TaskRunner pid=623297)[0m                                                'dtype': 'bfloat16',
[36m(TaskRunner pid=623297)[0m                                                'entropy_checkpointing': False,
[36m(TaskRunner pid=623297)[0m                                                'entropy_from_logits_with_chunking': False,
[36m(TaskRunner pid=623297)[0m                                                'forward_only': True,
[36m(TaskRunner pid=623297)[0m                                                'forward_prefetch': False,
[36m(TaskRunner pid=623297)[0m                                                'fsdp_size': -1,
[36m(TaskRunner pid=623297)[0m                                                'full_determinism': False,
[36m(TaskRunner pid=623297)[0m                                                'model_dtype': 'fp32',
[36m(TaskRunner pid=623297)[0m                                                'offload_policy': False,
[36m(TaskRunner pid=623297)[0m                                                'optimizer_offload': False,
[36m(TaskRunner pid=623297)[0m                                                'param_offload': True,
[36m(TaskRunner pid=623297)[0m                                                'reshard_after_forward': True,
[36m(TaskRunner pid=623297)[0m                                                'seed': 42,
[36m(TaskRunner pid=623297)[0m                                                'strategy': 'fsdp',
[36m(TaskRunner pid=623297)[0m                                                'ulysses_sequence_parallel_size': 1,
[36m(TaskRunner pid=623297)[0m                                                'use_orig_params': False,
[36m(TaskRunner pid=623297)[0m                                                'use_torch_compile': True,
[36m(TaskRunner pid=623297)[0m                                                'wrap_policy': {'min_num_params': 0}},
[36m(TaskRunner pid=623297)[0m                                'log_prob_max_token_len_per_gpu': 9216,
[36m(TaskRunner pid=623297)[0m                                'log_prob_micro_batch_size': None,
[36m(TaskRunner pid=623297)[0m                                'log_prob_micro_batch_size_per_gpu': 1,
[36m(TaskRunner pid=623297)[0m                                'log_prob_use_dynamic_bsz': False,
[36m(TaskRunner pid=623297)[0m                                'profiler': {'_target_': 'verl.utils.profiler.ProfilerConfig',
[36m(TaskRunner pid=623297)[0m                                             'all_ranks': False,
[36m(TaskRunner pid=623297)[0m                                             'enable': False,
[36m(TaskRunner pid=623297)[0m                                             'ranks': [],
[36m(TaskRunner pid=623297)[0m                                             'save_path': 'outputs/profile',
[36m(TaskRunner pid=623297)[0m                                             'tool': None,
[36m(TaskRunner pid=623297)[0m                                             'tool_config': {'npu': {'_target_': 'verl.utils.profiler.config.NPUToolConfig',
[36m(TaskRunner pid=623297)[0m                                                                     'analysis': True,
[36m(TaskRunner pid=623297)[0m                                                                     'contents': [],
[36m(TaskRunner pid=623297)[0m                                                                     'discrete': False,
[36m(TaskRunner pid=623297)[0m                                                                     'level': 'level0'},
[36m(TaskRunner pid=623297)[0m                                                             'nsys': {'_target_': 'verl.utils.profiler.config.NsightToolConfig',
[36m(TaskRunner pid=623297)[0m                                                                      'discrete': False},
[36m(TaskRunner pid=623297)[0m                                                             'torch': {'_target_': 'verl.utils.profiler.config.TorchProfilerToolConfig',
[36m(TaskRunner pid=623297)[0m                                                                       'step_end': None,
[36m(TaskRunner pid=623297)[0m                                                                       'step_start': 0},
[36m(TaskRunner pid=623297)[0m                                                             'torch_memory': {'_target_': 'verl.utils.profiler.config.TorchMemoryToolConfig',
[36m(TaskRunner pid=623297)[0m                                                                              'stack_depth': 32,
[36m(TaskRunner pid=623297)[0m                                                                              'trace_alloc_max_entries': 100000}}},
[36m(TaskRunner pid=623297)[0m                                'rollout_n': 2,
[36m(TaskRunner pid=623297)[0m                                'router_replay': {'_target_': 'verl.workers.config.RouterReplayConfig',
[36m(TaskRunner pid=623297)[0m                                                  'mode': 'disabled',
[36m(TaskRunner pid=623297)[0m                                                  'record_file': None,
[36m(TaskRunner pid=623297)[0m                                                  'replay_file': None},
[36m(TaskRunner pid=623297)[0m                                'strategy': 'fsdp',
[36m(TaskRunner pid=623297)[0m                                'ulysses_sequence_parallel_size': 2,
[36m(TaskRunner pid=623297)[0m                                'use_torch_compile': True},
[36m(TaskRunner pid=623297)[0m                        'rollout': {'_target_': 'verl.workers.config.RolloutConfig',
[36m(TaskRunner pid=623297)[0m                                    'agent': {'_target_': 'verl.workers.config.AgentLoopConfig',
[36m(TaskRunner pid=623297)[0m                                              'agent_loop_config_path': None,
[36m(TaskRunner pid=623297)[0m                                              'custom_async_server': {'_target_': 'verl.workers.config.CustomAsyncServerConfig',
[36m(TaskRunner pid=623297)[0m                                                                      'name': None,
[36m(TaskRunner pid=623297)[0m                                                                      'path': None},
[36m(TaskRunner pid=623297)[0m                                              'default_agent_loop': 'single_turn_agent',
[36m(TaskRunner pid=623297)[0m                                              'num_workers': 8},
[36m(TaskRunner pid=623297)[0m                                    'calculate_log_probs': True,
[36m(TaskRunner pid=623297)[0m                                    'cudagraph_capture_sizes': None,
[36m(TaskRunner pid=623297)[0m                                    'data_parallel_size': 1,
[36m(TaskRunner pid=623297)[0m                                    'disable_log_stats': True,
[36m(TaskRunner pid=623297)[0m                                    'do_sample': True,
[36m(TaskRunner pid=623297)[0m                                    'dtype': 'bfloat16',
[36m(TaskRunner pid=623297)[0m                                    'enable_chunked_prefill': True,
[36m(TaskRunner pid=623297)[0m                                    'enable_prefix_caching': True,
[36m(TaskRunner pid=623297)[0m                                    'enable_rollout_routing_replay': False,
[36m(TaskRunner pid=623297)[0m                                    'enforce_eager': False,
[36m(TaskRunner pid=623297)[0m                                    'engine_kwargs': {'sglang': {},
[36m(TaskRunner pid=623297)[0m                                                      'vllm': {'compilation_config': {'pass_config': {'fuse_allreduce_rms': False}},
[36m(TaskRunner pid=623297)[0m                                                               'kernel_config': {'enable_flashinfer_autotune': False}}},
[36m(TaskRunner pid=623297)[0m                                    'expert_parallel_size': 1,
[36m(TaskRunner pid=623297)[0m                                    'free_cache_engine': True,
[36m(TaskRunner pid=623297)[0m                                    'gpu_memory_utilization': 0.45,
[36m(TaskRunner pid=623297)[0m                                    'ignore_eos': False,
[36m(TaskRunner pid=623297)[0m                                    'layered_summon': False,
[36m(TaskRunner pid=623297)[0m                                    'load_format': 'dummy',
[36m(TaskRunner pid=623297)[0m                                    'log_prob_max_token_len_per_gpu': 9216,
[36m(TaskRunner pid=623297)[0m                                    'log_prob_micro_batch_size': None,
[36m(TaskRunner pid=623297)[0m                                    'log_prob_micro_batch_size_per_gpu': 1,
[36m(TaskRunner pid=623297)[0m                                    'log_prob_use_dynamic_bsz': False,
[36m(TaskRunner pid=623297)[0m                                    'logprobs_mode': 'processed_logprobs',
[36m(TaskRunner pid=623297)[0m                                    'max_model_len': 9216,
[36m(TaskRunner pid=623297)[0m                                    'max_num_batched_tokens': 9216,
[36m(TaskRunner pid=623297)[0m                                    'max_num_seqs': 1024,
[36m(TaskRunner pid=623297)[0m                                    'mode': 'async',
[36m(TaskRunner pid=623297)[0m                                    'multi_stage_wake_up': False,
[36m(TaskRunner pid=623297)[0m                                    'multi_turn': {'_target_': 'verl.workers.config.MultiTurnConfig',
[36m(TaskRunner pid=623297)[0m                                                   'enable': False,
[36m(TaskRunner pid=623297)[0m                                                   'format': 'hermes',
[36m(TaskRunner pid=623297)[0m                                                   'interaction_config_path': None,
[36m(TaskRunner pid=623297)[0m                                                   'max_assistant_turns': None,
[36m(TaskRunner pid=623297)[0m                                                   'max_parallel_calls': 1,
[36m(TaskRunner pid=623297)[0m                                                   'max_tool_response_length': 256,
[36m(TaskRunner pid=623297)[0m                                                   'max_user_turns': None,
[36m(TaskRunner pid=623297)[0m                                                   'num_repeat_rollouts': None,
[36m(TaskRunner pid=623297)[0m                                                   'tokenization_sanity_check_mode': 'strict',
[36m(TaskRunner pid=623297)[0m                                                   'tool_config_path': None,
[36m(TaskRunner pid=623297)[0m                                                   'tool_response_truncate_side': 'middle',
[36m(TaskRunner pid=623297)[0m                                                   'use_inference_chat_template': False},
[36m(TaskRunner pid=623297)[0m                                    'n': 2,
[36m(TaskRunner pid=623297)[0m                                    'name': 'vllm',
[36m(TaskRunner pid=623297)[0m                                    'over_sample_rate': 0,
[36m(TaskRunner pid=623297)[0m                                    'pipeline_model_parallel_size': 1,
[36m(TaskRunner pid=623297)[0m                                    'profiler': {'_target_': 'verl.utils.profiler.ProfilerConfig',
[36m(TaskRunner pid=623297)[0m                                                 'all_ranks': False,
[36m(TaskRunner pid=623297)[0m                                                 'enable': False,
[36m(TaskRunner pid=623297)[0m                                                 'ranks': [],
[36m(TaskRunner pid=623297)[0m                                                 'save_path': 'outputs/profile',
[36m(TaskRunner pid=623297)[0m                                                 'tool': None,
[36m(TaskRunner pid=623297)[0m                                                 'tool_config': {'npu': {'_target_': 'verl.utils.profiler.config.NPUToolConfig',
[36m(TaskRunner pid=623297)[0m                                                                         'analysis': True,
[36m(TaskRunner pid=623297)[0m                                                                         'contents': [],
[36m(TaskRunner pid=623297)[0m                                                                         'discrete': False,
[36m(TaskRunner pid=623297)[0m                                                                         'level': 'level0'},
[36m(TaskRunner pid=623297)[0m                                                                 'nsys': {'_target_': 'verl.utils.profiler.config.NsightToolConfig',
[36m(TaskRunner pid=623297)[0m                                                                          'discrete': False},
[36m(TaskRunner pid=623297)[0m                                                                 'torch': {'_target_': 'verl.utils.profiler.config.TorchProfilerToolConfig',
[36m(TaskRunner pid=623297)[0m                                                                           'step_end': None,
[36m(TaskRunner pid=623297)[0m                                                                           'step_start': 0},
[36m(TaskRunner pid=623297)[0m                                                                 'torch_memory': {'_target_': 'verl.utils.profiler.config.TorchMemoryToolConfig',
[36m(TaskRunner pid=623297)[0m                                                                                  'stack_depth': 32,
[36m(TaskRunner pid=623297)[0m                                                                                  'trace_alloc_max_entries': 100000}}},
[36m(TaskRunner pid=623297)[0m                                    'prometheus': {'_target_': 'verl.workers.config.PrometheusConfig',
[36m(TaskRunner pid=623297)[0m                                                   'enable': False,
[36m(TaskRunner pid=623297)[0m                                                   'file': '/tmp/ray/session_latest/metrics/prometheus/prometheus.yml',
[36m(TaskRunner pid=623297)[0m                                                   'port': 9090,
[36m(TaskRunner pid=623297)[0m                                                   'served_model_name': 'Qwen/Qwen3.5-4B'},
[36m(TaskRunner pid=623297)[0m                                    'prompt_length': 8192,
[36m(TaskRunner pid=623297)[0m                                    'quantization': None,
[36m(TaskRunner pid=623297)[0m                                    'quantization_config_file': None,
[36m(TaskRunner pid=623297)[0m                                    'response_length': 1024,
[36m(TaskRunner pid=623297)[0m                                    'scheduling_policy': 'fcfs',
[36m(TaskRunner pid=623297)[0m                                    'skip_dump_dir': '/tmp/rollout_dump',
[36m(TaskRunner pid=623297)[0m                                    'skip_rollout': False,
[36m(TaskRunner pid=623297)[0m                                    'skip_tokenizer_init': True,
[36m(TaskRunner pid=623297)[0m                                    'temperature': 1.0,
[36m(TaskRunner pid=623297)[0m                                    'tensor_model_parallel_size': 1,
[36m(TaskRunner pid=623297)[0m                                    'top_k': -1,
[36m(TaskRunner pid=623297)[0m                                    'top_p': 1,
[36m(TaskRunner pid=623297)[0m                                    'trace': {'_target_': 'verl.workers.config.TraceConfig',
[36m(TaskRunner pid=623297)[0m                                              'backend': None,
[36m(TaskRunner pid=623297)[0m                                              'max_samples_per_step_per_worker': None,
[36m(TaskRunner pid=623297)[0m                                              'token2text': False},
[36m(TaskRunner pid=623297)[0m                                    'update_weights_bucket_megabytes': 512,
[36m(TaskRunner pid=623297)[0m                                    'val_kwargs': {'_target_': 'verl.workers.config.SamplingConfig',
[36m(TaskRunner pid=623297)[0m                                                   'do_sample': False,
[36m(TaskRunner pid=623297)[0m                                                   'n': 1,
[36m(TaskRunner pid=623297)[0m                                                   'temperature': 0,
[36m(TaskRunner pid=623297)[0m                                                   'top_k': -1,
[36m(TaskRunner pid=623297)[0m                                                   'top_p': 1.0}}},
[36m(TaskRunner pid=623297)[0m  'algorithm': {'_target_': 'verl.trainer.config.AlgoConfig',
[36m(TaskRunner pid=623297)[0m                'adv_estimator': 'grpo',
[36m(TaskRunner pid=623297)[0m                'gamma': 1.0,
[36m(TaskRunner pid=623297)[0m                'kl_ctrl': {'_target_': 'verl.trainer.config.KLControlConfig',
[36m(TaskRunner pid=623297)[0m                            'horizon': 10000,
[36m(TaskRunner pid=623297)[0m                            'kl_coef': 0.001,
[36m(TaskRunner pid=623297)[0m                            'target_kl': 0.1,
[36m(TaskRunner pid=623297)[0m                            'type': 'fixed'},
[36m(TaskRunner pid=623297)[0m                'kl_penalty': 'kl',
[36m(TaskRunner pid=623297)[0m                'lam': 1.0,
[36m(TaskRunner pid=623297)[0m                'norm_adv_by_std_in_grpo': False,
[36m(TaskRunner pid=623297)[0m                'pf_ppo': {'reweight_method': 'pow', 'weight_pow': 2.0},
[36m(TaskRunner pid=623297)[0m                'rollout_correction': {'bypass_mode': False,
[36m(TaskRunner pid=623297)[0m                                       'loss_type': 'ppo_clip',
[36m(TaskRunner pid=623297)[0m                                       'rollout_is': 'token',
[36m(TaskRunner pid=623297)[0m                                       'rollout_is_batch_normalize': False,
[36m(TaskRunner pid=623297)[0m                                       'rollout_is_threshold': 2.0,
[36m(TaskRunner pid=623297)[0m                                       'rollout_rs': None,
[36m(TaskRunner pid=623297)[0m                                       'rollout_rs_threshold': None},
[36m(TaskRunner pid=623297)[0m                'use_kl_in_reward': False,
[36m(TaskRunner pid=623297)[0m                'use_pf_ppo': False},
[36m(TaskRunner pid=623297)[0m  'critic': {'_target_': 'verl.workers.config.FSDPCriticConfig',
[36m(TaskRunner pid=623297)[0m             'checkpoint': {'_target_': 'verl.trainer.config.CheckpointConfig',
[36m(TaskRunner pid=623297)[0m                            'async_save': False,
[36m(TaskRunner pid=623297)[0m                            'load_contents': ['model', 'optimizer', 'extra'],
[36m(TaskRunner pid=623297)[0m                            'save_contents': ['model', 'optimizer', 'extra']},
[36m(TaskRunner pid=623297)[0m             'cliprange_value': 0.5,
[36m(TaskRunner pid=623297)[0m             'data_loader_seed': 42,
[36m(TaskRunner pid=623297)[0m             'enable': None,
[36m(TaskRunner pid=623297)[0m             'forward_max_token_len_per_gpu': 32768,
[36m(TaskRunner pid=623297)[0m             'forward_micro_batch_size': None,
[36m(TaskRunner pid=623297)[0m             'forward_micro_batch_size_per_gpu': None,
[36m(TaskRunner pid=623297)[0m             'grad_clip': 1.0,
[36m(TaskRunner pid=623297)[0m             'loss_agg_mode': 'token-mean',
[36m(TaskRunner pid=623297)[0m             'model': {'_target_': 'verl.workers.config.FSDPCriticModelCfg',
[36m(TaskRunner pid=623297)[0m                       'enable_activation_offload': False,
[36m(TaskRunner pid=623297)[0m                       'enable_gradient_checkpointing': True,
[36m(TaskRunner pid=623297)[0m                       'external_lib': None,
[36m(TaskRunner pid=623297)[0m                       'fsdp_config': {'_target_': 'verl.workers.config.FSDPEngineConfig',
[36m(TaskRunner pid=623297)[0m                                       'dtype': 'bfloat16',
[36m(TaskRunner pid=623297)[0m                                       'entropy_checkpointing': False,
[36m(TaskRunner pid=623297)[0m                                       'entropy_from_logits_with_chunking': False,
[36m(TaskRunner pid=623297)[0m                                       'forward_only': False,
[36m(TaskRunner pid=623297)[0m                                       'forward_prefetch': False,
[36m(TaskRunner pid=623297)[0m                                       'fsdp_size': -1,
[36m(TaskRunner pid=623297)[0m                                       'full_determinism': False,
[36m(TaskRunner pid=623297)[0m                                       'model_dtype': 'fp32',
[36m(TaskRunner pid=623297)[0m                                       'offload_policy': False,
[36m(TaskRunner pid=623297)[0m                                       'optimizer_offload': False,
[36m(TaskRunner pid=623297)[0m                                       'param_offload': False,
[36m(TaskRunner pid=623297)[0m                                       'reshard_after_forward': True,
[36m(TaskRunner pid=623297)[0m                                       'seed': 42,
[36m(TaskRunner pid=623297)[0m                                       'strategy': 'fsdp',
[36m(TaskRunner pid=623297)[0m                                       'ulysses_sequence_parallel_size': 1,
[36m(TaskRunner pid=623297)[0m                                       'use_orig_params': False,
[36m(TaskRunner pid=623297)[0m                                       'use_torch_compile': True,
[36m(TaskRunner pid=623297)[0m                                       'wrap_policy': {'min_num_params': 0}},
[36m(TaskRunner pid=623297)[0m                       'lora_alpha': 16,
[36m(TaskRunner pid=623297)[0m                       'lora_rank': 0,
[36m(TaskRunner pid=623297)[0m                       'override_config': {},
[36m(TaskRunner pid=623297)[0m                       'path': 'Qwen/Qwen3.5-4B',
[36m(TaskRunner pid=623297)[0m                       'target_modules': 'all-linear',
[36m(TaskRunner pid=623297)[0m                       'tiled_mlp': {'enabled': False, 'num_shards': 4},
[36m(TaskRunner pid=623297)[0m                       'tokenizer_path': 'Qwen/Qwen3.5-4B',
[36m(TaskRunner pid=623297)[0m                       'trust_remote_code': True,
[36m(TaskRunner pid=623297)[0m                       'use_remove_padding': False,
[36m(TaskRunner pid=623297)[0m                       'use_shm': False},
[36m(TaskRunner pid=623297)[0m             'optim': {'_target_': 'verl.workers.config.FSDPOptimizerConfig',
[36m(TaskRunner pid=623297)[0m                       'betas': [0.9, 0.999],
[36m(TaskRunner pid=623297)[0m                       'clip_grad': 1.0,
[36m(TaskRunner pid=623297)[0m                       'lr': 1e-05,
[36m(TaskRunner pid=623297)[0m                       'lr_scheduler_type': 'constant',
[36m(TaskRunner pid=623297)[0m                       'lr_warmup_steps': -1,
[36m(TaskRunner pid=623297)[0m                       'lr_warmup_steps_ratio': 0.0,
[36m(TaskRunner pid=623297)[0m                       'min_lr_ratio': 0.0,
[36m(TaskRunner pid=623297)[0m                       'num_cycles': 0.5,
[36m(TaskRunner pid=623297)[0m                       'optimizer': 'AdamW',
[36m(TaskRunner pid=623297)[0m                       'optimizer_impl': 'torch.optim',
[36m(TaskRunner pid=623297)[0m                       'override_optimizer_config': None,
[36m(TaskRunner pid=623297)[0m                       'total_training_steps': -1,
[36m(TaskRunner pid=623297)[0m                       'warmup_style': None,
[36m(TaskRunner pid=623297)[0m                       'weight_decay': 0.01},
[36m(TaskRunner pid=623297)[0m             'ppo_epochs': 1,
[36m(TaskRunner pid=623297)[0m             'ppo_max_token_len_per_gpu': 32768,
[36m(TaskRunner pid=623297)[0m             'ppo_micro_batch_size': None,
[36m(TaskRunner pid=623297)[0m             'ppo_micro_batch_size_per_gpu': None,
[36m(TaskRunner pid=623297)[0m             'ppo_mini_batch_size': 48,
[36m(TaskRunner pid=623297)[0m             'profiler': {'_target_': 'verl.utils.profiler.ProfilerConfig',
[36m(TaskRunner pid=623297)[0m                          'all_ranks': False,
[36m(TaskRunner pid=623297)[0m                          'enable': False,
[36m(TaskRunner pid=623297)[0m                          'ranks': [],
[36m(TaskRunner pid=623297)[0m                          'save_path': 'outputs/profile',
[36m(TaskRunner pid=623297)[0m                          'tool': None,
[36m(TaskRunner pid=623297)[0m                          'tool_config': {'npu': {'_target_': 'verl.utils.profiler.config.NPUToolConfig',
[36m(TaskRunner pid=623297)[0m                                                  'analysis': True,
[36m(TaskRunner pid=623297)[0m                                                  'contents': [],
[36m(TaskRunner pid=623297)[0m                                                  'discrete': False,
[36m(TaskRunner pid=623297)[0m                                                  'level': 'level0'},
[36m(TaskRunner pid=623297)[0m                                          'nsys': {'_target_': 'verl.utils.profiler.config.NsightToolConfig',
[36m(TaskRunner pid=623297)[0m                                                   'discrete': False},
[36m(TaskRunner pid=623297)[0m                                          'torch': {'_target_': 'verl.utils.profiler.config.TorchProfilerToolConfig',
[36m(TaskRunner pid=623297)[0m                                                    'step_end': None,
[36m(TaskRunner pid=623297)[0m                                                    'step_start': 0},
[36m(TaskRunner pid=623297)[0m                                          'torch_memory': {'_target_': 'verl.utils.profiler.config.TorchMemoryToolConfig',
[36m(TaskRunner pid=623297)[0m                                                           'stack_depth': 32,
[36m(TaskRunner pid=623297)[0m                                                           'trace_alloc_max_entries': 100000}}},
[36m(TaskRunner pid=623297)[0m             'rollout_n': 2,
[36m(TaskRunner pid=623297)[0m             'shuffle': False,
[36m(TaskRunner pid=623297)[0m             'strategy': 'fsdp',
[36m(TaskRunner pid=623297)[0m             'ulysses_sequence_parallel_size': 1,
[36m(TaskRunner pid=623297)[0m             'use_dynamic_bsz': False},
[36m(TaskRunner pid=623297)[0m  'custom_reward_function': {'name': 'compute_score', 'path': None},
[36m(TaskRunner pid=623297)[0m  'data': {'apply_chat_template_kwargs': {},
[36m(TaskRunner pid=623297)[0m           'custom_cls': {'name': None, 'path': None},
[36m(TaskRunner pid=623297)[0m           'datagen': {'name': None, 'path': None},
[36m(TaskRunner pid=623297)[0m           'dataloader_num_workers': 8,
[36m(TaskRunner pid=623297)[0m           'filter_overlong_prompts': False,
[36m(TaskRunner pid=623297)[0m           'filter_overlong_prompts_workers': 1,
[36m(TaskRunner pid=623297)[0m           'image_key': 'images',
[36m(TaskRunner pid=623297)[0m           'image_patch_size': 14,
[36m(TaskRunner pid=623297)[0m           'max_prompt_length': 8192,
[36m(TaskRunner pid=623297)[0m           'max_response_length': 1024,
[36m(TaskRunner pid=623297)[0m           'prompt_key': 'prompt',
[36m(TaskRunner pid=623297)[0m           'return_full_prompt': False,
[36m(TaskRunner pid=623297)[0m           'return_multi_modal_inputs': True,
[36m(TaskRunner pid=623297)[0m           'return_raw_chat': True,
[36m(TaskRunner pid=623297)[0m           'return_raw_input_ids': False,
[36m(TaskRunner pid=623297)[0m           'reward_fn_key': 'data_source',
[36m(TaskRunner pid=623297)[0m           'sampler': {'class_name': None, 'class_path': None},
[36m(TaskRunner pid=623297)[0m           'seed': None,
[36m(TaskRunner pid=623297)[0m           'shuffle': True,
[36m(TaskRunner pid=623297)[0m           'tokenizer': None,
[36m(TaskRunner pid=623297)[0m           'tool_config_path': None,
[36m(TaskRunner pid=623297)[0m           'train_batch_size': 48,
[36m(TaskRunner pid=623297)[0m           'train_files': ['/sfs/weka/scratch/nkw3mr/Vision-OPD-OPSA/data/TreeVGR-RL-37K/train_6karmA_pair.parquet'],
[36m(TaskRunner pid=623297)[0m           'train_max_samples': -1,
[36m(TaskRunner pid=623297)[0m           'truncation': 'error',
[36m(TaskRunner pid=623297)[0m           'trust_remote_code': True,
[36m(TaskRunner pid=623297)[0m           'use_shm': False,
[36m(TaskRunner pid=623297)[0m           'val_batch_size': None,
[36m(TaskRunner pid=623297)[0m           'val_files': [],
[36m(TaskRunner pid=623297)[0m           'val_max_samples': -1,
[36m(TaskRunner pid=623297)[0m           'validation_shuffle': False,
[36m(TaskRunner pid=623297)[0m           'video_key': 'videos'},
[36m(TaskRunner pid=623297)[0m  'global_profiler': {'_target_': 'verl.utils.profiler.ProfilerConfig',
[36m(TaskRunner pid=623297)[0m                      'global_tool_config': {'nsys': {'_target_': 'verl.utils.profiler.config.NsightToolConfig',
[36m(TaskRunner pid=623297)[0m                                                      'controller_nsight_options': {'cuda-graph-trace': 'graph',
[36m(TaskRunner pid=623297)[0m                                                                                    'cuda-memory-usage': 'true',
[36m(TaskRunner pid=623297)[0m                                                                                    'trace': 'cuda,nvtx,cublas,ucx'},
[36m(TaskRunner pid=623297)[0m                                                      'discrete': False,
[36m(TaskRunner pid=623297)[0m                                                      'worker_nsight_options': {'capture-range': 'cudaProfilerApi',
[36m(TaskRunner pid=623297)[0m                                                                                'capture-range-end': None,
[36m(TaskRunner pid=623297)[0m                                                                                'cuda-graph-trace': 'graph',
[36m(TaskRunner pid=623297)[0m                                                                                'cuda-memory-usage': 'true',
[36m(TaskRunner pid=623297)[0m                                                                                'kill': 'none',
[36m(TaskRunner pid=623297)[0m                                                                                'trace': 'cuda,nvtx,cublas,ucx'}},
[36m(TaskRunner pid=623297)[0m                                             'torch_memory': {'context': 'all',
[36m(TaskRunner pid=623297)[0m                                                              'kw_args': {},
[36m(TaskRunner pid=623297)[0m                                                              'stack_depth': 32,
[36m(TaskRunner pid=623297)[0m                                                              'stacks': 'all',
[36m(TaskRunner pid=623297)[0m                                                              'trace_alloc_max_entries': 100000}},
[36m(TaskRunner pid=623297)[0m                      'profile_continuous_steps': False,
[36m(TaskRunner pid=623297)[0m                      'save_path': 'outputs/profile',
[36m(TaskRunner pid=623297)[0m                      'steps': None,
[36m(TaskRunner pid=623297)[0m                      'tool': None},
[36m(TaskRunner pid=623297)[0m  'max_model_len': 18944,
[36m(TaskRunner pid=623297)[0m  'ray_kwargs': {'ray_init': {'num_cpus': None}, 'timeline_json_file': None},
[36m(TaskRunner pid=623297)[0m  'reward_manager': {'_target_': 'verl.trainer.config.config.RewardManagerConfig',
[36m(TaskRunner pid=623297)[0m                     'module': {'_target_': 'verl.trainer.config.config.ModuleConfig',
[36m(TaskRunner pid=623297)[0m                                'name': 'custom_reward_manager',
[36m(TaskRunner pid=623297)[0m                                'path': None},
[36m(TaskRunner pid=623297)[0m                     'name': 'naive',
[36m(TaskRunner pid=623297)[0m                     'source': 'register'},
[36m(TaskRunner pid=623297)[0m  'reward_model': {'enable': False,
[36m(TaskRunner pid=623297)[0m                   'enable_resource_pool': False,
[36m(TaskRunner pid=623297)[0m                   'forward_max_token_len_per_gpu': 32768,
[36m(TaskRunner pid=623297)[0m                   'launch_reward_fn_async': False,
[36m(TaskRunner pid=623297)[0m                   'max_length': None,
[36m(TaskRunner pid=623297)[0m                   'micro_batch_size': None,
[36m(TaskRunner pid=623297)[0m                   'micro_batch_size_per_gpu': None,
[36m(TaskRunner pid=623297)[0m                   'model': {'external_lib': None,
[36m(TaskRunner pid=623297)[0m                             'fsdp_config': {'_target_': 'verl.workers.config.FSDPEngineConfig',
[36m(TaskRunner pid=623297)[0m                                             'forward_prefetch': False,
[36m(TaskRunner pid=623297)[0m                                             'fsdp_size': -1,
[36m(TaskRunner pid=623297)[0m                                             'param_offload': False,
[36m(TaskRunner pid=623297)[0m                                             'reshard_after_forward': True,
[36m(TaskRunner pid=623297)[0m                                             'wrap_policy': {'min_num_params': 0}},
[36m(TaskRunner pid=623297)[0m                             'input_tokenizer': 'Qwen/Qwen3.5-4B',
[36m(TaskRunner pid=623297)[0m                             'override_config': {},
[36m(TaskRunner pid=623297)[0m                             'path': '~/models/FsfairX-LLaMA3-RM-v0.1',
[36m(TaskRunner pid=623297)[0m                             'trust_remote_code': False,
[36m(TaskRunner pid=623297)[0m                             'use_fused_kernels': False,
[36m(TaskRunner pid=623297)[0m                             'use_remove_padding': False,
[36m(TaskRunner pid=623297)[0m                             'use_shm': False},
[36m(TaskRunner pid=623297)[0m                   'n_gpus_per_node': 8,
[36m(TaskRunner pid=623297)[0m                   'nnodes': 0,
[36m(TaskRunner pid=623297)[0m                   'num_workers': 1,
[36m(TaskRunner pid=623297)[0m                   'profiler': {'_target_': 'verl.utils.profiler.ProfilerConfig',
[36m(TaskRunner pid=623297)[0m                                'all_ranks': False,
[36m(TaskRunner pid=623297)[0m                                'enable': False,
[36m(TaskRunner pid=623297)[0m                                'ranks': [],
[36m(TaskRunner pid=623297)[0m                                'save_path': 'outputs/profile',
[36m(TaskRunner pid=623297)[0m                                'tool': None,
[36m(TaskRunner pid=623297)[0m                                'tool_config': {'npu': {'_target_': 'verl.utils.profiler.config.NPUToolConfig',
[36m(TaskRunner pid=623297)[0m                                                        'analysis': True,
[36m(TaskRunner pid=623297)[0m                                                        'contents': [],
[36m(TaskRunner pid=623297)[0m                                                        'discrete': False,
[36m(TaskRunner pid=623297)[0m                                                        'level': 'level0'},
[36m(TaskRunner pid=623297)[0m                                                'nsys': {'_target_': 'verl.utils.profiler.config.NsightToolConfig',
[36m(TaskRunner pid=623297)[0m                                                         'discrete': False},
[36m(TaskRunner pid=623297)[0m                                                'torch': {'_target_': 'verl.utils.profiler.config.TorchProfilerToolConfig',
[36m(TaskRunner pid=623297)[0m                                                          'step_end': None,
[36m(TaskRunner pid=623297)[0m                                                          'step_start': 0},
[36m(TaskRunner pid=623297)[0m                                                'torch_memory': {'_target_': 'verl.utils.profiler.config.TorchMemoryToolConfig',
[36m(TaskRunner pid=623297)[0m                                                                 'stack_depth': 32,
[36m(TaskRunner pid=623297)[0m                                                                 'trace_alloc_max_entries': 100000}}},
[36m(TaskRunner pid=623297)[0m                   'reward_loop_class_name': None,
[36m(TaskRunner pid=623297)[0m                   'reward_loop_module_path': None,
[36m(TaskRunner pid=623297)[0m                   'reward_loop_source': 'register',
[36m(TaskRunner pid=623297)[0m                   'reward_manager': 'naive',
[36m(TaskRunner pid=623297)[0m                   'rollout': {'_target_': 'verl.workers.config.RolloutConfig',
[36m(TaskRunner pid=623297)[0m                               'cudagraph_capture_sizes': None,
[36m(TaskRunner pid=623297)[0m                               'data_parallel_size': 1,
[36m(TaskRunner pid=623297)[0m                               'disable_log_stats': True,
[36m(TaskRunner pid=623297)[0m                               'dtype': 'bfloat16',
[36m(TaskRunner pid=623297)[0m                               'enable_chunked_prefill': True,
[36m(TaskRunner pid=623297)[0m                               'enable_prefix_caching': True,
[36m(TaskRunner pid=623297)[0m                               'enforce_eager': True,
[36m(TaskRunner pid=623297)[0m                               'engine_kwargs': {},
[36m(TaskRunner pid=623297)[0m                               'expert_parallel_size': 1,
[36m(TaskRunner pid=623297)[0m                               'free_cache_engine': True,
[36m(TaskRunner pid=623297)[0m                               'gpu_memory_utilization': 0.5,
[36m(TaskRunner pid=623297)[0m                               'limit_images': None,
[36m(TaskRunner pid=623297)[0m                               'load_format': 'auto',
[36m(TaskRunner pid=623297)[0m                               'max_model_len': None,
[36m(TaskRunner pid=623297)[0m                               'max_num_batched_tokens': 8192,
[36m(TaskRunner pid=623297)[0m                               'max_num_seqs': 1024,
[36m(TaskRunner pid=623297)[0m                               'name': '???',
[36m(TaskRunner pid=623297)[0m                               'prompt_length': 2048,
[36m(TaskRunner pid=623297)[0m                               'response_length': 2048,
[36m(TaskRunner pid=623297)[0m                               'skip_tokenizer_init': False,
[36m(TaskRunner pid=623297)[0m /sfs/weka/scratch/nkw3mr/Vision-OPD-OPSA/verl/trainer/main_ppo.py:320: UserWarning: Disabled critic as algorithm.adv_estimator != gae. If it is not intended, please set critic.enable=True
[36m(TaskRunner pid=623297)[0m   use_critic=need_critic(config),
[36m(TaskRunner pid=623297)[0m /sfs/weka/scratch/nkw3mr/Vision-OPD-OPSA/verl/utils/profiler/config.py:52: UserWarning: Torch profiler tool config is not fully supported now.
[36m(TaskRunner pid=623297)[0m   warnings.warn("Torch profiler tool config is not fully supported now.", stacklevel=1)
[36m(TaskRunner pid=623297)[0m Warning: You are sending unauthenticated requests to the HF Hub. Please set a HF_TOKEN to enable higher rate limits and faster downloads.
[36m(TaskRunner pid=623297)[0m WARNING:2026-09-10 09:36:38,485:Warning: You are sending unauthenticated requests to the HF Hub. Please set a HF_TOKEN to enable higher rate limits and faster downloads.
[36m(TaskRunner pid=623297)[0m The `use_fast` parameter is deprecated and will be removed in a future version. Use `backend="torchvision"` instead of `use_fast=True`, or `backend="pil"` instead of `use_fast=False`.
[36m(TaskRunner pid=623297)[0m /sfs/weka/scratch/nkw3mr/Vision-OPD-OPSA/verl/trainer/ppo/ray_trainer.py:389: UserWarning: Disabled critic as algorithm.adv_estimator != gae. If it is not intended, please set critic.enable=True
[36m(TaskRunner pid=623297)[0m   self.use_critic = need_critic(self.config)
[36m(WorkerDict pid=623996)[0m [W910 09:36:49.444716167 socket.cpp:764] [c10d] The client socket cannot be initialized to connect to [udc-aw37-6-s.hpc.virginia.edu]:47279 (errno: 97 - Address family not supported by protocol).
[36m(WorkerDict pid=623996)[0m Warning: You are sending unauthenticated requests to the HF Hub. Please set a HF_TOKEN to enable higher rate limits and faster downloads.
[36m(WorkerDict pid=623996)[0m WARNING:2026-09-10 09:36:49,326:Warning: You are sending unauthenticated requests to the HF Hub. Please set a HF_TOKEN to enable higher rate limits and faster downloads.
[36m(TaskRunner pid=623297)[0m                               'tensor_model_parallel_size': 2},
[36m(TaskRunner pid=623297)[0m                   'sandbox_fusion': {'max_concurrent': 64,
[36m(TaskRunner pid=623297)[0m                                      'memory_limit_mb': 1024,
[36m(TaskRunner pid=623297)[0m                                      'url': None},
[36m(TaskRunner pid=623297)[0m                   'strategy': 'fsdp',
[36m(TaskRunner pid=623297)[0m                   'ulysses_sequence_parallel_size': 1,
[36m(TaskRunner pid=623297)[0m                   'use_dynamic_bsz': False,
[36m(TaskRunner pid=623297)[0m                   'use_reward_loop': False},
[36m(TaskRunner pid=623297)[0m  'trainer': {'balance_batch': True,
[36m(TaskRunner pid=623297)[0m              'critic_warmup': 0,
[36m(TaskRunner pid=623297)[0m              'default_hdfs_dir': None,
[36m(TaskRunner pid=623297)[0m              'default_local_dir': '/sfs/weka/scratch/nkw3mr/Vision-OPD-OPSA/checkpoints/Aha-Qwen3.5-4B-pair6k',
[36m(TaskRunner pid=623297)[0m              'del_local_ckpt_after_load': False,
[36m(TaskRunner pid=623297)[0m              'device': 'cuda',
[36m(TaskRunner pid=623297)[0m              'esi_redundant_time': 0,
[36m(TaskRunner pid=623297)[0m              'experiment_name': 'Aha-Qwen3.5-4B-pair6k',
[36m(TaskRunner pid=623297)[0m              'group_name': 'Aha-Qwen3.5-4B-pair6k',
[36m(TaskRunner pid=623297)[0m              'log_val_generations': 0,
[36m(TaskRunner pid=623297)[0m              'logger': ['console', 'tensorboard', 'wandb'],
[36m(TaskRunner pid=623297)[0m              'max_actor_ckpt_to_keep': None,
[36m(TaskRunner pid=623297)[0m              'max_critic_ckpt_to_keep': None,
[36m(TaskRunner pid=623297)[0m              'n_gpus_per_node': 2,
[36m(TaskRunner pid=623297)[0m              'nnodes': 1,
[36m(TaskRunner pid=623297)[0m              'project_name': 'Vision-OPD-StateAdaptive',
[36m(TaskRunner pid=623297)[0m              'ray_wait_register_center_timeout': 300,
[36m(TaskRunner pid=623297)[0m              'resume_from_path': None,
[36m(TaskRunner pid=623297)[0m              'resume_mode': 'auto',
[36m(TaskRunner pid=623297)[0m              'rollout_data_dir': '/sfs/weka/scratch/nkw3mr/Vision-OPD-OPSA/rollouts/Aha-Qwen3.5-4B-pair6k',
[36m(TaskRunner pid=623297)[0m              'save_freq': 5,
[36m(TaskRunner pid=623297)[0m              'test_freq': -1,
[36m(TaskRunner pid=623297)[0m              'total_epochs': 1,
[36m(TaskRunner pid=623297)[0m              'total_training_steps': None,
[36m(TaskRunner pid=623297)[0m              'use_legacy_worker_impl': 'auto',
[36m(TaskRunner pid=623297)[0m              'val_before_train': False,
[36m(TaskRunner pid=623297)[0m              'val_only': False,
[36m(TaskRunner pid=623297)[0m              'validation_data_dir': None},
[36m(TaskRunner pid=623297)[0m  'transfer_queue': {'enable': False},
[36m(TaskRunner pid=623297)[0m  'vars': {'ckpt_dir': './checkpoints', 'dir': './data', 'log_dir': './output'}}
[36m(TaskRunner pid=623297)[0m [validate_config] All configuration checks passed successfully!
[36m(TaskRunner pid=623297)[0m Using dataset class: RLHFDataset
[36m(TaskRunner pid=623297)[0m dataset len: 2459
[36m(TaskRunner pid=623297)[0m Size of train dataloader: 51, Size of val dataloader: 0
[36m(TaskRunner pid=623297)[0m Total training steps: 51
[36m(TaskRunner pid=623297)[0m colocated worker base class <class 'verl.single_controller.base.worker.Worker'>
[36m(TaskRunner pid=623297)[0m bind role actor_rollout_ref method chat_completion to class <class 'verl.single_controller.ray.base.create_colocated_worker_cls.<locals>.WorkerDict'>
[36m(TaskRunner pid=623297)[0m bind role actor_rollout_ref method generate to class <class 'verl.single_controller.ray.base.create_colocated_worker_cls.<locals>.WorkerDict'>
[36m(TaskRunner pid=623297)[0m bind role actor_rollout_ref method get_zeromq_address to class <class 'verl.single_controller.ray.base.create_colocated_worker_cls.<locals>.WorkerDict'>
[36m(TaskRunner pid=623297)[0m bind role actor_rollout_ref method sleep to class <class 'verl.single_controller.ray.base.create_colocated_worker_cls.<locals>.WorkerDict'>
[36m(TaskRunner pid=623297)[0m bind role actor_rollout_ref method wake_up to class <class 'verl.single_controller.ray.base.create_colocated_worker_cls.<locals>.WorkerDict'>
[36m(WorkerDict pid=623996)[0m [Gloo] Rank 0 is connected to 1 peer ranks. Expected number of connected peer ranks is : 1
[36m(WorkerDict pid=623996)[0m Model config after override: Qwen3_5Config {
[36m(WorkerDict pid=623996)[0m   "architectures": [
[36m(WorkerDict pid=623996)[0m     "Qwen3_5ForConditionalGeneration"
[36m(WorkerDict pid=623996)[0m   ],
[36m(WorkerDict pid=623996)[0m   "bos_token_id": null,
[36m(WorkerDict pid=623996)[0m   "eos_token_id": 248046,
[36m(WorkerDict pid=623996)[0m   "image_token_id": 248056,
[36m(WorkerDict pid=623996)[0m   "model_type": "qwen3_5",
[36m(WorkerDict pid=623996)[0m   "pad_token_id": 248044,
[36m(WorkerDict pid=623996)[0m   "text_config": {
[36m(WorkerDict pid=623996)[0m     "attention_bias": false,
[36m(WorkerDict pid=623996)[0m     "attention_dropout": 0.0,
[36m(WorkerDict pid=623996)[0m     "attn_output_gate": true,
[36m(WorkerDict pid=623996)[0m     "bos_token_id": null,
[36m(WorkerDict pid=623996)[0m     "dtype": "bfloat16",
[36m(WorkerDict pid=623996)[0m     "eos_token_id": 248044,
[36m(WorkerDict pid=623996)[0m     "full_attention_interval": 4,
[36m(WorkerDict pid=623996)[0m     "head_dim": 256,
[36m(WorkerDict pid=623996)[0m     "hidden_act": "silu",
[36m(WorkerDict pid=623996)[0m     "hidden_size": 2560,
[36m(WorkerDict pid=623996)[0m     "initializer_range": 0.02,
[36m(WorkerDict pid=623996)[0m     "intermediate_size": 9216,
[36m(WorkerDict pid=623996)[0m     "layer_types": [
[36m(WorkerDict pid=623996)[0m       "linear_attention",
[36m(WorkerDict pid=623996)[0m       "linear_attention",
[36m(WorkerDict pid=623996)[0m       "linear_attention",
[36m(WorkerDict pid=623996)[0m       "full_attention",
[36m(WorkerDict pid=623996)[0m       "linear_attention",
[36m(WorkerDict pid=623996)[0m       "linear_attention",
[36m(WorkerDict pid=623996)[0m       "linear_attention",
[36m(WorkerDict pid=623996)[0m       "full_attention",
[36m(WorkerDict pid=623996)[0m       "linear_attention",
[36m(WorkerDict pid=623996)[0m       "linear_attention",
[36m(WorkerDict pid=623996)[0m       "linear_attention",
[36m(WorkerDict pid=623996)[0m       "full_attention",
[36m(WorkerDict pid=623996)[0m       "linear_attention",
[36m(WorkerDict pid=623996)[0m       "linear_attention",
[36m(WorkerDict pid=623996)[0m       "linear_attention",
[36m(WorkerDict pid=623996)[0m       "full_attention",
[36m(WorkerDict pid=623996)[0m       "linear_attention",
[36m(WorkerDict pid=623996)[0m       "linear_attention",
[36m(WorkerDict pid=623996)[0m       "linear_attention",
[36m(WorkerDict pid=623996)[0m       "full_attention",
[36m(WorkerDict pid=623996)[0m       "linear_attention",
[36m(WorkerDict pid=623996)[0m       "linear_attention",
[36m(WorkerDict pid=623996)[0m       "linear_attention",
[36m(WorkerDict pid=623996)[0m       "full_attention",
[36m(WorkerDict pid=623996)[0m       "linear_attention",
[36m(WorkerDict pid=623996)[0m       "linear_attention",
[36m(WorkerDict pid=623996)[0m       "linear_attention",
[36m(WorkerDict pid=623996)[0m       "full_attention",
[36m(WorkerDict pid=623996)[0m       "linear_attention",
[36m(WorkerDict pid=623996)[0m       "linear_attention",
[36m(WorkerDict pid=623996)[0m       "linear_attention",
[36m(WorkerDict pid=623996)[0m       "full_attention"
[36m(WorkerDict pid=623996)[0m     ],
[36m(WorkerDict pid=623996)[0m     "linear_conv_kernel_dim": 4,
[36m(WorkerDict pid=623996)[0m     "linear_key_head_dim": 128,
[36m(WorkerDict pid=623996)[0m     "linear_num_key_heads": 16,
[36m(WorkerDict pid=623996)[0m     "linear_num_value_heads": 32,
[36m(WorkerDict pid=623996)[0m     "linear_value_head_dim": 128,
[36m(WorkerDict pid=623996)[0m     "mamba_ssm_dtype": "float32",
[36m(WorkerDict pid=623996)[0m Flash Attention 2 only supports torch.float16 and torch.bfloat16 dtypes, but the current dype in Qwen3_5ForConditionalGeneration is torch.float32. You should run training or inference using Automatic Mixed-Precision via the `with torch.autocast(device_type='torch_device'):` decorator, or load the model with the `dtype` argument. Example: `model = AutoModel.from_pretrained("meta-llama/Llama-3.2-1B", attn_implementation="flash_attention_2", dtype=torch.float16)`
[36m(WorkerDict pid=623996)[0m Flash Attention 2 only supports torch.float16 and torch.bfloat16 dtypes, but the current dype in Qwen3_5Model is torch.float32. You should run training or inference using Automatic Mixed-Precision via the `with torch.autocast(device_type='torch_device'):` decorator, or load the model with the `dtype` argument. Example: `model = AutoModel.from_pretrained("meta-llama/Llama-3.2-1B", attn_implementation="flash_attention_2", dtype=torch.float16)`
[36m(WorkerDict pid=623996)[0m Flash Attention 2 only supports torch.float16 and torch.bfloat16 dtypes, but the current dype in Qwen3_5VisionModel is torch.float32. You should run training or inference using Automatic Mixed-Precision via the `with torch.autocast(device_type='torch_device'):` decorator, or load the model with the `dtype` argument. Example: `model = AutoModel.from_pretrained("meta-llama/Llama-3.2-1B", attn_implementation="flash_attention_2", dtype=torch.float16)`
[36m(WorkerDict pid=623996)[0m Flash Attention 2 only supports torch.float16 and torch.bfloat16 dtypes, but the current dype in Qwen3_5TextModel is torch.float32. You should run training or inference using Automatic Mixed-Precision via the `with torch.autocast(device_type='torch_device'):` decorator, or load the model with the `dtype` argument. Example: `model = AutoModel.from_pretrained("meta-llama/Llama-3.2-1B", attn_implementation="flash_attention_2", dtype=torch.float16)`
[36m(WorkerDict pid=623996)[0m Loading weights:   0%|          | 0/723 [00:00<?, ?it/s]
[36m(WorkerDict pid=623996)[0m Loading weights:   0%|          | 1/723 [00:00<03:49,  3.15it/s]Loading weights:  33%|███▎      | 239/723 [00:00<00:00, 726.45it/s]
[36m(WorkerDict pid=623997)[0m [W910 09:36:49.441054603 socket.cpp:764] [c10d] The client socket cannot be initialized to connect to [udc-aw37-6-s.hpc.virginia.edu]:47279 (errno: 97 - Address family not supported by protocol).
[36m(WorkerDict pid=623997)[0m Loading weights:   0%|          | 1/723 [00:00<04:02,  2.98it/s]
[36m(WorkerDict pid=623997)[0m Loading weights:  35%|███▍      | 252/723 [00:00<00:00, 722.75it/s]
[36m(WorkerDict pid=623997)[0m Warning: You are sending unauthenticated requests to the HF Hub. Please set a HF_TOKEN to enable higher rate limits and faster downloads.
[36m(WorkerDict pid=623997)[0m WARNING:2026-09-10 09:36:49,325:Warning: You are sending unauthenticated requests to the HF Hub. Please set a HF_TOKEN to enable higher rate limits and faster downloads.
[36m(WorkerDict pid=623996)[0m Loading weights:  70%|██████▉   | 504/723 [00:00<00:00, 836.87it/s]Loading weights: 100%|██████████| 723/723 [00:00<00:00, 913.35it/s]
[36m(WorkerDict pid=623996)[0m /sfs/weka/scratch/nkw3mr/Vision-OPD-OPSA/verl/utils/profiler/config.py:52: UserWarning: Torch profiler tool config is not fully supported now.
[36m(WorkerDict pid=623996)[0m   warnings.warn("Torch profiler tool config is not fully supported now.", stacklevel=1)
[36m(WorkerDict pid=623997)[0m /sfs/weka/scratch/nkw3mr/Vision-OPD-OPSA/verl/workers/fsdp_workers.py:666: FutureWarning: FSDP.state_dict_type() and FSDP.set_state_dict_type() are being deprecated. Please use APIs, get_state_dict() and set_state_dict(), which can support different parallelisms, FSDP1, FSDP2, DDP. API doc: https://pytorch.org/docs/stable/distributed.checkpoint.html#torch.distributed.checkpoint.state_dict.get_state_dict .Tutorial: https://pytorch.org/tutorials/recipes/distributed_checkpoint_recipe.html .
[36m(WorkerDict pid=623997)[0m   FSDP.set_state_dict_type(
[36m(WorkerDict pid=623997)[0m Flash Attention 2 only supports torch.float16 and torch.bfloat16 dtypes, but the current dype in Qwen3_5TextModel is torch.float32. You should run training or inference using Automatic Mixed-Precision via the `with torch.autocast(device_type='torch_device'):` decorator, or load the model with the `dtype` argument. Example: `model = AutoModel.from_pretrained("meta-llama/Llama-3.2-1B", attn_implementation="flash_attention_2", dtype=torch.float16)`[32m [repeated 4x across cluster][0m
[36m(WorkerDict pid=623997)[0m Loading weights:   0%|          | 0/723 [00:00<?, ?it/s]
[36m(WorkerDict pid=623997)[0m Loading weights:  53%|█████▎    | 383/723 [00:00<00:00, 716.00it/s][32m [repeated 2x across cluster][0m
[36m(WorkerDict pid=623997)[0m Loading weights:  70%|██████▉   | 506/723 [00:00<00:00, 835.41it/s]Loading weights: 100%|██████████| 723/723 [00:00<00:00, 929.30it/s]
[36m(WorkerDict pid=623997)[0m /sfs/weka/scratch/nkw3mr/Vision-OPD-OPSA/verl/utils/profiler/config.py:52: UserWarning: Torch profiler tool config is not fully supported now.
[36m(WorkerDict pid=623997)[0m   warnings.warn("Torch profiler tool config is not fully supported now.", stacklevel=1)
[36m(WorkerDict pid=623996)[0m     "max_position_embeddings": 262144,
[36m(WorkerDict pid=623996)[0m     "mlp_only_layers": [],
[36m(WorkerDict pid=623996)[0m     "model_type": "qwen3_5_text",
[36m(WorkerDict pid=623996)[0m     "mtp_num_hidden_layers": 1,
[36m(WorkerDict pid=623996)[0m     "mtp_use_dedicated_embeddings": false,
[36m(WorkerDict pid=623996)[0m     "num_attention_heads": 16,
[36m(WorkerDict pid=623996)[0m     "num_hidden_layers": 32,
[36m(WorkerDict pid=623996)[0m     "num_key_value_heads": 4,
[36m(WorkerDict pid=623996)[0m     "pad_token_id": null,
[36m(WorkerDict pid=623996)[0m     "partial_rotary_factor": 0.25,
[36m(WorkerDict pid=623996)[0m     "rms_norm_eps": 1e-06,
[36m(WorkerDict pid=623996)[0m     "rope_parameters": {
[36m(WorkerDict pid=623996)[0m       "mrope_interleaved": true,
[36m(WorkerDict pid=623996)[0m       "mrope_section": [
[36m(WorkerDict pid=623996)[0m         11,
[36m(WorkerDict pid=623996)[0m         11,
[36m(WorkerDict pid=623996)[0m         10
[36m(WorkerDict pid=623996)[0m       ],
[36m(WorkerDict pid=623996)[0m       "partial_rotary_factor": 0.25,
[36m(WorkerDict pid=623996)[0m       "rope_theta": 10000000,
[36m(WorkerDict pid=623996)[0m       "rope_type": "default"
[36m(WorkerDict pid=623996)[0m     },
[36m(WorkerDict pid=623996)[0m     "tie_word_embeddings": true,
[36m(WorkerDict pid=623996)[0m     "use_cache": true,
[36m(WorkerDict pid=623996)[0m     "vocab_size": 248320
[36m(WorkerDict pid=623996)[0m   },
[36m(WorkerDict pid=623996)[0m   "tie_word_embeddings": true,
[36m(WorkerDict pid=623996)[0m   "transformers_version": "5.5.0",
[36m(WorkerDict pid=623996)[0m   "video_token_id": 248057,
[36m(WorkerDict pid=623996)[0m   "vision_config": {
[36m(WorkerDict pid=623996)[0m     "deepstack_visual_indexes": [],
[36m(WorkerDict pid=623996)[0m     "depth": 24,
[36m(WorkerDict pid=623996)[0m     "hidden_act": "gelu_pytorch_tanh",
[36m(WorkerDict pid=623996)[0m     "hidden_size": 1024,
[36m(WorkerDict pid=623996)[0m     "in_channels": 3,
[36m(WorkerDict pid=623996)[0m     "initializer_range": 0.02,
[36m(WorkerDict pid=623996)[0m     "intermediate_size": 4096,
[36m(WorkerDict pid=623996)[0m     "model_type": "qwen3_5",
[36m(WorkerDict pid=623996)[0m     "num_heads": 16,
[36m(WorkerDict pid=623996)[0m     "num_position_embeddings": 2304,
[36m(WorkerDict pid=623996)[0m     "out_hidden_size": 2560,
[36m(WorkerDict pid=623996)[0m     "patch_size": 16,
[36m(WorkerDict pid=623996)[0m     "spatial_merge_size": 2,
[36m(WorkerDict pid=623996)[0m     "temporal_patch_size": 2
[36m(WorkerDict pid=623996)[0m   },
[36m(WorkerDict pid=623996)[0m   "vision_end_token_id": 248054,
[36m(WorkerDict pid=623996)[0m   "vision_start_token_id": 248053
[36m(WorkerDict pid=623996)[0m }
[36m(WorkerDict pid=623996)[0m 
[36m(WorkerDict pid=623997)[0m Monkey patch Qwen3_5TextModel.forward for Ulysses SP input slicing.
[36m(WorkerDict pid=623997)[0m Monkey patch Qwen3_5ForConditionalGeneration model forward
[36m(WorkerDict pid=623997)[0m Monkey patch _flash_attention_forward in transformers.integrations.flash_attention
[36m(WorkerDict pid=623997)[0m Skipping monkey patch for Qwen3_5ForConditionalGeneration as use_fused_kernels is False or fused_kernels_backend is torch
[36m(WorkerDict pid=623997)[0m [Gloo] Rank 0 is connected to 0 peer ranks. Expected number of connected peer ranks is : 0[32m [repeated 3x across cluster] (Ray deduplicates logs by default. Set RAY_DEDUP_LOGS=0 to disable log deduplication, or see https://docs.ray.io/en/master/ray-observability/user-guides/configure-logging.html#log-deduplication for more options.)[0m
[36m(WorkerDict pid=623996)[0m Qwen3_5ForConditionalGeneration contains 4.54B parameters
[36m(WorkerDict pid=623996)[0m wrap_policy: functools.partial(<function _or_policy at 0x15206c3823e0>, policies=[functools.partial(<function transformer_auto_wrap_policy at 0x15206c3822a0>, transformer_layer_cls={<class 'transformers.models.qwen3_5.modeling_qwen3_5.Qwen3_5VisionBlock'>, <class 'transformers.models.qwen3_5.modeling_qwen3_5.Qwen3_5DecoderLayer'>})])
[36m(WorkerDict pid=623996)[0m Total steps: 51, num_warmup_steps: 10
[36m(WorkerDict pid=623996)[0m Actor use_remove_padding=True
[36m(WorkerDict pid=623996)[0m Actor use_fused_kernels=False
[36m(WorkerDict pid=623996)[0m Actor use_prefix_grouper=False
[36m(WorkerDict pid=623996)[0m NCCL version 2.27.5+cuda12.9
[36m(WorkerDict pid=623996)[0m Monkey patch Qwen3_5TextModel.forward for Ulysses SP input slicing.
[36m(WorkerDict pid=623996)[0m Monkey patch Qwen3_5ForConditionalGeneration model forward
[36m(WorkerDict pid=623996)[0m Monkey patch _flash_attention_forward in transformers.integrations.flash_attention
[36m(WorkerDict pid=623996)[0m Skipping monkey patch for Qwen3_5ForConditionalGeneration as use_fused_kernels is False or fused_kernels_backend is torch
[36m(WorkerDict pid=623996)[0m [Gloo] Rank 0 is connected to 0 peer ranks. Expected number of connected peer ranks is : 0[32m [repeated 2x across cluster][0m
[36m(WorkerDict pid=623996)[0m reference model: Qwen/Qwen3.5-4B
[36m(WorkerDict pid=623996)[0m Model config after override: Qwen3_5Config {
[36m(WorkerDict pid=623996)[0m   "architectures": [
[36m(WorkerDict pid=623996)[0m     "Qwen3_5ForConditionalGeneration"
[36m(WorkerDict pid=623996)[0m   ],
[36m(WorkerDict pid=623996)[0m   "bos_token_id": null,
[36m(WorkerDict pid=623996)[0m   "eos_token_id": 248046,
[36m(WorkerDict pid=623996)[0m   "image_token_id": 248056,
[36m(WorkerDict pid=623996)[0m   "model_type": "qwen3_5",
[36m(WorkerDict pid=623996)[0m   "pad_token_id": 248044,
[36m(WorkerDict pid=623996)[0m   "text_config": {
[36m(WorkerDict pid=623996)[0m     "attention_bias": false,
[36m(WorkerDict pid=623996)[0m     "attention_dropout": 0.0,
[36m(WorkerDict pid=623996)[0m     "attn_output_gate": true,
[36m(WorkerDict pid=623996)[0m     "bos_token_id": null,
[36m(WorkerDict pid=623996)[0m     "dtype": "bfloat16",
[36m(WorkerDict pid=623996)[0m     "eos_token_id": 248044,
[36m(WorkerDict pid=623996)[0m     "full_attention_interval": 4,
[36m(WorkerDict pid=623996)[0m     "head_dim": 256,
[36m(WorkerDict pid=623996)[0m     "hidden_act": "silu",
[36m(WorkerDict pid=623996)[0m     "hidden_size": 2560,
[36m(WorkerDict pid=623996)[0m     "initializer_range": 0.02,
[36m(WorkerDict pid=623996)[0m     "intermediate_size": 9216,
[36m(WorkerDict pid=623996)[0m     "layer_types": [
[36m(WorkerDict pid=623996)[0m       "linear_attention",
[36m(WorkerDict pid=623996)[0m       "linear_attention",
[36m(WorkerDict pid=623996)[0m       "linear_attention",
[36m(WorkerDict pid=623996)[0m       "full_attention",
[36m(WorkerDict pid=623996)[0m       "linear_attention",
[36m(WorkerDict pid=623996)[0m       "linear_attention",
[36m(WorkerDict pid=623996)[0m       "linear_attention",
[36m(WorkerDict pid=623996)[0m       "full_attention",
[36m(WorkerDict pid=623996)[0m       "linear_attention",
[36m(WorkerDict pid=623996)[0m       "linear_attention",
[36m(WorkerDict pid=623996)[0m       "linear_attention",
[36m(WorkerDict pid=623996)[0m       "full_attention",
[36m(WorkerDict pid=623996)[0m       "linear_attention",
[36m(WorkerDict pid=623996)[0m       "linear_attention",
[36m(WorkerDict pid=623996)[0m       "linear_attention",
[36m(WorkerDict pid=623996)[0m       "full_attention",
[36m(WorkerDict pid=623996)[0m       "linear_attention",
[36m(WorkerDict pid=623996)[0m       "linear_attention",
[36m(WorkerDict pid=623996)[0m       "linear_attention",
[36m(WorkerDict pid=623996)[0m       "full_attention",
[36m(WorkerDict pid=623996)[0m       "linear_attention",
[36m(WorkerDict pid=623996)[0m       "linear_attention",
[36m(WorkerDict pid=623996)[0m       "linear_attention",
[36m(WorkerDict pid=623996)[0m       "full_attention",
[36m(WorkerDict pid=623996)[0m       "linear_attention",
[36m(WorkerDict pid=623996)[0m       "linear_attention",
[36m(WorkerDict pid=623996)[0m       "linear_attention",
[36m(WorkerDict pid=623996)[0m       "full_attention",
[36m(WorkerDict pid=623996)[0m       "linear_attention",
[36m(WorkerDict pid=623997)[0m Loading weights:   0%|          | 0/723 [00:00<?, ?it/s]
[36m(WorkerDict pid=623996)[0m Loading weights:  51%|█████     | 370/723 [00:00<00:00, 679.61it/s]Loading weights:  78%|███████▊  | 566/723 [00:00<00:00, 973.51it/s]
[36m(WorkerDict pid=623997)[0m Loading weights: 100%|██████████| 723/723 [00:00<00:00, 911.87it/s]
[36m(TaskRunner pid=623297)[0m W0910 09:37:11.995000 623297 site-packages/torch/utils/cpp_extension.py:118] No CUDA runtime is found, using CUDA_HOME='/apps/software/standard/core/cuda/12.8.0'
[36m(WorkerDict pid=623996)[0m /sfs/weka/scratch/nkw3mr/Vision-OPD-OPSA/verl/workers/fsdp_workers.py:666: FutureWarning: FSDP.state_dict_type() and FSDP.set_state_dict_type() are being deprecated. Please use APIs, get_state_dict() and set_state_dict(), which can support different parallelisms, FSDP1, FSDP2, DDP. API doc: https://pytorch.org/docs/stable/distributed.checkpoint.html#torch.distributed.checkpoint.state_dict.get_state_dict .Tutorial: https://pytorch.org/tutorials/recipes/distributed_checkpoint_recipe.html .
[36m(WorkerDict pid=623996)[0m   FSDP.set_state_dict_type(
[36m(WorkerDict pid=623997)[0m Loading weights:  57%|█████▋    | 415/723 [00:00<00:00, 669.96it/s][32m [repeated 6x across cluster][0m
[36m(TaskRunner pid=623297)[0m /sfs/weka/scratch/nkw3mr/Vision-OPD-OPSA/verl/utils/profiler/config.py:52: UserWarning: Torch profiler tool config is not fully supported now.
[36m(TaskRunner pid=623297)[0m   warnings.warn("Torch profiler tool config is not fully supported now.", stacklevel=1)
[36m(WorkerDict pid=623996)[0m Loading weights:   0%|          | 0/723 [00:00<?, ?it/s]
[36m(WorkerDict pid=623996)[0m Loading weights: 100%|██████████| 723/723 [00:00<00:00, 913.12it/s]
[36m(pid=624691)[0m W0910 09:37:20.473000 624691 site-packages/torch/utils/cpp_extension.py:118] No CUDA runtime is found, using CUDA_HOME='/apps/software/standard/core/cuda/12.8.0'
[36m(pid=624692)[0m W0910 09:37:20.473000 624692 site-packages/torch/utils/cpp_extension.py:118] No CUDA runtime is found, using CUDA_HOME='/apps/software/standard/core/cuda/12.8.0'
[36m(vLLMHttpServer pid=624691)[0m Warning: You are sending unauthenticated requests to the HF Hub. Please set a HF_TOKEN to enable higher rate limits and faster downloads.
[36m(vLLMHttpServer pid=624691)[0m Using blocking ray.get inside async actor. This blocks the event loop. Please use `await` on object ref with asyncio.gather if you want to yield execution to the event loop instead.
[36m(vLLMHttpServer pid=624691)[0m The argument `trust_remote_code` is to be used with Auto classes. It has no effect here and is ignored.
[36m(vLLMHttpServer pid=624691)[0m `layer_type_validation` is deprecated and will be removed in v5.20. Use `PreTrainedConfig.validate_layer_type` instead
[36m(vLLMHttpServer pid=624691)[0m `layer_type_validation` is deprecated and will be removed in v5.20. Use `PreTrainedConfig.validate_layer_type` instead
[36m(vLLMHttpServer pid=624691)[0m `layer_type_validation` is deprecated and will be removed in v5.20. Use `PreTrainedConfig.validate_layer_type` instead
[36m(vLLMHttpServer pid=624691)[0m `Qwen2VLImageProcessorFast` is deprecated. The `Fast` suffix for image processors has been removed; use `Qwen2VLImageProcessor` instead.
[36m(vLLMHttpServer pid=624692)[0m Warning: You are sending unauthenticated requests to the HF Hub. Please set a HF_TOKEN to enable higher rate limits and faster downloads.
[36m(vLLMHttpServer pid=624691)[0m The `use_fast` parameter is deprecated and will be removed in a future version. Use `backend="torchvision"` instead of `use_fast=True`, or `backend="pil"` instead of `use_fast=False`.
[36m(vLLMHttpServer pid=624692)[0m Using blocking ray.get inside async actor. This blocks the event loop. Please use `await` on object ref with asyncio.gather if you want to yield execution to the event loop instead.
[36m(vLLMHttpServer pid=624692)[0m The argument `trust_remote_code` is to be used with Auto classes. It has no effect here and is ignored.[32m [repeated 3x across cluster][0m
[36m(vLLMHttpServer pid=624692)[0m `layer_type_validation` is deprecated and will be removed in v5.20. Use `PreTrainedConfig.validate_layer_type` instead[32m [repeated 9x across cluster][0m
[36m(vLLMHttpServer pid=624692)[0m `Qwen2VLImageProcessorFast` is deprecated. The `Fast` suffix for image processors has been removed; use `Qwen2VLImageProcessor` instead.
[36m(WorkerDict pid=623996)[0m       "linear_attention",
[36m(WorkerDict pid=623996)[0m       "linear_attention",
[36m(WorkerDict pid=623996)[0m       "full_attention"
[36m(WorkerDict pid=623996)[0m     ],
[36m(WorkerDict pid=623996)[0m     "linear_conv_kernel_dim": 4,
[36m(WorkerDict pid=623996)[0m     "linear_key_head_dim": 128,
[36m(WorkerDict pid=623996)[0m     "linear_num_key_heads": 16,
[36m(WorkerDict pid=623996)[0m     "linear_num_value_heads": 32,
[36m(WorkerDict pid=623996)[0m     "linear_value_head_dim": 128,
[36m(WorkerDict pid=623996)[0m     "mamba_ssm_dtype": "float32",
[36m(WorkerDict pid=623996)[0m     "max_position_embeddings": 262144,
[36m(WorkerDict pid=623996)[0m     "mlp_only_layers": [],
[36m(WorkerDict pid=623996)[0m     "model_type": "qwen3_5_text",
[36m(WorkerDict pid=623996)[0m     "mtp_num_hidden_layers": 1,
[36m(WorkerDict pid=623996)[0m     "mtp_use_dedicated_embeddings": false,
[36m(WorkerDict pid=623996)[0m     "num_attention_heads": 16,
[36m(WorkerDict pid=623996)[0m     "num_hidden_layers": 32,
[36m(WorkerDict pid=623996)[0m     "num_key_value_heads": 4,
[36m(WorkerDict pid=623996)[0m     "pad_token_id": null,
[36m(WorkerDict pid=623996)[0m     "partial_rotary_factor": 0.25,
[36m(WorkerDict pid=623996)[0m     "rms_norm_eps": 1e-06,
[36m(WorkerDict pid=623996)[0m     "rope_parameters": {
[36m(WorkerDict pid=623996)[0m       "mrope_interleaved": true,
[36m(WorkerDict pid=623996)[0m       "mrope_section": [
[36m(WorkerDict pid=623996)[0m         11,
[36m(WorkerDict pid=623996)[0m         11,
[36m(WorkerDict pid=623996)[0m         10
[36m(WorkerDict pid=623996)[0m       ],
[36m(WorkerDict pid=623996)[0m       "partial_rotary_factor": 0.25,
[36m(WorkerDict pid=623996)[0m       "rope_theta": 10000000,
[36m(WorkerDict pid=623996)[0m       "rope_type": "default"
[36m(WorkerDict pid=623996)[0m     },
[36m(WorkerDict pid=623996)[0m     "tie_word_embeddings": true,
[36m(WorkerDict pid=623996)[0m     "use_cache": true,
[36m(WorkerDict pid=623996)[0m     "vocab_size": 248320
[36m(WorkerDict pid=623996)[0m   },
[36m(WorkerDict pid=623996)[0m   "tie_word_embeddings": true,
[36m(WorkerDict pid=623996)[0m   "transformers_version": "5.5.0",
[36m(WorkerDict pid=623996)[0m   "video_token_id": 248057,
[36m(WorkerDict pid=623996)[0m   "vision_config": {
[36m(WorkerDict pid=623996)[0m     "deepstack_visual_indexes": [],
[36m(WorkerDict pid=623996)[0m     "depth": 24,
[36m(WorkerDict pid=623996)[0m     "hidden_act": "gelu_pytorch_tanh",
[36m(WorkerDict pid=623996)[0m     "hidden_size": 1024,
[36m(WorkerDict pid=623996)[0m     "in_channels": 3,
[36m(WorkerDict pid=623996)[0m     "initializer_range": 0.02,
[36m(WorkerDict pid=623996)[0m     "intermediate_size": 4096,
[36m(WorkerDict pid=623996)[0m     "model_type": "qwen3_5",
[36m(WorkerDict pid=623996)[0m     "num_heads": 16,
[36m(WorkerDict pid=623996)[0m     "num_position_embeddings": 2304,
[36m(WorkerDict pid=623996)[0m     "out_hidden_size": 2560,
[36m(WorkerDict pid=623996)[0m     "patch_size": 16,
[36m(WorkerDict pid=623996)[0m     "spatial_merge_size": 2,
[36m(WorkerDict pid=623996)[0m     "temporal_patch_size": 2
[36m(WorkerDict pid=623996)[0m   },
[36m(WorkerDict pid=623996)[0m   "vision_end_token_id": 248054,
[36m(WorkerDict pid=623996)[0m   "vision_start_token_id": 248053
[36m(WorkerDict pid=623996)[0m }
[36m(WorkerDict pid=623996)[0m 
[36m(WorkerDict pid=623997)[0m [Gloo] Rank 0 is connected to 0 peer ranks. Expected number of connected peer ranks is : 0[32m [repeated 2x across cluster][0m
[36m(WorkerDict pid=623997)[0m Monkey patch Qwen3_5TextModel.forward for Ulysses SP input slicing.
[36m(WorkerDict pid=623997)[0m Monkey patch Qwen3_5ForConditionalGeneration model forward
[36m(WorkerDict pid=623997)[0m Monkey patch _flash_attention_forward in transformers.integrations.flash_attention
[36m(WorkerDict pid=623997)[0m Skipping monkey patch for Qwen3_5ForConditionalGeneration as use_fused_kernels is False or fused_kernels_backend is torch
[36m(WorkerDict pid=623996)[0m Qwen3_5ForConditionalGeneration contains 4.54B parameters
[36m(WorkerDict pid=623996)[0m wrap_policy: functools.partial(<function _or_policy at 0x15206c3823e0>, policies=[functools.partial(<function transformer_auto_wrap_policy at 0x15206c3822a0>, transformer_layer_cls={<class 'transformers.models.qwen3_5.modeling_qwen3_5.Qwen3_5VisionBlock'>, <class 'transformers.models.qwen3_5.modeling_qwen3_5.Qwen3_5DecoderLayer'>})])
[36m(WorkerDict pid=623996)[0m Ref use_remove_padding=True
[36m(WorkerDict pid=623996)[0m Ref use_fused_kernels=False
[36m(WorkerDict pid=623996)[0m Ref use_prefix_grouper=False
[36m(vLLMHttpServer pid=624692)[0m WARNING 09-10 09:37:26 [envs.py:1717] Unknown vLLM environment variable detected: VLLM_USE_V1
[36m(WorkerDict pid=623996)[0m Monkey patch Qwen3_5TextModel.forward for Ulysses SP input slicing.
[36m(WorkerDict pid=623996)[0m Monkey patch Qwen3_5ForConditionalGeneration model forward
[36m(WorkerDict pid=623996)[0m Monkey patch _flash_attention_forward in transformers.integrations.flash_attention
[36m(WorkerDict pid=623996)[0m Skipping monkey patch for Qwen3_5ForConditionalGeneration as use_fused_kernels is False or fused_kernels_backend is torch
[36m(vLLMHttpServer pid=624691)[0m ['serve',
[36m(vLLMHttpServer pid=624691)[0m  'Qwen/Qwen3.5-4B',
[36m(vLLMHttpServer pid=624691)[0m  '--dtype',
[36m(vLLMHttpServer pid=624691)[0m  'bfloat16',
[36m(vLLMHttpServer pid=624691)[0m  '--load_format',
[36m(vLLMHttpServer pid=624691)[0m  'dummy',
[36m(vLLMHttpServer pid=624691)[0m  '--trust_remote_code',
[36m(vLLMHttpServer pid=624691)[0m  '--max_model_len',
[36m(vLLMHttpServer pid=624691)[0m  '262144',
[36m(vLLMHttpServer pid=624691)[0m  '--max_num_seqs',
[36m(vLLMHttpServer pid=624691)[0m  '1024',
[36m(vLLMHttpServer pid=624691)[0m  '--enable_chunked_prefill',
[36m(vLLMHttpServer pid=624691)[0m  '--max_num_batched_tokens',
[36m(vLLMHttpServer pid=624691)[0m  '9216',
[36m(vLLMHttpServer pid=624691)[0m  '--enable_prefix_caching',
[36m(vLLMHttpServer pid=624691)[0m  '--enable_sleep_mode',
[36m(vLLMHttpServer pid=624691)[0m  '--logprobs_mode',
[36m(vLLMHttpServer pid=624691)[0m  'processed_logprobs',
[36m(vLLMHttpServer pid=624691)[0m  '--disable_custom_all_reduce',
[36m(vLLMHttpServer pid=624691)[0m  '--gpu_memory_utilization',
[36m(vLLMHttpServer pid=624691)[0m  '0.45',
[36m(vLLMHttpServer pid=624691)[0m  '--disable_log_stats',
[36m(vLLMHttpServer pid=624691)[0m  '--tensor_parallel_size',
[36m(vLLMHttpServer pid=624691)[0m  '1',
[36m(vLLMHttpServer pid=624691)[0m  '--seed',
[36m(vLLMHttpServer pid=624691)[0m  '0',
[36m(vLLMHttpServer pid=624691)[0m  '--override_generation_config',
[36m(vLLMHttpServer pid=624691)[0m  '{"temperature": 1.0, "top_k": -1, "top_p": 1, "repetition_penalty": 1.0, '
[36m(vLLMHttpServer pid=624691)[0m  '"max_new_tokens": 1024}',
[36m(vLLMHttpServer pid=624691)[0m  '--hf_overrides',
[36m(vLLMHttpServer pid=624691)[0m  '{}',
[36m(vLLMHttpServer pid=624691)[0m  '--scheduling_policy',
[36m(vLLMHttpServer pid=624691)[0m  'fcfs',
[36m(vLLMHttpServer pid=624691)[0m  '--compilation_config',
[36m(vLLMHttpServer pid=624691)[0m  '{"pass_config": {"fuse_allreduce_rms": false}}',
[36m(vLLMHttpServer pid=624691)[0m  '--kernel_config',
[36m(vLLMHttpServer pid=624691)[0m  '{"enable_flashinfer_autotune": false}']
[36m(vLLMHttpServer pid=624692)[0m WARNING 09-10 09:37:26 [config.py:372] Mamba cache mode is set to 'align' for Qwen3_5ForConditionalGeneration by default when prefix caching is enabled
[36m(vLLMHttpServer pid=624692)[0m WARNING 09-10 09:37:26 [vllm.py:743] Async scheduling will be disabled because it is not supported with the `<class 'verl.workers.rollout.vllm_rollout.vllm_async_server.ExternalZeroMQDistributedExecutor'>` distributed executor backend (only `mp`, `uni`, and `external_launcher` are supported).
[36m(vLLMHttpServer pid=624691)[0m W0910 09:37:42.528000 625201 site-packages/torch/utils/cpp_extension.py:118] No CUDA runtime is found, using CUDA_HOME='/apps/software/standard/core/cuda/12.8.0'
[36m(vLLMHttpServer pid=624692)[0m The `use_fast` parameter is deprecated and will be removed in a future version. Use `backend="torchvision"` instead of `use_fast=True`, or `backend="pil"` instead of `use_fast=False`.
[36m(WorkerDict pid=623996)[0m `Qwen2VLImageProcessorFast` is deprecated. The `Fast` suffix for image processors has been removed; use `Qwen2VLImageProcessor` instead.
[36m(WorkerDict pid=623996)[0m The `use_fast` parameter is deprecated and will be removed in a future version. Use `backend="torchvision"` instead of `use_fast=True`, or `backend="pil"` instead of `use_fast=False`.
[36m(vLLMHttpServer pid=624692)[0m W0910 09:37:42.528000 625208 site-packages/torch/utils/cpp_extension.py:118] No CUDA runtime is found, using CUDA_HOME='/apps/software/standard/core/cuda/12.8.0'
[36m(WorkerDict pid=623996)[0m <frozen importlib._bootstrap_external>:1301: FutureWarning: The cuda.cudart module is deprecated and will be removed in a future release, please switch to use the cuda.bindings.runtime module instead.
[36m(WorkerDict pid=623996)[0m <frozen importlib._bootstrap_external>:1301: FutureWarning: The cuda.nvrtc module is deprecated and will be removed in a future release, please switch to use the cuda.bindings.nvrtc module instead.
[36m(WorkerDict pid=623997)[0m `Qwen2VLImageProcessorFast` is deprecated. The `Fast` suffix for image processors has been removed; use `Qwen2VLImageProcessor` instead.
[36m(WorkerDict pid=623996)[0m /sfs/weka/scratch/nkw3mr/envs/vision-opd/lib/python3.12/site-packages/vllm/model_executor/layers/fla/ops/utils.py:113: UserWarning: Input tensor shape suggests potential format mismatch: seq_len (16) < num_heads (32). This may indicate the inputs were passed in head-first format [B, H, T, ...] when head_first=False was specified. Please verify your input tensor format matches the expected shape [B, T, H, ...].
[36m(WorkerDict pid=623996)[0m   return fn(*contiguous_args, **contiguous_kwargs)
[36m(WorkerDict pid=623997)[0m The `use_fast` parameter is deprecated and will be removed in a future version. Use `backend="torchvision"` instead of `use_fast=True`, or `backend="pil"` instead of `use_fast=False`.
[36m(WorkerDict pid=623996)[0m Capturing CUDA graphs (mixed prefill-decode, PIECEWISE):   0%|          | 0/51 [00:00<?, ?it/s]
[36m(WorkerDict pid=623997)[0m <frozen importlib._bootstrap_external>:1301: FutureWarning: The cuda.cudart module is deprecated and will be removed in a future release, please switch to use the cuda.bindings.runtime module instead.
[36m(WorkerDict pid=623997)[0m <frozen importlib._bootstrap_external>:1301: FutureWarning: The cuda.nvrtc module is deprecated and will be removed in a future release, please switch to use the cuda.bindings.nvrtc module instead.
[36m(WorkerDict pid=623997)[0m /sfs/weka/scratch/nkw3mr/envs/vision-opd/lib/python3.12/site-packages/vllm/model_executor/layers/fla/ops/utils.py:113: UserWarning: Input tensor shape suggests potential format mismatch: seq_len (16) < num_heads (32). This may indicate the inputs were passed in head-first format [B, H, T, ...] when head_first=False was specified. Please verify your input tensor format matches the expected shape [B, T, H, ...].
[36m(WorkerDict pid=623997)[0m   return fn(*contiguous_args, **contiguous_kwargs)
[36m(WorkerDict pid=623996)[0m Capturing CUDA graphs (mixed prefill-decode, PIECEWISE):   8%|▊         | 4/51 [00:00<00:01, 34.95it/s]
[36m(WorkerDict pid=623996)[0m Capturing CUDA graphs (mixed prefill-decode, PIECEWISE):  18%|█▊        | 9/51 [00:00<00:01, 38.74it/s]
[36m(WorkerDict pid=623996)[0m Capturing CUDA graphs (mixed prefill-decode, PIECEWISE):  27%|██▋       | 14/51 [00:00<00:00, 40.61it/s]
[36m(WorkerDict pid=623996)[0m Capturing CUDA graphs (mixed prefill-decode, PIECEWISE):  37%|███▋      | 19/51 [00:00<00:00, 43.21it/s]
[36m(WorkerDict pid=623996)[0m Capturing CUDA graphs (mixed prefill-decode, PIECEWISE):  49%|████▉     | 25/51 [00:00<00:00, 45.88it/s]
[36m(WorkerDict pid=623996)[0m Capturing CUDA graphs (mixed prefill-decode, PIECEWISE):  59%|█████▉    | 30/51 [00:00<00:00, 45.75it/s]
[36m(WorkerDict pid=623996)[0m Capturing CUDA graphs (mixed prefill-decode, PIECEWISE):  69%|██████▊   | 35/51 [00:00<00:00, 44.90it/s]
[36m(WorkerDict pid=623996)[0m Capturing CUDA graphs (mixed prefill-decode, PIECEWISE):  80%|████████  | 41/51 [00:00<00:00, 47.15it/s]Capturing CUDA graphs (mixed prefill-decode, PIECEWISE):  92%|█████████▏| 47/51 [00:01<00:00, 49.54it/s]
[36m(WorkerDict pid=623996)[0m Capturing CUDA graphs (mixed prefill-decode, PIECEWISE): 100%|██████████| 51/51 [00:01<00:00, 46.00it/s]
[36m(WorkerDict pid=623996)[0m Capturing CUDA graphs (decode, FULL):   0%|          | 0/51 [00:00<?, ?it/s]
[36m(WorkerDict pid=623996)[0m Capturing CUDA graphs (decode, FULL):   6%|▌         | 3/51 [00:00<00:01, 29.69it/s]
[36m(WorkerDict pid=623996)[0m Capturing CUDA graphs (decode, FULL):  14%|█▎        | 7/51 [00:00<00:01, 31.48it/s]
[36m(WorkerDict pid=623996)[0m Capturing CUDA graphs (decode, FULL):  22%|██▏       | 11/51 [00:00<00:01, 32.90it/s]
[36m(WorkerDict pid=623996)[0m Capturing CUDA graphs (decode, FULL):  29%|██▉       | 15/51 [00:00<00:01, 34.10it/s]
[36m(WorkerDict pid=623996)[0m Capturing CUDA graphs (decode, FULL):  39%|███▉      | 20/51 [00:00<00:00, 37.23it/s]
[36m(WorkerDict pid=623996)[0m Capturing CUDA graphs (decode, FULL):  49%|████▉     | 25/51 [00:00<00:00, 40.20it/s]
[36m(WorkerDict pid=623996)[0m Capturing CUDA graphs (decode, FULL):  59%|█████▉    | 30/51 [00:00<00:00, 42.43it/s]
[36m(WorkerDict pid=623996)[0m Capturing CUDA graphs (decode, FULL):  69%|██████▊   | 35/51 [00:00<00:00, 44.07it/s]
[36m(WorkerDict pid=623996)[0m Capturing CUDA graphs (decode, FULL):  80%|████████  | 41/51 [00:01<00:00, 46.74it/s]
[36m(WorkerDict pid=623996)[0m Capturing CUDA graphs (decode, FULL):  92%|█████████▏| 47/51 [00:01<00:00, 50.13it/s]Capturing CUDA graphs (decode, FULL): 100%|██████████| 51/51 [00:01<00:00, 43.60it/s]
[36m(vLLMHttpServer pid=624691)[0m (EngineCore pid=625201) Warning: You are sending unauthenticated requests to the HF Hub. Please set a HF_TOKEN to enable higher rate limits and faster downloads.
[36m(vLLMHttpServer pid=624691)[0m (EngineCore pid=625201) `Qwen2VLImageProcessorFast` is deprecated. The `Fast` suffix for image processors has been removed; use `Qwen2VLImageProcessor` instead.
[36m(vLLMHttpServer pid=624691)[0m (EngineCore pid=625201) The `use_fast` parameter is deprecated and will be removed in a future version. Use `backend="torchvision"` instead of `use_fast=True`, or `backend="pil"` instead of `use_fast=False`.
[36m(vLLMHttpServer pid=624691)[0m The argument `trust_remote_code` is to be used with Auto classes. It has no effect here and is ignored.
[36m(vLLMHttpServer pid=624691)[0m `layer_type_validation` is deprecated and will be removed in v5.20. Use `PreTrainedConfig.validate_layer_type` instead
[36m(vLLMHttpServer pid=624691)[0m `layer_type_validation` is deprecated and will be removed in v5.20. Use `PreTrainedConfig.validate_layer_type` instead
[36m(vLLMHttpServer pid=624691)[0m `layer_type_validation` is deprecated and will be removed in v5.20. Use `PreTrainedConfig.validate_layer_type` instead
[36m(vLLMHttpServer pid=624692)[0m (EngineCore pid=625208) Warning: You are sending unauthenticated requests to the HF Hub. Please set a HF_TOKEN to enable higher rate limits and faster downloads.
[36m(vLLMHttpServer pid=624692)[0m (EngineCore pid=625208) `Qwen2VLImageProcessorFast` is deprecated. The `Fast` suffix for image processors has been removed; use `Qwen2VLImageProcessor` instead.
[36m(vLLMHttpServer pid=624691)[0m The argument `trust_remote_code` is to be used with Auto classes. It has no effect here and is ignored.
[36m(vLLMHttpServer pid=624691)[0m `layer_type_validation` is deprecated and will be removed in v5.20. Use `PreTrainedConfig.validate_layer_type` instead
[36m(vLLMHttpServer pid=624691)[0m `layer_type_validation` is deprecated and will be removed in v5.20. Use `PreTrainedConfig.validate_layer_type` instead
[36m(vLLMHttpServer pid=624691)[0m `layer_type_validation` is deprecated and will be removed in v5.20. Use `PreTrainedConfig.validate_layer_type` instead
[36m(vLLMHttpServer pid=624691)[0m The argument `trust_remote_code` is to be used with Auto classes. It has no effect here and is ignored.
[36m(vLLMHttpServer pid=624691)[0m `layer_type_validation` is deprecated and will be removed in v5.20. Use `PreTrainedConfig.validate_layer_type` instead
[36m(vLLMHttpServer pid=624691)[0m `layer_type_validation` is deprecated and will be removed in v5.20. Use `PreTrainedConfig.validate_layer_type` instead
[36m(vLLMHttpServer pid=624691)[0m `layer_type_validation` is deprecated and will be removed in v5.20. Use `PreTrainedConfig.validate_layer_type` instead
[36m(vLLMHttpServer pid=624692)[0m (EngineCore pid=625208) The `use_fast` parameter is deprecated and will be removed in a future version. Use `backend="torchvision"` instead of `use_fast=True`, or `backend="pil"` instead of `use_fast=False`.
[36m(vLLMHttpServer pid=624691)[0m The argument `trust_remote_code` is to be used with Auto classes. It has no effect here and is ignored.[32m [repeated 4x across cluster][0m
[36m(vLLMHttpServer pid=624691)[0m `layer_type_validation` is deprecated and will be removed in v5.20. Use `PreTrainedConfig.validate_layer_type` instead[32m [repeated 12x across cluster][0m
[36m(WorkerDict pid=623997)[0m /sfs/weka/scratch/nkw3mr/Vision-OPD-OPSA/verl/utils/device.py:134: FutureWarning: torch.cuda._set_allocator_settings is deprecated. Use torch._C._accelerator_setAllocatorSettings instead.
[36m(WorkerDict pid=623997)[0m   torch.cuda.memory._set_allocator_settings(f"expandable_segments:{enable}")
[36m(TaskRunner pid=623297)[0m wandb: Currently logged in as: nkw3mr (nkw3mr-university-of-virginia) to https://api.wandb.ai. Use `wandb login --relogin` to force relogin
[36m(TaskRunner pid=623297)[0m wandb: Tracking run with wandb version 0.23.1
[36m(TaskRunner pid=623297)[0m wandb: Run data is saved locally in /sfs/weka/scratch/nkw3mr/Vision-OPD-OPSA/wandb/run-20260910_093837-ngsiab6p
[36m(TaskRunner pid=623297)[0m wandb: Run `wandb offline` to turn off syncing.
[36m(TaskRunner pid=623297)[0m wandb: Syncing run Aha-Qwen3.5-4B-pair6k
[36m(TaskRunner pid=623297)[0m wandb: ⭐️ View project at https://wandb.ai/nkw3mr-university-of-virginia/Vision-OPD-StateAdaptive
[36m(TaskRunner pid=623297)[0m wandb: 🚀 View run at https://wandb.ai/nkw3mr-university-of-virginia/Vision-OPD-StateAdaptive/runs/ngsiab6p
[36m(TaskRunner pid=623297)[0m wandb: Detected [openai] in use.
[36m(TaskRunner pid=623297)[0m wandb: Use W&B Weave for improved LLM call tracing. Install Weave with `pip install weave` then add `import weave` to the top of your script.
[36m(TaskRunner pid=623297)[0m wandb: For more information, check out the docs at: https://weave-docs.wandb.ai/
[36m(TaskRunner pid=623297)[0m Training Progress:   0%|          | 0/51 [00:00<?, ?it/s]
[36m(AgentLoopWorker pid=626263)[0m W0910 09:38:44.986000 626263 site-packages/torch/utils/cpp_extension.py:118] No CUDA runtime is found, using CUDA_HOME='/apps/software/standard/core/cuda/12.8.0'
[36m(vLLMHttpServer pid=624692)[0m The argument `trust_remote_code` is to be used with Auto classes. It has no effect here and is ignored.[32m [repeated 3x across cluster][0m
[36m(vLLMHttpServer pid=624692)[0m `layer_type_validation` is deprecated and will be removed in v5.20. Use `PreTrainedConfig.validate_layer_type` instead[32m [repeated 9x across cluster][0m
[36m(WorkerDict pid=623996)[0m /sfs/weka/scratch/nkw3mr/Vision-OPD-OPSA/verl/utils/device.py:134: FutureWarning: torch.cuda._set_allocator_settings is deprecated. Use torch._C._accelerator_setAllocatorSettings instead.
[36m(WorkerDict pid=623996)[0m   torch.cuda.memory._set_allocator_settings(f"expandable_segments:{enable}")
[36m(AgentLoopWorker pid=626263)[0m Warning: You are sending unauthenticated requests to the HF Hub. Please set a HF_TOKEN to enable higher rate limits and faster downloads.
[36m(AgentLoopWorker pid=626264)[0m Keyword argument `video_metadatas` is not a valid argument for this processor and will be ignored.
[36m(AgentLoopWorker pid=626264)[0m W0910 09:38:45.243000 626264 site-packages/torch/utils/cpp_extension.py:118] No CUDA runtime is found, using CUDA_HOME='/apps/software/standard/core/cuda/12.8.0'[32m [repeated 7x across cluster][0m
[36m(AgentLoopWorker pid=626262)[0m Warning: You are sending unauthenticated requests to the HF Hub. Please set a HF_TOKEN to enable higher rate limits and faster downloads.[32m [repeated 7x across cluster][0m
[36m(vLLMHttpServer pid=624692)[0m WARNING 09-10 09:37:36 [system_utils.py:152] We must use the `spawn` multiprocessing start method. Overriding VLLM_WORKER_MULTIPROC_METHOD to 'spawn'. See https://docs.vllm.ai/en/latest/usage/troubleshooting.html#python-multiprocessing for more information. Reasons: In a Ray actor and can only be spawned
[36m(vLLMHttpServer pid=624691)[0m WARNING 09-10 09:37:26 [envs.py:1717] Unknown vLLM environment variable detected: VLLM_USE_V1
[36m(vLLMHttpServer pid=624691)[0m WARNING 09-10 09:37:26 [config.py:372] Mamba cache mode is set to 'align' for Qwen3_5ForConditionalGeneration by default when prefix caching is enabled
[36m(vLLMHttpServer pid=624691)[0m WARNING 09-10 09:37:26 [vllm.py:743] Async scheduling will be disabled because it is not supported with the `<class 'verl.workers.rollout.vllm_rollout.vllm_async_server.ExternalZeroMQDistributedExecutor'>` distributed executor backend (only `mp`, `uni`, and `external_launcher` are supported).
[36m(WorkerDict pid=623996)[0m WARNING 09-10 09:37:45 [worker_base.py:287] Missing `shared_worker_lock` argument from executor. This argument is needed for mm_processor_cache_type='shm'.
[36m(vLLMHttpServer pid=624691)[0m WARNING 09-10 09:37:36 [system_utils.py:152] We must use the `spawn` multiprocessing start method. Overriding VLLM_WORKER_MULTIPROC_METHOD to 'spawn'. See https://docs.vllm.ai/en/latest/usage/troubleshooting.html#python-multiprocessing for more information. Reasons: In a Ray actor and can only be spawned
[36m(vLLMHttpServer pid=624691)[0m WARNING 09-10 09:38:27 [api_router.py:30] LoRA dynamic loading & unloading is enabled in the API server. This should ONLY be used for local development!
[36m(WorkerDict pid=623997)[0m WARNING 09-10 09:37:45 [worker_base.py:287] Missing `shared_worker_lock` argument from executor. This argument is needed for mm_processor_cache_type='shm'.
[36m(vLLMHttpServer pid=624691)[0m WARNING 09-10 09:38:27 [model.py:1376] Default vLLM sampling parameters have been overridden by the model's `generation_config.json`: `{'repetition_penalty': 1.0, 'temperature': 1.0, 'top_k': -1, 'top_p': 1, 'max_tokens': 1024}`. If this is not intended, please relaunch vLLM instance with `--generation-config vllm`.
[36m(TaskRunner pid=623297)[0m AgentLoopManager: ['10.250.133.122:39303', '10.250.133.122:33095']
[36m(vLLMHttpServer pid=624692)[0m WARNING 09-10 09:38:27 [api_router.py:30] LoRA dynamic loading & unloading is enabled in the API server. This should ONLY be used for local development!
[36m(vLLMHttpServer pid=624692)[0m WARNING 09-10 09:38:28 [model.py:1376] Default vLLM sampling parameters have been overridden by the model's `generation_config.json`: `{'repetition_penalty': 1.0, 'temperature': 1.0, 'top_k': -1, 'top_p': 1, 'max_tokens': 1024}`. If this is not intended, please relaunch vLLM instance with `--generation-config vllm`.
[36m(TaskRunner pid=623297)[0m Saving tensorboard log to tensorboard_log/Vision-OPD-StateAdaptive/Aha-Qwen3.5-4B-pair6k.
[36m(TaskRunner pid=623297)[0m Checkpoint tracker file does not exist: /sfs/weka/scratch/nkw3mr/Vision-OPD-OPSA/checkpoints/Aha-Qwen3.5-4B-pair6k/latest_checkpointed_iteration.txt
[36m(TaskRunner pid=623297)[0m Training from scratch
[36m(AgentLoopWorker pid=626264)[0m Using dataset class: RLHFDataset
[36m(vLLMHttpServer pid=624691)[0m WARNING 09-10 09:38:51 [input_processor.py:227] Passing raw prompts to InputProcessor is deprecated and will be removed in v0.18. You should instead pass the outputs of Renderer.render_cmpl() or Renderer.render_chat().
[36m(TaskRunner pid=623297)[0m Dumped generations to /sfs/weka/scratch/nkw3mr/Vision-OPD-OPSA/rollouts/Aha-Qwen3.5-4B-pair6k/1.jsonl
[36m(AgentLoopWorker pid=626262)[0m Using dataset class: RLHFDataset[32m [repeated 7x across cluster][0m
[36m(vLLMHttpServer pid=624692)[0m WARNING 09-10 09:38:51 [input_processor.py:227] Passing raw prompts to InputProcessor is deprecated and will be removed in v0.18. You should instead pass the outputs of Renderer.render_cmpl() or Renderer.render_chat().
[36m(TaskRunner pid=623297)[0m step:1 - global_seqlen/min:341399 - global_seqlen/max:341399 - global_seqlen/minmax_diff:0 - global_seqlen/balanced_min:341399 - global_seqlen/balanced_max:341399 - global_seqlen/mean:341399.0 - self_distillation/teacher_always_on_fraction:1.0 - self_distillation/teacher_image_swap_fraction:1.0 - self_distillation/policy_fallback_fraction:0.0 - self_distillation/grpo_fallback_count:0.0 - rollout_corr/rollout_is_mean:1.0 - rollout_corr/rollout_is_ratio_fraction_high:0.0 - rollout_corr/rollout_is_ratio_fraction_low:0.0 - rollout_corr/rollout_is_max:1.0 - rollout_corr/rollout_is_min:1.0 - rollout_corr/rollout_is_std:0.0 - rollout_corr/rollout_is_eff_sample_size:1.0 - rollout_corr/rollout_is_seq_mean:1.0 - rollout_corr/rollout_is_seq_std:0.0 - rollout_corr/rollout_is_seq_max:1.0 - rollout_corr/rollout_is_seq_min:1.0 - rollout_corr/rollout_is_seq_max_deviation:0.0 - rollout_corr/rollout_is_seq_fraction_high:0.0 - rollout_corr/rollout_is_seq_fraction_low:0.0 - rollout_corr/training_ppl:1.7741033770143986 - rollout_corr/training_log_ppl:0.5507839462176586 - rollout_corr/kl:0.022591641441370786 - rollout_corr/k3_kl:0.049590673782707505 - rollout_corr/rollout_ppl:1.7281891653935115 - rollout_corr/rollout_log_ppl:0.5281923015912374 - rollout_corr/log_ppl_diff:0.022591644626421232 - rollout_corr/log_ppl_abs_diff:0.057650368311442435 - rollout_corr/log_ppl_diff_max:0.23345094919204712 - rollout_corr/log_ppl_diff_min:-0.33050185441970825 - rollout_corr/ppl_ratio:1.025689596310258 - rollout_corr/chi2_token:0.2574429263671239 - rollout_corr/chi2_seq:4.147027383868893 - actor/pg_loss:0.19922714075073597 - actor/kl_loss:0.0 - actor/grpo_loss:0.0 - actor/vopd_loss:0.19922714075073597 - actor/vopd_loss_weighted:0.19922714075073597 - actor/policy_fallback_fraction:0.0 - aha/u_mean:-0.1638042932257425 - aha/u_neg_valley_frac:0.5216878939730426 - aha/floor_clamped_frac:0.0 - aha/q_tail_mass:0.006811676044003012 - aha/argmax_conf:0.9668094515800476 - self_distillation/raw_jsd_token_mean:0.199227140750736 - self_distillation/weighted_jsd_token_mean:0.199227140750736 - self_distillation/self_distillation_mask.mean():1.0 - self_distillation/num_distill_tokens:131.92708333333334 - self_distillation/empty_target_batch:0.0 - actor/grad_norm:6.367318630218506 - timing_s/update_actor/student_forward:42.03361957601737 - timing_s/update_actor/teacher_forward:64.43237175489776 - timing_s/update_actor/teacher_full_forward:0.0 - timing_s/update_actor/teacher_null_forward:58.26611597201554 - timing_s/update_actor/loss_compute:0.08965928584802896 - timing_s/update_actor/backward:91.60346637689508 - timing_s/update_actor/optimizer_step:0.19519025302724913 - timing_s/update_actor/teacher_ema_update:4.864699440076947e-05 - perf/mfu/actor:0.0 - perf/max_memory_allocated_gb:79.08686256408691 - perf/max_memory_reserved_gb:90.177734375 - perf/cpu_memory_used_gb:236.75978469848633 - actor/lr:0.0 - training/global_step:1 - training/epoch:0 - response_length/mean:131.9270782470703 - response_length/max:1024.0 - response_length/min:4.0 - response_length/clip_ratio:0.02083333395421505 - response_length_non_aborted/mean:131.9270782470703 - response_length_non_aborted/max:1024.0 - response_length_non_aborted/min:4.0 - response_length_non_aborted/clip_ratio:0.02083333395421505 - response/aborted_ratio:0.0 - prompt_length/mean:3424.3125 - prompt_length/max:5330.0 - prompt_length/min:3158.0 - prompt_length/clip_ratio:0.0 - num_turns/min:2 - num_turns/max:2 - num_turns/mean:2.0 - timing_s/start_profile:0.00014793302398175 - timing_s/agent_loop/generate_sequences/min:13.214610561961308 - timing_s/agent_loop/generate_sequences/max:31.0313387089991 - timing_s/agent_loop/generate_sequences/mean:21.199343133600753 - timing_s/agent_loop/tool_calls/min:0.0 - timing_s/agent_loop/tool_calls/max:0.0 - timing_s/agent_loop/tool_calls/mean:0.0 - timing_s/agent_loop/slowest/generate_sequences:31.0313387089991 - timing_s/agent_loop/slowest/tool_calls:0.0 - timing_s/agent_loop/slowest/prompt_length:3346 - timing_s/agent_loop/slowest/response_length:1024 - tim[36m(TaskRunner pid=623297)[0m Training Progress:   2%|▏         | 1/51 [06:22<5:19:08, 382.98s/it]
[36m(AgentLoopWorker pid=626262)[0m Keyword argument `video_metadatas` is not a valid argument for this processor and will be ignored.[32m [repeated 7x across cluster][0m
[36m(TaskRunner pid=623297)[0m Training Progress:   4%|▍         | 2/51 [12:21<5:00:59, 368.57s/it]
ing_s/gen:48.96736263699131 - timing_s/adv:27.77887560601812 - timing_s/update_actor:305.983469519997 - timing_s/dump_rollout_generations:0.05355182499624789 - timing_s/step:382.8112275680178 - timing_s/stop_profile:2.8588983695954084e-05 - timing_per_token_ms/update_actor:0.8962635201626162 - timing_per_token_ms/adv:0.08136777086640007 - timing_per_token_ms/gen:3.8663531493873915 - perf/total_num_tokens:341399 - perf/time_per_step:382.8112275680178 - perf/throughput:445.91038012245906
[36m(TaskRunner pid=623297)[0m Dumped generations to /sfs/weka/scratch/nkw3mr/Vision-OPD-OPSA/rollouts/Aha-Qwen3.5-4B-pair6k/2.jsonl
[36m(TaskRunner pid=623297)[0m step:2 - global_seqlen/min:336301 - global_seqlen/max:336301 - global_seqlen/minmax_diff:0 - global_seqlen/balanced_min:336301 - global_seqlen/balanced_max:336301 - global_seqlen/mean:336301.0 - self_distillation/teacher_always_on_fraction:1.0 - self_distillation/teacher_image_swap_fraction:1.0 - self_distillation/policy_fallback_fraction:0.0 - self_distillation/grpo_fallback_count:0.0 - rollout_corr/rollout_is_mean:1.0 - rollout_corr/rollout_is_ratio_fraction_high:0.0 - rollout_corr/rollout_is_ratio_fraction_low:0.0 - rollout_corr/rollout_is_max:1.0 - rollout_corr/rollout_is_min:1.0 - rollout_corr/rollout_is_std:0.0 - rollout_corr/rollout_is_eff_sample_size:1.0 - rollout_corr/rollout_is_seq_mean:1.0 - rollout_corr/rollout_is_seq_std:0.0 - rollout_corr/rollout_is_seq_max:1.0 - rollout_corr/rollout_is_seq_min:1.0 - rollout_corr/rollout_is_seq_max_deviation:0.0 - rollout_corr/rollout_is_seq_fraction_high:0.0 - rollout_corr/rollout_is_seq_fraction_low:0.0 - rollout_corr/training_ppl:2.1283537012835345 - rollout_corr/training_log_ppl:0.6648728822668394 - rollout_corr/kl:0.026295089558213174 - rollout_corr/k3_kl:0.05292520558577962 - rollout_corr/rollout_ppl:2.195257337143024 - rollout_corr/rollout_log_ppl:0.6385777858862033 - rollout_corr/log_ppl_diff:0.026295096380636096 - rollout_corr/log_ppl_abs_diff:0.06318190375653406 - rollout_corr/log_ppl_diff_max:0.5202870965003967 - rollout_corr/log_ppl_diff_min:-0.8949108123779297 - rollout_corr/ppl_ratio:1.0329989772289991 - rollout_corr/chi2_token:0.20357675043245158 - rollout_corr/chi2_seq:13.740829090277353 - actor/pg_loss:0.1787873319117353 - actor/kl_loss:0.0 - actor/grpo_loss:0.0 - actor/vopd_loss:0.1787873319117353 - actor/vopd_loss_weighted:0.1787873319117353 - actor/policy_fallback_fraction:0.0 - aha/u_mean:-0.18403885830654568 - aha/u_neg_valley_frac:0.5386794973164797 - aha/floor_clamped_frac:0.0 - aha/q_tail_mass:0.007628896773349325 - aha/argmax_conf:0.9712886810302734 - self_distillation/raw_jsd_token_mean:0.17878733191173524 - self_distillation/weighted_jsd_token_mean:0.17878733191173524 - self_distillation/self_distillation_mask.mean():1.0 - self_distillation/num_distill_tokens:128.84375 - self_distillation/empty_target_batch:0.0 - actor/grad_norm:4.425776481628418 - timing_s/update_actor/student_forward:43.24050798686221 - timing_s/update_actor/teacher_forward:56.41096304374514 - timing_s/update_actor/teacher_full_forward:0.0 - timing_s/update_actor/teacher_null_forward:57.276198998850305 - timing_s/update_actor/loss_compute:0.06537680159090087 - timing_s/update_actor/backward:99.43736496742349 - timing_s/update_actor/optimizer_step:0.08468877599807456 - timing_s/update_actor/teacher_ema_update:4.63940086774528e-05 - perf/mfu/actor:0.0 - perf/max_memory_allocated_gb:80.42434597015381 - perf/max_memory_reserved_gb:91.525390625 - perf/cpu_memory_used_gb:304.1242256164551 - actor/lr:2e-07 - training/global_step:2 - training/epoch:0 - response_length/mean:128.84375 - response_length/max:889.0 - response_length/min:2.0 - response_length/clip_ratio:0.0 - response_length_non_aborted/mean:128.84375 - response_length_non_aborted/max:889.0 - response_length_non_aborted/min:2.0 - response_length_non_aborted/clip_ratio:0.0 - response/aborted_ratio:0.0 - prompt_length/mean:3374.291748046875 - prompt_length/max:3971.0 - prompt_length/min:3161.0 - prompt_length/clip_ratio:0.0 - num_turns/min:2 - num_turns/max:2 - num_turns/mean:2.0 - timing_s/start_profile:3.372604260221124e-05 - timing_s/agent_loop/generate_sequences/min:5.590526549029164 - timing_s/agent_loop/generate_sequences/max:20.990867664979305 - timing_s/agent_loop/generate_sequences/mean:14.208939455470196 - timing_s/agent_loop/tool_calls/min:0.0 - timing_s/agent_loop/tool_calls/max:0.0 - timing_s/agent_loop/tool_calls/mean:0.0 - timing_s/agent_loop/slowest/generate_sequences:20.990867664979305 - timing_s/agent_loop/slowest/tool_calls:0.0 - timing_s/agent_loop/slowest/prompt_length:3344 - timing_s/agent_loop/slowest/response_length:889 - timing_s/gen:31.88708084501559 - timing_s/adv:27.80866901500849 - timing_s/update_actor:298.4907370820292 - timing_s/dump_rollout_generations:0.05654451798181981 - timing_s/step:358.262116006983 - timing_s/stop_profile:3.099202876910567e-05 - timing_per_token_ms/update_actor:0.8875701739870807 - timing_per_token_ms/adv:0.08268981958129322 - timing_per_token_ms/gen:2.577983737166755 - perf/total_num_tokens:336301 - perf/time_per_step:358.262116006983 - perf/throughput:469.3504908476634
[36m(TaskRunner pid=623297)[0m Dumped generations to /sfs/weka/scratch/nkw3mr/Vision-OPD-OPSA/rollouts/Aha-Qwen3.5-4B-pair6k/3.jsonl
[36m(TaskRunner pid=623297)[0m step:3 - global_seqlen/min:337424 - global_seqlen/max:337424 - global_seqlen/minmax_diff:0 - global_seqlen/balanced_min:337424 - global_seqlen/balanced_max:337424 - global_seqlen/mean:337424.0 - self_distillation/teacher_always_on_fraction:1.0 - self_distillation/teacher_image_swap_fraction:1.0 - self_distillation/policy_fallback_fraction:0.0 - self_distillation/grpo_fallback_count:0.0 - rollout_corr/rollout_is_mean:1.0 - rollout_corr/rollout_is_ratio_fraction_high:0.0 - rollout_corr/rollout_is_ratio_fraction_low:0.0 - rollout_corr/rollout_is_max:1.0 - rollout_corr/rollout_is_min:1.0 - rollout_corr/rollout_is_std:0.0 - rollout_corr/rollout_is_eff_sample_size:1.0 - rollout_corr/rollout_is_seq_mean:1.0 - rollout_corr/rollout_is_seq_std:0.0 - rollout_corr/rollout_is_seq_max:1.0 - rollout_corr/rollout_is_seq_min:1.0 - rollout_corr/rollout_is_seq_max_deviation:0.0 - rollout_corr/rollout_is_seq_fraction_high:0.0 - rollout_corr/rollout_is_seq_fraction_low:0.0 - rollout_corr/training_ppl:1.8207472239931424 - rollout_corr/training_log_ppl:0.5536756836809218 - rollout_corr/kl:-0.013871612822792182 - rollout_corr/k3_kl:0.13513202481552375 - rollout_corr/rollout_ppl:1.8639045755068462 - rollout_corr/rollout_log_ppl:0.5675472980365157 - rollout_corr/log_ppl_diff:-0.01387161435559392 - rollout_corr/log_ppl_abs_diff:0.08406990021467209 - rollout_corr/log_ppl_diff_max:0.14290982484817505 - rollout_corr/log_ppl_diff_min:-0.5935426950454712 - rollout_corr/ppl_ratio:0.9954470129062732 - rollout_corr/chi2_token:1.749365313599507 - rollout_corr/chi2_seq:5.139229531089465 - actor/pg_loss:0.2125647197438714 - actor/kl_loss:0.0 - actor/grpo_loss:0.0 - actor/vopd_loss:0.2125647197438714 - actor/vopd_loss_weighted:0.2125647197438714 - actor/policy_fallback_fraction:0.0 - aha/u_mean:-0.1378972591822579 - aha/u_neg_valley_frac:0.5268813002233704 - aha/floor_clamped_frac:0.0 - aha/q_tail_mass:0.008340028103555506 - aha/argmax_conf:0.9768142700195312 - self_distillation/raw_jsd_token_mean:0.21256471974387145 - self_distillation/weighted_jsd_token_mean:0.21256471974387145 - self_distillation/self_distillation_mask.mean():1.0 - self_distillation/num_distill_tokens:134.54166666666666 - self_distillation/empty_target_batch:0.0 - actor/grad_norm:5.829880237579346 - timing_s/update_actor/student_forward:52.18094076658599 - timing_s/update_actor/teacher_forward:57.44412486383226 - timing_s/update_actor/teacher_full_forward:0.0 - timing_s/update_actor/teacher_null_forward:57.21814352972433 - timing_s/update_actor/loss_compute:0.06367761752335355 - timing_s/update_actor/backward:95.52724864310585 - timing_s/update_actor/optimizer_step:0.08475484297377989 - timing_s/update_actor/teacher_ema_update:5.434395279735327e-05 - perf/mfu/actor:0.0 - perf/max_memory_allocated_gb:80.70811176300049 - perf/max_memory_reserved_gb:92.369140625 - perf/cpu_memory_used_gb:304.4761772155762 - actor/lr:4e-07 - training/global_step:3 - training/epoch:0 - response_length/mean:134.5416717529297 - response_length/max:1024.0 - response_length/min:2.0 - response_length/clip_ratio:0.010416666977107525 - response_length_non_aborted/mean:134.5416717529297 - response_length_non_aborted/max:1024.0 - response_length_non_aborted/min:2.0 - response_length_non_aborted/clip_ratio:0.010416666977107525 - response/aborted_ratio:0.0 - prompt_length/mean:3380.291748046875 - prompt_length/max:3959.0 - prompt_length/min:3158.0 - prompt_length/clip_ratio:0.0 - num_turns/min:2 - num_turns/max:2 - num_turns/mean:2.0 - timing_s/start_profile:4.014500882476568e-05 - timing_s/agent_loop/generate_sequences/min:5.120779120014049 - timing_s/agent_loop/generate_sequences/max:22.83000782399904 - timing_s/agent_loop/generate_sequences/mean:12.943716930896699 - timing_s/agent_loop/tool_calls/min:0.0 - timing_s/agent_loop/tool_calls/max:0.0 - timing_s/agent_loop/tool_calls/mean:0.0 - timing_s/agent_loop/slowest/generate_sequences:22.83000782399904 - timing_s/agent_loop/slowest/tool_calls:0.0 - timing_s/agent_loop/slowest/prompt_length:3382 - timing_s/agent_loop/slowest/response_leng[36m(TaskRunner pid=623297)[0m Training Progress:   6%|▌         | 3/51 [18:27<4:53:45, 367.19s/it]
[36m(TaskRunner pid=623297)[0m Training Progress:   8%|▊         | 4/51 [24:29<4:46:06, 365.25s/it]
th:1024 - timing_s/gen:33.16664288396714 - timing_s/adv:29.85122329404112 - timing_s/update_actor:302.1766315200366 - timing_s/dump_rollout_generations:0.051278055005241185 - timing_s/step:365.2751670120051 - timing_s/stop_profile:2.3241969756782055e-05 - timing_per_token_ms/update_actor:0.8955398297691824 - timing_per_token_ms/adv:0.0884679907002499 - timing_per_token_ms/gen:2.5678726296041456 - perf/total_num_tokens:337424 - perf/time_per_step:365.2751670120051 - perf/throughput:461.87645708325726
[36m(TaskRunner pid=623297)[0m Dumped generations to /sfs/weka/scratch/nkw3mr/Vision-OPD-OPSA/rollouts/Aha-Qwen3.5-4B-pair6k/4.jsonl
[36m(TaskRunner pid=623297)[0m step:4 - global_seqlen/min:337114 - global_seqlen/max:337114 - global_seqlen/minmax_diff:0 - global_seqlen/balanced_min:337114 - global_seqlen/balanced_max:337114 - global_seqlen/mean:337114.0 - self_distillation/teacher_always_on_fraction:1.0 - self_distillation/teacher_image_swap_fraction:1.0 - self_distillation/policy_fallback_fraction:0.0 - self_distillation/grpo_fallback_count:0.0 - rollout_corr/rollout_is_mean:1.0 - rollout_corr/rollout_is_ratio_fraction_high:0.0 - rollout_corr/rollout_is_ratio_fraction_low:0.0 - rollout_corr/rollout_is_max:1.0 - rollout_corr/rollout_is_min:1.0 - rollout_corr/rollout_is_std:0.0 - rollout_corr/rollout_is_eff_sample_size:1.0 - rollout_corr/rollout_is_seq_mean:1.0 - rollout_corr/rollout_is_seq_std:0.0 - rollout_corr/rollout_is_seq_max:1.0 - rollout_corr/rollout_is_seq_min:1.0 - rollout_corr/rollout_is_seq_max_deviation:0.0 - rollout_corr/rollout_is_seq_fraction_high:0.0 - rollout_corr/rollout_is_seq_fraction_low:0.0 - rollout_corr/training_ppl:1.900045771151781 - rollout_corr/training_log_ppl:0.6214236323721707 - rollout_corr/kl:0.03890949312941908 - rollout_corr/k3_kl:0.045314818426656224 - rollout_corr/rollout_ppl:1.8215787162383397 - rollout_corr/rollout_log_ppl:0.5825141368744274 - rollout_corr/log_ppl_diff:0.038909495497743286 - rollout_corr/log_ppl_abs_diff:0.04678167495876551 - rollout_corr/log_ppl_diff_max:0.16786596179008484 - rollout_corr/log_ppl_diff_min:-0.09629793465137482 - rollout_corr/ppl_ratio:1.040649079407255 - rollout_corr/chi2_token:0.22015399734179178 - rollout_corr/chi2_seq:0.009225238114595413 - actor/pg_loss:0.19849762887073064 - actor/kl_loss:0.0 - actor/grpo_loss:0.0 - actor/vopd_loss:0.19849762887073064 - actor/vopd_loss_weighted:0.19849762887073064 - actor/policy_fallback_fraction:0.0 - aha/u_mean:-0.1646715480067845 - aha/u_neg_valley_frac:0.5285297478549182 - aha/floor_clamped_frac:0.0 - aha/q_tail_mass:0.008051718482420256 - aha/argmax_conf:0.9216612577438354 - self_distillation/raw_jsd_token_mean:0.1984976288707306 - self_distillation/weighted_jsd_token_mean:0.1984976288707306 - self_distillation/self_distillation_mask.mean():1.0 - self_distillation/num_distill_tokens:129.02083333333334 - self_distillation/empty_target_batch:0.0 - actor/grad_norm:4.40496301651001 - timing_s/update_actor/student_forward:59.986939363065176 - timing_s/update_actor/teacher_forward:57.1569884159253 - timing_s/update_actor/teacher_full_forward:0.0 - timing_s/update_actor/teacher_null_forward:56.04058273800183 - timing_s/update_actor/loss_compute:0.06909669609740376 - timing_s/update_actor/backward:86.4335502939648 - timing_s/update_actor/optimizer_step:0.084846607001964 - timing_s/update_actor/teacher_ema_update:3.408698830753565e-05 - perf/mfu/actor:0.0 - perf/max_memory_allocated_gb:80.70811176300049 - perf/max_memory_reserved_gb:92.369140625 - perf/cpu_memory_used_gb:304.90219497680664 - actor/lr:6e-07 - training/global_step:4 - training/epoch:0 - response_length/mean:129.0208282470703 - response_length/max:1024.0 - response_length/min:5.0 - response_length/clip_ratio:0.010416666977107525 - response_length_non_aborted/mean:129.0208282470703 - response_length_non_aborted/max:1024.0 - response_length_non_aborted/min:5.0 - response_length_non_aborted/clip_ratio:0.010416666977107525 - response/aborted_ratio:0.0 - prompt_length/mean:3382.583251953125 - prompt_length/max:3963.0 - prompt_length/min:3207.0 - prompt_length/clip_ratio:0.0 - num_turns/min:2 - num_turns/max:2 - num_turns/mean:2.0 - timing_s/start_profile:2.453295746818185e-05 - timing_s/agent_loop/generate_sequences/min:5.309221041970886 - timing_s/agent_loop/generate_sequences/max:21.921419796999544 - timing_s/agent_loop/generate_sequences/mean:13.867343126928366 - timing_s/agent_loop/tool_calls/min:0.0 - timing_s/agent_loop/tool_calls/max:0.0 - timing_s/agent_loop/tool_calls/mean:0.0 - timing_s/agent_loop/slowest/generate_sequences:21.921419796999544 - timing_s/agent_loop/slowest/tool_calls:0.0 - timing_s/agent_loop/slowest/prompt_length:3349 - timing_s/agent_loop/slowest/response_length:1024 - timing_s/gen:34.35400786699029 - timing_s/adv:29.650602141977288 - timing_s/update_actor:297.9291242340114 - timing_s/dump_rollout_generations:0.05452101497212425 - timing_s/step:362.0122509349603 - timing_s/stop_profile:2.9580958653241396e-05 - timing_per_token_ms/update_actor:0.8837637245383205 - timing_per_token_ms/adv:0.08795422955432669 - timing_per_token_ms/gen:2.7736160073462206 - perf/total_num_tokens:337114 - perf/time_per_step:362.0122509349603 - perf/throughput:465.6113144366576
[36m(TaskRunner pid=623297)[0m Dumped generations to /sfs/weka/scratch/nkw3mr/Vision-OPD-OPSA/rollouts/Aha-Qwen3.5-4B-pair6k/5.jsonl
[36m(TaskRunner pid=623297)[0m local_global_step_folder: /sfs/weka/scratch/nkw3mr/Vision-OPD-OPSA/checkpoints/Aha-Qwen3.5-4B-pair6k/global_step_5
[36m(TaskRunner pid=623297)[0m step:5 - global_seqlen/min:344903 - global_seqlen/max:344903 - global_seqlen/minmax_diff:0 - global_seqlen/balanced_min:344903 - global_seqlen/balanced_max:344903 - global_seqlen/mean:344903.0 - self_distillation/teacher_always_on_fraction:1.0 - self_distillation/teacher_image_swap_fraction:1.0 - self_distillation/policy_fallback_fraction:0.0 - self_distillation/grpo_fallback_count:0.0 - rollout_corr/rollout_is_mean:1.0 - rollout_corr/rollout_is_ratio_fraction_high:0.0 - rollout_corr/rollout_is_ratio_fraction_low:0.0 - rollout_corr/rollout_is_max:1.0 - rollout_corr/rollout_is_min:1.0 - rollout_corr/rollout_is_std:0.0 - rollout_corr/rollout_is_eff_sample_size:1.0 - rollout_corr/rollout_is_seq_mean:1.0 - rollout_corr/rollout_is_seq_std:0.0 - rollout_corr/rollout_is_seq_max:1.0 - rollout_corr/rollout_is_seq_min:1.0 - rollout_corr/rollout_is_seq_max_deviation:0.0 - rollout_corr/rollout_is_seq_fraction_high:0.0 - rollout_corr/rollout_is_seq_fraction_low:0.0 - rollout_corr/training_ppl:1.8277276245256264 - rollout_corr/training_log_ppl:0.5803144820965827 - rollout_corr/kl:0.028761724032695685 - rollout_corr/k3_kl:0.06139875098790526 - rollout_corr/rollout_ppl:1.7803682883580525 - rollout_corr/rollout_log_ppl:0.5515527566894889 - rollout_corr/log_ppl_diff:0.028761725407093763 - rollout_corr/log_ppl_abs_diff:0.055147449330737196 - rollout_corr/log_ppl_diff_max:0.12967842817306519 - rollout_corr/log_ppl_diff_min:-0.6222375631332397 - rollout_corr/ppl_ratio:1.0325287263840437 - rollout_corr/chi2_token:0.4647624709953864 - rollout_corr/chi2_seq:1.9888632328559954 - actor/pg_loss:0.18843434104928747 - actor/kl_loss:0.0 - actor/grpo_loss:0.0 - actor/vopd_loss:0.18843434104928747 - actor/vopd_loss_weighted:0.18843434104928747 - actor/policy_fallback_fraction:0.0 - aha/u_mean:-0.09709643250122706 - aha/u_neg_valley_frac:0.5141421825004121 - aha/floor_clamped_frac:0.0 - aha/q_tail_mass:0.007834133214802344 - aha/argmax_conf:0.9344565868377686 - self_distillation/raw_jsd_token_mean:0.18843434104928747 - self_distillation/weighted_jsd_token_mean:0.18843434104928747 - self_distillation/self_distillation_mask.mean():1.0 - self_distillation/num_distill_tokens:137.55208333333334 - self_distillation/empty_target_batch:0.0 - actor/grad_norm:3.0019073486328125 - timing_s/update_actor/student_forward:50.94492622528924 - timing_s/update_actor/teacher_forward:58.194955268641934 - timing_s/update_actor/teacher_full_forward:0.0 - timing_s/update_actor/teacher_null_forward:60.80771522485884 - timing_s/update_actor/loss_compute:0.06747777399141341 - timing_s/update_actor/backward:100.67130257788813 - timing_s/update_actor/optimizer_step:0.08495417097583413 - timing_s/update_actor/teacher_ema_update:5.234201671555638e-05 - perf/mfu/actor:0.0 - perf/max_memory_allocated_gb:83.79204654693604 - perf/max_memory_reserved_gb:95.41796875 - perf/cpu_memory_used_gb:328.70656967163086 - actor/lr:8e-07 - training/global_step:5 - training/epoch:0 - response_length/mean:137.5520782470703 - response_length/max:771.0 - response_length/min:4.0 - response_length/clip_ratio:0.0 - response_length_non_aborted/mean:137.5520782470703 - response_length_non_aborted/max:771.0 - response_length_non_aborted/min:4.0 - response_length_non_aborted/clip_ratio:0.0 - response/aborted_ratio:0.0 - prompt_length/mean:3455.1875 - prompt_length/max:5649.0 - prompt_length/min:3255.0 - prompt_length/clip_ratio:0.0 - num_turns/min:2 - num_turns/max:2 - num_turns/mean:2.0 - timing_s/start_profile:3.0191033147275448e-05 - timing_s/agent_loop/generate_sequences/min:7.300332789949607 - timing_s/agent_loop/generate_sequences/max:21.152932116994634 - timing_s/agent_loop/generate_sequences/mean:14.415473705903423 - timing_s/agent_loop/tool_calls/min:0.0 - timing_s/agent_loop/tool_calls/max:0.0 - timing_s/agent_loop/tool_calls/mean:0.0 - timing_s/agent_loop/slowest/generate_sequences:21.152932116994634 - timing_s/agent_loop/slowest/tool_calls:0.0 - timing_s/agent_loop/slowest/prompt_length:3349 - timing_s/agent_loop/slowest/response_length:771 - timing_s/gen:31.7907635[36m(TaskRunner pid=623297)[0m Training Progress:  10%|▉         | 5/51 [31:02<4:47:51, 375.46s/it]
[36m(WorkerDict pid=623996)[0m /sfs/weka/scratch/nkw3mr/Vision-OPD-OPSA/verl/utils/device.py:134: FutureWarning: torch.cuda._set_allocator_settings is deprecated. Use torch._C._accelerator_setAllocatorSettings instead.
[36m(WorkerDict pid=623996)[0m   torch.cuda.memory._set_allocator_settings(f"expandable_segments:{enable}")
[36m(TaskRunner pid=623297)[0m Training Progress:  12%|█▏        | 6/51 [37:30<4:44:49, 379.76s/it]
[36m(WorkerDict pid=623997)[0m /sfs/weka/scratch/nkw3mr/Vision-OPD-OPSA/verl/utils/device.py:134: FutureWarning: torch.cuda._set_allocator_settings is deprecated. Use torch._C._accelerator_setAllocatorSettings instead.
[36m(WorkerDict pid=623997)[0m   torch.cuda.memory._set_allocator_settings(f"expandable_segments:{enable}")
8198654 - timing_s/adv:30.812522389984224 - timing_s/update_actor:312.0146152919624 - timing_s/dump_rollout_generations:0.05410773400217295 - timing_s/step:374.7000306000118 - timing_s/save_checkpoint:18.606595731980633 - timing_s/stop_profile:3.5539036616683006e-05 - timing_per_token_ms/update_actor:0.9046445385861022 - timing_per_token_ms/adv:0.0893367769778292 - timing_per_token_ms/gen:2.407479256492733 - perf/total_num_tokens:344903 - perf/time_per_step:374.7000306000118 - perf/throughput:460.2388201672983
[36m(TaskRunner pid=623297)[0m Dumped generations to /sfs/weka/scratch/nkw3mr/Vision-OPD-OPSA/rollouts/Aha-Qwen3.5-4B-pair6k/6.jsonl
[36m(TaskRunner pid=623297)[0m step:6 - global_seqlen/min:345529 - global_seqlen/max:345529 - global_seqlen/minmax_diff:0 - global_seqlen/balanced_min:345529 - global_seqlen/balanced_max:345529 - global_seqlen/mean:345529.0 - self_distillation/teacher_always_on_fraction:1.0 - self_distillation/teacher_image_swap_fraction:1.0 - self_distillation/policy_fallback_fraction:0.0 - self_distillation/grpo_fallback_count:0.0 - rollout_corr/rollout_is_mean:1.0 - rollout_corr/rollout_is_ratio_fraction_high:0.0 - rollout_corr/rollout_is_ratio_fraction_low:0.0 - rollout_corr/rollout_is_max:1.0 - rollout_corr/rollout_is_min:1.0 - rollout_corr/rollout_is_std:0.0 - rollout_corr/rollout_is_eff_sample_size:1.0 - rollout_corr/rollout_is_seq_mean:1.0 - rollout_corr/rollout_is_seq_std:0.0 - rollout_corr/rollout_is_seq_max:1.0 - rollout_corr/rollout_is_seq_min:1.0 - rollout_corr/rollout_is_seq_max_deviation:0.0 - rollout_corr/rollout_is_seq_fraction_high:0.0 - rollout_corr/rollout_is_seq_fraction_low:0.0 - rollout_corr/training_ppl:1.8973400915662448 - rollout_corr/training_log_ppl:0.627283406133453 - rollout_corr/kl:0.04212828966895662 - rollout_corr/k3_kl:0.0364027460940027 - rollout_corr/rollout_ppl:1.817791972309351 - rollout_corr/rollout_log_ppl:0.585155121050775 - rollout_corr/log_ppl_diff:0.042128285082678 - rollout_corr/log_ppl_abs_diff:0.04274847606817881 - rollout_corr/log_ppl_diff_max:0.1809300184249878 - rollout_corr/log_ppl_diff_min:-0.013118073344230652 - rollout_corr/ppl_ratio:1.0435375726471345 - rollout_corr/chi2_token:0.0683745810141166 - rollout_corr/chi2_seq:-0.828862306351463 - actor/pg_loss:0.18257513126203176 - actor/kl_loss:0.0 - actor/grpo_loss:0.0 - actor/vopd_loss:0.18257513126203176 - actor/vopd_loss_weighted:0.18257513126203176 - actor/policy_fallback_fraction:0.0 - aha/u_mean:-0.11945802364304352 - aha/u_neg_valley_frac:0.5221463683992624 - aha/floor_clamped_frac:0.0 - aha/q_tail_mass:0.006808631903671388 - aha/argmax_conf:0.9106289744377136 - self_distillation/raw_jsd_token_mean:0.1825751312620317 - self_distillation/weighted_jsd_token_mean:0.1825751312620317 - self_distillation/self_distillation_mask.mean():1.0 - self_distillation/num_distill_tokens:186.07291666666666 - self_distillation/empty_target_batch:0.0 - actor/grad_norm:2.675006628036499 - timing_s/update_actor/student_forward:40.46584794385126 - timing_s/update_actor/teacher_forward:58.72592886001803 - timing_s/update_actor/teacher_full_forward:0.0 - timing_s/update_actor/teacher_null_forward:57.83722220029449 - timing_s/update_actor/loss_compute:0.06690207385690883 - timing_s/update_actor/backward:110.77092404296855 - timing_s/update_actor/optimizer_step:0.08455771597800776 - timing_s/update_actor/teacher_ema_update:3.589899279177189e-05 - perf/mfu/actor:0.0 - perf/max_memory_allocated_gb:83.79204654693604 - perf/max_memory_reserved_gb:95.41796875 - perf/cpu_memory_used_gb:331.0476264953613 - actor/lr:1e-06 - training/global_step:6 - training/epoch:0 - response_length/mean:186.0729217529297 - response_length/max:1024.0 - response_length/min:49.0 - response_length/clip_ratio:0.010416666977107525 - response_length_non_aborted/mean:186.0729217529297 - response_length_non_aborted/max:1024.0 - response_length_non_aborted/min:49.0 - response_length_non_aborted/clip_ratio:0.010416666977107525 - response/aborted_ratio:0.0 - prompt_length/mean:3413.1875 - prompt_length/max:4014.0 - prompt_length/min:3113.0 - prompt_length/clip_ratio:0.0 - num_turns/min:2 - num_turns/max:2 - num_turns/mean:2.0 - timing_s/start_profile:3.472698153927922e-05 - timing_s/agent_loop/generate_sequences/min:11.748427552985959 - timing_s/agent_loop/generate_sequences/max:24.397946832003072 - timing_s/agent_loop/generate_sequences/mean:15.034527482033203 - timing_s/agent_loop/tool_calls/min:0.0 - timing_s/agent_loop/tool_calls/max:0.0 - timing_s/agent_loop/tool_calls/mean:0.0 - timing_s/agent_loop/slowest/generate_sequences:24.397946832003072 - timing_s/agent_loop/slowest/tool_calls:0.0 - timing_s/agent_loop/slowest/prompt_length:3349 - timing_s/agent_loop/slowest/response_length:1024 - timing_s/gen:35.4537725240225 - timing_s/adv:28.156387500988785 - timing_s/update_actor:324.1172915719799 - timing_s/dump_rollout_generations:0.05656649800948799 - timing_s/step:387.8052980719949 - timing_s/stop_profile:3.127299714833498e-05 - timing_per_token_ms/update_actor:0.9380320944753693 - timing_per_token_ms/adv:0.08148776948096624 - timing_per_token_ms/gen:1.9847602599799865 - perf/total_num_tokens:345529 - perf/time_per_step:387.8052980719949 - perf/throughput:445.4928822760095
[36m(TaskRunner pid=623297)[0m Dumped generations to /sfs/weka/scratch/nkw3mr/Vision-OPD-OPSA/rollouts/Aha-Qwen3.5-4B-pair6k/7.jsonl
[36m(TaskRunner pid=623297)[0m step:7 - global_seqlen/min:339445 - global_seqlen/max:339445 - global_seqlen/minmax_diff:0 - global_seqlen/balanced_min:339445 - global_seqlen/balanced_max:339445 - global_seqlen/mean:339445.0 - self_distillation/teacher_always_on_fraction:1.0 - self_distillation/teacher_image_swap_fraction:1.0 - self_distillation/policy_fallback_fraction:0.0 - self_distillation/grpo_fallback_count:0.0 - rollout_corr/rollout_is_mean:1.0 - rollout_corr/rollout_is_ratio_fraction_high:0.0 - rollout_corr/rollout_is_ratio_fraction_low:0.0 - rollout_corr/rollout_is_max:1.0 - rollout_corr/rollout_is_min:1.0 - rollout_corr/rollout_is_std:0.0 - rollout_corr/rollout_is_eff_sample_size:1.0 - rollout_corr/rollout_is_seq_mean:1.0 - rollout_corr/rollout_is_seq_std:0.0 - rollout_corr/rollout_is_seq_max:1.0 - rollout_corr/rollout_is_seq_min:1.0 - rollout_corr/rollout_is_seq_max_deviation:0.0 - rollout_corr/rollout_is_seq_fraction_high:0.0 - rollout_corr/rollout_is_seq_fraction_low:0.0 - rollout_corr/training_ppl:1.9394990106423695 - rollout_corr/training_log_ppl:0.648123520736893 - rollout_corr/kl:0.036680715370797166 - rollout_corr/k3_kl:0.035124159840052016 - rollout_corr/rollout_ppl:1.8688008201618989 - rollout_corr/rollout_log_ppl:0.6114428027843436 - rollout_corr/log_ppl_diff:0.03668071795254946 - rollout_corr/log_ppl_abs_diff:0.038644724525511265 - rollout_corr/log_ppl_diff_max:0.10456866025924683 - rollout_corr/log_ppl_diff_min:-0.03297078609466553 - rollout_corr/ppl_ratio:1.0377193770060937 - rollout_corr/chi2_token:0.08026390646894772 - rollout_corr/chi2_seq:2.1732666548341513 - actor/pg_loss:0.17219862947240472 - actor/kl_loss:0.0 - actor/grpo_loss:0.0 - actor/vopd_loss:0.17219862947240472 - actor/vopd_loss_weighted:0.17219862947240472 - actor/policy_fallback_fraction:0.0 - aha/u_mean:-0.12915593457061428 - aha/u_neg_valley_frac:0.5384112478544315 - aha/floor_clamped_frac:0.0 - aha/q_tail_mass:0.00795158933563774 - aha/argmax_conf:0.9141748547554016 - self_distillation/raw_jsd_token_mean:0.17219862947240472 - self_distillation/weighted_jsd_token_mean:0.17219862947240472 - self_distillation/self_distillation_mask.mean():1.0 - self_distillation/num_distill_tokens:148.90625 - self_distillation/empty_target_batch:0.0 - actor/grad_norm:3.0801665782928467 - timing_s/update_actor/student_forward:49.47506513900589 - timing_s/update_actor/teacher_forward:57.98142704588827 - timing_s/update_actor/teacher_full_forward:0.0 - timing_s/update_actor/teacher_null_forward:61.71509140712442 - timing_s/update_actor/loss_compute:0.07023160677636042 - timing_s/update_actor/backward:99.78690753190313 - timing_s/update_actor/optimizer_step:0.08495809399755672 - timing_s/update_actor/teacher_ema_update:4.0996004827320576e-05 - perf/mfu/actor:0.0 - perf/max_memory_allocated_gb:83.79204654693604 - perf/max_memory_reserved_gb:95.41796875 - perf/cpu_memory_used_gb:338.291446685791 - actor/lr:1.2e-06 - training/global_step:7 - training/epoch:0 - response_length/mean:148.90625 - response_length/max:1024.0 - response_length/min:41.0 - response_length/clip_ratio:0.010416666977107525 - response_length_non_aborted/mean:148.90625 - response_length_non_aborted/max:1024.0 - response_length_non_aborted/min:41.0 - response_length_non_aborted/clip_ratio:0.010416666977107525 - response/aborted_ratio:0.0 - prompt_length/mean:3386.979248046875 - prompt_length/max:3960.0 - prompt_length/min:3160.0 - prompt_length/clip_ratio:0.0 - num_turns/min:2 - num_turns/max:2 - num_turns/mean:2.0 - timing_s/start_profile:3.02919652312994e-05 - timing_s/agent_loop/generate_sequences/min:12.344913392036688 - timing_s/agent_loop/generate_sequences/max:23.925247204955667 - timing_s/agent_loop/generate_sequences/mean:15.061189384707783 - timing_s/agent_loop/tool_calls/min:0.0 - timing_s/agent_loop/tool_calls/max:0.0 - timing_s/agent_loop/tool_calls/mean:0.0 - timing_s/agent_loop/slowest/generate_sequences:23.925247204955667 - timing_s/agent_loop/slowest/tool_calls:0.0 - timing_s/agent_loop/slowest/prompt_length:3363 - timing_s/agent_loop/slowest/response_length:1024 - tim[36m(TaskRunner pid=623297)[0m Training Progress:  14%|█▎        | 7/51 [43:47<4:37:49, 378.85s/it]
[36m(TaskRunner pid=623297)[0m Training Progress:  16%|█▌        | 8/51 [50:08<4:31:49, 379.29s/it]
ing_s/gen:34.136698094021995 - timing_s/adv:28.685206673981156 - timing_s/update_actor:313.7175474729738 - timing_s/dump_rollout_generations:0.10558663797564805 - timing_s/step:376.66894786799094 - timing_s/stop_profile:3.1792966183274984e-05 - timing_per_token_ms/update_actor:0.9242073015450922 - timing_per_token_ms/adv:0.08450619886574012 - timing_per_token_ms/gen:2.388016655755299 - perf/total_num_tokens:339445 - perf/time_per_step:376.66894786799094 - perf/throughput:450.5879790746162
[36m(TaskRunner pid=623297)[0m Dumped generations to /sfs/weka/scratch/nkw3mr/Vision-OPD-OPSA/rollouts/Aha-Qwen3.5-4B-pair6k/8.jsonl
[36m(TaskRunner pid=623297)[0m step:8 - global_seqlen/min:344041 - global_seqlen/max:344041 - global_seqlen/minmax_diff:0 - global_seqlen/balanced_min:344041 - global_seqlen/balanced_max:344041 - global_seqlen/mean:344041.0 - self_distillation/teacher_always_on_fraction:1.0 - self_distillation/teacher_image_swap_fraction:1.0 - self_distillation/policy_fallback_fraction:0.0 - self_distillation/grpo_fallback_count:0.0 - rollout_corr/rollout_is_mean:1.0 - rollout_corr/rollout_is_ratio_fraction_high:0.0 - rollout_corr/rollout_is_ratio_fraction_low:0.0 - rollout_corr/rollout_is_max:1.0 - rollout_corr/rollout_is_min:1.0 - rollout_corr/rollout_is_std:0.0 - rollout_corr/rollout_is_eff_sample_size:1.0 - rollout_corr/rollout_is_seq_mean:1.0 - rollout_corr/rollout_is_seq_std:0.0 - rollout_corr/rollout_is_seq_max:1.0 - rollout_corr/rollout_is_seq_min:1.0 - rollout_corr/rollout_is_seq_max_deviation:0.0 - rollout_corr/rollout_is_seq_fraction_high:0.0 - rollout_corr/rollout_is_seq_fraction_low:0.0 - rollout_corr/training_ppl:2.0331516911586127 - rollout_corr/training_log_ppl:0.6904291963825623 - rollout_corr/kl:0.03352570385989869 - rollout_corr/k3_kl:0.03786679215651626 - rollout_corr/rollout_ppl:1.964339939256509 - rollout_corr/rollout_log_ppl:0.6569034949255487 - rollout_corr/log_ppl_diff:0.03352570145701369 - rollout_corr/log_ppl_abs_diff:0.03606639973198374 - rollout_corr/log_ppl_diff_max:0.0981023907661438 - rollout_corr/log_ppl_diff_min:-0.04045683145523071 - rollout_corr/ppl_ratio:1.034476590032379 - rollout_corr/chi2_token:0.1155138686299324 - rollout_corr/chi2_seq:6.690906563152869 - actor/pg_loss:0.15944733459036797 - actor/kl_loss:0.0 - actor/grpo_loss:0.0 - actor/vopd_loss:0.15944733459036797 - actor/vopd_loss_weighted:0.15944733459036797 - actor/policy_fallback_fraction:0.0 - aha/u_mean:-0.09011952846776694 - aha/u_neg_valley_frac:0.49871296249330044 - aha/floor_clamped_frac:0.0 - aha/q_tail_mass:0.009037861385877477 - aha/argmax_conf:0.9298826456069946 - self_distillation/raw_jsd_token_mean:0.15944733459036797 - self_distillation/weighted_jsd_token_mean:0.15944733459036797 - self_distillation/self_distillation_mask.mean():1.0 - self_distillation/num_distill_tokens:187.71875 - self_distillation/empty_target_batch:0.0 - actor/grad_norm:1.872690200805664 - timing_s/update_actor/student_forward:48.28743660310283 - timing_s/update_actor/teacher_forward:58.30860047979513 - timing_s/update_actor/teacher_full_forward:0.0 - timing_s/update_actor/teacher_null_forward:59.61938503209967 - timing_s/update_actor/loss_compute:0.10714186978293583 - timing_s/update_actor/backward:105.00690174120246 - timing_s/update_actor/optimizer_step:0.08450087701203302 - timing_s/update_actor/teacher_ema_update:4.4511049054563046e-05 - perf/mfu/actor:0.0 - perf/max_memory_allocated_gb:83.79204654693604 - perf/max_memory_reserved_gb:95.41796875 - perf/cpu_memory_used_gb:358.16113662719727 - actor/lr:1.4e-06 - training/global_step:8 - training/epoch:0 - response_length/mean:187.71875 - response_length/max:1024.0 - response_length/min:41.0 - response_length/clip_ratio:0.03125 - response_length_non_aborted/mean:187.71875 - response_length_non_aborted/max:1024.0 - response_length_non_aborted/min:41.0 - response_length_non_aborted/clip_ratio:0.03125 - response/aborted_ratio:0.0 - prompt_length/mean:3396.041748046875 - prompt_length/max:5383.0 - prompt_length/min:3249.0 - prompt_length/clip_ratio:0.0 - num_turns/min:2 - num_turns/max:2 - num_turns/mean:2.0 - timing_s/start_profile:5.946098826825619e-05 - timing_s/agent_loop/generate_sequences/min:11.10665794002125 - timing_s/agent_loop/generate_sequences/max:23.105439184990246 - timing_s/agent_loop/generate_sequences/mean:14.453632412802108 - timing_s/agent_loop/tool_calls/min:0.0 - timing_s/agent_loop/tool_calls/max:0.0 - timing_s/agent_loop/tool_calls/mean:0.0 - timing_s/agent_loop/slowest/generate_sequences:23.105439184990246 - timing_s/agent_loop/slowest/tool_calls:0.0 - timing_s/agent_loop/slowest/prompt_length:3361 - timing_s/agent_loop/slowest/response_length:1024 - timing_s/gen:34.41197660495527 - timing_s/adv:28.089388000953477 - timing_s/update_actor:317.33325645700097 - timing_s/dump_rollout_generations:0.055299592029768974 - timing_s/step:379.91399710904807 - timing_s/stop_profile:2.889998722821474e-05 - timing_per_token_ms/update_actor:0.9223704629884257 - timing_per_token_ms/adv:0.08164546667680153 - timing_per_token_ms/gen:1.9095486712699223 - perf/total_num_tokens:344041 - perf/time_per_step:379.91399710904807 - perf/throughput:452.78800283482144
[36m(TaskRunner pid=623297)[0m Dumped generations to /sfs/weka/scratch/nkw3mr/Vision-OPD-OPSA/rollouts/Aha-Qwen3.5-4B-pair6k/9.jsonl
[36m(TaskRunner pid=623297)[0m step:9 - global_seqlen/min:346191 - global_seqlen/max:346191 - global_seqlen/minmax_diff:0 - global_seqlen/balanced_min:346191 - global_seqlen/balanced_max:346191 - global_seqlen/mean:346191.0 - self_distillation/teacher_always_on_fraction:1.0 - self_distillation/teacher_image_swap_fraction:1.0 - self_distillation/policy_fallback_fraction:0.0 - self_distillation/grpo_fallback_count:0.0 - rollout_corr/rollout_is_mean:1.0 - rollout_corr/rollout_is_ratio_fraction_high:0.0 - rollout_corr/rollout_is_ratio_fraction_low:0.0 - rollout_corr/rollout_is_max:1.0 - rollout_corr/rollout_is_min:1.0 - rollout_corr/rollout_is_std:0.0 - rollout_corr/rollout_is_eff_sample_size:1.0 - rollout_corr/rollout_is_seq_mean:1.0 - rollout_corr/rollout_is_seq_std:0.0 - rollout_corr/rollout_is_seq_max:1.0 - rollout_corr/rollout_is_seq_min:1.0 - rollout_corr/rollout_is_seq_max_deviation:0.0 - rollout_corr/rollout_is_seq_fraction_high:0.0 - rollout_corr/rollout_is_seq_fraction_low:0.0 - rollout_corr/training_ppl:2.3424447091917195 - rollout_corr/training_log_ppl:0.8314808423941334 - rollout_corr/kl:0.05141227385562767 - rollout_corr/k3_kl:0.04710006735209996 - rollout_corr/rollout_ppl:2.2273004663487277 - rollout_corr/rollout_log_ppl:0.7800685679540038 - rollout_corr/log_ppl_diff:0.0514122744401296 - rollout_corr/log_ppl_abs_diff:0.052417936424414315 - rollout_corr/log_ppl_diff_max:0.15612810850143433 - rollout_corr/log_ppl_diff_min:-0.018686234951019287 - rollout_corr/ppl_ratio:1.0534518007189035 - rollout_corr/chi2_token:0.10427904687821865 - rollout_corr/chi2_seq:-0.05344754892090956 - actor/pg_loss:0.15357002627570185 - actor/kl_loss:0.0 - actor/grpo_loss:0.0 - actor/vopd_loss:0.15357002627570185 - actor/vopd_loss_weighted:0.15357002627570185 - actor/policy_fallback_fraction:0.0 - aha/u_mean:-0.18784001678674636 - aha/u_neg_valley_frac:0.555867931805551 - aha/floor_clamped_frac:0.0 - aha/q_tail_mass:0.006558192728562062 - aha/argmax_conf:0.8274192214012146 - self_distillation/raw_jsd_token_mean:0.15357002627570182 - self_distillation/weighted_jsd_token_mean:0.15357002627570182 - self_distillation/self_distillation_mask.mean():1.0 - self_distillation/num_distill_tokens:179.34375 - self_distillation/empty_target_batch:0.0 - actor/grad_norm:3.181398630142212 - timing_s/update_actor/student_forward:49.04790617641993 - timing_s/update_actor/teacher_forward:61.33776638814015 - timing_s/update_actor/teacher_full_forward:0.0 - timing_s/update_actor/teacher_null_forward:61.88832157710567 - timing_s/update_actor/loss_compute:0.09871642471989617 - timing_s/update_actor/backward:102.53554855717812 - timing_s/update_actor/optimizer_step:0.08505195495672524 - timing_s/update_actor/teacher_ema_update:5.3773983381688595e-05 - perf/mfu/actor:0.0 - perf/max_memory_allocated_gb:83.79204654693604 - perf/max_memory_reserved_gb:95.41796875 - perf/cpu_memory_used_gb:343.9539680480957 - actor/lr:1.6e-06 - training/global_step:9 - training/epoch:0 - response_length/mean:179.34375 - response_length/max:1024.0 - response_length/min:54.0 - response_length/clip_ratio:0.010416666977107525 - response_length_non_aborted/mean:179.34375 - response_length_non_aborted/max:1024.0 - response_length_non_aborted/min:54.0 - response_length_non_aborted/clip_ratio:0.010416666977107525 - response/aborted_ratio:0.0 - prompt_length/mean:3426.8125 - prompt_length/max:3956.0 - prompt_length/min:3342.0 - prompt_length/clip_ratio:0.0 - num_turns/min:2 - num_turns/max:2 - num_turns/mean:2.0 - timing_s/start_profile:5.248200614005327e-05 - timing_s/agent_loop/generate_sequences/min:12.184939005994238 - timing_s/agent_loop/generate_sequences/max:24.247029991995078 - timing_s/agent_loop/generate_sequences/mean:15.15727408210599 - timing_s/agent_loop/tool_calls/min:0.0 - timing_s/agent_loop/tool_calls/max:0.0 - timing_s/agent_loop/tool_calls/mean:0.0 - timing_s/agent_loop/slowest/generate_sequences:24.247029991995078 - timing_s/agent_loop/slowest/tool_calls:0.0 - timing_s/agent_loop/slowest/prompt_length:3350 - timing_s/agent_loop/slowest/response_length:1024 - timing_s/[36m(TaskRunner pid=623297)[0m Training Progress:  18%|█▊        | 9/51 [56:44<4:29:18, 384.73s/it]
[36m(TaskRunner pid=623297)[0m Training Progress:  20%|█▉        | 10/51 [1:03:30<4:27:17, 391.16s/it]
[36m(WorkerDict pid=623996)[0m /sfs/weka/scratch/nkw3mr/Vision-OPD-OPSA/verl/utils/device.py:134: FutureWarning: torch.cuda._set_allocator_settings is deprecated. Use torch._C._accelerator_setAllocatorSettings instead.
[36m(WorkerDict pid=623996)[0m   torch.cuda.memory._set_allocator_settings(f"expandable_segments:{enable}")
gen:35.84813304396812 - timing_s/adv:31.878232620016206 - timing_s/update_actor:328.49067128199385 - timing_s/dump_rollout_generations:0.05545856099342927 - timing_s/step:396.30088368599536 - timing_s/stop_profile:3.101199399679899e-05 - timing_per_token_ms/update_actor:0.9488712048608827 - timing_per_token_ms/adv:0.09208278846075203 - timing_per_token_ms/gen:2.082135856651456 - perf/total_num_tokens:346191 - perf/time_per_step:396.30088368599536 - perf/throughput:436.7779813914074
[36m(TaskRunner pid=623297)[0m Dumped generations to /sfs/weka/scratch/nkw3mr/Vision-OPD-OPSA/rollouts/Aha-Qwen3.5-4B-pair6k/10.jsonl
[36m(TaskRunner pid=623297)[0m local_global_step_folder: /sfs/weka/scratch/nkw3mr/Vision-OPD-OPSA/checkpoints/Aha-Qwen3.5-4B-pair6k/global_step_10
[36m(TaskRunner pid=623297)[0m step:10 - global_seqlen/min:345621 - global_seqlen/max:345621 - global_seqlen/minmax_diff:0 - global_seqlen/balanced_min:345621 - global_seqlen/balanced_max:345621 - global_seqlen/mean:345621.0 - self_distillation/teacher_always_on_fraction:1.0 - self_distillation/teacher_image_swap_fraction:1.0 - self_distillation/policy_fallback_fraction:0.0 - self_distillation/grpo_fallback_count:0.0 - rollout_corr/rollout_is_mean:1.0 - rollout_corr/rollout_is_ratio_fraction_high:0.0 - rollout_corr/rollout_is_ratio_fraction_low:0.0 - rollout_corr/rollout_is_max:1.0 - rollout_corr/rollout_is_min:1.0 - rollout_corr/rollout_is_std:0.0 - rollout_corr/rollout_is_eff_sample_size:1.0 - rollout_corr/rollout_is_seq_mean:1.0 - rollout_corr/rollout_is_seq_std:0.0 - rollout_corr/rollout_is_seq_max:1.0 - rollout_corr/rollout_is_seq_min:1.0 - rollout_corr/rollout_is_seq_max_deviation:0.0 - rollout_corr/rollout_is_seq_fraction_high:0.0 - rollout_corr/rollout_is_seq_fraction_low:0.0 - rollout_corr/training_ppl:2.553330421447754 - rollout_corr/training_log_ppl:0.9106428526962796 - rollout_corr/kl:0.04543494830977579 - rollout_corr/k3_kl:0.05499197579532241 - rollout_corr/rollout_ppl:2.4398303454120955 - rollout_corr/rollout_log_ppl:0.8652079009140531 - rollout_corr/log_ppl_diff:0.04543495178222656 - rollout_corr/log_ppl_abs_diff:0.04738411928216616 - rollout_corr/log_ppl_diff_max:0.1274680495262146 - rollout_corr/log_ppl_diff_min:-0.03304702043533325 - rollout_corr/ppl_ratio:1.0470356810837984 - rollout_corr/chi2_token:0.5114815259973208 - rollout_corr/chi2_seq:10.329526086648306 - actor/pg_loss:0.15039838637070108 - actor/kl_loss:0.0 - actor/grpo_loss:0.0 - actor/vopd_loss:0.15039838637070108 - actor/vopd_loss_weighted:0.15039838637070108 - actor/policy_fallback_fraction:0.0 - aha/u_mean:-0.14124434586240872 - aha/u_neg_valley_frac:0.5395763946386675 - aha/floor_clamped_frac:0.0 - aha/q_tail_mass:0.007709758997937873 - aha/argmax_conf:0.8573094010353088 - self_distillation/raw_jsd_token_mean:0.1503983863707011 - self_distillation/weighted_jsd_token_mean:0.1503983863707011 - self_distillation/self_distillation_mask.mean():1.0 - self_distillation/num_distill_tokens:203.09375 - self_distillation/empty_target_batch:0.0 - actor/grad_norm:2.4046876430511475 - timing_s/update_actor/student_forward:69.84549404319841 - timing_s/update_actor/teacher_forward:57.92592021060409 - timing_s/update_actor/teacher_full_forward:0.0 - timing_s/update_actor/teacher_null_forward:56.38936789514264 - timing_s/update_actor/loss_compute:0.0675246428581886 - timing_s/update_actor/backward:86.20594892714871 - timing_s/update_actor/optimizer_step:0.08540620200801641 - timing_s/update_actor/teacher_ema_update:4.835601430386305e-05 - perf/mfu/actor:0.0 - perf/max_memory_allocated_gb:83.79204654693604 - perf/max_memory_reserved_gb:95.41796875 - perf/cpu_memory_used_gb:343.2764778137207 - actor/lr:1.8e-06 - training/global_step:10 - training/epoch:0 - response_length/mean:203.09375 - response_length/max:1024.0 - response_length/min:38.0 - response_length/clip_ratio:0.0416666679084301 - response_length_non_aborted/mean:203.09375 - response_length_non_aborted/max:1024.0 - response_length_non_aborted/min:38.0 - response_length_non_aborted/clip_ratio:0.0416666679084301 - response/aborted_ratio:0.0 - prompt_length/mean:3397.125 - prompt_length/max:5180.0 - prompt_length/min:3260.0 - prompt_length/clip_ratio:0.0 - num_turns/min:2 - num_turns/max:2 - num_turns/mean:2.0 - timing_s/start_profile:2.7337984647601843e-05 - timing_s/agent_loop/generate_sequences/min:11.483330657007173 - timing_s/agent_loop/generate_sequences/max:25.649488136987202 - timing_s/agent_loop/generate_sequences/mean:16.086977097251292 - timing_s/agent_loop/tool_calls/min:0.0 - timing_s/agent_loop/tool_calls/max:0.0 - timing_s/agent_loop/tool_calls/mean:0.0 - timing_s/agent_loop/slowest/generate_sequences:25.649488136987202 - timing_s/agent_loop/slowest/tool_calls:0.0 - timing_s/agent_loop/slowest/prompt_length:3363 - timing_s/agent_loop/slowest/response_length:1024 - timing_s/gen:37.68342498596758 - timing_s/adv:26.724393965036143 - timing_s/update_actor:322.9267761130468 - timing_s/dump_rollout_generations:0.05968713300535455 - timing_s/step:387.42224105703644 - timing_s/save_checkpoint:17.826942542975303 - timing_s/stop_profile:3.549898974597454e-05 - timing_per_token_ms/update_actor:0.934337832808327 - timing_per_token_ms/adv:0.07732283039814172 - timing_per_token_ms/gen:1.9327806834881047 - perf/total_num_tokens:345621 - perf/time_per_step:387.42224105703644 - perf/throughput:446.0520891327939
[36m(TaskRunner pid=623297)[0m Dumped generations to /sfs/weka/scratch/nkw3mr/Vision-OPD-OPSA/rollouts/Aha-Qwen3.5-4B-pair6k/11.jsonl
[36m(TaskRunner pid=623297)[0m step:11 - global_seqlen/min:342251 - global_seqlen/max:342251 - global_seqlen/minmax_diff:0 - global_seqlen/balanced_min:342251 - global_seqlen/balanced_max:342251 - global_seqlen/mean:342251.0 - self_distillation/teacher_always_on_fraction:1.0 - self_distillation/teacher_image_swap_fraction:1.0 - self_distillation/policy_fallback_fraction:0.0 - self_distillation/grpo_fallback_count:0.0 - rollout_corr/rollout_is_mean:1.0 - rollout_corr/rollout_is_ratio_fraction_high:0.0 - rollout_corr/rollout_is_ratio_fraction_low:0.0 - rollout_corr/rollout_is_max:1.0 - rollout_corr/rollout_is_min:1.0 - rollout_corr/rollout_is_std:0.0 - rollout_corr/rollout_is_eff_sample_size:1.0 - rollout_corr/rollout_is_seq_mean:1.0 - rollout_corr/rollout_is_seq_std:0.0 - rollout_corr/rollout_is_seq_max:1.0 - rollout_corr/rollout_is_seq_min:1.0 - rollout_corr/rollout_is_seq_max_deviation:0.0 - rollout_corr/rollout_is_seq_fraction_high:0.0 - rollout_corr/rollout_is_seq_fraction_low:0.0 - rollout_corr/training_ppl:2.7537590886155763 - rollout_corr/training_log_ppl:0.9763921902825435 - rollout_corr/kl:0.03614092694776142 - rollout_corr/k3_kl:0.03810194103668133 - rollout_corr/rollout_ppl:2.6606148766974607 - rollout_corr/rollout_log_ppl:0.94025126285851 - rollout_corr/log_ppl_diff:0.036140927424033485 - rollout_corr/log_ppl_abs_diff:0.03963595752914747 - rollout_corr/log_ppl_diff_max:0.12257450819015503 - rollout_corr/log_ppl_diff_min:-0.06067466735839844 - rollout_corr/ppl_ratio:1.0373117352525394 - rollout_corr/chi2_token:0.10776292284329732 - rollout_corr/chi2_seq:12.006980047250787 - actor/pg_loss:0.16775458313835165 - actor/kl_loss:0.0 - actor/grpo_loss:0.0 - actor/vopd_loss:0.16775458313835165 - actor/vopd_loss_weighted:0.16775458313835165 - actor/policy_fallback_fraction:0.0 - aha/u_mean:-0.1851953094107254 - aha/u_neg_valley_frac:0.5685158232226968 - aha/floor_clamped_frac:0.0 - aha/q_tail_mass:0.005598644460784878 - aha/argmax_conf:0.8360267877578735 - self_distillation/raw_jsd_token_mean:0.16775458313835165 - self_distillation/weighted_jsd_token_mean:0.16775458313835165 - self_distillation/self_distillation_mask.mean():1.0 - self_distillation/num_distill_tokens:172.94791666666666 - self_distillation/empty_target_batch:0.0 - actor/grad_norm:2.3321430683135986 - timing_s/update_actor/student_forward:56.06217836588621 - timing_s/update_actor/teacher_forward:56.627281795837916 - timing_s/update_actor/teacher_full_forward:0.0 - timing_s/update_actor/teacher_null_forward:56.77754104806809 - timing_s/update_actor/loss_compute:0.06876580259995535 - timing_s/update_actor/backward:95.74071738985367 - timing_s/update_actor/optimizer_step:0.08484846499050036 - timing_s/update_actor/teacher_ema_update:4.7354958951473236e-05 - perf/mfu/actor:0.0 - perf/max_memory_allocated_gb:83.79204654693604 - perf/max_memory_reserved_gb:95.41796875 - perf/cpu_memory_used_gb:343.20750427246094 - actor/lr:2e-06 - training/global_step:11 - training/epoch:0 - response_length/mean:172.9479217529297 - response_length/max:1024.0 - response_length/min:51.0 - response_length/clip_ratio:0.010416666977107525 - response_length_non_aborted/mean:172.9479217529297 - response_length_non_aborted/max:1024.0 - response_length_non_aborted/min:51.0 - response_length_non_aborted/clip_ratio:0.010416666977107525 - response/aborted_ratio:0.0 - prompt_length/mean:3392.166748046875 - prompt_length/max:4338.0 - prompt_length/min:3254.0 - prompt_length/clip_ratio:0.0 - num_turns/min:2 - num_turns/max:2 - num_turns/mean:2.0 - timing_s/start_profile:6.39979843981564e-05 - timing_s/agent_loop/generate_sequences/min:12.813455412047915 - timing_s/agent_loop/generate_sequences/max:23.958883963001426 - timing_s/agent_loop/generate_sequences/mean:15.314583636040576 - timing_s/agent_loop/tool_calls/min:0.0 - timing_s/agent_loop/tool_calls/max:0.0 - timing_s/agent_loop/tool_calls/mean:0.0 - timing_s/agent_loop/slowest/generate_sequences:23.958883963001426 - timing_s/agent_loop/slowest/tool_calls:0.0 - timing_s/agent_loop/slowest/prompt_length:3397 - timing_s/agent_loop/slowest/r[36m(TaskRunner pid=623297)[0m Training Progress:  22%|██▏       | 11/51 [1:09:50<4:18:29, 387.73s/it]
[36m(WorkerDict pid=623997)[0m /sfs/weka/scratch/nkw3mr/Vision-OPD-OPSA/verl/utils/device.py:134: FutureWarning: torch.cuda._set_allocator_settings is deprecated. Use torch._C._accelerator_setAllocatorSettings instead.
[36m(WorkerDict pid=623997)[0m   torch.cuda.memory._set_allocator_settings(f"expandable_segments:{enable}")
[36m(TaskRunner pid=623297)[0m Training Progress:  24%|██▎       | 12/51 [1:16:17<4:11:57, 387.64s/it]
esponse_length:1024 - timing_s/gen:34.442566483980045 - timing_s/adv:28.843363023013808 - timing_s/update_actor:316.21625552600017 - timing_s/dump_rollout_generations:0.05283188697649166 - timing_s/step:379.58665392699186 - timing_s/stop_profile:2.646702341735363e-05 - timing_per_token_ms/update_actor:0.9239308446900087 - timing_per_token_ms/adv:0.08427546748735229 - timing_per_token_ms/gen:2.074478496896949 - perf/total_num_tokens:342251 - perf/time_per_step:379.58665392699186 - perf/throughput:450.82064458702905
[36m(TaskRunner pid=623297)[0m Dumped generations to /sfs/weka/scratch/nkw3mr/Vision-OPD-OPSA/rollouts/Aha-Qwen3.5-4B-pair6k/12.jsonl
[36m(TaskRunner pid=623297)[0m step:12 - global_seqlen/min:353162 - global_seqlen/max:353162 - global_seqlen/minmax_diff:0 - global_seqlen/balanced_min:353162 - global_seqlen/balanced_max:353162 - global_seqlen/mean:353162.0 - self_distillation/teacher_always_on_fraction:1.0 - self_distillation/teacher_image_swap_fraction:1.0 - self_distillation/policy_fallback_fraction:0.0 - self_distillation/grpo_fallback_count:0.0 - rollout_corr/rollout_is_mean:1.0 - rollout_corr/rollout_is_ratio_fraction_high:0.0 - rollout_corr/rollout_is_ratio_fraction_low:0.0 - rollout_corr/rollout_is_max:1.0 - rollout_corr/rollout_is_min:1.0 - rollout_corr/rollout_is_std:0.0 - rollout_corr/rollout_is_eff_sample_size:1.0 - rollout_corr/rollout_is_seq_mean:1.0 - rollout_corr/rollout_is_seq_std:0.0 - rollout_corr/rollout_is_seq_max:1.0 - rollout_corr/rollout_is_seq_min:1.0 - rollout_corr/rollout_is_seq_max_deviation:0.0 - rollout_corr/rollout_is_seq_fraction_high:0.0 - rollout_corr/rollout_is_seq_fraction_low:0.0 - rollout_corr/training_ppl:3.0403832904994488 - rollout_corr/training_log_ppl:1.0373088020520906 - rollout_corr/kl:0.027749467957619345 - rollout_corr/k3_kl:0.03477385271495829 - rollout_corr/rollout_ppl:2.953893229365349 - rollout_corr/rollout_log_ppl:1.0095593292887013 - rollout_corr/log_ppl_diff:0.02774947276338935 - rollout_corr/log_ppl_abs_diff:0.03181266086176038 - rollout_corr/log_ppl_diff_max:0.10520750284194946 - rollout_corr/log_ppl_diff_min:-0.033951401710510254 - rollout_corr/ppl_ratio:1.0284927518417437 - rollout_corr/chi2_token:0.12862306212385496 - rollout_corr/chi2_seq:3.7171040450533233 - actor/pg_loss:0.14808023457104966 - actor/kl_loss:0.0 - actor/grpo_loss:0.0 - actor/vopd_loss:0.14808023457104966 - actor/vopd_loss_weighted:0.14808023457104966 - actor/policy_fallback_fraction:0.0 - aha/u_mean:-0.2236476930168768 - aha/u_neg_valley_frac:0.5911117317155004 - aha/floor_clamped_frac:0.0 - aha/q_tail_mass:0.006941801120168141 - aha/argmax_conf:0.889249861240387 - self_distillation/raw_jsd_token_mean:0.1480802345710496 - self_distillation/weighted_jsd_token_mean:0.1480802345710496 - self_distillation/self_distillation_mask.mean():1.0 - self_distillation/num_distill_tokens:182.9375 - self_distillation/empty_target_batch:0.0 - actor/grad_norm:1.6788848638534546 - timing_s/update_actor/student_forward:65.63592510588933 - timing_s/update_actor/teacher_forward:56.68736719834851 - timing_s/update_actor/teacher_full_forward:0.0 - timing_s/update_actor/teacher_null_forward:59.376967344025616 - timing_s/update_actor/loss_compute:0.06629935698583722 - timing_s/update_actor/backward:90.56963195779826 - timing_s/update_actor/optimizer_step:0.08488573401700705 - timing_s/update_actor/teacher_ema_update:5.222199251875281e-05 - perf/mfu/actor:0.0 - perf/max_memory_allocated_gb:83.79204654693604 - perf/max_memory_reserved_gb:95.41796875 - perf/cpu_memory_used_gb:344.24861907958984 - actor/lr:2e-06 - training/global_step:12 - training/epoch:0 - response_length/mean:182.9375 - response_length/max:1024.0 - response_length/min:24.0 - response_length/clip_ratio:0.03125 - response_length_non_aborted/mean:182.9375 - response_length_non_aborted/max:1024.0 - response_length_non_aborted/min:24.0 - response_length_non_aborted/clip_ratio:0.03125 - response/aborted_ratio:0.0 - prompt_length/mean:3495.833251953125 - prompt_length/max:4948.0 - prompt_length/min:3341.0 - prompt_length/clip_ratio:0.0 - num_turns/min:2 - num_turns/max:2 - num_turns/mean:2.0 - timing_s/start_profile:3.780203405767679e-05 - timing_s/agent_loop/generate_sequences/min:10.994002311956137 - timing_s/agent_loop/generate_sequences/max:25.5923761940212 - timing_s/agent_loop/generate_sequences/mean:15.613539015466207 - timing_s/agent_loop/tool_calls/min:0.0 - timing_s/agent_loop/tool_calls/max:0.0 - timing_s/agent_loop/tool_calls/mean:0.0 - timing_s/agent_loop/slowest/generate_sequences:25.5923761940212 - timing_s/agent_loop/slowest/tool_calls:0.0 - timing_s/agent_loop/slowest/prompt_length:3353 - timing_s/agent_loop/slowest/response_length:1024 - timing_s/gen:37.70744602900231 - timing_s/adv:27.1110207720194 - timing_s/update_actor:322.19260443001986 - timing_s/dump_rollout_generations:0.05563870701007545 - timing_s/step:387.10344867495587 - timing_s/stop_profile:2.9180024284869432e-05 - timing_per_token_ms/update_actor:0.912308245026418 - timing_per_token_ms/adv:0.07676652859599674 - timing_per_token_ms/gen:2.1471043177885383 - perf/total_num_tokens:353162 - perf/time_per_step:387.10344867495587 - perf/throughput:456.15971804031136
[36m(TaskRunner pid=623297)[0m Dumped generations to /sfs/weka/scratch/nkw3mr/Vision-OPD-OPSA/rollouts/Aha-Qwen3.5-4B-pair6k/13.jsonl
[36m(TaskRunner pid=623297)[0m step:13 - global_seqlen/min:347435 - global_seqlen/max:347435 - global_seqlen/minmax_diff:0 - global_seqlen/balanced_min:347435 - global_seqlen/balanced_max:347435 - global_seqlen/mean:347435.0 - self_distillation/teacher_always_on_fraction:1.0 - self_distillation/teacher_image_swap_fraction:1.0 - self_distillation/policy_fallback_fraction:0.0 - self_distillation/grpo_fallback_count:0.0 - rollout_corr/rollout_is_mean:1.0 - rollout_corr/rollout_is_ratio_fraction_high:0.0 - rollout_corr/rollout_is_ratio_fraction_low:0.0 - rollout_corr/rollout_is_max:1.0 - rollout_corr/rollout_is_min:1.0 - rollout_corr/rollout_is_std:0.0 - rollout_corr/rollout_is_eff_sample_size:1.0 - rollout_corr/rollout_is_seq_mean:1.0 - rollout_corr/rollout_is_seq_std:0.0 - rollout_corr/rollout_is_seq_max:1.0 - rollout_corr/rollout_is_seq_min:1.0 - rollout_corr/rollout_is_seq_max_deviation:0.0 - rollout_corr/rollout_is_seq_fraction_high:0.0 - rollout_corr/rollout_is_seq_fraction_low:0.0 - rollout_corr/training_ppl:2.5098395658036075 - rollout_corr/training_log_ppl:0.8890874804928899 - rollout_corr/kl:0.026560345065566555 - rollout_corr/k3_kl:0.02721591153143284 - rollout_corr/rollout_ppl:2.446038263539473 - rollout_corr/rollout_log_ppl:0.8625271255150437 - rollout_corr/log_ppl_diff:0.026560354977846146 - rollout_corr/log_ppl_abs_diff:0.029965459058682125 - rollout_corr/log_ppl_diff_max:0.08107542991638184 - rollout_corr/log_ppl_diff_min:-0.03672301769256592 - rollout_corr/ppl_ratio:1.0271553384761016 - rollout_corr/chi2_token:0.07044594548642635 - rollout_corr/chi2_seq:4.407203711569309 - actor/pg_loss:0.14411221033272645 - actor/kl_loss:0.0 - actor/grpo_loss:0.0 - actor/vopd_loss:0.14411221033272645 - actor/vopd_loss_weighted:0.14411221033272645 - actor/policy_fallback_fraction:0.0 - aha/u_mean:-0.31145534909834777 - aha/u_neg_valley_frac:0.626242859599491 - aha/floor_clamped_frac:0.0 - aha/q_tail_mass:0.004640177245695061 - aha/argmax_conf:0.8369207978248596 - self_distillation/raw_jsd_token_mean:0.14411221033272645 - self_distillation/weighted_jsd_token_mean:0.14411221033272645 - self_distillation/self_distillation_mask.mean():1.0 - self_distillation/num_distill_tokens:180.76041666666666 - self_distillation/empty_target_batch:0.0 - actor/grad_norm:1.7005428075790405 - timing_s/update_actor/student_forward:51.709678396757226 - timing_s/update_actor/teacher_forward:60.0994394813315 - timing_s/update_actor/teacher_full_forward:0.0 - timing_s/update_actor/teacher_null_forward:70.888192120241 - timing_s/update_actor/loss_compute:0.06983996974304318 - timing_s/update_actor/backward:89.44105681002839 - timing_s/update_actor/optimizer_step:0.0845679990015924 - timing_s/update_actor/teacher_ema_update:3.884301986545324e-05 - perf/mfu/actor:0.0 - perf/max_memory_allocated_gb:83.79204654693604 - perf/max_memory_reserved_gb:95.41796875 - perf/cpu_memory_used_gb:344.3391227722168 - actor/lr:2e-06 - training/global_step:13 - training/epoch:0 - response_length/mean:180.7604217529297 - response_length/max:1024.0 - response_length/min:42.0 - response_length/clip_ratio:0.02083333395421505 - response_length_non_aborted/mean:180.7604217529297 - response_length_non_aborted/max:1024.0 - response_length_non_aborted/min:42.0 - response_length_non_aborted/clip_ratio:0.02083333395421505 - response/aborted_ratio:0.0 - prompt_length/mean:3438.354248046875 - prompt_length/max:4384.0 - prompt_length/min:3203.0 - prompt_length/clip_ratio:0.0 - num_turns/min:2 - num_turns/max:2 - num_turns/mean:2.0 - timing_s/start_profile:3.0050985515117645e-05 - timing_s/agent_loop/generate_sequences/min:10.705253674997948 - timing_s/agent_loop/generate_sequences/max:24.797878587036394 - timing_s/agent_loop/generate_sequences/mean:14.77972308844437 - timing_s/agent_loop/tool_calls/min:0.0 - timing_s/agent_loop/tool_calls/max:0.0 - timing_s/agent_loop/tool_calls/mean:0.0 - timing_s/agent_loop/slowest/generate_sequences:24.797878587036394 - timing_s/agent_loop/slowest/tool_calls:0.0 - timing_s/agent_loop/slowest/prompt_length:3373 - timing_s/agent_loop/slowest/respon[36m(TaskRunner pid=623297)[0m Training Progress:  25%|██▌       | 13/51 [1:22:46<4:05:42, 387.95s/it]
[36m(TaskRunner pid=623297)[0m Training Progress:  27%|██▋       | 14/51 [1:29:12<3:58:53, 387.40s/it]
se_length:1005 - timing_s/gen:37.153252731019165 - timing_s/adv:28.950020276999567 - timing_s/update_actor:322.14975558198057 - timing_s/dump_rollout_generations:0.05440073902718723 - timing_s/step:388.3403649269603 - timing_s/stop_profile:2.340204082429409e-05 - timing_per_token_ms/update_actor:0.9272230937642453 - timing_per_token_ms/adv:0.08332499683969538 - timing_per_token_ms/gen:2.1410276454226453 - perf/total_num_tokens:347435 - perf/time_per_step:388.3403649269603 - perf/throughput:447.33310180792836
[36m(TaskRunner pid=623297)[0m Dumped generations to /sfs/weka/scratch/nkw3mr/Vision-OPD-OPSA/rollouts/Aha-Qwen3.5-4B-pair6k/14.jsonl
[36m(TaskRunner pid=623297)[0m step:14 - global_seqlen/min:340214 - global_seqlen/max:340214 - global_seqlen/minmax_diff:0 - global_seqlen/balanced_min:340214 - global_seqlen/balanced_max:340214 - global_seqlen/mean:340214.0 - self_distillation/teacher_always_on_fraction:1.0 - self_distillation/teacher_image_swap_fraction:1.0 - self_distillation/policy_fallback_fraction:0.0 - self_distillation/grpo_fallback_count:0.0 - rollout_corr/rollout_is_mean:1.0 - rollout_corr/rollout_is_ratio_fraction_high:0.0 - rollout_corr/rollout_is_ratio_fraction_low:0.0 - rollout_corr/rollout_is_max:1.0 - rollout_corr/rollout_is_min:1.0 - rollout_corr/rollout_is_std:0.0 - rollout_corr/rollout_is_eff_sample_size:1.0 - rollout_corr/rollout_is_seq_mean:1.0 - rollout_corr/rollout_is_seq_std:0.0 - rollout_corr/rollout_is_seq_max:1.0 - rollout_corr/rollout_is_seq_min:1.0 - rollout_corr/rollout_is_seq_max_deviation:0.0 - rollout_corr/rollout_is_seq_fraction_high:0.0 - rollout_corr/rollout_is_seq_fraction_low:0.0 - rollout_corr/training_ppl:2.3749012959500155 - rollout_corr/training_log_ppl:0.8295486969873309 - rollout_corr/kl:0.023818987304063437 - rollout_corr/k3_kl:0.03008212624020719 - rollout_corr/rollout_ppl:2.3199917835493884 - rollout_corr/rollout_log_ppl:0.8057296987002095 - rollout_corr/log_ppl_diff:0.023818998287121456 - rollout_corr/log_ppl_abs_diff:0.028694166491429012 - rollout_corr/log_ppl_diff_max:0.11563694477081299 - rollout_corr/log_ppl_diff_min:-0.053005218505859375 - rollout_corr/ppl_ratio:1.0244867789248626 - rollout_corr/chi2_token:0.1212545819580555 - rollout_corr/chi2_seq:601.0379926525056 - actor/pg_loss:0.15987467618348697 - actor/kl_loss:0.0 - actor/grpo_loss:0.0 - actor/vopd_loss:0.15987467618348697 - actor/vopd_loss_weighted:0.15987467618348697 - actor/policy_fallback_fraction:0.0 - aha/u_mean:-0.16104774148963466 - aha/u_neg_valley_frac:0.5511368331499398 - aha/floor_clamped_frac:0.0 - aha/q_tail_mass:0.0049659256681025 - aha/argmax_conf:0.8961445689201355 - self_distillation/raw_jsd_token_mean:0.15987467618348697 - self_distillation/weighted_jsd_token_mean:0.15987467618348697 - self_distillation/self_distillation_mask.mean():1.0 - self_distillation/num_distill_tokens:154.45833333333334 - self_distillation/empty_target_batch:0.0 - actor/grad_norm:2.8224594593048096 - timing_s/update_actor/student_forward:65.9356414131471 - timing_s/update_actor/teacher_forward:57.61165845784126 - timing_s/update_actor/teacher_full_forward:0.0 - timing_s/update_actor/teacher_null_forward:57.95510696002748 - timing_s/update_actor/loss_compute:0.07037200883496553 - timing_s/update_actor/backward:86.7384787700721 - timing_s/update_actor/optimizer_step:0.08459880104055628 - timing_s/update_actor/teacher_ema_update:3.359600668773055e-05 - perf/mfu/actor:0.0 - perf/max_memory_allocated_gb:83.79204654693604 - perf/max_memory_reserved_gb:95.41796875 - perf/cpu_memory_used_gb:343.2737464904785 - actor/lr:2e-06 - training/global_step:14 - training/epoch:0 - response_length/mean:154.4583282470703 - response_length/max:1024.0 - response_length/min:31.0 - response_length/clip_ratio:0.010416666977107525 - response_length_non_aborted/mean:154.4583282470703 - response_length_non_aborted/max:1024.0 - response_length_non_aborted/min:31.0 - response_length_non_aborted/clip_ratio:0.010416666977107525 - response/aborted_ratio:0.0 - prompt_length/mean:3389.4375 - prompt_length/max:3960.0 - prompt_length/min:3155.0 - prompt_length/clip_ratio:0.0 - num_turns/min:2 - num_turns/max:2 - num_turns/mean:2.0 - timing_s/start_profile:3.5488978028297424e-05 - timing_s/agent_loop/generate_sequences/min:10.914065906021278 - timing_s/agent_loop/generate_sequences/max:23.28514394600643 - timing_s/agent_loop/generate_sequences/mean:14.689103129596333 - timing_s/agent_loop/tool_calls/min:0.0 - timing_s/agent_loop/tool_calls/max:0.0 - timing_s/agent_loop/tool_calls/mean:0.0 - timing_s/agent_loop/slowest/generate_sequences:23.28514394600643 - timing_s/agent_loop/slowest/tool_calls:0.0 - timing_s/agent_loop/slowest/prompt_length:3350 - timing_s/agent_loop/slowest/response_length:1024 - timing_s/gen:35.18805912800599 - timing_s/adv:25.991992657014634 - timing_s/update_actor:324.5280491380254 - timing_s/dump_rollout_generations:0.0563761800294742 - timing_s/step:385.7878048790153 - timing_s/stop_profile:2.2610998712480068e-05 - timing_per_token_ms/update_actor:0.9538938701465118 - timing_per_token_ms/adv:0.07639895082805127 - timing_per_token_ms/gen:2.3730819482065004 - perf/total_num_tokens:340214 - perf/time_per_step:385.7878048790153 - perf/throughput:440.9341037966358
[36m(TaskRunner pid=623297)[0m Dumped generations to /sfs/weka/scratch/nkw3mr/Vision-OPD-OPSA/rollouts/Aha-Qwen3.5-4B-pair6k/15.jsonl
[36m(TaskRunner pid=623297)[0m local_global_step_folder: /sfs/weka/scratch/nkw3mr/Vision-OPD-OPSA/checkpoints/Aha-Qwen3.5-4B-pair6k/global_step_15
[36m(TaskRunner pid=623297)[0m step:15 - global_seqlen/min:343021 - global_seqlen/max:343021 - global_seqlen/minmax_diff:0 - global_seqlen/balanced_min:343021 - global_seqlen/balanced_max:343021 - global_seqlen/mean:343021.0 - self_distillation/teacher_always_on_fraction:1.0 - self_distillation/teacher_image_swap_fraction:1.0 - self_distillation/policy_fallback_fraction:0.0 - self_distillation/grpo_fallback_count:0.0 - rollout_corr/rollout_is_mean:1.0 - rollout_corr/rollout_is_ratio_fraction_high:0.0 - rollout_corr/rollout_is_ratio_fraction_low:0.0 - rollout_corr/rollout_is_max:1.0 - rollout_corr/rollout_is_min:1.0 - rollout_corr/rollout_is_std:0.0 - rollout_corr/rollout_is_eff_sample_size:1.0 - rollout_corr/rollout_is_seq_mean:1.0 - rollout_corr/rollout_is_seq_std:0.0 - rollout_corr/rollout_is_seq_max:1.0 - rollout_corr/rollout_is_seq_min:1.0 - rollout_corr/rollout_is_seq_max_deviation:0.0 - rollout_corr/rollout_is_seq_fraction_high:0.0 - rollout_corr/rollout_is_seq_fraction_low:0.0 - rollout_corr/training_ppl:2.38594793031613 - rollout_corr/training_log_ppl:0.8353795483708382 - rollout_corr/kl:0.02617035971616133 - rollout_corr/k3_kl:0.028042938666961465 - rollout_corr/rollout_ppl:2.3223153315484524 - rollout_corr/rollout_log_ppl:0.8092091750974456 - rollout_corr/log_ppl_diff:0.026170373273392517 - rollout_corr/log_ppl_abs_diff:0.028267699293792248 - rollout_corr/log_ppl_diff_max:0.09250450134277344 - rollout_corr/log_ppl_diff_min:-0.025064587593078613 - rollout_corr/ppl_ratio:1.0267769539107878 - rollout_corr/chi2_token:0.08209809847176075 - rollout_corr/chi2_seq:0.3090541983644168 - actor/pg_loss:0.13914679159643134 - actor/kl_loss:0.0 - actor/grpo_loss:0.0 - actor/vopd_loss:0.13914679159643134 - actor/vopd_loss_weighted:0.13914679159643134 - actor/policy_fallback_fraction:0.0 - aha/u_mean:-0.2717191214906052 - aha/u_neg_valley_frac:0.6128841792233288 - aha/floor_clamped_frac:0.0 - aha/q_tail_mass:0.00534910585262575 - aha/argmax_conf:0.8984397649765015 - self_distillation/raw_jsd_token_mean:0.13914679159643129 - self_distillation/weighted_jsd_token_mean:0.13914679159643129 - self_distillation/self_distillation_mask.mean():1.0 - self_distillation/num_distill_tokens:190.48958333333334 - self_distillation/empty_target_batch:0.0 - actor/grad_norm:1.8702481985092163 - timing_s/update_actor/student_forward:53.78317744791275 - timing_s/update_actor/teacher_forward:58.46191369887674 - timing_s/update_actor/teacher_full_forward:0.0 - timing_s/update_actor/teacher_null_forward:58.252309569506906 - timing_s/update_actor/loss_compute:0.06705802795477211 - timing_s/update_actor/backward:99.3531571389758 - timing_s/update_actor/optimizer_step:0.08537716302089393 - timing_s/update_actor/teacher_ema_update:4.582299152389169e-05 - perf/mfu/actor:0.0 - perf/max_memory_allocated_gb:83.79204654693604 - perf/max_memory_reserved_gb:95.41796875 - perf/cpu_memory_used_gb:353.6085777282715 - actor/lr:2e-06 - training/global_step:15 - training/epoch:0 - response_length/mean:190.4895782470703 - response_length/max:1024.0 - response_length/min:30.0 - response_length/clip_ratio:0.03125 - response_length_non_aborted/mean:190.4895782470703 - response_length_non_aborted/max:1024.0 - response_length_non_aborted/min:30.0 - response_length_non_aborted/clip_ratio:0.03125 - response/aborted_ratio:0.0 - prompt_length/mean:3382.645751953125 - prompt_length/max:3970.0 - prompt_length/min:3156.0 - prompt_length/clip_ratio:0.0 - num_turns/min:2 - num_turns/max:2 - num_turns/mean:2.0 - timing_s/start_profile:2.681702608242631e-05 - timing_s/agent_loop/generate_sequences/min:11.715397784020752 - timing_s/agent_loop/generate_sequences/max:24.499471905000973 - timing_s/agent_loop/generate_sequences/mean:15.197536030248253 - timing_s/agent_loop/tool_calls/min:0.0 - timing_s/agent_loop/tool_calls/max:0.0 - timing_s/agent_loop/tool_calls/mean:0.0 - timing_s/agent_loop/slowest/generate_sequences:24.499471905000973 - timing_s/agent_loop/slowest/tool_calls:0.0 - timing_s/agent_loop/slowest/prompt_length:3390 - timing_s/agent_loop/slowest/response_length:1024 - timi[36m(TaskRunner pid=623297)[0m Training Progress:  29%|██▉       | 15/51 [1:36:01<3:56:18, 393.86s/it]
[36m(WorkerDict pid=623996)[0m /sfs/weka/scratch/nkw3mr/Vision-OPD-OPSA/verl/utils/device.py:134: FutureWarning: torch.cuda._set_allocator_settings is deprecated. Use torch._C._accelerator_setAllocatorSettings instead.
[36m(WorkerDict pid=623996)[0m   torch.cuda.memory._set_allocator_settings(f"expandable_segments:{enable}")
[36m(TaskRunner pid=623297)[0m Training Progress:  31%|███▏      | 16/51 [1:42:31<3:49:07, 392.79s/it]
[36m(WorkerDict pid=623997)[0m /sfs/weka/scratch/nkw3mr/Vision-OPD-OPSA/verl/utils/device.py:134: FutureWarning: torch.cuda._set_allocator_settings is deprecated. Use torch._C._accelerator_setAllocatorSettings instead.
[36m(WorkerDict pid=623997)[0m   torch.cuda.memory._set_allocator_settings(f"expandable_segments:{enable}")
ng_s/gen:35.05999977403553 - timing_s/adv:29.451610115007497 - timing_s/update_actor:321.47025792801287 - timing_s/dump_rollout_generations:0.05715355899883434 - timing_s/step:386.0685731099802 - timing_s/save_checkpoint:22.446105608018115 - timing_s/stop_profile:5.572702502831817e-05 - timing_per_token_ms/update_actor:0.9371736946951145 - timing_per_token_ms/adv:0.08585949581806215 - timing_per_token_ms/gen:1.917208933889404 - perf/total_num_tokens:343021 - perf/time_per_step:386.0685731099802 - perf/throughput:444.248799166415
[36m(TaskRunner pid=623297)[0m Dumped generations to /sfs/weka/scratch/nkw3mr/Vision-OPD-OPSA/rollouts/Aha-Qwen3.5-4B-pair6k/16.jsonl
[36m(TaskRunner pid=623297)[0m step:16 - global_seqlen/min:341720 - global_seqlen/max:341720 - global_seqlen/minmax_diff:0 - global_seqlen/balanced_min:341720 - global_seqlen/balanced_max:341720 - global_seqlen/mean:341720.0 - self_distillation/teacher_always_on_fraction:1.0 - self_distillation/teacher_image_swap_fraction:1.0 - self_distillation/policy_fallback_fraction:0.0 - self_distillation/grpo_fallback_count:0.0 - rollout_corr/rollout_is_mean:1.0 - rollout_corr/rollout_is_ratio_fraction_high:0.0 - rollout_corr/rollout_is_ratio_fraction_low:0.0 - rollout_corr/rollout_is_max:1.0 - rollout_corr/rollout_is_min:1.0 - rollout_corr/rollout_is_std:0.0 - rollout_corr/rollout_is_eff_sample_size:1.0 - rollout_corr/rollout_is_seq_mean:1.0 - rollout_corr/rollout_is_seq_std:0.0 - rollout_corr/rollout_is_seq_max:1.0 - rollout_corr/rollout_is_seq_min:1.0 - rollout_corr/rollout_is_seq_max_deviation:0.0 - rollout_corr/rollout_is_seq_fraction_high:0.0 - rollout_corr/rollout_is_seq_fraction_low:0.0 - rollout_corr/training_ppl:2.6698849064608416 - rollout_corr/training_log_ppl:0.9240473896885911 - rollout_corr/kl:0.030094071604101675 - rollout_corr/k3_kl:0.031083954653392237 - rollout_corr/rollout_ppl:2.58501206835111 - rollout_corr/rollout_log_ppl:0.8939533171554407 - rollout_corr/log_ppl_diff:0.030094072533150513 - rollout_corr/log_ppl_abs_diff:0.03318670547256867 - rollout_corr/log_ppl_diff_max:0.10533589124679565 - rollout_corr/log_ppl_diff_min:-0.024175405502319336 - rollout_corr/ppl_ratio:1.0309705870846908 - rollout_corr/chi2_token:0.07293589413166046 - rollout_corr/chi2_seq:4.906156625598669 - actor/pg_loss:0.14492208068259063 - actor/kl_loss:0.0 - actor/grpo_loss:0.0 - actor/vopd_loss:0.14492208068259063 - actor/vopd_loss_weighted:0.14492208068259063 - actor/policy_fallback_fraction:0.0 - aha/u_mean:-0.27713972186029423 - aha/u_neg_valley_frac:0.6013194335003694 - aha/floor_clamped_frac:0.0 - aha/q_tail_mass:0.005082541879877074 - aha/argmax_conf:0.892667293548584 - self_distillation/raw_jsd_token_mean:0.1449220806825906 - self_distillation/weighted_jsd_token_mean:0.1449220806825906 - self_distillation/self_distillation_mask.mean():1.0 - self_distillation/num_distill_tokens:139.02083333333334 - self_distillation/empty_target_batch:0.0 - actor/grad_norm:1.5967570543289185 - timing_s/update_actor/student_forward:66.43170079181436 - timing_s/update_actor/teacher_forward:59.490397995279636 - timing_s/update_actor/teacher_full_forward:0.0 - timing_s/update_actor/teacher_null_forward:58.29783215210773 - timing_s/update_actor/loss_compute:0.0735976411961019 - timing_s/update_actor/backward:89.45666157494998 - timing_s/update_actor/optimizer_step:0.08480120199965313 - timing_s/update_actor/teacher_ema_update:4.862598143517971e-05 - perf/mfu/actor:0.0 - perf/max_memory_allocated_gb:83.79204654693604 - perf/max_memory_reserved_gb:95.41796875 - perf/cpu_memory_used_gb:352.1634292602539 - actor/lr:2e-06 - training/global_step:16 - training/epoch:0 - response_length/mean:139.0208282470703 - response_length/max:1024.0 - response_length/min:26.0 - response_length/clip_ratio:0.010416666977107525 - response_length_non_aborted/mean:139.0208282470703 - response_length_non_aborted/max:1024.0 - response_length_non_aborted/min:26.0 - response_length_non_aborted/clip_ratio:0.010416666977107525 - response/aborted_ratio:0.0 - prompt_length/mean:3420.5625 - prompt_length/max:4018.0 - prompt_length/min:3171.0 - prompt_length/clip_ratio:0.0 - num_turns/min:2 - num_turns/max:2 - num_turns/mean:2.0 - timing_s/start_profile:2.7447007596492767e-05 - timing_s/agent_loop/generate_sequences/min:12.269731605018023 - timing_s/agent_loop/generate_sequences/max:22.881492761021946 - timing_s/agent_loop/generate_sequences/mean:14.93445541416986 - timing_s/agent_loop/tool_calls/min:0.0 - timing_s/agent_loop/tool_calls/max:0.0 - timing_s/agent_loop/tool_calls/mean:0.0 - timing_s/agent_loop/slowest/generate_sequences:22.881492761021946 - timing_s/agent_loop/slowest/tool_calls:0.0 - timing_s/agent_loop/slowest/prompt_length:3343 - timing_s/agent_loop/slowest/response_length:1024 - timing_s/gen:34.87904212297872 - timing_s/adv:28.53643799299607 - timing_s/update_actor:326.2185656869551 - timing_s/dump_rollout_generations:0.33802723203552887 - timing_s/step:389.99239000101807 - timing_s/stop_profile:3.157299943268299e-05 - timing_per_token_ms/update_actor:0.9546370294011328 - timing_per_token_ms/adv:0.08350824649712066 - timing_per_token_ms/gen:2.6134453861066027 - perf/total_num_tokens:341720 - perf/time_per_step:389.99239000101807 - perf/throughput:438.11111288493083
[36m(TaskRunner pid=623297)[0m Dumped generations to /sfs/weka/scratch/nkw3mr/Vision-OPD-OPSA/rollouts/Aha-Qwen3.5-4B-pair6k/17.jsonl
[36m(TaskRunner pid=623297)[0m step:17 - global_seqlen/min:343505 - global_seqlen/max:343505 - global_seqlen/minmax_diff:0 - global_seqlen/balanced_min:343505 - global_seqlen/balanced_max:343505 - global_seqlen/mean:343505.0 - self_distillation/teacher_always_on_fraction:1.0 - self_distillation/teacher_image_swap_fraction:1.0 - self_distillation/policy_fallback_fraction:0.0 - self_distillation/grpo_fallback_count:0.0 - rollout_corr/rollout_is_mean:1.0 - rollout_corr/rollout_is_ratio_fraction_high:0.0 - rollout_corr/rollout_is_ratio_fraction_low:0.0 - rollout_corr/rollout_is_max:1.0 - rollout_corr/rollout_is_min:1.0 - rollout_corr/rollout_is_std:0.0 - rollout_corr/rollout_is_eff_sample_size:1.0 - rollout_corr/rollout_is_seq_mean:1.0 - rollout_corr/rollout_is_seq_std:0.0 - rollout_corr/rollout_is_seq_max:1.0 - rollout_corr/rollout_is_seq_min:1.0 - rollout_corr/rollout_is_seq_max_deviation:0.0 - rollout_corr/rollout_is_seq_fraction_high:0.0 - rollout_corr/rollout_is_seq_fraction_low:0.0 - rollout_corr/training_ppl:2.489897646009922 - rollout_corr/training_log_ppl:0.8714601368022462 - rollout_corr/kl:0.02856881373681593 - rollout_corr/k3_kl:0.03390112783624014 - rollout_corr/rollout_ppl:2.415257009367148 - rollout_corr/rollout_log_ppl:0.842891328347226 - rollout_corr/log_ppl_diff:0.02856880845502019 - rollout_corr/log_ppl_abs_diff:0.03153295582160354 - rollout_corr/log_ppl_diff_max:0.17162096500396729 - rollout_corr/log_ppl_diff_min:-0.03876882791519165 - rollout_corr/ppl_ratio:1.0293762274086475 - rollout_corr/chi2_token:0.1531752273440361 - rollout_corr/chi2_seq:0.26648326342304546 - actor/pg_loss:0.13188575724295026 - actor/kl_loss:0.0 - actor/grpo_loss:0.0 - actor/vopd_loss:0.13188575724295026 - actor/vopd_loss_weighted:0.13188575724295026 - actor/policy_fallback_fraction:0.0 - aha/u_mean:-0.2805216212000232 - aha/u_neg_valley_frac:0.625326973075668 - aha/floor_clamped_frac:0.0 - aha/q_tail_mass:0.0047371668974847125 - aha/argmax_conf:0.9281004667282104 - self_distillation/raw_jsd_token_mean:0.1318857572429503 - self_distillation/weighted_jsd_token_mean:0.1318857572429503 - self_distillation/self_distillation_mask.mean():1.0 - self_distillation/num_distill_tokens:134.09375 - self_distillation/empty_target_batch:0.0 - actor/grad_norm:1.8828366994857788 - timing_s/update_actor/student_forward:52.67889945989009 - timing_s/update_actor/teacher_forward:59.72547999199014 - timing_s/update_actor/teacher_full_forward:0.0 - timing_s/update_actor/teacher_null_forward:74.99162701831665 - timing_s/update_actor/loss_compute:0.06877493264619261 - timing_s/update_actor/backward:88.44784419343341 - timing_s/update_actor/optimizer_step:0.08521985600236803 - timing_s/update_actor/teacher_ema_update:6.450898945331573e-05 - perf/mfu/actor:0.0 - perf/max_memory_allocated_gb:84.23508310317993 - perf/max_memory_reserved_gb:96.705078125 - perf/cpu_memory_used_gb:357.47726821899414 - actor/lr:2e-06 - training/global_step:17 - training/epoch:0 - response_length/mean:134.09375 - response_length/max:921.0 - response_length/min:28.0 - response_length/clip_ratio:0.0 - response_length_non_aborted/mean:134.09375 - response_length_non_aborted/max:921.0 - response_length_non_aborted/min:28.0 - response_length_non_aborted/clip_ratio:0.0 - response/aborted_ratio:0.0 - prompt_length/mean:3444.083251953125 - prompt_length/max:5887.0 - prompt_length/min:3204.0 - prompt_length/clip_ratio:0.0 - num_turns/min:2 - num_turns/max:2 - num_turns/mean:2.0 - timing_s/start_profile:4.459102638065815e-05 - timing_s/agent_loop/generate_sequences/min:9.69844412902603 - timing_s/agent_loop/generate_sequences/max:23.56188844301505 - timing_s/agent_loop/generate_sequences/mean:14.746220579795287 - timing_s/agent_loop/tool_calls/min:0.0 - timing_s/agent_loop/tool_calls/max:0.0 - timing_s/agent_loop/tool_calls/mean:0.0 - timing_s/agent_loop/slowest/generate_sequences:23.56188844301505 - timing_s/agent_loop/slowest/tool_calls:0.0 - timing_s/agent_loop/slowest/prompt_length:3346 - timing_s/agent_loop/slowest/response_length:921 - timing_s/gen:35.41643111599842 - timing_s/adv:28[36m(TaskRunner pid=623297)[0m Training Progress:  33%|███▎      | 17/51 [1:49:01<3:42:08, 392.01s/it]
[36m(TaskRunner pid=623297)[0m Training Progress:  35%|███▌      | 18/51 [1:55:25<3:34:17, 389.61s/it]
.52309574803803 - timing_s/update_actor:325.7858058490092 - timing_s/dump_rollout_generations:0.05417582200607285 - timing_s/step:389.80494201002875 - timing_s/stop_profile:2.3502041585743427e-05 - timing_per_token_ms/update_actor:0.9484164884033979 - timing_per_token_ms/adv:0.08303546017681848 - timing_per_token_ms/gen:2.7512181399827873 - perf/total_num_tokens:343505 - perf/time_per_step:389.80494201002875 - perf/throughput:440.611396854946
[36m(TaskRunner pid=623297)[0m Dumped generations to /sfs/weka/scratch/nkw3mr/Vision-OPD-OPSA/rollouts/Aha-Qwen3.5-4B-pair6k/18.jsonl
[36m(TaskRunner pid=623297)[0m step:18 - global_seqlen/min:339178 - global_seqlen/max:339178 - global_seqlen/minmax_diff:0 - global_seqlen/balanced_min:339178 - global_seqlen/balanced_max:339178 - global_seqlen/mean:339178.0 - self_distillation/teacher_always_on_fraction:1.0 - self_distillation/teacher_image_swap_fraction:1.0 - self_distillation/policy_fallback_fraction:0.0 - self_distillation/grpo_fallback_count:0.0 - rollout_corr/rollout_is_mean:1.0 - rollout_corr/rollout_is_ratio_fraction_high:0.0 - rollout_corr/rollout_is_ratio_fraction_low:0.0 - rollout_corr/rollout_is_max:1.0 - rollout_corr/rollout_is_min:1.0 - rollout_corr/rollout_is_std:0.0 - rollout_corr/rollout_is_eff_sample_size:1.0 - rollout_corr/rollout_is_seq_mean:1.0 - rollout_corr/rollout_is_seq_std:0.0 - rollout_corr/rollout_is_seq_max:1.0 - rollout_corr/rollout_is_seq_min:1.0 - rollout_corr/rollout_is_seq_max_deviation:0.0 - rollout_corr/rollout_is_seq_fraction_high:0.0 - rollout_corr/rollout_is_seq_fraction_low:0.0 - rollout_corr/training_ppl:2.4702679278949895 - rollout_corr/training_log_ppl:0.8497235579416156 - rollout_corr/kl:0.03015282900529807 - rollout_corr/k3_kl:0.030579829229585204 - rollout_corr/rollout_ppl:2.3921905383467674 - rollout_corr/rollout_log_ppl:0.8195707206614316 - rollout_corr/log_ppl_diff:0.03015283728018403 - rollout_corr/log_ppl_abs_diff:0.032966609268138804 - rollout_corr/log_ppl_diff_max:0.12092578411102295 - rollout_corr/log_ppl_diff_min:-0.0217132568359375 - rollout_corr/ppl_ratio:1.0310100453595321 - rollout_corr/chi2_token:0.07680048607289791 - rollout_corr/chi2_seq:0.4760978886236747 - actor/pg_loss:0.14023822984502962 - actor/kl_loss:0.0 - actor/grpo_loss:0.0 - actor/vopd_loss:0.14023822984502962 - actor/vopd_loss_weighted:0.14023822984502962 - actor/policy_fallback_fraction:0.0 - aha/u_mean:-0.34715003563906066 - aha/u_neg_valley_frac:0.6316065844148397 - aha/floor_clamped_frac:0.0 - aha/q_tail_mass:0.005209059787041781 - aha/argmax_conf:0.9293142557144165 - self_distillation/raw_jsd_token_mean:0.14023822984502962 - self_distillation/weighted_jsd_token_mean:0.14023822984502962 - self_distillation/self_distillation_mask.mean():1.0 - self_distillation/num_distill_tokens:120.5 - self_distillation/empty_target_batch:0.0 - actor/grad_norm:1.6564909219741821 - timing_s/update_actor/student_forward:59.61169020901434 - timing_s/update_actor/teacher_forward:61.19772865076084 - timing_s/update_actor/teacher_full_forward:0.0 - timing_s/update_actor/teacher_null_forward:59.99870660487795 - timing_s/update_actor/loss_compute:0.07702014496317133 - timing_s/update_actor/backward:93.10125941591104 - timing_s/update_actor/optimizer_step:0.08544676599558443 - timing_s/update_actor/teacher_ema_update:5.091005004942417e-05 - perf/mfu/actor:0.0 - perf/max_memory_allocated_gb:84.23508310317993 - perf/max_memory_reserved_gb:96.705078125 - perf/cpu_memory_used_gb:353.85406494140625 - actor/lr:2e-06 - training/global_step:18 - training/epoch:0 - response_length/mean:120.5 - response_length/max:593.0 - response_length/min:32.0 - response_length/clip_ratio:0.0 - response_length_non_aborted/mean:120.5 - response_length_non_aborted/max:593.0 - response_length_non_aborted/min:32.0 - response_length_non_aborted/clip_ratio:0.0 - response/aborted_ratio:0.0 - prompt_length/mean:3412.604248046875 - prompt_length/max:4477.0 - prompt_length/min:3207.0 - prompt_length/clip_ratio:0.0 - num_turns/min:2 - num_turns/max:2 - num_turns/mean:2.0 - timing_s/start_profile:2.8248003218322992e-05 - timing_s/agent_loop/generate_sequences/min:7.678017936006654 - timing_s/agent_loop/generate_sequences/max:20.281981405976694 - timing_s/agent_loop/generate_sequences/mean:14.130882751035339 - timing_s/agent_loop/tool_calls/min:0.0 - timing_s/agent_loop/tool_calls/max:0.0 - timing_s/agent_loop/tool_calls/mean:0.0 - timing_s/agent_loop/slowest/generate_sequences:20.281981405976694 - timing_s/agent_loop/slowest/tool_calls:0.0 - timing_s/agent_loop/slowest/prompt_length:3348 - timing_s/agent_loop/slowest/response_length:593 - timing_s/gen:31.75300614797743 - timing_s/adv:28.095544837007765 - timing_s/update_actor:323.7650144249783 - timing_s/dump_rollout_generations:0.05769495002459735 - timing_s/step:383.6966498249676 - timing_s/stop_profile:3.161298809573054e-05 - timing_per_token_ms/update_actor:0.9545578263477533 - timing_per_token_ms/adv:0.08283421930964793 - timing_per_token_ms/gen:2.7449002548389894 - perf/total_num_tokens:339178 - perf/time_per_step:383.6966498249676 - perf/throughput:441.98717939643745
[36m(TaskRunner pid=623297)[0m Dumped generations to /sfs/weka/scratch/nkw3mr/Vision-OPD-OPSA/rollouts/Aha-Qwen3.5-4B-pair6k/19.jsonl
[36m(TaskRunner pid=623297)[0m step:19 - global_seqlen/min:341692 - global_seqlen/max:341692 - global_seqlen/minmax_diff:0 - global_seqlen/balanced_min:341692 - global_seqlen/balanced_max:341692 - global_seqlen/mean:341692.0 - self_distillation/teacher_always_on_fraction:1.0 - self_distillation/teacher_image_swap_fraction:1.0 - self_distillation/policy_fallback_fraction:0.0 - self_distillation/grpo_fallback_count:0.0 - rollout_corr/rollout_is_mean:1.0 - rollout_corr/rollout_is_ratio_fraction_high:0.0 - rollout_corr/rollout_is_ratio_fraction_low:0.0 - rollout_corr/rollout_is_max:1.0 - rollout_corr/rollout_is_min:1.0 - rollout_corr/rollout_is_std:0.0 - rollout_corr/rollout_is_eff_sample_size:1.0 - rollout_corr/rollout_is_seq_mean:1.0 - rollout_corr/rollout_is_seq_std:0.0 - rollout_corr/rollout_is_seq_max:1.0 - rollout_corr/rollout_is_seq_min:1.0 - rollout_corr/rollout_is_seq_max_deviation:0.0 - rollout_corr/rollout_is_seq_fraction_high:0.0 - rollout_corr/rollout_is_seq_fraction_low:0.0 - rollout_corr/training_ppl:2.3212329484522343 - rollout_corr/training_log_ppl:0.8132060019609829 - rollout_corr/kl:0.02648059919223063 - rollout_corr/k3_kl:0.025831100152572617 - rollout_corr/rollout_ppl:2.257419679313898 - rollout_corr/rollout_log_ppl:0.7867254021887978 - rollout_corr/log_ppl_diff:0.026480599772185087 - rollout_corr/log_ppl_abs_diff:0.02902971689278881 - rollout_corr/log_ppl_diff_max:0.10183393955230713 - rollout_corr/log_ppl_diff_min:-0.023173347115516663 - rollout_corr/ppl_ratio:1.0271366151670616 - rollout_corr/chi2_token:0.058842948327461876 - rollout_corr/chi2_seq:-0.29306492395699024 - actor/pg_loss:0.13468460036286461 - actor/kl_loss:0.0 - actor/grpo_loss:0.0 - actor/vopd_loss:0.13468460036286461 - actor/vopd_loss_weighted:0.13468460036286461 - actor/policy_fallback_fraction:0.0 - aha/u_mean:-0.3052955764045085 - aha/u_neg_valley_frac:0.615498729981482 - aha/floor_clamped_frac:0.0 - aha/q_tail_mass:0.005538057161705486 - aha/argmax_conf:0.8754754662513733 - self_distillation/raw_jsd_token_mean:0.13468460036286464 - self_distillation/weighted_jsd_token_mean:0.13468460036286464 - self_distillation/self_distillation_mask.mean():1.0 - self_distillation/num_distill_tokens:174.64583333333334 - self_distillation/empty_target_batch:0.0 - actor/grad_norm:1.3526486158370972 - timing_s/update_actor/student_forward:64.13451325602364 - timing_s/update_actor/teacher_forward:58.392098655807786 - timing_s/update_actor/teacher_full_forward:0.0 - timing_s/update_actor/teacher_null_forward:59.02297984872712 - timing_s/update_actor/loss_compute:0.07042231020750478 - timing_s/update_actor/backward:89.93188452691538 - timing_s/update_actor/optimizer_step:0.08615387498866767 - timing_s/update_actor/teacher_ema_update:5.620700540021062e-05 - perf/mfu/actor:0.0 - perf/max_memory_allocated_gb:84.23508310317993 - perf/max_memory_reserved_gb:96.705078125 - perf/cpu_memory_used_gb:356.0040397644043 - actor/lr:2e-06 - training/global_step:19 - training/epoch:0 - response_length/mean:174.6458282470703 - response_length/max:1024.0 - response_length/min:35.0 - response_length/clip_ratio:0.0416666679084301 - response_length_non_aborted/mean:174.6458282470703 - response_length_non_aborted/max:1024.0 - response_length_non_aborted/min:35.0 - response_length_non_aborted/clip_ratio:0.0416666679084301 - response/aborted_ratio:0.0 - prompt_length/mean:3384.645751953125 - prompt_length/max:3959.0 - prompt_length/min:3342.0 - prompt_length/clip_ratio:0.0 - num_turns/min:2 - num_turns/max:2 - num_turns/mean:2.0 - timing_s/start_profile:5.5406009778380394e-05 - timing_s/agent_loop/generate_sequences/min:11.976986642985139 - timing_s/agent_loop/generate_sequences/max:25.960914565017447 - timing_s/agent_loop/generate_sequences/mean:15.144814482237658 - timing_s/agent_loop/tool_calls/min:0.0 - timing_s/agent_loop/tool_calls/max:0.0 - timing_s/agent_loop/tool_calls/mean:0.0 - timing_s/agent_loop/slowest/generate_sequences:25.960914565017447 - timing_s/agent_loop/slowest/tool_calls:0.0 - timing_s/agent_loop/slowest/prompt_length:3362 - timing_s/agent_loop/slowest[36m(TaskRunner pid=623297)[0m Training Progress:  37%|███▋      | 19/51 [2:01:52<3:27:13, 388.55s/it]
[36m(TaskRunner pid=623297)[0m Training Progress:  39%|███▉      | 20/51 [2:08:40<3:23:47, 394.44s/it]
[36m(WorkerDict pid=623996)[0m /sfs/weka/scratch/nkw3mr/Vision-OPD-OPSA/verl/utils/device.py:134: FutureWarning: torch.cuda._set_allocator_settings is deprecated. Use torch._C._accelerator_setAllocatorSettings instead.
[36m(WorkerDict pid=623996)[0m   torch.cuda.memory._set_allocator_settings(f"expandable_segments:{enable}")
/response_length:1024 - timing_s/gen:36.28907708998304 - timing_s/adv:29.820887535985094 - timing_s/update_actor:319.5387763019535 - timing_s/dump_rollout_generations:0.05669700901489705 - timing_s/step:385.73813738301396 - timing_s/stop_profile:3.109301906079054e-05 - timing_per_token_ms/update_actor:0.9351661036897366 - timing_per_token_ms/adv:0.08727417538597654 - timing_per_token_ms/gen:2.164444535964633 - perf/total_num_tokens:341692 - perf/time_per_step:385.73813738301396 - perf/throughput:442.9066857611763
[36m(TaskRunner pid=623297)[0m Dumped generations to /sfs/weka/scratch/nkw3mr/Vision-OPD-OPSA/rollouts/Aha-Qwen3.5-4B-pair6k/20.jsonl
[36m(TaskRunner pid=623297)[0m local_global_step_folder: /sfs/weka/scratch/nkw3mr/Vision-OPD-OPSA/checkpoints/Aha-Qwen3.5-4B-pair6k/global_step_20
[36m(TaskRunner pid=623297)[0m step:20 - global_seqlen/min:344515 - global_seqlen/max:344515 - global_seqlen/minmax_diff:0 - global_seqlen/balanced_min:344515 - global_seqlen/balanced_max:344515 - global_seqlen/mean:344515.0 - self_distillation/teacher_always_on_fraction:1.0 - self_distillation/teacher_image_swap_fraction:1.0 - self_distillation/policy_fallback_fraction:0.0 - self_distillation/grpo_fallback_count:0.0 - rollout_corr/rollout_is_mean:1.0 - rollout_corr/rollout_is_ratio_fraction_high:0.0 - rollout_corr/rollout_is_ratio_fraction_low:0.0 - rollout_corr/rollout_is_max:1.0 - rollout_corr/rollout_is_min:1.0 - rollout_corr/rollout_is_std:0.0 - rollout_corr/rollout_is_eff_sample_size:1.0 - rollout_corr/rollout_is_seq_mean:1.0 - rollout_corr/rollout_is_seq_std:0.0 - rollout_corr/rollout_is_seq_max:1.0 - rollout_corr/rollout_is_seq_min:1.0 - rollout_corr/rollout_is_seq_max_deviation:0.0 - rollout_corr/rollout_is_seq_fraction_high:0.0 - rollout_corr/rollout_is_seq_fraction_low:0.0 - rollout_corr/training_ppl:2.3291942651073136 - rollout_corr/training_log_ppl:0.8163713086396456 - rollout_corr/kl:0.02552146384914522 - rollout_corr/k3_kl:0.02464472519447251 - rollout_corr/rollout_ppl:2.2693970861534276 - rollout_corr/rollout_log_ppl:0.7908498377849659 - rollout_corr/log_ppl_diff:0.025521470854679745 - rollout_corr/log_ppl_abs_diff:0.028225506966312725 - rollout_corr/log_ppl_diff_max:0.13794177770614624 - rollout_corr/log_ppl_diff_min:-0.05211305618286133 - rollout_corr/ppl_ratio:1.026190873235464 - rollout_corr/chi2_token:0.05396044005950292 - rollout_corr/chi2_seq:151.18140130862594 - actor/pg_loss:0.12116202017447604 - actor/kl_loss:0.0 - actor/grpo_loss:0.0 - actor/vopd_loss:0.12116202017447604 - actor/vopd_loss_weighted:0.12116202017447604 - actor/policy_fallback_fraction:0.0 - aha/u_mean:-0.2923555066809058 - aha/u_neg_valley_frac:0.6257862666000923 - aha/floor_clamped_frac:0.0 - aha/q_tail_mass:0.004803097759039569 - aha/argmax_conf:0.8925576210021973 - self_distillation/raw_jsd_token_mean:0.12116202017447601 - self_distillation/weighted_jsd_token_mean:0.12116202017447601 - self_distillation/self_distillation_mask.mean():1.0 - self_distillation/num_distill_tokens:187.46875 - self_distillation/empty_target_batch:0.0 - actor/grad_norm:1.629905343055725 - timing_s/update_actor/student_forward:55.895471031137276 - timing_s/update_actor/teacher_forward:60.11715726816328 - timing_s/update_actor/teacher_full_forward:0.0 - timing_s/update_actor/teacher_null_forward:71.02789138181834 - timing_s/update_actor/loss_compute:0.06973761285189539 - timing_s/update_actor/backward:88.64869790605735 - timing_s/update_actor/optimizer_step:0.08503838500473648 - timing_s/update_actor/teacher_ema_update:5.160999717190862e-05 - perf/mfu/actor:0.0 - perf/max_memory_allocated_gb:84.23508310317993 - perf/max_memory_reserved_gb:96.705078125 - perf/cpu_memory_used_gb:355.7113838195801 - actor/lr:2e-06 - training/global_step:20 - training/epoch:0 - response_length/mean:187.46875 - response_length/max:1024.0 - response_length/min:40.0 - response_length/clip_ratio:0.010416666977107525 - response_length_non_aborted/mean:187.46875 - response_length_non_aborted/max:1024.0 - response_length_non_aborted/min:40.0 - response_length_non_aborted/clip_ratio:0.010416666977107525 - response/aborted_ratio:0.0 - prompt_length/mean:3401.229248046875 - prompt_length/max:4475.0 - prompt_length/min:3204.0 - prompt_length/clip_ratio:0.0 - num_turns/min:2 - num_turns/max:2 - num_turns/mean:2.0 - timing_s/start_profile:3.01609979942441e-05 - timing_s/agent_loop/generate_sequences/min:11.819936448999215 - timing_s/agent_loop/generate_sequences/max:24.304881435004063 - timing_s/agent_loop/generate_sequences/mean:15.709862736508512 - timing_s/agent_loop/tool_calls/min:0.0 - timing_s/agent_loop/tool_calls/max:0.0 - timing_s/agent_loop/tool_calls/mean:0.0 - timing_s/agent_loop/slowest/generate_sequences:24.304881435004063 - timing_s/agent_loop/slowest/tool_calls:0.0 - timing_s/agent_loop/slowest/prompt_length:3343 - timing_s/agent_loop/slowest/response_length:1024 - timing_s/gen:36.59022220899351 - timing_s/adv:28.639183079998475 - timing_s/update_actor:322.16892040899256 - timing_s/dump_rollout_generations:0.05580046999966726 - timing_s/step:387.48270521796076 - timing_s/save_checkpoint:20.406398115039337 - timing_s/stop_profile:5.629699444398284e-05 - timing_per_token_ms/update_actor:0.9351375713945476 - timing_per_token_ms/adv:0.08312898735903654 - timing_per_token_ms/gen:2.0331289775514536 - perf/total_num_tokens:344515 - perf/time_per_step:387.48270521796076 - perf/throughput:444.55532512890966
[36m(TaskRunner pid=623297)[0m Dumped generations to /sfs/weka/scratch/nkw3mr/Vision-OPD-OPSA/rollouts/Aha-Qwen3.5-4B-pair6k/21.jsonl
[36m(TaskRunner pid=623297)[0m step:21 - global_seqlen/min:345403 - global_seqlen/max:345403 - global_seqlen/minmax_diff:0 - global_seqlen/balanced_min:345403 - global_seqlen/balanced_max:345403 - global_seqlen/mean:345403.0 - self_distillation/teacher_always_on_fraction:1.0 - self_distillation/teacher_image_swap_fraction:1.0 - self_distillation/policy_fallback_fraction:0.0 - self_distillation/grpo_fallback_count:0.0 - rollout_corr/rollout_is_mean:1.0 - rollout_corr/rollout_is_ratio_fraction_high:0.0 - rollout_corr/rollout_is_ratio_fraction_low:0.0 - rollout_corr/rollout_is_max:1.0 - rollout_corr/rollout_is_min:1.0 - rollout_corr/rollout_is_std:0.0 - rollout_corr/rollout_is_eff_sample_size:1.0 - rollout_corr/rollout_is_seq_mean:1.0 - rollout_corr/rollout_is_seq_std:0.0 - rollout_corr/rollout_is_seq_max:1.0 - rollout_corr/rollout_is_seq_min:1.0 - rollout_corr/rollout_is_seq_max_deviation:0.0 - rollout_corr/rollout_is_seq_fraction_high:0.0 - rollout_corr/rollout_is_seq_fraction_low:0.0 - rollout_corr/training_ppl:2.4927961168189845 - rollout_corr/training_log_ppl:0.8669673201317588 - rollout_corr/kl:0.02644509222833828 - rollout_corr/k3_kl:0.026608736555014428 - rollout_corr/rollout_ppl:2.4205388091504574 - rollout_corr/rollout_log_ppl:0.8405222264118493 - rollout_corr/log_ppl_diff:0.02644509371990959 - rollout_corr/log_ppl_abs_diff:0.029372055549174547 - rollout_corr/log_ppl_diff_max:0.12152433395385742 - rollout_corr/log_ppl_diff_min:-0.09486615657806396 - rollout_corr/ppl_ratio:1.0271631268163521 - rollout_corr/chi2_token:0.06297718112667401 - rollout_corr/chi2_seq:295.3503265231848 - actor/pg_loss:0.11896436917595568 - actor/kl_loss:0.0 - actor/grpo_loss:0.0 - actor/vopd_loss:0.11896436917595568 - actor/vopd_loss_weighted:0.11896436917595568 - actor/policy_fallback_fraction:0.0 - aha/u_mean:-0.2798375133085453 - aha/u_neg_valley_frac:0.6266122764597336 - aha/floor_clamped_frac:0.0 - aha/q_tail_mass:0.005291698571530408 - aha/argmax_conf:0.8677492141723633 - self_distillation/raw_jsd_token_mean:0.11896436917595565 - self_distillation/weighted_jsd_token_mean:0.11896436917595565 - self_distillation/self_distillation_mask.mean():1.0 - self_distillation/num_distill_tokens:210.94791666666666 - self_distillation/empty_target_batch:0.0 - actor/grad_norm:2.386000633239746 - timing_s/update_actor/student_forward:58.85256879567169 - timing_s/update_actor/teacher_forward:59.99546836520312 - timing_s/update_actor/teacher_full_forward:0.0 - timing_s/update_actor/teacher_null_forward:65.02698030835018 - timing_s/update_actor/loss_compute:0.07305192248895764 - timing_s/update_actor/backward:90.1457409420982 - timing_s/update_actor/optimizer_step:0.08545843203319237 - timing_s/update_actor/teacher_ema_update:5.163101013749838e-05 - perf/mfu/actor:0.0 - perf/max_memory_allocated_gb:84.23508310317993 - perf/max_memory_reserved_gb:96.705078125 - perf/cpu_memory_used_gb:357.1018180847168 - actor/lr:2e-06 - training/global_step:21 - training/epoch:0 - response_length/mean:210.9479217529297 - response_length/max:1024.0 - response_length/min:47.0 - response_length/clip_ratio:0.0416666679084301 - response_length_non_aborted/mean:210.9479217529297 - response_length_non_aborted/max:1024.0 - response_length_non_aborted/min:47.0 - response_length_non_aborted/clip_ratio:0.0416666679084301 - response/aborted_ratio:0.0 - prompt_length/mean:3387.0 - prompt_length/max:3968.0 - prompt_length/min:3205.0 - prompt_length/clip_ratio:0.0 - num_turns/min:2 - num_turns/max:2 - num_turns/mean:2.0 - timing_s/start_profile:5.8240024372935295e-05 - timing_s/agent_loop/generate_sequences/min:12.52036849403521 - timing_s/agent_loop/generate_sequences/max:24.682415422983468 - timing_s/agent_loop/generate_sequences/mean:16.039585408997784 - timing_s/agent_loop/tool_calls/min:0.0 - timing_s/agent_loop/tool_calls/max:0.0 - timing_s/agent_loop/tool_calls/mean:0.0 - timing_s/agent_loop/slowest/generate_sequences:24.682415422983468 - timing_s/agent_loop/slowest/tool_calls:0.0 - timing_s/agent_loop/slowest/prompt_length:3355 - timing_s/agent_loop/slowest/response_length:1[36m(TaskRunner pid=623297)[0m Training Progress:  41%|████      | 21/51 [2:15:14<3:17:12, 394.43s/it]
[36m(WorkerDict pid=623997)[0m /sfs/weka/scratch/nkw3mr/Vision-OPD-OPSA/verl/utils/device.py:134: FutureWarning: torch.cuda._set_allocator_settings is deprecated. Use torch._C._accelerator_setAllocatorSettings instead.
[36m(WorkerDict pid=623997)[0m   torch.cuda.memory._set_allocator_settings(f"expandable_segments:{enable}")
[36m(TaskRunner pid=623297)[0m Training Progress:  43%|████▎     | 22/51 [2:21:44<3:09:58, 393.05s/it]
024 - timing_s/gen:36.5572560110013 - timing_s/adv:29.73426155600464 - timing_s/update_actor:327.669969983981 - timing_s/dump_rollout_generations:0.09380342304939404 - timing_s/step:394.0855028950027 - timing_s/stop_profile:3.2424984965473413e-05 - timing_per_token_ms/update_actor:0.9486598842047723 - timing_per_token_ms/adv:0.0860857072926542 - timing_per_token_ms/gen:1.8052074470890969 - perf/total_num_tokens:345403 - perf/time_per_step:394.0855028950027 - perf/throughput:438.23357807204934
[36m(TaskRunner pid=623297)[0m Dumped generations to /sfs/weka/scratch/nkw3mr/Vision-OPD-OPSA/rollouts/Aha-Qwen3.5-4B-pair6k/22.jsonl
[36m(TaskRunner pid=623297)[0m step:22 - global_seqlen/min:340268 - global_seqlen/max:340268 - global_seqlen/minmax_diff:0 - global_seqlen/balanced_min:340268 - global_seqlen/balanced_max:340268 - global_seqlen/mean:340268.0 - self_distillation/teacher_always_on_fraction:1.0 - self_distillation/teacher_image_swap_fraction:1.0 - self_distillation/policy_fallback_fraction:0.0 - self_distillation/grpo_fallback_count:0.0 - rollout_corr/rollout_is_mean:1.0 - rollout_corr/rollout_is_ratio_fraction_high:0.0 - rollout_corr/rollout_is_ratio_fraction_low:0.0 - rollout_corr/rollout_is_max:1.0 - rollout_corr/rollout_is_min:1.0 - rollout_corr/rollout_is_std:0.0 - rollout_corr/rollout_is_eff_sample_size:1.0 - rollout_corr/rollout_is_seq_mean:1.0 - rollout_corr/rollout_is_seq_std:0.0 - rollout_corr/rollout_is_seq_max:1.0 - rollout_corr/rollout_is_seq_min:1.0 - rollout_corr/rollout_is_seq_max_deviation:0.0 - rollout_corr/rollout_is_seq_fraction_high:0.0 - rollout_corr/rollout_is_seq_fraction_low:0.0 - rollout_corr/training_ppl:2.261220576862494 - rollout_corr/training_log_ppl:0.7851392673328519 - rollout_corr/kl:0.02200335623956562 - rollout_corr/k3_kl:0.024633904113822307 - rollout_corr/rollout_ppl:2.2063765712082386 - rollout_corr/rollout_log_ppl:0.7631359120520452 - rollout_corr/log_ppl_diff:0.02200335528080662 - rollout_corr/log_ppl_abs_diff:0.024681176524609327 - rollout_corr/log_ppl_diff_max:0.10136079788208008 - rollout_corr/log_ppl_diff_min:-0.031411826610565186 - rollout_corr/ppl_ratio:1.0224661448349555 - rollout_corr/chi2_token:0.06366799647609393 - rollout_corr/chi2_seq:121.06779047536354 - actor/pg_loss:0.12528423340215042 - actor/kl_loss:0.0 - actor/grpo_loss:0.0 - actor/vopd_loss:0.12528423340215042 - actor/vopd_loss_weighted:0.12528423340215042 - actor/policy_fallback_fraction:0.0 - aha/u_mean:-0.34574998347375185 - aha/u_neg_valley_frac:0.6385791913295785 - aha/floor_clamped_frac:0.0 - aha/q_tail_mass:0.005857505670671041 - aha/argmax_conf:0.904460608959198 - self_distillation/raw_jsd_token_mean:0.12528423340215036 - self_distillation/weighted_jsd_token_mean:0.12528423340215036 - self_distillation/self_distillation_mask.mean():1.0 - self_distillation/num_distill_tokens:157.10416666666666 - self_distillation/empty_target_batch:0.0 - actor/grad_norm:1.904744029045105 - timing_s/update_actor/student_forward:65.04844597377814 - timing_s/update_actor/teacher_forward:59.9566834938596 - timing_s/update_actor/teacher_full_forward:0.0 - timing_s/update_actor/teacher_null_forward:58.62304766528541 - timing_s/update_actor/loss_compute:0.07195416511967778 - timing_s/update_actor/backward:90.15941865456989 - timing_s/update_actor/optimizer_step:0.08560686802957207 - timing_s/update_actor/teacher_ema_update:5.678803427144885e-05 - perf/mfu/actor:0.0 - perf/max_memory_allocated_gb:84.23508310317993 - perf/max_memory_reserved_gb:96.705078125 - perf/cpu_memory_used_gb:357.3858451843262 - actor/lr:2e-06 - training/global_step:22 - training/epoch:0 - response_length/mean:157.1041717529297 - response_length/max:1024.0 - response_length/min:30.0 - response_length/clip_ratio:0.010416666977107525 - response_length_non_aborted/mean:157.1041717529297 - response_length_non_aborted/max:1024.0 - response_length_non_aborted/min:30.0 - response_length_non_aborted/clip_ratio:0.010416666977107525 - response/aborted_ratio:0.0 - prompt_length/mean:3387.354248046875 - prompt_length/max:3978.0 - prompt_length/min:3158.0 - prompt_length/clip_ratio:0.0 - num_turns/min:2 - num_turns/max:2 - num_turns/mean:2.0 - timing_s/start_profile:5.550601053982973e-05 - timing_s/agent_loop/generate_sequences/min:12.209925608010963 - timing_s/agent_loop/generate_sequences/max:23.02701097400859 - timing_s/agent_loop/generate_sequences/mean:15.044910356352679 - timing_s/agent_loop/tool_calls/min:0.0 - timing_s/agent_loop/tool_calls/max:0.0 - timing_s/agent_loop/tool_calls/mean:0.0 - timing_s/agent_loop/slowest/generate_sequences:23.02701097400859 - timing_s/agent_loop/slowest/tool_calls:0.0 - timing_s/agent_loop/slowest/prompt_length:3352 - timing_s/agent_loop/slowest/response_length:1024 - timing_s/gen:35.43723932700232 - timing_s/adv:28.585879753984045 - timing_s/update_actor:325.3896705280058 - timing_s/dump_rollout_generations:0.06193196401000023 - timing_s/step:389.50517365400447 - timing_s/stop_profile:3.0451978091150522e-05 - timing_per_token_ms/update_actor:0.9562746732810778 - timing_per_token_ms/adv:0.08400989735733023 - timing_per_token_ms/gen:2.3496379344252962 - perf/total_num_tokens:340268 - perf/time_per_step:389.50517365400447 - perf/throughput:436.7952250902043
[36m(TaskRunner pid=623297)[0m Dumped generations to /sfs/weka/scratch/nkw3mr/Vision-OPD-OPSA/rollouts/Aha-Qwen3.5-4B-pair6k/23.jsonl
[36m(TaskRunner pid=623297)[0m step:23 - global_seqlen/min:352793 - global_seqlen/max:352793 - global_seqlen/minmax_diff:0 - global_seqlen/balanced_min:352793 - global_seqlen/balanced_max:352793 - global_seqlen/mean:352793.0 - self_distillation/teacher_always_on_fraction:1.0 - self_distillation/teacher_image_swap_fraction:1.0 - self_distillation/policy_fallback_fraction:0.0 - self_distillation/grpo_fallback_count:0.0 - rollout_corr/rollout_is_mean:1.0 - rollout_corr/rollout_is_ratio_fraction_high:0.0 - rollout_corr/rollout_is_ratio_fraction_low:0.0 - rollout_corr/rollout_is_max:1.0 - rollout_corr/rollout_is_min:1.0 - rollout_corr/rollout_is_std:0.0 - rollout_corr/rollout_is_eff_sample_size:1.0 - rollout_corr/rollout_is_seq_mean:1.0 - rollout_corr/rollout_is_seq_std:0.0 - rollout_corr/rollout_is_seq_max:1.0 - rollout_corr/rollout_is_seq_min:1.0 - rollout_corr/rollout_is_seq_max_deviation:0.0 - rollout_corr/rollout_is_seq_fraction_high:0.0 - rollout_corr/rollout_is_seq_fraction_low:0.0 - rollout_corr/training_ppl:2.189313949396213 - rollout_corr/training_log_ppl:0.7541043826689323 - rollout_corr/kl:0.024018733473288496 - rollout_corr/k3_kl:0.025677371479105204 - rollout_corr/rollout_ppl:2.136435149858395 - rollout_corr/rollout_log_ppl:0.7300856499932706 - rollout_corr/log_ppl_diff:0.024018732675661642 - rollout_corr/log_ppl_abs_diff:0.02634781024729212 - rollout_corr/log_ppl_diff_max:0.1135113537311554 - rollout_corr/log_ppl_diff_min:-0.03986215591430664 - rollout_corr/ppl_ratio:1.0245960460354884 - rollout_corr/chi2_token:0.06848465899626414 - rollout_corr/chi2_seq:33.031680918609105 - actor/pg_loss:0.11641643840509158 - actor/kl_loss:0.0 - actor/grpo_loss:0.0 - actor/vopd_loss:0.11641643840509158 - actor/vopd_loss_weighted:0.11641643840509158 - actor/policy_fallback_fraction:0.0 - aha/u_mean:-0.26443705338291085 - aha/u_neg_valley_frac:0.597576659793655 - aha/floor_clamped_frac:0.0 - aha/q_tail_mass:0.004756888411369194 - aha/argmax_conf:0.8965013027191162 - self_distillation/raw_jsd_token_mean:0.11641643840509157 - self_distillation/weighted_jsd_token_mean:0.11641643840509157 - self_distillation/self_distillation_mask.mean():1.0 - self_distillation/num_distill_tokens:200.07291666666666 - self_distillation/empty_target_batch:0.0 - actor/grad_norm:1.8369115591049194 - timing_s/update_actor/student_forward:52.48148054856574 - timing_s/update_actor/teacher_forward:62.22848938597599 - timing_s/update_actor/teacher_full_forward:0.0 - timing_s/update_actor/teacher_null_forward:61.05431222531479 - timing_s/update_actor/loss_compute:0.0714303131098859 - timing_s/update_actor/backward:102.02118811977562 - timing_s/update_actor/optimizer_step:0.08603635698091239 - timing_s/update_actor/teacher_ema_update:4.9227033741772175e-05 - perf/mfu/actor:0.0 - perf/max_memory_allocated_gb:84.23508310317993 - perf/max_memory_reserved_gb:96.705078125 - perf/cpu_memory_used_gb:359.93770599365234 - actor/lr:2e-06 - training/global_step:23 - training/epoch:0 - response_length/mean:200.0729217529297 - response_length/max:1024.0 - response_length/min:44.0 - response_length/clip_ratio:0.0520833320915699 - response_length_non_aborted/mean:200.0729217529297 - response_length_non_aborted/max:1024.0 - response_length_non_aborted/min:44.0 - response_length_non_aborted/clip_ratio:0.0520833320915699 - response/aborted_ratio:0.0 - prompt_length/mean:3474.854248046875 - prompt_length/max:4866.0 - prompt_length/min:3221.0 - prompt_length/clip_ratio:0.0 - num_turns/min:2 - num_turns/max:2 - num_turns/mean:2.0 - timing_s/start_profile:8.00489797256887e-05 - timing_s/agent_loop/generate_sequences/min:13.464070799993351 - timing_s/agent_loop/generate_sequences/max:25.795033408037852 - timing_s/agent_loop/generate_sequences/mean:16.41730001626153 - timing_s/agent_loop/tool_calls/min:0.0 - timing_s/agent_loop/tool_calls/max:0.0 - timing_s/agent_loop/tool_calls/mean:0.0 - timing_s/agent_loop/slowest/generate_sequences:25.795033408037852 - timing_s/agent_loop/slowest/tool_calls:0.0 - timing_s/agent_loop/slowest/prompt_length:3962 - timing_s/agent_loop/slowest/respo[36m(TaskRunner pid=623297)[0m Training Progress:  45%|████▌     | 23/51 [2:28:22<3:04:04, 394.44s/it]
[36m(TaskRunner pid=623297)[0m Training Progress:  47%|████▋     | 24/51 [2:34:52<2:56:58, 393.28s/it]
nse_length:1024 - timing_s/gen:37.18880311300745 - timing_s/adv:28.750504828989506 - timing_s/update_actor:331.32863018196076 - timing_s/dump_rollout_generations:0.05757027899380773 - timing_s/step:397.3573802949977 - timing_s/stop_profile:2.3833010345697403e-05 - timing_per_token_ms/update_actor:0.9391587423275427 - timing_per_token_ms/adv:0.0814939775703869 - timing_per_token_ms/gen:1.9362109185717422 - perf/total_num_tokens:352793 - perf/time_per_step:397.3573802949977 - perf/throughput:443.9240561457382
[36m(TaskRunner pid=623297)[0m Dumped generations to /sfs/weka/scratch/nkw3mr/Vision-OPD-OPSA/rollouts/Aha-Qwen3.5-4B-pair6k/24.jsonl
[36m(TaskRunner pid=623297)[0m step:24 - global_seqlen/min:342196 - global_seqlen/max:342196 - global_seqlen/minmax_diff:0 - global_seqlen/balanced_min:342196 - global_seqlen/balanced_max:342196 - global_seqlen/mean:342196.0 - self_distillation/teacher_always_on_fraction:1.0 - self_distillation/teacher_image_swap_fraction:1.0 - self_distillation/policy_fallback_fraction:0.0 - self_distillation/grpo_fallback_count:0.0 - rollout_corr/rollout_is_mean:1.0 - rollout_corr/rollout_is_ratio_fraction_high:0.0 - rollout_corr/rollout_is_ratio_fraction_low:0.0 - rollout_corr/rollout_is_max:1.0 - rollout_corr/rollout_is_min:1.0 - rollout_corr/rollout_is_std:0.0 - rollout_corr/rollout_is_eff_sample_size:1.0 - rollout_corr/rollout_is_seq_mean:1.0 - rollout_corr/rollout_is_seq_std:0.0 - rollout_corr/rollout_is_seq_max:1.0 - rollout_corr/rollout_is_seq_min:1.0 - rollout_corr/rollout_is_seq_max_deviation:0.0 - rollout_corr/rollout_is_seq_fraction_high:0.0 - rollout_corr/rollout_is_seq_fraction_low:0.0 - rollout_corr/training_ppl:2.296431239694357 - rollout_corr/training_log_ppl:0.8006063471548259 - rollout_corr/kl:0.024068611917755334 - rollout_corr/k3_kl:0.025711063513881527 - rollout_corr/rollout_ppl:2.2404633748034635 - rollout_corr/rollout_log_ppl:0.7765377337733904 - rollout_corr/log_ppl_diff:0.024068613381435473 - rollout_corr/log_ppl_abs_diff:0.027230906145026285 - rollout_corr/log_ppl_diff_max:0.08003455400466919 - rollout_corr/log_ppl_diff_min:-0.0546305775642395 - rollout_corr/ppl_ratio:1.024627532189091 - rollout_corr/chi2_token:0.06876603576044242 - rollout_corr/chi2_seq:5.486463911210497 - actor/pg_loss:0.11189514732298751 - actor/kl_loss:0.0 - actor/grpo_loss:0.0 - actor/vopd_loss:0.11189514732298751 - actor/vopd_loss_weighted:0.11189514732298751 - actor/policy_fallback_fraction:0.0 - aha/u_mean:-0.3102078329344901 - aha/u_neg_valley_frac:0.6285249997551242 - aha/floor_clamped_frac:0.0 - aha/q_tail_mass:0.006047029328518268 - aha/argmax_conf:0.9220997095108032 - self_distillation/raw_jsd_token_mean:0.11189514732298751 - self_distillation/weighted_jsd_token_mean:0.11189514732298751 - self_distillation/self_distillation_mask.mean():1.0 - self_distillation/num_distill_tokens:166.04166666666666 - self_distillation/empty_target_batch:0.0 - actor/grad_norm:1.3627040386199951 - timing_s/update_actor/student_forward:73.73026038007811 - timing_s/update_actor/teacher_forward:58.19217018375639 - timing_s/update_actor/teacher_full_forward:0.0 - timing_s/update_actor/teacher_null_forward:58.25093662773725 - timing_s/update_actor/loss_compute:0.06807330175070092 - timing_s/update_actor/backward:87.0409126173472 - timing_s/update_actor/optimizer_step:0.08555356302531436 - timing_s/update_actor/teacher_ema_update:6.272603059187531e-05 - perf/mfu/actor:0.0 - perf/max_memory_allocated_gb:84.52741003036499 - perf/max_memory_reserved_gb:96.916015625 - perf/cpu_memory_used_gb:356.6119041442871 - actor/lr:2e-06 - training/global_step:24 - training/epoch:0 - response_length/mean:166.0416717529297 - response_length/max:1024.0 - response_length/min:39.0 - response_length/clip_ratio:0.010416666977107525 - response_length_non_aborted/mean:166.0416717529297 - response_length_non_aborted/max:1024.0 - response_length_non_aborted/min:39.0 - response_length_non_aborted/clip_ratio:0.010416666977107525 - response/aborted_ratio:0.0 - prompt_length/mean:3398.5 - prompt_length/max:6140.0 - prompt_length/min:3155.0 - prompt_length/clip_ratio:0.0 - num_turns/min:2 - num_turns/max:2 - num_turns/mean:2.0 - timing_s/start_profile:6.520003080368042e-05 - timing_s/agent_loop/generate_sequences/min:11.77965459402185 - timing_s/agent_loop/generate_sequences/max:22.977199798973743 - timing_s/agent_loop/generate_sequences/mean:15.436611069446371 - timing_s/agent_loop/tool_calls/min:0.0 - timing_s/agent_loop/tool_calls/max:0.0 - timing_s/agent_loop/tool_calls/mean:0.0 - timing_s/agent_loop/slowest/generate_sequences:22.977199798973743 - timing_s/agent_loop/slowest/tool_calls:0.0 - timing_s/agent_loop/slowest/prompt_length:3348 - timing_s/agent_loop/slowest/response_length:1024 - timing_s/gen:34.92580215702765 - timing_s/adv:28.697841796965804 - timing_s/update_actor:326.4748193860287 - timing_s/dump_rollout_generations:0.06425671302713454 - timing_s/step:390.1835331880138 - timing_s/stop_profile:3.2795011065900326e-05 - timing_per_token_ms/update_actor:0.9540579649850632 - timing_per_token_ms/adv:0.08386375585034835 - timing_per_token_ms/gen:2.1910791817457747 - perf/total_num_tokens:342196 - perf/time_per_step:390.1835331880138 - perf/throughput:438.50646028558754
[36m(TaskRunner pid=623297)[0m Dumped generations to /sfs/weka/scratch/nkw3mr/Vision-OPD-OPSA/rollouts/Aha-Qwen3.5-4B-pair6k/25.jsonl
[36m(TaskRunner pid=623297)[0m local_global_step_folder: /sfs/weka/scratch/nkw3mr/Vision-OPD-OPSA/checkpoints/Aha-Qwen3.5-4B-pair6k/global_step_25
[36m(TaskRunner pid=623297)[0m step:25 - global_seqlen/min:351125 - global_seqlen/max:351125 - global_seqlen/minmax_diff:0 - global_seqlen/balanced_min:351125 - global_seqlen/balanced_max:351125 - global_seqlen/mean:351125.0 - self_distillation/teacher_always_on_fraction:1.0 - self_distillation/teacher_image_swap_fraction:1.0 - self_distillation/policy_fallback_fraction:0.0 - self_distillation/grpo_fallback_count:0.0 - rollout_corr/rollout_is_mean:1.0 - rollout_corr/rollout_is_ratio_fraction_high:0.0 - rollout_corr/rollout_is_ratio_fraction_low:0.0 - rollout_corr/rollout_is_max:1.0 - rollout_corr/rollout_is_min:1.0 - rollout_corr/rollout_is_std:0.0 - rollout_corr/rollout_is_eff_sample_size:1.0 - rollout_corr/rollout_is_seq_mean:1.0 - rollout_corr/rollout_is_seq_std:0.0 - rollout_corr/rollout_is_seq_max:1.0 - rollout_corr/rollout_is_seq_min:1.0 - rollout_corr/rollout_is_seq_max_deviation:0.0 - rollout_corr/rollout_is_seq_fraction_high:0.0 - rollout_corr/rollout_is_seq_fraction_low:0.0 - rollout_corr/training_ppl:2.219732123116652 - rollout_corr/training_log_ppl:0.7724930151986579 - rollout_corr/kl:0.02700070901695047 - rollout_corr/k3_kl:0.02869464215473272 - rollout_corr/rollout_ppl:2.1610606238245964 - rollout_corr/rollout_log_ppl:0.745492310806488 - rollout_corr/log_ppl_diff:0.02700070439216991 - rollout_corr/log_ppl_abs_diff:0.03035421568589906 - rollout_corr/log_ppl_diff_max:0.09534454345703125 - rollout_corr/log_ppl_diff_min:-0.05148416757583618 - rollout_corr/ppl_ratio:1.0277010835707188 - rollout_corr/chi2_token:0.07104372978210449 - rollout_corr/chi2_seq:4.942125984778007 - actor/pg_loss:0.12660908404116833 - actor/kl_loss:0.0 - actor/grpo_loss:0.0 - actor/vopd_loss:0.12660908404116833 - actor/vopd_loss_weighted:0.12660908404116833 - actor/policy_fallback_fraction:0.0 - aha/u_mean:-0.3563472234042517 - aha/u_neg_valley_frac:0.6446334598585963 - aha/floor_clamped_frac:0.0 - aha/q_tail_mass:0.0069880338274780724 - aha/argmax_conf:0.9196586608886719 - self_distillation/raw_jsd_token_mean:0.1266090840411683 - self_distillation/weighted_jsd_token_mean:0.1266090840411683 - self_distillation/self_distillation_mask.mean():1.0 - self_distillation/num_distill_tokens:162.07291666666666 - self_distillation/empty_target_batch:0.0 - actor/grad_norm:1.8876692056655884 - timing_s/update_actor/student_forward:50.73179455974605 - timing_s/update_actor/teacher_forward:62.23109539732104 - timing_s/update_actor/teacher_full_forward:0.0 - timing_s/update_actor/teacher_null_forward:76.3937383404118 - timing_s/update_actor/loss_compute:0.07522465294459835 - timing_s/update_actor/backward:91.303530433157 - timing_s/update_actor/optimizer_step:0.08589775499422103 - timing_s/update_actor/teacher_ema_update:8.1792997661978e-05 - perf/mfu/actor:0.0 - perf/max_memory_allocated_gb:84.52741003036499 - perf/max_memory_reserved_gb:96.916015625 - perf/cpu_memory_used_gb:358.43479919433594 - actor/lr:2e-06 - training/global_step:25 - training/epoch:0 - response_length/mean:162.0729217529297 - response_length/max:1024.0 - response_length/min:39.0 - response_length/clip_ratio:0.010416666977107525 - response_length_non_aborted/mean:162.0729217529297 - response_length_non_aborted/max:1024.0 - response_length_non_aborted/min:39.0 - response_length_non_aborted/clip_ratio:0.010416666977107525 - response/aborted_ratio:0.0 - prompt_length/mean:3495.479248046875 - prompt_length/max:5645.0 - prompt_length/min:3108.0 - prompt_length/clip_ratio:0.0 - num_turns/min:2 - num_turns/max:2 - num_turns/mean:2.0 - timing_s/start_profile:5.156098632141948e-05 - timing_s/agent_loop/generate_sequences/min:11.598859111021738 - timing_s/agent_loop/generate_sequences/max:24.510760965989903 - timing_s/agent_loop/generate_sequences/mean:15.003621781398882 - timing_s/agent_loop/tool_calls/min:0.0 - timing_s/agent_loop/tool_calls/max:0.0 - timing_s/agent_loop/tool_calls/mean:0.0 - timing_s/agent_loop/slowest/generate_sequences:24.510760965989903 - timing_s/agent_loop/slowest/tool_calls:0.0 - timing_s/agent_loop/slowest/prompt_length:3355 - timing_s/agent_loop/slowest/response_[36m(TaskRunner pid=623297)[0m Training Progress:  49%|████▉     | 25/51 [2:41:51<2:53:42, 400.88s/it]
[36m(WorkerDict pid=623996)[0m /sfs/weka/scratch/nkw3mr/Vision-OPD-OPSA/verl/utils/device.py:134: FutureWarning: torch.cuda._set_allocator_settings is deprecated. Use torch._C._accelerator_setAllocatorSettings instead.
[36m(WorkerDict pid=623996)[0m   torch.cuda.memory._set_allocator_settings(f"expandable_segments:{enable}")
[36m(TaskRunner pid=623297)[0m Training Progress:  51%|█████     | 26/51 [2:48:24<2:46:03, 398.53s/it]
[36m(WorkerDict pid=623997)[0m /sfs/weka/scratch/nkw3mr/Vision-OPD-OPSA/verl/utils/device.py:134: FutureWarning: torch.cuda._set_allocator_settings is deprecated. Use torch._C._accelerator_setAllocatorSettings instead.
[36m(WorkerDict pid=623997)[0m   torch.cuda.memory._set_allocator_settings(f"expandable_segments:{enable}")
length:1024 - timing_s/gen:37.54680195497349 - timing_s/adv:29.260548147954978 - timing_s/update_actor:330.07164893997833 - timing_s/dump_rollout_generations:0.05639212200185284 - timing_s/step:396.96282671700465 - timing_s/save_checkpoint:21.31076928501716 - timing_s/stop_profile:3.5968958400189877e-05 - timing_per_token_ms/update_actor:0.9400402960198742 - timing_per_token_ms/adv:0.08333370779054461 - timing_per_token_ms/gen:2.4131886339079305 - perf/total_num_tokens:351125 - perf/time_per_step:396.96282671700465 - perf/throughput:442.26433354465894
[36m(TaskRunner pid=623297)[0m Dumped generations to /sfs/weka/scratch/nkw3mr/Vision-OPD-OPSA/rollouts/Aha-Qwen3.5-4B-pair6k/26.jsonl
[36m(TaskRunner pid=623297)[0m step:26 - global_seqlen/min:342901 - global_seqlen/max:342901 - global_seqlen/minmax_diff:0 - global_seqlen/balanced_min:342901 - global_seqlen/balanced_max:342901 - global_seqlen/mean:342901.0 - self_distillation/teacher_always_on_fraction:1.0 - self_distillation/teacher_image_swap_fraction:1.0 - self_distillation/policy_fallback_fraction:0.0 - self_distillation/grpo_fallback_count:0.0 - rollout_corr/rollout_is_mean:1.0 - rollout_corr/rollout_is_ratio_fraction_high:0.0 - rollout_corr/rollout_is_ratio_fraction_low:0.0 - rollout_corr/rollout_is_max:1.0 - rollout_corr/rollout_is_min:1.0 - rollout_corr/rollout_is_std:0.0 - rollout_corr/rollout_is_eff_sample_size:1.0 - rollout_corr/rollout_is_seq_mean:1.0 - rollout_corr/rollout_is_seq_std:0.0 - rollout_corr/rollout_is_seq_max:1.0 - rollout_corr/rollout_is_seq_min:1.0 - rollout_corr/rollout_is_seq_max_deviation:0.0 - rollout_corr/rollout_is_seq_fraction_high:0.0 - rollout_corr/rollout_is_seq_fraction_low:0.0 - rollout_corr/training_ppl:2.16874206935366 - rollout_corr/training_log_ppl:0.7469441769644618 - rollout_corr/kl:0.02837987399228344 - rollout_corr/k3_kl:0.02897414508818959 - rollout_corr/rollout_ppl:2.1052381694316864 - rollout_corr/rollout_log_ppl:0.7185643043679496 - rollout_corr/log_ppl_diff:0.02837987259651224 - rollout_corr/log_ppl_abs_diff:0.029556765376279753 - rollout_corr/log_ppl_diff_max:0.15560340881347656 - rollout_corr/log_ppl_diff_min:-0.02481113374233246 - rollout_corr/ppl_ratio:1.029154955719908 - rollout_corr/chi2_token:0.07309690242012341 - rollout_corr/chi2_seq:-0.6099212616682053 - actor/pg_loss:0.11631015391321857 - actor/kl_loss:0.0 - actor/grpo_loss:0.0 - actor/vopd_loss:0.11631015391321857 - actor/vopd_loss_weighted:0.11631015391321857 - actor/policy_fallback_fraction:0.0 - aha/u_mean:-0.29629860223576543 - aha/u_neg_valley_frac:0.619729275504748 - aha/floor_clamped_frac:0.0 - aha/q_tail_mass:0.006072231390987781 - aha/argmax_conf:0.9167497754096985 - self_distillation/raw_jsd_token_mean:0.11631015391321853 - self_distillation/weighted_jsd_token_mean:0.11631015391321853 - self_distillation/self_distillation_mask.mean():1.0 - self_distillation/num_distill_tokens:167.80208333333334 - self_distillation/empty_target_batch:0.0 - actor/grad_norm:1.5368093252182007 - timing_s/update_actor/student_forward:52.52791445096955 - timing_s/update_actor/teacher_forward:62.185115599422716 - timing_s/update_actor/teacher_full_forward:0.0 - timing_s/update_actor/teacher_null_forward:72.05850622087019 - timing_s/update_actor/loss_compute:0.0727260319981724 - timing_s/update_actor/backward:89.43803841294721 - timing_s/update_actor/optimizer_step:0.0855358790140599 - timing_s/update_actor/teacher_ema_update:5.3262978326529264e-05 - perf/mfu/actor:0.0 - perf/max_memory_allocated_gb:84.52741003036499 - perf/max_memory_reserved_gb:96.916015625 - perf/cpu_memory_used_gb:356.48240661621094 - actor/lr:2e-06 - training/global_step:26 - training/epoch:0 - response_length/mean:167.8020782470703 - response_length/max:1024.0 - response_length/min:42.0 - response_length/clip_ratio:0.02083333395421505 - response_length_non_aborted/mean:167.8020782470703 - response_length_non_aborted/max:1024.0 - response_length_non_aborted/min:42.0 - response_length_non_aborted/clip_ratio:0.02083333395421505 - response/aborted_ratio:0.0 - prompt_length/mean:3404.083251953125 - prompt_length/max:4524.0 - prompt_length/min:3111.0 - prompt_length/clip_ratio:0.0 - num_turns/min:2 - num_turns/max:2 - num_turns/mean:2.0 - timing_s/start_profile:3.870297223329544e-05 - timing_s/agent_loop/generate_sequences/min:12.087740407965612 - timing_s/agent_loop/generate_sequences/max:24.878915805951692 - timing_s/agent_loop/generate_sequences/mean:15.547055369167841 - timing_s/agent_loop/tool_calls/min:0.0 - timing_s/agent_loop/tool_calls/max:0.0 - timing_s/agent_loop/tool_calls/mean:0.0 - timing_s/agent_loop/slowest/generate_sequences:24.878915805951692 - timing_s/agent_loop/slowest/tool_calls:0.0 - timing_s/agent_loop/slowest/prompt_length:3371 - timing_s/agent_loop/slowest/response_length:1024 - timing_s/gen:34.75886725803139 - timing_s/adv:30.020980030996725 - timing_s/update_actor:327.72387306496967 - timing_s/dump_rollout_generations:0.1374953390331939 - timing_s/step:392.6660500160069 - timing_s/stop_profile:3.175297752022743e-05 - timing_per_token_ms/update_actor:0.9557390414871046 - timing_per_token_ms/adv:0.0875499926538468 - timing_per_token_ms/gen:2.1577296702483943 - perf/total_num_tokens:342901 - perf/time_per_step:392.6660500160069 - perf/throughput:436.6318401934949
[36m(TaskRunner pid=623297)[0m Dumped generations to /sfs/weka/scratch/nkw3mr/Vision-OPD-OPSA/rollouts/Aha-Qwen3.5-4B-pair6k/27.jsonl
[36m(TaskRunner pid=623297)[0m step:27 - global_seqlen/min:342612 - global_seqlen/max:342612 - global_seqlen/minmax_diff:0 - global_seqlen/balanced_min:342612 - global_seqlen/balanced_max:342612 - global_seqlen/mean:342612.0 - self_distillation/teacher_always_on_fraction:1.0 - self_distillation/teacher_image_swap_fraction:1.0 - self_distillation/policy_fallback_fraction:0.0 - self_distillation/grpo_fallback_count:0.0 - rollout_corr/rollout_is_mean:1.0 - rollout_corr/rollout_is_ratio_fraction_high:0.0 - rollout_corr/rollout_is_ratio_fraction_low:0.0 - rollout_corr/rollout_is_max:1.0 - rollout_corr/rollout_is_min:1.0 - rollout_corr/rollout_is_std:0.0 - rollout_corr/rollout_is_eff_sample_size:1.0 - rollout_corr/rollout_is_seq_mean:1.0 - rollout_corr/rollout_is_seq_std:0.0 - rollout_corr/rollout_is_seq_max:1.0 - rollout_corr/rollout_is_seq_min:1.0 - rollout_corr/rollout_is_seq_max_deviation:0.0 - rollout_corr/rollout_is_seq_fraction_high:0.0 - rollout_corr/rollout_is_seq_fraction_low:0.0 - rollout_corr/training_ppl:2.251164574176073 - rollout_corr/training_log_ppl:0.7869218150153756 - rollout_corr/kl:0.025526179320574254 - rollout_corr/k3_kl:0.02645432934514247 - rollout_corr/rollout_ppl:2.1897423453629017 - rollout_corr/rollout_log_ppl:0.7613956375668446 - rollout_corr/log_ppl_diff:0.02552617744853099 - rollout_corr/log_ppl_abs_diff:0.028163617787261803 - rollout_corr/log_ppl_diff_max:0.08201152086257935 - rollout_corr/log_ppl_diff_min:-0.027301698923110962 - rollout_corr/ppl_ratio:1.026103747387727 - rollout_corr/chi2_token:0.0583551786839962 - rollout_corr/chi2_seq:3.6870387122035027 - actor/pg_loss:0.10502170204805826 - actor/kl_loss:0.0 - actor/grpo_loss:0.0 - actor/vopd_loss:0.10502170204805826 - actor/vopd_loss_weighted:0.10502170204805826 - actor/policy_fallback_fraction:0.0 - aha/u_mean:-0.2605232792023647 - aha/u_neg_valley_frac:0.6141528139511744 - aha/floor_clamped_frac:0.0 - aha/q_tail_mass:0.005277509299655018 - aha/argmax_conf:0.8837270736694336 - self_distillation/raw_jsd_token_mean:0.10502170204805832 - self_distillation/weighted_jsd_token_mean:0.10502170204805832 - self_distillation/self_distillation_mask.mean():1.0 - self_distillation/num_distill_tokens:194.10416666666666 - self_distillation/empty_target_batch:0.0 - actor/grad_norm:1.9701000452041626 - timing_s/update_actor/student_forward:67.592067295569 - timing_s/update_actor/teacher_forward:59.180255484068766 - timing_s/update_actor/teacher_full_forward:0.0 - timing_s/update_actor/teacher_null_forward:57.9252050583018 - timing_s/update_actor/loss_compute:0.0693902139319107 - timing_s/update_actor/backward:87.62093013897538 - timing_s/update_actor/optimizer_step:0.08544209896354005 - timing_s/update_actor/teacher_ema_update:4.844600334763527e-05 - perf/mfu/actor:0.0 - perf/max_memory_allocated_gb:84.52741003036499 - perf/max_memory_reserved_gb:96.916015625 - perf/cpu_memory_used_gb:353.93100357055664 - actor/lr:2e-06 - training/global_step:27 - training/epoch:0 - response_length/mean:194.1041717529297 - response_length/max:1024.0 - response_length/min:48.0 - response_length/clip_ratio:0.03125 - response_length_non_aborted/mean:194.1041717529297 - response_length_non_aborted/max:1024.0 - response_length_non_aborted/min:48.0 - response_length_non_aborted/clip_ratio:0.03125 - response/aborted_ratio:0.0 - prompt_length/mean:3374.770751953125 - prompt_length/max:3958.0 - prompt_length/min:3212.0 - prompt_length/clip_ratio:0.0 - num_turns/min:2 - num_turns/max:2 - num_turns/mean:2.0 - timing_s/start_profile:4.042597720399499e-05 - timing_s/agent_loop/generate_sequences/min:11.346124975010753 - timing_s/agent_loop/generate_sequences/max:24.51057384297019 - timing_s/agent_loop/generate_sequences/mean:15.033275251237379 - timing_s/agent_loop/tool_calls/min:0.0 - timing_s/agent_loop/tool_calls/max:0.0 - timing_s/agent_loop/tool_calls/mean:0.0 - timing_s/agent_loop/slowest/generate_sequences:24.51057384297019 - timing_s/agent_loop/slowest/tool_calls:0.0 - timing_s/agent_loop/slowest/prompt_length:3373 - timing_s/agent_loop/slowest/response_length:1024 - timing_s[36m(TaskRunner pid=623297)[0m Training Progress:  53%|█████▎    | 27/51 [2:54:47<2:37:36, 394.03s/it]
[36m(TaskRunner pid=623297)[0m Training Progress:  55%|█████▍    | 28/51 [3:01:30<2:32:05, 396.74s/it]
/gen:36.11975202697795 - timing_s/adv:29.05101266800193 - timing_s/update_actor:317.8955572299892 - timing_s/dump_rollout_generations:0.06304084399016574 - timing_s/step:383.15480989502976 - timing_s/stop_profile:2.614501863718033e-05 - timing_per_token_ms/update_actor:0.927858794292054 - timing_per_token_ms/adv:0.08479274709584583 - timing_per_token_ms/gen:1.938378878768807 - perf/total_num_tokens:342612 - perf/time_per_step:383.15480989502976 - perf/throughput:447.09343475795464
[36m(TaskRunner pid=623297)[0m Dumped generations to /sfs/weka/scratch/nkw3mr/Vision-OPD-OPSA/rollouts/Aha-Qwen3.5-4B-pair6k/28.jsonl
[36m(TaskRunner pid=623297)[0m step:28 - global_seqlen/min:348957 - global_seqlen/max:348957 - global_seqlen/minmax_diff:0 - global_seqlen/balanced_min:348957 - global_seqlen/balanced_max:348957 - global_seqlen/mean:348957.0 - self_distillation/teacher_always_on_fraction:1.0 - self_distillation/teacher_image_swap_fraction:1.0 - self_distillation/policy_fallback_fraction:0.0 - self_distillation/grpo_fallback_count:0.0 - rollout_corr/rollout_is_mean:1.0 - rollout_corr/rollout_is_ratio_fraction_high:0.0 - rollout_corr/rollout_is_ratio_fraction_low:0.0 - rollout_corr/rollout_is_max:1.0 - rollout_corr/rollout_is_min:1.0 - rollout_corr/rollout_is_std:0.0 - rollout_corr/rollout_is_eff_sample_size:1.0 - rollout_corr/rollout_is_seq_mean:1.0 - rollout_corr/rollout_is_seq_std:0.0 - rollout_corr/rollout_is_seq_max:1.0 - rollout_corr/rollout_is_seq_min:1.0 - rollout_corr/rollout_is_seq_max_deviation:0.0 - rollout_corr/rollout_is_seq_fraction_high:0.0 - rollout_corr/rollout_is_seq_fraction_low:0.0 - rollout_corr/training_ppl:2.163946316887935 - rollout_corr/training_log_ppl:0.7446840374420086 - rollout_corr/kl:0.022600636738085694 - rollout_corr/k3_kl:0.027114538340053212 - rollout_corr/rollout_ppl:2.1138956683377423 - rollout_corr/rollout_log_ppl:0.7220834006244937 - rollout_corr/log_ppl_diff:0.022600636817514896 - rollout_corr/log_ppl_abs_diff:0.02751080660770337 - rollout_corr/log_ppl_diff_max:0.08714908361434937 - rollout_corr/log_ppl_diff_min:-0.05998265743255615 - rollout_corr/ppl_ratio:1.0231919089953105 - rollout_corr/chi2_token:0.07864229753613472 - rollout_corr/chi2_seq:30.718285681058962 - actor/pg_loss:0.12350838185132788 - actor/kl_loss:0.0 - actor/grpo_loss:0.0 - actor/vopd_loss:0.12350838185132788 - actor/vopd_loss_weighted:0.12350838185132788 - actor/policy_fallback_fraction:0.0 - aha/u_mean:-0.30739209840946086 - aha/u_neg_valley_frac:0.6194679224863648 - aha/floor_clamped_frac:0.0 - aha/q_tail_mass:0.005080844455354357 - aha/argmax_conf:0.8660761117935181 - self_distillation/raw_jsd_token_mean:0.12350838185132791 - self_distillation/weighted_jsd_token_mean:0.12350838185132791 - self_distillation/self_distillation_mask.mean():1.0 - self_distillation/num_distill_tokens:174.03125 - self_distillation/empty_target_batch:0.0 - actor/grad_norm:1.5702314376831055 - timing_s/update_actor/student_forward:53.92084840108873 - timing_s/update_actor/teacher_forward:64.30769929313101 - timing_s/update_actor/teacher_full_forward:0.0 - timing_s/update_actor/teacher_null_forward:72.26014266029233 - timing_s/update_actor/loss_compute:0.07046431058552116 - timing_s/update_actor/backward:93.31248936627526 - timing_s/update_actor/optimizer_step:0.08534515596693382 - timing_s/update_actor/teacher_ema_update:5.1059992983937263e-05 - perf/mfu/actor:0.0 - perf/max_memory_allocated_gb:84.52741003036499 - perf/max_memory_reserved_gb:96.916015625 - perf/cpu_memory_used_gb:355.8540916442871 - actor/lr:2e-06 - training/global_step:28 - training/epoch:0 - response_length/mean:174.03125 - response_length/max:1024.0 - response_length/min:42.0 - response_length/clip_ratio:0.02083333395421505 - response_length_non_aborted/mean:174.03125 - response_length_non_aborted/max:1024.0 - response_length_non_aborted/min:42.0 - response_length_non_aborted/clip_ratio:0.02083333395421505 - response/aborted_ratio:0.0 - prompt_length/mean:3460.9375 - prompt_length/max:5085.0 - prompt_length/min:3299.0 - prompt_length/clip_ratio:0.0 - num_turns/min:2 - num_turns/max:2 - num_turns/mean:2.0 - timing_s/start_profile:4.170701140537858e-05 - timing_s/agent_loop/generate_sequences/min:11.679607026046142 - timing_s/agent_loop/generate_sequences/max:24.780296584998723 - timing_s/agent_loop/generate_sequences/mean:15.153205148491907 - timing_s/agent_loop/tool_calls/min:0.0 - timing_s/agent_loop/tool_calls/max:0.0 - timing_s/agent_loop/tool_calls/mean:0.0 - timing_s/agent_loop/slowest/generate_sequences:24.780296584998723 - timing_s/agent_loop/slowest/tool_calls:0.0 - timing_s/agent_loop/slowest/prompt_length:3345 - timing_s/agent_loop/slowest/response_length:1024 - timing_s/gen:37.57492310501402 - timing_s/adv:29.63375082903076 - timing_s/update_actor:335.4460537629784 - timing_s/dump_rollout_generations:0.060847654996905476 - timing_s/step:402.742521142005 - timing_s/stop_profile:2.3893022444099188e-05 - timing_per_token_ms/update_actor:0.9612819165770522 - timing_per_token_ms/adv:0.08492092386463307 - timing_per_token_ms/gen:2.2490526788181016 - perf/total_num_tokens:348957 - perf/time_per_step:402.742521142005 - perf/throughput:433.22592187498316
[36m(TaskRunner pid=623297)[0m Dumped generations to /sfs/weka/scratch/nkw3mr/Vision-OPD-OPSA/rollouts/Aha-Qwen3.5-4B-pair6k/29.jsonl
[36m(TaskRunner pid=623297)[0m step:29 - global_seqlen/min:344341 - global_seqlen/max:344341 - global_seqlen/minmax_diff:0 - global_seqlen/balanced_min:344341 - global_seqlen/balanced_max:344341 - global_seqlen/mean:344341.0 - self_distillation/teacher_always_on_fraction:1.0 - self_distillation/teacher_image_swap_fraction:1.0 - self_distillation/policy_fallback_fraction:0.0 - self_distillation/grpo_fallback_count:0.0 - rollout_corr/rollout_is_mean:1.0 - rollout_corr/rollout_is_ratio_fraction_high:0.0 - rollout_corr/rollout_is_ratio_fraction_low:0.0 - rollout_corr/rollout_is_max:1.0 - rollout_corr/rollout_is_min:1.0 - rollout_corr/rollout_is_std:0.0 - rollout_corr/rollout_is_eff_sample_size:1.0 - rollout_corr/rollout_is_seq_mean:1.0 - rollout_corr/rollout_is_seq_std:0.0 - rollout_corr/rollout_is_seq_max:1.0 - rollout_corr/rollout_is_seq_min:1.0 - rollout_corr/rollout_is_seq_max_deviation:0.0 - rollout_corr/rollout_is_seq_fraction_high:0.0 - rollout_corr/rollout_is_seq_fraction_low:0.0 - rollout_corr/training_ppl:2.278671007603407 - rollout_corr/training_log_ppl:0.7985760069762667 - rollout_corr/kl:0.030061323270274443 - rollout_corr/k3_kl:0.02942498424090445 - rollout_corr/rollout_ppl:2.2085549123585224 - rollout_corr/rollout_log_ppl:0.7685146881267428 - rollout_corr/log_ppl_diff:0.03006131884952386 - rollout_corr/log_ppl_abs_diff:0.0320436048010985 - rollout_corr/log_ppl_diff_max:0.0865744948387146 - rollout_corr/log_ppl_diff_min:-0.030012130737304688 - rollout_corr/ppl_ratio:1.0308113948752482 - rollout_corr/chi2_token:0.07951849078138669 - rollout_corr/chi2_seq:-0.436944962789615 - actor/pg_loss:0.11222649951620646 - actor/kl_loss:0.0 - actor/grpo_loss:0.0 - actor/vopd_loss:0.11222649951620646 - actor/vopd_loss_weighted:0.11222649951620646 - actor/policy_fallback_fraction:0.0 - aha/u_mean:-0.31758682583434467 - aha/u_neg_valley_frac:0.6360284080728889 - aha/floor_clamped_frac:0.0 - aha/q_tail_mass:0.004526247969920405 - aha/argmax_conf:0.9065905809402466 - self_distillation/raw_jsd_token_mean:0.11222649951620649 - self_distillation/weighted_jsd_token_mean:0.11222649951620649 - self_distillation/self_distillation_mask.mean():1.0 - self_distillation/num_distill_tokens:201.78125 - self_distillation/empty_target_batch:0.0 - actor/grad_norm:1.6866745948791504 - timing_s/update_actor/student_forward:57.63601972995093 - timing_s/update_actor/teacher_forward:60.3609748170129 - timing_s/update_actor/teacher_full_forward:0.0 - timing_s/update_actor/teacher_null_forward:73.02085531572811 - timing_s/update_actor/loss_compute:0.07519663398852572 - timing_s/update_actor/backward:87.18808647798141 - timing_s/update_actor/optimizer_step:0.08591875300044194 - timing_s/update_actor/teacher_ema_update:6.094301352277398e-05 - perf/mfu/actor:0.0 - perf/max_memory_allocated_gb:84.52741003036499 - perf/max_memory_reserved_gb:96.916015625 - perf/cpu_memory_used_gb:355.30190658569336 - actor/lr:2e-06 - training/global_step:29 - training/epoch:0 - response_length/mean:201.78125 - response_length/max:1024.0 - response_length/min:29.0 - response_length/clip_ratio:0.0416666679084301 - response_length_non_aborted/mean:201.78125 - response_length_non_aborted/max:1024.0 - response_length_non_aborted/min:29.0 - response_length_non_aborted/clip_ratio:0.0416666679084301 - response/aborted_ratio:0.0 - prompt_length/mean:3385.104248046875 - prompt_length/max:3964.0 - prompt_length/min:3203.0 - prompt_length/clip_ratio:0.0 - num_turns/min:2 - num_turns/max:2 - num_turns/mean:2.0 - timing_s/start_profile:7.105799159035087e-05 - timing_s/agent_loop/generate_sequences/min:11.849078616010956 - timing_s/agent_loop/generate_sequences/max:26.611923417949583 - timing_s/agent_loop/generate_sequences/mean:15.704196720783633 - timing_s/agent_loop/tool_calls/min:0.0 - timing_s/agent_loop/tool_calls/max:0.0 - timing_s/agent_loop/tool_calls/mean:0.0 - timing_s/agent_loop/slowest/generate_sequences:26.611923417949583 - timing_s/agent_loop/slowest/tool_calls:0.0 - timing_s/agent_loop/slowest/prompt_length:3355 - timing_s/agent_loop/slowest/response_length:1024 - timing_[36m(TaskRunner pid=623297)[0m Training Progress:  57%|█████▋    | 29/51 [3:08:02<2:24:52, 395.11s/it]
[36m(TaskRunner pid=623297)[0m Training Progress:  59%|█████▉    | 30/51 [3:14:54<2:20:07, 400.36s/it]
[36m(WorkerDict pid=623996)[0m /sfs/weka/scratch/nkw3mr/Vision-OPD-OPSA/verl/utils/device.py:134: FutureWarning: torch.cuda._set_allocator_settings is deprecated. Use torch._C._accelerator_setAllocatorSettings instead.
[36m(WorkerDict pid=623996)[0m   torch.cuda.memory._set_allocator_settings(f"expandable_segments:{enable}")
s/gen:36.53118175704731 - timing_s/adv:28.619479230954312 - timing_s/update_actor:325.7319494000403 - timing_s/dump_rollout_generations:0.06131223205011338 - timing_s/step:390.9731297720573 - timing_s/stop_profile:3.1353032682091e-05 - timing_per_token_ms/update_actor:0.9459574938797306 - timing_per_token_ms/adv:0.08311377161289045 - timing_per_token_ms/gen:1.8858696895899698 - perf/total_num_tokens:344341 - perf/time_per_step:390.9731297720573 - perf/throughput:440.3640222037196
[36m(TaskRunner pid=623297)[0m Dumped generations to /sfs/weka/scratch/nkw3mr/Vision-OPD-OPSA/rollouts/Aha-Qwen3.5-4B-pair6k/30.jsonl
[36m(TaskRunner pid=623297)[0m local_global_step_folder: /sfs/weka/scratch/nkw3mr/Vision-OPD-OPSA/checkpoints/Aha-Qwen3.5-4B-pair6k/global_step_30
[36m(TaskRunner pid=623297)[0m step:30 - global_seqlen/min:346756 - global_seqlen/max:346756 - global_seqlen/minmax_diff:0 - global_seqlen/balanced_min:346756 - global_seqlen/balanced_max:346756 - global_seqlen/mean:346756.0 - self_distillation/teacher_always_on_fraction:1.0 - self_distillation/teacher_image_swap_fraction:1.0 - self_distillation/policy_fallback_fraction:0.0 - self_distillation/grpo_fallback_count:0.0 - rollout_corr/rollout_is_mean:1.0 - rollout_corr/rollout_is_ratio_fraction_high:0.0 - rollout_corr/rollout_is_ratio_fraction_low:0.0 - rollout_corr/rollout_is_max:1.0 - rollout_corr/rollout_is_min:1.0 - rollout_corr/rollout_is_std:0.0 - rollout_corr/rollout_is_eff_sample_size:1.0 - rollout_corr/rollout_is_seq_mean:1.0 - rollout_corr/rollout_is_seq_std:0.0 - rollout_corr/rollout_is_seq_max:1.0 - rollout_corr/rollout_is_seq_min:1.0 - rollout_corr/rollout_is_seq_max_deviation:0.0 - rollout_corr/rollout_is_seq_fraction_high:0.0 - rollout_corr/rollout_is_seq_fraction_low:0.0 - rollout_corr/training_ppl:2.2148285061120987 - rollout_corr/training_log_ppl:0.7629854481977721 - rollout_corr/kl:0.022940060513064964 - rollout_corr/k3_kl:0.024790691944266047 - rollout_corr/rollout_ppl:2.1623416071136794 - rollout_corr/rollout_log_ppl:0.7400453814771026 - rollout_corr/log_ppl_diff:0.022940066720669467 - rollout_corr/log_ppl_abs_diff:0.02598602611881991 - rollout_corr/log_ppl_diff_max:0.08475440740585327 - rollout_corr/log_ppl_diff_min:-0.04993116855621338 - rollout_corr/ppl_ratio:1.0234883011629183 - rollout_corr/chi2_token:0.06938802512983482 - rollout_corr/chi2_seq:11.525521211326122 - actor/pg_loss:0.11216079071164133 - actor/kl_loss:0.0 - actor/grpo_loss:0.0 - actor/vopd_loss:0.11216079071164133 - actor/vopd_loss_weighted:0.11216079071164133 - actor/policy_fallback_fraction:0.0 - aha/u_mean:-0.2834685215396651 - aha/u_neg_valley_frac:0.6221731243034204 - aha/floor_clamped_frac:0.0 - aha/q_tail_mass:0.005447623158981211 - aha/argmax_conf:0.9413955807685852 - self_distillation/raw_jsd_token_mean:0.11216079071164131 - self_distillation/weighted_jsd_token_mean:0.11216079071164131 - self_distillation/self_distillation_mask.mean():1.0 - self_distillation/num_distill_tokens:189.75 - self_distillation/empty_target_batch:0.0 - actor/grad_norm:1.076918363571167 - timing_s/update_actor/student_forward:70.32823399116751 - timing_s/update_actor/teacher_forward:58.091336318000685 - timing_s/update_actor/teacher_full_forward:0.0 - timing_s/update_actor/teacher_null_forward:59.32913504703902 - timing_s/update_actor/loss_compute:0.06799133215099573 - timing_s/update_actor/backward:87.99935868388275 - timing_s/update_actor/optimizer_step:0.08545293199131265 - timing_s/update_actor/teacher_ema_update:5.0089030992239714e-05 - perf/mfu/actor:0.0 - perf/max_memory_allocated_gb:84.52741003036499 - perf/max_memory_reserved_gb:96.916015625 - perf/cpu_memory_used_gb:355.4622802734375 - actor/lr:2e-06 - training/global_step:30 - training/epoch:0 - response_length/mean:189.75 - response_length/max:1024.0 - response_length/min:40.0 - response_length/clip_ratio:0.010416666977107525 - response_length_non_aborted/mean:189.75 - response_length_non_aborted/max:1024.0 - response_length_non_aborted/min:40.0 - response_length_non_aborted/clip_ratio:0.010416666977107525 - response/aborted_ratio:0.0 - prompt_length/mean:3422.291748046875 - prompt_length/max:4239.0 - prompt_length/min:3258.0 - prompt_length/clip_ratio:0.0 - num_turns/min:2 - num_turns/max:2 - num_turns/mean:2.0 - timing_s/start_profile:4.4159998651593924e-05 - timing_s/agent_loop/generate_sequences/min:10.584687372029293 - timing_s/agent_loop/generate_sequences/max:23.424447903002147 - timing_s/agent_loop/generate_sequences/mean:15.206775719938378 - timing_s/agent_loop/tool_calls/min:0.0 - timing_s/agent_loop/tool_calls/max:0.0 - timing_s/agent_loop/tool_calls/mean:0.0 - timing_s/agent_loop/slowest/generate_sequences:23.424447903002147 - timing_s/agent_loop/slowest/tool_calls:0.0 - timing_s/agent_loop/slowest/prompt_length:3379 - timing_s/agent_loop/slowest/response_length:1024 - timing_s/gen:36.458727108023595 - timing_s/adv:28.781046124000568 - timing_s/update_actor:325.31723445799435 - timing_s/dump_rollout_generations:0.3256165710045025 - timing_s/step:390.90819691703655 - timing_s/save_checkpoint:21.369103984965477 - timing_s/stop_profile:5.424499977380037e-05 - timing_per_token_ms/update_actor:0.9381733393452294 - timing_per_token_ms/adv:0.08300085975152721 - timing_per_token_ms/gen:2.001467232544115 - perf/total_num_tokens:346756 - perf/time_per_step:390.90819691703655 - perf/throughput:443.52613060400074
[36m(TaskRunner pid=623297)[0m Dumped generations to /sfs/weka/scratch/nkw3mr/Vision-OPD-OPSA/rollouts/Aha-Qwen3.5-4B-pair6k/31.jsonl
[36m(TaskRunner pid=623297)[0m step:31 - global_seqlen/min:346067 - global_seqlen/max:346067 - global_seqlen/minmax_diff:0 - global_seqlen/balanced_min:346067 - global_seqlen/balanced_max:346067 - global_seqlen/mean:346067.0 - self_distillation/teacher_always_on_fraction:1.0 - self_distillation/teacher_image_swap_fraction:1.0 - self_distillation/policy_fallback_fraction:0.0 - self_distillation/grpo_fallback_count:0.0 - rollout_corr/rollout_is_mean:1.0 - rollout_corr/rollout_is_ratio_fraction_high:0.0 - rollout_corr/rollout_is_ratio_fraction_low:0.0 - rollout_corr/rollout_is_max:1.0 - rollout_corr/rollout_is_min:1.0 - rollout_corr/rollout_is_std:0.0 - rollout_corr/rollout_is_eff_sample_size:1.0 - rollout_corr/rollout_is_seq_mean:1.0 - rollout_corr/rollout_is_seq_std:0.0 - rollout_corr/rollout_is_seq_max:1.0 - rollout_corr/rollout_is_seq_min:1.0 - rollout_corr/rollout_is_seq_max_deviation:0.0 - rollout_corr/rollout_is_seq_fraction_high:0.0 - rollout_corr/rollout_is_seq_fraction_low:0.0 - rollout_corr/training_ppl:2.2527493884166083 - rollout_corr/training_log_ppl:0.7868832359090447 - rollout_corr/kl:0.024109412532804225 - rollout_corr/k3_kl:0.025844086795890082 - rollout_corr/rollout_ppl:2.196556822707256 - rollout_corr/rollout_log_ppl:0.7627738236139218 - rollout_corr/log_ppl_diff:0.02410941229512294 - rollout_corr/log_ppl_abs_diff:0.027787146158516407 - rollout_corr/log_ppl_diff_max:0.07517403364181519 - rollout_corr/log_ppl_diff_min:-0.031786710023880005 - rollout_corr/ppl_ratio:1.02465945109725 - rollout_corr/chi2_token:0.0606658880909284 - rollout_corr/chi2_seq:3.6844356805086136 - actor/pg_loss:0.11420239907844612 - actor/kl_loss:0.0 - actor/grpo_loss:0.0 - actor/vopd_loss:0.11420239907844612 - actor/vopd_loss_weighted:0.11420239907844612 - actor/policy_fallback_fraction:0.0 - aha/u_mean:-0.297737716663202 - aha/u_neg_valley_frac:0.6207924615591764 - aha/floor_clamped_frac:0.0 - aha/q_tail_mass:0.006398161692487747 - aha/argmax_conf:0.8797200322151184 - self_distillation/raw_jsd_token_mean:0.11420239907844613 - self_distillation/weighted_jsd_token_mean:0.11420239907844613 - self_distillation/self_distillation_mask.mean():1.0 - self_distillation/num_distill_tokens:199.92708333333334 - self_distillation/empty_target_batch:0.0 - actor/grad_norm:1.7107808589935303 - timing_s/update_actor/student_forward:64.04399351397296 - timing_s/update_actor/teacher_forward:62.14430484932382 - timing_s/update_actor/teacher_full_forward:0.0 - timing_s/update_actor/teacher_null_forward:58.55951965675922 - timing_s/update_actor/loss_compute:0.07340800669044256 - timing_s/update_actor/backward:92.00570232176688 - timing_s/update_actor/optimizer_step:0.0855489950045012 - timing_s/update_actor/teacher_ema_update:5.278200842440128e-05 - perf/mfu/actor:0.0 - perf/max_memory_allocated_gb:84.52741003036499 - perf/max_memory_reserved_gb:96.916015625 - perf/cpu_memory_used_gb:353.7096748352051 - actor/lr:2e-06 - training/global_step:31 - training/epoch:0 - response_length/mean:199.9270782470703 - response_length/max:1024.0 - response_length/min:39.0 - response_length/clip_ratio:0.0625 - response_length_non_aborted/mean:199.9270782470703 - response_length_non_aborted/max:1024.0 - response_length_non_aborted/min:39.0 - response_length_non_aborted/clip_ratio:0.0625 - response/aborted_ratio:0.0 - prompt_length/mean:3404.9375 - prompt_length/max:5368.0 - prompt_length/min:3255.0 - prompt_length/clip_ratio:0.0 - num_turns/min:2 - num_turns/max:2 - num_turns/mean:2.0 - timing_s/start_profile:8.059095125645399e-05 - timing_s/agent_loop/generate_sequences/min:12.477690011961386 - timing_s/agent_loop/generate_sequences/max:25.806322681019083 - timing_s/agent_loop/generate_sequences/mean:15.477044715455728 - timing_s/agent_loop/tool_calls/min:0.0 - timing_s/agent_loop/tool_calls/max:0.0 - timing_s/agent_loop/tool_calls/mean:0.0 - timing_s/agent_loop/slowest/generate_sequences:25.806322681019083 - timing_s/agent_loop/slowest/tool_calls:0.0 - timing_s/agent_loop/slowest/prompt_length:3347 - timing_s/agent_loop/slowest/response_length:1024 - timing_s/gen:35.[36m(TaskRunner pid=623297)[0m Training Progress:  61%|██████    | 31/51 [3:21:30<2:13:00, 399.02s/it]
[36m(WorkerDict pid=623997)[0m /sfs/weka/scratch/nkw3mr/Vision-OPD-OPSA/verl/utils/device.py:134: FutureWarning: torch.cuda._set_allocator_settings is deprecated. Use torch._C._accelerator_setAllocatorSettings instead.
[36m(WorkerDict pid=623997)[0m   torch.cuda.memory._set_allocator_settings(f"expandable_segments:{enable}")
[36m(TaskRunner pid=623297)[0m Training Progress:  63%|██████▎   | 32/51 [3:27:57<2:05:10, 395.28s/it]
08167466300074 - timing_s/adv:28.798643452988472 - timing_s/update_actor:331.58362481201766 - timing_s/dump_rollout_generations:0.06182194099528715 - timing_s/step:395.5533533520065 - timing_s/stop_profile:3.069202648475766e-05 - timing_per_token_ms/update_actor:0.9581486383041945 - timing_per_token_ms/adv:0.08321695929686584 - timing_per_token_ms/gen:1.8278369542541937 - perf/total_num_tokens:346067 - perf/time_per_step:395.5533533520065 - perf/throughput:437.44667699989367
[36m(TaskRunner pid=623297)[0m Dumped generations to /sfs/weka/scratch/nkw3mr/Vision-OPD-OPSA/rollouts/Aha-Qwen3.5-4B-pair6k/32.jsonl
[36m(TaskRunner pid=623297)[0m step:32 - global_seqlen/min:343835 - global_seqlen/max:343835 - global_seqlen/minmax_diff:0 - global_seqlen/balanced_min:343835 - global_seqlen/balanced_max:343835 - global_seqlen/mean:343835.0 - self_distillation/teacher_always_on_fraction:1.0 - self_distillation/teacher_image_swap_fraction:1.0 - self_distillation/policy_fallback_fraction:0.0 - self_distillation/grpo_fallback_count:0.0 - rollout_corr/rollout_is_mean:1.0 - rollout_corr/rollout_is_ratio_fraction_high:0.0 - rollout_corr/rollout_is_ratio_fraction_low:0.0 - rollout_corr/rollout_is_max:1.0 - rollout_corr/rollout_is_min:1.0 - rollout_corr/rollout_is_std:0.0 - rollout_corr/rollout_is_eff_sample_size:1.0 - rollout_corr/rollout_is_seq_mean:1.0 - rollout_corr/rollout_is_seq_std:0.0 - rollout_corr/rollout_is_seq_max:1.0 - rollout_corr/rollout_is_seq_min:1.0 - rollout_corr/rollout_is_seq_max_deviation:0.0 - rollout_corr/rollout_is_seq_fraction_high:0.0 - rollout_corr/rollout_is_seq_fraction_low:0.0 - rollout_corr/training_ppl:2.194832406938076 - rollout_corr/training_log_ppl:0.7593450895510614 - rollout_corr/kl:0.029505262928068987 - rollout_corr/k3_kl:0.02820771867603374 - rollout_corr/rollout_ppl:2.127197147657474 - rollout_corr/rollout_log_ppl:0.7298398319010934 - rollout_corr/log_ppl_diff:0.02950525764996807 - rollout_corr/log_ppl_abs_diff:0.033932634784529604 - rollout_corr/log_ppl_diff_max:0.11807119846343994 - rollout_corr/log_ppl_diff_min:-0.0695929229259491 - rollout_corr/ppl_ratio:1.0303774556765954 - rollout_corr/chi2_token:0.07237161323428154 - rollout_corr/chi2_seq:2.1896548829972744 - actor/pg_loss:0.11079706183712311 - actor/kl_loss:0.0 - actor/grpo_loss:0.0 - actor/vopd_loss:0.11079706183712311 - actor/vopd_loss_weighted:0.11079706183712311 - actor/policy_fallback_fraction:0.0 - aha/u_mean:-0.24397080070290636 - aha/u_neg_valley_frac:0.5925995499516526 - aha/floor_clamped_frac:0.0 - aha/q_tail_mass:0.005308188586606644 - aha/argmax_conf:0.9090025424957275 - self_distillation/raw_jsd_token_mean:0.11079706183712308 - self_distillation/weighted_jsd_token_mean:0.11079706183712308 - self_distillation/self_distillation_mask.mean():1.0 - self_distillation/num_distill_tokens:209.38541666666666 - self_distillation/empty_target_batch:0.0 - actor/grad_norm:1.4483295679092407 - timing_s/update_actor/student_forward:62.1385779135162 - timing_s/update_actor/teacher_forward:62.103336433065124 - timing_s/update_actor/teacher_full_forward:0.0 - timing_s/update_actor/teacher_null_forward:59.191835642792284 - timing_s/update_actor/loss_compute:0.06935365573735908 - timing_s/update_actor/backward:90.96115582581842 - timing_s/update_actor/optimizer_step:0.08520293002948165 - timing_s/update_actor/teacher_ema_update:5.1890965551137924e-05 - perf/mfu/actor:0.0 - perf/max_memory_allocated_gb:84.52741003036499 - perf/max_memory_reserved_gb:96.916015625 - perf/cpu_memory_used_gb:354.79895782470703 - actor/lr:2e-06 - training/global_step:32 - training/epoch:0 - response_length/mean:209.3854217529297 - response_length/max:1024.0 - response_length/min:32.0 - response_length/clip_ratio:0.0416666679084301 - response_length_non_aborted/mean:209.3854217529297 - response_length_non_aborted/max:1024.0 - response_length_non_aborted/min:32.0 - response_length_non_aborted/clip_ratio:0.0416666679084301 - response/aborted_ratio:0.0 - prompt_length/mean:3372.229248046875 - prompt_length/max:3958.0 - prompt_length/min:3157.0 - prompt_length/clip_ratio:0.0 - num_turns/min:2 - num_turns/max:2 - num_turns/mean:2.0 - timing_s/start_profile:5.685805808752775e-05 - timing_s/agent_loop/generate_sequences/min:11.803777963970788 - timing_s/agent_loop/generate_sequences/max:26.705177924013697 - timing_s/agent_loop/generate_sequences/mean:15.549137426834932 - timing_s/agent_loop/tool_calls/min:0.0 - timing_s/agent_loop/tool_calls/max:0.0 - timing_s/agent_loop/tool_calls/mean:0.0 - timing_s/agent_loop/slowest/generate_sequences:26.705177924013697 - timing_s/agent_loop/slowest/tool_calls:0.0 - timing_s/agent_loop/slowest/prompt_length:3410 - timing_s/agent_loop/slowest/response_length:1024 - timing_s/gen:36.889347214018926 - timing_s/adv:29.106087332998868 - timing_s/update_actor:319.96034560201224 - timing_s/dump_rollout_generations:0.25117400696035475 - timing_s/step:386.23762178298784 - timing_s/stop_profile:3.0611990951001644e-05 - timing_per_token_ms/update_actor:0.9305636296537939 - timing_per_token_ms/adv:0.08465132209635107 - timing_per_token_ms/gen:1.8351996027072746 - perf/total_num_tokens:343835 - perf/time_per_step:386.23762178298784 - perf/throughput:445.1081155853685
[36m(TaskRunner pid=623297)[0m Dumped generations to /sfs/weka/scratch/nkw3mr/Vision-OPD-OPSA/rollouts/Aha-Qwen3.5-4B-pair6k/33.jsonl
[36m(TaskRunner pid=623297)[0m step:33 - global_seqlen/min:339490 - global_seqlen/max:339490 - global_seqlen/minmax_diff:0 - global_seqlen/balanced_min:339490 - global_seqlen/balanced_max:339490 - global_seqlen/mean:339490.0 - self_distillation/teacher_always_on_fraction:1.0 - self_distillation/teacher_image_swap_fraction:1.0 - self_distillation/policy_fallback_fraction:0.0 - self_distillation/grpo_fallback_count:0.0 - rollout_corr/rollout_is_mean:1.0 - rollout_corr/rollout_is_ratio_fraction_high:0.0 - rollout_corr/rollout_is_ratio_fraction_low:0.0 - rollout_corr/rollout_is_max:1.0 - rollout_corr/rollout_is_min:1.0 - rollout_corr/rollout_is_std:0.0 - rollout_corr/rollout_is_eff_sample_size:1.0 - rollout_corr/rollout_is_seq_mean:1.0 - rollout_corr/rollout_is_seq_std:0.0 - rollout_corr/rollout_is_seq_max:1.0 - rollout_corr/rollout_is_seq_min:1.0 - rollout_corr/rollout_is_seq_max_deviation:0.0 - rollout_corr/rollout_is_seq_fraction_high:0.0 - rollout_corr/rollout_is_seq_fraction_low:0.0 - rollout_corr/training_ppl:2.204326360176007 - rollout_corr/training_log_ppl:0.7637824282671014 - rollout_corr/kl:0.03169742325978101 - rollout_corr/k3_kl:0.03035355850200479 - rollout_corr/rollout_ppl:2.1313620607058206 - rollout_corr/rollout_log_ppl:0.7320849997922778 - rollout_corr/log_ppl_diff:0.03169742847482363 - rollout_corr/log_ppl_abs_diff:0.03320916804174582 - rollout_corr/log_ppl_diff_max:0.25404298305511475 - rollout_corr/log_ppl_diff_min:-0.03723549842834473 - rollout_corr/ppl_ratio:1.032854560141762 - rollout_corr/chi2_token:0.08445712551474571 - rollout_corr/chi2_seq:-0.3708922831962506 - actor/pg_loss:0.1178121525639047 - actor/kl_loss:0.0 - actor/grpo_loss:0.0 - actor/vopd_loss:0.1178121525639047 - actor/vopd_loss_weighted:0.1178121525639047 - actor/policy_fallback_fraction:0.0 - aha/u_mean:-0.2397754455305403 - aha/u_neg_valley_frac:0.601596669604381 - aha/floor_clamped_frac:0.0 - aha/q_tail_mass:0.0060941524378108625 - aha/argmax_conf:0.8935513496398926 - self_distillation/raw_jsd_token_mean:0.11781215256390472 - self_distillation/weighted_jsd_token_mean:0.11781215256390472 - self_distillation/self_distillation_mask.mean():1.0 - self_distillation/num_distill_tokens:166.6875 - self_distillation/empty_target_batch:0.0 - actor/grad_norm:1.691413402557373 - timing_s/update_actor/student_forward:74.03337653022027 - timing_s/update_actor/teacher_forward:56.493033142818604 - timing_s/update_actor/teacher_full_forward:0.0 - timing_s/update_actor/teacher_null_forward:57.07508656010032 - timing_s/update_actor/loss_compute:0.07057053904281929 - timing_s/update_actor/backward:85.68119332491187 - timing_s/update_actor/optimizer_step:0.08589081396348774 - timing_s/update_actor/teacher_ema_update:5.628698272630572e-05 - perf/mfu/actor:0.0 - perf/max_memory_allocated_gb:84.52741003036499 - perf/max_memory_reserved_gb:96.916015625 - perf/cpu_memory_used_gb:354.1471748352051 - actor/lr:2e-06 - training/global_step:33 - training/epoch:0 - response_length/mean:166.6875 - response_length/max:1024.0 - response_length/min:29.0 - response_length/clip_ratio:0.010416666977107525 - response_length_non_aborted/mean:166.6875 - response_length_non_aborted/max:1024.0 - response_length_non_aborted/min:29.0 - response_length_non_aborted/clip_ratio:0.010416666977107525 - response/aborted_ratio:0.0 - prompt_length/mean:3369.666748046875 - prompt_length/max:4002.0 - prompt_length/min:3341.0 - prompt_length/clip_ratio:0.0 - num_turns/min:2 - num_turns/max:2 - num_turns/mean:2.0 - timing_s/start_profile:2.3672007955610752e-05 - timing_s/agent_loop/generate_sequences/min:11.73083301098086 - timing_s/agent_loop/generate_sequences/max:25.048817612987477 - timing_s/agent_loop/generate_sequences/mean:15.489712325093933 - timing_s/agent_loop/tool_calls/min:0.0 - timing_s/agent_loop/tool_calls/max:0.0 - timing_s/agent_loop/tool_calls/mean:0.0 - timing_s/agent_loop/slowest/generate_sequences:25.048817612987477 - timing_s/agent_loop/slowest/tool_calls:0.0 - timing_s/agent_loop/slowest/prompt_length:3345 - timing_s/agent_loop/slowest/response_length:1024 - timing_s/g[36m(TaskRunner pid=623297)[0m Training Progress:  65%|██████▍   | 33/51 [3:34:19<1:57:24, 391.37s/it]
[36m(TaskRunner pid=623297)[0m Training Progress:  67%|██████▋   | 34/51 [3:40:44<1:50:18, 389.35s/it]
en:35.92110792302992 - timing_s/adv:27.395738986961078 - timing_s/update_actor:318.50643446302274 - timing_s/dump_rollout_generations:0.056629237020388246 - timing_s/step:381.9164410200319 - timing_s/stop_profile:2.3622997105121613e-05 - timing_per_token_ms/update_actor:0.9381909171493202 - timing_per_token_ms/adv:0.080696748024864 - timing_per_token_ms/gen:2.2447886466085443 - perf/total_num_tokens:339490 - perf/time_per_step:381.9164410200319 - perf/throughput:444.4558593671454
[36m(TaskRunner pid=623297)[0m Dumped generations to /sfs/weka/scratch/nkw3mr/Vision-OPD-OPSA/rollouts/Aha-Qwen3.5-4B-pair6k/34.jsonl
[36m(TaskRunner pid=623297)[0m step:34 - global_seqlen/min:346589 - global_seqlen/max:346589 - global_seqlen/minmax_diff:0 - global_seqlen/balanced_min:346589 - global_seqlen/balanced_max:346589 - global_seqlen/mean:346589.0 - self_distillation/teacher_always_on_fraction:1.0 - self_distillation/teacher_image_swap_fraction:1.0 - self_distillation/policy_fallback_fraction:0.0 - self_distillation/grpo_fallback_count:0.0 - rollout_corr/rollout_is_mean:1.0 - rollout_corr/rollout_is_ratio_fraction_high:0.0 - rollout_corr/rollout_is_ratio_fraction_low:0.0 - rollout_corr/rollout_is_max:1.0 - rollout_corr/rollout_is_min:1.0 - rollout_corr/rollout_is_std:0.0 - rollout_corr/rollout_is_eff_sample_size:1.0 - rollout_corr/rollout_is_seq_mean:1.0 - rollout_corr/rollout_is_seq_std:0.0 - rollout_corr/rollout_is_seq_max:1.0 - rollout_corr/rollout_is_seq_min:1.0 - rollout_corr/rollout_is_seq_max_deviation:0.0 - rollout_corr/rollout_is_seq_fraction_high:0.0 - rollout_corr/rollout_is_seq_fraction_low:0.0 - rollout_corr/training_ppl:2.371739669392506 - rollout_corr/training_log_ppl:0.8343820044149955 - rollout_corr/kl:0.030801108600523246 - rollout_corr/k3_kl:0.031456992224169276 - rollout_corr/rollout_ppl:2.2960684237380824 - rollout_corr/rollout_log_ppl:0.8035808950662613 - rollout_corr/log_ppl_diff:0.03080110934873422 - rollout_corr/log_ppl_abs_diff:0.033979383607705436 - rollout_corr/log_ppl_diff_max:0.10427558422088623 - rollout_corr/log_ppl_diff_min:-0.07456392049789429 - rollout_corr/ppl_ratio:1.031609393035372 - rollout_corr/chi2_token:0.09666554008920987 - rollout_corr/chi2_seq:8.535419277846813 - actor/pg_loss:0.11238591256551447 - actor/kl_loss:0.0 - actor/grpo_loss:0.0 - actor/vopd_loss:0.11238591256551447 - actor/vopd_loss_weighted:0.11238591256551447 - actor/policy_fallback_fraction:0.0 - aha/u_mean:-0.26711256495764246 - aha/u_neg_valley_frac:0.6110196197405457 - aha/floor_clamped_frac:0.0 - aha/q_tail_mass:0.004729997441870637 - aha/argmax_conf:0.9008095264434814 - self_distillation/raw_jsd_token_mean:0.11238591256551445 - self_distillation/weighted_jsd_token_mean:0.11238591256551445 - self_distillation/self_distillation_mask.mean():1.0 - self_distillation/num_distill_tokens:177.07291666666666 - self_distillation/empty_target_batch:0.0 - actor/grad_norm:1.4274306297302246 - timing_s/update_actor/student_forward:68.5440026720753 - timing_s/update_actor/teacher_forward:58.508720441081095 - timing_s/update_actor/teacher_full_forward:0.0 - timing_s/update_actor/teacher_null_forward:62.041515025135595 - timing_s/update_actor/loss_compute:0.0770032579312101 - timing_s/update_actor/backward:89.24887561594369 - timing_s/update_actor/optimizer_step:0.08739378396421671 - timing_s/update_actor/teacher_ema_update:6.053299875929952e-05 - perf/mfu/actor:0.0 - perf/max_memory_allocated_gb:84.52741003036499 - perf/max_memory_reserved_gb:96.916015625 - perf/cpu_memory_used_gb:355.1314392089844 - actor/lr:2e-06 - training/global_step:34 - training/epoch:0 - response_length/mean:177.0729217529297 - response_length/max:1024.0 - response_length/min:31.0 - response_length/clip_ratio:0.03125 - response_length_non_aborted/mean:177.0729217529297 - response_length_non_aborted/max:1024.0 - response_length_non_aborted/min:31.0 - response_length_non_aborted/clip_ratio:0.03125 - response/aborted_ratio:0.0 - prompt_length/mean:3433.229248046875 - prompt_length/max:4849.0 - prompt_length/min:3342.0 - prompt_length/clip_ratio:0.0 - num_turns/min:2 - num_turns/max:2 - num_turns/mean:2.0 - timing_s/start_profile:3.363698488101363e-05 - timing_s/agent_loop/generate_sequences/min:11.526595634000842 - timing_s/agent_loop/generate_sequences/max:24.036620519007556 - timing_s/agent_loop/generate_sequences/mean:14.041707378649031 - timing_s/agent_loop/tool_calls/min:0.0 - timing_s/agent_loop/tool_calls/max:0.0 - timing_s/agent_loop/tool_calls/mean:0.0 - timing_s/agent_loop/slowest/generate_sequences:24.036620519007556 - timing_s/agent_loop/slowest/tool_calls:0.0 - timing_s/agent_loop/slowest/prompt_length:3343 - timing_s/agent_loop/slowest/response_length:1024 - timing_s/gen:32.806239623983856 - timing_s/adv:28.790268912969623 - timing_s/update_actor:322.6149593620212 - timing_s/dump_rollout_generations:0.05758579698158428 - timing_s/step:384.2948603029945 - timing_s/stop_profile:3.097305307164788e-05 - timing_per_token_ms/update_actor:0.9308286164939487 - timing_per_token_ms/adv:0.08306746294016724 - timing_per_token_ms/gen:1.9298923244887263 - perf/total_num_tokens:346589 - perf/time_per_step:384.2948603029945 - perf/throughput:450.94149805534016
[36m(TaskRunner pid=623297)[0m Dumped generations to /sfs/weka/scratch/nkw3mr/Vision-OPD-OPSA/rollouts/Aha-Qwen3.5-4B-pair6k/35.jsonl
[36m(TaskRunner pid=623297)[0m local_global_step_folder: /sfs/weka/scratch/nkw3mr/Vision-OPD-OPSA/checkpoints/Aha-Qwen3.5-4B-pair6k/global_step_35
[36m(TaskRunner pid=623297)[0m step:35 - global_seqlen/min:339583 - global_seqlen/max:339583 - global_seqlen/minmax_diff:0 - global_seqlen/balanced_min:339583 - global_seqlen/balanced_max:339583 - global_seqlen/mean:339583.0 - self_distillation/teacher_always_on_fraction:1.0 - self_distillation/teacher_image_swap_fraction:1.0 - self_distillation/policy_fallback_fraction:0.0 - self_distillation/grpo_fallback_count:0.0 - rollout_corr/rollout_is_mean:1.0 - rollout_corr/rollout_is_ratio_fraction_high:0.0 - rollout_corr/rollout_is_ratio_fraction_low:0.0 - rollout_corr/rollout_is_max:1.0 - rollout_corr/rollout_is_min:1.0 - rollout_corr/rollout_is_std:0.0 - rollout_corr/rollout_is_eff_sample_size:1.0 - rollout_corr/rollout_is_seq_mean:1.0 - rollout_corr/rollout_is_seq_std:0.0 - rollout_corr/rollout_is_seq_max:1.0 - rollout_corr/rollout_is_seq_min:1.0 - rollout_corr/rollout_is_seq_max_deviation:0.0 - rollout_corr/rollout_is_seq_fraction_high:0.0 - rollout_corr/rollout_is_seq_fraction_low:0.0 - rollout_corr/training_ppl:2.291464706261953 - rollout_corr/training_log_ppl:0.8021142183182141 - rollout_corr/kl:0.025682380953488366 - rollout_corr/k3_kl:0.028621472001153354 - rollout_corr/rollout_ppl:2.230483858535687 - rollout_corr/rollout_log_ppl:0.7764318423966566 - rollout_corr/log_ppl_diff:0.025682375921557348 - rollout_corr/log_ppl_abs_diff:0.02928809930259983 - rollout_corr/log_ppl_diff_max:0.1566237211227417 - rollout_corr/log_ppl_diff_min:-0.03246951103210449 - rollout_corr/ppl_ratio:1.0263970841964085 - rollout_corr/chi2_token:0.06872499299546082 - rollout_corr/chi2_seq:0.5991245849678913 - actor/pg_loss:0.1234989336614186 - actor/kl_loss:0.0 - actor/grpo_loss:0.0 - actor/vopd_loss:0.1234989336614186 - actor/vopd_loss_weighted:0.1234989336614186 - actor/policy_fallback_fraction:0.0 - aha/u_mean:-0.276122833177548 - aha/u_neg_valley_frac:0.6170589240888754 - aha/floor_clamped_frac:0.0 - aha/q_tail_mass:0.006093048234272184 - aha/argmax_conf:0.9206158518791199 - self_distillation/raw_jsd_token_mean:0.12349893366141866 - self_distillation/weighted_jsd_token_mean:0.12349893366141866 - self_distillation/self_distillation_mask.mean():1.0 - self_distillation/num_distill_tokens:176.17708333333334 - self_distillation/empty_target_batch:0.0 - actor/grad_norm:1.7983111143112183 - timing_s/update_actor/student_forward:52.467983312672004 - timing_s/update_actor/teacher_forward:56.78039817523677 - timing_s/update_actor/teacher_full_forward:0.0 - timing_s/update_actor/teacher_null_forward:77.1667333302903 - timing_s/update_actor/loss_compute:0.07122562360018492 - timing_s/update_actor/backward:85.59409686579602 - timing_s/update_actor/optimizer_step:0.08586758002638817 - timing_s/update_actor/teacher_ema_update:5.43639762327075e-05 - perf/mfu/actor:0.0 - perf/max_memory_allocated_gb:84.52741003036499 - perf/max_memory_reserved_gb:96.916015625 - perf/cpu_memory_used_gb:353.9998207092285 - actor/lr:2e-06 - training/global_step:35 - training/epoch:0 - response_length/mean:176.1770782470703 - response_length/max:1024.0 - response_length/min:39.0 - response_length/clip_ratio:0.02083333395421505 - response_length_non_aborted/mean:176.1770782470703 - response_length_non_aborted/max:1024.0 - response_length_non_aborted/min:39.0 - response_length_non_aborted/clip_ratio:0.02083333395421505 - response/aborted_ratio:0.0 - prompt_length/mean:3361.145751953125 - prompt_length/max:3960.0 - prompt_length/min:3205.0 - prompt_length/clip_ratio:0.0 - num_turns/min:2 - num_turns/max:2 - num_turns/mean:2.0 - timing_s/start_profile:5.861098179593682e-05 - timing_s/agent_loop/generate_sequences/min:10.450968491961248 - timing_s/agent_loop/generate_sequences/max:22.797344570979476 - timing_s/agent_loop/generate_sequences/mean:13.73375273949508 - timing_s/agent_loop/tool_calls/min:0.0 - timing_s/agent_loop/tool_calls/max:0.0 - timing_s/agent_loop/tool_calls/mean:0.0 - timing_s/agent_loop/slowest/generate_sequences:22.797344570979476 - timing_s/agent_loop/slowest/tool_calls:0.0 - timing_s/agent_loop/slowest/prompt_length:3346 - timing_s/agent_loop/slowest/response_[36m(TaskRunner pid=623297)[0m Training Progress:  69%|██████▊   | 35/51 [3:47:24<1:44:41, 392.60s/it]
[36m(WorkerDict pid=623997)[0m /sfs/weka/scratch/nkw3mr/Vision-OPD-OPSA/verl/utils/device.py:134: FutureWarning: torch.cuda._set_allocator_settings is deprecated. Use torch._C._accelerator_setAllocatorSettings instead.
[36m(WorkerDict pid=623997)[0m   torch.cuda.memory._set_allocator_settings(f"expandable_segments:{enable}")
[36m(TaskRunner pid=623297)[0m Training Progress:  71%|███████   | 36/51 [3:53:58<1:38:17, 393.17s/it]
[36m(WorkerDict pid=623996)[0m /sfs/weka/scratch/nkw3mr/Vision-OPD-OPSA/verl/utils/device.py:134: FutureWarning: torch.cuda._set_allocator_settings is deprecated. Use torch._C._accelerator_setAllocatorSettings instead.
[36m(WorkerDict pid=623996)[0m   torch.cuda.memory._set_allocator_settings(f"expandable_segments:{enable}")
length:1024 - timing_s/gen:32.82361837598728 - timing_s/adv:30.15708321199054 - timing_s/update_actor:316.14484079298563 - timing_s/dump_rollout_generations:0.06019642000319436 - timing_s/step:379.2136613600305 - timing_s/save_checkpoint:20.838515801005997 - timing_s/stop_profile:3.0261988285928965e-05 - timing_per_token_ms/update_actor:0.9309795861188153 - timing_per_token_ms/adv:0.08880622178374813 - timing_per_token_ms/gen:1.940733067816903 - perf/total_num_tokens:339583 - perf/time_per_step:379.2136613600305 - perf/throughput:447.7462636526633
[36m(TaskRunner pid=623297)[0m Dumped generations to /sfs/weka/scratch/nkw3mr/Vision-OPD-OPSA/rollouts/Aha-Qwen3.5-4B-pair6k/36.jsonl
[36m(TaskRunner pid=623297)[0m step:36 - global_seqlen/min:344521 - global_seqlen/max:344521 - global_seqlen/minmax_diff:0 - global_seqlen/balanced_min:344521 - global_seqlen/balanced_max:344521 - global_seqlen/mean:344521.0 - self_distillation/teacher_always_on_fraction:1.0 - self_distillation/teacher_image_swap_fraction:1.0 - self_distillation/policy_fallback_fraction:0.0 - self_distillation/grpo_fallback_count:0.0 - rollout_corr/rollout_is_mean:1.0 - rollout_corr/rollout_is_ratio_fraction_high:0.0 - rollout_corr/rollout_is_ratio_fraction_low:0.0 - rollout_corr/rollout_is_max:1.0 - rollout_corr/rollout_is_min:1.0 - rollout_corr/rollout_is_std:0.0 - rollout_corr/rollout_is_eff_sample_size:1.0 - rollout_corr/rollout_is_seq_mean:1.0 - rollout_corr/rollout_is_seq_std:0.0 - rollout_corr/rollout_is_seq_max:1.0 - rollout_corr/rollout_is_seq_min:1.0 - rollout_corr/rollout_is_seq_max_deviation:0.0 - rollout_corr/rollout_is_seq_fraction_high:0.0 - rollout_corr/rollout_is_seq_fraction_low:0.0 - rollout_corr/training_ppl:2.4059013351798058 - rollout_corr/training_log_ppl:0.8364620835830768 - rollout_corr/kl:0.029181276584495208 - rollout_corr/k3_kl:0.03372630183973039 - rollout_corr/rollout_ppl:2.3318529464304447 - rollout_corr/rollout_log_ppl:0.8072808018575112 - rollout_corr/log_ppl_diff:0.029181281725565594 - rollout_corr/log_ppl_abs_diff:0.033820596834023796 - rollout_corr/log_ppl_diff_max:0.10408282279968262 - rollout_corr/log_ppl_diff_min:-0.06044921278953552 - rollout_corr/ppl_ratio:1.0300891424218814 - rollout_corr/chi2_token:0.284212127327919 - rollout_corr/chi2_seq:24.588464794059593 - actor/pg_loss:0.1305820101988502 - actor/kl_loss:0.0 - actor/grpo_loss:0.0 - actor/vopd_loss:0.1305820101988502 - actor/vopd_loss_weighted:0.1305820101988502 - actor/policy_fallback_fraction:0.0 - aha/u_mean:-0.3144063350870662 - aha/u_neg_valley_frac:0.6140205124393106 - aha/floor_clamped_frac:0.0 - aha/q_tail_mass:0.007655486447447402 - aha/argmax_conf:0.8786634802818298 - self_distillation/raw_jsd_token_mean:0.13058201019885018 - self_distillation/weighted_jsd_token_mean:0.13058201019885018 - self_distillation/self_distillation_mask.mean():1.0 - self_distillation/num_distill_tokens:139.63541666666666 - self_distillation/empty_target_batch:0.0 - actor/grad_norm:3.019634246826172 - timing_s/update_actor/student_forward:68.9658988561714 - timing_s/update_actor/teacher_forward:59.44017809658544 - timing_s/update_actor/teacher_full_forward:0.0 - timing_s/update_actor/teacher_null_forward:60.35037775582168 - timing_s/update_actor/loss_compute:0.07326126290718094 - timing_s/update_actor/backward:89.61072805820731 - timing_s/update_actor/optimizer_step:0.08537781803170219 - timing_s/update_actor/teacher_ema_update:6.24260283075273e-05 - perf/mfu/actor:0.0 - perf/max_memory_allocated_gb:84.52741003036499 - perf/max_memory_reserved_gb:96.916015625 - perf/cpu_memory_used_gb:363.12633895874023 - actor/lr:2e-06 - training/global_step:36 - training/epoch:0 - response_length/mean:139.6354217529297 - response_length/max:1024.0 - response_length/min:37.0 - response_length/clip_ratio:0.02083333395421505 - response_length_non_aborted/mean:139.6354217529297 - response_length_non_aborted/max:1024.0 - response_length_non_aborted/min:37.0 - response_length_non_aborted/clip_ratio:0.02083333395421505 - response/aborted_ratio:0.0 - prompt_length/mean:3449.125 - prompt_length/max:5888.0 - prompt_length/min:3157.0 - prompt_length/clip_ratio:0.0 - num_turns/min:2 - num_turns/max:2 - num_turns/mean:2.0 - timing_s/start_profile:3.0181952752172947e-05 - timing_s/agent_loop/generate_sequences/min:11.445104702026583 - timing_s/agent_loop/generate_sequences/max:23.066998485999648 - timing_s/agent_loop/generate_sequences/mean:13.288682155998686 - timing_s/agent_loop/tool_calls/min:0.0 - timing_s/agent_loop/tool_calls/max:0.0 - timing_s/agent_loop/tool_calls/mean:0.0 - timing_s/agent_loop/slowest/generate_sequences:23.066998485999648 - timing_s/agent_loop/slowest/tool_calls:0.0 - timing_s/agent_loop/slowest/prompt_length:3348 - timing_s/agent_loop/slowest/response_length:1024 - timing_s/gen:32.85216047096765 - timing_s/adv:29.359142199973576 - timing_s/update_actor:331.9781877340283 - timing_s/dump_rollout_generations:0.056245738989673555 - timing_s/step:394.27694470301503 - timing_s/stop_profile:2.454302739351988e-05 - timing_per_token_ms/update_actor:0.9635934753876493 - timing_per_token_ms/adv:0.08521727906273804 - timing_per_token_ms/gen:2.4507393115231366 - perf/total_num_tokens:344521 - perf/time_per_step:394.27694470301503 - perf/throughput:436.9022899113551
[36m(TaskRunner pid=623297)[0m Dumped generations to /sfs/weka/scratch/nkw3mr/Vision-OPD-OPSA/rollouts/Aha-Qwen3.5-4B-pair6k/37.jsonl
[36m(TaskRunner pid=623297)[0m step:37 - global_seqlen/min:345013 - global_seqlen/max:345013 - global_seqlen/minmax_diff:0 - global_seqlen/balanced_min:345013 - global_seqlen/balanced_max:345013 - global_seqlen/mean:345013.0 - self_distillation/teacher_always_on_fraction:1.0 - self_distillation/teacher_image_swap_fraction:1.0 - self_distillation/policy_fallback_fraction:0.0 - self_distillation/grpo_fallback_count:0.0 - rollout_corr/rollout_is_mean:1.0 - rollout_corr/rollout_is_ratio_fraction_high:0.0 - rollout_corr/rollout_is_ratio_fraction_low:0.0 - rollout_corr/rollout_is_max:1.0 - rollout_corr/rollout_is_min:1.0 - rollout_corr/rollout_is_std:0.0 - rollout_corr/rollout_is_eff_sample_size:1.0 - rollout_corr/rollout_is_seq_mean:1.0 - rollout_corr/rollout_is_seq_std:0.0 - rollout_corr/rollout_is_seq_max:1.0 - rollout_corr/rollout_is_seq_min:1.0 - rollout_corr/rollout_is_seq_max_deviation:0.0 - rollout_corr/rollout_is_seq_fraction_high:0.0 - rollout_corr/rollout_is_seq_fraction_low:0.0 - rollout_corr/training_ppl:2.2398702800273895 - rollout_corr/training_log_ppl:0.7720405940587322 - rollout_corr/kl:0.02790942665236192 - rollout_corr/k3_kl:0.02770033501049814 - rollout_corr/rollout_ppl:2.176473952829838 - rollout_corr/rollout_log_ppl:0.7441311661774913 - rollout_corr/log_ppl_diff:0.027909427881240845 - rollout_corr/log_ppl_abs_diff:0.030290300647417705 - rollout_corr/log_ppl_diff_max:0.09482693672180176 - rollout_corr/log_ppl_diff_min:-0.026897192001342773 - rollout_corr/ppl_ratio:1.0286099178095658 - rollout_corr/chi2_token:0.062147765730818115 - rollout_corr/chi2_seq:2.7096218721320233 - actor/pg_loss:0.10206921914747605 - actor/kl_loss:0.0 - actor/grpo_loss:0.0 - actor/vopd_loss:0.10206921914747605 - actor/vopd_loss_weighted:0.10206921914747605 - actor/policy_fallback_fraction:0.0 - aha/u_mean:-0.2830637449127001 - aha/u_neg_valley_frac:0.6242828111474713 - aha/floor_clamped_frac:0.0 - aha/q_tail_mass:0.004471224145428702 - aha/argmax_conf:0.8759484887123108 - self_distillation/raw_jsd_token_mean:0.10206921914747606 - self_distillation/weighted_jsd_token_mean:0.10206921914747606 - self_distillation/self_distillation_mask.mean():1.0 - self_distillation/num_distill_tokens:170.21875 - self_distillation/empty_target_batch:0.0 - actor/grad_norm:1.2773711681365967 - timing_s/update_actor/student_forward:53.234895564150065 - timing_s/update_actor/teacher_forward:59.166470625728834 - timing_s/update_actor/teacher_full_forward:0.0 - timing_s/update_actor/teacher_null_forward:76.41355857782764 - timing_s/update_actor/loss_compute:0.07185060292249545 - timing_s/update_actor/backward:88.40780007373542 - timing_s/update_actor/optimizer_step:0.08585716696688905 - timing_s/update_actor/teacher_ema_update:6.556999869644642e-05 - perf/mfu/actor:0.0 - perf/max_memory_allocated_gb:84.52741003036499 - perf/max_memory_reserved_gb:96.916015625 - perf/cpu_memory_used_gb:357.221622467041 - actor/lr:2e-06 - training/global_step:37 - training/epoch:0 - response_length/mean:170.21875 - response_length/max:1024.0 - response_length/min:33.0 - response_length/clip_ratio:0.02083333395421505 - response_length_non_aborted/mean:170.21875 - response_length_non_aborted/max:1024.0 - response_length_non_aborted/min:33.0 - response_length_non_aborted/clip_ratio:0.02083333395421505 - response/aborted_ratio:0.0 - prompt_length/mean:3423.666748046875 - prompt_length/max:4162.0 - prompt_length/min:3158.0 - prompt_length/clip_ratio:0.0 - num_turns/min:2 - num_turns/max:2 - num_turns/mean:2.0 - timing_s/start_profile:2.462399424985051e-05 - timing_s/agent_loop/generate_sequences/min:11.442316165019292 - timing_s/agent_loop/generate_sequences/max:25.172316076001152 - timing_s/agent_loop/generate_sequences/mean:14.586303303312889 - timing_s/agent_loop/tool_calls/min:0.0 - timing_s/agent_loop/tool_calls/max:0.0 - timing_s/agent_loop/tool_calls/mean:0.0 - timing_s/agent_loop/slowest/generate_sequences:25.172316076001152 - timing_s/agent_loop/slowest/tool_calls:0.0 - timing_s/agent_loop/slowest/prompt_length:3356 - timing_s/agent_loop/slowest/response_length:1024 - t[36m(TaskRunner pid=623297)[0m Training Progress:  73%|███████▎  | 37/51 [4:00:26<1:31:22, 391.61s/it]
[36m(TaskRunner pid=623297)[0m Training Progress:  75%|███████▍  | 38/51 [4:06:57<1:24:48, 391.40s/it]
iming_s/gen:33.79286606697133 - timing_s/adv:29.810989022022113 - timing_s/update_actor:323.99536056502257 - timing_s/dump_rollout_generations:0.058648136036936194 - timing_s/step:387.6916644439916 - timing_s/stop_profile:3.271497553214431e-05 - timing_per_token_ms/update_actor:0.9390816014614596 - timing_per_token_ms/adv:0.08640540797599544 - timing_per_token_ms/gen:2.0679802990619502 - perf/total_num_tokens:345013 - perf/time_per_step:387.6916644439916 - perf/throughput:444.9579803254227
[36m(TaskRunner pid=623297)[0m Dumped generations to /sfs/weka/scratch/nkw3mr/Vision-OPD-OPSA/rollouts/Aha-Qwen3.5-4B-pair6k/38.jsonl
[36m(TaskRunner pid=623297)[0m step:38 - global_seqlen/min:341560 - global_seqlen/max:341560 - global_seqlen/minmax_diff:0 - global_seqlen/balanced_min:341560 - global_seqlen/balanced_max:341560 - global_seqlen/mean:341560.0 - self_distillation/teacher_always_on_fraction:1.0 - self_distillation/teacher_image_swap_fraction:1.0 - self_distillation/policy_fallback_fraction:0.0 - self_distillation/grpo_fallback_count:0.0 - rollout_corr/rollout_is_mean:1.0 - rollout_corr/rollout_is_ratio_fraction_high:0.0 - rollout_corr/rollout_is_ratio_fraction_low:0.0 - rollout_corr/rollout_is_max:1.0 - rollout_corr/rollout_is_min:1.0 - rollout_corr/rollout_is_std:0.0 - rollout_corr/rollout_is_eff_sample_size:1.0 - rollout_corr/rollout_is_seq_mean:1.0 - rollout_corr/rollout_is_seq_std:0.0 - rollout_corr/rollout_is_seq_max:1.0 - rollout_corr/rollout_is_seq_min:1.0 - rollout_corr/rollout_is_seq_max_deviation:0.0 - rollout_corr/rollout_is_seq_fraction_high:0.0 - rollout_corr/rollout_is_seq_fraction_low:0.0 - rollout_corr/training_ppl:2.1996863074600697 - rollout_corr/training_log_ppl:0.7589032671724757 - rollout_corr/kl:0.02771868309234075 - rollout_corr/k3_kl:0.027104113052094665 - rollout_corr/rollout_ppl:2.1371902972459793 - rollout_corr/rollout_log_ppl:0.7311845809842149 - rollout_corr/log_ppl_diff:0.027718686188260715 - rollout_corr/log_ppl_abs_diff:0.029759621247649193 - rollout_corr/log_ppl_diff_max:0.08542293310165405 - rollout_corr/log_ppl_diff_min:-0.027707457542419434 - rollout_corr/ppl_ratio:1.0283812923977773 - rollout_corr/chi2_token:0.05838403602441152 - rollout_corr/chi2_seq:0.9672069294999043 - actor/pg_loss:0.1101139998063445 - actor/kl_loss:0.0 - actor/grpo_loss:0.0 - actor/vopd_loss:0.1101139998063445 - actor/vopd_loss_weighted:0.1101139998063445 - actor/policy_fallback_fraction:0.0 - aha/u_mean:-0.34798056693701557 - aha/u_neg_valley_frac:0.6384976456562678 - aha/floor_clamped_frac:0.0 - aha/q_tail_mass:0.005255261170437582 - aha/argmax_conf:0.8543552160263062 - self_distillation/raw_jsd_token_mean:0.11011399980634451 - self_distillation/weighted_jsd_token_mean:0.11011399980634451 - self_distillation/self_distillation_mask.mean():1.0 - self_distillation/num_distill_tokens:157.08333333333334 - self_distillation/empty_target_batch:0.0 - actor/grad_norm:1.854490876197815 - timing_s/update_actor/student_forward:67.31466966104927 - timing_s/update_actor/teacher_forward:58.95707337796921 - timing_s/update_actor/teacher_full_forward:0.0 - timing_s/update_actor/teacher_null_forward:59.976832148910034 - timing_s/update_actor/loss_compute:0.0865234739612788 - timing_s/update_actor/backward:89.87052463099826 - timing_s/update_actor/optimizer_step:0.08583612600341439 - timing_s/update_actor/teacher_ema_update:5.378300556913018e-05 - perf/mfu/actor:0.0 - perf/max_memory_allocated_gb:84.52741003036499 - perf/max_memory_reserved_gb:96.916015625 - perf/cpu_memory_used_gb:362.40854263305664 - actor/lr:2e-06 - training/global_step:38 - training/epoch:0 - response_length/mean:157.0833282470703 - response_length/max:1024.0 - response_length/min:28.0 - response_length/clip_ratio:0.03125 - response_length_non_aborted/mean:157.0833282470703 - response_length_non_aborted/max:1024.0 - response_length_non_aborted/min:28.0 - response_length_non_aborted/clip_ratio:0.03125 - response/aborted_ratio:0.0 - prompt_length/mean:3400.833251953125 - prompt_length/max:3960.0 - prompt_length/min:3300.0 - prompt_length/clip_ratio:0.0 - num_turns/min:2 - num_turns/max:2 - num_turns/mean:2.0 - timing_s/start_profile:5.791999865323305e-05 - timing_s/agent_loop/generate_sequences/min:10.728494382987265 - timing_s/agent_loop/generate_sequences/max:23.295501314045396 - timing_s/agent_loop/generate_sequences/mean:13.545697073605576 - timing_s/agent_loop/tool_calls/min:0.0 - timing_s/agent_loop/tool_calls/max:0.0 - timing_s/agent_loop/tool_calls/mean:0.0 - timing_s/agent_loop/slowest/generate_sequences:23.295501314045396 - timing_s/agent_loop/slowest/tool_calls:0.0 - timing_s/agent_loop/slowest/prompt_length:3897 - timing_s/agent_loop/slowest/response_length:1024 - timing_s/gen:33.14037303900113 - timing_s/adv:27.923639711982105 - timing_s/update_actor:329.55834076099563 - timing_s/dump_rollout_generations:0.05933252302929759 - timing_s/step:390.7022560170153 - timing_s/stop_profile:2.9980961699038744e-05 - timing_per_token_ms/update_actor:0.9648622226285152 - timing_per_token_ms/adv:0.0817532489518155 - timing_per_token_ms/gen:2.1976374694297833 - perf/total_num_tokens:341560 - perf/time_per_step:390.7022560170153 - perf/throughput:437.11035032406477
[36m(TaskRunner pid=623297)[0m Dumped generations to /sfs/weka/scratch/nkw3mr/Vision-OPD-OPSA/rollouts/Aha-Qwen3.5-4B-pair6k/39.jsonl
[36m(TaskRunner pid=623297)[0m step:39 - global_seqlen/min:338869 - global_seqlen/max:338869 - global_seqlen/minmax_diff:0 - global_seqlen/balanced_min:338869 - global_seqlen/balanced_max:338869 - global_seqlen/mean:338869.0 - self_distillation/teacher_always_on_fraction:1.0 - self_distillation/teacher_image_swap_fraction:1.0 - self_distillation/policy_fallback_fraction:0.0 - self_distillation/grpo_fallback_count:0.0 - rollout_corr/rollout_is_mean:1.0 - rollout_corr/rollout_is_ratio_fraction_high:0.0 - rollout_corr/rollout_is_ratio_fraction_low:0.0 - rollout_corr/rollout_is_max:1.0 - rollout_corr/rollout_is_min:1.0 - rollout_corr/rollout_is_std:0.0 - rollout_corr/rollout_is_eff_sample_size:1.0 - rollout_corr/rollout_is_seq_mean:1.0 - rollout_corr/rollout_is_seq_std:0.0 - rollout_corr/rollout_is_seq_max:1.0 - rollout_corr/rollout_is_seq_min:1.0 - rollout_corr/rollout_is_seq_max_deviation:0.0 - rollout_corr/rollout_is_seq_fraction_high:0.0 - rollout_corr/rollout_is_seq_fraction_low:0.0 - rollout_corr/training_ppl:2.191603566209475 - rollout_corr/training_log_ppl:0.7550853226954738 - rollout_corr/kl:0.0250198871314448 - rollout_corr/k3_kl:0.026045167658594437 - rollout_corr/rollout_ppl:2.134873935331901 - rollout_corr/rollout_log_ppl:0.7300654277205467 - rollout_corr/log_ppl_diff:0.02501989497492711 - rollout_corr/log_ppl_abs_diff:0.0299500348046422 - rollout_corr/log_ppl_diff_max:0.12379276752471924 - rollout_corr/log_ppl_diff_min:-0.04801267385482788 - rollout_corr/ppl_ratio:1.0257235032816727 - rollout_corr/chi2_token:0.06226418229440848 - rollout_corr/chi2_seq:217.93304762492576 - actor/pg_loss:0.1119540059007704 - actor/kl_loss:0.0 - actor/grpo_loss:0.0 - actor/vopd_loss:0.1119540059007704 - actor/vopd_loss_weighted:0.1119540059007704 - actor/policy_fallback_fraction:0.0 - aha/u_mean:-0.325691238232442 - aha/u_neg_valley_frac:0.6381271625868976 - aha/floor_clamped_frac:0.0 - aha/q_tail_mass:0.004097648693383841 - aha/argmax_conf:0.926253080368042 - self_distillation/raw_jsd_token_mean:0.11195400590077043 - self_distillation/weighted_jsd_token_mean:0.11195400590077043 - self_distillation/self_distillation_mask.mean():1.0 - self_distillation/num_distill_tokens:145.86458333333334 - self_distillation/empty_target_batch:0.0 - actor/grad_norm:1.6220192909240723 - timing_s/update_actor/student_forward:51.9892530371435 - timing_s/update_actor/teacher_forward:60.295205615868326 - timing_s/update_actor/teacher_full_forward:0.0 - timing_s/update_actor/teacher_null_forward:68.33676598209422 - timing_s/update_actor/loss_compute:0.07036875793710351 - timing_s/update_actor/backward:94.76131745107705 - timing_s/update_actor/optimizer_step:0.08568707102676854 - timing_s/update_actor/teacher_ema_update:5.422497633844614e-05 - perf/mfu/actor:0.0 - perf/max_memory_allocated_gb:84.52741003036499 - perf/max_memory_reserved_gb:96.916015625 - perf/cpu_memory_used_gb:364.78197479248047 - actor/lr:2e-06 - training/global_step:39 - training/epoch:0 - response_length/mean:145.8645782470703 - response_length/max:953.0 - response_length/min:40.0 - response_length/clip_ratio:0.0 - response_length_non_aborted/mean:145.8645782470703 - response_length_non_aborted/max:953.0 - response_length_non_aborted/min:40.0 - response_length_non_aborted/clip_ratio:0.0 - response/aborted_ratio:0.0 - prompt_length/mean:3384.020751953125 - prompt_length/max:4007.0 - prompt_length/min:3157.0 - prompt_length/clip_ratio:0.0 - num_turns/min:2 - num_turns/max:2 - num_turns/mean:2.0 - timing_s/start_profile:3.405596362426877e-05 - timing_s/agent_loop/generate_sequences/min:12.254929847025778 - timing_s/agent_loop/generate_sequences/max:22.11887177603785 - timing_s/agent_loop/generate_sequences/mean:15.201871353623574 - timing_s/agent_loop/tool_calls/min:0.0 - timing_s/agent_loop/tool_calls/max:0.0 - timing_s/agent_loop/tool_calls/mean:0.0 - timing_s/agent_loop/slowest/generate_sequences:22.11887177603785 - timing_s/agent_loop/slowest/tool_calls:0.0 - timing_s/agent_loop/slowest/prompt_length:3371 - timing_s/agent_loop/slowest/response_length:667 - timing_s/gen:34.56889551[36m(TaskRunner pid=623297)[0m Training Progress:  76%|███████▋  | 39/51 [4:13:25<1:18:03, 390.32s/it]
[36m(TaskRunner pid=623297)[0m Training Progress:  78%|███████▊  | 40/51 [4:20:12<1:12:29, 395.37s/it]
[36m(WorkerDict pid=623996)[0m /sfs/weka/scratch/nkw3mr/Vision-OPD-OPSA/verl/utils/device.py:134: FutureWarning: torch.cuda._set_allocator_settings is deprecated. Use torch._C._accelerator_setAllocatorSettings instead.
[36m(WorkerDict pid=623996)[0m   torch.cuda.memory._set_allocator_settings(f"expandable_segments:{enable}")
895438 - timing_s/adv:27.5887578559923 - timing_s/update_actor:325.3089851249824 - timing_s/dump_rollout_generations:0.06135815900051966 - timing_s/step:387.5549007789814 - timing_s/stop_profile:2.609600778669119e-05 - timing_per_token_ms/update_actor:0.9599844929013348 - timing_per_token_ms/adv:0.08141422749201697 - timing_per_token_ms/gen:2.4686778203923714 - perf/total_num_tokens:338869 - perf/time_per_step:387.5549007789814 - perf/throughput:437.1883819800456
[36m(TaskRunner pid=623297)[0m Dumped generations to /sfs/weka/scratch/nkw3mr/Vision-OPD-OPSA/rollouts/Aha-Qwen3.5-4B-pair6k/40.jsonl
[36m(TaskRunner pid=623297)[0m local_global_step_folder: /sfs/weka/scratch/nkw3mr/Vision-OPD-OPSA/checkpoints/Aha-Qwen3.5-4B-pair6k/global_step_40
[36m(TaskRunner pid=623297)[0m step:40 - global_seqlen/min:340135 - global_seqlen/max:340135 - global_seqlen/minmax_diff:0 - global_seqlen/balanced_min:340135 - global_seqlen/balanced_max:340135 - global_seqlen/mean:340135.0 - self_distillation/teacher_always_on_fraction:1.0 - self_distillation/teacher_image_swap_fraction:1.0 - self_distillation/policy_fallback_fraction:0.0 - self_distillation/grpo_fallback_count:0.0 - rollout_corr/rollout_is_mean:1.0 - rollout_corr/rollout_is_ratio_fraction_high:0.0 - rollout_corr/rollout_is_ratio_fraction_low:0.0 - rollout_corr/rollout_is_max:1.0 - rollout_corr/rollout_is_min:1.0 - rollout_corr/rollout_is_std:0.0 - rollout_corr/rollout_is_eff_sample_size:1.0 - rollout_corr/rollout_is_seq_mean:1.0 - rollout_corr/rollout_is_seq_std:0.0 - rollout_corr/rollout_is_seq_max:1.0 - rollout_corr/rollout_is_seq_min:1.0 - rollout_corr/rollout_is_seq_max_deviation:0.0 - rollout_corr/rollout_is_seq_fraction_high:0.0 - rollout_corr/rollout_is_seq_fraction_low:0.0 - rollout_corr/training_ppl:2.239682244757811 - rollout_corr/training_log_ppl:0.7698550059770545 - rollout_corr/kl:0.027227041327781382 - rollout_corr/k3_kl:0.029535036931823317 - rollout_corr/rollout_ppl:2.1760562025010586 - rollout_corr/rollout_log_ppl:0.7426279646654924 - rollout_corr/log_ppl_diff:0.02722704131156206 - rollout_corr/log_ppl_abs_diff:0.031222099127868812 - rollout_corr/log_ppl_diff_max:0.17831647396087646 - rollout_corr/log_ppl_diff_min:-0.040038466453552246 - rollout_corr/ppl_ratio:1.0280556591848533 - rollout_corr/chi2_token:0.10697542938093345 - rollout_corr/chi2_seq:72.35250183194876 - actor/pg_loss:0.11883584823226563 - actor/kl_loss:0.0 - actor/grpo_loss:0.0 - actor/vopd_loss:0.11883584823226563 - actor/vopd_loss_weighted:0.11883584823226563 - actor/policy_fallback_fraction:0.0 - aha/u_mean:-0.2969482578676737 - aha/u_neg_valley_frac:0.6259262616125246 - aha/floor_clamped_frac:0.0 - aha/q_tail_mass:0.004556643420509469 - aha/argmax_conf:0.9482557773590088 - self_distillation/raw_jsd_token_mean:0.11883584823226556 - self_distillation/weighted_jsd_token_mean:0.11883584823226556 - self_distillation/self_distillation_mask.mean():1.0 - self_distillation/num_distill_tokens:168.98958333333334 - self_distillation/empty_target_batch:0.0 - actor/grad_norm:1.6915135383605957 - timing_s/update_actor/student_forward:56.10379217885202 - timing_s/update_actor/teacher_forward:58.94541294092778 - timing_s/update_actor/teacher_full_forward:0.0 - timing_s/update_actor/teacher_null_forward:73.84834322083043 - timing_s/update_actor/loss_compute:0.07162788475397974 - timing_s/update_actor/backward:86.00096504436806 - timing_s/update_actor/optimizer_step:0.08561270299833268 - timing_s/update_actor/teacher_ema_update:6.23750383965671e-05 - perf/mfu/actor:0.0 - perf/max_memory_allocated_gb:84.52741003036499 - perf/max_memory_reserved_gb:96.916015625 - perf/cpu_memory_used_gb:351.4890327453613 - actor/lr:2e-06 - training/global_step:40 - training/epoch:0 - response_length/mean:168.9895782470703 - response_length/max:1024.0 - response_length/min:28.0 - response_length/clip_ratio:0.02083333395421505 - response_length_non_aborted/mean:168.9895782470703 - response_length_non_aborted/max:1024.0 - response_length_non_aborted/min:28.0 - response_length_non_aborted/clip_ratio:0.02083333395421505 - response/aborted_ratio:0.0 - prompt_length/mean:3374.083251953125 - prompt_length/max:3955.0 - prompt_length/min:3340.0 - prompt_length/clip_ratio:0.0 - num_turns/min:2 - num_turns/max:2 - num_turns/mean:2.0 - timing_s/start_profile:4.3809995986521244e-05 - timing_s/agent_loop/generate_sequences/min:11.317014559987001 - timing_s/agent_loop/generate_sequences/max:22.735638591984753 - timing_s/agent_loop/generate_sequences/mean:14.203472045998447 - timing_s/agent_loop/tool_calls/min:0.0 - timing_s/agent_loop/tool_calls/max:0.0 - timing_s/agent_loop/tool_calls/mean:0.0 - timing_s/agent_loop/slowest/generate_sequences:22.735638591984753 - timing_s/agent_loop/slowest/tool_calls:0.0 - timing_s/agent_loop/slowest/prompt_length:3359 - timing_s/agent_loop/slowest/response_length:1024 - timing_s/gen:34.56158840301214 - timing_s/adv:26.132483482011594 - timing_s/update_actor:323.88396780000767 - timing_s/dump_rollout_generations:0.06200049602193758 - timing_s/step:384.66797792498255 - timing_s/save_checkpoint:22.168159064021893 - timing_s/stop_profile:5.582696758210659e-05 - timing_per_token_ms/update_actor:0.9522218172196559 - timing_per_token_ms/adv:0.07682973960930688 - timing_per_token_ms/gen:2.130406731369792 - perf/total_num_tokens:340135 - perf/time_per_step:384.66797792498255 - perf/throughput:442.11504403718874
[36m(TaskRunner pid=623297)[0m Dumped generations to /sfs/weka/scratch/nkw3mr/Vision-OPD-OPSA/rollouts/Aha-Qwen3.5-4B-pair6k/41.jsonl
[36m(TaskRunner pid=623297)[0m step:41 - global_seqlen/min:343213 - global_seqlen/max:343213 - global_seqlen/minmax_diff:0 - global_seqlen/balanced_min:343213 - global_seqlen/balanced_max:343213 - global_seqlen/mean:343213.0 - self_distillation/teacher_always_on_fraction:1.0 - self_distillation/teacher_image_swap_fraction:1.0 - self_distillation/policy_fallback_fraction:0.0 - self_distillation/grpo_fallback_count:0.0 - rollout_corr/rollout_is_mean:1.0 - rollout_corr/rollout_is_ratio_fraction_high:0.0 - rollout_corr/rollout_is_ratio_fraction_low:0.0 - rollout_corr/rollout_is_max:1.0 - rollout_corr/rollout_is_min:1.0 - rollout_corr/rollout_is_std:0.0 - rollout_corr/rollout_is_eff_sample_size:1.0 - rollout_corr/rollout_is_seq_mean:1.0 - rollout_corr/rollout_is_seq_std:0.0 - rollout_corr/rollout_is_seq_max:1.0 - rollout_corr/rollout_is_seq_min:1.0 - rollout_corr/rollout_is_seq_max_deviation:0.0 - rollout_corr/rollout_is_seq_fraction_high:0.0 - rollout_corr/rollout_is_seq_fraction_low:0.0 - rollout_corr/training_ppl:2.064099224905173 - rollout_corr/training_log_ppl:0.7049727950555583 - rollout_corr/kl:0.027555685438225435 - rollout_corr/k3_kl:0.03017041690569992 - rollout_corr/rollout_ppl:2.0051289089024067 - rollout_corr/rollout_log_ppl:0.6774171111173928 - rollout_corr/log_ppl_diff:0.027555683938165505 - rollout_corr/log_ppl_abs_diff:0.031236450808743637 - rollout_corr/log_ppl_diff_max:0.14673113822937012 - rollout_corr/log_ppl_diff_min:-0.05390256643295288 - rollout_corr/ppl_ratio:1.0284146815538406 - rollout_corr/chi2_token:0.08440907672047615 - rollout_corr/chi2_seq:2.2817738950252533 - actor/pg_loss:0.11251493372643984 - actor/kl_loss:0.0 - actor/grpo_loss:0.0 - actor/vopd_loss:0.11251493372643984 - actor/vopd_loss_weighted:0.11251493372643984 - actor/policy_fallback_fraction:0.0 - aha/u_mean:-0.3844589442693784 - aha/u_neg_valley_frac:0.6612912425771356 - aha/floor_clamped_frac:0.0 - aha/q_tail_mass:0.0053046320146374155 - aha/argmax_conf:0.9248968362808228 - self_distillation/raw_jsd_token_mean:0.11251493372643988 - self_distillation/weighted_jsd_token_mean:0.11251493372643988 - self_distillation/self_distillation_mask.mean():1.0 - self_distillation/num_distill_tokens:142.28125 - self_distillation/empty_target_batch:0.0 - actor/grad_norm:1.6340241432189941 - timing_s/update_actor/student_forward:56.63501566229388 - timing_s/update_actor/teacher_forward:58.25625568907708 - timing_s/update_actor/teacher_full_forward:0.0 - timing_s/update_actor/teacher_null_forward:75.08598792407429 - timing_s/update_actor/loss_compute:0.07370842865202576 - timing_s/update_actor/backward:87.23698063520715 - timing_s/update_actor/optimizer_step:0.08521700801793486 - timing_s/update_actor/teacher_ema_update:3.438699059188366e-05 - perf/mfu/actor:0.0 - perf/max_memory_allocated_gb:84.52741003036499 - perf/max_memory_reserved_gb:96.916015625 - perf/cpu_memory_used_gb:358.23128509521484 - actor/lr:2e-06 - training/global_step:41 - training/epoch:0 - response_length/mean:142.28125 - response_length/max:1024.0 - response_length/min:39.0 - response_length/clip_ratio:0.010416666977107525 - response_length_non_aborted/mean:142.28125 - response_length_non_aborted/max:1024.0 - response_length_non_aborted/min:39.0 - response_length_non_aborted/clip_ratio:0.010416666977107525 - response/aborted_ratio:0.0 - prompt_length/mean:3432.854248046875 - prompt_length/max:4948.0 - prompt_length/min:3162.0 - prompt_length/clip_ratio:0.0 - num_turns/min:2 - num_turns/max:2 - num_turns/mean:2.0 - timing_s/start_profile:3.357604146003723e-05 - timing_s/agent_loop/generate_sequences/min:11.708089205028955 - timing_s/agent_loop/generate_sequences/max:23.15265605202876 - timing_s/agent_loop/generate_sequences/mean:13.928889821836492 - timing_s/agent_loop/tool_calls/min:0.0 - timing_s/agent_loop/tool_calls/max:0.0 - timing_s/agent_loop/tool_calls/mean:0.0 - timing_s/agent_loop/slowest/generate_sequences:23.15265605202876 - timing_s/agent_loop/slowest/tool_calls:0.0 - timing_s/agent_loop/slowest/prompt_length:3360 - timing_s/agent_loop/slowest/response_length:1024 - t[36m(TaskRunner pid=623297)[0m Training Progress:  80%|████████  | 41/51 [4:26:49<1:05:57, 395.78s/it]
[36m(WorkerDict pid=623997)[0m /sfs/weka/scratch/nkw3mr/Vision-OPD-OPSA/verl/utils/device.py:134: FutureWarning: torch.cuda._set_allocator_settings is deprecated. Use torch._C._accelerator_setAllocatorSettings instead.
[36m(WorkerDict pid=623997)[0m   torch.cuda.memory._set_allocator_settings(f"expandable_segments:{enable}")
[36m(TaskRunner pid=623297)[0m Training Progress:  82%|████████▏ | 42/51 [4:33:12<58:47, 391.94s/it]  
iming_s/gen:34.337001996987965 - timing_s/adv:30.74634094000794 - timing_s/update_actor:331.3009622169775 - timing_s/dump_rollout_generations:0.05514008196769282 - timing_s/step:396.46905019599944 - timing_s/stop_profile:2.880999818444252e-05 - timing_per_token_ms/update_actor:0.965292579875988 - timing_per_token_ms/adv:0.08958384717364418 - timing_per_token_ms/gen:2.5138737826332793 - perf/total_num_tokens:343213 - perf/time_per_step:396.46905019599944 - perf/throughput:432.8370648734477
[36m(TaskRunner pid=623297)[0m Dumped generations to /sfs/weka/scratch/nkw3mr/Vision-OPD-OPSA/rollouts/Aha-Qwen3.5-4B-pair6k/42.jsonl
[36m(TaskRunner pid=623297)[0m step:42 - global_seqlen/min:337236 - global_seqlen/max:337236 - global_seqlen/minmax_diff:0 - global_seqlen/balanced_min:337236 - global_seqlen/balanced_max:337236 - global_seqlen/mean:337236.0 - self_distillation/teacher_always_on_fraction:1.0 - self_distillation/teacher_image_swap_fraction:1.0 - self_distillation/policy_fallback_fraction:0.0 - self_distillation/grpo_fallback_count:0.0 - rollout_corr/rollout_is_mean:1.0 - rollout_corr/rollout_is_ratio_fraction_high:0.0 - rollout_corr/rollout_is_ratio_fraction_low:0.0 - rollout_corr/rollout_is_max:1.0 - rollout_corr/rollout_is_min:1.0 - rollout_corr/rollout_is_std:0.0 - rollout_corr/rollout_is_eff_sample_size:1.0 - rollout_corr/rollout_is_seq_mean:1.0 - rollout_corr/rollout_is_seq_std:0.0 - rollout_corr/rollout_is_seq_max:1.0 - rollout_corr/rollout_is_seq_min:1.0 - rollout_corr/rollout_is_seq_max_deviation:0.0 - rollout_corr/rollout_is_seq_fraction_high:0.0 - rollout_corr/rollout_is_seq_fraction_low:0.0 - rollout_corr/training_ppl:2.1969992530842624 - rollout_corr/training_log_ppl:0.7590124557415644 - rollout_corr/kl:0.025023692805916653 - rollout_corr/k3_kl:0.025465199888761465 - rollout_corr/rollout_ppl:2.139860221495231 - rollout_corr/rollout_log_ppl:0.7339887640749415 - rollout_corr/log_ppl_diff:0.025023691666622955 - rollout_corr/log_ppl_abs_diff:0.029613031384845574 - rollout_corr/log_ppl_diff_max:0.11236995458602905 - rollout_corr/log_ppl_diff_min:-0.048804402351379395 - rollout_corr/ppl_ratio:1.0256751546015341 - rollout_corr/chi2_token:0.05770853410164515 - rollout_corr/chi2_seq:64.9626005149136 - actor/pg_loss:0.11955181567464022 - actor/kl_loss:0.0 - actor/grpo_loss:0.0 - actor/vopd_loss:0.11955181567464022 - actor/vopd_loss_weighted:0.11955181567464022 - actor/policy_fallback_fraction:0.0 - aha/u_mean:-0.34604063861236983 - aha/u_neg_valley_frac:0.6317072600747148 - aha/floor_clamped_frac:0.0 - aha/q_tail_mass:0.005661118219279615 - aha/argmax_conf:0.8914504647254944 - self_distillation/raw_jsd_token_mean:0.11955181567464024 - self_distillation/weighted_jsd_token_mean:0.11955181567464024 - self_distillation/self_distillation_mask.mean():1.0 - self_distillation/num_distill_tokens:137.35416666666666 - self_distillation/empty_target_batch:0.0 - actor/grad_norm:1.7600139379501343 - timing_s/update_actor/student_forward:53.80295307323104 - timing_s/update_actor/teacher_forward:56.98477484041359 - timing_s/update_actor/teacher_full_forward:0.0 - timing_s/update_actor/teacher_null_forward:72.93628171220189 - timing_s/update_actor/loss_compute:0.07024398702196777 - timing_s/update_actor/backward:88.517131239234 - timing_s/update_actor/optimizer_step:0.08527848299127072 - timing_s/update_actor/teacher_ema_update:4.8546993639320135e-05 - perf/mfu/actor:0.0 - perf/max_memory_allocated_gb:84.52741003036499 - perf/max_memory_reserved_gb:96.916015625 - perf/cpu_memory_used_gb:354.3326187133789 - actor/lr:2e-06 - training/global_step:42 - training/epoch:0 - response_length/mean:137.3541717529297 - response_length/max:912.0 - response_length/min:45.0 - response_length/clip_ratio:0.0 - response_length_non_aborted/mean:137.3541717529297 - response_length_non_aborted/max:912.0 - response_length_non_aborted/min:45.0 - response_length_non_aborted/clip_ratio:0.0 - response/aborted_ratio:0.0 - prompt_length/mean:3375.520751953125 - prompt_length/max:3957.0 - prompt_length/min:3250.0 - prompt_length/clip_ratio:0.0 - num_turns/min:2 - num_turns/max:2 - num_turns/mean:2.0 - timing_s/start_profile:2.41930247284472e-05 - timing_s/agent_loop/generate_sequences/min:11.695815468032379 - timing_s/agent_loop/generate_sequences/max:24.13043106504483 - timing_s/agent_loop/generate_sequences/mean:14.211613803388294 - timing_s/agent_loop/tool_calls/min:0.0 - timing_s/agent_loop/tool_calls/max:0.0 - timing_s/agent_loop/tool_calls/mean:0.0 - timing_s/agent_loop/slowest/generate_sequences:24.13043106504483 - timing_s/agent_loop/slowest/tool_calls:0.0 - timing_s/agent_loop/slowest/prompt_length:3354 - timing_s/agent_loop/slowest/response_length:912 - timing_s/gen:34.20434540399583 - timing_s/adv:30.03097760496894 - timing_s/update_actor:318.407791664009 - timing_s/dump_rollout_generations:0.056636355991940945 - timing_s/step:382.72245681099594 - timing_s/stop_profile:2.8778973501175642e-05 - timing_per_token_ms/update_actor:0.9441690438269016 - timing_per_token_ms/adv:0.08905033153331476 - timing_per_token_ms/gen:2.5939894891548483 - perf/total_num_tokens:337236 - perf/time_per_step:382.72245681099594 - perf/throughput:440.5751400244342
[36m(TaskRunner pid=623297)[0m Dumped generations to /sfs/weka/scratch/nkw3mr/Vision-OPD-OPSA/rollouts/Aha-Qwen3.5-4B-pair6k/43.jsonl
[36m(TaskRunner pid=623297)[0m step:43 - global_seqlen/min:339074 - global_seqlen/max:339074 - global_seqlen/minmax_diff:0 - global_seqlen/balanced_min:339074 - global_seqlen/balanced_max:339074 - global_seqlen/mean:339074.0 - self_distillation/teacher_always_on_fraction:1.0 - self_distillation/teacher_image_swap_fraction:1.0 - self_distillation/policy_fallback_fraction:0.0 - self_distillation/grpo_fallback_count:0.0 - rollout_corr/rollout_is_mean:1.0 - rollout_corr/rollout_is_ratio_fraction_high:0.0 - rollout_corr/rollout_is_ratio_fraction_low:0.0 - rollout_corr/rollout_is_max:1.0 - rollout_corr/rollout_is_min:1.0 - rollout_corr/rollout_is_std:0.0 - rollout_corr/rollout_is_eff_sample_size:1.0 - rollout_corr/rollout_is_seq_mean:1.0 - rollout_corr/rollout_is_seq_std:0.0 - rollout_corr/rollout_is_seq_max:1.0 - rollout_corr/rollout_is_seq_min:1.0 - rollout_corr/rollout_is_seq_max_deviation:0.0 - rollout_corr/rollout_is_seq_fraction_high:0.0 - rollout_corr/rollout_is_seq_fraction_low:0.0 - rollout_corr/training_ppl:2.3420398756861687 - rollout_corr/training_log_ppl:0.8182822605594993 - rollout_corr/kl:0.019823306235897082 - rollout_corr/k3_kl:0.024084463919280097 - rollout_corr/rollout_ppl:2.2941171241303286 - rollout_corr/rollout_log_ppl:0.7984589310362935 - rollout_corr/log_ppl_diff:0.019823329523205757 - rollout_corr/log_ppl_abs_diff:0.023707919133206207 - rollout_corr/log_ppl_diff_max:0.10061925649642944 - rollout_corr/log_ppl_diff_min:-0.03127133846282959 - rollout_corr/ppl_ratio:1.0202878123770158 - rollout_corr/chi2_token:0.05790548771619797 - rollout_corr/chi2_seq:8.117637867728869 - actor/pg_loss:0.12017855932936072 - actor/kl_loss:0.0 - actor/grpo_loss:0.0 - actor/vopd_loss:0.12017855932936072 - actor/vopd_loss_weighted:0.12017855932936072 - actor/policy_fallback_fraction:0.0 - aha/u_mean:-0.3293644007220185 - aha/u_neg_valley_frac:0.6231937327732643 - aha/floor_clamped_frac:0.0 - aha/q_tail_mass:0.005933595065461835 - aha/argmax_conf:0.9477245211601257 - self_distillation/raw_jsd_token_mean:0.12017855932936072 - self_distillation/weighted_jsd_token_mean:0.12017855932936072 - self_distillation/self_distillation_mask.mean():1.0 - self_distillation/num_distill_tokens:134.95833333333334 - self_distillation/empty_target_batch:0.0 - actor/grad_norm:1.427905559539795 - timing_s/update_actor/student_forward:68.20919674116885 - timing_s/update_actor/teacher_forward:60.940589807985816 - timing_s/update_actor/teacher_full_forward:0.0 - timing_s/update_actor/teacher_null_forward:58.345957408775575 - timing_s/update_actor/loss_compute:0.06937344156904146 - timing_s/update_actor/backward:87.67669733712683 - timing_s/update_actor/optimizer_step:0.08532552898395807 - timing_s/update_actor/teacher_ema_update:6.538996240124106e-05 - perf/mfu/actor:0.0 - perf/max_memory_allocated_gb:84.52741003036499 - perf/max_memory_reserved_gb:96.916015625 - perf/cpu_memory_used_gb:354.72482681274414 - actor/lr:2e-06 - training/global_step:43 - training/epoch:0 - response_length/mean:134.9583282470703 - response_length/max:377.0 - response_length/min:21.0 - response_length/clip_ratio:0.0 - response_length_non_aborted/mean:134.9583282470703 - response_length_non_aborted/max:377.0 - response_length_non_aborted/min:21.0 - response_length_non_aborted/clip_ratio:0.0 - response/aborted_ratio:0.0 - prompt_length/mean:3397.0625 - prompt_length/max:4096.0 - prompt_length/min:3202.0 - prompt_length/clip_ratio:0.0 - num_turns/min:2 - num_turns/max:2 - num_turns/mean:2.0 - timing_s/start_profile:3.5318953450769186e-05 - timing_s/agent_loop/generate_sequences/min:11.153368489991408 - timing_s/agent_loop/generate_sequences/max:17.731913281953894 - timing_s/agent_loop/generate_sequences/mean:13.728485295269516 - timing_s/agent_loop/tool_calls/min:0.0 - timing_s/agent_loop/tool_calls/max:0.0 - timing_s/agent_loop/tool_calls/mean:0.0 - timing_s/agent_loop/slowest/generate_sequences:17.731913281953894 - timing_s/agent_loop/slowest/tool_calls:0.0 - timing_s/agent_loop/slowest/prompt_length:3352 - timing_s/agent_loop/slowest/response_length:310 - timing_s/gen:29.0[36m(TaskRunner pid=623297)[0m Training Progress:  84%|████████▍ | 43/51 [4:39:33<51:49, 388.64s/it]
[36m(TaskRunner pid=623297)[0m Training Progress:  86%|████████▋ | 44/51 [4:46:03<45:22, 388.99s/it]
29125027009286 - timing_s/adv:27.444885578996036 - timing_s/update_actor:323.55347975104814 - timing_s/dump_rollout_generations:0.10077002999605611 - timing_s/step:380.1491745490348 - timing_s/stop_profile:3.9343954995274544e-05 - timing_per_token_ms/update_actor:0.9542267462295786 - timing_per_token_ms/adv:0.08094069606928292 - timing_per_token_ms/gen:2.2405931635542826 - perf/total_num_tokens:339074 - perf/time_per_step:380.1491745490348 - perf/throughput:445.9749260303384
[36m(TaskRunner pid=623297)[0m Dumped generations to /sfs/weka/scratch/nkw3mr/Vision-OPD-OPSA/rollouts/Aha-Qwen3.5-4B-pair6k/44.jsonl
[36m(TaskRunner pid=623297)[0m step:44 - global_seqlen/min:344513 - global_seqlen/max:344513 - global_seqlen/minmax_diff:0 - global_seqlen/balanced_min:344513 - global_seqlen/balanced_max:344513 - global_seqlen/mean:344513.0 - self_distillation/teacher_always_on_fraction:1.0 - self_distillation/teacher_image_swap_fraction:1.0 - self_distillation/policy_fallback_fraction:0.0 - self_distillation/grpo_fallback_count:0.0 - rollout_corr/rollout_is_mean:1.0 - rollout_corr/rollout_is_ratio_fraction_high:0.0 - rollout_corr/rollout_is_ratio_fraction_low:0.0 - rollout_corr/rollout_is_max:1.0 - rollout_corr/rollout_is_min:1.0 - rollout_corr/rollout_is_std:0.0 - rollout_corr/rollout_is_eff_sample_size:1.0 - rollout_corr/rollout_is_seq_mean:1.0 - rollout_corr/rollout_is_seq_std:0.0 - rollout_corr/rollout_is_seq_max:1.0 - rollout_corr/rollout_is_seq_min:1.0 - rollout_corr/rollout_is_seq_max_deviation:0.0 - rollout_corr/rollout_is_seq_fraction_high:0.0 - rollout_corr/rollout_is_seq_fraction_low:0.0 - rollout_corr/training_ppl:2.1816818614800773 - rollout_corr/training_log_ppl:0.7457800451666117 - rollout_corr/kl:0.027054603977376246 - rollout_corr/k3_kl:0.025550898538009886 - rollout_corr/rollout_ppl:2.118360172957182 - rollout_corr/rollout_log_ppl:0.7187254456803203 - rollout_corr/log_ppl_diff:0.02705459948629141 - rollout_corr/log_ppl_abs_diff:0.029156391508877277 - rollout_corr/log_ppl_diff_max:0.13172155618667603 - rollout_corr/log_ppl_diff_min:-0.01813596487045288 - rollout_corr/ppl_ratio:1.0277979833384354 - rollout_corr/chi2_token:0.04917509978016218 - rollout_corr/chi2_seq:5.16928197691838 - actor/pg_loss:0.11114138143602753 - actor/kl_loss:0.0 - actor/grpo_loss:0.0 - actor/vopd_loss:0.11114138143602753 - actor/vopd_loss_weighted:0.11114138143602753 - actor/policy_fallback_fraction:0.0 - aha/u_mean:-0.35213738611976925 - aha/u_neg_valley_frac:0.6338038242732486 - aha/floor_clamped_frac:0.0 - aha/q_tail_mass:0.006275501652216538 - aha/argmax_conf:0.9207560420036316 - self_distillation/raw_jsd_token_mean:0.11114138143602759 - self_distillation/weighted_jsd_token_mean:0.11114138143602759 - self_distillation/self_distillation_mask.mean():1.0 - self_distillation/num_distill_tokens:151.88541666666666 - self_distillation/empty_target_batch:0.0 - actor/grad_norm:1.8584215641021729 - timing_s/update_actor/student_forward:56.15978801273741 - timing_s/update_actor/teacher_forward:56.85341891233111 - timing_s/update_actor/teacher_full_forward:0.0 - timing_s/update_actor/teacher_null_forward:77.08292354294099 - timing_s/update_actor/loss_compute:0.0710132799576968 - timing_s/update_actor/backward:87.3455037548556 - timing_s/update_actor/optimizer_step:0.08521692996146157 - timing_s/update_actor/teacher_ema_update:4.659395199269056e-05 - perf/mfu/actor:0.0 - perf/max_memory_allocated_gb:84.52741003036499 - perf/max_memory_reserved_gb:96.916015625 - perf/cpu_memory_used_gb:355.1135368347168 - actor/lr:2e-06 - training/global_step:44 - training/epoch:0 - response_length/mean:151.8854217529297 - response_length/max:1024.0 - response_length/min:28.0 - response_length/clip_ratio:0.010416666977107525 - response_length_non_aborted/mean:151.8854217529297 - response_length_non_aborted/max:1024.0 - response_length_non_aborted/min:28.0 - response_length_non_aborted/clip_ratio:0.010416666977107525 - response/aborted_ratio:0.0 - prompt_length/mean:3436.791748046875 - prompt_length/max:4852.0 - prompt_length/min:3207.0 - prompt_length/clip_ratio:0.0 - num_turns/min:2 - num_turns/max:2 - num_turns/mean:2.0 - timing_s/start_profile:6.234500324353576e-05 - timing_s/agent_loop/generate_sequences/min:12.35232771903975 - timing_s/agent_loop/generate_sequences/max:22.988899256044533 - timing_s/agent_loop/generate_sequences/mean:15.182338114929129 - timing_s/agent_loop/tool_calls/min:0.0 - timing_s/agent_loop/tool_calls/max:0.0 - timing_s/agent_loop/tool_calls/mean:0.0 - timing_s/agent_loop/slowest/generate_sequences:22.988899256044533 - timing_s/agent_loop/slowest/tool_calls:0.0 - timing_s/agent_loop/slowest/prompt_length:3357 - timing_s/agent_loop/slowest/response_length:1024 - timing_s/gen:35.68671194999479 - timing_s/adv:29.372173836978618 - timing_s/update_actor:324.054292685003 - timing_s/dump_rollout_generations:0.3578973350231536 - timing_s/step:389.49794688401744 - timing_s/stop_profile:3.270496381446719e-05 - timing_per_token_ms/update_actor:0.9406155723731848 - timing_per_token_ms/adv:0.08525708416512183 - timing_per_token_ms/gen:2.4474804162948214 - perf/total_num_tokens:344513 - perf/time_per_step:389.49794688401744 - perf/throughput:442.2526521078007
[36m(TaskRunner pid=623297)[0m Dumped generations to /sfs/weka/scratch/nkw3mr/Vision-OPD-OPSA/rollouts/Aha-Qwen3.5-4B-pair6k/45.jsonl
[36m(TaskRunner pid=623297)[0m local_global_step_folder: /sfs/weka/scratch/nkw3mr/Vision-OPD-OPSA/checkpoints/Aha-Qwen3.5-4B-pair6k/global_step_45
[36m(TaskRunner pid=623297)[0m step:45 - global_seqlen/min:348931 - global_seqlen/max:348931 - global_seqlen/minmax_diff:0 - global_seqlen/balanced_min:348931 - global_seqlen/balanced_max:348931 - global_seqlen/mean:348931.0 - self_distillation/teacher_always_on_fraction:1.0 - self_distillation/teacher_image_swap_fraction:1.0 - self_distillation/policy_fallback_fraction:0.0 - self_distillation/grpo_fallback_count:0.0 - rollout_corr/rollout_is_mean:1.0 - rollout_corr/rollout_is_ratio_fraction_high:0.0 - rollout_corr/rollout_is_ratio_fraction_low:0.0 - rollout_corr/rollout_is_max:1.0 - rollout_corr/rollout_is_min:1.0 - rollout_corr/rollout_is_std:0.0 - rollout_corr/rollout_is_eff_sample_size:1.0 - rollout_corr/rollout_is_seq_mean:1.0 - rollout_corr/rollout_is_seq_std:0.0 - rollout_corr/rollout_is_seq_max:1.0 - rollout_corr/rollout_is_seq_min:1.0 - rollout_corr/rollout_is_seq_max_deviation:0.0 - rollout_corr/rollout_is_seq_fraction_high:0.0 - rollout_corr/rollout_is_seq_fraction_low:0.0 - rollout_corr/training_ppl:2.251646164804697 - rollout_corr/training_log_ppl:0.7872785283252597 - rollout_corr/kl:0.021051638823943602 - rollout_corr/k3_kl:0.025378500727432158 - rollout_corr/rollout_ppl:2.2030829613407454 - rollout_corr/rollout_log_ppl:0.7662268755957484 - rollout_corr/log_ppl_diff:0.02105165272951126 - rollout_corr/log_ppl_abs_diff:0.02363469700018565 - rollout_corr/log_ppl_diff_max:0.10038244724273682 - rollout_corr/log_ppl_diff_min:-0.028136014938354492 - rollout_corr/ppl_ratio:1.0215461291372776 - rollout_corr/chi2_token:0.08450611184040706 - rollout_corr/chi2_seq:0.7109863758087158 - actor/pg_loss:0.12133233229784916 - actor/kl_loss:0.0 - actor/grpo_loss:0.0 - actor/vopd_loss:0.12133233229784916 - actor/vopd_loss_weighted:0.12133233229784916 - actor/policy_fallback_fraction:0.0 - aha/u_mean:-0.3054874045192264 - aha/u_neg_valley_frac:0.6169421821832657 - aha/floor_clamped_frac:0.0 - aha/q_tail_mass:0.00586931026490826 - aha/argmax_conf:0.8709759712219238 - self_distillation/raw_jsd_token_mean:0.12133233229784916 - self_distillation/weighted_jsd_token_mean:0.12133233229784916 - self_distillation/self_distillation_mask.mean():1.0 - self_distillation/num_distill_tokens:168.46875 - self_distillation/empty_target_batch:0.0 - actor/grad_norm:1.4323573112487793 - timing_s/update_actor/student_forward:50.48003437882289 - timing_s/update_actor/teacher_forward:71.26399504713481 - timing_s/update_actor/teacher_full_forward:0.0 - timing_s/update_actor/teacher_null_forward:61.44353281939402 - timing_s/update_actor/loss_compute:0.07208962377626449 - timing_s/update_actor/backward:94.85370176314609 - timing_s/update_actor/optimizer_step:0.08566570602124557 - timing_s/update_actor/teacher_ema_update:6.0493010096251965e-05 - perf/mfu/actor:0.0 - perf/max_memory_allocated_gb:84.52741003036499 - perf/max_memory_reserved_gb:96.916015625 - perf/cpu_memory_used_gb:352.8597869873047 - actor/lr:2e-06 - training/global_step:45 - training/epoch:0 - response_length/mean:168.46875 - response_length/max:873.0 - response_length/min:27.0 - response_length/clip_ratio:0.0 - response_length_non_aborted/mean:168.46875 - response_length_non_aborted/max:873.0 - response_length_non_aborted/min:27.0 - response_length_non_aborted/clip_ratio:0.0 - response/aborted_ratio:0.0 - prompt_length/mean:3466.229248046875 - prompt_length/max:4051.0 - prompt_length/min:3294.0 - prompt_length/clip_ratio:0.0 - num_turns/min:2 - num_turns/max:2 - num_turns/mean:2.0 - timing_s/start_profile:2.390297595411539e-05 - timing_s/agent_loop/generate_sequences/min:11.96468705800362 - timing_s/agent_loop/generate_sequences/max:22.01387560000876 - timing_s/agent_loop/generate_sequences/mean:15.127377527373028 - timing_s/agent_loop/tool_calls/min:0.0 - timing_s/agent_loop/tool_calls/max:0.0 - timing_s/agent_loop/tool_calls/mean:0.0 - timing_s/agent_loop/slowest/generate_sequences:22.01387560000876 - timing_s/agent_loop/slowest/tool_calls:0.0 - timing_s/agent_loop/slowest/prompt_length:3398 - timing_s/agent_loop/slowest/response_length:873 - timing_s/gen:34.63939999201102 - timing_s[36m(TaskRunner pid=623297)[0m Training Progress:  88%|████████▊ | 45/51 [4:52:53<39:32, 395.46s/it]
[36m(WorkerDict pid=623996)[0m /sfs/weka/scratch/nkw3mr/Vision-OPD-OPSA/verl/utils/device.py:134: FutureWarning: torch.cuda._set_allocator_settings is deprecated. Use torch._C._accelerator_setAllocatorSettings instead.
[36m(WorkerDict pid=623996)[0m   torch.cuda.memory._set_allocator_settings(f"expandable_segments:{enable}")
[36m(TaskRunner pid=623297)[0m Training Progress:  90%|█████████ | 46/51 [4:59:29<32:57, 395.51s/it]
[36m(WorkerDict pid=623997)[0m /sfs/weka/scratch/nkw3mr/Vision-OPD-OPSA/verl/utils/device.py:134: FutureWarning: torch.cuda._set_allocator_settings is deprecated. Use torch._C._accelerator_setAllocatorSettings instead.
[36m(WorkerDict pid=623997)[0m   torch.cuda.memory._set_allocator_settings(f"expandable_segments:{enable}")
/adv:29.609330362000037 - timing_s/update_actor:326.2260836609639 - timing_s/dump_rollout_generations:0.061819438997190446 - timing_s/step:390.57461642700946 - timing_s/save_checkpoint:19.664667874982115 - timing_s/stop_profile:3.2915035262703896e-05 - timing_per_token_ms/update_actor:0.9349300682970672 - timing_per_token_ms/adv:0.08485726508106198 - timing_per_token_ms/gen:2.1418042411433267 - perf/total_num_tokens:348931 - perf/time_per_step:390.57461642700946 - perf/throughput:446.68929485489
[36m(TaskRunner pid=623297)[0m Dumped generations to /sfs/weka/scratch/nkw3mr/Vision-OPD-OPSA/rollouts/Aha-Qwen3.5-4B-pair6k/46.jsonl
[36m(TaskRunner pid=623297)[0m step:46 - global_seqlen/min:339867 - global_seqlen/max:339867 - global_seqlen/minmax_diff:0 - global_seqlen/balanced_min:339867 - global_seqlen/balanced_max:339867 - global_seqlen/mean:339867.0 - self_distillation/teacher_always_on_fraction:1.0 - self_distillation/teacher_image_swap_fraction:1.0 - self_distillation/policy_fallback_fraction:0.0 - self_distillation/grpo_fallback_count:0.0 - rollout_corr/rollout_is_mean:1.0 - rollout_corr/rollout_is_ratio_fraction_high:0.0 - rollout_corr/rollout_is_ratio_fraction_low:0.0 - rollout_corr/rollout_is_max:1.0 - rollout_corr/rollout_is_min:1.0 - rollout_corr/rollout_is_std:0.0 - rollout_corr/rollout_is_eff_sample_size:1.0 - rollout_corr/rollout_is_seq_mean:1.0 - rollout_corr/rollout_is_seq_std:0.0 - rollout_corr/rollout_is_seq_max:1.0 - rollout_corr/rollout_is_seq_min:1.0 - rollout_corr/rollout_is_seq_max_deviation:0.0 - rollout_corr/rollout_is_seq_fraction_high:0.0 - rollout_corr/rollout_is_seq_fraction_low:0.0 - rollout_corr/training_ppl:2.2711753646532693 - rollout_corr/training_log_ppl:0.8011835326130191 - rollout_corr/kl:0.02716926509856421 - rollout_corr/k3_kl:0.02521395984998283 - rollout_corr/rollout_ppl:2.209761473039786 - rollout_corr/rollout_log_ppl:0.7740142649660507 - rollout_corr/log_ppl_diff:0.027169267646968365 - rollout_corr/log_ppl_abs_diff:0.028355549089610577 - rollout_corr/log_ppl_diff_max:0.11839497089385986 - rollout_corr/log_ppl_diff_min:-0.01203000545501709 - rollout_corr/ppl_ratio:1.0278680144498746 - rollout_corr/chi2_token:0.04825983258585135 - rollout_corr/chi2_seq:-0.4931171890348196 - actor/pg_loss:0.11496814992278813 - actor/kl_loss:0.0 - actor/grpo_loss:0.0 - actor/vopd_loss:0.11496814992278813 - actor/vopd_loss_weighted:0.11496814992278813 - actor/policy_fallback_fraction:0.0 - aha/u_mean:-0.2947694623805243 - aha/u_neg_valley_frac:0.615614817943424 - aha/floor_clamped_frac:0.0 - aha/q_tail_mass:0.004510888376766313 - aha/argmax_conf:0.8939135074615479 - self_distillation/raw_jsd_token_mean:0.11496814992278814 - self_distillation/weighted_jsd_token_mean:0.11496814992278814 - self_distillation/self_distillation_mask.mean():1.0 - self_distillation/num_distill_tokens:163.46875 - self_distillation/empty_target_batch:0.0 - actor/grad_norm:1.5319749116897583 - timing_s/update_actor/student_forward:64.0343830678612 - timing_s/update_actor/teacher_forward:62.75587067211745 - timing_s/update_actor/teacher_full_forward:0.0 - timing_s/update_actor/teacher_null_forward:57.70776128064608 - timing_s/update_actor/loss_compute:0.06943673617206514 - timing_s/update_actor/backward:90.28560758038657 - timing_s/update_actor/optimizer_step:0.08540044201072305 - timing_s/update_actor/teacher_ema_update:5.705800140276551e-05 - perf/mfu/actor:0.0 - perf/max_memory_allocated_gb:84.52741003036499 - perf/max_memory_reserved_gb:96.916015625 - perf/cpu_memory_used_gb:354.0528106689453 - actor/lr:2e-06 - training/global_step:46 - training/epoch:0 - response_length/mean:163.46875 - response_length/max:1024.0 - response_length/min:40.0 - response_length/clip_ratio:0.02083333395421505 - response_length_non_aborted/mean:163.46875 - response_length_non_aborted/max:1024.0 - response_length_non_aborted/min:40.0 - response_length_non_aborted/clip_ratio:0.02083333395421505 - response/aborted_ratio:0.0 - prompt_length/mean:3376.8125 - prompt_length/max:3960.0 - prompt_length/min:3157.0 - prompt_length/clip_ratio:0.0 - num_turns/min:2 - num_turns/max:2 - num_turns/mean:2.0 - timing_s/start_profile:3.586901584640145e-05 - timing_s/agent_loop/generate_sequences/min:10.862744035024662 - timing_s/agent_loop/generate_sequences/max:23.289114101033192 - timing_s/agent_loop/generate_sequences/mean:14.507795307856213 - timing_s/agent_loop/tool_calls/min:0.0 - timing_s/agent_loop/tool_calls/max:0.0 - timing_s/agent_loop/tool_calls/mean:0.0 - timing_s/agent_loop/slowest/generate_sequences:23.289114101033192 - timing_s/agent_loop/slowest/tool_calls:0.0 - timing_s/agent_loop/slowest/prompt_length:3351 - timing_s/agent_loop/slowest/response_length:1024 - timing_s/gen:34.130972522019874 - timing_s/adv:30.475559819024056 - timing_s/update_actor:330.6361164219561 - timing_s/dump_rollout_generations:0.05994951294269413 - timing_s/step:395.3276108420105 - timing_s/stop_profile:3.113300772383809e-05 - timing_per_token_ms/update_actor:0.9728397179542471 - timing_per_token_ms/adv:0.08966907590034942 - timing_per_token_ms/gen:2.1749170026138964 - perf/total_num_tokens:339867 - perf/time_per_step:395.3276108420105 - perf/throughput:429.85487312170704
[36m(TaskRunner pid=623297)[0m Dumped generations to /sfs/weka/scratch/nkw3mr/Vision-OPD-OPSA/rollouts/Aha-Qwen3.5-4B-pair6k/47.jsonl
[36m(TaskRunner pid=623297)[0m step:47 - global_seqlen/min:345311 - global_seqlen/max:345311 - global_seqlen/minmax_diff:0 - global_seqlen/balanced_min:345311 - global_seqlen/balanced_max:345311 - global_seqlen/mean:345311.0 - self_distillation/teacher_always_on_fraction:1.0 - self_distillation/teacher_image_swap_fraction:1.0 - self_distillation/policy_fallback_fraction:0.0 - self_distillation/grpo_fallback_count:0.0 - rollout_corr/rollout_is_mean:1.0 - rollout_corr/rollout_is_ratio_fraction_high:0.0 - rollout_corr/rollout_is_ratio_fraction_low:0.0 - rollout_corr/rollout_is_max:1.0 - rollout_corr/rollout_is_min:1.0 - rollout_corr/rollout_is_std:0.0 - rollout_corr/rollout_is_eff_sample_size:1.0 - rollout_corr/rollout_is_seq_mean:1.0 - rollout_corr/rollout_is_seq_std:0.0 - rollout_corr/rollout_is_seq_max:1.0 - rollout_corr/rollout_is_seq_min:1.0 - rollout_corr/rollout_is_seq_max_deviation:0.0 - rollout_corr/rollout_is_seq_fraction_high:0.0 - rollout_corr/rollout_is_seq_fraction_low:0.0 - rollout_corr/training_ppl:2.1920990285774073 - rollout_corr/training_log_ppl:0.7479785483640929 - rollout_corr/kl:0.01884947477356036 - rollout_corr/k3_kl:0.020931887459785987 - rollout_corr/rollout_ppl:2.149498850107193 - rollout_corr/rollout_log_ppl:0.7291290735205015 - rollout_corr/log_ppl_diff:0.01884947484359145 - rollout_corr/log_ppl_abs_diff:0.022035902831703424 - rollout_corr/log_ppl_diff_max:0.09717756509780884 - rollout_corr/log_ppl_diff_min:-0.0298616886138916 - rollout_corr/ppl_ratio:1.0192648743589718 - rollout_corr/chi2_token:0.049421750009059906 - rollout_corr/chi2_seq:1.5821033647904794 - actor/pg_loss:0.1128265513883283 - actor/kl_loss:0.0 - actor/grpo_loss:0.0 - actor/vopd_loss:0.1128265513883283 - actor/vopd_loss_weighted:0.1128265513883283 - actor/policy_fallback_fraction:0.0 - aha/u_mean:-0.35592749178613303 - aha/u_neg_valley_frac:0.6383954010282954 - aha/floor_clamped_frac:0.0 - aha/q_tail_mass:0.005066223912081114 - aha/argmax_conf:0.9079474806785583 - self_distillation/raw_jsd_token_mean:0.11282655138832827 - self_distillation/weighted_jsd_token_mean:0.11282655138832827 - self_distillation/self_distillation_mask.mean():1.0 - self_distillation/num_distill_tokens:179.55208333333334 - self_distillation/empty_target_batch:0.0 - actor/grad_norm:1.5801030397415161 - timing_s/update_actor/student_forward:53.64422016986646 - timing_s/update_actor/teacher_forward:61.219962551025674 - timing_s/update_actor/teacher_full_forward:0.0 - timing_s/update_actor/teacher_null_forward:74.70051570102805 - timing_s/update_actor/loss_compute:0.07173945190152153 - timing_s/update_actor/backward:89.36411029391456 - timing_s/update_actor/optimizer_step:0.08523780899122357 - timing_s/update_actor/teacher_ema_update:5.110999336466193e-05 - perf/mfu/actor:0.0 - perf/max_memory_allocated_gb:84.52741003036499 - perf/max_memory_reserved_gb:96.916015625 - perf/cpu_memory_used_gb:353.242733001709 - actor/lr:2e-06 - training/global_step:47 - training/epoch:0 - response_length/mean:179.5520782470703 - response_length/max:1024.0 - response_length/min:28.0 - response_length/clip_ratio:0.03125 - response_length_non_aborted/mean:179.5520782470703 - response_length_non_aborted/max:1024.0 - response_length_non_aborted/min:28.0 - response_length_non_aborted/clip_ratio:0.03125 - response/aborted_ratio:0.0 - prompt_length/mean:3417.4375 - prompt_length/max:4473.0 - prompt_length/min:3254.0 - prompt_length/clip_ratio:0.0 - num_turns/min:2 - num_turns/max:2 - num_turns/mean:2.0 - timing_s/start_profile:2.464395947754383e-05 - timing_s/agent_loop/generate_sequences/min:11.776313426962588 - timing_s/agent_loop/generate_sequences/max:24.944301030947827 - timing_s/agent_loop/generate_sequences/mean:15.304146247315051 - timing_s/agent_loop/tool_calls/min:0.0 - timing_s/agent_loop/tool_calls/max:0.0 - timing_s/agent_loop/tool_calls/mean:0.0 - timing_s/agent_loop/slowest/generate_sequences:24.944301030947827 - timing_s/agent_loop/slowest/tool_calls:0.0 - timing_s/agent_loop/slowest/prompt_length:3360 - timing_s/agent_loop/slowest/response_length:1017 - timing_s/gen:[36m(TaskRunner pid=623297)[0m Training Progress:  92%|█████████▏| 47/51 [5:06:01<26:17, 394.47s/it]
[36m(TaskRunner pid=623297)[0m Training Progress:  94%|█████████▍| 48/51 [5:12:26<19:35, 391.72s/it]
35.78215242602164 - timing_s/adv:30.739825381024275 - timing_s/update_actor:325.0863967979676 - timing_s/dump_rollout_generations:0.06157987902406603 - timing_s/step:391.69494262803346 - timing_s/stop_profile:3.865297185257077e-05 - timing_per_token_ms/update_actor:0.9414307589331576 - timing_per_token_ms/adv:0.08902069549196022 - timing_per_token_ms/gen:2.0758921173070513 - perf/total_num_tokens:345311 - perf/time_per_step:391.69494262803346 - perf/throughput:440.7907307701938
[36m(TaskRunner pid=623297)[0m Dumped generations to /sfs/weka/scratch/nkw3mr/Vision-OPD-OPSA/rollouts/Aha-Qwen3.5-4B-pair6k/48.jsonl
[36m(TaskRunner pid=623297)[0m step:48 - global_seqlen/min:344148 - global_seqlen/max:344148 - global_seqlen/minmax_diff:0 - global_seqlen/balanced_min:344148 - global_seqlen/balanced_max:344148 - global_seqlen/mean:344148.0 - self_distillation/teacher_always_on_fraction:1.0 - self_distillation/teacher_image_swap_fraction:1.0 - self_distillation/policy_fallback_fraction:0.0 - self_distillation/grpo_fallback_count:0.0 - rollout_corr/rollout_is_mean:1.0 - rollout_corr/rollout_is_ratio_fraction_high:0.0 - rollout_corr/rollout_is_ratio_fraction_low:0.0 - rollout_corr/rollout_is_max:1.0 - rollout_corr/rollout_is_min:1.0 - rollout_corr/rollout_is_std:0.0 - rollout_corr/rollout_is_eff_sample_size:1.0 - rollout_corr/rollout_is_seq_mean:1.0 - rollout_corr/rollout_is_seq_std:0.0 - rollout_corr/rollout_is_seq_max:1.0 - rollout_corr/rollout_is_seq_min:1.0 - rollout_corr/rollout_is_seq_max_deviation:0.0 - rollout_corr/rollout_is_seq_fraction_high:0.0 - rollout_corr/rollout_is_seq_fraction_low:0.0 - rollout_corr/training_ppl:2.2409456310172877 - rollout_corr/training_log_ppl:0.7806311280777057 - rollout_corr/kl:0.03172972927010657 - rollout_corr/k3_kl:0.030798349505251583 - rollout_corr/rollout_ppl:2.171266003201405 - rollout_corr/rollout_log_ppl:0.7489013957480589 - rollout_corr/log_ppl_diff:0.031729732329646744 - rollout_corr/log_ppl_abs_diff:0.035669016962250076 - rollout_corr/log_ppl_diff_max:0.2945042550563812 - rollout_corr/log_ppl_diff_min:-0.06901693344116211 - rollout_corr/ppl_ratio:1.033275052284201 - rollout_corr/chi2_token:0.062135069320599236 - rollout_corr/chi2_seq:128.5638223377367 - actor/pg_loss:0.11674402630887926 - actor/kl_loss:0.0 - actor/grpo_loss:0.0 - actor/vopd_loss:0.11674402630887926 - actor/vopd_loss_weighted:0.11674402630887926 - actor/policy_fallback_fraction:0.0 - aha/u_mean:-0.2619373397362021 - aha/u_neg_valley_frac:0.6099416469223797 - aha/floor_clamped_frac:0.0 - aha/q_tail_mass:0.0038954912915111586 - aha/argmax_conf:0.8658076524734497 - self_distillation/raw_jsd_token_mean:0.11674402630887926 - self_distillation/weighted_jsd_token_mean:0.11674402630887926 - self_distillation/self_distillation_mask.mean():1.0 - self_distillation/num_distill_tokens:179.08333333333334 - self_distillation/empty_target_batch:0.0 - actor/grad_norm:1.6881446838378906 - timing_s/update_actor/student_forward:68.70423649880104 - timing_s/update_actor/teacher_forward:58.928884721011855 - timing_s/update_actor/teacher_full_forward:0.0 - timing_s/update_actor/teacher_null_forward:60.309629443858285 - timing_s/update_actor/loss_compute:0.06891436374280602 - timing_s/update_actor/backward:87.43609351001214 - timing_s/update_actor/optimizer_step:0.08547067799372599 - timing_s/update_actor/teacher_ema_update:4.378997255116701e-05 - perf/mfu/actor:0.0 - perf/max_memory_allocated_gb:84.52741003036499 - perf/max_memory_reserved_gb:96.916015625 - perf/cpu_memory_used_gb:353.6798095703125 - actor/lr:2e-06 - training/global_step:48 - training/epoch:0 - response_length/mean:179.0833282470703 - response_length/max:1024.0 - response_length/min:46.0 - response_length/clip_ratio:0.02083333395421505 - response_length_non_aborted/mean:179.0833282470703 - response_length_non_aborted/max:1024.0 - response_length_non_aborted/min:46.0 - response_length_non_aborted/clip_ratio:0.02083333395421505 - response/aborted_ratio:0.0 - prompt_length/mean:3405.791748046875 - prompt_length/max:4240.0 - prompt_length/min:3115.0 - prompt_length/clip_ratio:0.0 - num_turns/min:2 - num_turns/max:2 - num_turns/mean:2.0 - timing_s/start_profile:3.057200228795409e-05 - timing_s/agent_loop/generate_sequences/min:11.525660147017334 - timing_s/agent_loop/generate_sequences/max:23.97465809097048 - timing_s/agent_loop/generate_sequences/mean:14.728246965006596 - timing_s/agent_loop/tool_calls/min:0.0 - timing_s/agent_loop/tool_calls/max:0.0 - timing_s/agent_loop/tool_calls/mean:0.0 - timing_s/agent_loop/slowest/generate_sequences:23.97465809097048 - timing_s/agent_loop/slowest/tool_calls:0.0 - timing_s/agent_loop/slowest/prompt_length:4240 - timing_s/agent_loop/slowest/response_length:1024 - timing_s/gen:34.6048012629617 - timing_s/adv:30.0177937260014 - timing_s/update_actor:320.29072191996966 - timing_s/dump_rollout_generations:0.06278685602592304 - timing_s/step:384.9968936200021 - timing_s/stop_profile:3.173301229253411e-05 - timing_per_token_ms/update_actor:0.9306772723362322 - timing_per_token_ms/adv:0.08722350188291492 - timing_per_token_ms/gen:2.0128432563379306 - perf/total_num_tokens:344148 - perf/time_per_step:384.9968936200021 - perf/throughput:446.9490607626557
[36m(TaskRunner pid=623297)[0m Dumped generations to /sfs/weka/scratch/nkw3mr/Vision-OPD-OPSA/rollouts/Aha-Qwen3.5-4B-pair6k/49.jsonl
[36m(TaskRunner pid=623297)[0m step:49 - global_seqlen/min:338787 - global_seqlen/max:338787 - global_seqlen/minmax_diff:0 - global_seqlen/balanced_min:338787 - global_seqlen/balanced_max:338787 - global_seqlen/mean:338787.0 - self_distillation/teacher_always_on_fraction:1.0 - self_distillation/teacher_image_swap_fraction:1.0 - self_distillation/policy_fallback_fraction:0.0 - self_distillation/grpo_fallback_count:0.0 - rollout_corr/rollout_is_mean:1.0 - rollout_corr/rollout_is_ratio_fraction_high:0.0 - rollout_corr/rollout_is_ratio_fraction_low:0.0 - rollout_corr/rollout_is_max:1.0 - rollout_corr/rollout_is_min:1.0 - rollout_corr/rollout_is_std:0.0 - rollout_corr/rollout_is_eff_sample_size:1.0 - rollout_corr/rollout_is_seq_mean:1.0 - rollout_corr/rollout_is_seq_std:0.0 - rollout_corr/rollout_is_seq_max:1.0 - rollout_corr/rollout_is_seq_min:1.0 - rollout_corr/rollout_is_seq_max_deviation:0.0 - rollout_corr/rollout_is_seq_fraction_high:0.0 - rollout_corr/rollout_is_seq_fraction_low:0.0 - rollout_corr/training_ppl:2.2763714964191117 - rollout_corr/training_log_ppl:0.8053502797459563 - rollout_corr/kl:0.029215030110208318 - rollout_corr/k3_kl:0.02629151028425743 - rollout_corr/rollout_ppl:2.20943895354867 - rollout_corr/rollout_log_ppl:0.77613524813205 - rollout_corr/log_ppl_diff:0.029215031613906223 - rollout_corr/log_ppl_abs_diff:0.03134512777129809 - rollout_corr/log_ppl_diff_max:0.15659284591674805 - rollout_corr/log_ppl_diff_min:-0.04905521869659424 - rollout_corr/ppl_ratio:1.030040241157015 - rollout_corr/chi2_token:0.04875193225840727 - rollout_corr/chi2_seq:2.843830461303393 - actor/pg_loss:0.11037481223077822 - actor/kl_loss:0.0 - actor/grpo_loss:0.0 - actor/vopd_loss:0.11037481223077822 - actor/vopd_loss_weighted:0.11037481223077822 - actor/policy_fallback_fraction:0.0 - aha/u_mean:-0.2617353751241656 - aha/u_neg_valley_frac:0.6216114989171425 - aha/floor_clamped_frac:0.0 - aha/q_tail_mass:0.004831029745351619 - aha/argmax_conf:0.8505430221557617 - self_distillation/raw_jsd_token_mean:0.11037481223077823 - self_distillation/weighted_jsd_token_mean:0.11037481223077823 - self_distillation/self_distillation_mask.mean():1.0 - self_distillation/num_distill_tokens:161.73958333333334 - self_distillation/empty_target_batch:0.0 - actor/grad_norm:1.209900975227356 - timing_s/update_actor/student_forward:52.754062589025125 - timing_s/update_actor/teacher_forward:75.60115613706876 - timing_s/update_actor/teacher_full_forward:0.0 - timing_s/update_actor/teacher_null_forward:58.67718271014746 - timing_s/update_actor/loss_compute:0.06809396913740784 - timing_s/update_actor/backward:86.86429531686008 - timing_s/update_actor/optimizer_step:0.08528346795355901 - timing_s/update_actor/teacher_ema_update:5.4154021199792624e-05 - perf/mfu/actor:0.0 - perf/max_memory_allocated_gb:84.52741003036499 - perf/max_memory_reserved_gb:96.916015625 - perf/cpu_memory_used_gb:351.8423652648926 - actor/lr:2e-06 - training/global_step:49 - training/epoch:0 - response_length/mean:161.7395782470703 - response_length/max:636.0 - response_length/min:45.0 - response_length/clip_ratio:0.0 - response_length_non_aborted/mean:161.7395782470703 - response_length_non_aborted/max:636.0 - response_length_non_aborted/min:45.0 - response_length_non_aborted/clip_ratio:0.0 - response/aborted_ratio:0.0 - prompt_length/mean:3367.291748046875 - prompt_length/max:3962.0 - prompt_length/min:3157.0 - prompt_length/clip_ratio:0.0 - num_turns/min:2 - num_turns/max:2 - num_turns/mean:2.0 - timing_s/start_profile:2.825801493600011e-05 - timing_s/agent_loop/generate_sequences/min:12.493028054013848 - timing_s/agent_loop/generate_sequences/max:19.735482149990276 - timing_s/agent_loop/generate_sequences/mean:14.950398880107969 - timing_s/agent_loop/tool_calls/min:0.0 - timing_s/agent_loop/tool_calls/max:0.0 - timing_s/agent_loop/tool_calls/mean:0.0 - timing_s/agent_loop/slowest/generate_sequences:19.735482149990276 - timing_s/agent_loop/slowest/tool_calls:0.0 - timing_s/agent_loop/slowest/prompt_length:3344 - timing_s/agent_loop/slowest/response_length:636 - timing_s/gen:30.09[36m(TaskRunner pid=623297)[0m Training Progress:  96%|█████████▌| 49/51 [5:18:43<12:54, 387.39s/it]
[36m(TaskRunner pid=623297)[0m Training Progress:  98%|█████████▊| 50/51 [5:25:32<06:33, 393.67s/it]
[36m(WorkerDict pid=623996)[0m /sfs/weka/scratch/nkw3mr/Vision-OPD-OPSA/verl/utils/device.py:134: FutureWarning: torch.cuda._set_allocator_settings is deprecated. Use torch._C._accelerator_setAllocatorSettings instead.
[36m(WorkerDict pid=623996)[0m   torch.cuda.memory._set_allocator_settings(f"expandable_segments:{enable}")
8538821039256 - timing_s/adv:27.853606029995717 - timing_s/update_actor:318.91816119401483 - timing_s/dump_rollout_generations:0.08163968799635768 - timing_s/step:376.9845659589628 - timing_s/stop_profile:3.0952971428632736e-05 - timing_per_token_ms/update_actor:0.9413530070339619 - timing_per_token_ms/adv:0.08221568723119753 - timing_per_token_ms/gen:1.9384645341044153 - perf/total_num_tokens:338787 - perf/time_per_step:376.9845659589628 - perf/throughput:449.3380241419209
[36m(TaskRunner pid=623297)[0m Dumped generations to /sfs/weka/scratch/nkw3mr/Vision-OPD-OPSA/rollouts/Aha-Qwen3.5-4B-pair6k/50.jsonl
[36m(TaskRunner pid=623297)[0m local_global_step_folder: /sfs/weka/scratch/nkw3mr/Vision-OPD-OPSA/checkpoints/Aha-Qwen3.5-4B-pair6k/global_step_50
[36m(TaskRunner pid=623297)[0m step:50 - global_seqlen/min:342788 - global_seqlen/max:342788 - global_seqlen/minmax_diff:0 - global_seqlen/balanced_min:342788 - global_seqlen/balanced_max:342788 - global_seqlen/mean:342788.0 - self_distillation/teacher_always_on_fraction:1.0 - self_distillation/teacher_image_swap_fraction:1.0 - self_distillation/policy_fallback_fraction:0.0 - self_distillation/grpo_fallback_count:0.0 - rollout_corr/rollout_is_mean:1.0 - rollout_corr/rollout_is_ratio_fraction_high:0.0 - rollout_corr/rollout_is_ratio_fraction_low:0.0 - rollout_corr/rollout_is_max:1.0 - rollout_corr/rollout_is_min:1.0 - rollout_corr/rollout_is_std:0.0 - rollout_corr/rollout_is_eff_sample_size:1.0 - rollout_corr/rollout_is_seq_mean:1.0 - rollout_corr/rollout_is_seq_std:0.0 - rollout_corr/rollout_is_seq_max:1.0 - rollout_corr/rollout_is_seq_min:1.0 - rollout_corr/rollout_is_seq_max_deviation:0.0 - rollout_corr/rollout_is_seq_fraction_high:0.0 - rollout_corr/rollout_is_seq_fraction_low:0.0 - rollout_corr/training_ppl:2.2953180111944675 - rollout_corr/training_log_ppl:0.7914032409898937 - rollout_corr/kl:0.022376851743805066 - rollout_corr/k3_kl:0.023023917092359625 - rollout_corr/rollout_ppl:2.2422355550030866 - rollout_corr/rollout_log_ppl:0.7690263980378708 - rollout_corr/log_ppl_diff:0.02237684295202295 - rollout_corr/log_ppl_abs_diff:0.025139362085610628 - rollout_corr/log_ppl_diff_max:0.08152985572814941 - rollout_corr/log_ppl_diff_min:-0.041540443897247314 - rollout_corr/ppl_ratio:1.0228541276107233 - rollout_corr/chi2_token:0.062018340453505516 - rollout_corr/chi2_seq:1.9387998413294554 - actor/pg_loss:0.11325090099126107 - actor/kl_loss:0.0 - actor/grpo_loss:0.0 - actor/vopd_loss:0.11325090099126107 - actor/vopd_loss_weighted:0.11325090099126107 - actor/policy_fallback_fraction:0.0 - aha/u_mean:-0.228471924487773 - aha/u_neg_valley_frac:0.6004734700545669 - aha/floor_clamped_frac:0.0 - aha/q_tail_mass:0.0042766729131926695 - aha/argmax_conf:0.9192778468132019 - self_distillation/raw_jsd_token_mean:0.113250900991261 - self_distillation/weighted_jsd_token_mean:0.113250900991261 - self_distillation/self_distillation_mask.mean():1.0 - self_distillation/num_distill_tokens:179.27083333333334 - self_distillation/empty_target_batch:0.0 - actor/grad_norm:1.1605870723724365 - timing_s/update_actor/student_forward:67.6486027179053 - timing_s/update_actor/teacher_forward:58.97023783053737 - timing_s/update_actor/teacher_full_forward:0.0 - timing_s/update_actor/teacher_null_forward:60.91959707683418 - timing_s/update_actor/loss_compute:0.07247118203667924 - timing_s/update_actor/backward:88.6356893950724 - timing_s/update_actor/optimizer_step:0.0853586409939453 - timing_s/update_actor/teacher_ema_update:7.46420118957758e-05 - perf/mfu/actor:0.0 - perf/max_memory_allocated_gb:84.52741003036499 - perf/max_memory_reserved_gb:96.916015625 - perf/cpu_memory_used_gb:354.8185691833496 - actor/lr:2e-06 - training/global_step:50 - training/epoch:0 - response_length/mean:179.2708282470703 - response_length/max:1024.0 - response_length/min:52.0 - response_length/clip_ratio:0.0416666679084301 - response_length_non_aborted/mean:179.2708282470703 - response_length_non_aborted/max:1024.0 - response_length_non_aborted/min:52.0 - response_length_non_aborted/clip_ratio:0.0416666679084301 - response/aborted_ratio:0.0 - prompt_length/mean:3391.4375 - prompt_length/max:3957.0 - prompt_length/min:3174.0 - prompt_length/clip_ratio:0.0 - num_turns/min:2 - num_turns/max:2 - num_turns/mean:2.0 - timing_s/start_profile:2.9201037250459194e-05 - timing_s/agent_loop/generate_sequences/min:11.927537604002282 - timing_s/agent_loop/generate_sequences/max:24.814011090958957 - timing_s/agent_loop/generate_sequences/mean:15.106057905820004 - timing_s/agent_loop/tool_calls/min:0.0 - timing_s/agent_loop/tool_calls/max:0.0 - timing_s/agent_loop/tool_calls/mean:0.0 - timing_s/agent_loop/slowest/generate_sequences:24.814011090958957 - timing_s/agent_loop/slowest/tool_calls:0.0 - timing_s/agent_loop/slowest/prompt_length:3345 - timing_s/agent_loop/slowest/response_length:1024 - timing_s/gen:35.821189940033946 - timing_s/adv:29.30780996097019 - timing_s/update_actor:323.290373085998 - timing_s/dump_rollout_generations:0.27035999100189656 - timing_s/step:388.7153609190136 - timing_s/save_checkpoint:19.16309199499665 - timing_s/stop_profile:8.167198393493891e-05 - timing_per_token_ms/update_actor:0.9431204507917371 - timing_per_token_ms/adv:0.08549835455433151 - timing_per_token_ms/gen:2.0814171958183585 - perf/total_num_tokens:342788 - perf/time_per_step:388.7153609190136 - perf/throughput:440.9241754552346
[36m(TaskRunner pid=623297)[0m Dumped generations to /sfs/weka/scratch/nkw3mr/Vision-OPD-OPSA/rollouts/Aha-Qwen3.5-4B-pair6k/51.jsonl
[36m(TaskRunner pid=623297)[0m local_global_step_folder: /sfs/weka/scratch/nkw3mr/Vision-OPD-OPSA/checkpoints/Aha-Qwen3.5-4B-pair6k/global_step_51
[36m(TaskRunner pid=623297)[0m Training Progress: 100%|██████████| 51/51 [5:32:27<00:00, 400.22s/it]Training Progress: 100%|██████████| 51/51 [5:32:27<00:00, 391.13s/it]
[36m(WorkerDict pid=623997)[0m /sfs/weka/scratch/nkw3mr/Vision-OPD-OPSA/verl/utils/device.py:134: FutureWarning: torch.cuda._set_allocator_settings is deprecated. Use torch._C._accelerator_setAllocatorSettings instead.
[36m(WorkerDict pid=623997)[0m   torch.cuda.memory._set_allocator_settings(f"expandable_segments:{enable}")
[36m(TaskRunner pid=623297)[0m step:51 - global_seqlen/min:343938 - global_seqlen/max:343938 - global_seqlen/minmax_diff:0 - global_seqlen/balanced_min:343938 - global_seqlen/balanced_max:343938 - global_seqlen/mean:343938.0 - self_distillation/teacher_always_on_fraction:1.0 - self_distillation/teacher_image_swap_fraction:1.0 - self_distillation/policy_fallback_fraction:0.0 - self_distillation/grpo_fallback_count:0.0 - rollout_corr/rollout_is_mean:1.0 - rollout_corr/rollout_is_ratio_fraction_high:0.0 - rollout_corr/rollout_is_ratio_fraction_low:0.0 - rollout_corr/rollout_is_max:1.0 - rollout_corr/rollout_is_min:1.0 - rollout_corr/rollout_is_std:0.0 - rollout_corr/rollout_is_eff_sample_size:1.0 - rollout_corr/rollout_is_seq_mean:1.0 - rollout_corr/rollout_is_seq_std:0.0 - rollout_corr/rollout_is_seq_max:1.0 - rollout_corr/rollout_is_seq_min:1.0 - rollout_corr/rollout_is_seq_max_deviation:0.0 - rollout_corr/rollout_is_seq_fraction_high:0.0 - rollout_corr/rollout_is_seq_fraction_low:0.0 - rollout_corr/training_ppl:2.1916965233782926 - rollout_corr/training_log_ppl:0.7602785391112169 - rollout_corr/kl:0.025163120662909932 - rollout_corr/k3_kl:0.022887098564145465 - rollout_corr/rollout_ppl:2.133606324593226 - rollout_corr/rollout_log_ppl:0.7351154092078408 - rollout_corr/log_ppl_diff:0.025163129903376102 - rollout_corr/log_ppl_abs_diff:0.028491823313136894 - rollout_corr/log_ppl_diff_max:0.11262178421020508 - rollout_corr/log_ppl_diff_min:-0.05428406596183777 - rollout_corr/ppl_ratio:1.0258030171195667 - rollout_corr/chi2_token:0.04171637880305449 - rollout_corr/chi2_seq:4.844943068300684 - actor/pg_loss:0.10409080202225593 - actor/kl_loss:0.0 - actor/grpo_loss:0.0 - actor/vopd_loss:0.10409080202225593 - actor/vopd_loss_weighted:0.10409080202225593 - actor/policy_fallback_fraction:0.0 - aha/u_mean:-0.3300802752613284 - aha/u_neg_valley_frac:0.6357206587369243 - aha/floor_clamped_frac:0.0 - aha/q_tail_mass:0.004473795130702267 - aha/argmax_conf:0.8878596425056458 - self_distillation/raw_jsd_token_mean:0.10409080202225596 - self_distillation/weighted_jsd_token_mean:0.10409080202225596 - self_distillation/self_distillation_mask.mean():1.0 - self_distillation/num_distill_tokens:174.1875 - self_distillation/empty_target_batch:0.0 - actor/grad_norm:3.1014697551727295 - timing_s/update_actor/student_forward:64.4198223715066 - timing_s/update_actor/teacher_forward:62.943483315000776 - timing_s/update_actor/teacher_full_forward:0.0 - timing_s/update_actor/teacher_null_forward:59.475000890437514 - timing_s/update_actor/loss_compute:0.07293234404642135 - timing_s/update_actor/backward:90.18306624999968 - timing_s/update_actor/optimizer_step:0.08541246398817748 - timing_s/update_actor/teacher_ema_update:5.23520284332335e-05 - perf/mfu/actor:0.0 - perf/max_memory_allocated_gb:84.52741003036499 - perf/max_memory_reserved_gb:96.916015625 - perf/cpu_memory_used_gb:354.7128486633301 - actor/lr:2e-06 - training/global_step:51 - training/epoch:0 - response_length/mean:174.1875 - response_length/max:1024.0 - response_length/min:32.0 - response_length/clip_ratio:0.02083333395421505 - response_length_non_aborted/mean:174.1875 - response_length_non_aborted/max:1024.0 - response_length_non_aborted/min:32.0 - response_length_non_aborted/clip_ratio:0.02083333395421505 - response/aborted_ratio:0.0 - prompt_length/mean:3408.5 - prompt_length/max:3997.0 - prompt_length/min:3202.0 - prompt_length/clip_ratio:0.0 - num_turns/min:2 - num_turns/max:2 - num_turns/mean:2.0 - timing_s/start_profile:3.009202191606164e-05 - timing_s/agent_loop/generate_sequences/min:11.563572857005056 - timing_s/agent_loop/generate_sequences/max:25.48235525697237 - timing_s/agent_loop/generate_sequences/mean:14.779097497178858 - timing_s/agent_loop/tool_calls/min:0.0 - timing_s/agent_loop/tool_calls/max:0.0 - timing_s/agent_loop/tool_calls/mean:0.0 - timing_s/agent_loop/slowest/generate_sequences:25.48235525697237 - timing_s/agent_loop/slowest/tool_calls:0.0 - timing_s/agent_loop/slowest/prompt_length:3353 - timing_s/agent_loop/slowest/response_length:1024 - timing_s/gen:35.39265684504062 - timing_s/adv:29.626848407031503 - timing_s/update_actor:329.78117301600287 - timing_s/dump_rollout_generations:0.06411037797806785 - timing_s/step:394.88966630701907 - timing_s/save_checkpoint:20.295902622980066 - timing_s/stop_profile:3.440800355747342e-05 - timing_per_token_ms/update_actor:0.9588390146363672 - timing_per_token_ms/adv:0.0861400845705665 - timing_per_token_ms/gen:2.116532522726984 - perf/total_num_tokens:343938 - perf/time_per_step:394.88966630701907 - perf/throughput:435.4861994952723
[36m(TaskRunner pid=623297)[0m 'Final validation metrics: None'
[36m(vLLMHttpServer pid=624691)[0m ERROR 09-10 15:11:07 [core_client.py:704] Engine core proc EngineCore died unexpectedly, shutting down client.
[36m(vLLMHttpServer pid=624692)[0m ERROR 09-10 15:11:07 [core_client.py:704] Engine core proc EngineCore died unexpectedly, shutting down client.
